timestamp,demand_kWh_per_m2
2018-01-01 00:00:00,0.0014022588460723792
2018-01-01 00:30:00,0.0027967608673345077
2018-01-01 01:00:00,0.002766962039568212
2018-01-01 01:30:00,0.0027641454689807344
2018-01-01 02:00:00,0.0027736437123552283
2018-01-01 02:30:00,0.002785433731127994
2018-01-01 03:00:00,0.002811983557877584
2018-01-01 03:30:00,0.002840768188312138
2018-01-01 04:00:00,0.002907121327771816
2018-01-01 04:30:00,0.0029958230082555936
2018-01-01 05:00:00,0.0031033696206474765
2018-01-01 05:30:00,0.00325707163969586
2018-01-01 06:00:00,0.003453163588073324
2018-01-01 06:30:00,0.0037414983870473844
2018-01-01 07:00:00,0.0039812867320166735
2018-01-01 07:30:00,0.0040522958721419386
2018-01-01 08:00:00,0.004140160370944787
2018-01-01 08:30:00,0.004264680218001608
2018-01-01 09:00:00,0.0043950261033795
2018-01-01 09:30:00,0.004528945778957388
2018-01-01 10:00:00,0.004636880958600997
2018-01-01 10:30:00,0.00468872778899934
2018-01-01 11:00:00,0.004686789742398022
2018-01-01 11:30:00,0.004649449271478459
2018-01-01 12:00:00,0.004592257334770751
2018-01-01 12:30:00,0.004510439853952176
2018-01-01 13:00:00,0.004395854512424928
2018-01-01 13:30:00,0.004256070682937246
2018-01-01 14:00:00,0.004080251538939166
2018-01-01 14:30:00,0.0039058374283095962
2018-01-01 15:00:00,0.0037567125066247423
2018-01-01 15:30:00,0.003621051714987283
2018-01-01 16:00:00,0.003506181363641168
2018-01-01 16:30:00,0.003446550180507384
2018-01-01 17:00:00,0.0034830127324501315
2018-01-01 17:30:00,0.003426375135554638
2018-01-01 18:00:00,0.0033436611821393404
2018-01-01 18:30:00,0.0032522619666566833
2018-01-01 19:00:00,0.003151158502117612
2018-01-01 19:30:00,0.0030608096332750507
2018-01-01 20:00:00,0.0029839713793645456
2018-01-01 20:30:00,0.002915432643646617
2018-01-01 21:00:00,0.0028640759716524887
2018-01-01 21:30:00,0.002829791806273298
2018-01-01 22:00:00,0.0028108318721722274
2018-01-01 22:30:00,0.0028056801167659854
2018-01-01 23:00:00,0.0027985016808894066
2018-01-01 23:30:00,0.0027963682666871485
2018-01-02 00:00:00,0.002796693257540221
2018-01-02 00:30:00,0.0027910134298108217
2018-01-02 01:00:00,0.0027896874509967043
2018-01-02 01:30:00,0.002778425706216879
2018-01-02 02:00:00,0.002788373774039265
2018-01-02 02:30:00,0.0027994285552057083
2018-01-02 03:00:00,0.002815773941423034
2018-01-02 03:30:00,0.002859016379336445
2018-01-02 04:00:00,0.002908785456392256
2018-01-02 04:30:00,0.003003388549277983
2018-01-02 05:00:00,0.0031290326045324154
2018-01-02 05:30:00,0.003279288339100229
2018-01-02 06:00:00,0.0034985169540083425
2018-01-02 06:30:00,0.00378858732312298
2018-01-02 07:00:00,0.004027592281825587
2018-01-02 07:30:00,0.004089700272382273
2018-01-02 08:00:00,0.004163132575768532
2018-01-02 08:30:00,0.004297392871607566
2018-01-02 09:00:00,0.004428268493084314
2018-01-02 09:30:00,0.004551536676641542
2018-01-02 10:00:00,0.00464667767325228
2018-01-02 10:30:00,0.004695331012241307
2018-01-02 11:00:00,0.004694656376404361
2018-01-02 11:30:00,0.004648753258644661
2018-01-02 12:00:00,0.004577955821372645
2018-01-02 12:30:00,0.004485520779474169
2018-01-02 13:00:00,0.004363548122594034
2018-01-02 13:30:00,0.004218954972989292
2018-01-02 14:00:00,0.004040115370254522
2018-01-02 14:30:00,0.003863065586831583
2018-01-02 15:00:00,0.003710376958435814
2018-01-02 15:30:00,0.003576727167443172
2018-01-02 16:00:00,0.003469497932870106
2018-01-02 16:30:00,0.003404976912958953
2018-01-02 17:00:00,0.0034398155189852477
2018-01-02 17:30:00,0.003377464012167262
2018-01-02 18:00:00,0.0033144041906587986
2018-01-02 18:30:00,0.0032275227312064305
2018-01-02 19:00:00,0.003132949283778602
2018-01-02 19:30:00,0.0030414818534923137
2018-01-02 20:00:00,0.002964187775457914
2018-01-02 20:30:00,0.002899147808781221
2018-01-02 21:00:00,0.0028488006452964108
2018-01-02 21:30:00,0.0028191600274737926
2018-01-02 22:00:00,0.0028009785387297544
2018-01-02 22:30:00,0.0027912185783961693
2018-01-02 23:00:00,0.0027868113878236496
2018-01-02 23:30:00,0.0027797438703269584
2018-01-03 00:00:00,0.0027813014164678154
2018-01-03 00:30:00,0.002776420251491056
2018-01-03 01:00:00,0.002773560372317977
2018-01-03 01:30:00,0.0027791613975802106
2018-01-03 02:00:00,0.0027854641832650174
2018-01-03 02:30:00,0.002800518177035773
2018-01-03 03:00:00,0.0028155763050370514
2018-01-03 03:30:00,0.0028526287915084684
2018-01-03 04:00:00,0.0029080944853029983
2018-01-03 04:30:00,0.0030040017766664283
2018-01-03 05:00:00,0.0031238562958302626
2018-01-03 05:30:00,0.003273932191370321
2018-01-03 06:00:00,0.003483563694293504
2018-01-03 06:30:00,0.0037757477643892466
2018-01-03 07:00:00,0.004002255851734528
2018-01-03 07:30:00,0.004068953090259086
2018-01-03 08:00:00,0.004152346469168644
2018-01-03 08:30:00,0.004288871012480759
2018-01-03 09:00:00,0.0044199689748917375
2018-01-03 09:30:00,0.004559642138086759
2018-01-03 10:00:00,0.0046667309096569305
2018-01-03 10:30:00,0.004706850440584592
2018-01-03 11:00:00,0.004702702446098893
2018-01-03 11:30:00,0.004665592937496724
2018-01-03 12:00:00,0.004606054472045038
2018-01-03 12:30:00,0.004518205552232818
2018-01-03 13:00:00,0.004396288606629854
2018-01-03 13:30:00,0.00425332252882318
2018-01-03 14:00:00,0.004076285349761592
2018-01-03 14:30:00,0.0039023401213742776
2018-01-03 15:00:00,0.0037540436087348515
2018-01-03 15:30:00,0.0036272253311769665
2018-01-03 16:00:00,0.0035195480367665975
2018-01-03 16:30:00,0.0034594774655961197
2018-01-03 17:00:00,0.0034954568167421193
2018-01-03 17:30:00,0.003436075099128193
2018-01-03 18:00:00,0.003373946790341009
2018-01-03 18:30:00,0.00329410204332619
2018-01-03 19:00:00,0.0031937916956207646
2018-01-03 19:30:00,0.0030974648302766862
2018-01-03 20:00:00,0.003025776567161833
2018-01-03 20:30:00,0.0029735091544339323
2018-01-03 21:00:00,0.0029306581071491906
2018-01-03 21:30:00,0.0028954910314660906
2018-01-03 22:00:00,0.002872293763166065
2018-01-03 22:30:00,0.002855981803715042
2018-01-03 23:00:00,0.0028500203945530625
2018-01-03 23:30:00,0.0028499038294192893
2018-01-04 00:00:00,0.002852923783981526
2018-01-04 00:30:00,0.002848467436399738
2018-01-04 01:00:00,0.0028450288657883146
2018-01-04 01:30:00,0.002841297016896978
2018-01-04 02:00:00,0.0028542813241164656
2018-01-04 02:30:00,0.002884420872978799
2018-01-04 03:00:00,0.0029087138132023378
2018-01-04 03:30:00,0.002952460576822122
2018-01-04 04:00:00,0.00300962070012178
2018-01-04 04:30:00,0.003112100661755263
2018-01-04 05:00:00,0.0032444767568246703
2018-01-04 05:30:00,0.003412338515414684
2018-01-04 06:00:00,0.0036421843384805814
2018-01-04 06:30:00,0.003908628437252254
2018-01-04 07:00:00,0.004155500836640328
2018-01-04 07:30:00,0.004233732074149891
2018-01-04 08:00:00,0.004306926205524061
2018-01-04 08:30:00,0.004435951052997484
2018-01-04 09:00:00,0.004552312701961196
2018-01-04 09:30:00,0.004673658468325181
2018-01-04 10:00:00,0.004776997593645789
2018-01-04 10:30:00,0.004825781211313739
2018-01-04 11:00:00,0.004826594646377883
2018-01-04 11:30:00,0.0047863533573195725
2018-01-04 12:00:00,0.004719449306433968
2018-01-04 12:30:00,0.00462287463934573
2018-01-04 13:00:00,0.004499686669944139
2018-01-04 13:30:00,0.00435495855283805
2018-01-04 14:00:00,0.0041747802660929215
2018-01-04 14:30:00,0.003993613394078316
2018-01-04 15:00:00,0.0038342055823161504
2018-01-04 15:30:00,0.003699235156758604
2018-01-04 16:00:00,0.003593579047317024
2018-01-04 16:30:00,0.0035347591312972306
2018-01-04 17:00:00,0.0035786219558763344
2018-01-04 17:30:00,0.0035331894849694777
2018-01-04 18:00:00,0.0034678848771218605
2018-01-04 18:30:00,0.0033812371025289385
2018-01-04 19:00:00,0.003280738294412594
2018-01-04 19:30:00,0.003183597893169481
2018-01-04 20:00:00,0.003112304751574257
2018-01-04 20:30:00,0.0030613883751308387
2018-01-04 21:00:00,0.003023979689407645
2018-01-04 21:30:00,0.002993614875399248
2018-01-04 22:00:00,0.002970995088518877
2018-01-04 22:30:00,0.0029623403290059865
2018-01-04 23:00:00,0.002957292231867495
2018-01-04 23:30:00,0.0029526246856069116
2018-01-05 00:00:00,0.0029667429820084195
2018-01-05 00:30:00,0.0029695413014806608
2018-01-05 01:00:00,0.0029765744342795867
2018-01-05 01:30:00,0.002967049318406692
2018-01-05 02:00:00,0.0029732366481415255
2018-01-05 02:30:00,0.0029983932896222748
2018-01-05 03:00:00,0.0030114124352965364
2018-01-05 03:30:00,0.0030526433683906763
2018-01-05 04:00:00,0.0031144284352095522
2018-01-05 04:30:00,0.0032237431369942973
2018-01-05 05:00:00,0.0033706013407512458
2018-01-05 05:30:00,0.0035297142608752457
2018-01-05 06:00:00,0.003759544152028396
2018-01-05 06:30:00,0.004039817100647514
2018-01-05 07:00:00,0.0042774175301560635
2018-01-05 07:30:00,0.004345534221438518
2018-01-05 08:00:00,0.004394991012837499
2018-01-05 08:30:00,0.00450319547205701
2018-01-05 09:00:00,0.004604913626090442
2018-01-05 09:30:00,0.004715401894751849
2018-01-05 10:00:00,0.004801584618828367
2018-01-05 10:30:00,0.00483124394152323
2018-01-05 11:00:00,0.0048137903798559315
2018-01-05 11:30:00,0.0047495817464364995
2018-01-05 12:00:00,0.004666868045108429
2018-01-05 12:30:00,0.00456654105964602
2018-01-05 13:00:00,0.004444510069781553
2018-01-05 13:30:00,0.004303288637255629
2018-01-05 14:00:00,0.004120753385355322
2018-01-05 14:30:00,0.003941217416864636
2018-01-05 15:00:00,0.003788738020867292
2018-01-05 15:30:00,0.0036527136186135815
2018-01-05 16:00:00,0.003544947740751638
2018-01-05 16:30:00,0.0034927208132323967
2018-01-05 17:00:00,0.0035489956566082106
2018-01-05 17:30:00,0.003510026399697436
2018-01-05 18:00:00,0.0034530907348647153
2018-01-05 18:30:00,0.00335615865850601
2018-01-05 19:00:00,0.0032521743411365717
2018-01-05 19:30:00,0.0031592973399116866
2018-01-05 20:00:00,0.003086580359240817
2018-01-05 20:30:00,0.003028287255108047
2018-01-05 21:00:00,0.0029804151344355496
2018-01-05 21:30:00,0.002955426887222449
2018-01-05 22:00:00,0.0029391119027247017
2018-01-05 22:30:00,0.0029250988779491965
2018-01-05 23:00:00,0.002922725375871926
2018-01-05 23:30:00,0.002908114047271815
2018-01-06 00:00:00,0.003041006669069384
2018-01-06 00:30:00,0.0030387333968735766
2018-01-06 01:00:00,0.0030153325429290107
2018-01-06 01:30:00,0.0030259647754855255
2018-01-06 02:00:00,0.0030008046047835975
2018-01-06 02:30:00,0.0030197769919936834
2018-01-06 03:00:00,0.0030306735632164494
2018-01-06 03:30:00,0.0030413343824645077
2018-01-06 04:00:00,0.0030911664309096285
2018-01-06 04:30:00,0.0031448565735293765
2018-01-06 05:00:00,0.0031644132485142457
2018-01-06 05:30:00,0.00318752803387359
2018-01-06 06:00:00,0.003224944181378704
2018-01-06 06:30:00,0.003339916779304098
2018-01-06 07:00:00,0.003400551723358425
2018-01-06 07:30:00,0.0033123873415903146
2018-01-06 08:00:00,0.003237853669109213
2018-01-06 08:30:00,0.0032064811112020863
2018-01-06 09:00:00,0.003200218356968929
2018-01-06 09:30:00,0.0031999325908883816
2018-01-06 10:00:00,0.0031852236036965234
2018-01-06 10:30:00,0.003178056864667278
2018-01-06 11:00:00,0.0031384582972029743
2018-01-06 11:30:00,0.003110862409296148
2018-01-06 12:00:00,0.0030694383269686673
2018-01-06 12:30:00,0.003037191328888459
2018-01-06 13:00:00,0.0030207610901105183
2018-01-06 13:30:00,0.003019071450262704
2018-01-06 14:00:00,0.0030142894059836086
2018-01-06 14:30:00,0.003011949078585414
2018-01-06 15:00:00,0.0030148415274282242
2018-01-06 15:30:00,0.0030218547453362155
2018-01-06 16:00:00,0.0030207441498488626
2018-01-06 16:30:00,0.003058620860717739
2018-01-06 17:00:00,0.003208568040519682
2018-01-06 17:30:00,0.00326149637553938
2018-01-06 18:00:00,0.003298530056303661
2018-01-06 18:30:00,0.0033112324795858974
2018-01-06 19:00:00,0.0032855231116511873
2018-01-06 19:30:00,0.0032518179402150123
2018-01-06 20:00:00,0.0032057609988293853
2018-01-06 20:30:00,0.003174248935850827
2018-01-06 21:00:00,0.0031199358352756706
2018-01-06 21:30:00,0.003075025840355532
2018-01-06 22:00:00,0.0030476316726477668
2018-01-06 22:30:00,0.0030068532865435704
2018-01-06 23:00:00,0.0029778094096047504
2018-01-06 23:30:00,0.0029600906017571826
2018-01-07 00:00:00,0.002780175090737497
2018-01-07 00:30:00,0.0026426928680499387
2018-01-07 01:00:00,0.002640258915455629
2018-01-07 01:30:00,0.0026340900889232593
2018-01-07 02:00:00,0.0026602506425768874
2018-01-07 02:30:00,0.002682756082691083
2018-01-07 03:00:00,0.002706713797320132
2018-01-07 03:30:00,0.0027110728392322906
2018-01-07 04:00:00,0.0027191827374127035
2018-01-07 04:30:00,0.002735855232015809
2018-01-07 05:00:00,0.0027729142223376826
2018-01-07 05:30:00,0.00280271642807282
2018-01-07 06:00:00,0.002792177568625193
2018-01-07 06:30:00,0.0028056349427349045
2018-01-07 07:00:00,0.0028091039654833515
2018-01-07 07:30:00,0.0026357432265406012
2018-01-07 08:00:00,0.0025900725332042114
2018-01-07 08:30:00,0.0025694618815231777
2018-01-07 09:00:00,0.002533790631386041
2018-01-07 09:30:00,0.0025015594139662437
2018-01-07 10:00:00,0.002454061390738643
2018-01-07 10:30:00,0.0023913319547499102
2018-01-07 11:00:00,0.0023277428508995997
2018-01-07 11:30:00,0.002300289341858593
2018-01-07 12:00:00,0.002283170804116002
2018-01-07 12:30:00,0.0022770859730476744
2018-01-07 13:00:00,0.0022609866239639183
2018-01-07 13:30:00,0.0022469395169953206
2018-01-07 14:00:00,0.0022399775736293044
2018-01-07 14:30:00,0.0022439891889251863
2018-01-07 15:00:00,0.0022572950081940135
2018-01-07 15:30:00,0.0022585980470704726
2018-01-07 16:00:00,0.002251660707417814
2018-01-07 16:30:00,0.0022855978495202904
2018-01-07 17:00:00,0.0024134827081356905
2018-01-07 17:30:00,0.002456053585676324
2018-01-07 18:00:00,0.002491814427613944
2018-01-07 18:30:00,0.0024996892796638843
2018-01-07 19:00:00,0.0024940857335293805
2018-01-07 19:30:00,0.0024886045505348718
2018-01-07 20:00:00,0.0024909445250109485
2018-01-07 20:30:00,0.002497824439193292
2018-01-07 21:00:00,0.002511574990748026
2018-01-07 21:30:00,0.002530529933522002
2018-01-07 22:00:00,0.0025496238771929563
2018-01-07 22:30:00,0.002578683433957297
2018-01-07 23:00:00,0.0026032920882239534
2018-01-07 23:30:00,0.0026188213672525295
2018-01-08 00:00:00,0.002775433279579833
2018-01-08 00:30:00,0.002895632553235338
2018-01-08 01:00:00,0.00293576468852435
2018-01-08 01:30:00,0.0029571285768397147
2018-01-08 02:00:00,0.0029599667765112707
2018-01-08 02:30:00,0.002971957507134188
2018-01-08 03:00:00,0.002986332226663019
2018-01-08 03:30:00,0.0030283963584599007
2018-01-08 04:00:00,0.003087542727438682
2018-01-08 04:30:00,0.0031977275334962047
2018-01-08 05:00:00,0.0033261224149893085
2018-01-08 05:30:00,0.003474163361597983
2018-01-08 06:00:00,0.003717863142399137
2018-01-08 06:30:00,0.003999512033520768
2018-01-08 07:00:00,0.00422483828552834
2018-01-08 07:30:00,0.004300054458967873
2018-01-08 08:00:00,0.004374861494837953
2018-01-08 08:30:00,0.00449404883994676
2018-01-08 09:00:00,0.0046127352373180365
2018-01-08 09:30:00,0.004724252324370352
2018-01-08 10:00:00,0.004814086531930233
2018-01-08 10:30:00,0.00485285381655472
2018-01-08 11:00:00,0.004835912899472286
2018-01-08 11:30:00,0.004778140254628418
2018-01-08 12:00:00,0.004705239552786498
2018-01-08 12:30:00,0.004615771174210467
2018-01-08 13:00:00,0.004493619081642139
2018-01-08 13:30:00,0.004340073860848961
2018-01-08 14:00:00,0.004159509931063938
2018-01-08 14:30:00,0.003990772723951935
2018-01-08 15:00:00,0.003848266604499679
2018-01-08 15:30:00,0.0037284728887750015
2018-01-08 16:00:00,0.003637105738787621
2018-01-08 16:30:00,0.003578381615914095
2018-01-08 17:00:00,0.0036455832305624723
2018-01-08 17:30:00,0.0036040696068519538
2018-01-08 18:00:00,0.0035421323801828504
2018-01-08 18:30:00,0.003457719510109784
2018-01-08 19:00:00,0.003362964459043611
2018-01-08 19:30:00,0.0032616394098319906
2018-01-08 20:00:00,0.0031858937019633837
2018-01-08 20:30:00,0.003127065063725536
2018-01-08 21:00:00,0.00308572341392129
2018-01-08 21:30:00,0.0030615428541835563
2018-01-08 22:00:00,0.003045035375879258
2018-01-08 22:30:00,0.003047312126878798
2018-01-08 23:00:00,0.003049301952196546
2018-01-08 23:30:00,0.0030473588134332418
2018-01-09 00:00:00,0.0030511042246173913
2018-01-09 00:30:00,0.003038392423690311
2018-01-09 01:00:00,0.0030329045855930084
2018-01-09 01:30:00,0.003033181528620611
2018-01-09 02:00:00,0.003048449090690097
2018-01-09 02:30:00,0.0030794705415074317
2018-01-09 03:00:00,0.003108548097299782
2018-01-09 03:30:00,0.0031657717465806484
2018-01-09 04:00:00,0.0032521649634917266
2018-01-09 04:30:00,0.00335536186119885
2018-01-09 05:00:00,0.0035033695827110032
2018-01-09 05:30:00,0.00368787676173594
2018-01-09 06:00:00,0.003940691058734621
2018-01-09 06:30:00,0.004223867497617093
2018-01-09 07:00:00,0.004456066807034436
2018-01-09 07:30:00,0.004521301990059731
2018-01-09 08:00:00,0.004557685941205095
2018-01-09 08:30:00,0.004658105089757702
2018-01-09 09:00:00,0.00473166353759236
2018-01-09 09:30:00,0.0048154281401524245
2018-01-09 10:00:00,0.0048771233630835915
2018-01-09 10:30:00,0.004894154426558408
2018-01-09 11:00:00,0.004871578351603201
2018-01-09 11:30:00,0.004809091221857079
2018-01-09 12:00:00,0.004726853612465956
2018-01-09 12:30:00,0.004629057683597703
2018-01-09 13:00:00,0.004499034016113387
2018-01-09 13:30:00,0.004346746206408578
2018-01-09 14:00:00,0.004168850922426219
2018-01-09 14:30:00,0.003996781626347485
2018-01-09 15:00:00,0.003854454640078748
2018-01-09 15:30:00,0.003730672097743511
2018-01-09 16:00:00,0.0036377382256402107
2018-01-09 16:30:00,0.003573775629354349
2018-01-09 17:00:00,0.0036403791922653478
2018-01-09 17:30:00,0.0036181841219450565
2018-01-09 18:00:00,0.0035609183740972785
2018-01-09 18:30:00,0.0034648448059989073
2018-01-09 19:00:00,0.0033574428916753334
2018-01-09 19:30:00,0.003269062370318777
2018-01-09 20:00:00,0.0031995319738672033
2018-01-09 20:30:00,0.0031311757493016363
2018-01-09 21:00:00,0.0030895650215912707
2018-01-09 21:30:00,0.0030539106108808983
2018-01-09 22:00:00,0.0030264032055907562
2018-01-09 22:30:00,0.0030227940223440863
2018-01-09 23:00:00,0.003019621605426949
2018-01-09 23:30:00,0.0030217105010249155
2018-01-10 00:00:00,0.0030270350370165547
2018-01-10 00:30:00,0.0030271734329041884
2018-01-10 01:00:00,0.003029239287729605
2018-01-10 01:30:00,0.003030081057398065
2018-01-10 02:00:00,0.003056210200983207
2018-01-10 02:30:00,0.003072074100596927
2018-01-10 03:00:00,0.003094408978493322
2018-01-10 03:30:00,0.003153880539994958
2018-01-10 04:00:00,0.0032271702124281685
2018-01-10 04:30:00,0.0033197123913981273
2018-01-10 05:00:00,0.003454782391410346
2018-01-10 05:30:00,0.00363711244430786
2018-01-10 06:00:00,0.003871177047952803
2018-01-10 06:30:00,0.004153499869067144
2018-01-10 07:00:00,0.004375449866425814
2018-01-10 07:30:00,0.004435581896462239
2018-01-10 08:00:00,0.0044643330497130445
2018-01-10 08:30:00,0.004554173004861701
2018-01-10 09:00:00,0.004636821869354983
2018-01-10 09:30:00,0.004735166844203682
2018-01-10 10:00:00,0.00481143739767894
2018-01-10 10:30:00,0.004830553474608427
2018-01-10 11:00:00,0.0048068478472063966
2018-01-10 11:30:00,0.004744919342755347
2018-01-10 12:00:00,0.004665693621135196
2018-01-10 12:30:00,0.004565123573168494
2018-01-10 13:00:00,0.004437709008483821
2018-01-10 13:30:00,0.004293980719737534
2018-01-10 14:00:00,0.004117884935216524
2018-01-10 14:30:00,0.003936899263500699
2018-01-10 15:00:00,0.0037822887725035867
2018-01-10 15:30:00,0.003649946104200482
2018-01-10 16:00:00,0.0035465117403255066
2018-01-10 16:30:00,0.0034795224335397246
2018-01-10 17:00:00,0.0035304421375345384
2018-01-10 17:30:00,0.00349088289567765
2018-01-10 18:00:00,0.003441438406135348
2018-01-10 18:30:00,0.0033595582060146913
2018-01-10 19:00:00,0.003259572193735547
2018-01-10 19:30:00,0.00316442877708743
2018-01-10 20:00:00,0.0030836890195818046
2018-01-10 20:30:00,0.0030208994355807057
2018-01-10 21:00:00,0.0029744936054728853
2018-01-10 21:30:00,0.0029385857966819137
2018-01-10 22:00:00,0.002912481609732247
2018-01-10 22:30:00,0.0028958273158269333
2018-01-10 23:00:00,0.002890818695548193
2018-01-10 23:30:00,0.002893114907681659
2018-01-11 00:00:00,0.002908488850560946
2018-01-11 00:30:00,0.0029114740170858543
2018-01-11 01:00:00,0.002914256404645348
2018-01-11 01:30:00,0.0029162973532527356
2018-01-11 02:00:00,0.002926053733947697
2018-01-11 02:30:00,0.002941602121188081
2018-01-11 03:00:00,0.0029563713068097514
2018-01-11 03:30:00,0.0029973083061971867
2018-01-11 04:00:00,0.0030657410644448777
2018-01-11 04:30:00,0.003165203794058176
2018-01-11 05:00:00,0.0033095547382551984
2018-01-11 05:30:00,0.0034853516985773004
2018-01-11 06:00:00,0.0037143249973330414
2018-01-11 06:30:00,0.0039890723956056955
2018-01-11 07:00:00,0.0042188286268711106
2018-01-11 07:30:00,0.004303520557504487
2018-01-11 08:00:00,0.004369451400441463
2018-01-11 08:30:00,0.004497904312414227
2018-01-11 09:00:00,0.004610810148000187
2018-01-11 09:30:00,0.0047146976638744505
2018-01-11 10:00:00,0.004793517020884649
2018-01-11 10:30:00,0.004819250639610598
2018-01-11 11:00:00,0.004797328478922277
2018-01-11 11:30:00,0.004739149620720792
2018-01-11 12:00:00,0.004664208827368056
2018-01-11 12:30:00,0.00457004658462494
2018-01-11 13:00:00,0.004449139550870857
2018-01-11 13:30:00,0.0043072215509192355
2018-01-11 14:00:00,0.004135306481805992
2018-01-11 14:30:00,0.003963301014213138
2018-01-11 15:00:00,0.003815443335018507
2018-01-11 15:30:00,0.0036871486834068653
2018-01-11 16:00:00,0.0035865930044121056
2018-01-11 16:30:00,0.003524198541930635
2018-01-11 17:00:00,0.0035523383332384762
2018-01-11 17:30:00,0.003509247147661276
2018-01-11 18:00:00,0.0034299803862405664
2018-01-11 18:30:00,0.003340697039689166
2018-01-11 19:00:00,0.0032349123153443612
2018-01-11 19:30:00,0.0031425742766108414
2018-01-11 20:00:00,0.003061884734880839
2018-01-11 20:30:00,0.0030071939572221635
2018-01-11 21:00:00,0.002962613541142629
2018-01-11 21:30:00,0.002937902993218811
2018-01-11 22:00:00,0.0029186091443768316
2018-01-11 22:30:00,0.002905543715487689
2018-01-11 23:00:00,0.0029021601503092013
2018-01-11 23:30:00,0.002907589806674508
2018-01-12 00:00:00,0.002919381035465962
2018-01-12 00:30:00,0.002907471678599927
2018-01-12 01:00:00,0.002902143764639445
2018-01-12 01:30:00,0.0029023782057605724
2018-01-12 02:00:00,0.0029148418016039313
2018-01-12 02:30:00,0.002931803541091317
2018-01-12 03:00:00,0.002946330571722713
2018-01-12 03:30:00,0.002991552196872892
2018-01-12 04:00:00,0.0030548735336706637
2018-01-12 04:30:00,0.003133769726867657
2018-01-12 05:00:00,0.0032605239742698787
2018-01-12 05:30:00,0.0034215629920606363
2018-01-12 06:00:00,0.0036502722546547985
2018-01-12 06:30:00,0.003920351400822632
2018-01-12 07:00:00,0.004154795647831466
2018-01-12 07:30:00,0.004229513041483618
2018-01-12 08:00:00,0.0042881023481081346
2018-01-12 08:30:00,0.004404023046094345
2018-01-12 09:00:00,0.004506158505323385
2018-01-12 09:30:00,0.004624671063342909
2018-01-12 10:00:00,0.004720182224837801
2018-01-12 10:30:00,0.004758225111606729
2018-01-12 11:00:00,0.00475002456285948
2018-01-12 11:30:00,0.004705051445297696
2018-01-12 12:00:00,0.004635360166777839
2018-01-12 12:30:00,0.0045438146902860655
2018-01-12 13:00:00,0.004421408241705677
2018-01-12 13:30:00,0.004280919878835923
2018-01-12 14:00:00,0.004103472604273422
2018-01-12 14:30:00,0.003922853215298455
2018-01-12 15:00:00,0.0037694152828290956
2018-01-12 15:30:00,0.0036379449875838113
2018-01-12 16:00:00,0.0035287772526524175
2018-01-12 16:30:00,0.0034502760297227177
2018-01-12 17:00:00,0.003467063627353679
2018-01-12 17:30:00,0.003436230183190255
2018-01-12 18:00:00,0.003377173204342173
2018-01-12 18:30:00,0.003293460531750874
2018-01-12 19:00:00,0.0031920395885580953
2018-01-12 19:30:00,0.0031046814825768814
2018-01-12 20:00:00,0.003022696817509348
2018-01-12 20:30:00,0.0029592608818581733
2018-01-12 21:00:00,0.002913628707450072
2018-01-12 21:30:00,0.0028740914980168245
2018-01-12 22:00:00,0.0028551289422085926
2018-01-12 22:30:00,0.0028484772173841457
2018-01-12 23:00:00,0.0028451117520685576
2018-01-12 23:30:00,0.0028311972429813717
2018-01-13 00:00:00,0.0029395353084312017
2018-01-13 00:30:00,0.002950418065273927
2018-01-13 01:00:00,0.0029279682860194577
2018-01-13 01:30:00,0.0029304648570809577
2018-01-13 02:00:00,0.002913904037119422
2018-01-13 02:30:00,0.00292036357064199
2018-01-13 03:00:00,0.0029346888306568796
2018-01-13 03:30:00,0.0029435802496584956
2018-01-13 04:00:00,0.002982972710605989
2018-01-13 04:30:00,0.0030381434623449077
2018-01-13 05:00:00,0.0030498283103265605
2018-01-13 05:30:00,0.003082677796879343
2018-01-13 06:00:00,0.003117129398594719
2018-01-13 06:30:00,0.0031951937039425508
2018-01-13 07:00:00,0.0032517390873304016
2018-01-13 07:30:00,0.0031626460162179552
2018-01-13 08:00:00,0.0031018792809613437
2018-01-13 08:30:00,0.0030792882824422973
2018-01-13 09:00:00,0.0030807614801969937
2018-01-13 09:30:00,0.0031018557360143395
2018-01-13 10:00:00,0.0031019360005874225
2018-01-13 10:30:00,0.0030978460869988287
2018-01-13 11:00:00,0.0030690319623587134
2018-01-13 11:30:00,0.0030442117060736967
2018-01-13 12:00:00,0.0030038702375513697
2018-01-13 12:30:00,0.002973285905985685
2018-01-13 13:00:00,0.002957163869051497
2018-01-13 13:30:00,0.0029541457295172956
2018-01-13 14:00:00,0.002955972504816608
2018-01-13 14:30:00,0.0029656189250631434
2018-01-13 15:00:00,0.0029736851617358367
2018-01-13 15:30:00,0.002982268378893699
2018-01-13 16:00:00,0.002979204208231844
2018-01-13 16:30:00,0.002996489123544268
2018-01-13 17:00:00,0.003120066315624376
2018-01-13 17:30:00,0.003176906893155065
2018-01-13 18:00:00,0.003205482089521412
2018-01-13 18:30:00,0.0032210259896091552
2018-01-13 19:00:00,0.0031949001231579652
2018-01-13 19:30:00,0.003151459090927109
2018-01-13 20:00:00,0.003105735358438155
2018-01-13 20:30:00,0.003085831508924235
2018-01-13 21:00:00,0.0030409195981411716
2018-01-13 21:30:00,0.0029915534068915813
2018-01-13 22:00:00,0.0029691171899299245
2018-01-13 22:30:00,0.0029371474373819915
2018-01-13 23:00:00,0.0029188981371738856
2018-01-13 23:30:00,0.0028979829137051683
2018-01-14 00:00:00,0.002731416530539912
2018-01-14 00:30:00,0.0026085302591316167
2018-01-14 01:00:00,0.002598563083097422
2018-01-14 01:30:00,0.0025814887614544497
2018-01-14 02:00:00,0.002597736640332365
2018-01-14 02:30:00,0.002620426457044402
2018-01-14 03:00:00,0.002649638425746198
2018-01-14 03:30:00,0.002659171961332475
2018-01-14 04:00:00,0.0026761768581531264
2018-01-14 04:30:00,0.0026972085963381724
2018-01-14 05:00:00,0.002737830436274389
2018-01-14 05:30:00,0.002795167272720187
2018-01-14 06:00:00,0.0027928015349295092
2018-01-14 06:30:00,0.002811808710176923
2018-01-14 07:00:00,0.0028225395592566477
2018-01-14 07:30:00,0.0026259279582694084
2018-01-14 08:00:00,0.002577666715753286
2018-01-14 08:30:00,0.0025406837045216352
2018-01-14 09:00:00,0.002493519444782606
2018-01-14 09:30:00,0.0024631688989112583
2018-01-14 10:00:00,0.0024210714411829655
2018-01-14 10:30:00,0.002378695931243271
2018-01-14 11:00:00,0.0023268954344772535
2018-01-14 11:30:00,0.0023029897002344157
2018-01-14 12:00:00,0.002280595985179235
2018-01-14 12:30:00,0.0022667104661231556
2018-01-14 13:00:00,0.0022605885782324563
2018-01-14 13:30:00,0.002248871916842753
2018-01-14 14:00:00,0.0022458540293957786
2018-01-14 14:30:00,0.002249922414735185
2018-01-14 15:00:00,0.002254130103476242
2018-01-14 15:30:00,0.002251611399156209
2018-01-14 16:00:00,0.0022360602389563276
2018-01-14 16:30:00,0.002233912707869357
2018-01-14 17:00:00,0.0023541023013753447
2018-01-14 17:30:00,0.0024226780939156454
2018-01-14 18:00:00,0.0024762063461182017
2018-01-14 18:30:00,0.002483231059203745
2018-01-14 19:00:00,0.0024755259122750334
2018-01-14 19:30:00,0.00247766547740563
2018-01-14 20:00:00,0.0024855388169322088
2018-01-14 20:30:00,0.0025031827548733527
2018-01-14 21:00:00,0.002516073336061835
2018-01-14 21:30:00,0.0025409995698170893
2018-01-14 22:00:00,0.002570923332013095
2018-01-14 22:30:00,0.0025940551584689867
2018-01-14 23:00:00,0.002627599649506659
2018-01-14 23:30:00,0.002642476123452148
2018-01-15 00:00:00,0.002803117952608015
2018-01-15 00:30:00,0.0029244428461496033
2018-01-15 01:00:00,0.0029558392515084057
2018-01-15 01:30:00,0.002989291629873326
2018-01-15 02:00:00,0.002993896557666718
2018-01-15 02:30:00,0.003005882095292759
2018-01-15 03:00:00,0.003031162914941538
2018-01-15 03:30:00,0.0030825091505244677
2018-01-15 04:00:00,0.0031631681392825556
2018-01-15 04:30:00,0.003253395754168922
2018-01-15 05:00:00,0.003388166476225224
2018-01-15 05:30:00,0.003562287812749334
2018-01-15 06:00:00,0.0038048721579883762
2018-01-15 06:30:00,0.004079289120323854
2018-01-15 07:00:00,0.004301311819638795
2018-01-15 07:30:00,0.0043436886908495165
2018-01-15 08:00:00,0.0044151042964196245
2018-01-15 08:30:00,0.004504788915418993
2018-01-15 09:00:00,0.004601111293610431
2018-01-15 09:30:00,0.004708358577628953
2018-01-15 10:00:00,0.00479490350063325
2018-01-15 10:30:00,0.004820039319709048
2018-01-15 11:00:00,0.004804982704231132
2018-01-15 11:30:00,0.004751749091579514
2018-01-15 12:00:00,0.004673136446095471
2018-01-15 12:30:00,0.004565183721180862
2018-01-15 13:00:00,0.00443372305566765
2018-01-15 13:30:00,0.004287014188383986
2018-01-15 14:00:00,0.0041080057880420046
2018-01-15 14:30:00,0.003934676005410732
2018-01-15 15:00:00,0.0037855959048348426
2018-01-15 15:30:00,0.0036554472525033707
2018-01-15 16:00:00,0.0035515064958067605
2018-01-15 16:30:00,0.00346131261019137
2018-01-15 17:00:00,0.0035037516461122733
2018-01-15 17:30:00,0.0034842473548531774
2018-01-15 18:00:00,0.003429887366053796
2018-01-15 18:30:00,0.0033690850360807295
2018-01-15 19:00:00,0.0032808411460012172
2018-01-15 19:30:00,0.0031840601203089423
2018-01-15 20:00:00,0.003096182512970288
2018-01-15 20:30:00,0.0030387714116274105
2018-01-15 21:00:00,0.002984104481420411
2018-01-15 21:30:00,0.002957688512988368
2018-01-15 22:00:00,0.002938342935847404
2018-01-15 22:30:00,0.002920770893183406
2018-01-15 23:00:00,0.0029179347606271113
2018-01-15 23:30:00,0.0029069164312736954
2018-01-16 00:00:00,0.002917421662285238
2018-01-16 00:30:00,0.002918601581760021
2018-01-16 01:00:00,0.0029157238043938235
2018-01-16 01:30:00,0.002919226052238792
2018-01-16 02:00:00,0.0029255713398300747
2018-01-16 02:30:00,0.00295491439388992
2018-01-16 03:00:00,0.002975928838891192
2018-01-16 03:30:00,0.003011688470810122
2018-01-16 04:00:00,0.0030791292658194948
2018-01-16 04:30:00,0.0031659199234526894
2018-01-16 05:00:00,0.0033023774115624183
2018-01-16 05:30:00,0.0034553282106742867
2018-01-16 06:00:00,0.0036769676869867138
2018-01-16 06:30:00,0.003957527863792297
2018-01-16 07:00:00,0.004168303187299353
2018-01-16 07:30:00,0.004239366828683099
2018-01-16 08:00:00,0.004319103480694972
2018-01-16 08:30:00,0.004427968660536498
2018-01-16 09:00:00,0.004529424795106167
2018-01-16 09:30:00,0.004627138745208193
2018-01-16 10:00:00,0.004703111432416007
2018-01-16 10:30:00,0.004739460645941487
2018-01-16 11:00:00,0.004723965045766441
2018-01-16 11:30:00,0.004663124902709322
2018-01-16 12:00:00,0.004586628680748436
2018-01-16 12:30:00,0.0044899865047008025
2018-01-16 13:00:00,0.004366051147088547
2018-01-16 13:30:00,0.004219143735904884
2018-01-16 14:00:00,0.004041273610227781
2018-01-16 14:30:00,0.003867453568357403
2018-01-16 15:00:00,0.0037156057516986316
2018-01-16 15:30:00,0.0035790434457199094
2018-01-16 16:00:00,0.003471035261615356
2018-01-16 16:30:00,0.0033719283279142714
2018-01-16 17:00:00,0.003420424011551521
2018-01-16 17:30:00,0.003407908989913851
2018-01-16 18:00:00,0.003362866094607628
2018-01-16 18:30:00,0.003280512474674631
2018-01-16 19:00:00,0.0031860701126048513
2018-01-16 19:30:00,0.0031053303046817814
2018-01-16 20:00:00,0.0030238669559997226
2018-01-16 20:30:00,0.0029636251671846543
2018-01-16 21:00:00,0.002918108549561418
2018-01-16 21:30:00,0.0028892769300677477
2018-01-16 22:00:00,0.002880140280611688
2018-01-16 22:30:00,0.0028605941932903544
2018-01-16 23:00:00,0.0028561365348549854
2018-01-16 23:30:00,0.0028514899622516894
2018-01-17 00:00:00,0.0028570095129221507
2018-01-17 00:30:00,0.0028648905159004306
2018-01-17 01:00:00,0.0028662008148890275
2018-01-17 01:30:00,0.002880155809184873
2018-01-17 02:00:00,0.0028978621639234262
2018-01-17 02:30:00,0.002932641126111808
2018-01-17 03:00:00,0.002974612136887029
2018-01-17 03:30:00,0.0030265257199830866
2018-01-17 04:00:00,0.003103666478566014
2018-01-17 04:30:00,0.0032093076140263087
2018-01-17 05:00:00,0.0033581842297925497
2018-01-17 05:30:00,0.003544908717648896
2018-01-17 06:00:00,0.0037876204173550284
2018-01-17 06:30:00,0.004052572512664869
2018-01-17 07:00:00,0.004292216714157749
2018-01-17 07:30:00,0.004329334390386073
2018-01-17 08:00:00,0.004417391130908246
2018-01-17 08:30:00,0.004529068646271837
2018-01-17 09:00:00,0.004630742332118423
2018-01-17 09:30:00,0.004743591397660859
2018-01-17 10:00:00,0.004822447861910873
2018-01-17 10:30:00,0.004845477542622377
2018-01-17 11:00:00,0.004821818299270118
2018-01-17 11:30:00,0.004764519679247936
2018-01-17 12:00:00,0.004688974531977145
2018-01-17 12:30:00,0.004589805736070551
2018-01-17 13:00:00,0.004464996492877112
2018-01-17 13:30:00,0.0043231881508692446
2018-01-17 14:00:00,0.0041512022452452075
2018-01-17 14:30:00,0.0039879349780373875
2018-01-17 15:00:00,0.0038539689688271745
2018-01-17 15:30:00,0.0037476662052308464
2018-01-17 16:00:00,0.003661681672132211
2018-01-17 16:30:00,0.003554038863254498
2018-01-17 17:00:00,0.003607864931307054
2018-01-17 17:30:00,0.003608607126520842
2018-01-17 18:00:00,0.003554025401796575
2018-01-17 18:30:00,0.003460926664646804
2018-01-17 19:00:00,0.0033650453886852035
2018-01-17 19:30:00,0.003281403149265133
2018-01-17 20:00:00,0.0032042181241651417
2018-01-17 20:30:00,0.003148926773896817
2018-01-17 21:00:00,0.0031053832429994554
2018-01-17 21:30:00,0.0030876674601986115
2018-01-17 22:00:00,0.003079489750554131
2018-01-17 22:30:00,0.003084738912464892
2018-01-17 23:00:00,0.0030879374960361937
2018-01-17 23:30:00,0.003077498866470029
2018-01-18 00:00:00,0.0030720850916000253
2018-01-18 00:30:00,0.0030779740004755135
2018-01-18 01:00:00,0.0030868228671532085
2018-01-18 01:30:00,0.0030842153777118197
2018-01-18 02:00:00,0.0031092731505821323
2018-01-18 02:30:00,0.003129957865490464
2018-01-18 03:00:00,0.0031559913167642293
2018-01-18 03:30:00,0.0031966048378219555
2018-01-18 04:00:00,0.003267788119803644
2018-01-18 04:30:00,0.003377698806210507
2018-01-18 05:00:00,0.003540245305618835
2018-01-18 05:30:00,0.003702977442061139
2018-01-18 06:00:00,0.003947107283671587
2018-01-18 06:30:00,0.004233802356068784
2018-01-18 07:00:00,0.0044697003396983875
2018-01-18 07:30:00,0.004498162248064912
2018-01-18 08:00:00,0.004570531902954396
2018-01-18 08:30:00,0.004673540794007609
2018-01-18 09:00:00,0.004767850810283204
2018-01-18 09:30:00,0.00487514488169106
2018-01-18 10:00:00,0.004949772381038057
2018-01-18 10:30:00,0.0049674311921255945
2018-01-18 11:00:00,0.004942473245797181
2018-01-18 11:30:00,0.004884470999906946
2018-01-18 12:00:00,0.004805869950435346
2018-01-18 12:30:00,0.004696578793597604
2018-01-18 13:00:00,0.0045650891380532846
2018-01-18 13:30:00,0.0044264696490497555
2018-01-18 14:00:00,0.004251555699866454
2018-01-18 14:30:00,0.004079047116585917
2018-01-18 15:00:00,0.003929946647362083
2018-01-18 15:30:00,0.0038038120807813176
2018-01-18 16:00:00,0.003706654083849759
2018-01-18 16:30:00,0.003613695053441202
2018-01-18 17:00:00,0.0036781659584116232
2018-01-18 17:30:00,0.0036803926448878786
2018-01-18 18:00:00,0.003617798730992391
2018-01-18 18:30:00,0.0035256860582398263
2018-01-18 19:00:00,0.003430569312420327
2018-01-18 19:30:00,0.0033458595844287234
2018-01-18 20:00:00,0.0032728622827614094
2018-01-18 20:30:00,0.003217787122498976
2018-01-18 21:00:00,0.0031816765851600368
2018-01-18 21:30:00,0.003160171477580096
2018-01-18 22:00:00,0.003140906517934332
2018-01-18 22:30:00,0.0031249036678410794
2018-01-18 23:00:00,0.003110861501782131
2018-01-18 23:30:00,0.003122674914249563
2018-01-19 00:00:00,0.003131937203979568
2018-01-19 00:30:00,0.003137272478887079
2018-01-19 01:00:00,0.0031371730556847425
2018-01-19 01:30:00,0.003128564528969287
2018-01-19 02:00:00,0.0031659933312531974
2018-01-19 02:30:00,0.0032015263367550376
2018-01-19 03:00:00,0.0032351040024717857
2018-01-19 03:30:00,0.0032846331933223663
2018-01-19 04:00:00,0.0033527202895643686
2018-01-19 04:30:00,0.0034564168745728884
2018-01-19 05:00:00,0.0036035779359243772
2018-01-19 05:30:00,0.003773740948392397
2018-01-19 06:00:00,0.00401684852587984
2018-01-19 06:30:00,0.004300834820187831
2018-01-19 07:00:00,0.004531010171676887
2018-01-19 07:30:00,0.004554659281122621
2018-01-19 08:00:00,0.0046121039100666915
2018-01-19 08:30:00,0.004690502382242659
2018-01-19 09:00:00,0.004757193822760996
2018-01-19 09:30:00,0.004839245290943688
2018-01-19 10:00:00,0.004908359188878783
2018-01-19 10:30:00,0.004929051516821371
2018-01-19 11:00:00,0.004903961779290672
2018-01-19 11:30:00,0.004839126507442318
2018-01-19 12:00:00,0.004757477219221611
2018-01-19 12:30:00,0.00465719444985882
2018-01-19 13:00:00,0.004528516676079557
2018-01-19 13:30:00,0.004377544963369565
2018-01-19 14:00:00,0.0041965509727752495
2018-01-19 14:30:00,0.004026084245616117
2018-01-19 15:00:00,0.003880533567888268
2018-01-19 15:30:00,0.0037565246008057227
2018-01-19 16:00:00,0.0036612689045066905
2018-01-19 16:30:00,0.003560895333324729
2018-01-19 17:00:00,0.003613108143959257
2018-01-19 17:30:00,0.003608153319094764
2018-01-19 18:00:00,0.003537468968152789
2018-01-19 18:30:00,0.003454448980843891
2018-01-19 19:00:00,0.003352075601689991
2018-01-19 19:30:00,0.0032645909479208143
2018-01-19 20:00:00,0.003190100382355533
2018-01-19 20:30:00,0.003130227497988483
2018-01-19 21:00:00,0.003087297547401684
2018-01-19 21:30:00,0.003062470636013875
2018-01-19 22:00:00,0.0030469705991036334
2018-01-19 22:30:00,0.003033610833168224
2018-01-19 23:00:00,0.0030265149810672163
2018-01-19 23:30:00,0.0030182403186752244
2018-01-20 00:00:00,0.003162459169165289
2018-01-20 00:30:00,0.0031807727516162845
2018-01-20 01:00:00,0.0031390470217129533
2018-01-20 01:30:00,0.0031348513827413474
2018-01-20 02:00:00,0.0031124155187018093
2018-01-20 02:30:00,0.003118518651302818
2018-01-20 03:00:00,0.0031192951807969263
2018-01-20 03:30:00,0.003127194283638106
2018-01-20 04:00:00,0.0031666319186166806
2018-01-20 04:30:00,0.0032193917585338393
2018-01-20 05:00:00,0.0032336617106111226
2018-01-20 05:30:00,0.0032593677005769905
2018-01-20 06:00:00,0.003294786712234772
2018-01-20 06:30:00,0.00338401732213828
2018-01-20 07:00:00,0.0034412769190577197
2018-01-20 07:30:00,0.0033364156910603744
2018-01-20 08:00:00,0.003326543198988648
2018-01-20 08:30:00,0.0033075147475792733
2018-01-20 09:00:00,0.003323423972476412
2018-01-20 09:30:00,0.0033396201230553426
2018-01-20 10:00:00,0.0033433542407317225
2018-01-20 10:30:00,0.0033231564575111
2018-01-20 11:00:00,0.0032780690436005856
2018-01-20 11:30:00,0.0032540341398626235
2018-01-20 12:00:00,0.0032084563154606673
2018-01-20 12:30:00,0.0031768488626754054
2018-01-20 13:00:00,0.0031568734203890124
2018-01-20 13:30:00,0.003143866727823765
2018-01-20 14:00:00,0.003140462390657771
2018-01-20 14:30:00,0.0031363524613433518
2018-01-20 15:00:00,0.003134923630940611
2018-01-20 15:30:00,0.003152576039012583
2018-01-20 16:00:00,0.0031621649329539128
2018-01-20 16:30:00,0.0031634324275313618
2018-01-20 17:00:00,0.003312776211346713
2018-01-20 17:30:00,0.003413578935823951
2018-01-20 18:00:00,0.00345286284801149
2018-01-20 18:30:00,0.003481741960738732
2018-01-20 19:00:00,0.0034495338849263747
2018-01-20 19:30:00,0.003422158674178081
2018-01-20 20:00:00,0.0033668556774798684
2018-01-20 20:30:00,0.003328522638312643
2018-01-20 21:00:00,0.003269307903277894
2018-01-20 21:30:00,0.0032016740598700705
2018-01-20 22:00:00,0.0031730658400769833
2018-01-20 22:30:00,0.0031237084718803393
2018-01-20 23:00:00,0.0031121755316616873
2018-01-20 23:30:00,0.003099344543893672
2018-01-21 00:00:00,0.002899768397116695
2018-01-21 00:30:00,0.0027565740291172333
2018-01-21 01:00:00,0.0027488165488801924
2018-01-21 01:30:00,0.002758092804242574
2018-01-21 02:00:00,0.0027825346271823904
2018-01-21 02:30:00,0.0027918968442891857
2018-01-21 03:00:00,0.002818725529929303
2018-01-21 03:30:00,0.002829751270647193
2018-01-21 04:00:00,0.002857896204534466
2018-01-21 04:30:00,0.0028787931264705018
2018-01-21 05:00:00,0.002912920140672369
2018-01-21 05:30:00,0.0029512945221448253
2018-01-21 06:00:00,0.0029283078475142517
2018-01-21 06:30:00,0.0029649087953446326
2018-01-21 07:00:00,0.0029879020746605544
2018-01-21 07:30:00,0.0027758793227193198
2018-01-21 08:00:00,0.0027633064722717713
2018-01-21 08:30:00,0.0027083679432863823
2018-01-21 09:00:00,0.002661960499820308
2018-01-21 09:30:00,0.0026171121150184535
2018-01-21 10:00:00,0.0025613421519409115
2018-01-21 10:30:00,0.0025059576806509267
2018-01-21 11:00:00,0.0024393327911605223
2018-01-21 11:30:00,0.0024077777725184804
2018-01-21 12:00:00,0.0023755315811173983
2018-01-21 12:30:00,0.0023566496428043667
2018-01-21 13:00:00,0.0023514450499153424
2018-01-21 13:30:00,0.002333079386243245
2018-01-21 14:00:00,0.0023323364851852214
2018-01-21 14:30:00,0.0023365668113592645
2018-01-21 15:00:00,0.0023399290499583466
2018-01-21 15:30:00,0.0023540827394065277
2018-01-21 16:00:00,0.0023479849510547315
2018-01-21 16:30:00,0.002342259697207023
2018-01-21 17:00:00,0.002461185123686959
2018-01-21 17:30:00,0.002540158052235856
2018-01-21 18:00:00,0.002594814747701439
2018-01-21 18:30:00,0.0026307653609035572
2018-01-21 19:00:00,0.002644338291798134
2018-01-21 19:30:00,0.002649676894257041
2018-01-21 20:00:00,0.002648091114346758
2018-01-21 20:30:00,0.002671202521737261
2018-01-21 21:00:00,0.0026791531007901983
2018-01-21 21:30:00,0.002702961529363407
2018-01-21 22:00:00,0.0027311395875123093
2018-01-21 22:30:00,0.0027570863207799804
2018-01-21 23:00:00,0.002807729182582083
2018-01-21 23:30:00,0.0028262241670016413
2018-01-22 00:00:00,0.0029970491605278123
2018-01-22 00:30:00,0.0031117700241483056
2018-01-22 01:00:00,0.0031220743920573595
2018-01-22 01:30:00,0.0031640862913808027
2018-01-22 02:00:00,0.003167204610379022
2018-01-22 02:30:00,0.003179002746360496
2018-01-22 03:00:00,0.003201471633826774
2018-01-22 03:30:00,0.003234874199755636
2018-01-22 04:00:00,0.0033183314071510745
2018-01-22 04:30:00,0.0034121947248603925
2018-01-22 05:00:00,0.003545539339056005
2018-01-22 05:30:00,0.0037471317803095677
2018-01-22 06:00:00,0.003985434625667483
2018-01-22 06:30:00,0.004286576766627664
2018-01-22 07:00:00,0.004514984684150648
2018-01-22 07:30:00,0.0045101306437595155
2018-01-22 08:00:00,0.004585150895006208
2018-01-22 08:30:00,0.004677828444817076
2018-01-22 09:00:00,0.004769661099077869
2018-01-22 09:30:00,0.0048724538001251915
2018-01-22 10:00:00,0.004953318996234981
2018-01-22 10:30:00,0.004976721261868018
2018-01-22 11:00:00,0.004950351828738082
2018-01-22 11:30:00,0.004885734511506208
2018-01-22 12:00:00,0.004806984932240448
2018-01-22 12:30:00,0.004701347477253668
2018-01-22 13:00:00,0.004575722328541262
2018-01-22 13:30:00,0.004439460308867363
2018-01-22 14:00:00,0.00426954151850488
2018-01-22 14:30:00,0.004093887189135824
2018-01-22 15:00:00,0.003948984476416303
2018-01-22 15:30:00,0.0038406879045240405
2018-01-22 16:00:00,0.0037584629499117133
2018-01-22 16:30:00,0.003661148053890058
2018-01-22 17:00:00,0.0036862866459253527
2018-01-22 17:30:00,0.0037097819317451594
2018-01-22 18:00:00,0.0036610582604197943
2018-01-22 18:30:00,0.0035646974641349582
2018-01-22 19:00:00,0.0034675253503186863
2018-01-22 19:30:00,0.003373236761457388
2018-01-22 20:00:00,0.003300354613235376
2018-01-22 20:30:00,0.003252509970070624
2018-01-22 21:00:00,0.0032123935146071334
2018-01-22 21:30:00,0.0032009781982886088
2018-01-22 22:00:00,0.0032034690721787786
2018-01-22 22:30:00,0.00320163962475486
2018-01-22 23:00:00,0.0031935792869232787
2018-01-22 23:30:00,0.0031928696109617765
2018-01-23 00:00:00,0.0031995761395493772
2018-01-23 00:30:00,0.0032039095189818254
2018-01-23 01:00:00,0.0032125803616597994
2018-01-23 01:30:00,0.0031986204264543043
2018-01-23 02:00:00,0.0032160577537041837
2018-01-23 02:30:00,0.0032370689719889495
2018-01-23 03:00:00,0.0032565971611171656
2018-01-23 03:30:00,0.0032997721909060725
2018-01-23 04:00:00,0.0033712272229184876
2018-01-23 04:30:00,0.0034870252048425855
2018-01-23 05:00:00,0.003645820747147769
2018-01-23 05:30:00,0.003827927602014481
2018-01-23 06:00:00,0.00408773409284642
2018-01-23 06:30:00,0.004345154426822291
2018-01-23 07:00:00,0.004573699126874656
2018-01-23 07:30:00,0.004604200824247324
2018-01-23 08:00:00,0.004666061618069197
2018-01-23 08:30:00,0.004756890309739666
2018-01-23 09:00:00,0.004832252945858095
2018-01-23 09:30:00,0.004928299238118503
2018-01-23 10:00:00,0.004995749259520383
2018-01-23 10:30:00,0.005015781068510737
2018-01-23 11:00:00,0.0049949826118455744
2018-01-23 11:30:00,0.004935938640698407
2018-01-23 12:00:00,0.004851940151609115
2018-01-23 12:30:00,0.0047462419940180675
2018-01-23 13:00:00,0.00461593336713233
2018-01-23 13:30:00,0.00446658978498676
2018-01-23 14:00:00,0.004273036354985374
2018-01-23 14:30:00,0.004077029158333634
2018-01-23 15:00:00,0.003917505033524921
2018-01-23 15:30:00,0.0037921306107685073
2018-01-23 16:00:00,0.0036974587484872503
2018-01-23 16:30:00,0.003599264269713082
2018-01-23 17:00:00,0.0036220290571664345
2018-01-23 17:30:00,0.003624570953511353
2018-01-23 18:00:00,0.003569094722470733
2018-01-23 18:30:00,0.003478299356731676
2018-01-23 19:00:00,0.003381651634765048
2018-01-23 19:30:00,0.00328498646836231
2018-01-23 20:00:00,0.0031997346015802805
2018-01-23 20:30:00,0.0031446877255047194
2018-01-23 21:00:00,0.003093527832800002
2018-01-23 21:30:00,0.0030601744238804088
2018-01-23 22:00:00,0.0030342488659398075
2018-01-23 22:30:00,0.00302709246248687
2018-01-23 23:00:00,0.003027121099595859
2018-01-23 23:30:00,0.003028853795942048
2018-01-24 00:00:00,0.0030412685876982557
2018-01-24 00:30:00,0.003044404099045358
2018-01-24 01:00:00,0.0030409249423903844
2018-01-24 01:30:00,0.003034428049540772
2018-01-24 02:00:00,0.0030470893826050043
2018-01-24 02:30:00,0.0030759985441297056
2018-01-24 03:00:00,0.0031038626528460795
2018-01-24 03:30:00,0.003141585288001802
2018-01-24 04:00:00,0.003202227391333376
2018-01-24 04:30:00,0.003314458490247499
2018-01-24 05:00:00,0.003462028134576539
2018-01-24 05:30:00,0.003610188469695929
2018-01-24 06:00:00,0.00384312634427099
2018-01-24 06:30:00,0.004122011552705372
2018-01-24 07:00:00,0.004348946625395777
2018-01-24 07:30:00,0.00437745310278404
2018-01-24 08:00:00,0.0044449453740051685
2018-01-24 08:30:00,0.004545217101947415
2018-01-24 09:00:00,0.0046289666801087506
2018-01-24 09:30:00,0.004729907497968949
2018-01-24 10:00:00,0.004806151330198144
2018-01-24 10:30:00,0.004827996604282223
2018-01-24 11:00:00,0.0048050537928291505
2018-01-24 11:30:00,0.004743772245037522
2018-01-24 12:00:00,0.004666812031326586
2018-01-24 12:30:00,0.004565802343235966
2018-01-24 13:00:00,0.004437935886988137
2018-01-24 13:30:00,0.0042983496434689916
2018-01-24 14:00:00,0.004121002800457733
2018-01-24 14:30:00,0.0039359172324991264
2018-01-24 15:00:00,0.003779193040520908
2018-01-24 15:30:00,0.0036524914289316874
2018-01-24 16:00:00,0.003553139113523823
2018-01-24 16:30:00,0.003449430226658625
2018-01-24 17:00:00,0.003457981882495665
2018-01-24 17:30:00,0.0034762305776944256
2018-01-24 18:00:00,0.003430292571062506
2018-01-24 18:30:00,0.0033599695619517403
2018-01-24 19:00:00,0.003265918893015302
2018-01-24 19:30:00,0.003170170719109567
2018-01-24 20:00:00,0.003087388601308083
2018-01-24 20:30:00,0.0030249496202223213
2018-01-24 21:00:00,0.002973834094869559
2018-01-24 21:30:00,0.002955121912095202
2018-01-24 22:00:00,0.0029398869701128924
2018-01-24 22:30:00,0.0029260074003153707
2018-01-24 23:00:00,0.002919209263229472
2018-01-24 23:30:00,0.0029073251655035836
2018-01-25 00:00:00,0.0029078119459389562
2018-01-25 00:30:00,0.0029079437371412418
2018-01-25 01:00:00,0.0029046697794890613
2018-01-25 01:30:00,0.0029049686036879694
2018-01-25 02:00:00,0.0029157487610292983
2018-01-25 02:30:00,0.0029486618239807348
2018-01-25 03:00:00,0.0029709205211171244
2018-01-25 03:30:00,0.003007058031789355
2018-01-25 04:00:00,0.0030704854468922562
2018-01-25 04:30:00,0.003182793785332737
2018-01-25 05:00:00,0.003338275943543435
2018-01-25 05:30:00,0.003491643896598573
2018-01-25 06:00:00,0.0037108802757932794
2018-01-25 06:30:00,0.003999558014230976
2018-01-25 07:00:00,0.004224835058811835
2018-01-25 07:30:00,0.0042564229496282815
2018-01-25 08:00:00,0.004329750031805981
2018-01-25 08:30:00,0.00444912306436621
2018-01-25 09:00:00,0.004563648762055545
2018-01-25 09:30:00,0.004677256206811744
2018-01-25 10:00:00,0.004764449548581379
2018-01-25 10:30:00,0.004792297322045442
2018-01-25 11:00:00,0.004771514141866237
2018-01-25 11:30:00,0.00470884223218271
2018-01-25 12:00:00,0.004627113939825055
2018-01-25 12:30:00,0.0045250277384401745
2018-01-25 13:00:00,0.004400915314759661
2018-01-25 13:30:00,0.004264870140518445
2018-01-25 14:00:00,0.004095166078055934
2018-01-25 14:30:00,0.003928617542666351
2018-01-25 15:00:00,0.003788296716967673
2018-01-25 15:30:00,0.0036677531929949513
2018-01-25 16:00:00,0.003572943943174969
2018-01-25 16:30:00,0.0034723398634326228
2018-01-25 17:00:00,0.003464456339582072
2018-01-25 17:30:00,0.0034838418977572406
2018-01-25 18:00:00,0.0034243184062868392
2018-01-25 18:30:00,0.0033690429375138175
2018-01-25 19:00:00,0.0032891481763931583
2018-01-25 19:30:00,0.0031944986490402153
2018-01-25 20:00:00,0.0031168154995796357
2018-01-25 20:30:00,0.003050599697241237
2018-01-25 21:00:00,0.002997536848477202
2018-01-25 21:30:00,0.002979473689477527
2018-01-25 22:00:00,0.0029617320929446363
2018-01-25 22:30:00,0.0029480176402808117
2018-01-25 23:00:00,0.0029484836991461234
2018-01-25 23:30:00,0.0029367084526848615
2018-01-26 00:00:00,0.002950529790332942
2018-01-26 00:30:00,0.002955277752418945
2018-01-26 01:00:00,0.0029586515870304694
2018-01-26 01:30:00,0.0029678080505425725
2018-01-26 02:00:00,0.002975183467378344
2018-01-26 02:30:00,0.0030035077361189166
2018-01-26 03:00:00,0.0030164297273758862
2018-01-26 03:30:00,0.00305578729945116
2018-01-26 04:00:00,0.003128197792471421
2018-01-26 04:30:00,0.00322994725573845
2018-01-26 05:00:00,0.0033840844277581135
2018-01-26 05:30:00,0.003544696258533965
2018-01-26 06:00:00,0.003774681687506185
2018-01-26 06:30:00,0.004037073181598863
2018-01-26 07:00:00,0.004255320168844966
2018-01-26 07:30:00,0.004299204824177929
2018-01-26 08:00:00,0.004378112210047802
2018-01-26 08:30:00,0.00449817313823312
2018-01-26 09:00:00,0.004591890194933321
2018-01-26 09:30:00,0.004692590017404489
2018-01-26 10:00:00,0.004770421646241784
2018-01-26 10:30:00,0.004786944552284376
2018-01-26 11:00:00,0.004762733792496846
2018-01-26 11:30:00,0.004706137890828701
2018-01-26 12:00:00,0.0046290999334169525
2018-01-26 12:30:00,0.004525921942251855
2018-01-26 13:00:00,0.004395980656873328
2018-01-26 13:30:00,0.0042472825692812625
2018-01-26 14:00:00,0.004070895976935163
2018-01-26 14:30:00,0.0038976776672756796
2018-01-26 15:00:00,0.0037480119176539796
2018-01-26 15:30:00,0.003623839547630881
2018-01-26 16:00:00,0.0035254232320969365
2018-01-26 16:30:00,0.0034238760436208675
2018-01-26 17:00:00,0.0034063519479474486
2018-01-26 17:30:00,0.0034201262965364125
2018-01-26 18:00:00,0.003378059996789379
2018-01-26 18:30:00,0.003326619228496317
2018-01-26 19:00:00,0.003239948564383182
2018-01-26 19:30:00,0.003149122040662866
2018-01-26 20:00:00,0.0030694464945948225
2018-01-26 20:30:00,0.0030039416286540615
2018-01-26 21:00:00,0.002958532601859317
2018-01-26 21:30:00,0.002935178888226204
2018-01-26 22:00:00,0.0029188497364262987
2018-01-26 22:30:00,0.002904208056524054
2018-01-26 23:00:00,0.0029011149966659826
2018-01-26 23:30:00,0.0028913655231610413
2018-01-27 00:00:00,0.003020616039120092
2018-01-27 00:30:00,0.0030140249160650204
2018-01-27 01:00:00,0.0029932582223904623
2018-01-27 01:30:00,0.0030062265976972024
2018-01-27 02:00:00,0.002988328454996334
2018-01-27 02:30:00,0.003009111937680211
2018-01-27 03:00:00,0.003026017461715972
2018-01-27 03:30:00,0.0030428279992845923
2018-01-27 04:00:00,0.0030890949797477718
2018-01-27 04:30:00,0.0031335280760518367
2018-01-27 05:00:00,0.0031634300074939825
2018-01-27 05:30:00,0.00320646966644198
2018-01-27 06:00:00,0.0032646831614284574
2018-01-27 06:30:00,0.0033488490868539365
2018-01-27 07:00:00,0.003404105699502377
2018-01-27 07:30:00,0.0032762647544819236
2018-01-27 08:00:00,0.0032690192129855122
2018-01-27 08:30:00,0.0032369723721635563
2018-01-27 09:00:00,0.003249696575782207
2018-01-27 09:30:00,0.003249246196742415
2018-01-27 10:00:00,0.003255522866190504
2018-01-27 10:30:00,0.003238907595387932
2018-01-27 11:00:00,0.0031976482268545846
2018-01-27 11:30:00,0.0031673266710143437
2018-01-27 12:00:00,0.0031190807554016243
2018-01-27 12:30:00,0.003081208632520279
2018-01-27 13:00:00,0.003060154811494147
2018-01-27 13:30:00,0.0030528567350196247
2018-01-27 14:00:00,0.003050531381602715
2018-01-27 14:30:00,0.003053907031242275
2018-01-27 15:00:00,0.0030604085120794185
2018-01-27 15:30:00,0.0030753439240185842
2018-01-27 16:00:00,0.0030799116437372686
2018-01-27 16:30:00,0.0030743184835965182
2018-01-27 17:00:00,0.003137681263534412
2018-01-27 17:30:00,0.0032857767114015677
2018-01-27 18:00:00,0.003342284533792592
2018-01-27 18:30:00,0.003391251015535022
2018-01-27 19:00:00,0.0033705963998415965
2018-01-27 19:30:00,0.0033380189154067668
2018-01-27 20:00:00,0.00328691155768016
2018-01-27 20:30:00,0.0032628032965591348
2018-01-27 21:00:00,0.003213788565321454
2018-01-27 21:30:00,0.003151380288459943
2018-01-27 22:00:00,0.0031328071065825636
2018-01-27 22:30:00,0.0030896818892297163
2018-01-27 23:00:00,0.0030810940336668765
2018-01-27 23:30:00,0.003062702405010396
2018-01-28 00:00:00,0.0028675143910115754
2018-01-28 00:30:00,0.002727757534857184
2018-01-28 01:00:00,0.0027171795010544784
2018-01-28 01:30:00,0.00271396014549567
2018-01-28 02:00:00,0.002744024673199243
2018-01-28 02:30:00,0.00275421383724555
2018-01-28 03:00:00,0.0027844358186311187
2018-01-28 03:30:00,0.0027928908746427646
2018-01-28 04:00:00,0.002821266367507868
2018-01-28 04:30:00,0.0028597162743135398
2018-01-28 05:00:00,0.0028992390643574014
2018-01-28 05:30:00,0.00295575112181384
2018-01-28 06:00:00,0.0029489610515192055
2018-01-28 06:30:00,0.002973180029350337
2018-01-28 07:00:00,0.0029827867710673405
2018-01-28 07:30:00,0.0027474140363839524
2018-01-28 08:00:00,0.002736788408512786
2018-01-28 08:30:00,0.002692542260096278
2018-01-28 09:00:00,0.002644387398389957
2018-01-28 09:30:00,0.002590584875284404
2018-01-28 10:00:00,0.002514475556799546
2018-01-28 10:30:00,0.002464161820081039
2018-01-28 11:00:00,0.0023962331858699403
2018-01-28 11:30:00,0.0023544698949697833
2018-01-28 12:00:00,0.0023296536720803993
2018-01-28 12:30:00,0.002305169498486445
2018-01-28 13:00:00,0.002303172564308895
2018-01-28 13:30:00,0.002286065824248528
2018-01-28 14:00:00,0.0022769504005369836
2018-01-28 14:30:00,0.0022816909512585123
2018-01-28 15:00:00,0.002272127669379447
2018-01-28 15:30:00,0.0022827561710450014
2018-01-28 16:00:00,0.0022704102495192152
2018-01-28 16:30:00,0.002255759998651253
2018-01-28 17:00:00,0.0023025870160979763
2018-01-28 17:30:00,0.002426985205859038
2018-01-28 18:00:00,0.0024901599791430215
2018-01-28 18:30:00,0.002525219211910403
2018-01-28 19:00:00,0.0025308406562380248
2018-01-28 19:30:00,0.002542546881216529
2018-01-28 20:00:00,0.00253840448306727
2018-01-28 20:30:00,0.002563749736211275
2018-01-28 21:00:00,0.0025679913558930884
2018-01-28 21:30:00,0.002579125040361588
2018-01-28 22:00:00,0.0026045981521471365
2018-01-28 22:30:00,0.002613701526089229
2018-01-28 23:00:00,0.0026549463743983006
2018-01-28 23:30:00,0.0026735562601759334
2018-01-29 00:00:00,0.0028371111084923356
2018-01-29 00:30:00,0.002957903140053452
2018-01-29 01:00:00,0.002963660056056874
2018-01-29 01:30:00,0.0030024053586751647
2018-01-29 02:00:00,0.0030095795594863306
2018-01-29 02:30:00,0.0030232503002249897
2018-01-29 03:00:00,0.003056366192559286
2018-01-29 03:30:00,0.003092180124066915
2018-01-29 04:00:00,0.0031770676239710116
2018-01-29 04:30:00,0.0032717180588379725
2018-01-29 05:00:00,0.0033932536973013483
2018-01-29 05:30:00,0.003582795360754517
2018-01-29 06:00:00,0.0038363083427116022
2018-01-29 06:30:00,0.004105419473927685
2018-01-29 07:00:00,0.004311708199385712
2018-01-29 07:30:00,0.004335418061853156
2018-01-29 08:00:00,0.0044060676247578015
2018-01-29 08:30:00,0.004480171639769173
2018-01-29 09:00:00,0.004558571120294048
2018-01-29 09:30:00,0.004652602479348896
2018-01-29 10:00:00,0.004725693708716998
2018-01-29 10:30:00,0.004755587522950434
2018-01-29 11:00:00,0.004736186133697409
2018-01-29 11:30:00,0.004676171727561111
2018-01-29 12:00:00,0.004592074672366053
2018-01-29 12:30:00,0.004481948703467317
2018-01-29 13:00:00,0.004349197653856442
2018-01-29 13:30:00,0.004204173334258607
2018-01-29 14:00:00,0.004027012329951108
2018-01-29 14:30:00,0.003851845587696552
2018-01-29 15:00:00,0.0037027053391082954
2018-01-29 15:30:00,0.0035789577360627236
2018-01-29 16:00:00,0.0034798748010656513
2018-01-29 16:30:00,0.00338152392737584
2018-01-29 17:00:00,0.0033374168302737557
2018-01-29 17:30:00,0.0033942305857234895
2018-01-29 18:00:00,0.0033547521126141384
2018-01-29 18:30:00,0.0032910242095366303
2018-01-29 19:00:00,0.0032022939927787543
2018-01-29 19:30:00,0.0031029427865546895
2018-01-29 20:00:00,0.0030172871264524215
2018-01-29 20:30:00,0.0029607869675130983
2018-01-29 21:00:00,0.0029131245329960353
2018-01-29 21:30:00,0.002891681741378613
2018-01-29 22:00:00,0.00287631072271116
2018-01-29 22:30:00,0.002866733021442709
2018-01-29 23:00:00,0.0028643491837891315
2018-01-29 23:30:00,0.0028548985344830978
2018-01-30 00:00:00,0.0028613222716194287
2018-01-30 00:30:00,0.002857471790479057
2018-01-30 01:00:00,0.002857782815699753
2018-01-30 01:30:00,0.0028676462830487517
2018-01-30 02:00:00,0.00288026718132177
2018-01-30 02:30:00,0.0029040275116520636
2018-01-30 03:00:00,0.002920133263751386
2018-01-30 03:30:00,0.0029597332933216066
2018-01-30 04:00:00,0.003026990417577373
2018-01-30 04:30:00,0.003122946613862844
2018-01-30 05:00:00,0.0032587810431822725
2018-01-30 05:30:00,0.0034254976703348324
2018-01-30 06:00:00,0.003673466346655763
2018-01-30 06:30:00,0.003947058731671663
2018-01-30 07:00:00,0.004143086851563246
2018-01-30 07:30:00,0.004200088260744772
2018-01-30 08:00:00,0.004281128052467995
2018-01-30 08:30:00,0.004402287173449096
2018-01-30 09:00:00,0.004516754437319209
2018-01-30 09:30:00,0.00463053899856111
2018-01-30 10:00:00,0.004715696836807461
2018-01-30 10:30:00,0.004747884695224211
2018-01-30 11:00:00,0.004730446561295206
2018-01-30 11:30:00,0.004673386970381683
2018-01-30 12:00:00,0.00459753987303037
2018-01-30 12:30:00,0.004497583002034669
2018-01-30 13:00:00,0.0043734456721361255
2018-01-30 13:30:00,0.004239195661455954
2018-01-30 14:00:00,0.004064999051685856
2018-01-30 14:30:00,0.0038900274753624576
2018-01-30 15:00:00,0.003741943774760081
2018-01-30 15:30:00,0.0036112725960244446
2018-01-30 16:00:00,0.0035057073892369277
2018-01-30 16:30:00,0.003408717635320681
2018-01-30 17:00:00,0.003364782764212095
2018-01-30 17:30:00,0.003413538047275729
2018-01-30 18:00:00,0.003361474673949377
2018-01-30 18:30:00,0.0032933601001996294
2018-01-30 19:00:00,0.003218335160130514
2018-01-30 19:30:00,0.0031282934343653517
2018-01-30 20:00:00,0.003045012435941599
2018-01-30 20:30:00,0.002989500206844961
2018-01-30 21:00:00,0.002944510854865757
2018-01-30 21:30:00,0.0029180859121284318
2018-01-30 22:00:00,0.002900983760055597
2018-01-30 22:30:00,0.002883368307971106
2018-01-30 23:00:00,0.0028785794573368806
2018-01-30 23:30:00,0.002872626467888284
2018-01-31 00:00:00,0.002879918343017022
2018-01-31 00:30:00,0.0028850270923423335
2018-01-31 01:00:00,0.0028867708301090656
2018-01-31 01:30:00,0.0028849077542490624
2018-01-31 02:00:00,0.002894601818981505
2018-01-31 02:30:00,0.0029254235662975964
2018-01-31 03:00:00,0.0029533638053565294
2018-01-31 03:30:00,0.0029929124091324383
2018-01-31 04:00:00,0.003060184255282263
2018-01-31 04:30:00,0.003156673716887769
2018-01-31 05:00:00,0.0032935708955388623
2018-01-31 05:30:00,0.0034660138857229286
2018-01-31 06:00:00,0.0036999194727450686
2018-01-31 06:30:00,0.003974856793534558
2018-01-31 07:00:00,0.004160208515187452
2018-01-31 07:30:00,0.0042163525252924446
2018-01-31 08:00:00,0.004294095469843272
2018-01-31 08:30:00,0.004414186245156269
2018-01-31 09:00:00,0.004530818484549462
2018-01-31 09:30:00,0.0046446477156479905
2018-01-31 10:00:00,0.004731685368346219
2018-01-31 10:30:00,0.0047613270953526365
2018-01-31 11:00:00,0.004742417830784197
2018-01-31 11:30:00,0.004687706583642688
2018-01-31 12:00:00,0.004604849091760325
2018-01-31 12:30:00,0.004500110630242539
2018-01-31 13:00:00,0.0043691640210026614
2018-01-31 13:30:00,0.004221644239527126
2018-01-31 14:00:00,0.004040224070266813
2018-01-31 14:30:00,0.003863071889012259
2018-01-31 15:00:00,0.003712852858344699
2018-01-31 15:30:00,0.0035893150422894515
2018-01-31 16:00:00,0.003491619343302662
2018-01-31 16:30:00,0.0033948682151555103
2018-01-31 17:00:00,0.0033488786818943878
2018-01-31 17:30:00,0.0033991285901270145
2018-01-31 18:00:00,0.0033463156102224003
2018-01-31 18:30:00,0.0032826189155435977
2018-01-31 19:00:00,0.003205510323290838
2018-01-31 19:30:00,0.003121195061392074
2018-01-31 20:00:00,0.003043025383583348
2018-01-31 20:30:00,0.0029881180125792186
2018-01-31 21:00:00,0.0029366857144169844
2018-01-31 21:30:00,0.002895989206244124
2018-01-31 22:00:00,0.002872011375054359
2018-01-31 22:30:00,0.002854269728104023
2018-01-31 23:00:00,0.0028435616677096208
2018-01-31 23:30:00,0.0028312195779096852
2018-02-01 00:00:00,0.0028365542478078513
2018-02-01 00:30:00,0.0028319806796654997
2018-02-01 01:00:00,0.0028255631438749533
2018-02-01 01:30:00,0.0028324652921507204
2018-02-01 02:00:00,0.002836842837265342
2018-02-01 02:30:00,0.0028639254755779583
2018-02-01 03:00:00,0.002883549609104778
2018-02-01 03:30:00,0.0029182563735113422
2018-02-01 04:00:00,0.0029844806963980133
2018-02-01 04:30:00,0.003077468616002787
2018-02-01 05:00:00,0.0032064636163485318
2018-02-01 05:30:00,0.003363576073073803
2018-02-01 06:00:00,0.003593109509647979
2018-02-01 06:30:00,0.003896571508523522
2018-02-01 07:00:00,0.0040790468140812445
2018-02-01 07:30:00,0.004137632339397355
2018-02-01 08:00:00,0.004222898121394316
2018-02-01 08:30:00,0.004338150788228927
2018-02-01 09:00:00,0.0044482063743738805
2018-02-01 09:30:00,0.004567305186448559
2018-02-01 10:00:00,0.004660938146849827
2018-02-01 10:30:00,0.004693539024979324
2018-02-01 11:00:00,0.004678890689974287
2018-02-01 11:30:00,0.00462556163709852
2018-02-01 12:00:00,0.004555995192173482
2018-02-01 12:30:00,0.004465051649562383
2018-02-01 13:00:00,0.004344115424107413
2018-02-01 13:30:00,0.004205923878380469
2018-02-01 14:00:00,0.004037196906009883
2018-02-01 14:30:00,0.003867386664407353
2018-02-01 15:00:00,0.003715663832595737
2018-02-01 15:30:00,0.0035858467758026853
2018-02-01 16:00:00,0.0034835399476767183
2018-02-01 16:30:00,0.0033794985577590827
2018-02-01 17:00:00,0.0033226339311069357
2018-02-01 17:30:00,0.0033725623272902227
2018-02-01 18:00:00,0.003312418045814565
2018-02-01 18:30:00,0.0032561305980774004
2018-02-01 19:00:00,0.0031799779710069403
2018-02-01 19:30:00,0.003078946704249687
2018-02-01 20:00:00,0.002992207321158467
2018-02-01 20:30:00,0.0029341979159909844
2018-02-01 21:00:00,0.0028866562312556635
2018-02-01 21:30:00,0.0028573577462175544
2018-02-01 22:00:00,0.002843746800569144
2018-02-01 22:30:00,0.0028264617340043835
2018-02-01 23:00:00,0.002820265379546823
2018-02-01 23:30:00,0.0028162371264939578
2018-02-02 00:00:00,0.0028204085650917693
2018-02-02 00:30:00,0.002827532449292422
2018-02-02 01:00:00,0.002825473098317462
2018-02-02 01:30:00,0.002836405566761356
2018-02-02 02:00:00,0.0028382615337615566
2018-02-02 02:30:00,0.002850749934988054
2018-02-02 03:00:00,0.0028640013538332914
2018-02-02 03:30:00,0.0028953710379460294
2018-02-02 04:00:00,0.0029638316266235826
2018-02-02 04:30:00,0.0030634739431774087
2018-02-02 05:00:00,0.003184078774763741
2018-02-02 05:30:00,0.0033464779543966004
2018-02-02 06:00:00,0.0035834902644045164
2018-02-02 06:30:00,0.003876224691334285
2018-02-02 07:00:00,0.0040540159137093315
2018-02-02 07:30:00,0.0041229093361556755
2018-02-02 08:00:00,0.004220593640799804
2018-02-02 08:30:00,0.004341489532298451
2018-02-02 09:00:00,0.004473035403294396
2018-02-02 09:30:00,0.004597004943934635
2018-02-02 10:00:00,0.0046971218399020475
2018-02-02 10:30:00,0.004736540164999033
2018-02-02 11:00:00,0.004724746516170199
2018-02-02 11:30:00,0.004671543910247504
2018-02-02 12:00:00,0.004599763836964572
2018-02-02 12:30:00,0.0045032673673341544
2018-02-02 13:00:00,0.0043787501924019406
2018-02-02 13:30:00,0.004236318791603773
2018-02-02 14:00:00,0.004061176199305565
2018-02-02 14:30:00,0.0038881991371223375
2018-02-02 15:00:00,0.003736231326943505
2018-02-02 15:30:00,0.003602264359801829
2018-02-02 16:00:00,0.0035039891122801243
2018-02-02 16:30:00,0.003412541092710316
2018-02-02 17:00:00,0.003361808487855395
2018-02-02 17:30:00,0.0034154638928552594
2018-02-02 18:00:00,0.0033560635712039794
2018-02-02 18:30:00,0.0033009704119135366
2018-02-02 19:00:00,0.0032282003920901022
2018-02-02 19:30:00,0.003136248550988375
2018-02-02 20:00:00,0.003053334389897379
2018-02-02 20:30:00,0.0029940736237349763
2018-02-02 21:00:00,0.002946271936233708
2018-02-02 21:30:00,0.0029258676935741573
2018-02-02 22:00:00,0.0029176944710823174
2018-02-02 22:30:00,0.0028975513907899576
2018-02-02 23:00:00,0.002893331047270105
2018-02-02 23:30:00,0.0028925073270470994
2018-02-03 00:00:00,0.0030266997610046203
2018-02-03 00:30:00,0.003043504500567019
2018-02-03 01:00:00,0.0030263392258525383
2018-02-03 01:30:00,0.003031164931639354
2018-02-03 02:00:00,0.003016950237082234
2018-02-03 02:30:00,0.003022310519042665
2018-02-03 03:00:00,0.0030320093230149755
2018-02-03 03:30:00,0.0030490087243340777
2018-02-03 04:00:00,0.003090078372020371
2018-02-03 04:30:00,0.0031427946008472556
2018-02-03 05:00:00,0.003149335205622033
2018-02-03 05:30:00,0.00318360525411651
2018-02-03 06:00:00,0.003234713519357134
2018-02-03 06:30:00,0.0033328977633898856
2018-02-03 07:00:00,0.0033492305452458605
2018-02-03 07:30:00,0.003237399256673789
2018-02-03 08:00:00,0.0032167884033229743
2018-02-03 08:30:00,0.0032066728991644025
2018-02-03 09:00:00,0.0032344289128778303
2018-02-03 09:30:00,0.003248513681678145
2018-02-03 10:00:00,0.0032351938463594954
2018-02-03 10:30:00,0.003229184086867374
2018-02-03 11:00:00,0.0031888471559151327
2018-02-03 11:30:00,0.0031654084384690694
2018-02-03 12:00:00,0.0031251752162020233
2018-02-03 12:30:00,0.0030950785221682837
2018-02-03 13:00:00,0.003081065900732341
2018-02-03 13:30:00,0.003077128499916094
2018-02-03 14:00:00,0.003069439436152466
2018-02-03 14:30:00,0.003070961236324531
2018-02-03 15:00:00,0.003076812180863631
2018-02-03 15:30:00,0.0031012325259717043
2018-02-03 16:00:00,0.0031150712576384493
2018-02-03 16:30:00,0.0031196009121858535
2018-02-03 17:00:00,0.003157456598979997
2018-02-03 17:30:00,0.0033248853221314384
2018-02-03 18:00:00,0.0033699320491635113
2018-02-03 18:30:00,0.003403002767466726
2018-02-03 19:00:00,0.003379351893410403
2018-02-03 19:30:00,0.003349845385992559
2018-02-03 20:00:00,0.0033009034071285947
2018-02-03 20:30:00,0.003270539853556333
2018-02-03 21:00:00,0.0032071326054315926
2018-02-03 21:30:00,0.0031412116443139157
2018-02-03 22:00:00,0.003113216651909274
2018-02-03 22:30:00,0.003065591324632028
2018-02-03 23:00:00,0.003041995506426087
2018-02-03 23:30:00,0.0030227252529485557
2018-02-04 00:00:00,0.0028353682278221748
2018-02-04 00:30:00,0.002697647076860848
2018-02-04 01:00:00,0.002692958657777867
2018-02-04 01:30:00,0.0026911429238990984
2018-02-04 02:00:00,0.002709941018000423
2018-02-04 02:30:00,0.0027268333326654877
2018-02-04 03:00:00,0.0027532969960008835
2018-02-04 03:30:00,0.002767321314284159
2018-02-04 04:00:00,0.002788767988044877
2018-02-04 04:30:00,0.0028058094375134467
2018-02-04 05:00:00,0.0028418090564724975
2018-02-04 05:30:00,0.0028718238221574575
2018-02-04 06:00:00,0.0028578101419551617
2018-02-04 06:30:00,0.002894432466782394
2018-02-04 07:00:00,0.002856791306218444
2018-02-04 07:30:00,0.0026829085954634293
2018-02-04 08:00:00,0.0026738116245369026
2018-02-04 08:30:00,0.002651302705618974
2018-02-04 09:00:00,0.002625001739379897
2018-02-04 09:30:00,0.002600472543007197
2018-02-04 10:00:00,0.002548295175836787
2018-02-04 10:30:00,0.002480699095095571
2018-02-04 11:00:00,0.0024043223120628465
2018-02-04 11:30:00,0.0023700123329516093
2018-02-04 12:00:00,0.002342714210477338
2018-02-04 12:30:00,0.0023310030445891842
2018-02-04 13:00:00,0.0023341754110888756
2018-02-04 13:30:00,0.00232028590905461
2018-02-04 14:00:00,0.0023144058736495124
2018-02-04 14:30:00,0.00232534136714013
2018-02-04 15:00:00,0.0023255679431397744
2018-02-04 15:30:00,0.002327977897030071
2018-02-04 16:00:00,0.002315396223529577
2018-02-04 16:30:00,0.002312370319708783
2018-02-04 17:00:00,0.0023403339020449383
2018-02-04 17:30:00,0.0024943939353731332
2018-02-04 18:00:00,0.0025594021390592226
2018-02-04 18:30:00,0.0026067333813774287
2018-02-04 19:00:00,0.0026310633280058936
2018-02-04 19:30:00,0.0026416375805001936
2018-02-04 20:00:00,0.002643875610901664
2018-02-04 20:30:00,0.0026696118009173287
2018-02-04 21:00:00,0.0026764466419034816
2018-02-04 21:30:00,0.002700869659136162
2018-02-04 22:00:00,0.002736167719342421
2018-02-04 22:30:00,0.002748343986164424
2018-02-04 23:00:00,0.0027875989083208557
2018-02-04 23:30:00,0.0027994432770997663
2018-02-05 00:00:00,0.0029591687187679756
2018-02-05 00:30:00,0.0030826740155709374
2018-02-05 01:00:00,0.003098756373975593
2018-02-05 01:30:00,0.0031238418260234315
2018-02-05 02:00:00,0.0031302109106489456
2018-02-05 02:30:00,0.0031508069916882575
2018-02-05 03:00:00,0.0031819289244742824
2018-02-05 03:30:00,0.003212906965871125
2018-02-05 04:00:00,0.003288164834538005
2018-02-05 04:30:00,0.00338852817097855
2018-02-05 05:00:00,0.0035305218475157225
2018-02-05 05:30:00,0.003735856977411383
2018-02-05 06:00:00,0.003992715056036113
2018-02-05 06:30:00,0.004262089164647422
2018-02-05 07:00:00,0.00441633629711551
2018-02-05 07:30:00,0.004464440892628763
2018-02-05 08:00:00,0.004543334363283705
2018-02-05 08:30:00,0.004629607637092167
2018-02-05 09:00:00,0.004735830438620085
2018-02-05 09:30:00,0.004829046547582755
2018-02-05 10:00:00,0.004900297993950631
2018-02-05 10:30:00,0.0049211191384662244
2018-02-05 11:00:00,0.004888863670255188
2018-02-05 11:30:00,0.004818976419125047
2018-02-05 12:00:00,0.004734405742447868
2018-02-05 12:30:00,0.004634115259215931
2018-02-05 13:00:00,0.004504223080429227
2018-02-05 13:30:00,0.0043444354236333894
2018-02-05 14:00:00,0.004156817941984053
2018-02-05 14:30:00,0.00399299446951854
2018-02-05 15:00:00,0.0038542764144092463
2018-02-05 15:30:00,0.0037279145155671555
2018-02-05 16:00:00,0.0036279259824157422
2018-02-05 16:30:00,0.0035297648799904316
2018-02-05 17:00:00,0.0034706857678838176
2018-02-05 17:30:00,0.00354565171954181
2018-02-05 18:00:00,0.003494998118823836
2018-02-05 18:30:00,0.003435356499278854
2018-02-05 19:00:00,0.0033621738630822354
2018-02-05 19:30:00,0.0032656892919689334
2018-02-05 20:00:00,0.0031951548320921447
2018-02-05 20:30:00,0.003142328995738952
2018-02-05 21:00:00,0.0031051502135667998
2018-02-05 21:30:00,0.003094651234318487
2018-02-05 22:00:00,0.0030811413252306652
2018-02-05 22:30:00,0.0030683683175248637
2018-02-05 23:00:00,0.003074753081975898
2018-02-05 23:30:00,0.0031069336298630646
2018-02-06 00:00:00,0.00313877633044858
2018-02-06 00:30:00,0.0031315374944724077
2018-02-06 01:00:00,0.0031336125756903335
2018-02-06 01:30:00,0.0031347750507290063
2018-02-06 02:00:00,0.0031565521100094546
2018-02-06 02:30:00,0.003181641040861027
2018-02-06 03:00:00,0.003203238412366057
2018-02-06 03:30:00,0.003247053441206918
2018-02-06 04:00:00,0.0033187666609572446
2018-02-06 04:30:00,0.0034340062192560524
2018-02-06 05:00:00,0.0035845229649387206
2018-02-06 05:30:00,0.0037490033767178434
2018-02-06 06:00:00,0.003993008384733472
2018-02-06 06:30:00,0.004305392557252326
2018-02-06 07:00:00,0.004467997540897322
2018-02-06 07:30:00,0.004499435338978801
2018-02-06 08:00:00,0.004544531223020143
2018-02-06 08:30:00,0.004650467653458168
2018-02-06 09:00:00,0.00474551295775753
2018-02-06 09:30:00,0.0048225251518546775
2018-02-06 10:00:00,0.004889576522515752
2018-02-06 10:30:00,0.004916263736804066
2018-02-06 11:00:00,0.004891228550949294
2018-02-06 11:30:00,0.004820247493341119
2018-02-06 12:00:00,0.004733294340281388
2018-02-06 12:30:00,0.004626315125820079
2018-02-06 13:00:00,0.004494668369515881
2018-02-06 13:30:00,0.004345395321376431
2018-02-06 14:00:00,0.004161335345092226
2018-02-06 14:30:00,0.003977053582465688
2018-02-06 15:00:00,0.003817958056360353
2018-02-06 15:30:00,0.0036871686991326908
2018-02-06 16:00:00,0.003589755942849507
2018-02-06 16:30:00,0.003496232237052428
2018-02-06 17:00:00,0.0034424562335231574
2018-02-06 17:30:00,0.0035187009228489245
2018-02-06 18:00:00,0.0034888997758801407
2018-02-06 18:30:00,0.0034305726399717234
2018-02-06 19:00:00,0.003369580337064375
2018-02-06 19:30:00,0.003278108873382455
2018-02-06 20:00:00,0.0032126112171363863
2018-02-06 20:30:00,0.003145431433241869
2018-02-06 21:00:00,0.0030999145131139607
2018-02-06 21:30:00,0.0030885345898421096
2018-02-06 22:00:00,0.0030730128230128987
2018-02-06 22:30:00,0.0030831461245296983
2018-02-06 23:00:00,0.0030863159701571196
2018-02-06 23:30:00,0.0030741153517089862
2018-02-07 00:00:00,0.0030804883688952418
2018-02-07 00:30:00,0.0030702211586434505
2018-02-07 01:00:00,0.0030701413982448214
2018-02-07 01:30:00,0.0030644397397615623
2018-02-07 02:00:00,0.0030817403853169514
2018-02-07 02:30:00,0.0031214273345630487
2018-02-07 03:00:00,0.003147316995282523
2018-02-07 03:30:00,0.003200751723123855
2018-02-07 04:00:00,0.0032706662500919604
2018-02-07 04:30:00,0.003382704351025077
2018-02-07 05:00:00,0.003532875485119503
2018-02-07 05:30:00,0.0036986452222299354
2018-02-07 06:00:00,0.0039460727176919026
2018-02-07 06:30:00,0.004228369120064853
2018-02-07 07:00:00,0.004365886029954849
2018-02-07 07:30:00,0.00442904613176222
2018-02-07 08:00:00,0.004474859506469102
2018-02-07 08:30:00,0.004550868494237607
2018-02-07 09:00:00,0.004637314346961687
2018-02-07 09:30:00,0.004728243923940409
2018-02-07 10:00:00,0.004803145290850838
2018-02-07 10:30:00,0.004822193556316258
2018-02-07 11:00:00,0.004798756200141219
2018-02-07 11:30:00,0.004739197517293926
2018-02-07 12:00:00,0.004660262250576745
2018-02-07 12:30:00,0.0045608739875303075
2018-02-07 13:00:00,0.004433011816765339
2018-02-07 13:30:00,0.004281053636318579
2018-02-07 14:00:00,0.004097955977814793
2018-02-07 14:30:00,0.003923416327746169
2018-02-07 15:00:00,0.003772639024705654
2018-02-07 15:30:00,0.0036544612889410555
2018-02-07 16:00:00,0.003563847577257788
2018-02-07 16:30:00,0.0034577798597919323
2018-02-07 17:00:00,0.003378806679155808
2018-02-07 17:30:00,0.003434862811653461
2018-02-07 18:00:00,0.0034140431292437826
2018-02-07 18:30:00,0.003353067363258528
2018-02-07 19:00:00,0.0032878648003204073
2018-02-07 19:30:00,0.0031927484074230263
2018-02-07 20:00:00,0.003120717003174756
2018-02-07 20:30:00,0.0030725484783407303
2018-02-07 21:00:00,0.0030346406599080396
2018-02-07 21:30:00,0.0030131233008888663
2018-02-07 22:00:00,0.002996135646834542
2018-02-07 22:30:00,0.0029815473085895356
2018-02-07 23:00:00,0.0029777885367823533
2018-02-07 23:30:00,0.0029782398737536074
2018-02-08 00:00:00,0.0029985416177466524
2018-02-08 00:30:00,0.002997193001499549
2018-02-08 01:00:00,0.0029986676613601615
2018-02-08 01:30:00,0.0029959738068347968
2018-02-08 02:00:00,0.003004826404403451
2018-02-08 02:30:00,0.003027244067745199
2018-02-08 03:00:00,0.003040775404247317
2018-02-08 03:30:00,0.0030868824605736755
2018-02-08 04:00:00,0.0031579375814091487
2018-02-08 04:30:00,0.003254984256621256
2018-02-08 05:00:00,0.003401268709849511
2018-02-08 05:30:00,0.0035751631678693045
2018-02-08 06:00:00,0.003819833786999152
2018-02-08 06:30:00,0.004119606791811951
2018-02-08 07:00:00,0.0042655063582619935
2018-02-08 07:30:00,0.004352729093402299
2018-02-08 08:00:00,0.0044211966396873175
2018-02-08 08:30:00,0.004506355082943014
2018-02-08 09:00:00,0.0046080127360419625
2018-02-08 09:30:00,0.004705309229696046
2018-02-08 10:00:00,0.004781191266337023
2018-02-08 10:30:00,0.004792866938343613
2018-02-08 11:00:00,0.004763300282913402
2018-02-08 11:30:00,0.004701726162686095
2018-02-08 12:00:00,0.0046219372277833395
2018-02-08 12:30:00,0.004523622957158892
2018-02-08 13:00:00,0.0043995091217899065
2018-02-08 13:30:00,0.004253677013881814
2018-02-08 14:00:00,0.004075388120903188
2018-02-08 14:30:00,0.003904574925059242
2018-02-08 15:00:00,0.003754665003749452
2018-02-08 15:30:00,0.0036278158707149805
2018-02-08 16:00:00,0.003531082539926057
2018-02-08 16:30:00,0.003430666668507401
2018-02-08 17:00:00,0.0033402214015092278
2018-02-08 17:30:00,0.003407460072979976
2018-02-08 18:00:00,0.0033788161576355433
2018-02-08 18:30:00,0.0033284036531414903
2018-02-08 19:00:00,0.0032575911914707453
2018-02-08 19:30:00,0.0031668812833016476
2018-02-08 20:00:00,0.0030960125053443865
2018-02-08 20:30:00,0.0030314947625671848
2018-02-08 21:00:00,0.0029816724951064726
2018-02-08 21:30:00,0.0029654160956802842
2018-02-08 22:00:00,0.0029419124909819865
2018-02-08 22:30:00,0.0029330970510705948
2018-02-08 23:00:00,0.0029302561288569867
2018-02-08 23:30:00,0.0029170955622483674
2018-02-09 00:00:00,0.002931084184980297
2018-02-09 00:30:00,0.002935736152250251
2018-02-09 01:00:00,0.002945941096956969
2018-02-09 01:30:00,0.002953922380234157
2018-02-09 02:00:00,0.0029609954436498427
2018-02-09 02:30:00,0.002985160121892274
2018-02-09 03:00:00,0.0030007387595999
2018-02-09 03:30:00,0.0030543759639019745
2018-02-09 04:00:00,0.003129441086675076
2018-02-09 04:30:00,0.003218069661863019
2018-02-09 05:00:00,0.0033629612827445502
2018-02-09 05:30:00,0.003531625182890937
2018-02-09 06:00:00,0.0037711647177671587
2018-02-09 06:30:00,0.004043088335757642
2018-02-09 07:00:00,0.004169447562475125
2018-02-09 07:30:00,0.0042563351224383875
2018-02-09 08:00:00,0.004320751778237555
2018-02-09 08:30:00,0.004415130664743571
2018-02-09 09:00:00,0.0045244806587401
2018-02-09 09:30:00,0.004621772060232196
2018-02-09 10:00:00,0.004700707226114487
2018-02-09 10:30:00,0.0047346092272575165
2018-02-09 11:00:00,0.0047166671709617004
2018-02-09 11:30:00,0.004656697283429694
2018-02-09 12:00:00,0.004576709149200149
2018-02-09 12:30:00,0.004478233845255081
2018-02-09 13:00:00,0.004348706840025437
2018-02-09 13:30:00,0.004200834438936748
2018-02-09 14:00:00,0.004021716834408022
2018-02-09 14:30:00,0.00384564343523277
2018-02-09 15:00:00,0.0036934055892163557
2018-02-09 15:30:00,0.003562095873534682
2018-02-09 16:00:00,0.003459967170243326
2018-02-09 16:30:00,0.0033596009095909485
2018-02-09 17:00:00,0.0032648116754967916
2018-02-09 17:30:00,0.003304993320717189
2018-02-09 18:00:00,0.0032896312259375715
2018-02-09 18:30:00,0.003242795788777466
2018-02-09 19:00:00,0.00317797226419389
2018-02-09 19:30:00,0.0030926488550568334
2018-02-09 20:00:00,0.003013321088527185
2018-02-09 20:30:00,0.0029491552091014555
2018-02-09 21:00:00,0.0028958367943066688
2018-02-09 21:30:00,0.0028651554091585815
2018-02-09 22:00:00,0.002846007619655936
2018-02-09 22:30:00,0.0028301836506589755
2018-02-09 23:00:00,0.0028255250787036735
2018-02-09 23:30:00,0.0028203334430981176
2018-02-10 00:00:00,0.002949552548988682
2018-02-10 00:30:00,0.0029504242666197117
2018-02-10 01:00:00,0.0029345147896353467
2018-02-10 01:30:00,0.002941349933126172
2018-02-10 02:00:00,0.0029230049406066896
2018-02-10 02:30:00,0.002936271383850657
2018-02-10 03:00:00,0.002947205969827257
2018-02-10 03:30:00,0.0029564469329778566
2018-02-10 04:00:00,0.002997597954421031
2018-02-10 04:30:00,0.0030521586550705648
2018-02-10 05:00:00,0.0030677005888779373
2018-02-10 05:30:00,0.0030929728879784428
2018-02-10 06:00:00,0.00314157500284294
2018-02-10 06:30:00,0.0032313682714371532
2018-02-10 07:00:00,0.003182735805270523
2018-02-10 07:30:00,0.0030984142916085284
2018-02-10 08:00:00,0.00306769595047296
2018-02-10 08:30:00,0.003031002940387272
2018-02-10 09:00:00,0.003030268206955404
2018-02-10 09:30:00,0.0030411337210318012
2018-02-10 10:00:00,0.0030327025124718306
2018-02-10 10:30:00,0.0030172888406455652
2018-02-10 11:00:00,0.0029866227319834356
2018-02-10 11:30:00,0.0029606009271395586
2018-02-10 12:00:00,0.00291995836563328
2018-02-10 12:30:00,0.002893289755382319
2018-02-10 13:00:00,0.0028765343240815247
2018-02-10 13:30:00,0.0028652481268406794
2018-02-10 14:00:00,0.002860357533801629
2018-02-10 14:30:00,0.002863474441111377
2018-02-10 15:00:00,0.0028686479264365874
2018-02-10 15:30:00,0.0028790735987192823
2018-02-10 16:00:00,0.0028774023108215953
2018-02-10 16:30:00,0.002865665936210739
2018-02-10 17:00:00,0.002856801893881979
2018-02-10 17:30:00,0.0029915309711283766
2018-02-10 18:00:00,0.003068857517997616
2018-02-10 18:30:00,0.0031263517577079644
2018-02-10 19:00:00,0.0031306477273959233
2018-02-10 19:30:00,0.0031032512909031145
2018-02-10 20:00:00,0.003067747426684718
2018-02-10 20:30:00,0.0030465378661697334
2018-02-10 21:00:00,0.0029990792693844375
2018-02-10 21:30:00,0.0029526267527221726
2018-02-10 22:00:00,0.0029273802673537136
2018-02-10 22:30:00,0.002888866128722598
2018-02-10 23:00:00,0.0028730670155262213
2018-02-10 23:30:00,0.0028642767843375314
2018-02-11 00:00:00,0.0027007247089806258
2018-02-11 00:30:00,0.002581451956719305
2018-02-11 01:00:00,0.0025807953703278126
2018-02-11 01:30:00,0.0025671382927168573
2018-02-11 02:00:00,0.002590488325876456
2018-02-11 02:30:00,0.0026093826164636114
2018-02-11 03:00:00,0.002640308627056798
2018-02-11 03:30:00,0.0026505554686606456
2018-02-11 04:00:00,0.0026649100716287615
2018-02-11 04:30:00,0.002688855938158141
2018-02-11 05:00:00,0.0027243888428250904
2018-02-11 05:30:00,0.0027661337313576754
2018-02-11 06:00:00,0.002756730827372439
2018-02-11 06:30:00,0.002772447356793244
2018-02-11 07:00:00,0.002669724836829924
2018-02-11 07:30:00,0.0025149464557396167
2018-02-11 08:00:00,0.0025098692173176826
2018-02-11 08:30:00,0.0024840701063301536
2018-02-11 09:00:00,0.0024575673190571252
2018-02-11 09:30:00,0.002428338359676228
2018-02-11 10:00:00,0.002377605653986416
2018-02-11 10:30:00,0.0023219406096127593
2018-02-11 11:00:00,0.002260547941771461
2018-02-11 11:30:00,0.002228953950444121
2018-02-11 12:00:00,0.002205390248150902
2018-02-11 12:30:00,0.002195787136489968
2018-02-11 13:00:00,0.002197662967963658
2018-02-11 13:30:00,0.0021922883170312868
2018-02-11 14:00:00,0.00218898108386514
2018-02-11 14:30:00,0.002194217187657542
2018-02-11 15:00:00,0.002189732505471437
2018-02-11 15:30:00,0.002193919220555206
2018-02-11 16:00:00,0.002185953314598866
2018-02-11 16:30:00,0.0021783634219503475
2018-02-11 17:00:00,0.002169201765441368
2018-02-11 17:30:00,0.002291057907605175
2018-02-11 18:00:00,0.00237093406468848
2018-02-11 18:30:00,0.0024157663159078057
2018-02-11 19:00:00,0.002440516491943711
2018-02-11 19:30:00,0.002448925214323031
2018-02-11 20:00:00,0.00245211779821833
2018-02-11 20:30:00,0.002473377877013609
2018-02-11 21:00:00,0.002494574581080015
2018-02-11 21:30:00,0.0025122211911457653
2018-02-11 22:00:00,0.0025384147178086867
2018-02-11 22:30:00,0.0025640394348525643
2018-02-11 23:00:00,0.0026070489441682105
2018-02-11 23:30:00,0.002626979968685202
2018-02-12 00:00:00,0.002789622059570016
2018-02-12 00:30:00,0.002920740541881273
2018-02-12 01:00:00,0.0029450810257558276
2018-02-12 01:30:00,0.002973373229001124
2018-02-12 02:00:00,0.0029853618420913343
2018-02-12 02:30:00,0.002998990887602645
2018-02-12 03:00:00,0.0030266339158209234
2018-02-12 03:30:00,0.0030695435985946696
2018-02-12 04:00:00,0.003146650829576403
2018-02-12 04:30:00,0.003262074461968379
2018-02-12 05:00:00,0.0033914564162075963
2018-02-12 05:30:00,0.003574576207969914
2018-02-12 06:00:00,0.0038209965645424975
2018-02-12 06:30:00,0.004118175843876503
2018-02-12 07:00:00,0.004199811468969507
2018-02-12 07:30:00,0.004281665905775562
2018-02-12 08:00:00,0.004389527980123336
2018-02-12 08:30:00,0.004527956487843676
2018-02-12 09:00:00,0.004671938779679906
2018-02-12 09:30:00,0.0047656191828973
2018-02-12 10:00:00,0.004841831554640563
2018-02-12 10:30:00,0.004858925639922134
2018-02-12 11:00:00,0.004836113308817766
2018-02-12 11:30:00,0.004778477799425395
2018-02-12 12:00:00,0.004699472906216112
2018-02-12 12:30:00,0.0045925938208013755
2018-02-12 13:00:00,0.004461743004707766
2018-02-12 13:30:00,0.00431067459133749
2018-02-12 14:00:00,0.004128080149356278
2018-02-12 14:30:00,0.003949762669686109
2018-02-12 15:00:00,0.0037975380330403903
2018-02-12 15:30:00,0.003673658689209978
2018-02-12 16:00:00,0.0035769356939973625
2018-02-12 16:30:00,0.003480275821426392
2018-02-12 17:00:00,0.0033873280845256055
2018-02-12 17:30:00,0.0034338354049510238
2018-02-12 18:00:00,0.0034199912786176214
2018-02-12 18:30:00,0.0033747570491060915
2018-02-12 19:00:00,0.003319541829180327
2018-02-12 19:30:00,0.0032207345263572766
2018-02-12 20:00:00,0.0031429745407099015
2018-02-12 20:30:00,0.003084469027879646
2018-02-12 21:00:00,0.0030354561116699994
2018-02-12 21:30:00,0.0030168244959733973
2018-02-12 22:00:00,0.0030063029297095435
2018-02-12 22:30:00,0.0030168155216681158
2018-02-12 23:00:00,0.0030310427701691406
2018-02-12 23:30:00,0.0030380199396036686
2018-02-13 00:00:00,0.003048402504970544
2018-02-13 00:30:00,0.0030345710838333823
2018-02-13 01:00:00,0.0030280260927408554
2018-02-13 01:30:00,0.003038834030094602
2018-02-13 02:00:00,0.0030626715999512544
2018-02-13 02:30:00,0.0030939142321015755
2018-02-13 03:00:00,0.0031179024997025394
2018-02-13 03:30:00,0.0031565609330624004
2018-02-13 04:00:00,0.003219305595119645
2018-02-13 04:30:00,0.0033119342904259167
2018-02-13 05:00:00,0.0034553866444935093
2018-02-13 05:30:00,0.0036508843728594443
2018-02-13 06:00:00,0.003914919122750165
2018-02-13 06:30:00,0.004160774350177218
2018-02-13 07:00:00,0.0042381537849466855
2018-02-13 07:30:00,0.00434612829019771
2018-02-13 08:00:00,0.004435371554880014
2018-02-13 08:30:00,0.004564494262614967
2018-02-13 09:00:00,0.00469105399951282
2018-02-13 09:30:00,0.0047908192842159875
2018-02-13 10:00:00,0.004866173399786143
2018-02-13 10:30:00,0.004889155083089622
2018-02-13 11:00:00,0.0048624456347078834
2018-02-13 11:30:00,0.004788268413565787
2018-02-13 12:00:00,0.004697559110406034
2018-02-13 12:30:00,0.004585877158307249
2018-02-13 13:00:00,0.0044526903507157494
2018-02-13 13:30:00,0.004310022845020757
2018-02-13 14:00:00,0.00413281278453888
2018-02-13 14:30:00,0.003946065961754219
2018-02-13 15:00:00,0.003788739130051091
2018-02-13 15:30:00,0.0036626747445543274
2018-02-13 16:00:00,0.003564725798739275
2018-02-13 16:30:00,0.0034649059119427365
2018-02-13 17:00:00,0.0033664098360101638
2018-02-13 17:30:00,0.003418615739454672
2018-02-13 18:00:00,0.0034091117484914015
2018-02-13 18:30:00,0.003343747748893099
2018-02-13 19:00:00,0.003285866908211395
2018-02-13 19:30:00,0.003197042662917841
2018-02-13 20:00:00,0.0031237289917806187
2018-02-13 20:30:00,0.0030590141672093333
2018-02-13 21:00:00,0.003010465595671855
2018-02-13 21:30:00,0.0029789437517088882
2018-02-13 22:00:00,0.0029573256082163525
2018-02-13 22:30:00,0.0029468250660272324
2018-02-13 23:00:00,0.0029369187438496405
2018-02-13 23:30:00,0.002923815300206664
2018-02-14 00:00:00,0.0029200961565115685
2018-02-14 00:30:00,0.0029254623373131117
2018-02-14 01:00:00,0.002930438892096575
2018-02-14 01:30:00,0.0029232612124816767
2018-02-14 02:00:00,0.002937114666042479
2018-02-14 02:30:00,0.002954822331634613
2018-02-14 03:00:00,0.002978248495136771
2018-02-14 03:30:00,0.003023533898355386
2018-02-14 04:00:00,0.003088176928484416
2018-02-14 04:30:00,0.003177707522188076
2018-02-14 05:00:00,0.0033031926112371507
2018-02-14 05:30:00,0.0034565660597938377
2018-02-14 06:00:00,0.0036816070498953174
2018-02-14 06:30:00,0.003969860475112497
2018-02-14 07:00:00,0.0040343602692791344
2018-02-14 07:30:00,0.004145822855072968
2018-02-14 08:00:00,0.00423346839091043
2018-02-14 08:30:00,0.004353801119543918
2018-02-14 09:00:00,0.00447111313735349
2018-02-14 09:30:00,0.004577159074482931
2018-02-14 10:00:00,0.0046598440378671216
2018-02-14 10:30:00,0.004685704355633371
2018-02-14 11:00:00,0.004661511544456404
2018-02-14 11:30:00,0.004597235200407794
2018-02-14 12:00:00,0.004516675181095034
2018-02-14 12:30:00,0.004419357461696437
2018-02-14 13:00:00,0.004294975103013231
2018-02-14 13:30:00,0.004152059039312398
2018-02-14 14:00:00,0.0039720227785109705
2018-02-14 14:30:00,0.0037926419444997916
2018-02-14 15:00:00,0.0036359932778547883
2018-02-14 15:30:00,0.0035008173003723314
2018-02-14 16:00:00,0.0033926941644922574
2018-02-14 16:30:00,0.0032885203279455467
2018-02-14 17:00:00,0.0031906812417440288
2018-02-14 17:30:00,0.003235369046982273
2018-02-14 18:00:00,0.0032276072308449278
2018-02-14 18:30:00,0.0031848330197469807
2018-02-14 19:00:00,0.0031360444107519352
2018-02-14 19:30:00,0.003045247532489516
2018-02-14 20:00:00,0.0029672699955652247
2018-02-14 20:30:00,0.002901896214982513
2018-02-14 21:00:00,0.0028522380563065896
2018-02-14 21:30:00,0.0028217772978995897
2018-02-14 22:00:00,0.0028016274112521
2018-02-14 22:30:00,0.0027989748486145203
2018-02-14 23:00:00,0.0027968523749979154
2018-02-14 23:30:00,0.0027882412769927446
2018-02-15 00:00:00,0.002793025287552211
2018-02-15 00:30:00,0.002787319646090765
2018-02-15 01:00:00,0.002785011384187847
2018-02-15 01:30:00,0.0027909786921909386
2018-02-15 02:00:00,0.0028011511680628163
2018-02-15 02:30:00,0.0028240529901327766
2018-02-15 03:00:00,0.0028493258942426263
2018-02-15 03:30:00,0.0028917474857274197
2018-02-15 04:00:00,0.0029498174422468324
2018-02-15 04:30:00,0.003043215608604856
2018-02-15 05:00:00,0.003167205215388366
2018-02-15 05:30:00,0.003324360224437559
2018-02-15 06:00:00,0.0035477913855072978
2018-02-15 06:30:00,0.0038261130781544017
2018-02-15 07:00:00,0.003908123254449308
2018-02-15 07:30:00,0.004047704758728587
2018-02-15 08:00:00,0.0041479062551693854
2018-02-15 08:30:00,0.004272411077827476
2018-02-15 09:00:00,0.004396688669059132
2018-02-15 09:30:00,0.00451370861860748
2018-02-15 10:00:00,0.004606868663370862
2018-02-15 10:30:00,0.0046417169495466745
2018-02-15 11:00:00,0.004634137190804681
2018-02-15 11:30:00,0.004589803063945944
2018-02-15 12:00:00,0.004525445194888117
2018-02-15 12:30:00,0.004439543245565053
2018-02-15 13:00:00,0.004321798494821581
2018-02-15 13:30:00,0.004172390882520349
2018-02-15 14:00:00,0.003992857233232151
2018-02-15 14:30:00,0.003818650489555527
2018-02-15 15:00:00,0.0036693503672478953
2018-02-15 15:30:00,0.0035428848101380543
2018-02-15 16:00:00,0.003440635407482403
2018-02-15 16:30:00,0.003331777790257688
2018-02-15 17:00:00,0.0032227785504288335
2018-02-15 17:30:00,0.003244429314008546
2018-02-15 18:00:00,0.0032274720112563547
2018-02-15 18:30:00,0.0031757405359730956
2018-02-15 19:00:00,0.0031263826636019967
2018-02-15 19:30:00,0.00304768955187509
2018-02-15 20:00:00,0.0029770473499174735
2018-02-15 20:30:00,0.002917692051044938
2018-02-15 21:00:00,0.002874396977318526
2018-02-15 21:30:00,0.0028401061568365422
2018-02-15 22:00:00,0.0028223363265342254
2018-02-15 22:30:00,0.002808486250942265
2018-02-15 23:00:00,0.0028053298667727665
2018-02-15 23:30:00,0.002799325602782194
2018-02-16 00:00:00,0.0028008545622315063
2018-02-16 00:30:00,0.0028042590002323913
2018-02-16 01:00:00,0.002808482872973423
2018-02-16 01:30:00,0.002824977595664035
2018-02-16 02:00:00,0.0028399623158648054
2018-02-16 02:30:00,0.0028578697857930737
2018-02-16 03:00:00,0.0028787100385204763
2018-02-16 03:30:00,0.0029068649550619383
2018-02-16 04:00:00,0.002973295334047976
2018-02-16 04:30:00,0.0030704947237022106
2018-02-16 05:00:00,0.003199791472458696
2018-02-16 05:30:00,0.0033582197236741137
2018-02-16 06:00:00,0.003591691972753009
2018-02-16 06:30:00,0.003893764870172789
2018-02-16 07:00:00,0.003962395617728579
2018-02-16 07:30:00,0.004094688221508398
2018-02-16 08:00:00,0.004186835883968073
2018-02-16 08:30:00,0.004321860962036437
2018-02-16 09:00:00,0.004450284127716413
2018-02-16 09:30:00,0.004564999848757474
2018-02-16 10:00:00,0.004655385270247954
2018-02-16 10:30:00,0.004688762677871558
2018-02-16 11:00:00,0.0046791316349458715
2018-02-16 11:30:00,0.00462964741645659
2018-02-16 12:00:00,0.0045604743284405926
2018-02-16 12:30:00,0.004470912375085892
2018-02-16 13:00:00,0.004353357294772029
2018-02-16 13:30:00,0.004216429563149021
2018-02-16 14:00:00,0.004040671323424989
2018-02-16 14:30:00,0.00386516335589994
2018-02-16 15:00:00,0.0037120119961902556
2018-02-16 15:30:00,0.003580712363997663
2018-02-16 16:00:00,0.003473332633350067
2018-02-16 16:30:00,0.0033561064260325723
2018-02-16 17:00:00,0.0032385875958619546
2018-02-16 17:30:00,0.0032621361225041077
2018-02-16 18:00:00,0.003264889822537167
2018-02-16 18:30:00,0.0032125987640273723
2018-02-16 19:00:00,0.003158348786093861
2018-02-16 19:30:00,0.0030752480804548715
2018-02-16 20:00:00,0.002992128770778529
2018-02-16 20:30:00,0.0029332330269208483
2018-02-16 21:00:00,0.0028879367839514717
2018-02-16 21:30:00,0.002868384949041361
2018-02-16 22:00:00,0.002861701814148428
2018-02-16 22:30:00,0.002845553560142631
2018-02-16 23:00:00,0.002846190887069979
2018-02-16 23:30:00,0.002845785732478715
2018-02-17 00:00:00,0.0029720923738006427
2018-02-17 00:30:00,0.0029814315501348887
2018-02-17 01:00:00,0.002964480095806365
2018-02-17 01:30:00,0.002978192884694491
2018-02-17 02:00:00,0.0029643942348968424
2018-02-17 02:30:00,0.0029670541080640054
2018-02-17 03:00:00,0.0029759999274892113
2018-02-17 03:30:00,0.0029910480728363
2018-02-17 04:00:00,0.003036505147456514
2018-02-17 04:30:00,0.0030781939213723646
2018-02-17 05:00:00,0.003092319729973238
2018-02-17 05:30:00,0.003122614967906978
2018-02-17 06:00:00,0.003165146066083188
2018-02-17 06:30:00,0.003242029040267766
2018-02-17 07:00:00,0.0031314972613509756
2018-02-17 07:30:00,0.00309924310399352
2018-02-17 08:00:00,0.0030603153910577574
2018-02-17 08:30:00,0.003039425023389624
2018-02-17 09:00:00,0.0030535636884390753
2018-02-17 09:30:00,0.0030578259792735044
2018-02-17 10:00:00,0.003053435981049868
2018-02-17 10:30:00,0.0030443767223725035
2018-02-17 11:00:00,0.0030101100014294224
2018-02-17 11:30:00,0.002991632663115756
2018-02-17 12:00:00,0.0029563563328284664
2018-02-17 12:30:00,0.0029243041477572977
2018-02-17 13:00:00,0.0029100026847766382
2018-02-17 13:30:00,0.0029064704889691
2018-02-17 14:00:00,0.0029022758079289574
2018-02-17 14:30:00,0.0029034809865438873
2018-02-17 15:00:00,0.0029044066508414996
2018-02-17 15:30:00,0.0029120868915521814
2018-02-17 16:00:00,0.002905363826042489
2018-02-17 16:30:00,0.0028907140289315346
2018-02-17 17:00:00,0.002883070693790888
2018-02-17 17:30:00,0.0029911808723874934
2018-02-17 18:00:00,0.003073297026152639
2018-02-17 18:30:00,0.0031139151856153426
2018-02-17 19:00:00,0.003126781314342804
2018-02-17 19:30:00,0.0030998163503477604
2018-02-17 20:00:00,0.0030597935704978294
2018-02-17 20:30:00,0.003036657357724188
2018-02-17 21:00:00,0.002983667765508325
2018-02-17 21:30:00,0.002939720642960506
2018-02-17 22:00:00,0.00291823862657056
2018-02-17 22:30:00,0.0028824432486828392
2018-02-17 23:00:00,0.0028649379587165555
2018-02-17 23:30:00,0.0028463627601413603
2018-02-18 00:00:00,0.0026828027188280815
2018-02-18 00:30:00,0.0025516257522801558
2018-02-18 01:00:00,0.0025448361357425296
2018-02-18 01:30:00,0.0025367192799546513
2018-02-18 02:00:00,0.002557173839224715
2018-02-18 02:30:00,0.0025834111282302475
2018-02-18 03:00:00,0.0026008620681903854
2018-02-18 03:30:00,0.002608251349823643
2018-02-18 04:00:00,0.0026250652653611057
2018-02-18 04:30:00,0.0026502118233527744
2018-02-18 05:00:00,0.0027017203022750135
2018-02-18 05:30:00,0.0027350549559049158
2018-02-18 06:00:00,0.002727507363493091
2018-02-18 06:30:00,0.002757161594025968
2018-02-18 07:00:00,0.002593617988799891
2018-02-18 07:30:00,0.0024959353983489063
2018-02-18 08:00:00,0.002472217721177424
2018-02-18 08:30:00,0.0024523390299687614
2018-02-18 09:00:00,0.0024301185996734326
2018-02-18 09:30:00,0.002394585896676265
2018-02-18 10:00:00,0.002356235009733367
2018-02-18 10:30:00,0.0023030985514990426
2018-02-18 11:00:00,0.0022530706312785284
2018-02-18 11:30:00,0.002228844645422486
2018-02-18 12:00:00,0.0022010238957091595
2018-02-18 12:30:00,0.0021962082229939795
2018-02-18 13:00:00,0.0021890740032170187
2018-02-18 13:30:00,0.0021766416661898108
2018-02-18 14:00:00,0.0021784323425982147
2018-02-18 14:30:00,0.0021771168001952956
2018-02-18 15:00:00,0.002176561502451619
2018-02-18 15:30:00,0.002168794846239515
2018-02-18 16:00:00,0.002144497822202899
2018-02-18 16:30:00,0.002126164123191187
2018-02-18 17:00:00,0.0020942839120262906
2018-02-18 17:30:00,0.0021838790904775123
2018-02-18 18:00:00,0.0022756584534985138
2018-02-18 18:30:00,0.002311961585478895
2018-02-18 19:00:00,0.0023472008589438135
2018-02-18 19:30:00,0.002343265726912609
2018-02-18 20:00:00,0.0023415386269028597
2018-02-18 20:30:00,0.0023520819735031277
2018-02-18 21:00:00,0.0023571001730964946
2018-02-18 21:30:00,0.0023784886147077706
2018-02-18 22:00:00,0.002397670385568618
2018-02-18 22:30:00,0.002416699492404783
2018-02-18 23:00:00,0.0024441661603990398
2018-02-18 23:30:00,0.0024670700495842603
2018-02-19 00:00:00,0.002633068177722372
2018-02-19 00:30:00,0.002750613376216935
2018-02-19 01:00:00,0.0027826469572507493
2018-02-19 01:30:00,0.0028181946342292017
2018-02-19 02:00:00,0.002824738465720485
2018-02-19 02:30:00,0.002842760988259165
2018-02-19 03:00:00,0.0028576668051578788
2018-02-19 03:30:00,0.0028920925427237633
2018-02-19 04:00:00,0.00295626195137067
2018-02-19 04:30:00,0.0030499876798714813
2018-02-19 05:00:00,0.003176956251834115
2018-02-19 05:30:00,0.0033407737750410704
2018-02-19 06:00:00,0.0035812680650809028
2018-02-19 06:30:00,0.003849429482877916
2018-02-19 07:00:00,0.003863461111690775
2018-02-19 07:30:00,0.004018626698761783
2018-02-19 08:00:00,0.004129057289865648
2018-02-19 08:30:00,0.004265524861464457
2018-02-19 09:00:00,0.004393083922547659
2018-02-19 09:30:00,0.004512196649837269
2018-02-19 10:00:00,0.004600800470059518
2018-02-19 10:30:00,0.004641238235902566
2018-02-19 11:00:00,0.004633730674942391
2018-02-19 11:30:00,0.004579031376735443
2018-02-19 12:00:00,0.00450978725053887
2018-02-19 12:30:00,0.004420058617109665
2018-02-19 13:00:00,0.004299236637585979
2018-02-19 13:30:00,0.004154936816678596
2018-02-19 14:00:00,0.003977317618627268
2018-02-19 14:30:00,0.003803384087087286
2018-02-19 15:00:00,0.00364804516483898
2018-02-19 15:30:00,0.0035145691627806457
2018-02-19 16:00:00,0.0034064271203585452
2018-02-19 16:30:00,0.0032933372610968615
2018-02-19 17:00:00,0.0031774490319454902
2018-02-19 17:30:00,0.003168727923074449
2018-02-19 18:00:00,0.003180280626931699
2018-02-19 18:30:00,0.0031294630182638274
2018-02-19 19:00:00,0.0030737697905381897
2018-02-19 19:30:00,0.0029839328100188115
2018-02-19 20:00:00,0.0029006388038941445
2018-02-19 20:30:00,0.0028425980390756203
2018-02-19 21:00:00,0.0027959258536037314
2018-02-19 21:30:00,0.0027623935131704013
2018-02-19 22:00:00,0.0027389410317617425
2018-02-19 22:30:00,0.0027193860709700166
2018-02-19 23:00:00,0.002709634227845142
2018-02-19 23:30:00,0.002709850518685924
2018-02-20 00:00:00,0.0027167057283200196
2018-02-20 00:30:00,0.0027011657607930177
2018-02-20 01:00:00,0.002692003297604912
2018-02-20 01:30:00,0.0026899287709788865
2018-02-20 02:00:00,0.0026890101651236304
2018-02-20 02:30:00,0.002710590545949559
2018-02-20 03:00:00,0.002724891000581311
2018-02-20 03:30:00,0.0027520868260588584
2018-02-20 04:00:00,0.0028076367169872127
2018-02-20 04:30:00,0.002907984424019683
2018-02-20 05:00:00,0.003027659709165107
2018-02-20 05:30:00,0.0031556236223349004
2018-02-20 06:00:00,0.003365925173107498
2018-02-20 06:30:00,0.0036632887786218994
2018-02-20 07:00:00,0.0036810549788681467
2018-02-20 07:30:00,0.003856103038456222
2018-02-20 08:00:00,0.003981426287505552
2018-02-20 08:30:00,0.004137222949740677
2018-02-20 09:00:00,0.0042844549988552945
2018-02-20 09:30:00,0.0044160210368294
2018-02-20 10:00:00,0.004518664955995337
2018-02-20 10:30:00,0.004564817135935331
2018-02-20 11:00:00,0.0045637199514884565
2018-02-20 11:30:00,0.004525393264919351
2018-02-20 12:00:00,0.004460794803812059
2018-02-20 12:30:00,0.004369210959644333
2018-02-20 13:00:00,0.004250637850272878
2018-02-20 13:30:00,0.0041136000573665545
2018-02-20 14:00:00,0.00394047355787515
2018-02-20 14:30:00,0.003771624676121577
2018-02-20 15:00:00,0.0036231581558562502
2018-02-20 15:30:00,0.003485922827398834
2018-02-20 16:00:00,0.003369335409114605
2018-02-20 16:30:00,0.0032548355251573154
2018-02-20 17:00:00,0.003139109085588245
2018-02-20 17:30:00,0.0031003830928515433
2018-02-20 18:00:00,0.0031308632619750244
2018-02-20 18:30:00,0.003088137955799119
2018-02-20 19:00:00,0.0030413882282961987
2018-02-20 19:30:00,0.0029581662182835682
2018-02-20 20:00:00,0.00287640823005057
2018-02-20 20:30:00,0.002817339604772601
2018-02-20 21:00:00,0.0027673833277420054
2018-02-20 21:30:00,0.002733542180455578
2018-02-20 22:00:00,0.002713124022581095
2018-02-20 22:30:00,0.002704643253672293
2018-02-20 23:00:00,0.0026996400784776563
2018-02-20 23:30:00,0.0026912544977057765
2018-02-21 00:00:00,0.0026901629600127866
2018-02-21 00:30:00,0.0026874494931011586
2018-02-21 01:00:00,0.0026875627306835355
2018-02-21 01:30:00,0.002689275562556235
2018-02-21 02:00:00,0.002694054027196708
2018-02-21 02:30:00,0.0027210559471792326
2018-02-21 03:00:00,0.002740247499024488
2018-02-21 03:30:00,0.0027700138075384987
2018-02-21 04:00:00,0.002828857823097195
2018-02-21 04:30:00,0.002920236518679572
2018-02-21 05:00:00,0.0030342852673353893
2018-02-21 05:30:00,0.003183297304359984
2018-02-21 06:00:00,0.003391775861141674
2018-02-21 06:30:00,0.0036950744570766634
2018-02-21 07:00:00,0.003732845745067201
2018-02-21 07:30:00,0.0039055653757741975
2018-02-21 08:00:00,0.004027163531869875
2018-02-21 08:30:00,0.004173700929421719
2018-02-21 09:00:00,0.004314757396066282
2018-02-21 09:30:00,0.004447583971010372
2018-02-21 10:00:00,0.004557174153716803
2018-02-21 10:30:00,0.004622165316306345
2018-02-21 11:00:00,0.004638240263346525
2018-02-21 11:30:00,0.00459751935313009
2018-02-21 12:00:00,0.004533674481579247
2018-02-21 12:30:00,0.004452795017332407
2018-02-21 13:00:00,0.004335937613628041
2018-02-21 13:30:00,0.004187031150734122
2018-02-21 14:00:00,0.004007150074829647
2018-02-21 14:30:00,0.0038353856026258236
2018-02-21 15:00:00,0.003687829873511715
2018-02-21 15:30:00,0.003551923901837258
2018-02-21 16:00:00,0.003438419006165011
2018-02-21 16:30:00,0.0033217134598062
2018-02-21 17:00:00,0.0032079032865020346
2018-02-21 17:30:00,0.003168843933616323
2018-02-21 18:00:00,0.0032142649093456284
2018-02-21 18:30:00,0.0031743505774207608
2018-02-21 19:00:00,0.003121993673727268
2018-02-21 19:30:00,0.003030693730194611
2018-02-21 20:00:00,0.0029476755074963022
2018-02-21 20:30:00,0.002884507540567448
2018-02-21 21:00:00,0.0028310526961653993
2018-02-21 21:30:00,0.002795704470600964
2018-02-21 22:00:00,0.0027755991025577662
2018-02-21 22:30:00,0.002768993711365645
2018-02-21 23:00:00,0.002763436700533249
2018-02-21 23:30:00,0.0027690669679138165
2018-02-22 00:00:00,0.0027727500631354483
2018-02-22 00:30:00,0.002769485382293222
2018-02-22 01:00:00,0.002777122717757866
2018-02-22 01:30:00,0.002773061037938698
2018-02-22 02:00:00,0.0027873373930315465
2018-02-22 02:30:00,0.0028008654523997136
2018-02-22 03:00:00,0.002808042627840158
2018-02-22 03:30:00,0.0028505356608450882
2018-02-22 04:00:00,0.002906497966476845
2018-02-22 04:30:00,0.003003424749003783
2018-02-22 05:00:00,0.003126302399028914
2018-02-22 05:30:00,0.0032686399225437405
2018-02-22 06:00:00,0.0034885912211142698
2018-02-22 06:30:00,0.003760465581260594
2018-02-22 07:00:00,0.003771166835299866
2018-02-22 07:30:00,0.00395011246592232
2018-02-22 08:00:00,0.004056907757542797
2018-02-22 08:30:00,0.0042016293707984285
2018-02-22 09:00:00,0.0043426426801097245
2018-02-22 09:30:00,0.00446795917322137
2018-02-22 10:00:00,0.004569907987067525
2018-02-22 10:30:00,0.004620060992970085
2018-02-22 11:00:00,0.004623437550123663
2018-02-22 11:30:00,0.004586614967203286
2018-02-22 12:00:00,0.004527051545116125
2018-02-22 12:30:00,0.0044418720273682495
2018-02-22 13:00:00,0.00432479813115332
2018-02-22 13:30:00,0.004182916482179834
2018-02-22 14:00:00,0.0040074855020939175
2018-02-22 14:30:00,0.003831108741149673
2018-02-22 15:00:00,0.003675723384434151
2018-02-22 15:30:00,0.0035358598953827303
2018-02-22 16:00:00,0.0034165586572647557
2018-02-22 16:30:00,0.003286180655974142
2018-02-22 17:00:00,0.003161014457267246
2018-02-22 17:30:00,0.0030997395645784103
2018-02-22 18:00:00,0.003148374753287092
2018-02-22 18:30:00,0.003107240974610245
2018-02-22 19:00:00,0.003052962157897964
2018-02-22 19:30:00,0.002963693432405731
2018-02-22 20:00:00,0.002876523181826091
2018-02-22 20:30:00,0.0028103647545405616
2018-02-22 21:00:00,0.002754831652621527
2018-02-22 21:30:00,0.0027233655703531763
2018-02-22 22:00:00,0.0027049885123384175
2018-02-22 22:30:00,0.0026898394312656303
2018-02-22 23:00:00,0.002677722253689641
2018-02-22 23:30:00,0.002671633086721009
2018-02-23 00:00:00,0.0026654376397774655
2018-02-23 00:30:00,0.0026558997178734384
2018-02-23 01:00:00,0.002650657412735252
2018-02-23 01:30:00,0.002646063627197294
2018-02-23 02:00:00,0.0026497462686619166
2018-02-23 02:30:00,0.0026580365604619836
2018-02-23 03:00:00,0.002669560072618345
2018-02-23 03:30:00,0.0027003970460029478
2018-02-23 04:00:00,0.002752953098605785
2018-02-23 04:30:00,0.002841318444311274
2018-02-23 05:00:00,0.0029486025834823855
2018-02-23 05:30:00,0.0031001949349452962
2018-02-23 06:00:00,0.003305450001937656
2018-02-23 06:30:00,0.003569636508339041
2018-02-23 07:00:00,0.0035983298831974153
2018-02-23 07:30:00,0.0037774454710283257
2018-02-23 08:00:00,0.003913244658553417
2018-02-23 08:30:00,0.004084569137711203
2018-02-23 09:00:00,0.0042515113829319435
2018-02-23 09:30:00,0.004408690088180476
2018-02-23 10:00:00,0.004535772048977822
2018-02-23 10:30:00,0.0046065379249290135
2018-02-23 11:00:00,0.0046242653037423
2018-02-23 11:30:00,0.004598342871683314
2018-02-23 12:00:00,0.004548538552833166
2018-02-23 12:30:00,0.004476297714516688
2018-02-23 13:00:00,0.004364500003963256
2018-02-23 13:30:00,0.004221688657296526
2018-02-23 14:00:00,0.004045013273823155
2018-02-23 14:30:00,0.0038631395996414353
2018-02-23 15:00:00,0.0037041069945079642
2018-02-23 15:30:00,0.003559525642585446
2018-02-23 16:00:00,0.003440898939469528
2018-02-23 16:30:00,0.003312929278710959
2018-02-23 17:00:00,0.0031854670695403778
2018-02-23 17:30:00,0.003115214594435732
2018-02-23 18:00:00,0.0031606511491556665
2018-02-23 18:30:00,0.0031065478355708355
2018-02-23 19:00:00,0.0030482172208586853
2018-02-23 19:30:00,0.0029573524302973072
2018-02-23 20:00:00,0.002869223945750324
2018-02-23 20:30:00,0.0028000339678901157
2018-02-23 21:00:00,0.0027493387223622386
2018-02-23 21:30:00,0.0027104053626725915
2018-02-23 22:00:00,0.002690893962553695
2018-02-23 22:30:00,0.0026771461335410125
2018-02-23 23:00:00,0.0026666520952023497
2018-02-23 23:30:00,0.0026613147531795774
2018-02-24 00:00:00,0.0027347193269708636
2018-02-24 00:30:00,0.002721257062368948
2018-02-24 01:00:00,0.00272510688808253
2018-02-24 01:30:00,0.002728149480077752
2018-02-24 02:00:00,0.0027118143286018435
2018-02-24 02:30:00,0.0027198110900347695
2018-02-24 03:00:00,0.0027330133014532927
2018-02-24 03:30:00,0.0027553944121471233
2018-02-24 04:00:00,0.0027904265203288776
2018-02-24 04:30:00,0.0028334620954637967
2018-02-24 05:00:00,0.0028289045096516383
2018-02-24 05:30:00,0.0028431259097289967
2018-02-24 06:00:00,0.002882230789567908
2018-02-24 06:30:00,0.002924073286274794
2018-02-24 07:00:00,0.0027903726240797403
2018-02-24 07:30:00,0.002794027283862164
2018-02-24 08:00:00,0.0027920587347063765
2018-02-24 08:30:00,0.002807780406706613
2018-02-24 09:00:00,0.0028476589926626893
2018-02-24 09:30:00,0.0029087823809280863
2018-02-24 10:00:00,0.002940054507283969
2018-02-24 10:30:00,0.0029591841969237144
2018-02-24 11:00:00,0.0029614236390136557
2018-02-24 11:30:00,0.0029608583081983447
2018-02-24 12:00:00,0.002942997524824519
2018-02-24 12:30:00,0.0029342452075547727
2018-02-24 13:00:00,0.0029394678498892517
2018-02-24 13:30:00,0.002949740051468138
2018-02-24 14:00:00,0.0029600337308787667
2018-02-24 14:30:00,0.0029698739557854348
2018-02-24 15:00:00,0.002977369265306376
2018-02-24 15:30:00,0.002987276847920103
2018-02-24 16:00:00,0.0029796317985863125
2018-02-24 16:30:00,0.002961593243299994
2018-02-24 17:00:00,0.002938187398028334
2018-02-24 17:30:00,0.002960174193881662
2018-02-24 18:00:00,0.003074416495110383
2018-02-24 18:30:00,0.0031115983023292607
2018-02-24 19:00:00,0.0031076423983105498
2018-02-24 19:30:00,0.0030656848994106978
2018-02-24 20:00:00,0.003005582817336843
2018-02-24 20:30:00,0.002965455975879599
2018-02-24 21:00:00,0.002911631218680623
2018-02-24 21:30:00,0.0028646358069662516
2018-02-24 22:00:00,0.0028394854172487318
2018-02-24 22:30:00,0.002799028139854312
2018-02-24 23:00:00,0.0027826756447771844
2018-02-24 23:30:00,0.002776443594768278
2018-02-25 00:00:00,0.002624994277597977
2018-02-25 00:30:00,0.002498247139055557
2018-02-25 01:00:00,0.002491196410568185
2018-02-25 01:30:00,0.002483751215987975
2018-02-25 02:00:00,0.00250431018978747
2018-02-25 02:30:00,0.002526280549553596
2018-02-25 03:00:00,0.0025507515641943006
2018-02-25 03:30:00,0.002569069230458374
2018-02-25 04:00:00,0.002587117213806983
2018-02-25 04:30:00,0.002605551344369939
2018-02-25 05:00:00,0.0026389587503735587
2018-02-25 05:30:00,0.002668278763660855
2018-02-25 06:00:00,0.0026566033941589377
2018-02-25 06:30:00,0.0026432186211706086
2018-02-25 07:00:00,0.0024497459599167578
2018-02-25 07:30:00,0.002375939659920496
2018-02-25 08:00:00,0.0023724747714025714
2018-02-25 08:30:00,0.0023731808677254504
2018-02-25 09:00:00,0.0023583872296427597
2018-02-25 09:30:00,0.002337206054149538
2018-02-25 10:00:00,0.0023039842851798947
2018-02-25 10:30:00,0.002260272460849775
2018-02-25 11:00:00,0.002209818916555163
2018-02-25 11:30:00,0.0021791852767278734
2018-02-25 12:00:00,0.0021647486949935317
2018-02-25 12:30:00,0.0021602218134056236
2018-02-25 13:00:00,0.002157193943304459
2018-02-25 13:30:00,0.002160138725455598
2018-02-25 14:00:00,0.0021596421136183723
2018-02-25 14:30:00,0.0021621625321315485
2018-02-25 15:00:00,0.002166082438094241
2018-02-25 15:30:00,0.00217030348745833
2018-02-25 16:00:00,0.002156494048327365
2018-02-25 16:30:00,0.0021326446303710426
2018-02-25 17:00:00,0.0021018163792044945
2018-02-25 17:30:00,0.0021164726801659057
2018-02-25 18:00:00,0.0022434676204524853
2018-02-25 18:30:00,0.002291096174446237
2018-02-25 19:00:00,0.0023124815910107893
2018-02-25 19:30:00,0.002326608055038453
2018-02-25 20:00:00,0.0023207129952346247
2018-02-25 20:30:00,0.002328371354774002
2018-02-25 21:00:00,0.0023387052673060627
2018-02-25 21:30:00,0.002355365863392052
2018-02-25 22:00:00,0.002381969838478006
2018-02-25 22:30:00,0.0023933794576252
2018-02-25 23:00:00,0.0024172649744724313
2018-02-25 23:30:00,0.0024413643117056193
2018-02-26 00:00:00,0.002601543560799908
2018-02-26 00:30:00,0.002718473363955873
2018-02-26 01:00:00,0.002739709796969258
2018-02-26 01:30:00,0.002774441518011297
2018-02-26 02:00:00,0.0027912718696359614
2018-02-26 02:30:00,0.0027953593631871755
2018-02-26 03:00:00,0.0028201674688678492
2018-02-26 03:30:00,0.0028616887056126233
2018-02-26 04:00:00,0.0029261678286266455
2018-02-26 04:30:00,0.0030251300642594216
2018-02-26 05:00:00,0.0031427927858192215
2018-02-26 05:30:00,0.003292514750892545
2018-02-26 06:00:00,0.0034987784692976517
2018-02-26 06:30:00,0.0037505254793945815
2018-02-26 07:00:00,0.0037924087638147993
2018-02-26 07:30:00,0.003961406377032313
2018-02-26 08:00:00,0.004076058925014284
2018-02-26 08:30:00,0.004222387443089821
2018-02-26 09:00:00,0.004371133578507358
2018-02-26 09:30:00,0.004500310333743783
2018-02-26 10:00:00,0.004600335520378005
2018-02-26 10:30:00,0.00464580343474898
2018-02-26 11:00:00,0.00464390950341239
2018-02-26 11:30:00,0.004605912899858343
2018-02-26 12:00:00,0.004543378075208869
2018-02-26 12:30:00,0.004454639237067829
2018-02-26 13:00:00,0.004338056810110695
2018-02-26 13:30:00,0.004198505052124206
2018-02-26 14:00:00,0.0040205216888647265
2018-02-26 14:30:00,0.003835262331971812
2018-02-26 15:00:00,0.0036764985526572327
2018-02-26 15:30:00,0.0035360618172515716
2018-02-26 16:00:00,0.0034138768020913965
2018-02-26 16:30:00,0.00329310791213772
2018-02-26 17:00:00,0.0031852527449799666
2018-02-26 17:30:00,0.003121857647459569
2018-02-26 18:00:00,0.003172672533585389
2018-02-26 18:30:00,0.0031284660636984136
2018-02-26 19:00:00,0.003075711164690904
2018-02-26 19:30:00,0.003003063608842356
2018-02-26 20:00:00,0.002925050225114382
2018-02-26 20:30:00,0.00285840007648383
2018-02-26 21:00:00,0.0028053060193210903
2018-02-26 21:30:00,0.0027743309525535267
2018-02-26 22:00:00,0.002752943771378385
2018-02-26 22:30:00,0.0027304677750523048
2018-02-26 23:00:00,0.0027158982425144343
2018-02-26 23:30:00,0.0027050031333975847
2018-02-27 00:00:00,0.0027020048079194267
2018-02-27 00:30:00,0.002699101771413081
2018-02-27 01:00:00,0.0026970584531857598
2018-02-27 01:30:00,0.002699253527923747
2018-02-27 02:00:00,0.002714802621008366
2018-02-27 02:30:00,0.002729086084961017
2018-02-27 03:00:00,0.0027476373352496456
2018-02-27 03:30:00,0.0027829458318671028
2018-02-27 04:00:00,0.0028334818086849494
2018-02-27 04:30:00,0.002924072076256104
2018-02-27 05:00:00,0.00304045792559361
2018-02-27 05:30:00,0.003184842599061608
2018-02-27 06:00:00,0.0033959156375837725
2018-02-27 06:30:00,0.003631045813937323
2018-02-27 07:00:00,0.0036879851088261126
2018-02-27 07:30:00,0.0038738553234875387
2018-02-27 08:00:00,0.00400486384535037
2018-02-27 08:30:00,0.00418034952836455
2018-02-27 09:00:00,0.004334948524184111
2018-02-27 09:30:00,0.004474649164886878
2018-02-27 10:00:00,0.004577608193086587
2018-02-27 10:30:00,0.00463206205916931
2018-02-27 11:00:00,0.004637244165877684
2018-02-27 11:30:00,0.004599529295008554
2018-02-27 12:00:00,0.004536479809076399
2018-02-27 12:30:00,0.004446206515984498
2018-02-27 13:00:00,0.0043299464077558285
2018-02-27 13:30:00,0.004195907444502116
2018-02-27 14:00:00,0.004026344197964618
2018-02-27 14:30:00,0.003848725302417962
2018-02-27 15:00:00,0.003697222290668307
2018-02-27 15:30:00,0.0035671317192339396
2018-02-27 16:00:00,0.003459923559153052
2018-02-27 16:30:00,0.003347370191927909
2018-02-27 17:00:00,0.003233453990736059
2018-02-27 17:30:00,0.003149221715952429
2018-02-27 18:00:00,0.003193359618113655
2018-02-27 18:30:00,0.0031310993668718493
2018-02-27 19:00:00,0.0030707549281379387
2018-02-27 19:30:00,0.0030094791783525318
2018-02-27 20:00:00,0.0029370947007340996
2018-02-27 20:30:00,0.002866566795125213
2018-02-27 21:00:00,0.002813583253002798
2018-02-27 21:30:00,0.002787368702265143
2018-02-27 22:00:00,0.0027638776010933046
2018-02-27 22:30:00,0.0027442833651116095
2018-02-27 23:00:00,0.0027270074241044673
2018-02-27 23:30:00,0.0027272712081788195
2018-02-28 00:00:00,0.002735643226657886
2018-02-28 00:30:00,0.0027286378738713775
2018-02-28 01:00:00,0.0027275342359914904
2018-02-28 01:30:00,0.0027241839967444147
2018-02-28 02:00:00,0.002734186717077618
2018-02-28 02:30:00,0.002747742758127984
2018-02-28 03:00:00,0.00276436841492431
2018-02-28 03:30:00,0.0028005281092725177
2018-02-28 04:00:00,0.002857647848198407
2018-02-28 04:30:00,0.0029490634493508205
2018-02-28 05:00:00,0.0030656840423141252
2018-02-28 05:30:00,0.00322221236251695
2018-02-28 06:00:00,0.0034404102431712298
2018-02-28 06:30:00,0.003665324282145183
2018-02-28 07:00:00,0.003712336180364202
2018-02-28 07:30:00,0.003898503908370955
2018-02-28 08:00:00,0.004025117894440064
2018-02-28 08:30:00,0.004201643336430805
2018-02-28 09:00:00,0.004356176436649222
2018-02-28 09:30:00,0.0044932611681972184
2018-02-28 10:00:00,0.004598021157964193
2018-02-28 10:30:00,0.004653420704070354
2018-02-28 11:00:00,0.0046574878793910705
2018-02-28 11:30:00,0.00461533586998685
2018-02-28 12:00:00,0.004554531271228741
2018-02-28 12:30:00,0.004474549842519432
2018-02-28 13:00:00,0.004360544099944545
2018-02-28 13:30:00,0.004218151873501457
2018-02-28 14:00:00,0.004040176072858788
2018-02-28 14:30:00,0.0038609915139625655
2018-02-28 15:00:00,0.0037042260805140075
2018-02-28 15:30:00,0.003565028000907025
2018-02-28 16:00:00,0.0034432726432165797
2018-02-28 16:30:00,0.0033123925850046367
2018-02-28 17:00:00,0.003176621328744298
2018-02-28 17:30:00,0.003082218796456388
2018-02-28 18:00:00,0.0031359705996118646
2018-02-28 18:30:00,0.003093816271005156
2018-02-28 19:00:00,0.0030502854453040356
2018-02-28 19:30:00,0.00298264877851927
2018-02-28 20:00:00,0.0029092501539865426
2018-02-28 20:30:00,0.0028547282243525244
2018-02-28 21:00:00,0.002807294886707376
2018-02-28 21:30:00,0.002775330730495882
2018-02-28 22:00:00,0.00275819212661002
2018-02-28 22:30:00,0.0027420930800309364
2018-02-28 23:00:00,0.0027357576238415072
2018-02-28 23:30:00,0.0027288496271420733
2018-03-01 00:00:00,0.00273035847003067
2018-03-01 00:30:00,0.002726816795743396
2018-03-01 01:00:00,0.002723286011624329
2018-03-01 01:30:00,0.0027281575972864618
2018-03-01 02:00:00,0.0027381014300434346
2018-03-01 02:30:00,0.002755207514677011
2018-03-01 03:00:00,0.002776587183652788
2018-03-01 03:30:00,0.002815830761884004
2018-03-01 04:00:00,0.0028766898114831498
2018-03-01 04:30:00,0.002969673042265501
2018-03-01 05:00:00,0.0030902364307117116
2018-03-01 05:30:00,0.0032472896973560796
2018-03-01 06:00:00,0.0034720962463364313
2018-03-01 06:30:00,0.0036959418388073885
2018-03-01 07:00:00,0.003723767226925692
2018-03-01 07:30:00,0.0038776199941358332
2018-03-01 08:00:00,0.00398538814078282
2018-03-01 08:30:00,0.004135117365968282
2018-03-01 09:00:00,0.0042716099446200115
2018-03-01 09:30:00,0.004405232308522353
2018-03-01 10:00:00,0.004512569537263474
2018-03-01 10:30:00,0.004567225678137158
2018-03-01 11:00:00,0.004571912181357213
2018-03-01 11:30:00,0.004534713131372007
2018-03-01 12:00:00,0.004473803513075122
2018-03-01 12:30:00,0.004389444488833747
2018-03-01 13:00:00,0.00427406683715198
2018-03-01 13:30:00,0.004136884598264573
2018-03-01 14:00:00,0.003961019725643512
2018-03-01 14:30:00,0.0037815971459875387
2018-03-01 15:00:00,0.003621652136344596
2018-03-01 15:30:00,0.0034775916974679895
2018-03-01 16:00:00,0.0033614368104478787
2018-03-01 16:30:00,0.003242997761063753
2018-03-01 17:00:00,0.0031263429850724644
2018-03-01 17:30:00,0.0030413218285206024
2018-03-01 18:00:00,0.00310099158100012
2018-03-01 18:30:00,0.003056519108671195
2018-03-01 19:00:00,0.003009592567187245
2018-03-01 19:30:00,0.002942432244426653
2018-03-01 20:00:00,0.002862446429399595
2018-03-01 20:30:00,0.0027992231545331337
2018-03-01 21:00:00,0.002747255574353049
2018-03-01 21:30:00,0.0027092269053037256
2018-03-01 22:00:00,0.0026878616557173343
2018-03-01 22:30:00,0.0026729772662329168
2018-03-01 23:00:00,0.0026667059914514866
2018-03-01 23:30:00,0.0026652809423571506
2018-03-02 00:00:00,0.002663899302683308
2018-03-02 00:30:00,0.0026617960885308473
2018-03-02 01:00:00,0.002660983611398166
2018-03-02 01:30:00,0.002659006592111551
2018-03-02 02:00:00,0.0026659927358513606
2018-03-02 02:30:00,0.0026780165907359073
2018-03-02 03:00:00,0.002694839329326316
2018-03-02 03:30:00,0.0027328345211918917
2018-03-02 04:00:00,0.002790156081151732
2018-03-02 04:30:00,0.0028764741760691583
2018-03-02 05:00:00,0.002991647788349377
2018-03-02 05:30:00,0.0031309004196322866
2018-03-02 06:00:00,0.003343860583135912
2018-03-02 06:30:00,0.003531988339750179
2018-03-02 07:00:00,0.003591614329887087
2018-03-02 07:30:00,0.0037573107096144564
2018-03-02 08:00:00,0.0038830296347753144
2018-03-02 08:30:00,0.0040707126086862305
2018-03-02 09:00:00,0.0042397630593865275
2018-03-02 09:30:00,0.0043907665855045675
2018-03-02 10:00:00,0.004506406256650098
2018-03-02 10:30:00,0.0045673839384982795
2018-03-02 11:00:00,0.004580349087088514
2018-03-02 11:30:00,0.004553000244664167
2018-03-02 12:00:00,0.004498842883577861
2018-03-02 12:30:00,0.004413723160920236
2018-03-02 13:00:00,0.0043027546156739135
2018-03-02 13:30:00,0.004170380033127868
2018-03-02 14:00:00,0.004000241069781306
2018-03-02 14:30:00,0.0038242354316526768
2018-03-02 15:00:00,0.003670612215071459
2018-03-02 15:30:00,0.003534471550188648
2018-03-02 16:00:00,0.0034191821794537828
2018-03-02 16:30:00,0.003297867621488502
2018-03-02 17:00:00,0.003174812854977667
2018-03-02 17:30:00,0.003077615734108475
2018-03-02 18:00:00,0.0031180406435029452
2018-03-02 18:30:00,0.0030576429639466887
2018-03-02 19:00:00,0.003002807236132478
2018-03-02 19:30:00,0.002935689163191135
2018-03-02 20:00:00,0.0028546608162280194
2018-03-02 20:30:00,0.0027928629937954566
2018-03-02 21:00:00,0.002743897923741498
2018-03-02 21:30:00,0.002699955237928875
2018-03-02 22:00:00,0.00267707837249439
2018-03-02 22:30:00,0.0026655221394159623
2018-03-02 23:00:00,0.0026546488106355274
2018-03-02 23:30:00,0.002651109354715851
2018-03-03 00:00:00,0.002726649056902538
2018-03-03 00:30:00,0.0027261448320310554
2018-03-03 01:00:00,0.002733710322635999
2018-03-03 01:30:00,0.002751689839093749
2018-03-03 02:00:00,0.0027379723109657557
2018-03-03 02:30:00,0.002735211502072894
2018-03-03 03:00:00,0.0027412684522939135
2018-03-03 03:30:00,0.0027573352821253835
2018-03-03 04:00:00,0.0027870551057547314
2018-03-03 04:30:00,0.0028326613151784495
2018-03-03 05:00:00,0.0028344253711756803
2018-03-03 05:30:00,0.0028645832719881408
2018-03-03 06:00:00,0.0029104111669192986
2018-03-03 06:30:00,0.00289623529379514
2018-03-03 07:00:00,0.0028133309136885525
2018-03-03 07:30:00,0.0028081325221453127
2018-03-03 08:00:00,0.002789943218697237
2018-03-03 08:30:00,0.002815421624314553
2018-03-03 09:00:00,0.0028485072661816064
2018-03-03 09:30:00,0.0028796976658584895
2018-03-03 10:00:00,0.0028905156867013167
2018-03-03 10:30:00,0.0029029585105571688
2018-03-03 11:00:00,0.0028959639471039774
2018-03-03 11:30:00,0.002901369050173372
2018-03-03 12:00:00,0.0028808140089346184
2018-03-03 12:30:00,0.002867209315049438
2018-03-03 13:00:00,0.0028667237446327546
2018-03-03 13:30:00,0.0028692315083671347
2018-03-03 14:00:00,0.0028752164624761176
2018-03-03 14:30:00,0.002889452332360307
2018-03-03 15:00:00,0.0029001145632968368
2018-03-03 15:30:00,0.002895281143640875
2018-03-03 16:00:00,0.002876258187733049
2018-03-03 16:30:00,0.0028562273366741584
2018-03-03 17:00:00,0.002837915518833751
2018-03-03 17:30:00,0.00284991204746289
2018-03-03 18:00:00,0.0029884753210147946
2018-03-03 18:30:00,0.0030225332128990135
2018-03-03 19:00:00,0.003038541810581042
2018-03-03 19:30:00,0.0030136181481155034
2018-03-03 20:00:00,0.002970662736718775
2018-03-03 20:30:00,0.0029480351351343667
2018-03-03 21:00:00,0.0029023191165145597
2018-03-03 21:30:00,0.0028710765347816835
2018-03-03 22:00:00,0.0028438828268368428
2018-03-03 22:30:00,0.002809899199849704
2018-03-03 23:00:00,0.0027888754780384774
2018-03-03 23:30:00,0.002776343163217034
2018-03-04 00:00:00,0.0026251291442644323
2018-03-04 00:30:00,0.0025000845524358493
2018-03-04 01:00:00,0.002497161096864116
2018-03-04 01:30:00,0.002485578545879187
2018-03-04 02:00:00,0.002505324387119211
2018-03-04 02:30:00,0.0025259877754481366
2018-03-04 03:00:00,0.0025510563880692116
2018-03-04 03:30:00,0.002564152017008151
2018-03-04 04:00:00,0.0025810219463274567
2018-03-04 04:30:00,0.0026016393539461747
2018-03-04 05:00:00,0.0026433630671516897
2018-03-04 05:30:00,0.002680717201198957
2018-03-04 06:00:00,0.002670550372080964
2018-03-04 06:30:00,0.002589415795560383
2018-03-04 07:00:00,0.0024477253799573143
2018-03-04 07:30:00,0.002378142448527629
2018-03-04 08:00:00,0.0023780139848767405
2018-03-04 08:30:00,0.0023952208035662344
2018-03-04 09:00:00,0.002380761786068687
2018-03-04 09:30:00,0.0023589227133303924
2018-03-04 10:00:00,0.002320954393963218
2018-03-04 10:30:00,0.002266167873575721
2018-03-04 11:00:00,0.002211114997824156
2018-03-04 11:30:00,0.002191684719374914
2018-03-04 12:00:00,0.0021777362289295255
2018-03-04 12:30:00,0.0021705137282056635
2018-03-04 13:00:00,0.002164455971305518
2018-03-04 13:30:00,0.0021457631488301953
2018-03-04 14:00:00,0.002138417478287212
2018-03-04 14:30:00,0.002140784627766361
2018-03-04 15:00:00,0.0021360615214809425
2018-03-04 15:30:00,0.002133099496563475
2018-03-04 16:00:00,0.00211756164656918
2018-03-04 16:30:00,0.0020963632787270757
2018-03-04 17:00:00,0.0020734499110621183
2018-03-04 17:30:00,0.0020657419407564643
2018-03-04 18:00:00,0.002212364896713159
2018-03-04 18:30:00,0.002250069986597882
2018-03-04 19:00:00,0.002279528446190257
2018-03-04 19:30:00,0.002291366714458273
2018-03-04 20:00:00,0.002289288003184279
2018-03-04 20:30:00,0.0022928538274279006
2018-03-04 21:00:00,0.0023018420479246912
2018-03-04 21:30:00,0.0023157276678156613
2018-03-04 22:00:00,0.0023336157270274493
2018-03-04 22:30:00,0.002352159868456276
2018-03-04 23:00:00,0.002376794790211988
2018-03-04 23:30:00,0.002400082860331185
2018-03-05 00:00:00,0.002555114034492747
2018-03-05 00:30:00,0.002671565678596504
2018-03-05 01:00:00,0.0026999676910378894
2018-03-05 01:30:00,0.002726239112653961
2018-03-05 02:00:00,0.0027436929264084866
2018-03-05 02:30:00,0.002752212264663023
2018-03-05 03:00:00,0.002763501789455265
2018-03-05 03:30:00,0.0027957774750619084
2018-03-05 04:00:00,0.002849701957967892
2018-03-05 04:30:00,0.0029373442166714028
2018-03-05 05:00:00,0.0030433210819006407
2018-03-05 05:30:00,0.003189656406331308
2018-03-05 06:00:00,0.0034105146139097597
2018-03-05 06:30:00,0.0035843864849140123
2018-03-05 07:00:00,0.003677796751458933
2018-03-05 07:30:00,0.0038386145374992584
2018-03-05 08:00:00,0.003969584842938474
2018-03-05 08:30:00,0.004138314386598776
2018-03-05 09:00:00,0.004292513723328622
2018-03-05 09:30:00,0.004425784475966718
2018-03-05 10:00:00,0.004527782093900024
2018-03-05 10:30:00,0.004573402773130573
2018-03-05 11:00:00,0.004574396954736489
2018-03-05 11:30:00,0.004535643232404815
2018-03-05 12:00:00,0.004475467692113007
2018-03-05 12:30:00,0.0043956510276152785
2018-03-05 13:00:00,0.004282758603069797
2018-03-05 13:30:00,0.004143962703424799
2018-03-05 14:00:00,0.003972424857638065
2018-03-05 14:30:00,0.0037990459684149698
2018-03-05 15:00:00,0.0036482512209383457
2018-03-05 15:30:00,0.003509936152470163
2018-03-05 16:00:00,0.003392333326835503
2018-03-05 16:30:00,0.003277196872212547
2018-03-05 17:00:00,0.0031584949966855314
2018-03-05 17:30:00,0.003040185873058211
2018-03-05 18:00:00,0.003093725620438321
2018-03-05 18:30:00,0.0030527936123779793
2018-03-05 19:00:00,0.0030123661316937933
2018-03-05 19:30:00,0.002939875777440013
2018-03-05 20:00:00,0.002857667208497442
2018-03-05 20:30:00,0.002802891527860707
2018-03-05 21:00:00,0.0027521214628438507
2018-03-05 21:30:00,0.002720895871790076
2018-03-05 22:00:00,0.002702631143843677
2018-03-05 22:30:00,0.0026893021325499634
2018-03-05 23:00:00,0.0026835678035620827
2018-03-05 23:30:00,0.0026827499317627437
2018-03-06 00:00:00,0.0026839292462281818
2018-03-06 00:30:00,0.0026813960216838725
2018-03-06 01:00:00,0.0026853900412913087
2018-03-06 01:30:00,0.002679789772290756
2018-03-06 02:00:00,0.0026950099419615616
2018-03-06 02:30:00,0.0027078693147513395
2018-03-06 03:00:00,0.002715991161866313
2018-03-06 03:30:00,0.002754153638815738
2018-03-06 04:00:00,0.0028136286287036615
2018-03-06 04:30:00,0.002901307137550416
2018-03-06 05:00:00,0.0030102145167937447
2018-03-06 05:30:00,0.0031603595346514513
2018-03-06 06:00:00,0.003381512432198288
2018-03-06 06:30:00,0.003546710183390615
2018-03-06 07:00:00,0.003668953229030451
2018-03-06 07:30:00,0.0038438230125315788
2018-03-06 08:00:00,0.00396436270477845
2018-03-06 08:30:00,0.00414300003272226
2018-03-06 09:00:00,0.004296744957016683
2018-03-06 09:30:00,0.00443760217391701
2018-03-06 10:00:00,0.004547449536012446
2018-03-06 10:30:00,0.0045958779123600815
2018-03-06 11:00:00,0.004600003118160458
2018-03-06 11:30:00,0.004569146431554701
2018-03-06 12:00:00,0.004513513654346104
2018-03-06 12:30:00,0.0044262796761154735
2018-03-06 13:00:00,0.004311553165741095
2018-03-06 13:30:00,0.004174523994217935
2018-03-06 14:00:00,0.004000083565681864
2018-03-06 14:30:00,0.0038250180616576784
2018-03-06 15:00:00,0.0036747502773204137
2018-03-06 15:30:00,0.003539433181408272
2018-03-06 16:00:00,0.003420717794005888
2018-03-06 16:30:00,0.0032931674551407416
2018-03-06 17:00:00,0.003172082145299712
2018-03-06 17:30:00,0.0030555966206726433
2018-03-06 18:00:00,0.003103573155874571
2018-03-06 18:30:00,0.003074062917565767
2018-03-06 19:00:00,0.003039742199538659
2018-03-06 19:30:00,0.002974992637347491
2018-03-06 20:00:00,0.0028984968691436134
2018-03-06 20:30:00,0.0028320746577837324
2018-03-06 21:00:00,0.0027800463245819355
2018-03-06 21:30:00,0.0027474464548013474
2018-03-06 22:00:00,0.0027269762661232084
2018-03-06 22:30:00,0.0027231123739423586
2018-03-06 23:00:00,0.00271895616141306
2018-03-06 23:30:00,0.002718200353489013
2018-03-07 00:00:00,0.0027228899825906833
2018-03-07 00:30:00,0.0027312717316367125
2018-03-07 01:00:00,0.002746246570018184
2018-03-07 01:30:00,0.002739364387050797
2018-03-07 02:00:00,0.002764529196157702
2018-03-07 02:30:00,0.0027787765612194435
2018-03-07 03:00:00,0.0027875648261277627
2018-03-07 03:30:00,0.0028292416511090527
2018-03-07 04:00:00,0.002881783233905059
2018-03-07 04:30:00,0.002972583590971211
2018-03-07 05:00:00,0.0030931634659220686
2018-03-07 05:30:00,0.00323761348039931
2018-03-07 06:00:00,0.003458629393746984
2018-03-07 06:30:00,0.0036166867238165675
2018-03-07 07:00:00,0.003706219283800598
2018-03-07 07:30:00,0.003883082724345324
2018-03-07 08:00:00,0.003987130315608744
2018-03-07 08:30:00,0.004148592234931548
2018-03-07 09:00:00,0.004293977543438473
2018-03-07 09:30:00,0.004441139663556316
2018-03-07 10:00:00,0.004556702095175487
2018-03-07 10:30:00,0.004611863519687006
2018-03-07 11:00:00,0.004617158258968412
2018-03-07 11:30:00,0.004578948490455199
2018-03-07 12:00:00,0.00452241142594584
2018-03-07 12:30:00,0.004447209470225913
2018-03-07 13:00:00,0.004340730396823008
2018-03-07 13:30:00,0.00420636614021155
2018-03-07 14:00:00,0.004032383754166972
2018-03-07 14:30:00,0.003856769456249569
2018-03-07 15:00:00,0.003705262411104281
2018-03-07 15:30:00,0.003572739399598967
2018-03-07 16:00:00,0.003462951933428671
2018-03-07 16:30:00,0.0033457143821859605
2018-03-07 17:00:00,0.0032237229700161356
2018-03-07 17:30:00,0.0030967432557980684
2018-03-07 18:00:00,0.0031327999473053166
2018-03-07 18:30:00,0.003096916691810257
2018-03-07 19:00:00,0.0030535274887132755
2018-03-07 19:30:00,0.0029902994241895004
2018-03-07 20:00:00,0.0029064875804830923
2018-03-07 20:30:00,0.0028448079365425553
2018-03-07 21:00:00,0.002789351317888198
2018-03-07 21:30:00,0.002752702473484683
2018-03-07 22:00:00,0.002733813880068859
2018-03-07 22:30:00,0.0027209590448491667
2018-03-07 23:00:00,0.002716157791523372
2018-03-07 23:30:00,0.002707680350165966
2018-03-08 00:00:00,0.002706094822342911
2018-03-08 00:30:00,0.002716095778065525
2018-03-08 01:00:00,0.0027219817123117357
2018-03-08 01:30:00,0.0027303826704044637
2018-03-08 02:00:00,0.0027443499161395424
2018-03-08 02:30:00,0.0027513098428077415
2018-03-08 03:00:00,0.0027667914269329666
2018-03-08 03:30:00,0.002805200646860197
2018-03-08 04:00:00,0.0028657309747153106
2018-03-08 04:30:00,0.0029395177127427554
2018-03-08 05:00:00,0.003057321603149686
2018-03-08 05:30:00,0.003211569643131792
2018-03-08 06:00:00,0.0034306477115479293
2018-03-08 06:30:00,0.0035740574124567106
2018-03-08 07:00:00,0.003685650377764358
2018-03-08 07:30:00,0.0038443223973283025
2018-03-08 08:00:00,0.003979777233701288
2018-03-08 08:30:00,0.004172953541211054
2018-03-08 09:00:00,0.00434997867050319
2018-03-08 09:30:00,0.004505274838757794
2018-03-08 10:00:00,0.004625757408039023
2018-03-08 10:30:00,0.004691520562552586
2018-03-08 11:00:00,0.0047074348796117115
2018-03-08 11:30:00,0.004681934340735864
2018-03-08 12:00:00,0.004634041246406078
2018-03-08 12:30:00,0.004557337758327138
2018-03-08 13:00:00,0.004451051682905239
2018-03-08 13:30:00,0.004321260288591897
2018-03-08 14:00:00,0.004145991854349962
2018-03-08 14:30:00,0.003964305733065144
2018-03-08 15:00:00,0.003809549132311251
2018-03-08 15:30:00,0.0036744200430530193
2018-03-08 16:00:00,0.0035537294009746097
2018-03-08 16:30:00,0.003423310611970665
2018-03-08 17:00:00,0.0032928931338203
2018-03-08 17:30:00,0.0031635394133505083
2018-03-08 18:00:00,0.003185016236743578
2018-03-08 18:30:00,0.0031548474457629106
2018-03-08 19:00:00,0.0031023512386677676
2018-03-08 19:30:00,0.003033065971835746
2018-03-08 20:00:00,0.0029500436149069143
2018-03-08 20:30:00,0.002894315397474167
2018-03-08 21:00:00,0.002845016715183972
2018-03-08 21:30:00,0.0028085517432038442
2018-03-08 22:00:00,0.00278967761959485
2018-03-08 22:30:00,0.002771311098826181
2018-03-08 23:00:00,0.0027665901604909146
2018-03-08 23:30:00,0.0027603743953168733
2018-03-09 00:00:00,0.0027565679286063395
2018-03-09 00:30:00,0.002749483975022447
2018-03-09 01:00:00,0.0027394578105771304
2018-03-09 01:30:00,0.0027379180617945016
2018-03-09 02:00:00,0.0027417366286919317
2018-03-09 02:30:00,0.002750250370610029
2018-03-09 03:00:00,0.0027638798194609027
2018-03-09 03:30:00,0.0027916769233923347
2018-03-09 04:00:00,0.0028440056941512913
2018-03-09 04:30:00,0.0029241213845177094
2018-03-09 05:00:00,0.0030478070245228807
2018-03-09 05:30:00,0.0031912855956620833
2018-03-09 06:00:00,0.0034149928426628526
2018-03-09 06:30:00,0.00352430093976225
2018-03-09 07:00:00,0.003643300126964811
2018-03-09 07:30:00,0.003810831348782758
2018-03-09 08:00:00,0.003966405720501099
2018-03-09 08:30:00,0.004155779695530855
2018-03-09 09:00:00,0.004323985502768303
2018-03-09 09:30:00,0.0044749966923380465
2018-03-09 10:00:00,0.004595166875127553
2018-03-09 10:30:00,0.004662173273427326
2018-03-09 11:00:00,0.004676524195921928
2018-03-09 11:30:00,0.004646768374236561
2018-03-09 12:00:00,0.004594089706406504
2018-03-09 12:30:00,0.0045140500959652
2018-03-09 13:00:00,0.004402263376414865
2018-03-09 13:30:00,0.004263918813741122
2018-03-09 14:00:00,0.004089398473554087
2018-03-09 14:30:00,0.0039167870386849265
2018-03-09 15:00:00,0.0037639358644451764
2018-03-09 15:30:00,0.003627727236845961
2018-03-09 16:00:00,0.0035067510807742295
2018-03-09 16:30:00,0.003385543004453642
2018-03-09 17:00:00,0.003256589094325902
2018-03-09 17:30:00,0.003129016067610323
2018-03-09 18:00:00,0.003154366614586095
2018-03-09 18:30:00,0.0031216663636717077
2018-03-09 19:00:00,0.0030671310734146575
2018-03-09 19:30:00,0.002998223987840609
2018-03-09 20:00:00,0.00290918930012994
2018-03-09 20:30:00,0.002846811021648444
2018-03-09 21:00:00,0.002795052472197003
2018-03-09 21:30:00,0.002753646893071985
2018-03-09 22:00:00,0.0027335953204430333
2018-03-09 22:30:00,0.002716949294998765
2018-03-09 23:00:00,0.0027085539836599224
2018-03-09 23:30:00,0.0027065926946162723
2018-03-10 00:00:00,0.0027972755286171883
2018-03-10 00:30:00,0.0027889582634838305
2018-03-10 01:00:00,0.0027854315631778417
2018-03-10 01:30:00,0.0027929732567485545
2018-03-10 02:00:00,0.0027841157182702508
2018-03-10 02:30:00,0.0027926879948424604
2018-03-10 03:00:00,0.002806893664676853
2018-03-10 03:30:00,0.0028215143205043637
2018-03-10 04:00:00,0.0028514718623887897
2018-03-10 04:30:00,0.0028838083514345896
2018-03-10 05:00:00,0.0028814753345659787
2018-03-10 05:30:00,0.002910749215890731
2018-03-10 06:00:00,0.002957976346184178
2018-03-10 06:30:00,0.002867732597715283
2018-03-10 07:00:00,0.002819063074726281
2018-03-10 07:30:00,0.0028052739034083686
2018-03-10 08:00:00,0.002800434433658958
2018-03-10 08:30:00,0.0028138765312827113
2018-03-10 09:00:00,0.002852428785502552
2018-03-10 09:30:00,0.002888490367502004
2018-03-10 10:00:00,0.0028970781222299536
2018-03-10 10:30:00,0.002906847661878165
2018-03-10 11:00:00,0.002896072344611595
2018-03-10 11:30:00,0.0029032905598525977
2018-03-10 12:00:00,0.002887849108013915
2018-03-10 12:30:00,0.0028727543769472732
2018-03-10 13:00:00,0.0028698414082041837
2018-03-10 13:30:00,0.002874789880470557
2018-03-10 14:00:00,0.002882854503784997
2018-03-10 14:30:00,0.0028968291608845497
2018-03-10 15:00:00,0.002910260368340096
2018-03-10 15:30:00,0.0029195578998644387
2018-03-10 16:00:00,0.0029101854480162266
2018-03-10 16:30:00,0.0028896123069145725
2018-03-10 17:00:00,0.0028624643275927137
2018-03-10 17:30:00,0.0028333105910403585
2018-03-10 18:00:00,0.0029465486271740837
2018-03-10 18:30:00,0.0030106370654036734
2018-03-10 19:00:00,0.0030237771625294587
2018-03-10 19:30:00,0.0029961655947971125
2018-03-10 20:00:00,0.002948981470584594
2018-03-10 20:30:00,0.0029281145470285734
2018-03-10 21:00:00,0.002878861744613696
2018-03-10 21:30:00,0.0028388978019225517
2018-03-10 22:00:00,0.002808547256051204
2018-03-10 22:30:00,0.002773397675221659
2018-03-10 23:00:00,0.0027568206712601483
2018-03-10 23:30:00,0.0027383502905539473
2018-03-11 00:00:00,0.0026001108482538705
2018-03-11 00:30:00,0.002487581025975731
2018-03-11 01:00:00,0.002469582905480627
2018-03-11 01:30:00,0.0024641800207788295
2018-03-11 02:00:00,0.0024787492003945834
2018-03-11 02:30:00,0.002496154865488749
2018-03-11 03:00:00,0.0025155336677262336
2018-03-11 03:30:00,0.002534670163721109
2018-03-11 04:00:00,0.0025858194687622916
2018-03-11 04:30:00,0.002611066912062213
2018-03-11 05:00:00,0.0026103735713530214
2018-03-11 05:30:00,0.002638409553140776
2018-03-11 06:00:00,0.002649902310655441
2018-03-11 06:30:00,0.002492936114939286
2018-03-11 07:00:00,0.0024302497858663735
2018-03-11 07:30:00,0.00239457586360463
2018-03-11 08:00:00,0.002354816212402261
2018-03-11 08:30:00,0.002318416581431377
2018-03-11 09:00:00,0.0022859457803110217
2018-03-11 09:30:00,0.002230389738454328
2018-03-11 10:00:00,0.0021785271273955732
2018-03-11 10:30:00,0.0021506620103302915
2018-03-11 11:00:00,0.002125214359354672
2018-03-11 11:30:00,0.002118777513682536
2018-03-11 12:00:00,0.00211594370032873
2018-03-11 12:30:00,0.002120104097505998
2018-03-11 13:00:00,0.0021239901733628246
2018-03-11 13:30:00,0.0021290795623891013
2018-03-11 14:00:00,0.0021394863281297707
2018-03-11 14:30:00,0.002136169717318779
2018-03-11 15:00:00,0.0021253742330740472
2018-03-11 15:30:00,0.0021007559490753185
2018-03-11 16:00:00,0.002063916425893287
2018-03-11 16:30:00,0.002034622327172928
2018-03-11 17:00:00,0.0019937712895299053
2018-03-11 17:30:00,0.001959902160561278
2018-03-11 18:00:00,0.002092065342758746
2018-03-11 18:30:00,0.002159670095300571
2018-03-11 19:00:00,0.0022074904372566383
2018-03-11 19:30:00,0.002243309007169245
2018-03-11 20:00:00,0.0022554828035364232
2018-03-11 20:30:00,0.0022685240824692173
2018-03-11 21:00:00,0.0022838011230184386
2018-03-11 21:30:00,0.0023126918821755682
2018-03-11 22:00:00,0.0023308324823713834
2018-03-11 22:30:00,0.0023606276296641642
2018-03-11 23:00:00,0.0024007546727911897
2018-03-11 23:30:00,0.002429492162914292
2018-03-12 00:00:00,0.002560737596353076
2018-03-12 00:30:00,0.0026485150242277124
2018-03-12 01:00:00,0.0026778740606177515
2018-03-12 01:30:00,0.002719029922135685
2018-03-12 02:00:00,0.0027286067158901186
2018-03-12 02:30:00,0.002761869726330102
2018-03-12 03:00:00,0.002813701532329715
2018-03-12 03:30:00,0.0029041562778076247
2018-03-12 04:00:00,0.003015428789832287
2018-03-12 04:30:00,0.0031699396559572816
2018-03-12 05:00:00,0.003394646580065516
2018-03-12 05:30:00,0.0036588127682364037
2018-03-12 06:00:00,0.003890280621355829
2018-03-12 06:30:00,0.003938882433715654
2018-03-12 07:00:00,0.0040542504052479035
2018-03-12 07:30:00,0.00418885238011444
2018-03-12 08:00:00,0.004318510269032351
2018-03-12 08:30:00,0.004448585311893535
2018-03-12 09:00:00,0.0045615177174732225
2018-03-12 09:30:00,0.004621438700083187
2018-03-12 10:00:00,0.004633561574830507
2018-03-12 10:30:00,0.004605864852032874
2018-03-12 11:00:00,0.00455513512097234
2018-03-12 11:30:00,0.004481379742595937
2018-03-12 12:00:00,0.004373855313880031
2018-03-12 12:30:00,0.004243402745187665
2018-03-12 13:00:00,0.0040793165978316
2018-03-12 13:30:00,0.00390807344201325
2018-03-12 14:00:00,0.0037522836365506992
2018-03-12 14:30:00,0.003619063200523116
2018-03-12 15:00:00,0.0035091254399480716
2018-03-12 15:30:00,0.0033978457686461624
2018-03-12 16:00:00,0.003270261902179822
2018-03-12 16:30:00,0.0031327298670562054
2018-03-12 17:00:00,0.0029899987849625583
2018-03-12 17:30:00,0.002862663980676512
2018-03-12 18:00:00,0.002880421055365142
2018-03-12 18:30:00,0.002865123242828414
2018-03-12 19:00:00,0.0028171159529847894
2018-03-12 19:30:00,0.0027769634994652807
2018-03-12 20:00:00,0.002724362323248807
2018-03-12 20:30:00,0.0026824681990778275
2018-03-12 21:00:00,0.002655911565973108
2018-03-12 21:30:00,0.0026430540586288107
2018-03-12 22:00:00,0.002631838193724303
2018-03-12 22:30:00,0.002622966840865958
2018-03-12 23:00:00,0.0026233230905351804
2018-03-12 23:30:00,0.002615217679507409
2018-03-13 00:00:00,0.0026138871631232055
2018-03-13 00:30:00,0.002619456677482062
2018-03-13 01:00:00,0.0026250037056602675
2018-03-13 01:30:00,0.002635965617892277
2018-03-13 02:00:00,0.0026495332045376402
2018-03-13 02:30:00,0.0026762960449940613
2018-03-13 03:00:00,0.002728610245111297
2018-03-13 03:30:00,0.002813209256392793
2018-03-13 04:00:00,0.002927382334468975
2018-03-13 04:30:00,0.0030757966726783093
2018-03-13 05:00:00,0.0032859091076131975
2018-03-13 05:30:00,0.003561936050232752
2018-03-13 06:00:00,0.0037935400304547674
2018-03-13 06:30:00,0.003848188255789522
2018-03-13 07:00:00,0.003972069868404978
2018-03-13 07:30:00,0.004108182602023036
2018-03-13 08:00:00,0.004248458959534867
2018-03-13 08:30:00,0.004396574776049966
2018-03-13 09:00:00,0.004525186049218742
2018-03-13 09:30:00,0.004607152160666367
2018-03-13 10:00:00,0.0046461403745366135
2018-03-13 10:30:00,0.004642406710617242
2018-03-13 11:00:00,0.0046185252775830885
2018-03-13 11:30:00,0.004567270499246121
2018-03-13 12:00:00,0.004478512552893273
2018-03-13 12:30:00,0.0043603923434338806
2018-03-13 13:00:00,0.004205151130194767
2018-03-13 13:30:00,0.004037308076476998
2018-03-13 14:00:00,0.003892426639919438
2018-03-13 14:30:00,0.0037629176841352486
2018-03-13 15:00:00,0.0036406247756419086
2018-03-13 15:30:00,0.0035123671304351936
2018-03-13 16:00:00,0.003375341135211093
2018-03-13 16:30:00,0.0032225743597749483
2018-03-13 17:00:00,0.003047349284536061
2018-03-13 17:30:00,0.0028886483757758997
2018-03-13 18:00:00,0.002876252339309382
2018-03-13 18:30:00,0.0028648007224301667
2018-03-13 19:00:00,0.002808443900288126
2018-03-13 19:30:00,0.0027718040301898932
2018-03-13 20:00:00,0.0027066281380803917
2018-03-13 20:30:00,0.002657476775565666
2018-03-13 21:00:00,0.0026265801079257056
2018-03-13 21:30:00,0.0026094853167998987
2018-03-13 22:00:00,0.0025931632234423496
2018-03-13 22:30:00,0.002579266158791273
2018-03-13 23:00:00,0.002574002930413244
2018-03-13 23:30:00,0.0025673878086541605
2018-03-14 00:00:00,0.002560829860278165
2018-03-14 00:30:00,0.0025632944666792792
2018-03-14 01:00:00,0.00256233794690508
2018-03-14 01:30:00,0.002573901893852655
2018-03-14 02:00:00,0.00258754833338263
2018-03-14 02:30:00,0.002612836513978438
2018-03-14 03:00:00,0.0026638101142223885
2018-03-14 03:30:00,0.0027523454675537793
2018-03-14 04:00:00,0.002852516965614563
2018-03-14 04:30:00,0.003003932553513889
2018-03-14 05:00:00,0.0032121167732493123
2018-03-14 05:30:00,0.0034901582961523077
2018-03-14 06:00:00,0.0037148162145036103
2018-03-14 06:30:00,0.00377442692815456
2018-03-14 07:00:00,0.003925034677326182
2018-03-14 07:30:00,0.004079414659762909
2018-03-14 08:00:00,0.004236545216351081
2018-03-14 08:30:00,0.0043955247319145425
2018-03-14 09:00:00,0.004524896148907671
2018-03-14 09:30:00,0.004602776178492552
2018-03-14 10:00:00,0.00462949243322942
2018-03-14 10:30:00,0.004614373350536648
2018-03-14 11:00:00,0.004571755383102007
2018-03-14 11:30:00,0.004494244812557045
2018-03-14 12:00:00,0.004379067872725429
2018-03-14 12:30:00,0.004243758389847543
2018-03-14 13:00:00,0.004076769861411922
2018-03-14 13:30:00,0.00390978571929405
2018-03-14 14:00:00,0.00375670156603909
2018-03-14 14:30:00,0.0036072569473329305
2018-03-14 15:00:00,0.0034702287841586786
2018-03-14 15:30:00,0.0033386758043029317
2018-03-14 16:00:00,0.003204581028937157
2018-03-14 16:30:00,0.003076017198584505
2018-03-14 17:00:00,0.002932514477488955
2018-03-14 17:30:00,0.0028115714456788538
2018-03-14 18:00:00,0.002824961714168733
2018-03-14 18:30:00,0.0028383154300106934
2018-03-14 19:00:00,0.0028005524608986474
2018-03-14 19:30:00,0.0027760513974604824
2018-03-14 20:00:00,0.0027269003878678754
2018-03-14 20:30:00,0.002684480813080898
2018-03-14 21:00:00,0.0026563022003400962
2018-03-14 21:30:00,0.0026402592179603016
2018-03-14 22:00:00,0.0026314088891766906
2018-03-14 22:30:00,0.0026281485946522145
2018-03-14 23:00:00,0.002631209488180119
2018-03-14 23:30:00,0.002626015079615066
2018-03-15 00:00:00,0.002622058873091683
2018-03-15 00:30:00,0.002624057067705368
2018-03-15 01:00:00,0.0026301477471973624
2018-03-15 01:30:00,0.002642723269769517
2018-03-15 02:00:00,0.0026545542779253953
2018-03-15 02:30:00,0.0026816019769483473
2018-03-15 03:00:00,0.0027326362293791182
2018-03-15 03:30:00,0.0028228916746953474
2018-03-15 04:00:00,0.0029267915932611804
2018-03-15 04:30:00,0.0030831615018505464
2018-03-15 05:00:00,0.0032941767619802786
2018-03-15 05:30:00,0.003564002459650068
2018-03-15 06:00:00,0.003780813406798738
2018-03-15 06:30:00,0.003865811825082723
2018-03-15 07:00:00,0.003990553760986547
2018-03-15 07:30:00,0.004135519999687276
2018-03-15 08:00:00,0.004279425455336712
2018-03-15 08:30:00,0.004441870766932115
2018-03-15 09:00:00,0.0045725661460415444
2018-03-15 09:30:00,0.004647219761625261
2018-03-15 10:00:00,0.004667769509032247
2018-03-15 10:30:00,0.004639061109775144
2018-03-15 11:00:00,0.00459124621290318
2018-03-15 11:30:00,0.004521272848776289
2018-03-15 12:00:00,0.004418300056613984
2018-03-15 12:30:00,0.004294635339848656
2018-03-15 13:00:00,0.004124894472651
2018-03-15 13:30:00,0.003945289129755438
2018-03-15 14:00:00,0.0038001612527247455
2018-03-15 14:30:00,0.003668484245953305
2018-03-15 15:00:00,0.003541163961891536
2018-03-15 15:30:00,0.003408624262211793
2018-03-15 16:00:00,0.003273728252803663
2018-03-15 16:30:00,0.003144366969717061
2018-03-15 17:00:00,0.002996781948067173
2018-03-15 17:30:00,0.00287476900764816
2018-03-15 18:00:00,0.002868078058051189
2018-03-15 18:30:00,0.002866438180221988
2018-03-15 19:00:00,0.002810263617145082
2018-03-15 19:30:00,0.0027839674405633176
2018-03-15 20:00:00,0.002728961604288315
2018-03-15 20:30:00,0.0026872949132135514
2018-03-15 21:00:00,0.0026640380514930586
2018-03-15 21:30:00,0.0026487211811619684
2018-03-15 22:00:00,0.0026382808878201054
2018-03-15 22:30:00,0.0026268777725233687
2018-03-15 23:00:00,0.0026259037578956145
2018-03-15 23:30:00,0.0026248551758661083
2018-03-16 00:00:00,0.0026236750043040985
2018-03-16 00:30:00,0.0026277626995250946
2018-03-16 01:00:00,0.0026257129278647617
2018-03-16 01:30:00,0.002648211460788937
2018-03-16 02:00:00,0.00266197002871749
2018-03-16 02:30:00,0.0026859048034088805
2018-03-16 03:00:00,0.002739642741766871
2018-03-16 03:30:00,0.002823433662233437
2018-03-16 04:00:00,0.0029391182049053766
2018-03-16 04:30:00,0.0031018718191794235
2018-03-16 05:00:00,0.0033070188415862825
2018-03-16 05:30:00,0.003574686269253231
2018-03-16 06:00:00,0.0037902559388960613
2018-03-16 06:30:00,0.0038679428696650462
2018-03-16 07:00:00,0.004009060946427893
2018-03-16 07:30:00,0.004158322196885118
2018-03-16 08:00:00,0.004310528179076038
2018-03-16 08:30:00,0.004478315824021308
2018-03-16 09:00:00,0.004615718084640456
2018-03-16 09:30:00,0.004701712953315399
2018-03-16 10:00:00,0.004742691849599965
2018-03-16 10:30:00,0.004737364994405838
2018-03-16 11:00:00,0.004700941415148386
2018-03-16 11:30:00,0.00463507868618015
2018-03-16 12:00:00,0.004537031224676779
2018-03-16 12:30:00,0.004403585019328678
2018-03-16 13:00:00,0.004222256912323672
2018-03-16 13:30:00,0.004035409103395868
2018-03-16 14:00:00,0.003878322964577097
2018-03-16 14:30:00,0.0037404654344259532
2018-03-16 15:00:00,0.0036198384191636433
2018-03-16 15:30:00,0.003493404977966525
2018-03-16 16:00:00,0.003339746469173525
2018-03-16 16:30:00,0.0031824015880249417
2018-03-16 17:00:00,0.0030205032048772782
2018-03-16 17:30:00,0.0028807344502057713
2018-03-16 18:00:00,0.002866159119661678
2018-03-16 18:30:00,0.0028621775027458125
2018-03-16 19:00:00,0.0028082392558772323
2018-03-16 19:30:00,0.0027715471028881156
2018-03-16 20:00:00,0.0027132032788052696
2018-03-16 20:30:00,0.0026644086701342216
2018-03-16 21:00:00,0.00263702256921772
2018-03-16 21:30:00,0.002618210811988691
2018-03-16 22:00:00,0.0026070697665731618
2018-03-16 22:30:00,0.002595733908148593
2018-03-16 23:00:00,0.002589135323311602
2018-03-16 23:30:00,0.0025864042607115292
2018-03-17 00:00:00,0.0026504888167978224
2018-03-17 00:30:00,0.0026665773261308166
2018-03-17 01:00:00,0.0026536743926682095
2018-03-17 01:30:00,0.002649696708313085
2018-03-17 02:00:00,0.002660408096258883
2018-03-17 02:30:00,0.002674832981145891
2018-03-17 03:00:00,0.0027081420227135283
2018-03-17 03:30:00,0.0027410758072350257
2018-03-17 04:00:00,0.002745415388013259
2018-03-17 04:30:00,0.0027683072778464735
2018-03-17 05:00:00,0.0028155373827692
2018-03-17 05:30:00,0.002886418916340148
2018-03-17 06:00:00,0.0028914595012792745
2018-03-17 06:30:00,0.002792186391678139
2018-03-17 07:00:00,0.0027800868602080404
2018-03-17 07:30:00,0.002764942921714685
2018-03-17 08:00:00,0.0027755461642400923
2018-03-17 08:30:00,0.0028199364561330093
2018-03-17 09:00:00,0.00285098856075715
2018-03-17 09:30:00,0.0028757294095656544
2018-03-17 10:00:00,0.002880993898379819
2018-03-17 10:30:00,0.002896745669594962
2018-03-17 11:00:00,0.0028919488530043625
2018-03-17 11:30:00,0.0028836110175532795
2018-03-17 12:00:00,0.002887340093485119
2018-03-17 12:30:00,0.0028986141401216225
2018-03-17 13:00:00,0.0029128582784668585
2018-03-17 13:30:00,0.0029290735876750422
2018-03-17 14:00:00,0.002929175783836876
2018-03-17 14:30:00,0.0029256557386336804
2018-03-17 15:00:00,0.002913131793108173
2018-03-17 15:30:00,0.0028863825653620123
2018-03-17 16:00:00,0.002858394228060164
2018-03-17 16:30:00,0.0028207894184743496
2018-03-17 17:00:00,0.002769053506455894
2018-03-17 17:30:00,0.0027266225373262557
2018-03-17 18:00:00,0.00280085431014428
2018-03-17 18:30:00,0.002849040228996969
2018-03-17 19:00:00,0.0028410075199254694
2018-03-17 19:30:00,0.0028462793696866625
2018-03-17 20:00:00,0.0028000069945568248
2018-03-17 20:30:00,0.002751997587180494
2018-03-17 21:00:00,0.0027205316561644795
2018-03-17 21:30:00,0.0026899001338698968
2018-03-17 22:00:00,0.002674994316971183
2018-03-17 22:30:00,0.0026599523225524337
2018-03-17 23:00:00,0.0026436006845718778
2018-03-17 23:30:00,0.00264669384526484
2018-03-18 00:00:00,0.0025403513023040886
2018-03-18 00:30:00,0.0024343772604517927
2018-03-18 01:00:00,0.0024179563993186977
2018-03-18 01:30:00,0.0024098250737239887
2018-03-18 02:00:00,0.0024269493086379107
2018-03-18 02:30:00,0.0024371101380799
2018-03-18 03:00:00,0.00245046869399662
2018-03-18 03:30:00,0.0024736412073309523
2018-03-18 04:00:00,0.002516979035051067
2018-03-18 04:30:00,0.0025479506734323435
2018-03-18 05:00:00,0.0025433507873834915
2018-03-18 05:30:00,0.0025579650906128806
2018-03-18 06:00:00,0.002511876638323876
2018-03-18 06:30:00,0.0023528643514209024
2018-03-18 07:00:00,0.002335276175174375
2018-03-18 07:30:00,0.0023241937148304054
2018-03-18 08:00:00,0.0022899449424978882
2018-03-18 08:30:00,0.002268886987241233
2018-03-18 09:00:00,0.002236487526806124
2018-03-18 09:30:00,0.0021797134498859226
2018-03-18 10:00:00,0.0021284616965956795
2018-03-18 10:30:00,0.0021013029279405033
2018-03-18 11:00:00,0.0020865059623064158
2018-03-18 11:30:00,0.002079747453332604
2018-03-18 12:00:00,0.002071533342292542
2018-03-18 12:30:00,0.0020709504157887843
2018-03-18 13:00:00,0.0020744687467988366
2018-03-18 13:30:00,0.002080803093804467
2018-03-18 14:00:00,0.002086234413945472
2018-03-18 14:30:00,0.0020861489059580667
2018-03-18 15:00:00,0.0020740304175284967
2018-03-18 15:30:00,0.0020537109770121147
2018-03-18 16:00:00,0.0020257810735294897
2018-03-18 16:30:00,0.001989475622346619
2018-03-18 17:00:00,0.0019516135325369096
2018-03-18 17:30:00,0.0019201283924741965
2018-03-18 18:00:00,0.0019956458605674605
2018-03-18 18:30:00,0.002107458343432396
2018-03-18 19:00:00,0.0021526658516978618
2018-03-18 19:30:00,0.002196192946508022
2018-03-18 20:00:00,0.002210894824840078
2018-03-18 20:30:00,0.00222793153506878
2018-03-18 21:00:00,0.0022539002503426464
2018-03-18 21:30:00,0.0022716867688193916
2018-03-18 22:00:00,0.0022930948732343753
2018-03-18 22:30:00,0.0023159768812482918
2018-03-18 23:00:00,0.002350249198527812
2018-03-18 23:30:00,0.0023869191174235053
2018-03-19 00:00:00,0.0025132236412127263
2018-03-19 00:30:00,0.0026145548413526866
2018-03-19 01:00:00,0.0026463440490286294
2018-03-19 01:30:00,0.0026866477044669036
2018-03-19 02:00:00,0.002710234951707127
2018-03-19 02:30:00,0.0027454011198762094
2018-03-19 03:00:00,0.002803356326289884
2018-03-19 03:30:00,0.0028975515924597396
2018-03-19 04:00:00,0.003009452255436686
2018-03-19 04:30:00,0.0031661788170348378
2018-03-19 05:00:00,0.0033965316379317156
2018-03-19 05:30:00,0.003700977835758983
2018-03-19 06:00:00,0.003886329759081659
2018-03-19 06:30:00,0.00394622971761689
2018-03-19 07:00:00,0.0040468939957890495
2018-03-19 07:30:00,0.004174233740984745
2018-03-19 08:00:00,0.004309275053470529
2018-03-19 08:30:00,0.004445233055948642
2018-03-19 09:00:00,0.004550313196493931
2018-03-19 09:30:00,0.004603182795189733
2018-03-19 10:00:00,0.004606173961390644
2018-03-19 10:30:00,0.004563485863289447
2018-03-19 11:00:00,0.004500482358067499
2018-03-19 11:30:00,0.004422232365268246
2018-03-19 12:00:00,0.004315759644463462
2018-03-19 12:30:00,0.004182329320610663
2018-03-19 13:00:00,0.004013844906569914
2018-03-19 13:30:00,0.003843210339735033
2018-03-19 14:00:00,0.003686014492555063
2018-03-19 14:30:00,0.00354484241870819
2018-03-19 15:00:00,0.003426633071205323
2018-03-19 15:30:00,0.0032996763977598056
2018-03-19 16:00:00,0.0031732489058212444
2018-03-19 16:30:00,0.0030489221575803202
2018-03-19 17:00:00,0.002932247920455105
2018-03-19 17:30:00,0.002822251171468939
2018-03-19 18:00:00,0.0028037806395104017
2018-03-19 18:30:00,0.002831978562132793
2018-03-19 19:00:00,0.0027939303311146526
2018-03-19 19:30:00,0.0027610726769357148
2018-03-19 20:00:00,0.0027132215299205055
2018-03-19 20:30:00,0.0026720182255864475
2018-03-19 21:00:00,0.0026511588646472373
2018-03-19 21:30:00,0.0026395326017371436
2018-03-19 22:00:00,0.0026315336723540645
2018-03-19 22:30:00,0.0026264725675146593
2018-03-19 23:00:00,0.0026241389960541487
2018-03-19 23:30:00,0.0026171973205011854
2018-03-20 00:00:00,0.002616599823355706
2018-03-20 00:30:00,0.0026137608674224686
2018-03-20 01:00:00,0.0026160785069702323
2018-03-20 01:30:00,0.0026270223697567865
2018-03-20 02:00:00,0.0026398752891135524
2018-03-20 02:30:00,0.002667185864696839
2018-03-20 03:00:00,0.002717119100954884
2018-03-20 03:30:00,0.002809992774628373
2018-03-20 04:00:00,0.002928153923053434
2018-03-20 04:30:00,0.0030673702537756522
2018-03-20 05:00:00,0.003283035313225187
2018-03-20 05:30:00,0.003565919028419645
2018-03-20 06:00:00,0.003748689276032979
2018-03-20 06:30:00,0.003826693181281217
2018-03-20 07:00:00,0.003950070115268181
2018-03-20 07:30:00,0.004089112052046748
2018-03-20 08:00:00,0.004244055046096299
2018-03-20 08:30:00,0.004386993444725446
2018-03-20 09:00:00,0.004503597652018994
2018-03-20 09:30:00,0.00457267172017222
2018-03-20 10:00:00,0.004595462825532073
2018-03-20 10:30:00,0.004570099522942614
2018-03-20 11:00:00,0.004519795819295742
2018-03-20 11:30:00,0.0044491099054129605
2018-03-20 12:00:00,0.00434771805308618
2018-03-20 12:30:00,0.0042176430606424425
2018-03-20 13:00:00,0.004047678844161649
2018-03-20 13:30:00,0.0038751018444076997
2018-03-20 14:00:00,0.0037251750332537
2018-03-20 14:30:00,0.003588109258665176
2018-03-20 15:00:00,0.0034752374044374184
2018-03-20 15:30:00,0.003364274556362426
2018-03-20 16:00:00,0.0032456433156764215
2018-03-20 16:30:00,0.003113605168743555
2018-03-20 17:00:00,0.0029807821230206435
2018-03-20 17:30:00,0.0028512421100900845
2018-03-20 18:00:00,0.0028138364494136154
2018-03-20 18:30:00,0.0028459194899613707
2018-03-20 19:00:00,0.0027956463392864134
2018-03-20 19:30:00,0.0027665036945720475
2018-03-20 20:00:00,0.0027178395158322585
2018-03-20 20:30:00,0.0026681385527451873
2018-03-20 21:00:00,0.0026390430483422735
2018-03-20 21:30:00,0.0026255239128619434
2018-03-20 22:00:00,0.0026142204224373243
2018-03-20 22:30:00,0.002609629964450762
2018-03-20 23:00:00,0.0026023440889980276
2018-03-20 23:30:00,0.0025933820351554016
2018-03-21 00:00:00,0.0025917178561175157
2018-03-21 00:30:00,0.0025898874507621346
2018-03-21 01:00:00,0.002599182612666543
2018-03-21 01:30:00,0.0026085840545458623
2018-03-21 02:00:00,0.0026242850553934833
2018-03-21 02:30:00,0.0026490699186318255
2018-03-21 03:00:00,0.002695125095406864
2018-03-21 03:30:00,0.0027789110749637806
2018-03-21 04:00:00,0.002885766363344288
2018-03-21 04:30:00,0.003020884814521539
2018-03-21 05:00:00,0.0032322479550245574
2018-03-21 05:30:00,0.0035412974168695195
2018-03-21 06:00:00,0.0037148095089833714
2018-03-21 06:30:00,0.0037920685973106606
2018-03-21 07:00:00,0.003928847294965056
2018-03-21 07:30:00,0.004079369586566718
2018-03-21 08:00:00,0.004241782630997063
2018-03-21 08:30:00,0.0043937441389952205
2018-03-21 09:00:00,0.004514903209558875
2018-03-21 09:30:00,0.004583796984927337
2018-03-21 10:00:00,0.004601660894182777
2018-03-21 10:30:00,0.004574587835184787
2018-03-21 11:00:00,0.004524574636858332
2018-03-21 11:30:00,0.004449080814546962
2018-03-21 12:00:00,0.004343235690102564
2018-03-21 12:30:00,0.004210688226136228
2018-03-21 13:00:00,0.004041371218402083
2018-03-21 13:30:00,0.0038680447129047614
2018-03-21 14:00:00,0.0037199577855858796
2018-03-21 14:30:00,0.003585765402045803
2018-03-21 15:00:00,0.0034730186839175376
2018-03-21 15:30:00,0.0033546716967887188
2018-03-21 16:00:00,0.003230705282030094
2018-03-21 16:30:00,0.0031055919208059814
2018-03-21 17:00:00,0.0029755973946051085
2018-03-21 17:30:00,0.0028501113476245704
2018-03-21 18:00:00,0.0027939643124728552
2018-03-21 18:30:00,0.002840673756436897
2018-03-21 19:00:00,0.002803492352557583
2018-03-21 19:30:00,0.0027680158650120403
2018-03-21 20:00:00,0.002720553033161331
2018-03-21 20:30:00,0.0026838832655179737
2018-03-21 21:00:00,0.002657896551216098
2018-03-21 21:30:00,0.0026391966702984187
2018-03-21 22:00:00,0.0026279096663784462
2018-03-21 22:30:00,0.0026199379119984396
2018-03-21 23:00:00,0.0026196037451703042
2018-03-21 23:30:00,0.0026200375872880034
2018-03-22 00:00:00,0.0026151961512582214
2018-03-22 00:30:00,0.00261478262737102
2018-03-22 01:00:00,0.002617457524936914
2018-03-22 01:30:00,0.002630078019870369
2018-03-22 02:00:00,0.002650394132835354
2018-03-22 02:30:00,0.0026832153352012653
2018-03-22 03:00:00,0.002735409088041431
2018-03-22 03:30:00,0.0028219413058494878
2018-03-22 04:00:00,0.0029440738868664433
2018-03-22 04:30:00,0.003098722392617391
2018-03-22 05:00:00,0.003312108129777669
2018-03-22 05:30:00,0.003603231820161681
2018-03-22 06:00:00,0.003734244123332918
2018-03-22 06:30:00,0.003824452226667913
2018-03-22 07:00:00,0.003957564618109996
2018-03-22 07:30:00,0.004109675008824431
2018-03-22 08:00:00,0.004278415392235495
2018-03-22 08:30:00,0.004435063958045606
2018-03-22 09:00:00,0.004556142764036179
2018-03-22 09:30:00,0.004611520933145489
2018-03-22 10:00:00,0.004618265678156706
2018-03-22 10:30:00,0.004586103683889447
2018-03-22 11:00:00,0.004531297500698243
2018-03-22 11:30:00,0.004452460346329817
2018-03-22 12:00:00,0.0043429654021777545
2018-03-22 12:30:00,0.004206751531164217
2018-03-22 13:00:00,0.00403500289003825
2018-03-22 13:30:00,0.0038617027528648753
2018-03-22 14:00:00,0.003711119254484492
2018-03-22 14:30:00,0.0035806703662656413
2018-03-22 15:00:00,0.0034701621827133
2018-03-22 15:30:00,0.003352702593041032
2018-03-22 16:00:00,0.0032304336832517048
2018-03-22 16:30:00,0.0031049253517602985
2018-03-22 17:00:00,0.002978424351186339
2018-03-22 17:30:00,0.002858617123586293
2018-03-22 18:00:00,0.002801785016186432
2018-03-22 18:30:00,0.0028665074537919727
2018-03-22 19:00:00,0.002832347113658694
2018-03-22 19:30:00,0.002798154960117365
2018-03-22 20:00:00,0.002743236648527583
2018-03-22 20:30:00,0.002699429031051197
2018-03-22 21:00:00,0.0026766282959592713
2018-03-22 21:30:00,0.0026637899472442272
2018-03-22 22:00:00,0.002653719012107392
2018-03-22 22:30:00,0.002648279423505341
2018-03-22 23:00:00,0.0026419696802130674
2018-03-22 23:30:00,0.002636051680471581
2018-03-23 00:00:00,0.0026320788361912147
2018-03-23 00:30:00,0.0026348702484734364
2018-03-23 01:00:00,0.0026369646899903967
2018-03-23 01:30:00,0.0026437054520234266
2018-03-23 02:00:00,0.002660343612346212
2018-03-23 02:30:00,0.0026860689121936693
2018-03-23 03:00:00,0.0027368143734971687
2018-03-23 03:30:00,0.0028214979852520528
2018-03-23 04:00:00,0.0029333410715063485
2018-03-23 04:30:00,0.003079225260635543
2018-03-23 05:00:00,0.003285879260485519
2018-03-23 05:30:00,0.003582657015284329
2018-03-23 06:00:00,0.0037122194135606468
2018-03-23 06:30:00,0.0038222037094377986
2018-03-23 07:00:00,0.0039629525288305085
2018-03-23 07:30:00,0.004111553714092509
2018-03-23 08:00:00,0.0042771756776704625
2018-03-23 08:30:00,0.004434962971902462
2018-03-23 09:00:00,0.004556850675387093
2018-03-23 09:30:00,0.004619131849868741
2018-03-23 10:00:00,0.004633732590805317
2018-03-23 10:30:00,0.004605515156631554
2018-03-23 11:00:00,0.00455367447716155
2018-03-23 11:30:00,0.004473831847679438
2018-03-23 12:00:00,0.00436928184657257
2018-03-23 12:30:00,0.004247516657480271
2018-03-23 13:00:00,0.004081329110999779
2018-03-23 13:30:00,0.003900147870013234
2018-03-23 14:00:00,0.0037349328760545785
2018-03-23 14:30:00,0.003590238790724138
2018-03-23 15:00:00,0.003468680111488213
2018-03-23 15:30:00,0.0033445839726425645
2018-03-23 16:00:00,0.0032248012479209848
2018-03-23 16:30:00,0.003095071413308481
2018-03-23 17:00:00,0.002964012322747909
2018-03-23 17:30:00,0.002847868426730896
2018-03-23 18:00:00,0.0027937326947286706
2018-03-23 18:30:00,0.0028523332444435117
2018-03-23 19:00:00,0.0028141731875314666
2018-03-23 19:30:00,0.002772337950936718
2018-03-23 20:00:00,0.0027128102244009028
2018-03-23 20:30:00,0.002673414536736903
2018-03-23 21:00:00,0.002651319141706176
2018-03-23 21:30:00,0.002633408697148628
2018-03-23 22:00:00,0.002616681650869596
2018-03-23 22:30:00,0.00261548136274687
2018-03-23 23:00:00,0.0026120936633378597
2018-03-23 23:30:00,0.002600690396788786
2018-03-24 00:00:00,0.0026668386397503438
2018-03-24 00:30:00,0.002680972010968028
2018-03-24 01:00:00,0.002674186276573698
2018-03-24 01:30:00,0.0026673984750641058
2018-03-24 02:00:00,0.002670518205750797
2018-03-24 02:30:00,0.002687694370633485
2018-03-24 03:00:00,0.002714395096797168
2018-03-24 03:30:00,0.0027515614258603062
2018-03-24 04:00:00,0.002744271819516612
2018-03-24 04:30:00,0.002754690987948851
2018-03-24 05:00:00,0.0027892799267855064
2018-03-24 05:30:00,0.0028676191584631246
2018-03-24 06:00:00,0.0028038965492173844
2018-03-24 06:30:00,0.0027462049252082806
2018-03-24 07:00:00,0.0027291500142817885
2018-03-24 07:30:00,0.0027134760876023492
2018-03-24 08:00:00,0.0027389528798614123
2018-03-24 08:30:00,0.002783548471592013
2018-03-24 09:00:00,0.002800641195602558
2018-03-24 09:30:00,0.002817840401257796
2018-03-24 10:00:00,0.0028181219826903755
2018-03-24 10:30:00,0.0028315427537347233
2018-03-24 11:00:00,0.002823198162345956
2018-03-24 11:30:00,0.0028177322054199596
2018-03-24 12:00:00,0.00282698017659547
2018-03-24 12:30:00,0.0028416414184665303
2018-03-24 13:00:00,0.002860165292082305
2018-03-24 13:30:00,0.002876354888393333
2018-03-24 14:00:00,0.00289568705449382
2018-03-24 14:30:00,0.002916829761476199
2018-03-24 15:00:00,0.0029237966457518645
2018-03-24 15:30:00,0.0029200990807234017
2018-03-24 16:00:00,0.002907553455696372
2018-03-24 16:30:00,0.0028803203717266707
2018-03-24 17:00:00,0.002828988858037799
2018-03-24 17:30:00,0.0027843174888867563
2018-03-24 18:00:00,0.0027783788179926534
2018-03-24 18:30:00,0.0028694737137748543
2018-03-24 19:00:00,0.002863663355279305
2018-03-24 19:30:00,0.002857532543500769
2018-03-24 20:00:00,0.0028082871020329208
2018-03-24 20:30:00,0.0027680486867689984
2018-03-24 21:00:00,0.0027352161404778715
2018-03-24 21:30:00,0.002695208485861562
2018-03-24 22:00:00,0.002674395307302342
2018-03-24 22:30:00,0.0026545715711091687
2018-03-24 23:00:00,0.0026381800529292985
2018-03-24 23:30:00,0.002635956996509113
2018-03-25 00:00:00,0.0025219095587068765
2018-03-25 00:30:00,0.0024117743129981866
2018-03-25 01:00:00,0.0023887375738443264
2018-03-25 01:30:00,0.0023729343264174262
2018-03-25 02:00:00,0.002388915446591711
2018-03-25 02:30:00,0.0023973305719865974
2018-03-25 03:00:00,0.002406841369304997
2018-03-25 03:30:00,0.002426328518632655
2018-03-25 04:00:00,0.0024645806378000073
2018-03-25 04:30:00,0.002491285548611659
2018-03-25 05:00:00,0.002480256379507481
2018-03-25 05:30:00,0.0024923729520741258
2018-03-25 06:00:00,0.0023672942780524507
2018-03-25 06:30:00,0.002251637969149937
2018-03-25 07:00:00,0.002249777262909868
2018-03-25 07:30:00,0.002249368024505526
2018-03-25 08:00:00,0.002238477503376208
2018-03-25 08:30:00,0.002226121750448568
2018-03-25 09:00:00,0.002198910850154845
2018-03-25 09:30:00,0.002150779684647864
2018-03-25 10:00:00,0.0021030839241993893
2018-03-25 10:30:00,0.0020824605673221137
2018-03-25 11:00:00,0.0020639246943543327
2018-03-25 11:30:00,0.002060330182584276
2018-03-25 12:00:00,0.0020613850667944578
2018-03-25 12:30:00,0.00205971246804319
2018-03-25 13:00:00,0.002064558592895394
2018-03-25 13:30:00,0.0020767068780351977
2018-03-25 14:00:00,0.002086915200710758
2018-03-25 14:30:00,0.0020928414184958454
2018-03-25 15:00:00,0.002080973051012923
2018-03-25 15:30:00,0.0020577566745010895
2018-03-25 16:00:00,0.0020278488442178316
2018-03-25 16:30:00,0.0019938182281715768
2018-03-25 17:00:00,0.001958125701872479
2018-03-25 17:30:00,0.0019267335315790906
2018-03-25 18:00:00,0.0019494783033066172
2018-03-25 18:30:00,0.0020925990618357896
2018-03-25 19:00:00,0.0021422651864680866
2018-03-25 19:30:00,0.00217755825534725
2018-03-25 20:00:00,0.0021922471259783922
2018-03-25 20:30:00,0.002203839054608166
2018-03-25 21:00:00,0.002223962522514264
2018-03-25 21:30:00,0.0022396508685830884
2018-03-25 22:00:00,0.0022642248356473074
2018-03-25 22:30:00,0.002286343019363358
2018-03-25 23:00:00,0.002319268182501691
2018-03-25 23:30:00,0.002350882996233982
2018-03-26 00:00:00,0.0024703183447567305
2018-03-26 00:30:00,0.0025703461530981134
2018-03-26 01:00:00,0.002605389504370193
2018-03-26 01:30:00,0.0026364259291688126
2018-03-26 02:00:00,0.0026538640630978183
2018-03-26 02:30:00,0.002689884706131603
2018-03-26 03:00:00,0.002746761584222983
2018-03-26 03:30:00,0.0028384454566023898
2018-03-26 04:00:00,0.002950093729847645
2018-03-26 04:30:00,0.0030983987126178983
2018-03-26 05:00:00,0.0033049208204306985
2018-03-26 05:30:00,0.0035998895972884242
2018-03-26 06:00:00,0.0037082055294797222
2018-03-26 06:30:00,0.0038352176116977386
2018-03-26 07:00:00,0.003966443634420043
2018-03-26 07:30:00,0.004107359587644265
2018-03-26 08:00:00,0.004269430600124991
2018-03-26 08:30:00,0.004426554098270806
2018-03-26 09:00:00,0.004549573723822194
2018-03-26 09:30:00,0.004624144705212895
2018-03-26 10:00:00,0.004647681887929832
2018-03-26 10:30:00,0.004628802218401843
2018-03-26 11:00:00,0.004587518195737694
2018-03-26 11:30:00,0.004521019904452698
2018-03-26 12:00:00,0.00442447069817439
2018-03-26 12:30:00,0.004300816569072595
2018-03-26 13:00:00,0.004135418963126688
2018-03-26 13:30:00,0.003965115790160445
2018-03-26 14:00:00,0.003824218491391021
2018-03-26 14:30:00,0.0036984872139560407
2018-03-26 15:00:00,0.003586776423078484
2018-03-26 15:30:00,0.0034679386221186607
2018-03-26 16:00:00,0.0033360704323942498
2018-03-26 16:30:00,0.0031990839140299005
2018-03-26 17:00:00,0.0030586419856273635
2018-03-26 17:30:00,0.0029220123723590267
2018-03-26 18:00:00,0.002837200700292818
2018-03-26 18:30:00,0.002865492147276433
2018-03-26 19:00:00,0.0028114460574921347
2018-03-26 19:30:00,0.0027612916399011034
2018-03-26 20:00:00,0.00271797967633048
2018-03-26 20:30:00,0.0026696043895528543
2018-03-26 21:00:00,0.00263792983114776
2018-03-26 21:30:00,0.0026217675610921403
2018-03-26 22:00:00,0.0026067367089288255
2018-03-26 22:30:00,0.0026002571092629866
2018-03-26 23:00:00,0.0025991095073707076
2018-03-26 23:30:00,0.002596414241156871
2018-03-27 00:00:00,0.002598893519034598
2018-03-27 00:30:00,0.002597587102189297
2018-03-27 01:00:00,0.0026164270427703074
2018-03-27 01:30:00,0.0026156017596064944
2018-03-27 02:00:00,0.0026218315408303577
2018-03-27 02:30:00,0.002667622883113598
2018-03-27 03:00:00,0.002723389871561861
2018-03-27 03:30:00,0.0028024409975685796
2018-03-27 04:00:00,0.002909589917151118
2018-03-27 04:30:00,0.003049305683087506
2018-03-27 05:00:00,0.0032481694817783737
2018-03-27 05:30:00,0.003533235768184358
2018-03-27 06:00:00,0.0036202716562719972
2018-03-27 06:30:00,0.003766126149525849
2018-03-27 07:00:00,0.003906393784819626
2018-03-27 07:30:00,0.004069730577684658
2018-03-27 08:00:00,0.0042374630659446555
2018-03-27 08:30:00,0.004398316749206109
2018-03-27 09:00:00,0.004530921941147431
2018-03-27 09:30:00,0.004606268342848441
2018-03-27 10:00:00,0.004633540853260447
2018-03-27 10:30:00,0.004618894434118334
2018-03-27 11:00:00,0.004578714150168963
2018-03-27 11:30:00,0.0045059446849374275
2018-03-27 12:00:00,0.0044000431937890674
2018-03-27 12:30:00,0.004267539088825781
2018-03-27 13:00:00,0.00410101772843927
2018-03-27 13:30:00,0.003933630196340724
2018-03-27 14:00:00,0.003788951841253249
2018-03-27 14:30:00,0.003658874075850015
2018-03-27 15:00:00,0.003541398907187117
2018-03-27 15:30:00,0.00341269451299668
2018-03-27 16:00:00,0.0032743961831203715
2018-03-27 16:30:00,0.0031333159698590236
2018-03-27 17:00:00,0.0029938058566824372
2018-03-27 17:30:00,0.0028616820505098298
2018-03-27 18:00:00,0.0027908801765026197
2018-03-27 18:30:00,0.002840158792649544
2018-03-27 19:00:00,0.0027930327997515766
2018-03-27 19:30:00,0.002752877321185343
2018-03-27 20:00:00,0.0027088362709367375
2018-03-27 20:30:00,0.002662959319831201
2018-03-27 21:00:00,0.002632796730196318
2018-03-27 21:30:00,0.0026169516867071787
2018-03-27 22:00:00,0.0026004988609136977
2018-03-27 22:30:00,0.002587657335899593
2018-03-27 23:00:00,0.0025825642663998014
2018-03-27 23:30:00,0.0025783208316899533
2018-03-28 00:00:00,0.0025774232499094314
2018-03-28 00:30:00,0.002570622692786153
2018-03-28 01:00:00,0.0025739604789242142
2018-03-28 01:30:00,0.002589103913243116
2018-03-28 02:00:00,0.0025930855805764274
2018-03-28 02:30:00,0.002615262298946591
2018-03-28 03:00:00,0.0026612010114227466
2018-03-28 03:30:00,0.0027315277514244726
2018-03-28 04:00:00,0.002837549992354575
2018-03-28 04:30:00,0.00296968852042124
2018-03-28 05:00:00,0.003174156419838511
2018-03-28 05:30:00,0.0034566814653263674
2018-03-28 06:00:00,0.0035339881477221176
2018-03-28 06:30:00,0.0036849788678090262
2018-03-28 07:00:00,0.003851767743160849
2018-03-28 07:30:00,0.004052647029649175
2018-03-28 08:00:00,0.0042547576614065975
2018-03-28 08:30:00,0.0044476650422625805
2018-03-28 09:00:00,0.004601766317061116
2018-03-28 09:30:00,0.004698516688946586
2018-03-28 10:00:00,0.004737662759838392
2018-03-28 10:30:00,0.004722843812198108
2018-03-28 11:00:00,0.004687571616141342
2018-03-28 11:30:00,0.004627774206690062
2018-03-28 12:00:00,0.004536926608477566
2018-03-28 12:30:00,0.004422132790813574
2018-03-28 13:00:00,0.004262349016161033
2018-03-28 13:30:00,0.004097881158325814
2018-03-28 14:00:00,0.003955728918922848
2018-03-28 14:30:00,0.0038242227768738807
2018-03-28 15:00:00,0.0037087840696657295
2018-03-28 15:30:00,0.0035849884692121326
2018-03-28 16:00:00,0.0034442384398007337
2018-03-28 16:30:00,0.003296538768879997
2018-03-28 17:00:00,0.0031420416163001515
2018-03-28 17:30:00,0.0029899958607507247
2018-03-28 18:00:00,0.0028808063959003625
2018-03-28 18:30:00,0.002918523485137091
2018-03-28 19:00:00,0.002847789876350958
2018-03-28 19:30:00,0.0027980171692390775
2018-03-28 20:00:00,0.002742082391532511
2018-03-28 20:30:00,0.002694047825850923
2018-03-28 21:00:00,0.002662794202697504
2018-03-28 21:30:00,0.0026436062809083176
2018-03-28 22:00:00,0.002631169910485477
2018-03-28 22:30:00,0.002617870292562434
2018-03-28 23:00:00,0.002611161192685118
2018-03-28 23:30:00,0.0026017471464444475
2018-03-29 00:00:00,0.0025921906205030668
2018-03-29 00:30:00,0.0025909744508850387
2018-03-29 01:00:00,0.002588819054676585
2018-03-29 01:30:00,0.0025949094316639067
2018-03-29 02:00:00,0.002607502953264071
2018-03-29 02:30:00,0.002629269273628648
2018-03-29 03:00:00,0.0026794477907585825
2018-03-29 03:30:00,0.0027568981628737334
2018-03-29 04:00:00,0.0028570694088472905
2018-03-29 04:30:00,0.0029842540699809243
2018-03-29 05:00:00,0.0031961404427323413
2018-03-29 05:30:00,0.003485132483524685
2018-03-29 06:00:00,0.0035560865677995686
2018-03-29 06:30:00,0.003719583234383975
2018-03-29 07:00:00,0.003882179394976026
2018-03-29 07:30:00,0.004089421917666199
2018-03-29 08:00:00,0.004288954554187793
2018-03-29 08:30:00,0.004471808948517507
2018-03-29 09:00:00,0.004619068727227095
2018-03-29 09:30:00,0.004713835979315056
2018-03-29 10:00:00,0.0047564226375161
2018-03-29 10:30:00,0.004747384755835588
2018-03-29 11:00:00,0.004708778050774711
2018-03-29 11:30:00,0.0046400776263093736
2018-03-29 12:00:00,0.00453428695270601
2018-03-29 12:30:00,0.00440363271423203
2018-03-29 13:00:00,0.00423239691936071
2018-03-29 13:30:00,0.004057782903560115
2018-03-29 14:00:00,0.0039014315485906576
2018-03-29 14:30:00,0.0037595701674302236
2018-03-29 15:00:00,0.0036382493577017134
2018-03-29 15:30:00,0.0035063646310552104
2018-03-29 16:00:00,0.0033628073582837328
2018-03-29 16:30:00,0.0031970965591669774
2018-03-29 17:00:00,0.0030408728611692826
2018-03-29 17:30:00,0.0029073164937029744
2018-03-29 18:00:00,0.002806600134309713
2018-03-29 18:30:00,0.002872193331614821
2018-03-29 19:00:00,0.0028136304941491414
2018-03-29 19:30:00,0.0027705307880236682
2018-03-29 20:00:00,0.0027245552708123674
2018-03-29 20:30:00,0.002672986593460317
2018-03-29 21:00:00,0.0026384729278696485
2018-03-29 21:30:00,0.002626232630891983
2018-03-29 22:00:00,0.002609080918470316
2018-03-29 22:30:00,0.0025957944595005234
2018-03-29 23:00:00,0.0025890209261279816
2018-03-29 23:30:00,0.0025834570081055648
2018-03-30 00:00:00,0.0025804015596617644
2018-03-30 00:30:00,0.002573676174949583
2018-03-30 01:00:00,0.0025821105093911684
2018-03-30 01:30:00,0.002587493932959039
2018-03-30 02:00:00,0.0026003172572753534
2018-03-30 02:30:00,0.0026241393993937123
2018-03-30 03:00:00,0.0026698957519698426
2018-03-30 03:30:00,0.0027568501654657096
2018-03-30 04:00:00,0.0028553462918157278
2018-03-30 04:30:00,0.0029875627652529877
2018-03-30 05:00:00,0.003203897015455365
2018-03-30 05:30:00,0.00350238382081847
2018-03-30 06:00:00,0.0035817790963075143
2018-03-30 06:30:00,0.0037351220423097325
2018-03-30 07:00:00,0.0038910134893422174
2018-03-30 07:30:00,0.0040919189929021545
2018-03-30 08:00:00,0.004288844442487031
2018-03-30 08:30:00,0.0044668999531108835
2018-03-30 09:00:00,0.0046115882908525484
2018-03-30 09:30:00,0.004705257854319179
2018-03-30 10:00:00,0.004744894587789653
2018-03-30 10:30:00,0.004728204598332994
2018-03-30 11:00:00,0.004684597995211431
2018-03-30 11:30:00,0.004611633969058084
2018-03-30 12:00:00,0.004502724724369275
2018-03-30 12:30:00,0.004357422050055366
2018-03-30 13:00:00,0.004172340465074946
2018-03-30 13:30:00,0.00398587900503127
2018-03-30 14:00:00,0.003826692878776544
2018-03-30 14:30:00,0.0036877067036925936
2018-03-30 15:00:00,0.0035699130480270807
2018-03-30 15:30:00,0.003442620644812619
2018-03-30 16:00:00,0.003310719935835923
2018-03-30 16:30:00,0.0031752719058180685
2018-03-30 17:00:00,0.003033056241268783
2018-03-30 17:30:00,0.0029066684782772002
2018-03-30 18:00:00,0.0028219095428588833
2018-03-30 18:30:00,0.002878088693923321
2018-03-30 19:00:00,0.0028269939405580653
2018-03-30 19:30:00,0.0027820367549090284
2018-03-30 20:00:00,0.0027361541570496075
2018-03-30 20:30:00,0.0026831242308774208
2018-03-30 21:00:00,0.0026497899805870816
2018-03-30 21:30:00,0.0026365156722216315
2018-03-30 22:00:00,0.0026202353749263216
2018-03-30 22:30:00,0.0026105276974836204
2018-03-30 23:00:00,0.002601763834618876
2018-03-30 23:30:00,0.0025860526494472834
2018-03-31 00:00:00,0.0026431943703793693
2018-03-31 00:30:00,0.00265078446469767
2018-03-31 01:00:00,0.0026476021659612332
2018-03-31 01:30:00,0.002650134987165979
2018-03-31 02:00:00,0.00265723310805203
2018-03-31 02:30:00,0.002668255420383633
2018-03-31 03:00:00,0.0026917187415430536
2018-03-31 03:30:00,0.0027235494427765637
2018-03-31 04:00:00,0.002711747727156465
2018-03-31 04:30:00,0.0027218620717137923
2018-03-31 05:00:00,0.002756007992457686
2018-03-31 05:30:00,0.0028239026453105824
2018-03-31 06:00:00,0.002701600712094516
2018-03-31 06:30:00,0.0026917065909387115
2018-03-31 07:00:00,0.0026778760773155676
2018-03-31 07:30:00,0.0026772767147246086
2018-03-31 08:00:00,0.0027149761074380004
2018-03-31 08:30:00,0.0027767561325123353
2018-03-31 09:00:00,0.002813720085949623
2018-03-31 09:30:00,0.00284529622950129
2018-03-31 10:00:00,0.0028538000896000874
2018-03-31 10:30:00,0.0028671338905511138
2018-03-31 11:00:00,0.00285851306197898
2018-03-31 11:30:00,0.002852923027719844
2018-03-31 12:00:00,0.002859574399622173
2018-03-31 12:30:00,0.0028708209687509315
2018-03-31 13:00:00,0.0028849170814764626
2018-03-31 13:30:00,0.0028975796749768296
2018-03-31 14:00:00,0.0029123293994645734
2018-03-31 14:30:00,0.0029283546853210315
2018-03-31 15:00:00,0.002927612389272352
2018-03-31 15:30:00,0.002915462238687069
2018-03-31 16:00:00,0.0028943705541594382
2018-03-31 16:30:00,0.00286485421533974
2018-03-31 17:00:00,0.0028109630583651674
2018-03-31 17:30:00,0.00276440779094917
2018-03-31 18:00:00,0.0027304150384044133
2018-03-31 18:30:00,0.002826204756285161
2018-03-31 19:00:00,0.002813720741376414
2018-03-31 19:30:00,0.0028023704635624595
2018-03-31 20:00:00,0.002758987360976372
2018-03-31 20:30:00,0.002712582186295342
2018-03-31 21:00:00,0.0026721115482778897
2018-03-31 21:30:00,0.00263820077449936
2018-03-31 22:00:00,0.0026159119781480637
2018-03-31 22:30:00,0.002599186393974948
2018-03-31 23:00:00,0.002584167793250866
2018-03-31 23:30:00,0.0025840542027463715
2018-04-01 00:00:00,0.0024818142785704555
2018-04-01 00:30:00,0.0023733941335195084
2018-04-01 01:00:00,0.002346928503903743
2018-04-01 01:30:00,0.0023331274340687145
2018-04-01 02:00:00,0.002344192550811465
2018-04-01 02:30:00,0.002353551742871536
2018-04-01 03:00:00,0.00236279890736792
2018-04-01 03:30:00,0.002381006008174223
2018-04-01 04:00:00,0.0024218384921973375
2018-04-01 04:30:00,0.002451343235004593
2018-04-01 05:00:00,0.0024405890426476467
2018-04-01 05:30:00,0.00243930561615745
2018-04-01 06:00:00,0.0022580095746477205
2018-04-01 06:30:00,0.0021948810341611722
2018-04-01 07:00:00,0.002196548742420236
2018-04-01 07:30:00,0.0022251213170794227
2018-04-01 08:00:00,0.002215752696957061
2018-04-01 08:30:00,0.0022012401865499414
2018-04-01 09:00:00,0.002179818318172362
2018-04-01 09:30:00,0.002134451692449202
2018-04-01 10:00:00,0.0020954995774698647
2018-04-01 10:30:00,0.00207890770036196
2018-04-01 11:00:00,0.002067152015869515
2018-04-01 11:30:00,0.0020685322942723323
2018-04-01 12:00:00,0.0020759657415877633
2018-04-01 12:30:00,0.002085638630993136
2018-04-01 13:00:00,0.002094257493284899
2018-04-01 13:30:00,0.0021063539997082732
2018-04-01 14:00:00,0.002116239549898359
2018-04-01 14:30:00,0.0021206413962216652
2018-04-01 15:00:00,0.002117736796774513
2018-04-01 15:30:00,0.002104683064732704
2018-04-01 16:00:00,0.0020807028639230046
2018-04-01 16:30:00,0.0020495978713986353
2018-04-01 17:00:00,0.0020113975813651577
2018-04-01 17:30:00,0.0019684225071647226
2018-04-01 18:00:00,0.0019486380461615194
2018-04-01 18:30:00,0.002092073913724465
2018-04-01 19:00:00,0.002119677969257446
2018-04-01 19:30:00,0.0021546697434828774
2018-04-01 20:00:00,0.0021731234360146496
2018-04-01 20:30:00,0.002174989032746923
2018-04-01 21:00:00,0.0021869586888776616
2018-04-01 21:30:00,0.0021975671243999453
2018-04-01 22:00:00,0.0022152954107272495
2018-04-01 22:30:00,0.0022372400071787742
2018-04-01 23:00:00,0.002267696580937806
2018-04-01 23:30:00,0.002289955630996314
2018-04-02 00:00:00,0.0024111123319400353
2018-04-02 00:30:00,0.0025056078339972705
2018-04-02 01:00:00,0.0025365334916683385
2018-04-02 01:30:00,0.0025675829745853184
2018-04-02 02:00:00,0.002574947702922664
2018-04-02 02:30:00,0.0026012218470807865
2018-04-02 03:00:00,0.002647987304826672
2018-04-02 03:30:00,0.0027266096808776777
2018-04-02 04:00:00,0.002829645192342064
2018-04-02 04:30:00,0.0029588510888619323
2018-04-02 05:00:00,0.003167245045170235
2018-04-02 05:30:00,0.0034245530490777483
2018-04-02 06:00:00,0.0034959926029344245
2018-04-02 06:30:00,0.003693802677016355
2018-04-02 07:00:00,0.0038626645160533962
2018-04-02 07:30:00,0.004068004032266807
2018-04-02 08:00:00,0.0042719350867254195
2018-04-02 08:30:00,0.00445557039686699
2018-04-02 09:00:00,0.004600819880775998
2018-04-02 09:30:00,0.004697575748163017
2018-04-02 10:00:00,0.0047422529657377265
2018-04-02 10:30:00,0.0047379034023053036
2018-04-02 11:00:00,0.004707565712882534
2018-04-02 11:30:00,0.0046511544398994565
2018-04-02 12:00:00,0.004559842396179903
2018-04-02 12:30:00,0.004433588693175648
2018-04-02 13:00:00,0.004265642182859911
2018-04-02 13:30:00,0.004092087336752358
2018-04-02 14:00:00,0.003943258819229032
2018-04-02 14:30:00,0.0038106999609200352
2018-04-02 15:00:00,0.0036843714888442477
2018-04-02 15:30:00,0.0035463281199893462
2018-04-02 16:00:00,0.0034104261312930765
2018-04-02 16:30:00,0.0032647278312850853
2018-04-02 17:00:00,0.0031067290358696162
2018-04-02 17:30:00,0.002961372818228689
2018-04-02 18:00:00,0.002809034036486576
2018-04-02 18:30:00,0.002862153151119682
2018-04-02 19:00:00,0.002794668190428136
2018-04-02 19:30:00,0.00275105110047793
2018-04-02 20:00:00,0.002705034644300962
2018-04-02 20:30:00,0.002652894384370369
2018-04-02 21:00:00,0.0026186397131967402
2018-04-02 21:30:00,0.0026000805977866286
2018-04-02 22:00:00,0.0025811759212057196
2018-04-02 22:30:00,0.0025667817405429626
2018-04-02 23:00:00,0.0025620709865316676
2018-04-02 23:30:00,0.0025513890423739852
2018-04-03 00:00:00,0.002547576979327011
2018-04-03 00:30:00,0.0025438094348843284
2018-04-03 01:00:00,0.002543577615470362
2018-04-03 01:30:00,0.002551826917887316
2018-04-03 02:00:00,0.002561186362034614
2018-04-03 02:30:00,0.0025885617744526896
2018-04-03 03:00:00,0.002632824863130853
2018-04-03 03:30:00,0.0027088102051174637
2018-04-03 04:00:00,0.0028063074106216986
2018-04-03 04:30:00,0.002943793212947881
2018-04-03 05:00:00,0.003158669592298965
2018-04-03 05:30:00,0.0034029731220088285
2018-04-03 06:00:00,0.003475519137122334
2018-04-03 06:30:00,0.0036805387042272127
2018-04-03 07:00:00,0.0038468374715922658
2018-04-03 07:30:00,0.004047337165134148
2018-04-03 08:00:00,0.004237396918256286
2018-04-03 08:30:00,0.004420374028648111
2018-04-03 09:00:00,0.004569583147466789
2018-04-03 09:30:00,0.004666502569046698
2018-04-03 10:00:00,0.0047053810241383005
2018-04-03 10:30:00,0.004693501161477826
2018-04-03 11:00:00,0.004654828762485588
2018-04-03 11:30:00,0.004583667311257759
2018-04-03 12:00:00,0.004472753721026926
2018-04-03 12:30:00,0.004336619610412018
2018-04-03 13:00:00,0.004160839842438798
2018-04-03 13:30:00,0.003982230597012077
2018-04-03 14:00:00,0.003829378918597872
2018-04-03 14:30:00,0.0036906538050462214
2018-04-03 15:00:00,0.003563623572547859
2018-04-03 15:30:00,0.0034251158590207897
2018-04-03 16:00:00,0.003280615679185372
2018-04-03 16:30:00,0.0031325597081779677
2018-04-03 17:00:00,0.002977790402227833
2018-04-03 17:30:00,0.0028478753339209162
2018-04-03 18:00:00,0.002731588302776402
2018-04-03 18:30:00,0.0028124194671105447
2018-04-03 19:00:00,0.0027675745611124222
2018-04-03 19:30:00,0.002734202195233358
2018-04-03 20:00:00,0.0026943556243551126
2018-04-03 20:30:00,0.002645553301814918
2018-04-03 21:00:00,0.0026136947701515447
2018-04-03 21:30:00,0.0025993468727036682
2018-04-03 22:00:00,0.002586087538319503
2018-04-03 22:30:00,0.0025782287694346463
2018-04-03 23:00:00,0.0025717924783544097
2018-04-03 23:30:00,0.0025612141420470317
2018-04-04 00:00:00,0.00256040529497042
2018-04-04 00:30:00,0.0025546821586554186
2018-04-04 01:00:00,0.002558566671571438
2018-04-04 01:30:00,0.0025662871454035525
2018-04-04 02:00:00,0.0025725307914249013
2018-04-04 02:30:00,0.0025981302997460766
2018-04-04 03:00:00,0.0026433346317124825
2018-04-04 03:30:00,0.0027245487165444655
2018-04-04 04:00:00,0.002820782309614547
2018-04-04 04:30:00,0.0029526482305539145
2018-04-04 05:00:00,0.0031587480418440133
2018-04-04 05:30:00,0.003422214587125034
2018-04-04 06:00:00,0.0034898953691745276
2018-04-04 06:30:00,0.0036771862970299846
2018-04-04 07:00:00,0.0038372605770029423
2018-04-04 07:30:00,0.004027332480729421
2018-04-04 08:00:00,0.004214374548074365
2018-04-04 08:30:00,0.004394145310608296
2018-04-04 09:00:00,0.004542903445377839
2018-04-04 09:30:00,0.00464015673128121
2018-04-04 10:00:00,0.004681376975876925
2018-04-04 10:30:00,0.004670394342074855
2018-04-04 11:00:00,0.00463152183624181
2018-04-04 11:30:00,0.004564135391238583
2018-04-04 12:00:00,0.004462824710998903
2018-04-04 12:30:00,0.004335550760569459
2018-04-04 13:00:00,0.004168597675597956
2018-04-04 13:30:00,0.003995357182262494
2018-04-04 14:00:00,0.003847574423391732
2018-04-04 14:30:00,0.0037143476851834735
2018-04-04 15:00:00,0.003598954857850639
2018-04-04 15:30:00,0.0034725492470833834
2018-04-04 16:00:00,0.003340245803552803
2018-04-04 16:30:00,0.003193031400544077
2018-04-04 17:00:00,0.003041653272806686
2018-04-04 17:30:00,0.0029053281304911426
2018-04-04 18:00:00,0.002769488709844619
2018-04-04 18:30:00,0.0028348995472497023
2018-04-04 19:00:00,0.0027786086711262493
2018-04-04 19:30:00,0.002740103305130634
2018-04-04 20:00:00,0.0027008575589492654
2018-04-04 20:30:00,0.0026521885905521625
2018-04-04 21:00:00,0.0026223065740009514
2018-04-04 21:30:00,0.0026066578056267685
2018-04-04 22:00:00,0.0025930706570125883
2018-04-04 22:30:00,0.0025881147733817405
2018-04-04 23:00:00,0.0025819543161453074
2018-04-04 23:30:00,0.0025727408305024533
2018-04-05 00:00:00,0.002569894412787296
2018-04-05 00:30:00,0.0025622054498585594
2018-04-05 01:00:00,0.002565302038937809
2018-04-05 01:30:00,0.0025714908307785597
2018-04-05 02:00:00,0.0025829057437575208
2018-04-05 02:30:00,0.002611776436771379
2018-04-05 03:00:00,0.002655677477774099
2018-04-05 03:30:00,0.0027351658238673584
2018-04-05 04:00:00,0.002834099422391145
2018-04-05 04:30:00,0.002969277769493536
2018-04-05 05:00:00,0.0031780423444430017
2018-04-05 05:30:00,0.003429850813405878
2018-04-05 06:00:00,0.003500511770653186
2018-04-05 06:30:00,0.003680444474021753
2018-04-05 07:00:00,0.0038388423739350377
2018-04-05 07:30:00,0.0040315601851963045
2018-04-05 08:00:00,0.004221719462355668
2018-04-05 08:30:00,0.004401365139207553
2018-04-05 09:00:00,0.0045472119185922585
2018-04-05 09:30:00,0.004638515391346094
2018-04-05 10:00:00,0.004676569168283228
2018-04-05 10:30:00,0.004673912572250017
2018-04-05 11:00:00,0.004643919788571252
2018-04-05 11:30:00,0.004582740033601894
2018-04-05 12:00:00,0.004485044082527877
2018-04-05 12:30:00,0.00435844335624691
2018-04-05 13:00:00,0.004197568598493278
2018-04-05 13:30:00,0.004035382432567249
2018-04-05 14:00:00,0.003897772754577711
2018-04-05 14:30:00,0.0037756776337226896
2018-04-05 15:00:00,0.003664893969248662
2018-04-05 15:30:00,0.0035393679412339197
2018-04-05 16:00:00,0.003397669862179149
2018-04-05 16:30:00,0.0032560029915230833
2018-04-05 17:00:00,0.003097256051635269
2018-04-05 17:30:00,0.002943633692150623
2018-04-05 18:00:00,0.002786122332597318
2018-04-05 18:30:00,0.002822253944428436
2018-04-05 19:00:00,0.0027709022637614025
2018-04-05 19:30:00,0.002730470648846693
2018-04-05 20:00:00,0.002682753763488594
2018-04-05 20:30:00,0.002630792132567067
2018-04-05 21:00:00,0.0025995474837189297
2018-04-05 21:30:00,0.0025831114469347678
2018-04-05 22:00:00,0.0025679971538993098
2018-04-05 22:30:00,0.0025605446487895157
2018-04-05 23:00:00,0.0025529355470942983
2018-04-05 23:30:00,0.0025437811506974573
2018-04-06 00:00:00,0.0025420825365443612
2018-04-06 00:30:00,0.0025401142898932457
2018-04-06 01:00:00,0.0025439027071583256
2018-04-06 01:30:00,0.0025483665669394787
2018-04-06 02:00:00,0.002559508721538806
2018-04-06 02:30:00,0.0025847802643776305
2018-04-06 03:00:00,0.0026236331578244135
2018-04-06 03:30:00,0.00270789618724974
2018-04-06 04:00:00,0.002809472466591807
2018-04-06 04:30:00,0.0029454821973689048
2018-04-06 05:00:00,0.0031479979333001447
2018-04-06 05:30:00,0.0033835287770923187
2018-04-06 06:00:00,0.003455446590836094
2018-04-06 06:30:00,0.0036399938517301268
2018-04-06 07:00:00,0.003814030789450631
2018-04-06 07:30:00,0.004014921621533956
2018-04-06 08:00:00,0.004215210318066823
2018-04-06 08:30:00,0.004408265825377403
2018-04-06 09:00:00,0.004565006655112605
2018-04-06 09:30:00,0.004661487142412829
2018-04-06 10:00:00,0.004703887306483325
2018-04-06 10:30:00,0.004701884977639117
2018-04-06 11:00:00,0.004671918058109846
2018-04-06 11:30:00,0.004604706208720052
2018-04-06 12:00:00,0.004499469723676567
2018-04-06 12:30:00,0.004372324993159692
2018-04-06 13:00:00,0.004204436714993397
2018-04-06 13:30:00,0.004030068585074035
2018-04-06 14:00:00,0.0038809608557380643
2018-04-06 14:30:00,0.0037434249888885964
2018-04-06 15:00:00,0.003618202877234747
2018-04-06 15:30:00,0.0034817135757169693
2018-04-06 16:00:00,0.0033439277391731897
2018-04-06 16:30:00,0.003197240349721269
2018-04-06 17:00:00,0.0030544215412726195
2018-04-06 17:30:00,0.0029118271408734614
2018-04-06 18:00:00,0.002770183613494618
2018-04-06 18:30:00,0.0028105410643471385
2018-04-06 19:00:00,0.002772540175310232
2018-04-06 19:30:00,0.002733828601962916
2018-04-06 20:00:00,0.0026875504792443026
2018-04-06 20:30:00,0.0026377845280701065
2018-04-06 21:00:00,0.0026060734674345394
2018-04-06 21:30:00,0.0025914873475571306
2018-04-06 22:00:00,0.002574757780405828
2018-04-06 22:30:00,0.002568708947393519
2018-04-06 23:00:00,0.0025634759694827328
2018-04-06 23:30:00,0.0025561422982917554
2018-04-07 00:00:00,0.002610119013671178
2018-04-07 00:30:00,0.0026208941292679665
2018-04-07 01:00:00,0.0026299481445310087
2018-04-07 01:30:00,0.002635664877830444
2018-04-07 02:00:00,0.0026538098643440096
2018-04-07 02:30:00,0.0026667005967848283
2018-04-07 03:00:00,0.002692501875722509
2018-04-07 03:30:00,0.0027335783801813777
2018-04-07 04:00:00,0.002734996622920584
2018-04-07 04:30:00,0.0027436404418478217
2018-04-07 05:00:00,0.0027780387019059605
2018-04-07 05:30:00,0.0027982156123041854
2018-04-07 06:00:00,0.0026872960728147955
2018-04-07 06:30:00,0.002681484252213329
2018-04-07 07:00:00,0.002676397384059322
2018-04-07 07:30:00,0.002710398455482571
2018-04-07 08:00:00,0.002762617417045439
2018-04-07 08:30:00,0.0028372839899126244
2018-04-07 09:00:00,0.0028868428262211025
2018-04-07 09:30:00,0.0029376302852566222
2018-04-07 10:00:00,0.0029615291123094405
2018-04-07 10:30:00,0.002981282566583721
2018-04-07 11:00:00,0.0029761007623800187
2018-04-07 11:30:00,0.002977342997817321
2018-04-07 12:00:00,0.002992921837194729
2018-04-07 12:30:00,0.0030154789551904634
2018-04-07 13:00:00,0.003037771532850164
2018-04-07 13:30:00,0.0030553678263054015
2018-04-07 14:00:00,0.0030726060550633817
2018-04-07 14:30:00,0.003089125835224359
2018-04-07 15:00:00,0.003090174114749193
2018-04-07 15:30:00,0.003073029612022218
2018-04-07 16:00:00,0.0030438986641551855
2018-04-07 16:30:00,0.003004757231668357
2018-04-07 17:00:00,0.0029353976495218106
2018-04-07 17:30:00,0.002867781855559442
2018-04-07 18:00:00,0.002782947092303238
2018-04-07 18:30:00,0.0028475096561894034
2018-04-07 19:00:00,0.0028472896344576616
2018-04-07 19:30:00,0.0028400981908801685
2018-04-07 20:00:00,0.00279813549898344
2018-04-07 20:30:00,0.002743154316839239
2018-04-07 21:00:00,0.0027018538076704424
2018-04-07 21:30:00,0.0026647969852987207
2018-04-07 22:00:00,0.0026385451256514666
2018-04-07 22:30:00,0.0026230697932894727
2018-04-07 23:00:00,0.0026101339372350176
2018-04-07 23:30:00,0.0026118902793631008
2018-04-08 00:00:00,0.002513579689212168
2018-04-08 00:30:00,0.0024063875618789187
2018-04-08 01:00:00,0.0023791647630680797
2018-04-08 01:30:00,0.0023560070724626967
2018-04-08 02:00:00,0.002368982203707121
2018-04-08 02:30:00,0.0023761156672224004
2018-04-08 03:00:00,0.0023837308694285115
2018-04-08 03:30:00,0.0024026657964766624
2018-04-08 04:00:00,0.0024403742139127815
2018-04-08 04:30:00,0.0024719752132650323
2018-04-08 05:00:00,0.0024601736488972696
2018-04-08 05:30:00,0.002419804854119533
2018-04-08 06:00:00,0.0022584019232078523
2018-04-08 06:30:00,0.002188790606756405
2018-04-08 07:00:00,0.002201954097576858
2018-04-08 07:30:00,0.0022428939203412365
2018-04-08 08:00:00,0.0022429285571262288
2018-04-08 08:30:00,0.002237071612911126
2018-04-08 09:00:00,0.002219810393798042
2018-04-08 09:30:00,0.0021842361972433067
2018-04-08 10:00:00,0.0021428119132460444
2018-04-08 10:30:00,0.002124982539940706
2018-04-08 11:00:00,0.002114939838573297
2018-04-08 11:30:00,0.002113979285403466
2018-04-08 12:00:00,0.0021235542641298644
2018-04-08 12:30:00,0.0021342997342687553
2018-04-08 13:00:00,0.002149106480887251
2018-04-08 13:30:00,0.002167826478365646
2018-04-08 14:00:00,0.0021793514526279242
2018-04-08 14:30:00,0.0021826923646476003
2018-04-08 15:00:00,0.0021757558820915133
2018-04-08 15:30:00,0.0021578501767738336
2018-04-08 16:00:00,0.002130415523857409
2018-04-08 16:30:00,0.002087134617433155
2018-04-08 17:00:00,0.0020486961049701446
2018-04-08 17:30:00,0.0020036357652278127
2018-04-08 18:00:00,0.0019470099155970973
2018-04-08 18:30:00,0.0020625628687365337
2018-04-08 19:00:00,0.0021131418012178644
2018-04-08 19:30:00,0.0021499512756024356
2018-04-08 20:00:00,0.002168247564869658
2018-04-08 20:30:00,0.0021737253698953245
2018-04-08 21:00:00,0.002187656214234822
2018-04-08 21:30:00,0.002198590800211422
2018-04-08 22:00:00,0.0022166650510490864
2018-04-08 22:30:00,0.0022353365469450033
2018-04-08 23:00:00,0.0022676942617353177
2018-04-08 23:30:00,0.002291555729461091
2018-04-09 00:00:00,0.002410505961324165
2018-04-09 00:30:00,0.0025142774162391097
2018-04-09 01:00:00,0.002548537179574724
2018-04-09 01:30:00,0.002579631231513441
2018-04-09 02:00:00,0.0025896897639587067
2018-04-09 02:30:00,0.0026145890747981157
2018-04-09 03:00:00,0.002660893061666221
2018-04-09 03:30:00,0.002738888799288304
2018-04-09 04:00:00,0.0028472403766135026
2018-04-09 04:30:00,0.002989560405274773
2018-04-09 05:00:00,0.0031952480539486966
2018-04-09 05:30:00,0.003419110233759191
2018-04-09 06:00:00,0.0035085668146529986
2018-04-09 06:30:00,0.0036968778386813088
2018-04-09 07:00:00,0.003884641934261879
2018-04-09 07:30:00,0.004110757320124911
2018-04-09 08:00:00,0.004324844414368201
2018-04-09 08:30:00,0.00452608302598992
2018-04-09 09:00:00,0.00469009969810622
2018-04-09 09:30:00,0.004799729861846856
2018-04-09 10:00:00,0.004851559197391644
2018-04-09 10:30:00,0.004853508587918179
2018-04-09 11:00:00,0.004832356099951391
2018-04-09 11:30:00,0.004799173757424053
2018-04-09 12:00:00,0.004728305735728473
2018-04-09 12:30:00,0.004608137418384446
2018-04-09 13:00:00,0.004442100418395928
2018-04-09 13:30:00,0.00426525739691659
2018-04-09 14:00:00,0.004113148165803401
2018-04-09 14:30:00,0.003978999342936154
2018-04-09 15:00:00,0.0038510081539283965
2018-04-09 15:30:00,0.003706872643475584
2018-04-09 16:00:00,0.0035449802095864785
2018-04-09 16:30:00,0.003387703341571745
2018-04-09 17:00:00,0.0032186843009399347
2018-04-09 17:30:00,0.0030350316976145908
2018-04-09 18:00:00,0.002859696460257496
2018-04-09 18:30:00,0.00286178011244114
2018-04-09 19:00:00,0.0028183878842974346
2018-04-09 19:30:00,0.0027707706238114535
2018-04-09 20:00:00,0.002722206826205463
2018-04-09 20:30:00,0.002662293910386763
2018-04-09 21:00:00,0.00262691669479122
2018-04-09 21:30:00,0.0026100908303191973
2018-04-09 22:00:00,0.002587543694977653
2018-04-09 22:30:00,0.0025763007559049633
2018-04-09 23:00:00,0.0025634922039001525
2018-04-09 23:30:00,0.0025557957791894955
2018-04-10 00:00:00,0.0025542005712169227
2018-04-10 00:30:00,0.002548076767463298
2018-04-10 01:00:00,0.0025550761205738034
2018-04-10 01:30:00,0.002556522899587108
2018-04-10 02:00:00,0.0025649064636611716
2018-04-10 02:30:00,0.0025876273375195777
2018-04-10 03:00:00,0.0026270652245853794
2018-04-10 03:30:00,0.00270532030954662
2018-04-10 04:00:00,0.002811356314439316
2018-04-10 04:30:00,0.0029497183215491693
2018-04-10 05:00:00,0.003156962255927814
2018-04-10 05:30:00,0.0033460480448396423
2018-04-10 06:00:00,0.0034538820366703266
2018-04-10 06:30:00,0.003646717623084055
2018-04-10 07:00:00,0.0038387838392809244
2018-04-10 07:30:00,0.004075816669189119
2018-04-10 08:00:00,0.0042958719789495175
2018-04-10 08:30:00,0.00449873836821354
2018-04-10 09:00:00,0.00466355808940023
2018-04-10 09:30:00,0.0047746287803909415
2018-04-10 10:00:00,0.004821883589861915
2018-04-10 10:30:00,0.004815206605897321
2018-04-10 11:00:00,0.004780925112642737
2018-04-10 11:30:00,0.004713902429508097
2018-04-10 12:00:00,0.004611373865457246
2018-04-10 12:30:00,0.004479222329689666
2018-04-10 13:00:00,0.00430048194848745
2018-04-10 13:30:00,0.0041112337145665315
2018-04-10 14:00:00,0.003949122771469046
2018-04-10 14:30:00,0.003802887878589623
2018-04-10 15:00:00,0.003669031577740608
2018-04-10 15:30:00,0.0035289238161662064
2018-04-10 16:00:00,0.003372196699976155
2018-04-10 16:30:00,0.0032104079243547995
2018-04-10 17:00:00,0.0030567118041475282
2018-04-10 17:30:00,0.0029145522037975317
2018-04-10 18:00:00,0.002771879656357999
2018-04-10 18:30:00,0.002798805345163073
2018-04-10 19:00:00,0.002769992380124202
2018-04-10 19:30:00,0.0027203875126880703
2018-04-10 20:00:00,0.002681861828461957
2018-04-10 20:30:00,0.0026298364194719944
2018-04-10 21:00:00,0.002594724601309057
2018-04-10 21:30:00,0.0025739396565192625
2018-04-10 22:00:00,0.002557405104046782
2018-04-10 22:30:00,0.0025462432362263017
2018-04-10 23:00:00,0.0025390208363373305
2018-04-10 23:30:00,0.0025301343582453647
2018-04-11 00:00:00,0.002522581976176226
2018-04-11 00:30:00,0.0025196339673085807
2018-04-11 01:00:00,0.0025188999397209484
2018-04-11 01:30:00,0.002525047994265812
2018-04-11 02:00:00,0.002532253403475682
2018-04-11 02:30:00,0.002556417375873878
2018-04-11 03:00:00,0.002594148531577874
2018-04-11 03:30:00,0.002670487501526546
2018-04-11 04:00:00,0.002770141010753252
2018-04-11 04:30:00,0.0029038613357520136
2018-04-11 05:00:00,0.003103097820199305
2018-04-11 05:30:00,0.003273018879346833
2018-04-11 06:00:00,0.003397978316110129
2018-04-11 06:30:00,0.003590499902673884
2018-04-11 07:00:00,0.0037766531104563607
2018-04-11 07:30:00,0.004009788873504632
2018-04-11 08:00:00,0.0042272813636802685
2018-04-11 08:30:00,0.004424218258025253
2018-04-11 09:00:00,0.00457902593165134
2018-04-11 09:30:00,0.004668984720718813
2018-04-11 10:00:00,0.004703159328989141
2018-04-11 10:30:00,0.004682391727800566
2018-04-11 11:00:00,0.004632999168227029
2018-04-11 11:30:00,0.004558524887496613
2018-04-11 12:00:00,0.004450873910992745
2018-04-11 12:30:00,0.004316181890568718
2018-04-11 13:00:00,0.004143037240796968
2018-04-11 13:30:00,0.003960932049705955
2018-04-11 14:00:00,0.0038037843007689004
2018-04-11 14:30:00,0.003668547771934514
2018-04-11 15:00:00,0.0035518507965414227
2018-04-11 15:30:00,0.0034272064688118994
2018-04-11 16:00:00,0.0032910199744712165
2018-04-11 16:30:00,0.0031438360235995144
2018-04-11 17:00:00,0.0030047574837555845
2018-04-11 17:30:00,0.002878435717200035
2018-04-11 18:00:00,0.0027474375813309557
2018-04-11 18:30:00,0.002776959264399867
2018-04-11 19:00:00,0.0027605633094848012
2018-04-11 19:30:00,0.0027162267625886844
2018-04-11 20:00:00,0.0026832197215190152
2018-04-11 20:30:00,0.002634720004486133
2018-04-11 21:00:00,0.0026034353241863456
2018-04-11 21:30:00,0.002589101442788291
2018-04-11 22:00:00,0.002572588267312662
2018-04-11 22:30:00,0.002560128553612599
2018-04-11 23:00:00,0.0025502974542635495
2018-04-11 23:30:00,0.0025397625777941095
2018-04-12 00:00:00,0.0025362490364413707
2018-04-12 00:30:00,0.00253311231507558
2018-04-12 01:00:00,0.0025353880073087664
2018-04-12 01:30:00,0.0025411241009072366
2018-04-12 02:00:00,0.002548819063511977
2018-04-12 02:30:00,0.002574759948355981
2018-04-12 03:00:00,0.0026166831633929587
2018-04-12 03:30:00,0.0026957616660725314
2018-04-12 04:00:00,0.002794563322141696
2018-04-12 04:30:00,0.0029299492882842596
2018-04-12 05:00:00,0.0031275156948525544
2018-04-12 05:30:00,0.003288692301851818
2018-04-12 06:00:00,0.003425070785824599
2018-04-12 06:30:00,0.003621499926076923
2018-04-12 07:00:00,0.003794435595537473
2018-04-12 07:30:00,0.004011091861963644
2018-04-12 08:00:00,0.004211429009661545
2018-04-12 08:30:00,0.004394816669311293
2018-04-12 09:00:00,0.004545379294869279
2018-04-12 09:30:00,0.004641386513609498
2018-04-12 10:00:00,0.0046768723283824405
2018-04-12 10:30:00,0.004660443551710417
2018-04-12 11:00:00,0.004623252518099031
2018-04-12 11:30:00,0.004562628010455903
2018-04-12 12:00:00,0.004463275745465484
2018-04-12 12:30:00,0.004332732727876064
2018-04-12 13:00:00,0.0041644207414985954
2018-04-12 13:30:00,0.003995529307421102
2018-04-12 14:00:00,0.0038546019598542183
2018-04-12 14:30:00,0.003728956694581095
2018-04-12 15:00:00,0.0036183689018824614
2018-04-12 15:30:00,0.003492842218440929
2018-04-12 16:00:00,0.0033578722970578367
2018-04-12 16:30:00,0.0032143154276259222
2018-04-12 17:00:00,0.003078318351627621
2018-04-12 17:30:00,0.002944440119189856
2018-04-12 18:00:00,0.0027994588056729506
2018-04-12 18:30:00,0.002797897528641134
2018-04-12 19:00:00,0.0027779803689216287
2018-04-12 19:30:00,0.002733696911595522
2018-04-12 20:00:00,0.002699834236059906
2018-04-12 20:30:00,0.0026497467728363706
2018-04-12 21:00:00,0.0026195000364851086
2018-04-12 21:30:00,0.002604167183823825
2018-04-12 22:00:00,0.0025901473022757453
2018-04-12 22:30:00,0.0025829284316079525
2018-04-12 23:00:00,0.0025770819742214936
2018-04-12 23:30:00,0.002567619275146009
2018-04-13 00:00:00,0.002565834547996163
2018-04-13 00:30:00,0.0025591044240441136
2018-04-13 01:00:00,0.0025620236445504335
2018-04-13 01:30:00,0.0025690399883400395
2018-04-13 02:00:00,0.0025767335896737537
2018-04-13 02:30:00,0.0026025981929228624
2018-04-13 03:00:00,0.0026468670796072477
2018-04-13 03:30:00,0.0027251432390606655
2018-04-13 04:00:00,0.0028256685163358473
2018-04-13 04:30:00,0.0029644160152332566
2018-04-13 05:00:00,0.0031706496344234567
2018-04-13 05:30:00,0.003342077973518773
2018-04-13 06:00:00,0.003471697293090952
2018-04-13 06:30:00,0.0036674946019174762
2018-04-13 07:00:00,0.003842257550851794
2018-04-13 07:30:00,0.004063375962865975
2018-04-13 08:00:00,0.0042694477420564285
2018-04-13 08:30:00,0.0044543954183018574
2018-04-13 09:00:00,0.004602728937346209
2018-04-13 09:30:00,0.004693658715994712
2018-04-13 10:00:00,0.004737347600387173
2018-04-13 10:30:00,0.004740896131447021
2018-04-13 11:00:00,0.0047209069756154794
2018-04-13 11:30:00,0.004671708573624193
2018-04-13 12:00:00,0.004578153457758628
2018-04-13 12:30:00,0.004448935763556535
2018-04-13 13:00:00,0.004278813387549511
2018-04-13 13:30:00,0.004108473157760897
2018-04-13 14:00:00,0.003966988747839748
2018-04-13 14:30:00,0.003830965101847718
2018-04-13 15:00:00,0.0037036434060974768
2018-04-13 15:30:00,0.0035654278616665215
2018-04-13 16:00:00,0.003419122233111197
2018-04-13 16:30:00,0.0032697896923861713
2018-04-13 17:00:00,0.003112562888894724
2018-04-13 17:30:00,0.0029611482085094157
2018-04-13 18:00:00,0.0028075597799655265
2018-04-13 18:30:00,0.002796771354163152
2018-04-13 19:00:00,0.0027843757210361973
2018-04-13 19:30:00,0.00272796873353598
2018-04-13 20:00:00,0.002697954673695256
2018-04-13 20:30:00,0.0026501229878139734
2018-04-13 21:00:00,0.002614883361426937
2018-04-13 21:30:00,0.0025947957907419667
2018-04-13 22:00:00,0.002577406107977994
2018-04-13 22:30:00,0.002565681883971481
2018-04-13 23:00:00,0.002559465513788095
2018-04-13 23:30:00,0.0025517214950089772
2018-04-14 00:00:00,0.002595692616260808
2018-04-14 00:30:00,0.0025984895240445784
2018-04-14 01:00:00,0.002599151152180611
2018-04-14 01:30:00,0.0025928838603773677
2018-04-14 02:00:00,0.0026056664473977954
2018-04-14 02:30:00,0.002621141628507453
2018-04-14 03:00:00,0.0026400057694622578
2018-04-14 03:30:00,0.0026692050329678125
2018-04-14 04:00:00,0.0026628849036817856
2018-04-14 04:30:00,0.0026610598929930618
2018-04-14 05:00:00,0.0026943764467600648
2018-04-14 05:30:00,0.002636474783673409
2018-04-14 06:00:00,0.00258353384429236
2018-04-14 06:30:00,0.002587173580510944
2018-04-14 07:00:00,0.0025942199226805657
2018-04-14 07:30:00,0.002638654027333539
2018-04-14 08:00:00,0.0026973291444501325
2018-04-14 08:30:00,0.0027774024841624107
2018-04-14 09:00:00,0.0028345717834371326
2018-04-14 09:30:00,0.002889775205680673
2018-04-14 10:00:00,0.0029233778784503416
2018-04-14 10:30:00,0.002947156762400543
2018-04-14 11:00:00,0.0029440268473898815
2018-04-14 11:30:00,0.0029472394470110054
2018-04-14 12:00:00,0.002961814575885316
2018-04-14 12:30:00,0.0029871306877458778
2018-04-14 13:00:00,0.0030187452493909417
2018-04-14 13:30:00,0.003052219660179503
2018-04-14 14:00:00,0.0030885266743031813
2018-04-14 14:30:00,0.0031230082743985725
2018-04-14 15:00:00,0.0031374666364693284
2018-04-14 15:30:00,0.00313128802895255
2018-04-14 16:00:00,0.003111580908310596
2018-04-14 16:30:00,0.003074371018574629
2018-04-14 17:00:00,0.0030070207732972015
2018-04-14 17:30:00,0.002933357558010995
2018-04-14 18:00:00,0.0028429157698165544
2018-04-14 18:30:00,0.002868023909714825
2018-04-14 19:00:00,0.0028850503347846645
2018-04-14 19:30:00,0.002850931488208953
2018-04-14 20:00:00,0.002807714813610143
2018-04-14 20:30:00,0.002752045080414064
2018-04-14 21:00:00,0.0026956266481537403
2018-04-14 21:30:00,0.0026547903324047753
2018-04-14 22:00:00,0.0026261470220696878
2018-04-14 22:30:00,0.0026069461429970324
2018-04-14 23:00:00,0.002593792231491206
2018-04-14 23:30:00,0.00258979634643829
2018-04-15 00:00:00,0.0024847955629520675
2018-04-15 00:30:00,0.0023750631526321528
2018-04-15 01:00:00,0.002340133543116904
2018-04-15 01:30:00,0.002322666570409127
2018-04-15 02:00:00,0.0023334464252457833
2018-04-15 02:30:00,0.0023376904145475316
2018-04-15 03:00:00,0.0023430134884332545
2018-04-15 03:30:00,0.0023599347427119815
2018-04-15 04:00:00,0.002399514353216813
2018-04-15 04:30:00,0.0024265369443519534
2018-04-15 05:00:00,0.002418272163779261
2018-04-15 05:30:00,0.00228826347027623
2018-04-15 06:00:00,0.0021924319059157967
2018-04-15 06:30:00,0.0021529845403702587
2018-04-15 07:00:00,0.0021721199775987803
2018-04-15 07:30:00,0.0022315356765709084
2018-04-15 08:00:00,0.0022395287575303208
2018-04-15 08:30:00,0.002242187773600912
2018-04-15 09:00:00,0.002231914109916109
2018-04-15 09:30:00,0.0021958621072312827
2018-04-15 10:00:00,0.0021616372327678875
2018-04-15 10:30:00,0.002150157482954137
2018-04-15 11:00:00,0.00214516802130465
2018-04-15 11:30:00,0.002151454572572038
2018-04-15 12:00:00,0.0021575113211232755
2018-04-15 12:30:00,0.00217043457281638
2018-04-15 13:00:00,0.0021819917638262708
2018-04-15 13:30:00,0.00220432472585974
2018-04-15 14:00:00,0.0022228573216935693
2018-04-15 14:30:00,0.0022311185730450834
2018-04-15 15:00:00,0.002226107532728964
2018-04-15 15:30:00,0.002197138374444232
2018-04-15 16:00:00,0.002161223960967913
2018-04-15 16:30:00,0.0021151291560807875
2018-04-15 17:00:00,0.00206664244674882
2018-04-15 17:30:00,0.0020205541457121515
2018-04-15 18:00:00,0.001961038569780678
2018-04-15 18:30:00,0.002041131723549
2018-04-15 19:00:00,0.0021206262205705987
2018-04-15 19:30:00,0.0021414794305814697
2018-04-15 20:00:00,0.002176844848494788
2018-04-15 20:30:00,0.0021766987387380077
2018-04-15 21:00:00,0.0021906289780681603
2018-04-15 21:30:00,0.002203551574334474
2018-04-15 22:00:00,0.002214577617557037
2018-04-15 22:30:00,0.002234854959506507
2018-04-15 23:00:00,0.0022660370907223435
2018-04-15 23:30:00,0.0022869270550509137
2018-04-16 00:00:00,0.0024050337526349383
2018-04-16 00:30:00,0.002504920543381527
2018-04-16 01:00:00,0.0025329361061038934
2018-04-16 01:30:00,0.002563772877818715
2018-04-16 02:00:00,0.0025727436034619503
2018-04-16 02:30:00,0.002595108076398797
2018-04-16 03:00:00,0.002636173438602231
2018-04-16 03:30:00,0.0027220213404238226
2018-04-16 04:00:00,0.002815883196027224
2018-04-16 04:30:00,0.002949197156416031
2018-04-16 05:00:00,0.0031476742028832077
2018-04-16 05:30:00,0.0032951807749880477
2018-04-16 06:00:00,0.0034473834296275705
2018-04-16 06:30:00,0.0036549314820368906
2018-04-16 07:00:00,0.003867866638487596
2018-04-16 07:30:00,0.0041213700915475006
2018-04-16 08:00:00,0.004352336593589831
2018-04-16 08:30:00,0.004558835660630082
2018-04-16 09:00:00,0.004728163709784771
2018-04-16 09:30:00,0.004840776771265272
2018-04-16 10:00:00,0.004894294687891521
2018-04-16 10:30:00,0.004901937266770486
2018-04-16 11:00:00,0.004885238908017888
2018-04-16 11:30:00,0.004834380158714568
2018-04-16 12:00:00,0.004744294468937014
2018-04-16 12:30:00,0.004620517119598653
2018-04-16 13:00:00,0.00445305935599866
2018-04-16 13:30:00,0.0042859574387283245
2018-04-16 14:00:00,0.0041440073732814265
2018-04-16 14:30:00,0.004017438712495736
2018-04-16 15:00:00,0.0038992325412919296
2018-04-16 15:30:00,0.0037680572385197014
2018-04-16 16:00:00,0.0036208175763708284
2018-04-16 16:30:00,0.003458935730145258
2018-04-16 17:00:00,0.0032710611699418076
2018-04-16 17:30:00,0.0030901969538519604
2018-04-16 18:00:00,0.0029120309786052293
2018-04-16 18:30:00,0.0028575347114509217
2018-04-16 19:00:00,0.002847621381248418
2018-04-16 19:30:00,0.0027883853196342626
2018-04-16 20:00:00,0.002751066074459215
2018-04-16 20:30:00,0.00269549107564305
2018-04-16 21:00:00,0.0026587665042365383
2018-04-16 21:30:00,0.0026386801939877035
2018-04-16 22:00:00,0.0026201387246834826
2018-04-16 22:30:00,0.002603919331662221
2018-04-16 23:00:00,0.0025955498340554245
2018-04-16 23:30:00,0.0025864590644746827
2018-04-17 00:00:00,0.0025781343879768505
2018-04-17 00:30:00,0.0025707027052720086
2018-04-17 01:00:00,0.0025651700460657427
2018-04-17 01:30:00,0.002573560971086835
2018-04-17 02:00:00,0.0025817718554103915
2018-04-17 02:30:00,0.0026053965628125494
2018-04-17 03:00:00,0.002654823355831515
2018-04-17 03:30:00,0.0027303535291210205
2018-04-17 04:00:00,0.0028441375357710227
2018-04-17 04:30:00,0.002978206396569859
2018-04-17 05:00:00,0.0031806032985822828
2018-04-17 05:30:00,0.0033110159870753334
2018-04-17 06:00:00,0.0034747679171858187
2018-04-17 06:30:00,0.00368537086344704
2018-04-17 07:00:00,0.0038940859788825647
2018-04-17 07:30:00,0.00414833192966093
2018-04-17 08:00:00,0.004381667849967453
2018-04-17 08:30:00,0.0045937078446750155
2018-04-17 09:00:00,0.004759257912975824
2018-04-17 09:30:00,0.004861381826609866
2018-04-17 10:00:00,0.004910693466183529
2018-04-17 10:30:00,0.004915042777528725
2018-04-17 11:00:00,0.004892144131757826
2018-04-17 11:30:00,0.004828994466361654
2018-04-17 12:00:00,0.004727819610719891
2018-04-17 12:30:00,0.004593827737360185
2018-04-17 13:00:00,0.004408102170349622
2018-04-17 13:30:00,0.004212447946233155
2018-04-17 14:00:00,0.0040501962880455464
2018-04-17 14:30:00,0.003902799878058914
2018-04-17 15:00:00,0.003776433492064182
2018-04-17 15:30:00,0.003637375320868195
2018-04-17 16:00:00,0.003481652822695258
2018-04-17 16:30:00,0.003313435217775585
2018-04-17 17:00:00,0.003151545153506413
2018-04-17 17:30:00,0.0029980106716291062
2018-04-17 18:00:00,0.0028450134884674665
2018-04-17 18:30:00,0.0028131454783243575
2018-04-17 19:00:00,0.002817772993133291
2018-04-17 19:30:00,0.0027648960839079047
2018-04-17 20:00:00,0.0027367237229303327
2018-04-17 20:30:00,0.0026832152343663745
2018-04-17 21:00:00,0.0026498564307801237
2018-04-17 21:30:00,0.0026337911638894605
2018-04-17 22:00:00,0.002618064752649356
2018-04-17 22:30:00,0.002611503325469627
2018-04-17 23:00:00,0.0026059196942260585
2018-04-17 23:30:00,0.002596090510739934
2018-04-18 00:00:00,0.002595353609357913
2018-04-18 00:30:00,0.0025923076898112943
2018-04-18 01:00:00,0.0026004107312191317
2018-04-18 01:30:00,0.0026049042868756278
2018-04-18 02:00:00,0.0026119798711635835
2018-04-18 02:30:00,0.002634389568548957
2018-04-18 03:00:00,0.0026779771138761566
2018-04-18 03:30:00,0.002757437730374444
2018-04-18 04:00:00,0.0028592929694419298
2018-04-18 04:30:00,0.0029908091445625317
2018-04-18 05:00:00,0.0031920552179661704
2018-04-18 05:30:00,0.0033402589625060528
2018-04-18 06:00:00,0.0034806529943354567
2018-04-18 06:30:00,0.0036727287898469527
2018-04-18 07:00:00,0.0038657158806841194
2018-04-18 07:30:00,0.0040997700983353095
2018-04-18 08:00:00,0.004307709289286071
2018-04-18 08:30:00,0.004496490808914889
2018-04-18 09:00:00,0.00464788834736876
2018-04-18 09:30:00,0.004743463438184424
2018-04-18 10:00:00,0.004783946932650454
2018-04-18 10:30:00,0.004774515441973674
2018-04-18 11:00:00,0.0047393540634619044
2018-04-18 11:30:00,0.0046757088449948594
2018-04-18 12:00:00,0.004578267451602686
2018-04-18 12:30:00,0.004455914042174863
2018-04-18 13:00:00,0.004288242105266794
2018-04-18 13:30:00,0.004110977745196216
2018-04-18 14:00:00,0.0039603329392022225
2018-04-18 14:30:00,0.0038219434545846247
2018-04-18 15:00:00,0.003704542651653698
2018-04-18 15:30:00,0.0035780129635533033
2018-04-18 16:00:00,0.003442730706095936
2018-04-18 16:30:00,0.0032988367960414978
2018-04-18 17:00:00,0.003154817396965449
2018-04-18 17:30:00,0.0030100181912613424
2018-04-18 18:00:00,0.0028562463440510747
2018-04-18 18:30:00,0.002804178886911645
2018-04-18 19:00:00,0.0028112593112743596
2018-04-18 19:30:00,0.0027532064966863837
2018-04-18 20:00:00,0.0027201477777351758
2018-04-18 20:30:00,0.002668927585765755
2018-04-18 21:00:00,0.002633829632400304
2018-04-18 21:30:00,0.0026103871840632803
2018-04-18 22:00:00,0.0025930282055235585
2018-04-18 22:30:00,0.0025813752213674004
2018-04-18 23:00:00,0.002573033655025358
2018-04-18 23:30:00,0.0025604220839797395
2018-04-19 00:00:00,0.0025505730864375715
2018-04-19 00:30:00,0.002547432079588921
2018-04-19 01:00:00,0.0025466303917895568
2018-04-19 01:30:00,0.002558683387957547
2018-04-19 02:00:00,0.0025709955802123586
2018-04-19 02:30:00,0.002591525160641183
2018-04-19 03:00:00,0.0026375734806436462
2018-04-19 03:30:00,0.002709893423931962
2018-04-19 04:00:00,0.002810209519226164
2018-04-19 04:30:00,0.0029447387921364273
2018-04-19 05:00:00,0.003138084149340633
2018-04-19 05:30:00,0.0032676401446013843
2018-04-19 06:00:00,0.0034340062696734965
2018-04-19 06:30:00,0.0036301515092907522
2018-04-19 07:00:00,0.003846039766771089
2018-04-19 07:30:00,0.004100431071044552
2018-04-19 08:00:00,0.004335154328196249
2018-04-19 08:30:00,0.004550724048256525
2018-04-19 09:00:00,0.004726652749363468
2018-04-19 09:30:00,0.004845607972553637
2018-04-19 10:00:00,0.004907268457864919
2018-04-19 10:30:00,0.004917885968527376
2018-04-19 11:00:00,0.004903029308637931
2018-04-19 11:30:00,0.004858255188733155
2018-04-19 12:00:00,0.00477528178714381
2018-04-19 12:30:00,0.004655117049438407
2018-04-19 13:00:00,0.004486127704681939
2018-04-19 13:30:00,0.004301460248598064
2018-04-19 14:00:00,0.004146126620181526
2018-04-19 14:30:00,0.004010701580518775
2018-04-19 15:00:00,0.0038923202591096364
2018-04-19 15:30:00,0.003764471650637481
2018-04-19 16:00:00,0.0036083160666085263
2018-04-19 16:30:00,0.0034349273459835772
2018-04-19 17:00:00,0.003249469495608109
2018-04-19 17:30:00,0.003074466559633669
2018-04-19 18:00:00,0.002892910918697556
2018-04-19 18:30:00,0.0028256833894822414
2018-04-19 19:00:00,0.002827682289940162
2018-04-19 19:30:00,0.0027692464036020085
2018-04-19 20:00:00,0.002734408200915277
2018-04-19 20:30:00,0.002674294976585988
2018-04-19 21:00:00,0.0026300372321570375
2018-04-19 21:30:00,0.0026099950875903754
2018-04-19 22:00:00,0.0025889674836358533
2018-04-19 22:30:00,0.002571138513670078
2018-04-19 23:00:00,0.0025579274791986094
2018-04-19 23:30:00,0.0025459910481643922
2018-04-20 00:00:00,0.002535474674897416
2018-04-20 00:30:00,0.0025257758709251055
2018-04-20 01:00:00,0.002526141649491509
2018-04-20 01:30:00,0.002527435058635896
2018-04-20 02:00:00,0.0025319220600244887
2018-04-20 02:30:00,0.0025548998107672266
2018-04-20 03:00:00,0.0025939634491357966
2018-04-20 03:30:00,0.002666519598155829
2018-04-20 04:00:00,0.002767369160439847
2018-04-20 04:30:00,0.0029072926462512983
2018-04-20 05:00:00,0.003102309140100855
2018-04-20 05:30:00,0.003222712150653237
2018-04-20 06:00:00,0.0034052880894319846
2018-04-20 06:30:00,0.0036315538705346566
2018-04-20 07:00:00,0.0038623603476052757
2018-04-20 07:30:00,0.004124337208626953
2018-04-20 08:00:00,0.004362263889424711
2018-04-20 08:30:00,0.004574410668281639
2018-04-20 09:00:00,0.004750237021974411
2018-04-20 09:30:00,0.004869012305301935
2018-04-20 10:00:00,0.004934799811441629
2018-04-20 10:30:00,0.004955878387433454
2018-04-20 11:00:00,0.004944339044199236
2018-04-20 11:30:00,0.004900251861988086
2018-04-20 12:00:00,0.004816334494568448
2018-04-20 12:30:00,0.00469378017162069
2018-04-20 13:00:00,0.004525692845379941
2018-04-20 13:30:00,0.004354750278371088
2018-04-20 14:00:00,0.004202841910360387
2018-04-20 14:30:00,0.004063677862529052
2018-04-20 15:00:00,0.0039346331505821395
2018-04-20 15:30:00,0.0037887530452660224
2018-04-20 16:00:00,0.0036215879549365967
2018-04-20 16:30:00,0.0034490105014256386
2018-04-20 17:00:00,0.003260895248337832
2018-04-20 17:30:00,0.003090538279957343
2018-04-20 18:00:00,0.002907698002512344
2018-04-20 18:30:00,0.002837361582361101
2018-04-20 19:00:00,0.002836398962076008
2018-04-20 19:30:00,0.0027772562735707404
2018-04-20 20:00:00,0.002738570060198462
2018-04-20 20:30:00,0.0026792584732510923
2018-04-20 21:00:00,0.0026406985051621043
2018-04-20 21:30:00,0.002615763902110913
2018-04-20 22:00:00,0.0025924550095867637
2018-04-20 22:30:00,0.002576968030794881
2018-04-20 23:00:00,0.002563660951089919
2018-04-20 23:30:00,0.0025535403547693606
2018-04-21 00:00:00,0.0025973481739155293
2018-04-21 00:30:00,0.002600144123767837
2018-04-21 01:00:00,0.0026022832855588708
2018-04-21 01:30:00,0.0025926827956050977
2018-04-21 02:00:00,0.002603629330516259
2018-04-21 02:30:00,0.0026101679185932198
2018-04-21 03:00:00,0.002628633862564225
2018-04-21 03:30:00,0.0026491675772235728
2018-04-21 04:00:00,0.0026481330616613345
2018-04-21 04:30:00,0.00265634450057679
2018-04-21 05:00:00,0.0026629748484043856
2018-04-21 05:30:00,0.0025665194689919726
2018-04-21 06:00:00,0.002556682218714584
2018-04-21 06:30:00,0.0025681319197308735
2018-04-21 07:00:00,0.0026087023842902247
2018-04-21 07:30:00,0.00267792321762702
2018-04-21 08:00:00,0.00275694459734095
2018-04-21 08:30:00,0.002857736734154654
2018-04-21 09:00:00,0.002936739257744003
2018-04-21 09:30:00,0.003000525040048834
2018-04-21 10:00:00,0.003035432465888105
2018-04-21 10:30:00,0.0030770854434177186
2018-04-21 11:00:00,0.00308848906288891
2018-04-21 11:30:00,0.003091121811470446
2018-04-21 12:00:00,0.0031103359503312426
2018-04-21 12:30:00,0.0031396978605156695
2018-04-21 13:00:00,0.0031696297399203847
2018-04-21 13:30:00,0.0032007171871737536
2018-04-21 14:00:00,0.0032280506018598078
2018-04-21 14:30:00,0.003244371888538231
2018-04-21 15:00:00,0.003239462993966499
2018-04-21 15:30:00,0.0032109252073446413
2018-04-21 16:00:00,0.003177278167223018
2018-04-21 16:30:00,0.003125803417571754
2018-04-21 17:00:00,0.003048689430652336
2018-04-21 17:30:00,0.0029699366750875165
2018-04-21 18:00:00,0.002882084629393682
2018-04-21 18:30:00,0.002836279170225729
2018-04-21 19:00:00,0.002887459229908608
2018-04-21 19:30:00,0.002860798383944239
2018-04-21 20:00:00,0.00281844783064002
2018-04-21 20:30:00,0.002758665193500243
2018-04-21 21:00:00,0.0026994437025278087
2018-04-21 21:30:00,0.0026512260711019603
2018-04-21 22:00:00,0.00261453845568293
2018-04-21 22:30:00,0.002587331286280167
2018-04-21 23:00:00,0.0025641423872760786
2018-04-21 23:30:00,0.0025584349812040434
2018-04-22 00:00:00,0.0024544493025635784
2018-04-22 00:30:00,0.002348466941832791
2018-04-22 01:00:00,0.0023161994238523036
2018-04-22 01:30:00,0.0022977821327161124
2018-04-22 02:00:00,0.0023044870983629055
2018-04-22 02:30:00,0.002309497382417344
2018-04-22 03:00:00,0.0023164795935964122
2018-04-22 03:30:00,0.0023300960851638172
2018-04-22 04:00:00,0.002371711703366387
2018-04-22 04:30:00,0.0023955251736841364
2018-04-22 05:00:00,0.002351628821503839
2018-04-22 05:30:00,0.002195872089885473
2018-04-22 06:00:00,0.00213831417294158
2018-04-22 06:30:00,0.002099570080341978
2018-04-22 07:00:00,0.0021447630683831672
2018-04-22 07:30:00,0.002212748775142463
2018-04-22 08:00:00,0.002226715415868197
2018-04-22 08:30:00,0.0022335154183995756
2018-04-22 09:00:00,0.0022275628322905427
2018-04-22 09:30:00,0.0022041088383585213
2018-04-22 10:00:00,0.0021829782819804845
2018-04-22 10:30:00,0.0021890822212606202
2018-04-22 11:00:00,0.0021961395544333397
2018-04-22 11:30:00,0.002212556180501021
2018-04-22 12:00:00,0.0022325435717219736
2018-04-22 12:30:00,0.0022569200032351014
2018-04-22 13:00:00,0.002289966722834303
2018-04-22 13:30:00,0.002322034991070555
2018-04-22 14:00:00,0.0023557892690985525
2018-04-22 14:30:00,0.0023758644875093993
2018-04-22 15:00:00,0.0023894489639989724
2018-04-22 15:30:00,0.0023946300119409934
2018-04-22 16:00:00,0.00237097091984107
2018-04-22 16:30:00,0.002331371898619757
2018-04-22 17:00:00,0.0022703928050831056
2018-04-22 17:30:00,0.0021837312161101436
2018-04-22 18:00:00,0.002093744394943025
2018-04-22 18:30:00,0.0020654142777787854
2018-04-22 19:00:00,0.0021656783422693304
2018-04-22 19:30:00,0.002173572705870642
2018-04-22 20:00:00,0.002188768776002545
2018-04-22 20:30:00,0.00218958735364612
2018-04-22 21:00:00,0.0021919901482591693
2018-04-22 21:30:00,0.0021938859450412393
2018-04-22 22:00:00,0.0022030304596187813
2018-04-22 22:30:00,0.0022124150116538902
2018-04-22 23:00:00,0.002239441484932327
2018-04-22 23:30:00,0.002256900895023293
2018-04-23 00:00:00,0.0023731245514389348
2018-04-23 00:30:00,0.002472343613538597
2018-04-23 01:00:00,0.002498824973397329
2018-04-23 01:30:00,0.0025345637324938612
2018-04-23 02:00:00,0.002543663325127549
2018-04-23 02:30:00,0.00256177841409599
2018-04-23 03:00:00,0.0026054104780274807
2018-04-23 03:30:00,0.0026883573600405435
2018-04-23 04:00:00,0.00278770307076306
2018-04-23 04:30:00,0.0029398534425116992
2018-04-23 05:00:00,0.0031210932685698037
2018-04-23 05:30:00,0.0032662900662483643
2018-04-23 06:00:00,0.0034784595329557235
2018-04-23 06:30:00,0.003728340845485489
2018-04-23 07:00:00,0.0039994259709414635
2018-04-23 07:30:00,0.004301677144448191
2018-04-23 08:00:00,0.0045808584041219826
2018-04-23 08:30:00,0.004837220728006058
2018-04-23 09:00:00,0.005049409605429898
2018-04-23 09:30:00,0.0051968292074414165
2018-04-23 10:00:00,0.005277003583714284
2018-04-23 10:30:00,0.0052979824844165465
2018-04-23 11:00:00,0.005285423801271156
2018-04-23 11:30:00,0.005243923941523234
2018-04-23 12:00:00,0.005162857428553948
2018-04-23 12:30:00,0.005048726953219132
2018-04-23 13:00:00,0.00489209658810681
2018-04-23 13:30:00,0.004726152557887617
2018-04-23 14:00:00,0.004583816748565936
2018-04-23 14:30:00,0.0044526770405101624
2018-04-23 15:00:00,0.004333514500784494
2018-04-23 15:30:00,0.004185194291945729
2018-04-23 16:00:00,0.00400852611816705
2018-04-23 16:30:00,0.0038042091685813175
2018-04-23 17:00:00,0.0035720777210454884
2018-04-23 17:30:00,0.0033514152339900937
2018-04-23 18:00:00,0.003125598369821297
2018-04-23 18:30:00,0.0029757992156390595
2018-04-23 19:00:00,0.0029655014019979078
2018-04-23 19:30:00,0.0028793347106690283
2018-04-23 20:00:00,0.0028185330865401976
2018-04-23 20:30:00,0.0027516306490128458
2018-04-23 21:00:00,0.0026973756293347945
2018-04-23 21:30:00,0.002650784313445333
2018-04-23 22:00:00,0.002621179189504279
2018-04-23 22:30:00,0.0025976284949119736
2018-04-23 23:00:00,0.0025819108563073694
2018-04-23 23:30:00,0.002569181963866297
2018-04-24 00:00:00,0.0025557482355384803
2018-04-24 00:30:00,0.0025476679323985195
2018-04-24 01:00:00,0.0025388634834902254
2018-04-24 01:30:00,0.0025406860237241237
2018-04-24 02:00:00,0.0025446482803409554
2018-04-24 02:30:00,0.002565598846438901
2018-04-24 03:00:00,0.0026122962406334915
2018-04-24 03:30:00,0.002691008158067534
2018-04-24 04:00:00,0.0027971197891283363
2018-04-24 04:30:00,0.002937370383325567
2018-04-24 05:00:00,0.003107122493613547
2018-04-24 05:30:00,0.0032480510511991205
2018-04-24 06:00:00,0.003460127850641828
2018-04-24 06:30:00,0.003711911867143684
2018-04-24 07:00:00,0.003976490268348193
2018-04-24 07:30:00,0.0042731792884430925
2018-04-24 08:00:00,0.004555410954816144
2018-04-24 08:30:00,0.004812761460630133
2018-04-24 09:00:00,0.005021512927043793
2018-04-24 09:30:00,0.0051537440719576656
2018-04-24 10:00:00,0.005225304274761192
2018-04-24 10:30:00,0.005255738967348919
2018-04-24 11:00:00,0.0052591866131005156
2018-04-24 11:30:00,0.005220741748039384
2018-04-24 12:00:00,0.005139383166808875
2018-04-24 12:30:00,0.005030337038755795
2018-04-24 13:00:00,0.0048697099819114305
2018-04-24 13:30:00,0.004665720140711478
2018-04-24 14:00:00,0.004478175260183522
2018-04-24 14:30:00,0.004301732603638135
2018-04-24 15:00:00,0.0041485741350686485
2018-04-24 15:30:00,0.003986164065267583
2018-04-24 16:00:00,0.00379858888385494
2018-04-24 16:30:00,0.003585926183279196
2018-04-24 17:00:00,0.003367839977266485
2018-04-24 17:30:00,0.003167123740796594
2018-04-24 18:00:00,0.0029769135420173723
2018-04-24 18:30:00,0.0028590777373675015
2018-04-24 19:00:00,0.002872245866592932
2018-04-24 19:30:00,0.0028055068320061334
2018-04-24 20:00:00,0.002761477781109534
2018-04-24 20:30:00,0.0026979288599632096
2018-04-24 21:00:00,0.002653301353989668
2018-04-24 21:30:00,0.002625027351442162
2018-04-24 22:00:00,0.002599427338946533
2018-04-24 22:30:00,0.002577459399217786
2018-04-24 23:00:00,0.00256483693800396
2018-04-24 23:30:00,0.002552673981387544
2018-04-25 00:00:00,0.0025426096509360563
2018-04-25 00:30:00,0.002531800806068293
2018-04-25 01:00:00,0.002526724878499939
2018-04-25 01:30:00,0.0025278726820619998
2018-04-25 02:00:00,0.0025324658625906133
2018-04-25 02:30:00,0.0025507790417020454
2018-04-25 03:00:00,0.002594083845995421
2018-04-25 03:30:00,0.002666893846853061
2018-04-25 04:00:00,0.002761157327826548
2018-04-25 04:30:00,0.0028994266172543033
2018-04-25 05:00:00,0.003063381578417429
2018-04-25 05:30:00,0.003198160669769668
2018-04-25 06:00:00,0.003407094344831018
2018-04-25 06:30:00,0.003646397976480196
2018-04-25 07:00:00,0.0038906849692679673
2018-04-25 07:30:00,0.004167943206739171
2018-04-25 08:00:00,0.004425754780091376
2018-04-25 08:30:00,0.004661046796444673
2018-04-25 09:00:00,0.004853325118834354
2018-04-25 09:30:00,0.004984950750228928
2018-04-25 10:00:00,0.005058794107047562
2018-04-25 10:30:00,0.005082477298686388
2018-04-25 11:00:00,0.005072215180596582
2018-04-25 11:30:00,0.0050208286110573295
2018-04-25 12:00:00,0.004932168575383455
2018-04-25 12:30:00,0.004816592833558696
2018-04-25 13:00:00,0.004656044276676825
2018-04-25 13:30:00,0.004480641631195226
2018-04-25 14:00:00,0.004331676179890184
2018-04-25 14:30:00,0.004195488929287819
2018-04-25 15:00:00,0.004067287902872294
2018-04-25 15:30:00,0.0039249993851144
2018-04-25 16:00:00,0.0037527983482508256
2018-04-25 16:30:00,0.0035627219069542596
2018-04-25 17:00:00,0.0033573368133702043
2018-04-25 17:30:00,0.003158638988909605
2018-04-25 18:00:00,0.002972182772280252
2018-04-25 18:30:00,0.0028568957207478745
2018-04-25 19:00:00,0.0028686174742995636
2018-04-25 19:30:00,0.0028056604539622785
2018-04-25 20:00:00,0.002761107918730052
2018-04-25 20:30:00,0.00270162314785772
2018-04-25 21:00:00,0.0026585902952648522
2018-04-25 21:30:00,0.0026296630338772512
2018-04-25 22:00:00,0.002603753004509834
2018-04-25 22:30:00,0.002581307712408005
2018-04-25 23:00:00,0.0025683318249018995
2018-04-25 23:30:00,0.0025583535570297164
2018-04-26 00:00:00,0.0025474566328848322
2018-04-26 00:30:00,0.0025390632878263602
2018-04-26 01:00:00,0.0025324967180672007
2018-04-26 01:30:00,0.0025347631839078783
2018-04-26 02:00:00,0.002540792454951371
2018-04-26 02:30:00,0.0025582802500640992
2018-04-26 03:00:00,0.0026031867157630595
2018-04-26 03:30:00,0.0026772973354597784
2018-04-26 04:00:00,0.002773303596268535
2018-04-26 04:30:00,0.002906095080670624
2018-04-26 05:00:00,0.003073155857305509
2018-04-26 05:30:00,0.00320687235057842
2018-04-26 06:00:00,0.0034130226801488126
2018-04-26 06:30:00,0.003663852496078958
2018-04-26 07:00:00,0.003930688993828207
2018-04-26 07:30:00,0.004235535506171981
2018-04-26 08:00:00,0.004515518705732364
2018-04-26 08:30:00,0.004771562340944042
2018-04-26 09:00:00,0.0049802354082301
2018-04-26 09:30:00,0.005119385792933731
2018-04-26 10:00:00,0.005199477282926355
2018-04-26 10:30:00,0.005224299303821961
2018-04-26 11:00:00,0.005212357175616413
2018-04-26 11:30:00,0.00515683995519268
2018-04-26 12:00:00,0.005058729371047663
2018-04-26 12:30:00,0.0049263813080779005
2018-04-26 13:00:00,0.004754918332197591
2018-04-26 13:30:00,0.004583157842971954
2018-04-26 14:00:00,0.004431946244056732
2018-04-26 14:30:00,0.004286495594540564
2018-04-26 15:00:00,0.004155436655232329
2018-04-26 15:30:00,0.004013786573585582
2018-04-26 16:00:00,0.0038495058653077027
2018-04-26 16:30:00,0.0036575035280141605
2018-04-26 17:00:00,0.0034446805503794784
2018-04-26 17:30:00,0.0032384322597126657
2018-04-26 18:00:00,0.0030388302487861967
2018-04-26 18:30:00,0.0029024401688009733
2018-04-26 19:00:00,0.0029060441590507665
2018-04-26 19:30:00,0.00283258573942779
2018-04-26 20:00:00,0.002774251696329352
2018-04-26 20:30:00,0.0027171074545249965
2018-04-26 21:00:00,0.002664956354843642
2018-04-26 21:30:00,0.002635727496297635
2018-04-26 22:00:00,0.002608220595181947
2018-04-26 22:30:00,0.0025862111114781875
2018-04-26 23:00:00,0.002571504695576045
2018-04-26 23:30:00,0.002557404700707219
2018-04-27 00:00:00,0.002545738507180365
2018-04-27 00:30:00,0.0025358944001304014
2018-04-27 01:00:00,0.0025286069617368595
2018-04-27 01:30:00,0.0025304405433913013
2018-04-27 02:00:00,0.002537240697175016
2018-04-27 02:30:00,0.0025572515829255273
2018-04-27 03:00:00,0.0025999315134005697
2018-04-27 03:30:00,0.0026735054898084113
2018-04-27 04:00:00,0.002772731761602767
2018-04-27 04:30:00,0.0029106968321649562
2018-04-27 05:00:00,0.0030676782539496234
2018-04-27 05:30:00,0.0032034669042286263
2018-04-27 06:00:00,0.003405778953680435
2018-04-27 06:30:00,0.003669506560493756
2018-04-27 07:00:00,0.003955574439870131
2018-04-27 07:30:00,0.004268990506244063
2018-04-27 08:00:00,0.00455686035553661
2018-04-27 08:30:00,0.004821385667171108
2018-04-27 09:00:00,0.005041452925866067
2018-04-27 09:30:00,0.005208803602812024
2018-04-27 10:00:00,0.005311493855610285
2018-04-27 10:30:00,0.005347783879054862
2018-04-27 11:00:00,0.005355754221746396
2018-04-27 11:30:00,0.005328647635147213
2018-04-27 12:00:00,0.005248623351609312
2018-04-27 12:30:00,0.005128530710850837
2018-04-27 13:00:00,0.004969520793567796
2018-04-27 13:30:00,0.004786033004871478
2018-04-27 14:00:00,0.004630926406211593
2018-04-27 14:30:00,0.004495025425864229
2018-04-27 15:00:00,0.0043515147388123055
2018-04-27 15:30:00,0.004172051169773219
2018-04-27 16:00:00,0.003986946443185358
2018-04-27 16:30:00,0.0037744679175376735
2018-04-27 17:00:00,0.0035355651045794545
2018-04-27 17:30:00,0.0033175352652707046
2018-04-27 18:00:00,0.0031159838638177015
2018-04-27 18:30:00,0.0029657719924273893
2018-04-27 19:00:00,0.0029776942057420028
2018-04-27 19:30:00,0.002913465607014191
2018-04-27 20:00:00,0.002850080845070101
2018-04-27 20:30:00,0.002794867541007263
2018-04-27 21:00:00,0.002744543771217119
2018-04-27 21:30:00,0.0027099698063617486
2018-04-27 22:00:00,0.0026801746590689682
2018-04-27 22:30:00,0.0026563162163899183
2018-04-27 23:00:00,0.0026354357305410844
2018-04-27 23:30:00,0.0026235541032700203
2018-04-28 00:00:00,0.0026808258003763567
2018-04-28 00:30:00,0.002682293149707386
2018-04-28 01:00:00,0.002672654594582333
2018-04-28 01:30:00,0.0026601816210941294
2018-04-28 02:00:00,0.0026674882181169247
2018-04-28 02:30:00,0.0026663232726234273
2018-04-28 03:00:00,0.0026867976459495346
2018-04-28 03:30:00,0.0027080774883834115
2018-04-28 04:00:00,0.002705192350070185
2018-04-28 04:30:00,0.002705135680861551
2018-04-28 05:00:00,0.0026866738207036228
2018-04-28 05:30:00,0.00263606277230957
2018-04-28 06:00:00,0.0026546737168535563
2018-04-28 06:30:00,0.0027118957023587248
2018-04-28 07:00:00,0.0027836096279532877
2018-04-28 07:30:00,0.0028792791506441935
2018-04-28 08:00:00,0.0029771812586524655
2018-04-28 08:30:00,0.003108414894409025
2018-04-28 09:00:00,0.0032159995719721877
2018-04-28 09:30:00,0.003319142119673166
2018-04-28 10:00:00,0.0033825533003586476
2018-04-28 10:30:00,0.0034182835389069068
2018-04-28 11:00:00,0.0034298533342781486
2018-04-28 11:30:00,0.0034496348710695186
2018-04-28 12:00:00,0.00347369150472645
2018-04-28 12:30:00,0.0034953342015148978
2018-04-28 13:00:00,0.0035139498852987524
2018-04-28 13:30:00,0.003534154172369832
2018-04-28 14:00:00,0.0035499019101893426
2018-04-28 14:30:00,0.0035545161652101344
2018-04-28 15:00:00,0.003549223240956763
2018-04-28 15:30:00,0.0035293558432558706
2018-04-28 16:00:00,0.0034945059941392507
2018-04-28 16:30:00,0.0034394819067490117
2018-04-28 17:00:00,0.0033390546914051403
2018-04-28 17:30:00,0.003225318530910826
2018-04-28 18:00:00,0.003082088114437901
2018-04-28 18:30:00,0.0029608231672388977
2018-04-28 19:00:00,0.003012588926385032
2018-04-28 19:30:00,0.0029689601395874923
2018-04-28 20:00:00,0.002907428672518997
2018-04-28 20:30:00,0.0028408976098944893
2018-04-28 21:00:00,0.0027748291273315606
2018-04-28 21:30:00,0.002727759702807336
2018-04-28 22:00:00,0.0026850027344757174
2018-04-28 22:30:00,0.002648907322370399
2018-04-28 23:00:00,0.002619462777992955
2018-04-28 23:30:00,0.002602533255253182
2018-04-29 00:00:00,0.002483477852598996
2018-04-29 00:30:00,0.002357531847264041
2018-04-29 01:00:00,0.002319416661878405
2018-04-29 01:30:00,0.0022989484394806367
2018-04-29 02:00:00,0.002306095112366611
2018-04-29 02:30:00,0.0023101657664910606
2018-04-29 03:00:00,0.0023172112011466653
2018-04-29 03:30:00,0.002328834287757699
2018-04-29 04:00:00,0.002367279858663065
2018-04-29 04:30:00,0.00239013796880786
2018-04-29 05:00:00,0.002321550378585335
2018-04-29 05:30:00,0.002181531805471852
2018-04-29 06:00:00,0.0021172314627192312
2018-04-29 06:30:00,0.0020792065749783133
2018-04-29 07:00:00,0.0021317235540609623
2018-04-29 07:30:00,0.0021910532408712323
2018-04-29 08:00:00,0.0022077681869633672
2018-04-29 08:30:00,0.0022150508861170414
2018-04-29 09:00:00,0.002215059406665315
2018-04-29 09:30:00,0.0021872499000423137
2018-04-29 10:00:00,0.0021494836537963163
2018-04-29 10:30:00,0.0021414417183323077
2018-04-29 11:00:00,0.002132503915280921
2018-04-29 11:30:00,0.0021367187128817798
2018-04-29 12:00:00,0.0021475937054379127
2018-04-29 12:30:00,0.002159342734827565
2018-04-29 13:00:00,0.002179684812776933
2018-04-29 13:30:00,0.002202777918634754
2018-04-29 14:00:00,0.0022288495863321354
2018-04-29 14:30:00,0.002241889957750913
2018-04-29 15:00:00,0.002249349571720508
2018-04-29 15:30:00,0.0022417003377387494
2018-04-29 16:00:00,0.002209293465939166
2018-04-29 16:30:00,0.0021710608583231845
2018-04-29 17:00:00,0.0021205241756611015
2018-04-29 17:30:00,0.0020661762366311716
2018-04-29 18:00:00,0.0020084058605723473
2018-04-29 18:30:00,0.0019805520874322815
2018-04-29 19:00:00,0.0021140487102257865
2018-04-29 19:30:00,0.0021359437463284794
2018-04-29 20:00:00,0.002153486647709034
2018-04-29 20:30:00,0.0021669476518748143
2018-04-29 21:00:00,0.002172492007928414
2018-04-29 21:30:00,0.0021806318540713962
2018-04-29 22:00:00,0.0021922289252806013
2018-04-29 22:30:00,0.0022043132810996334
2018-04-29 23:00:00,0.002237444197832659
2018-04-29 23:30:00,0.002261345697010084
2018-04-30 00:00:00,0.0023793881123512182
2018-04-30 00:30:00,0.0024775088808202065
2018-04-30 01:00:00,0.002504318407831071
2018-04-30 01:30:00,0.002535862082547898
2018-04-30 02:00:00,0.0025412948647948186
2018-04-30 02:30:00,0.002563623339675648
2018-04-30 03:00:00,0.0026078190706467523
2018-04-30 03:30:00,0.002685707671197352
2018-04-30 04:00:00,0.0027871566464897747
2018-04-30 04:30:00,0.002927608255041829
2018-04-30 05:00:00,0.003073770042625417
2018-04-30 05:30:00,0.003219412278434119
2018-04-30 06:00:00,0.0034209354461176966
2018-04-30 06:30:00,0.003668896257317144
2018-04-30 07:00:00,0.003927735489459013
2018-04-30 07:30:00,0.004200723671809195
2018-04-30 08:00:00,0.004456352371445202
2018-04-30 08:30:00,0.0046924358912738915
2018-04-30 09:00:00,0.004879262625709516
2018-04-30 09:30:00,0.004991890610753856
2018-04-30 10:00:00,0.005052774112814023
2018-04-30 10:30:00,0.005064619489941842
2018-04-30 11:00:00,0.0050507514153218715
2018-04-30 11:30:00,0.00500458340430402
2018-04-30 12:00:00,0.004916927936229816
2018-04-30 12:30:00,0.004796781247969866
2018-04-30 13:00:00,0.0046314857373509
2018-04-30 13:30:00,0.0044514255282629075
2018-04-30 14:00:00,0.004299560720925034
2018-04-30 14:30:00,0.0041637581554311
2018-04-30 15:00:00,0.00403482365601984
2018-04-30 15:30:00,0.0038978859417426416
2018-04-30 16:00:00,0.003741820806610741
2018-04-30 16:30:00,0.0035732339443209317
2018-04-30 17:00:00,0.0033823761838729445
2018-04-30 17:30:00,0.0031984791567722833
2018-04-30 18:00:00,0.0030176094451808875
2018-04-30 18:30:00,0.0028558498612604203
2018-04-30 19:00:00,0.0028817052381170196
2018-04-30 19:30:00,0.0028120860565440894
2018-04-30 20:00:00,0.0027665327350205994
2018-04-30 20:30:00,0.0027128259546438686
2018-04-30 21:00:00,0.002665960216599075
2018-04-30 21:30:00,0.00263492757310886
2018-04-30 22:00:00,0.0026076380720177527
2018-04-30 22:30:00,0.0025861972970981466
2018-04-30 23:00:00,0.0025684737500107106
2018-04-30 23:30:00,0.002553746662955953
2018-05-01 00:00:00,0.0025436668039312818
2018-05-01 00:30:00,0.0025290242669324657
2018-05-01 01:00:00,0.0025258141377661665
2018-05-01 01:30:00,0.002525350196433562
2018-05-01 02:00:00,0.002527993734348414
2018-05-01 02:30:00,0.0025479515809463606
2018-05-01 03:00:00,0.0025877859508028176
2018-05-01 03:30:00,0.002662128642000729
2018-05-01 04:00:00,0.002758868527057556
2018-05-01 04:30:00,0.0028939853648765543
2018-05-01 05:00:00,0.003026971712705128
2018-05-01 05:30:00,0.003166677697657107
2018-05-01 06:00:00,0.003364760731788454
2018-05-01 06:30:00,0.0036155454745224083
2018-05-01 07:00:00,0.003885466410746566
2018-05-01 07:30:00,0.004166946100921422
2018-05-01 08:00:00,0.0044296120675868765
2018-05-01 08:30:00,0.0046720253464336645
2018-05-01 09:00:00,0.004867701552556329
2018-05-01 09:30:00,0.0050001383502300024
2018-05-01 10:00:00,0.005073217176906535
2018-05-01 10:30:00,0.00508918907068831
2018-05-01 11:00:00,0.0050716522698186495
2018-05-01 11:30:00,0.005014299400625213
2018-05-01 12:00:00,0.004917970871505436
2018-05-01 12:30:00,0.004797183427931851
2018-05-01 13:00:00,0.004635668519873928
2018-05-01 13:30:00,0.004466341831990265
2018-05-01 14:00:00,0.004324313972425109
2018-05-01 14:30:00,0.004188315585573227
2018-05-01 15:00:00,0.0040543685837399306
2018-05-01 15:30:00,0.0039004586935641474
2018-05-01 16:00:00,0.0037270205638427027
2018-05-01 16:30:00,0.003551484715470346
2018-05-01 17:00:00,0.00334206758752502
2018-05-01 17:30:00,0.003145907172256699
2018-05-01 18:00:00,0.0029606428744541344
2018-05-01 18:30:00,0.002790679162147795
2018-05-01 19:00:00,0.002836370072879791
2018-05-01 19:30:00,0.0027779410433142132
2018-05-01 20:00:00,0.0027345651504228187
2018-05-01 20:30:00,0.0026828190036629466
2018-05-01 21:00:00,0.002638830639644788
2018-05-01 21:30:00,0.0026097260601017015
2018-05-01 22:00:00,0.002586080530294592
2018-05-01 22:30:00,0.0025678828575505792
2018-05-01 23:00:00,0.002556673294826747
2018-05-01 23:30:00,0.0025446585150823726
2018-05-02 00:00:00,0.0025342017856533083
2018-05-02 00:30:00,0.0025266016582633725
2018-05-02 01:00:00,0.00252556038676345
2018-05-02 01:30:00,0.0025260476713732764
2018-05-02 02:00:00,0.0025288836022597898
2018-05-02 02:30:00,0.002549851511958954
2018-05-02 03:00:00,0.0025886307959354475
2018-05-02 03:30:00,0.0026638826649263243
2018-05-02 04:00:00,0.0027591521251879515
2018-05-02 04:30:00,0.002900028097377969
2018-05-02 05:00:00,0.0030019182757351198
2018-05-02 05:30:00,0.0031840486251313903
2018-05-02 06:00:00,0.003397185249693929
2018-05-02 06:30:00,0.003648678055031133
2018-05-02 07:00:00,0.003933302735032826
2018-05-02 07:30:00,0.004221991313221285
2018-05-02 08:00:00,0.004483412775664395
2018-05-02 08:30:00,0.004719634792215608
2018-05-02 09:00:00,0.0049112760397651695
2018-05-02 09:30:00,0.005045009775804408
2018-05-02 10:00:00,0.005120273946651963
2018-05-02 10:30:00,0.005141887199652295
2018-05-02 11:00:00,0.005132779388975007
2018-05-02 11:30:00,0.005080449761119478
2018-05-02 12:00:00,0.004992021292772342
2018-05-02 12:30:00,0.0048711538367129026
2018-05-02 13:00:00,0.004702972784441147
2018-05-02 13:30:00,0.004519973944130353
2018-05-02 14:00:00,0.0043588756354238
2018-05-02 14:30:00,0.004199756564371462
2018-05-02 15:00:00,0.004056677349817302
2018-05-02 15:30:00,0.0039022504791563495
2018-05-02 16:00:00,0.00372849824875004
2018-05-02 16:30:00,0.0035620053742201822
2018-05-02 17:00:00,0.003362861557037542
2018-05-02 17:30:00,0.003177151367347827
2018-05-02 18:00:00,0.00299427080636395
2018-05-02 18:30:00,0.0028291957712337354
2018-05-02 19:00:00,0.0028702416723032434
2018-05-02 19:30:00,0.002802743048483993
2018-05-02 20:00:00,0.0027507119927401447
2018-05-02 20:30:00,0.0027014657445931702
2018-05-02 21:00:00,0.0026580756843996166
2018-05-02 21:30:00,0.002626466517421211
2018-05-02 22:00:00,0.0026035859715132117
2018-05-02 22:30:00,0.0025841097123537613
2018-05-02 23:00:00,0.0025652853003459352
2018-05-02 23:30:00,0.0025524991336868834
2018-05-03 00:00:00,0.0025436339317568783
2018-05-03 00:30:00,0.002533291297006763
2018-05-03 01:00:00,0.0025288089340231466
2018-05-03 01:30:00,0.0025305968374720526
2018-05-03 02:00:00,0.002534991827022784
2018-05-03 02:30:00,0.0025525727431571733
2018-05-03 03:00:00,0.002586743721371432
2018-05-03 03:30:00,0.0026624849420873982
2018-05-03 04:00:00,0.002760030094582212
2018-05-03 04:30:00,0.002900085119508721
2018-05-03 05:00:00,0.002989806795330461
2018-05-03 05:30:00,0.003191755183748573
2018-05-03 06:00:00,0.003399449900506572
2018-05-03 06:30:00,0.0036416254106808365
2018-05-03 07:00:00,0.003913357089456668
2018-05-03 07:30:00,0.004187645184801693
2018-05-03 08:00:00,0.004445676628633304
2018-05-03 08:30:00,0.004684273710202595
2018-05-03 09:00:00,0.004879996048287804
2018-05-03 09:30:00,0.0050081458505788
2018-05-03 10:00:00,0.005073321793105748
2018-05-03 10:30:00,0.0050908586443928535
2018-05-03 11:00:00,0.005076203704702468
2018-05-03 11:30:00,0.0050197518960932875
2018-05-03 12:00:00,0.004924022931234251
2018-05-03 12:30:00,0.004807019770695223
2018-05-03 13:00:00,0.004650803635314338
2018-05-03 13:30:00,0.004479894343819452
2018-05-03 14:00:00,0.004327497682850016
2018-05-03 14:30:00,0.004173892314044471
2018-05-03 15:00:00,0.0040315792934081125
2018-05-03 15:30:00,0.0038760411718330163
2018-05-03 16:00:00,0.0037068669967216987
2018-05-03 16:30:00,0.00353877669585167
2018-05-03 17:00:00,0.003350718364059724
2018-05-03 17:30:00,0.0031692518611670844
2018-05-03 18:00:00,0.0029850242468769115
2018-05-03 18:30:00,0.0028162979299331146
2018-05-03 19:00:00,0.002862776714084435
2018-05-03 19:30:00,0.002797714261227092
2018-05-03 20:00:00,0.002752284966619295
2018-05-03 20:30:00,0.0027090533684566457
2018-05-03 21:00:00,0.002668453913866187
2018-05-03 21:30:00,0.0026353896994134305
2018-05-03 22:00:00,0.002609504072089589
2018-05-03 22:30:00,0.0025942178051478588
2018-05-03 23:00:00,0.002577626331379517
2018-05-03 23:30:00,0.002565250159386489
2018-05-04 00:00:00,0.0025606735157799676
2018-05-04 00:30:00,0.002549075537056745
2018-05-04 01:00:00,0.0025492707029879033
2018-05-04 01:30:00,0.0025513157858258135
2018-05-04 02:00:00,0.0025554382186666925
2018-05-04 02:30:00,0.0025803425712506416
2018-05-04 03:00:00,0.0026159715715685307
2018-05-04 03:30:00,0.002695755615979082
2018-05-04 04:00:00,0.0027931721031532264
2018-05-04 04:30:00,0.00293161593777697
2018-05-04 05:00:00,0.003024258296210946
2018-05-04 05:30:00,0.003223276926876649
2018-05-04 06:00:00,0.0034362920958132103
2018-05-04 06:30:00,0.003670692126722424
2018-05-04 07:00:00,0.003940918390995946
2018-05-04 07:30:00,0.00422366164318751
2018-05-04 08:00:00,0.0044837572780688385
2018-05-04 08:30:00,0.00472184232006261
2018-05-04 09:00:00,0.004916623213189794
2018-05-04 09:30:00,0.005043047780916522
2018-05-04 10:00:00,0.005113508681740467
2018-05-04 10:30:00,0.005133533886045473
2018-05-04 11:00:00,0.005117543388226344
2018-05-04 11:30:00,0.00506540731294372
2018-05-04 12:00:00,0.004983174392375019
2018-05-04 12:30:00,0.004875938200194487
2018-05-04 13:00:00,0.004717596364480491
2018-05-04 13:30:00,0.0045407325710136465
2018-05-04 14:00:00,0.004390340003499007
2018-05-04 14:30:00,0.004250685797263457
2018-05-04 15:00:00,0.004128230595013363
2018-05-04 15:30:00,0.003985194840297142
2018-05-04 16:00:00,0.0038223295009640803
2018-05-04 16:30:00,0.0036417856877397742
2018-05-04 17:00:00,0.00344844985943275
2018-05-04 17:30:00,0.003270927513294042
2018-05-04 18:00:00,0.0030839078817123024
2018-05-04 18:30:00,0.0029103969996171404
2018-05-04 19:00:00,0.0029467861437593806
2018-05-04 19:30:00,0.002867890404319396
2018-05-04 20:00:00,0.00281844727604812
2018-05-04 20:30:00,0.0027653888640192803
2018-05-04 21:00:00,0.0027172352123316494
2018-05-04 21:30:00,0.002677337618998656
2018-05-04 22:00:00,0.0026512681696688727
2018-05-04 22:30:00,0.0026326484020719404
2018-05-04 23:00:00,0.002618560255302784
2018-05-04 23:30:00,0.0026051380725699647
2018-05-05 00:00:00,0.002664438870184018
2018-05-05 00:30:00,0.0026661254849851086
2018-05-05 01:00:00,0.0026568428770246053
2018-05-05 01:30:00,0.002653146169092715
2018-05-05 02:00:00,0.0026600731731690665
2018-05-05 02:30:00,0.002666603442367535
2018-05-05 03:00:00,0.0026822285649598238
2018-05-05 03:30:00,0.0027062348820062424
2018-05-05 04:00:00,0.0026999039633869
2018-05-05 04:30:00,0.0027035731938110444
2018-05-05 05:00:00,0.0026190980077754594
2018-05-05 05:30:00,0.0025901503273224697
2018-05-05 06:00:00,0.002598702033576955
2018-05-05 06:30:00,0.002625999853546554
2018-05-05 07:00:00,0.002689755587053924
2018-05-05 07:30:00,0.002774826102284836
2018-05-05 08:00:00,0.0028633705811738452
2018-05-05 08:30:00,0.002984905060035977
2018-05-05 09:00:00,0.003087630605046021
2018-05-05 09:30:00,0.00318798829473268
2018-05-05 10:00:00,0.0032494069275583624
2018-05-05 10:30:00,0.003301641165607188
2018-05-05 11:00:00,0.0033208688163433525
2018-05-05 11:30:00,0.0033360790537774136
2018-05-05 12:00:00,0.0033588640082089275
2018-05-05 12:30:00,0.0033876620496839597
2018-05-05 13:00:00,0.003417893963306273
2018-05-05 13:30:00,0.0034501008795173854
2018-05-05 14:00:00,0.003477097102328579
2018-05-05 14:30:00,0.003513207387580291
2018-05-05 15:00:00,0.00352331306033701
2018-05-05 15:30:00,0.003508285939064655
2018-05-05 16:00:00,0.003478982966873905
2018-05-05 16:30:00,0.0034298675519977527
2018-05-05 17:00:00,0.003345999190335046
2018-05-05 17:30:00,0.0032560539131429407
2018-05-05 18:00:00,0.003135358027650209
2018-05-05 18:30:00,0.0029891615024467393
2018-05-05 19:00:00,0.0030547415407985966
2018-05-05 19:30:00,0.0029902445700089016
2018-05-05 20:00:00,0.002923038417790438
2018-05-05 20:30:00,0.002859593356581645
2018-05-05 21:00:00,0.002786024421918344
2018-05-05 21:30:00,0.0027253596811537837
2018-05-05 22:00:00,0.0026786549260121636
2018-05-05 22:30:00,0.0026398235103971233
2018-05-05 23:00:00,0.002610576199066099
2018-05-05 23:30:00,0.002598294660618093
2018-05-06 00:00:00,0.0024879392419253246
2018-05-06 00:30:00,0.002376035654736545
2018-05-06 01:00:00,0.002335932711148422
2018-05-06 01:30:00,0.0023120456313603837
2018-05-06 02:00:00,0.0023185912274622552
2018-05-06 02:30:00,0.0023232955280405388
2018-05-06 03:00:00,0.002326454281829971
2018-05-06 03:30:00,0.0023386695717547167
2018-05-06 04:00:00,0.0023754955830613805
2018-05-06 04:30:00,0.0024024654879660737
2018-05-06 05:00:00,0.0022548780462788055
2018-05-06 05:30:00,0.0021725467108566774
2018-05-06 06:00:00,0.0021272814241987785
2018-05-06 06:30:00,0.0020941707248613595
2018-05-06 07:00:00,0.0021614068754598377
2018-05-06 07:30:00,0.0022242260040839434
2018-05-06 08:00:00,0.002246978590515508
2018-05-06 08:30:00,0.0022663554768900676
2018-05-06 09:00:00,0.002271330468732724
2018-05-06 09:30:00,0.002248499936930565
2018-05-06 10:00:00,0.002220212775429809
2018-05-06 10:30:00,0.0022139643901685916
2018-05-06 11:00:00,0.0022139232999505874
2018-05-06 11:30:00,0.0022316212853932043
2018-05-06 12:00:00,0.002249468960231224
2018-05-06 12:30:00,0.002271925848345496
2018-05-06 13:00:00,0.002300983136324794
2018-05-06 13:30:00,0.002334800738664218
2018-05-06 14:00:00,0.002362003874671349
2018-05-06 14:30:00,0.0023833860645193963
2018-05-06 15:00:00,0.002387193489161392
2018-05-06 15:30:00,0.002371592365273116
2018-05-06 16:00:00,0.0023467203302716707
2018-05-06 16:30:00,0.0023051703051655712
2018-05-06 17:00:00,0.002243477199767112
2018-05-06 17:30:00,0.0021796247655994573
2018-05-06 18:00:00,0.0021097337835783558
2018-05-06 18:30:00,0.0020398817742425515
2018-05-06 19:00:00,0.002179794874060249
2018-05-06 19:30:00,0.002194202566598375
2018-05-06 20:00:00,0.002209707746088048
2018-05-06 20:30:00,0.0022196392265708964
2018-05-06 21:00:00,0.002223300541456113
2018-05-06 21:30:00,0.0022259070729660395
2018-05-06 22:00:00,0.002233909229065624
2018-05-06 22:30:00,0.002248110310912485
2018-05-06 23:00:00,0.002273426221103265
2018-05-06 23:30:00,0.002286220605805917
2018-05-07 00:00:00,0.002402906438943575
2018-05-07 00:30:00,0.002498740221671605
2018-05-07 01:00:00,0.0025290259811256094
2018-05-07 01:30:00,0.0025610846196297897
2018-05-07 02:00:00,0.0025675052813019512
2018-05-07 02:30:00,0.0025813751205325097
2018-05-07 03:00:00,0.002625138622744168
2018-05-07 03:30:00,0.002701656927546141
2018-05-07 04:00:00,0.002797784896068102
2018-05-07 04:30:00,0.0029394867060138323
2018-05-07 05:00:00,0.00301589626038607
2018-05-07 05:30:00,0.003236533437883872
2018-05-07 06:00:00,0.003469602851573991
2018-05-07 06:30:00,0.0037493625505989
2018-05-07 07:00:00,0.004067040000293243
2018-05-07 07:30:00,0.00439066126346112
2018-05-07 08:00:00,0.004683286133282028
2018-05-07 08:30:00,0.004949465842970003
2018-05-07 09:00:00,0.005167297945057879
2018-05-07 09:30:00,0.005315153809224475
2018-05-07 10:00:00,0.005394013802695669
2018-05-07 10:30:00,0.005405730060745809
2018-05-07 11:00:00,0.005381868744272371
2018-05-07 11:30:00,0.005319705597030413
2018-05-07 12:00:00,0.005222591564111246
2018-05-07 12:30:00,0.0050994667173513
2018-05-07 13:00:00,0.004932743535930839
2018-05-07 13:30:00,0.0047485760696530325
2018-05-07 14:00:00,0.0045885218054059
2018-05-07 14:30:00,0.004442201555791408
2018-05-07 15:00:00,0.004302782899860785
2018-05-07 15:30:00,0.004130905492579258
2018-05-07 16:00:00,0.00393831680039567
2018-05-07 16:30:00,0.0037430898641289977
2018-05-07 17:00:00,0.0035286805015746882
2018-05-07 17:30:00,0.003327404076868917
2018-05-07 18:00:00,0.0031167340249878637
2018-05-07 18:30:00,0.0029221881779911496
2018-05-07 19:00:00,0.0029247451995696896
2018-05-07 19:30:00,0.002856612475539597
2018-05-07 20:00:00,0.00281082536832177
2018-05-07 20:30:00,0.0027550882774186316
2018-05-07 21:00:00,0.002705326510892404
2018-05-07 21:30:00,0.0026741115579196092
2018-05-07 22:00:00,0.002644326191611237
2018-05-07 22:30:00,0.002621243622999505
2018-05-07 23:00:00,0.002604016284409732
2018-05-07 23:30:00,0.002595416530329777
2018-05-08 00:00:00,0.002576406279618193
2018-05-08 00:30:00,0.0025645464326835435
2018-05-08 01:00:00,0.002561495420974939
2018-05-08 01:30:00,0.0025583308691792843
2018-05-08 02:00:00,0.002565855672905787
2018-05-08 02:30:00,0.0025812688405575986
2018-05-08 03:00:00,0.0026243994525771046
2018-05-08 03:30:00,0.0027018381278449215
2018-05-08 04:00:00,0.0027973100141498444
2018-05-08 04:30:00,0.0029417674904090056
2018-05-08 05:00:00,0.0030188844015402562
2018-05-08 05:30:00,0.003241639515084577
2018-05-08 06:00:00,0.0034764462131084174
2018-05-08 06:30:00,0.00376459638339741
2018-05-08 07:00:00,0.004073223246214999
2018-05-08 07:30:00,0.004392854119831509
2018-05-08 08:00:00,0.0046870409725284674
2018-05-08 08:30:00,0.00496154772833421
2018-05-08 09:00:00,0.005175662552172471
2018-05-08 09:30:00,0.005317302903252254
2018-05-08 10:00:00,0.005400127472542768
2018-05-08 10:30:00,0.005432923819108095
2018-05-08 11:00:00,0.005437512613318958
2018-05-08 11:30:00,0.005405452210204189
2018-05-08 12:00:00,0.005321879748528557
2018-05-08 12:30:00,0.005188219974881726
2018-05-08 13:00:00,0.00500784793389391
2018-05-08 13:30:00,0.004823138379243122
2018-05-08 14:00:00,0.0046571519983697905
2018-05-08 14:30:00,0.004486544757790319
2018-05-08 15:00:00,0.004338883152040862
2018-05-08 15:30:00,0.004178543625887635
2018-05-08 16:00:00,0.003987459743197013
2018-05-08 16:30:00,0.0037739939935508785
2018-05-08 17:00:00,0.00355297505515648
2018-05-08 17:30:00,0.0033554291684884637
2018-05-08 18:00:00,0.0031396184530391585
2018-05-08 18:30:00,0.0029350220899709988
2018-05-08 19:00:00,0.0029228022624761666
2018-05-08 19:30:00,0.002857436094927711
2018-05-08 20:00:00,0.002806413337674492
2018-05-08 20:30:00,0.0027510898714934455
2018-05-08 21:00:00,0.002701003315783927
2018-05-08 21:30:00,0.0026714801706090993
2018-05-08 22:00:00,0.002640166046521196
2018-05-08 22:30:00,0.0026158092273943306
2018-05-08 23:00:00,0.002599251684566746
2018-05-08 23:30:00,0.0025847812727265384
2018-05-09 00:00:00,0.0025642610195251137
2018-05-09 00:30:00,0.0025541142565503917
2018-05-09 01:00:00,0.0025491680530690614
2018-05-09 01:30:00,0.002548249598466142
2018-05-09 02:00:00,0.002553119217847904
2018-05-09 02:30:00,0.0025709112822436433
2018-05-09 03:00:00,0.002609077187579356
2018-05-09 03:30:00,0.002688062518819823
2018-05-09 04:00:00,0.0027823494439054223
2018-05-09 04:30:00,0.0029259269844899524
2018-05-09 05:00:00,0.002995197630262806
2018-05-09 05:30:00,0.0032047956055847953
2018-05-09 06:00:00,0.0034377905022906084
2018-05-09 06:30:00,0.0037183845092020567
2018-05-09 07:00:00,0.004027815530273834
2018-05-09 07:30:00,0.004340401120487076
2018-05-09 08:00:00,0.004626123186605427
2018-05-09 08:30:00,0.004888282659614356
2018-05-09 09:00:00,0.005100199988677252
2018-05-09 09:30:00,0.005244342255067749
2018-05-09 10:00:00,0.005322239426584067
2018-05-09 10:30:00,0.0053412967167722125
2018-05-09 11:00:00,0.005324873385184292
2018-05-09 11:30:00,0.005265515716691824
2018-05-09 12:00:00,0.005169457021739847
2018-05-09 12:30:00,0.005051599083831444
2018-05-09 13:00:00,0.0048900877049947
2018-05-09 13:30:00,0.004710069796143399
2018-05-09 14:00:00,0.004561532993959179
2018-05-09 14:30:00,0.004430431956084032
2018-05-09 15:00:00,0.004317719773905868
2018-05-09 15:30:00,0.004191310684334879
2018-05-09 16:00:00,0.004027664076267842
2018-05-09 16:30:00,0.003844977118274315
2018-05-09 17:00:00,0.003626759121059319
2018-05-09 17:30:00,0.0034143961521964994
2018-05-09 18:00:00,0.003203419562247392
2018-05-09 18:30:00,0.002995827797912908
2018-05-09 19:00:00,0.002966703807653341
2018-05-09 19:30:00,0.002898449577579825
2018-05-09 20:00:00,0.002836269187571539
2018-05-09 20:30:00,0.002775832283242758
2018-05-09 21:00:00,0.002717508172381065
2018-05-09 21:30:00,0.00268441290078194
2018-05-09 22:00:00,0.002652085486876312
2018-05-09 22:30:00,0.0026266531628040954
2018-05-09 23:00:00,0.002606481193315519
2018-05-09 23:30:00,0.0025881975588270935
2018-05-10 00:00:00,0.0025736075568063886
2018-05-10 00:30:00,0.0025604325708083837
2018-05-10 01:00:00,0.002555307032473752
2018-05-10 01:30:00,0.002556727846502674
2018-05-10 02:00:00,0.0025611783960782404
2018-05-10 02:30:00,0.0025818768749491672
2018-05-10 03:00:00,0.002627001295264608
2018-05-10 03:30:00,0.0027049181295846336
2018-05-10 04:00:00,0.0027979557103731297
2018-05-10 04:30:00,0.0029473644822756067
2018-05-10 05:00:00,0.003024417262416304
2018-05-10 05:30:00,0.003258531426410079
2018-05-10 06:00:00,0.003508042926977809
2018-05-10 06:30:00,0.003820900569726449
2018-05-10 07:00:00,0.004148390766819715
2018-05-10 07:30:00,0.0044982112034043994
2018-05-10 08:00:00,0.004820021320681039
2018-05-10 08:30:00,0.005100911076327225
2018-05-10 09:00:00,0.005328113613565498
2018-05-10 09:30:00,0.005484464565195392
2018-05-10 10:00:00,0.0055774718450992
2018-05-10 10:30:00,0.005617602921621858
2018-05-10 11:00:00,0.005624692774046862
2018-05-10 11:30:00,0.005586518701084995
2018-05-10 12:00:00,0.005504355003668833
2018-05-10 12:30:00,0.005395303733036323
2018-05-10 13:00:00,0.005243706844003326
2018-05-10 13:30:00,0.00507324662069465
2018-05-10 14:00:00,0.004925919282608221
2018-05-10 14:30:00,0.00478247403740043
2018-05-10 15:00:00,0.004653356522662354
2018-05-10 15:30:00,0.004504978232926484
2018-05-10 16:00:00,0.004321681173426127
2018-05-10 16:30:00,0.004109248023479306
2018-05-10 17:00:00,0.0038541054488518823
2018-05-10 17:30:00,0.003603503519774961
2018-05-10 18:00:00,0.003349302390105561
2018-05-10 18:30:00,0.0031039866797617725
2018-05-10 19:00:00,0.0030486122415434233
2018-05-10 19:30:00,0.002972479630198789
2018-05-10 20:00:00,0.002903186397410394
2018-05-10 20:30:00,0.0028440534898895344
2018-05-10 21:00:00,0.002785339198417862
2018-05-10 21:30:00,0.002741138980294117
2018-05-10 22:00:00,0.0027085245398718065
2018-05-10 22:30:00,0.002677636392780119
2018-05-10 23:00:00,0.002655216863992891
2018-05-10 23:30:00,0.0026351977097813332
2018-05-11 00:00:00,0.0026163108305586524
2018-05-11 00:30:00,0.0026002442528144085
2018-05-11 01:00:00,0.0025920811138116498
2018-05-11 01:30:00,0.0025874985713640166
2018-05-11 02:00:00,0.002585955293360209
2018-05-11 02:30:00,0.002607657633986569
2018-05-11 03:00:00,0.0026559636471942105
2018-05-11 03:30:00,0.002734821271045469
2018-05-11 04:00:00,0.0028379778347962705
2018-05-11 04:30:00,0.0029935569457544787
2018-05-11 05:00:00,0.0030831911473084435
2018-05-11 05:30:00,0.003344528614287511
2018-05-11 06:00:00,0.003614347858524289
2018-05-11 06:30:00,0.003970803331758992
2018-05-11 07:00:00,0.004333953182976951
2018-05-11 07:30:00,0.004693082242923967
2018-05-11 08:00:00,0.005018255355061369
2018-05-11 08:30:00,0.00531410149630401
2018-05-11 09:00:00,0.005549477558538794
2018-05-11 09:30:00,0.005713328911851615
2018-05-11 10:00:00,0.005812133945889622
2018-05-11 10:30:00,0.005854953532688434
2018-05-11 11:00:00,0.005867522148070568
2018-05-11 11:30:00,0.005844221927347029
2018-05-11 12:00:00,0.005774182012192203
2018-05-11 12:30:00,0.0056635910431945095
2018-05-11 13:00:00,0.005504493752478586
2018-05-11 13:30:00,0.005327973453067276
2018-05-11 14:00:00,0.005181132391241764
2018-05-11 14:30:00,0.005040874789019623
2018-05-11 15:00:00,0.0048900470685337045
2018-05-11 15:30:00,0.004667978186838773
2018-05-11 16:00:00,0.004423546395147802
2018-05-11 16:30:00,0.004187956865449179
2018-05-11 17:00:00,0.003922014621929056
2018-05-11 17:30:00,0.003662027384555344
2018-05-11 18:00:00,0.0033968020266914156
2018-05-11 18:30:00,0.003148287228601871
2018-05-11 19:00:00,0.003089080509940941
2018-05-11 19:30:00,0.0030090798217674887
2018-05-11 20:00:00,0.0029307066087316683
2018-05-11 20:30:00,0.0028629199500468266
2018-05-11 21:00:00,0.002801516039115203
2018-05-11 21:30:00,0.002754993391786382
2018-05-11 22:00:00,0.0027209225426186945
2018-05-11 22:30:00,0.0026924843808689546
2018-05-11 23:00:00,0.002664153154520915
2018-05-11 23:30:00,0.0026501051904557456
2018-05-12 00:00:00,0.002698658047476083
2018-05-12 00:30:00,0.002707185755026556
2018-05-12 01:00:00,0.00270331031725071
2018-05-12 01:30:00,0.002686600866660124
2018-05-12 02:00:00,0.0026928886783636466
2018-05-12 02:30:00,0.00269525260112629
2018-05-12 03:00:00,0.0027127367661829494
2018-05-12 03:30:00,0.002736408059304661
2018-05-12 04:00:00,0.002732328582127265
2018-05-12 04:30:00,0.002734858176615505
2018-05-12 05:00:00,0.002642056297384271
2018-05-12 05:30:00,0.002665065861535059
2018-05-12 06:00:00,0.002697992486779309
2018-05-12 06:30:00,0.002804418117690086
2018-05-12 07:00:00,0.002920313606953595
2018-05-12 07:30:00,0.0030577195480462572
2018-05-12 08:00:00,0.0032060548821186436
2018-05-12 08:30:00,0.0033858983466088476
2018-05-12 09:00:00,0.0035372056378354458
2018-05-12 09:30:00,0.0036740575416205666
2018-05-12 10:00:00,0.0037463574691830575
2018-05-12 10:30:00,0.0038029954190006688
2018-05-12 11:00:00,0.003830959404676387
2018-05-12 11:30:00,0.003840610412910455
2018-05-12 12:00:00,0.003857177938392229
2018-05-12 12:30:00,0.003891664025640262
2018-05-12 13:00:00,0.003923988969091064
2018-05-12 13:30:00,0.003937398144122969
2018-05-12 14:00:00,0.003942405403130683
2018-05-12 14:30:00,0.003924696930859423
2018-05-12 15:00:00,0.003870461120228071
2018-05-12 15:30:00,0.0037861537738682347
2018-05-12 16:00:00,0.0036960897635922034
2018-05-12 16:30:00,0.0035865791396146197
2018-05-12 17:00:00,0.0034616413319354016
2018-05-12 17:30:00,0.003363674437509786
2018-05-12 18:00:00,0.003239387871972848
2018-05-12 18:30:00,0.003094476437035272
2018-05-12 19:00:00,0.0031008695707822435
2018-05-12 19:30:00,0.0030715780433515994
2018-05-12 20:00:00,0.0029900712852490487
2018-05-12 20:30:00,0.002926560126769332
2018-05-12 21:00:00,0.002841872179114143
2018-05-12 21:30:00,0.002767526362034616
2018-05-12 22:00:00,0.002709117953204208
2018-05-12 22:30:00,0.002657131063142533
2018-05-12 23:00:00,0.002627542324871235
2018-05-12 23:30:00,0.002608184849213156
2018-05-13 00:00:00,0.002494515239746775
2018-05-13 00:30:00,0.0023715077143822835
2018-05-13 01:00:00,0.002334830434539561
2018-05-13 01:30:00,0.002315462018295829
2018-05-13 02:00:00,0.002320309504419059
2018-05-13 02:30:00,0.0023246030540696383
2018-05-13 03:00:00,0.0023289816075331682
2018-05-13 03:30:00,0.002340460197745675
2018-05-13 04:00:00,0.0023793572568746313
2018-05-13 04:30:00,0.0023961423336333228
2018-05-13 05:00:00,0.0022413875479074643
2018-05-13 05:30:00,0.002163422917849196
2018-05-13 06:00:00,0.002113174068382923
2018-05-13 06:30:00,0.0021079799623225427
2018-05-13 07:00:00,0.0021862431140750468
2018-05-13 07:30:00,0.002269106656050857
2018-05-13 08:00:00,0.0022998971949682433
2018-05-13 08:30:00,0.0023252708835514555
2018-05-13 09:00:00,0.0023368887771656128
2018-05-13 09:30:00,0.0023179541526221342
2018-05-13 10:00:00,0.002292251691877444
2018-05-13 10:30:00,0.002289409105888138
2018-05-13 11:00:00,0.0022844329040267925
2018-05-13 11:30:00,0.0022938691843608855
2018-05-13 12:00:00,0.00230429783127286
2018-05-13 12:30:00,0.002318245262951895
2018-05-13 13:00:00,0.0023403315324250044
2018-05-13 13:30:00,0.002368738384941149
2018-05-13 14:00:00,0.0024038881674404754
2018-05-13 14:30:00,0.0024276680093221403
2018-05-13 15:00:00,0.0024345262440029604
2018-05-13 15:30:00,0.0024191851228806314
2018-05-13 16:00:00,0.002385514285724777
2018-05-13 16:30:00,0.0023345072587145233
2018-05-13 17:00:00,0.002266558255855482
2018-05-13 17:30:00,0.0021903069114269213
2018-05-13 18:00:00,0.0021161978042535646
2018-05-13 18:30:00,0.0020444645183599662
2018-05-13 19:00:00,0.002124872629909726
2018-05-13 19:30:00,0.0021817423991413037
2018-05-13 20:00:00,0.0021950613269459364
2018-05-13 20:30:00,0.002211518186135049
2018-05-13 21:00:00,0.0022116041982969082
2018-05-13 21:30:00,0.0022153086200979452
2018-05-13 22:00:00,0.0022223441729342505
2018-05-13 22:30:00,0.0022319970466137978
2018-05-13 23:00:00,0.0022594918475425893
2018-05-13 23:30:00,0.002276045861148996
2018-05-14 00:00:00,0.0023963055349040946
2018-05-14 00:30:00,0.002493730088869503
2018-05-14 01:00:00,0.0025207937702226473
2018-05-14 01:30:00,0.0025523347728148675
2018-05-14 02:00:00,0.002559060611284058
2018-05-14 02:30:00,0.002578523963577485
2018-05-14 03:00:00,0.0026316520525158722
2018-05-14 03:30:00,0.002710445041202124
2018-05-14 04:00:00,0.002819661176881105
2018-05-14 04:30:00,0.002952239546741472
2018-05-14 05:00:00,0.003019823174373673
2018-05-14 05:30:00,0.0032529255106556413
2018-05-14 06:00:00,0.0034651149930888256
2018-05-14 06:30:00,0.003746346175675287
2018-05-14 07:00:00,0.004036328667182586
2018-05-14 07:30:00,0.004341302836498122
2018-05-14 08:00:00,0.0046181264251725
2018-05-14 08:30:00,0.004869544763942843
2018-05-14 09:00:00,0.005069684275254761
2018-05-14 09:30:00,0.0052016848611908025
2018-05-14 10:00:00,0.005270354379762108
2018-05-14 10:30:00,0.005276256397173402
2018-05-14 11:00:00,0.005255135470527437
2018-05-14 11:30:00,0.00520531884982061
2018-05-14 12:00:00,0.005120749131074893
2018-05-14 12:30:00,0.005003660311296124
2018-05-14 13:00:00,0.004836922760903722
2018-05-14 13:30:00,0.004660049337704805
2018-05-14 14:00:00,0.004513333714483458
2018-05-14 14:30:00,0.004381335951924361
2018-05-14 15:00:00,0.004250960320253681
2018-05-14 15:30:00,0.0040963599631630935
2018-05-14 16:00:00,0.003914228101243462
2018-05-14 16:30:00,0.003707983138128046
2018-05-14 17:00:00,0.003493421514888617
2018-05-14 17:30:00,0.0032824648398304436
2018-05-14 18:00:00,0.003077031446333692
2018-05-14 18:30:00,0.0028884283036267125
2018-05-14 19:00:00,0.002853560505899529
2018-05-14 19:30:00,0.002826549409941941
2018-05-14 20:00:00,0.002772373495235728
2018-05-14 20:30:00,0.0027297290082248047
2018-05-14 21:00:00,0.0026813397053973564
2018-05-14 21:30:00,0.0026494768882511246
2018-05-14 22:00:00,0.002623820509051534
2018-05-14 22:30:00,0.0026016303796408927
2018-05-14 23:00:00,0.002585260137622983
2018-05-14 23:30:00,0.002572238118154333
2018-05-15 00:00:00,0.0025580232219274317
2018-05-15 00:30:00,0.002542674235683619
2018-05-15 01:00:00,0.002535135667994521
2018-05-15 01:30:00,0.0025403617891327323
2018-05-15 02:00:00,0.0025431827964554057
2018-05-15 02:30:00,0.002567100126710687
2018-05-15 03:00:00,0.0026149728019750833
2018-05-15 03:30:00,0.002689971121633025
2018-05-15 04:00:00,0.0027916278168005114
2018-05-15 04:30:00,0.0029158051277332593
2018-05-15 05:00:00,0.0029930923994125297
2018-05-15 05:30:00,0.003234672378721685
2018-05-15 06:00:00,0.003459782894480376
2018-05-15 06:30:00,0.003750990681163322
2018-05-15 07:00:00,0.004044381543232247
2018-05-15 07:30:00,0.0043419399617556885
2018-05-15 08:00:00,0.004617543095329179
2018-05-15 08:30:00,0.004877779949475084
2018-05-15 09:00:00,0.005087782524796438
2018-05-15 09:30:00,0.005222869212983084
2018-05-15 10:00:00,0.005300699379714462
2018-05-15 10:30:00,0.005330236641774003
2018-05-15 11:00:00,0.0053312645526508926
2018-05-15 11:30:00,0.005302577832895313
2018-05-15 12:00:00,0.005223849378539178
2018-05-15 12:30:00,0.005099394519569482
2018-05-15 13:00:00,0.004932974498248233
2018-05-15 13:30:00,0.0047639770362830555
2018-05-15 14:00:00,0.004617596487403862
2018-05-15 14:30:00,0.0044785123008060455
2018-05-15 15:00:00,0.004346363437163073
2018-05-15 15:30:00,0.004187147867120232
2018-05-15 16:00:00,0.004000068440448243
2018-05-15 16:30:00,0.003781496664018849
2018-05-15 17:00:00,0.003553771549958967
2018-05-15 17:30:00,0.0033461643074687436
2018-05-15 18:00:00,0.00313124119114577
2018-05-15 18:30:00,0.002929665337231746
2018-05-15 19:00:00,0.002870715949212156
2018-05-15 19:30:00,0.0028322767309049103
2018-05-15 20:00:00,0.0027682425922640206
2018-05-15 20:30:00,0.002727896384501826
2018-05-15 21:00:00,0.0026716579929390374
2018-05-15 21:30:00,0.0026424014047980596
2018-05-15 22:00:00,0.00261294486106861
2018-05-15 22:30:00,0.0025883232999359303
2018-05-15 23:00:00,0.0025741563506996076
2018-05-15 23:30:00,0.0025604871729017556
2018-05-16 00:00:00,0.002550405095509486
2018-05-16 00:30:00,0.00253712372870168
2018-05-16 01:00:00,0.0025323142573322847
2018-05-16 01:30:00,0.002532224211774793
2018-05-16 02:00:00,0.002538593346817752
2018-05-16 02:30:00,0.002557660972582206
2018-05-16 03:00:00,0.002597758773590897
2018-05-16 03:30:00,0.0026746514279249924
2018-05-16 04:00:00,0.0027670385228328897
2018-05-16 04:30:00,0.002879291351665981
2018-05-16 05:00:00,0.0029548956890176753
2018-05-16 05:30:00,0.003180265652950414
2018-05-16 06:00:00,0.0034110387032547313
2018-05-16 06:30:00,0.0037125883180086656
2018-05-16 07:00:00,0.004015822177943756
2018-05-16 07:30:00,0.004323698022494611
2018-05-16 08:00:00,0.004607719104839932
2018-05-16 08:30:00,0.004866454527461714
2018-05-16 09:00:00,0.005075498011719153
2018-05-16 09:30:00,0.005220622157858887
2018-05-16 10:00:00,0.005302148528347699
2018-05-16 10:30:00,0.0053343896780042414
2018-05-16 11:00:00,0.005326967625031471
2018-05-16 11:30:00,0.005278046922329469
2018-05-16 12:00:00,0.0051897827140194586
2018-05-16 12:30:00,0.005071629481133327
2018-05-16 13:00:00,0.0049051195150894775
2018-05-16 13:30:00,0.0047363568975849904
2018-05-16 14:00:00,0.004592834059928724
2018-05-16 14:30:00,0.004455079129278977
2018-05-16 15:00:00,0.004329321987694503
2018-05-16 15:30:00,0.0041873708130638065
2018-05-16 16:00:00,0.004014770570867526
2018-05-16 16:30:00,0.0038137906511581735
2018-05-16 17:00:00,0.003582998190137376
2018-05-16 17:30:00,0.003368275684829664
2018-05-16 18:00:00,0.0031430851061676718
2018-05-16 18:30:00,0.002935824937371607
2018-05-16 19:00:00,0.0028654430911020552
2018-05-16 19:30:00,0.002857649663226442
2018-05-16 20:00:00,0.002795064118626891
2018-05-16 20:30:00,0.0027599162519904904
2018-05-16 21:00:00,0.002709938597963044
2018-05-16 21:30:00,0.00267617539604721
2018-05-16 22:00:00,0.002644503761853949
2018-05-16 22:30:00,0.0026193331043233774
2018-05-16 23:00:00,0.0026043272592129827
2018-05-16 23:30:00,0.002591271863395475
2018-05-17 00:00:00,0.002578547962281497
2018-05-17 00:30:00,0.002562319090780499
2018-05-17 01:00:00,0.0025599625289648847
2018-05-17 01:30:00,0.002562637426530778
2018-05-17 02:00:00,0.0025673606336510876
2018-05-17 02:30:00,0.002590286756929732
2018-05-17 03:00:00,0.0026378352480201823
2018-05-17 03:30:00,0.002714417835065045
2018-05-17 04:00:00,0.0028159413777592195
2018-05-17 04:30:00,0.0029355945296461123
2018-05-17 05:00:00,0.0030106285952728453
2018-05-17 05:30:00,0.003258992141026178
2018-05-17 06:00:00,0.003513306357025619
2018-05-17 06:30:00,0.003830898702072121
2018-05-17 07:00:00,0.004152834913379715
2018-05-17 07:30:00,0.004473462237387184
2018-05-17 08:00:00,0.004766802631593261
2018-05-17 08:30:00,0.0050374722164642175
2018-05-17 09:00:00,0.005254094501532186
2018-05-17 09:30:00,0.005411853511577315
2018-05-17 10:00:00,0.0055049558787831545
2018-05-17 10:30:00,0.0055582363292415535
2018-05-17 11:00:00,0.0055733513785386915
2018-05-17 11:30:00,0.005524879491935673
2018-05-17 12:00:00,0.0054285523745043664
2018-05-17 12:30:00,0.005303680613678627
2018-05-17 13:00:00,0.005134013456786153
2018-05-17 13:30:00,0.0049571901989454124
2018-05-17 14:00:00,0.004806103786547129
2018-05-17 14:30:00,0.004663402753250942
2018-05-17 15:00:00,0.0045233523667294094
2018-05-17 15:30:00,0.004358699426452115
2018-05-17 16:00:00,0.004176602503822148
2018-05-17 16:30:00,0.0039789652103256155
2018-05-17 17:00:00,0.003748596306263654
2018-05-17 17:30:00,0.0035443831661980075
2018-05-17 18:00:00,0.0033076385224077394
2018-05-17 18:30:00,0.0030819335849677394
2018-05-17 19:00:00,0.0029928956705405642
2018-05-17 19:30:00,0.0029767810953882966
2018-05-17 20:00:00,0.002911104053871482
2018-05-17 20:30:00,0.002860954980529663
2018-05-17 21:00:00,0.0027967301631102565
2018-05-17 21:30:00,0.0027612639607235766
2018-05-17 22:00:00,0.0027278771250376817
2018-05-17 22:30:00,0.0027013954122568316
2018-05-17 23:00:00,0.0026832867767214025
2018-05-17 23:30:00,0.002664907298669264
2018-05-18 00:00:00,0.0026436719244222334
2018-05-18 00:30:00,0.0026308861106852993
2018-05-18 01:00:00,0.0026239871387085927
2018-05-18 01:30:00,0.0026239713580481815
2018-05-18 02:00:00,0.0026224740607545824
2018-05-18 02:30:00,0.0026443481736174324
2018-05-18 03:00:00,0.002690169463863244
2018-05-18 03:30:00,0.0027776429753769865
2018-05-18 04:00:00,0.002889103846977677
2018-05-18 04:30:00,0.003010895606063703
2018-05-18 05:00:00,0.0030883128539172244
2018-05-18 05:30:00,0.0033875042430798457
2018-05-18 06:00:00,0.0036604469488942743
2018-05-18 06:30:00,0.003995078272954521
2018-05-18 07:00:00,0.004319537524482452
2018-05-18 07:30:00,0.004652630914788104
2018-05-18 08:00:00,0.004951870906368096
2018-05-18 08:30:00,0.0052183696576505855
2018-05-18 09:00:00,0.005421930799312271
2018-05-18 09:30:00,0.005558911721340181
2018-05-18 10:00:00,0.005651631621805188
2018-05-18 10:30:00,0.0057017114215770215
2018-05-18 11:00:00,0.005704125913037405
2018-05-18 11:30:00,0.00566166716389535
2018-05-18 12:00:00,0.005579207768161894
2018-05-18 12:30:00,0.005473152705474835
2018-05-18 13:00:00,0.005316035761596923
2018-05-18 13:30:00,0.005141150802444728
2018-05-18 14:00:00,0.004996104198336026
2018-05-18 14:30:00,0.004867182706625679
2018-05-18 15:00:00,0.004717522200418303
2018-05-18 15:30:00,0.004508490513843088
2018-05-18 16:00:00,0.0042589110505589535
2018-05-18 16:30:00,0.004005009501350142
2018-05-18 17:00:00,0.003748474800220231
2018-05-18 17:30:00,0.003512056206049389
2018-05-18 18:00:00,0.003265926959806567
2018-05-18 18:30:00,0.0030540603506937474
2018-05-18 19:00:00,0.0029698623093555466
2018-05-18 19:30:00,0.002956813770310614
2018-05-18 20:00:00,0.002884789928679154
2018-05-18 20:30:00,0.0028411326560249615
2018-05-18 21:00:00,0.0027849459927611585
2018-05-18 21:30:00,0.002743718538470752
2018-05-18 22:00:00,0.0027112085629953176
2018-05-18 22:30:00,0.0026854457525684796
2018-05-18 23:00:00,0.002667284884559612
2018-05-18 23:30:00,0.0026513104699055663
2018-05-19 00:00:00,0.002707549768982371
2018-05-19 00:30:00,0.0027156313829759123
2018-05-19 01:00:00,0.002705023905385091
2018-05-19 01:30:00,0.002690121668125001
2018-05-19 02:00:00,0.002702961075606398
2018-05-19 02:30:00,0.0026937228349978508
2018-05-19 03:00:00,0.0027140230160500886
2018-05-19 03:30:00,0.0027340665723052217
2018-05-19 04:00:00,0.002725511689751676
2018-05-19 04:30:00,0.0027030171398056873
2018-05-19 05:00:00,0.002597293470987266
2018-05-19 05:30:00,0.0026347216178443864
2018-05-19 06:00:00,0.0026622933557948637
2018-05-19 06:30:00,0.002752011603230316
2018-05-19 07:00:00,0.00284988648581807
2018-05-19 07:30:00,0.0029537000392999267
2018-05-19 08:00:00,0.0030579582242327985
2018-05-19 08:30:00,0.0032211358492226895
2018-05-19 09:00:00,0.00335935638498074
2018-05-19 09:30:00,0.003447959549776199
2018-05-19 10:00:00,0.003502127649778374
2018-05-19 10:30:00,0.003557097235910132
2018-05-19 11:00:00,0.0035787634272281374
2018-05-19 11:30:00,0.0035904208985369362
2018-05-19 12:00:00,0.003614623137776193
2018-05-19 12:30:00,0.003647537662833547
2018-05-19 13:00:00,0.003682948809369846
2018-05-19 13:30:00,0.0037273439917549674
2018-05-19 14:00:00,0.0037652202488668352
2018-05-19 14:30:00,0.003791267464103196
2018-05-19 15:00:00,0.0037899544425725466
2018-05-19 15:30:00,0.003758232995943227
2018-05-19 16:00:00,0.0037086687145506457
2018-05-19 16:30:00,0.0036399076378984866
2018-05-19 17:00:00,0.003539526554517159
2018-05-19 17:30:00,0.0034369215072016304
2018-05-19 18:00:00,0.0033020597816563746
2018-05-19 18:30:00,0.0031360441586647083
2018-05-19 19:00:00,0.0030778288486501965
2018-05-19 19:30:00,0.0030909570976763124
2018-05-19 20:00:00,0.0030042440324915924
2018-05-19 20:30:00,0.002951444261957674
2018-05-19 21:00:00,0.0028713419322142883
2018-05-19 21:30:00,0.0028020269190894786
2018-05-19 22:00:00,0.002742856299319458
2018-05-19 22:30:00,0.002694631004441908
2018-05-19 23:00:00,0.002661803802399994
2018-05-19 23:30:00,0.0026478111462724316
2018-05-20 00:00:00,0.002524927597406188
2018-05-20 00:30:00,0.0023947031172368285
2018-05-20 01:00:00,0.0023572800121242493
2018-05-20 01:30:00,0.0023331249131964445
2018-05-20 02:00:00,0.002337244522660381
2018-05-20 02:30:00,0.002340487473583638
2018-05-20 03:00:00,0.0023460993890140787
2018-05-20 03:30:00,0.002358475359337326
2018-05-20 04:00:00,0.0023966566924113314
2018-05-20 04:30:00,0.002387924995876755
2018-05-20 05:00:00,0.0022121293968256784
2018-05-20 05:30:00,0.002170262044318208
2018-05-20 06:00:00,0.0021296701523445608
2018-05-20 06:30:00,0.002131428460753014
2018-05-20 07:00:00,0.0022204501911802146
2018-05-20 07:30:00,0.0023144135371012137
2018-05-20 08:00:00,0.0023532624979872552
2018-05-20 08:30:00,0.0023789617824328847
2018-05-20 09:00:00,0.0023973313786657237
2018-05-20 09:30:00,0.0023971074243732404
2018-05-20 10:00:00,0.002387997697833027
2018-05-20 10:30:00,0.002385253123357586
2018-05-20 11:00:00,0.0023822258582657657
2018-05-20 11:30:00,0.0023926707900126056
2018-05-20 12:00:00,0.002408288551657865
2018-05-20 12:30:00,0.002430468698414316
2018-05-20 13:00:00,0.0024546516781894295
2018-05-20 13:30:00,0.0024918309141185907
2018-05-20 14:00:00,0.0025262533745505234
2018-05-20 14:30:00,0.0025379824386317956
2018-05-20 15:00:00,0.002535078595446324
2018-05-20 15:30:00,0.0025280182372268804
2018-05-20 16:00:00,0.0024993356012843774
2018-05-20 16:30:00,0.002456382105750575
2018-05-20 17:00:00,0.0023964645011094526
2018-05-20 17:30:00,0.0023329872231530467
2018-05-20 18:00:00,0.0022537395195266993
2018-05-20 18:30:00,0.002170396910984663
2018-05-20 19:00:00,0.002193314513715034
2018-05-20 19:30:00,0.0022755906420344457
2018-05-20 20:00:00,0.002280367241229438
2018-05-20 20:30:00,0.0023007019582317774
2018-05-20 21:00:00,0.002301017268935332
2018-05-20 21:30:00,0.0023059226847033307
2018-05-20 22:00:00,0.002313848962547583
2018-05-20 22:30:00,0.002314295913201087
2018-05-20 23:00:00,0.0023348989518478646
2018-05-20 23:30:00,0.002353902648291546
2018-05-21 00:00:00,0.002472610523494564
2018-05-21 00:30:00,0.002579433544710013
2018-05-21 01:00:00,0.0026080738804158225
2018-05-21 01:30:00,0.0026280709013688478
2018-05-21 02:00:00,0.0026290922075603903
2018-05-21 02:30:00,0.0026494288908431004
2018-05-21 03:00:00,0.002701358052929788
2018-05-21 03:30:00,0.0027860982330584153
2018-05-21 04:00:00,0.0028938845299857465
2018-05-21 04:30:00,0.003008964315400069
2018-05-21 05:00:00,0.0030722282771449717
2018-05-21 05:30:00,0.0033656834214567874
2018-05-21 06:00:00,0.0036055091761705658
2018-05-21 06:30:00,0.00390547890985533
2018-05-21 07:00:00,0.004210954581500297
2018-05-21 07:30:00,0.00451878852915402
2018-05-21 08:00:00,0.004800533616761481
2018-05-21 08:30:00,0.005052357715132434
2018-05-21 09:00:00,0.005255542994738635
2018-05-21 09:30:00,0.005397917373406051
2018-05-21 10:00:00,0.005472783649774481
2018-05-21 10:30:00,0.00550420027252889
2018-05-21 11:00:00,0.0054955315473836225
2018-05-21 11:30:00,0.005432439509127546
2018-05-21 12:00:00,0.00533766277855985
2018-05-21 12:30:00,0.005229625856511416
2018-05-21 13:00:00,0.005076429574857877
2018-05-21 13:30:00,0.0049078114033344715
2018-05-21 14:00:00,0.0047590633016365656
2018-05-21 14:30:00,0.004616141843269073
2018-05-21 15:00:00,0.004476290555239441
2018-05-21 15:30:00,0.004303357709155832
2018-05-21 16:00:00,0.0041192196362486964
2018-05-21 16:30:00,0.003926785019778263
2018-05-21 17:00:00,0.003695948241822955
2018-05-21 17:30:00,0.0034303513578038463
2018-05-21 18:00:00,0.0031921997143646973
2018-05-21 18:30:00,0.002990614331553492
2018-05-21 19:00:00,0.002902073079380989
2018-05-21 19:30:00,0.002882654296109299
2018-05-21 20:00:00,0.002817334008436161
2018-05-21 20:30:00,0.0027778451997505006
2018-05-21 21:00:00,0.002732011355560785
2018-05-21 21:30:00,0.0027005358956475895
2018-05-21 22:00:00,0.002672857676052419
2018-05-21 22:30:00,0.0026450395480462543
2018-05-21 23:00:00,0.002629590079833752
2018-05-21 23:30:00,0.002613077408532577
2018-05-22 00:00:00,0.00259764367056304
2018-05-22 00:30:00,0.0025880186777308013
2018-05-22 01:00:00,0.0025841428366153913
2018-05-22 01:30:00,0.0025821684894533825
2018-05-22 02:00:00,0.00258622951384576
2018-05-22 02:30:00,0.0026077190424350707
2018-05-22 03:00:00,0.002654158601813867
2018-05-22 03:30:00,0.0027341078641930075
2018-05-22 04:00:00,0.0028388297383712567
2018-05-22 04:30:00,0.002943450021397018
2018-05-22 05:00:00,0.0030105531707745213
2018-05-22 05:30:00,0.003300476724288144
2018-05-22 06:00:00,0.0035552849304176506
2018-05-22 06:30:00,0.0038804774532715334
2018-05-22 07:00:00,0.004199500796670929
2018-05-22 07:30:00,0.004521431865399092
2018-05-22 08:00:00,0.004819483669043254
2018-05-22 08:30:00,0.00508921584235182
2018-05-22 09:00:00,0.005313516452267545
2018-05-22 09:30:00,0.005467059101771008
2018-05-22 10:00:00,0.005545809286046112
2018-05-22 10:30:00,0.005569207417448626
2018-05-22 11:00:00,0.005566521327209853
2018-05-22 11:30:00,0.005529405768514236
2018-05-22 12:00:00,0.005443963626293253
2018-05-22 12:30:00,0.005328889386797924
2018-05-22 13:00:00,0.005171640651717727
2018-05-22 13:30:00,0.004995246849676936
2018-05-22 14:00:00,0.0048442493736523436
2018-05-22 14:30:00,0.004708713617279485
2018-05-22 15:00:00,0.004580228488559108
2018-05-22 15:30:00,0.004429705894452773
2018-05-22 16:00:00,0.004254068555762819
2018-05-22 16:30:00,0.0040379850315164344
2018-05-22 17:00:00,0.0037931927046733816
2018-05-22 17:30:00,0.0035414968682835365
2018-05-22 18:00:00,0.003300406039029688
2018-05-22 18:30:00,0.0030749747674833385
2018-05-22 19:00:00,0.0029689227802604484
2018-05-22 19:30:00,0.0029440184780939447
2018-05-22 20:00:00,0.0028717463305438715
2018-05-22 20:30:00,0.0028248281583558585
2018-05-22 21:00:00,0.002768961645870369
2018-05-22 21:30:00,0.0027287261548182796
2018-05-22 22:00:00,0.002699587745169327
2018-05-22 22:30:00,0.0026720300736861177
2018-05-22 23:00:00,0.0026540764717953047
2018-05-22 23:30:00,0.0026348112096448682
2018-05-23 00:00:00,0.002613645814812058
2018-05-23 00:30:00,0.0026023232161756305
2018-05-23 01:00:00,0.002597392995024493
2018-05-23 01:30:00,0.002589292928245934
2018-05-23 02:00:00,0.002593099495791359
2018-05-23 02:30:00,0.002613467034550656
2018-05-23 03:00:00,0.002662973436715914
2018-05-23 03:30:00,0.0027478069899534293
2018-05-23 04:00:00,0.0028562147827302523
2018-05-23 04:30:00,0.002974343764825145
2018-05-23 05:00:00,0.0030619546134601685
2018-05-23 05:30:00,0.00337542936574055
2018-05-23 06:00:00,0.0036420440771474686
2018-05-23 06:30:00,0.003984601275712404
2018-05-23 07:00:00,0.004326712884894862
2018-05-23 07:30:00,0.00467943055997967
2018-05-23 08:00:00,0.005003021723932641
2018-05-23 08:30:00,0.0052939662307156885
2018-05-23 09:00:00,0.005524725264970182
2018-05-23 09:30:00,0.005687611023368633
2018-05-23 10:00:00,0.005786236571301003
2018-05-23 10:30:00,0.005824951068860152
2018-05-23 11:00:00,0.005815205427081062
2018-05-23 11:30:00,0.005760794718331604
2018-05-23 12:00:00,0.005672800142519615
2018-05-23 12:30:00,0.00553532719664201
2018-05-23 13:00:00,0.005345372815980767
2018-05-23 13:30:00,0.005149294329061226
2018-05-23 14:00:00,0.004980886297450263
2018-05-23 14:30:00,0.0048103991008082965
2018-05-23 15:00:00,0.004658149255439876
2018-05-23 15:30:00,0.0044911840702814764
2018-05-23 16:00:00,0.004284881328773628
2018-05-23 16:30:00,0.004062084520001959
2018-05-23 17:00:00,0.003810584555387507
2018-05-23 17:30:00,0.0035676325661365806
2018-05-23 18:00:00,0.003326535585954392
2018-05-23 18:30:00,0.0031039319264160644
2018-05-23 19:00:00,0.002997437021935303
2018-05-23 19:30:00,0.0029605869615071815
2018-05-23 20:00:00,0.002893896529337753
2018-05-23 20:30:00,0.002841206063825469
2018-05-23 21:00:00,0.002785995683974464
2018-05-23 21:30:00,0.002745666315639033
2018-05-23 22:00:00,0.0027165596689806854
2018-05-23 22:30:00,0.002688753288239299
2018-05-23 23:00:00,0.0026710546473698925
2018-05-23 23:30:00,0.0026548409515199604
2018-05-24 00:00:00,0.00263597413844055
2018-05-24 00:30:00,0.0026238782370265204
2018-05-24 01:00:00,0.002618220240050981
2018-05-24 01:30:00,0.0026206737041966615
2018-05-24 02:00:00,0.002627637210503485
2018-05-24 02:30:00,0.002653901573677199
2018-05-24 03:00:00,0.0027091220370172855
2018-05-24 03:30:00,0.0027917952027192517
2018-05-24 04:00:00,0.0029082057566050044
2018-05-24 04:30:00,0.0030198059820247905
2018-05-24 05:00:00,0.0031006594308698007
2018-05-24 05:30:00,0.0034210552883854207
2018-05-24 06:00:00,0.0036887320432797683
2018-05-24 06:30:00,0.004025723609629144
2018-05-24 07:00:00,0.00434948770541985
2018-05-24 07:30:00,0.004684342076258563
2018-05-24 08:00:00,0.005003057822823549
2018-05-24 08:30:00,0.005293101470692124
2018-05-24 09:00:00,0.00552552791070101
2018-05-24 09:30:00,0.005689375583540317
2018-05-24 10:00:00,0.005794343696521918
2018-05-24 10:30:00,0.005848186503166348
2018-05-24 11:00:00,0.005856808743426953
2018-05-24 11:30:00,0.00580840996211977
2018-05-24 12:00:00,0.005714544375625408
2018-05-24 12:30:00,0.00558130689850128
2018-05-24 13:00:00,0.005409192932565917
2018-05-24 13:30:00,0.00523627289251344
2018-05-24 14:00:00,0.005077559530644265
2018-05-24 14:30:00,0.004906852564357784
2018-05-24 15:00:00,0.004748029342875075
2018-05-24 15:30:00,0.004573161122314753
2018-05-24 16:00:00,0.004366560615374351
2018-05-24 16:30:00,0.004137910542861093
2018-05-24 17:00:00,0.0038607688705236632
2018-05-24 17:30:00,0.003588786264122057
2018-05-24 18:00:00,0.0033257332427282377
2018-05-24 18:30:00,0.003094515006381006
2018-05-24 19:00:00,0.002974130448613642
2018-05-24 19:30:00,0.0029546516685819216
2018-05-24 20:00:00,0.0028890307920992867
2018-05-24 20:30:00,0.0028418719270269163
2018-05-24 21:00:00,0.0027909209642159516
2018-05-24 21:30:00,0.002750325038846671
2018-05-24 22:00:00,0.002713069521322614
2018-05-24 22:30:00,0.0026871355940860757
2018-05-24 23:00:00,0.002668223405305802
2018-05-24 23:30:00,0.0026512230964726817
2018-05-25 00:00:00,0.002631441610098757
2018-05-25 00:30:00,0.0026205301153121516
2018-05-25 01:00:00,0.0026122835354372496
2018-05-25 01:30:00,0.002610675168511426
2018-05-25 02:00:00,0.0026157322903726447
2018-05-25 02:30:00,0.0026286852883585367
2018-05-25 03:00:00,0.0026748649458062774
2018-05-25 03:30:00,0.002761088255926345
2018-05-25 04:00:00,0.002880630993607803
2018-05-25 04:30:00,0.0029869610330420945
2018-05-25 05:00:00,0.0030640588863789825
2018-05-25 05:30:00,0.0033592121910868858
2018-05-25 06:00:00,0.0036222286598327873
2018-05-25 06:30:00,0.003944563017706734
2018-05-25 07:00:00,0.004252707688076483
2018-05-25 07:30:00,0.004575340718897001
2018-05-25 08:00:00,0.004871021944675726
2018-05-25 08:30:00,0.00513700104334844
2018-05-25 09:00:00,0.005354499180277963
2018-05-25 09:30:00,0.005501833223884631
2018-05-25 10:00:00,0.005569351712177371
2018-05-25 10:30:00,0.0055759217607402635
2018-05-25 11:00:00,0.005551735201326527
2018-05-25 11:30:00,0.005490178021360875
2018-05-25 12:00:00,0.00538246679600975
2018-05-25 12:30:00,0.005244660590818027
2018-05-25 13:00:00,0.005056727445543019
2018-05-25 13:30:00,0.004851005412171329
2018-05-25 14:00:00,0.004674640801831427
2018-05-25 14:30:00,0.004526516162263383
2018-05-25 15:00:00,0.004399210196756107
2018-05-25 15:30:00,0.00425595885704334
2018-05-25 16:00:00,0.0040818684768307075
2018-05-25 16:30:00,0.003874845925454831
2018-05-25 17:00:00,0.003640800026682132
2018-05-25 17:30:00,0.0034238834045678965
2018-05-25 18:00:00,0.003207191291338043
2018-05-25 18:30:00,0.0030024972696781364
2018-05-25 19:00:00,0.002878143346434139
2018-05-25 19:30:00,0.002885446464653201
2018-05-25 20:00:00,0.0028211673476450953
2018-05-25 20:30:00,0.0027759635702705896
2018-05-25 21:00:00,0.0027291959445745516
2018-05-25 21:30:00,0.0026937104827237275
2018-05-25 22:00:00,0.0026657237587801317
2018-05-25 22:30:00,0.0026379142017396847
2018-05-25 23:00:00,0.002619543092983484
2018-05-25 23:30:00,0.002604951880944089
2018-05-26 00:00:00,0.002650289718305923
2018-05-26 00:30:00,0.002660502931473687
2018-05-26 01:00:00,0.002656649778208709
2018-05-26 01:30:00,0.0026414679762138556
2018-05-26 02:00:00,0.0026526612541028227
2018-05-26 02:30:00,0.002650693209121489
2018-05-26 03:00:00,0.002666637020386174
2018-05-26 03:30:00,0.0026878311027454197
2018-05-26 04:00:00,0.0026869738549212202
2018-05-26 04:30:00,0.002643496219625001
2018-05-26 05:00:00,0.002537955112376387
2018-05-26 05:30:00,0.0025689622446392274
2018-05-26 06:00:00,0.002598773122174974
2018-05-26 06:30:00,0.002683537099337832
2018-05-26 07:00:00,0.0027655966847292346
2018-05-26 07:30:00,0.0028610094817881444
2018-05-26 08:00:00,0.002963241490425132
2018-05-26 08:30:00,0.0030935011619713827
2018-05-26 09:00:00,0.0032040772074052384
2018-05-26 09:30:00,0.0033013149143179803
2018-05-26 10:00:00,0.0033584115116364294
2018-05-26 10:30:00,0.0034166881796819978
2018-05-26 11:00:00,0.003445619020708223
2018-05-26 11:30:00,0.0034713076670728725
2018-05-26 12:00:00,0.0035005559867528043
2018-05-26 12:30:00,0.0035334845278599805
2018-05-26 13:00:00,0.003559492467906371
2018-05-26 13:30:00,0.0035891645966323665
2018-05-26 14:00:00,0.0036158824143100415
2018-05-26 14:30:00,0.0036362843377671043
2018-05-26 15:00:00,0.0036298240479828553
2018-05-26 15:30:00,0.0036032194678875568
2018-05-26 16:00:00,0.0035681718815500636
2018-05-26 16:30:00,0.0035110285472597256
2018-05-26 17:00:00,0.003423694792904641
2018-05-26 17:30:00,0.003333282902255324
2018-05-26 18:00:00,0.003220634094806033
2018-05-26 18:30:00,0.0030740601446062697
2018-05-26 19:00:00,0.0029948691606060014
2018-05-26 19:30:00,0.003028753465225695
2018-05-26 20:00:00,0.0029578063889757217
2018-05-26 20:30:00,0.002906574449741522
2018-05-26 21:00:00,0.002829727221525736
2018-05-26 21:30:00,0.0027612521126239064
2018-05-26 22:00:00,0.0027069660862169324
2018-05-26 22:30:00,0.0026668188256943
2018-05-26 23:00:00,0.002638396646274753
2018-05-26 23:30:00,0.002618859734928482
2018-05-27 00:00:00,0.0025031159517581924
2018-05-27 00:30:00,0.0023876451790547644
2018-05-27 01:00:00,0.002347320751628984
2018-05-27 01:30:00,0.002322273163082642
2018-05-27 02:00:00,0.002325973047313593
2018-05-27 02:30:00,0.002328748830187739
2018-05-27 03:00:00,0.002331400434893856
2018-05-27 03:30:00,0.0023428453966702787
2018-05-27 04:00:00,0.002381548348634431
2018-05-27 04:30:00,0.002351195886900158
2018-05-27 05:00:00,0.0021867928658997286
2018-05-27 05:30:00,0.0021453842113105413
2018-05-27 06:00:00,0.002106545132243799
2018-05-27 06:30:00,0.002101649799964881
2018-05-27 07:00:00,0.0021688456670244816
2018-05-27 07:30:00,0.002234987607805364
2018-05-27 08:00:00,0.0022608712184313895
2018-05-27 08:30:00,0.002275930253946685
2018-05-27 09:00:00,0.0022804035417901287
2018-05-27 09:30:00,0.0022672622346456535
2018-05-27 10:00:00,0.002244853646444078
2018-05-27 10:30:00,0.002247882776981378
2018-05-27 11:00:00,0.0022571486967674524
2018-05-27 11:30:00,0.0022765810423319563
2018-05-27 12:00:00,0.0022982770807776407
2018-05-27 12:30:00,0.0023142405548460332
2018-05-27 13:00:00,0.002337021576716806
2018-05-27 13:30:00,0.002364544460162687
2018-05-27 14:00:00,0.002393093086535307
2018-05-27 14:30:00,0.0024244670057134592
2018-05-27 15:00:00,0.002422816187298606
2018-05-27 15:30:00,0.002402757959566861
2018-05-27 16:00:00,0.002366899055697931
2018-05-27 16:30:00,0.0023206123620135985
2018-05-27 17:00:00,0.0022707663479361014
2018-05-27 17:30:00,0.0022024457180869895
2018-05-27 18:00:00,0.0021335664125253584
2018-05-27 18:30:00,0.0020774038488004585
2018-05-27 19:00:00,0.0020798973443977896
2018-05-27 19:30:00,0.002201362953029499
2018-05-27 20:00:00,0.00222279182943199
2018-05-27 20:30:00,0.0022472455508889206
2018-05-27 21:00:00,0.0022481663246943285
2018-05-27 21:30:00,0.002248203230264364
2018-05-27 22:00:00,0.0022562957848435575
2018-05-27 22:30:00,0.002266182040877879
2018-05-27 23:00:00,0.0022899117678188132
2018-05-27 23:30:00,0.0023067306746833703
2018-05-28 00:00:00,0.0024240542380879393
2018-05-28 00:30:00,0.0025252472440100474
2018-05-28 01:00:00,0.002552257482871064
2018-05-28 01:30:00,0.002583748118435326
2018-05-28 02:00:00,0.002589046286103019
2018-05-28 02:30:00,0.0026096138812856783
2018-05-28 03:00:00,0.002661922132144356
2018-05-28 03:30:00,0.002751467447742074
2018-05-28 04:00:00,0.0028543655212502897
2018-05-28 04:30:00,0.0029619109740409285
2018-05-28 05:00:00,0.0030431245546984572
2018-05-28 05:30:00,0.0033452416178004103
2018-05-28 06:00:00,0.0036114600985039016
2018-05-28 06:30:00,0.003933319624877037
2018-05-28 07:00:00,0.0042457970192524425
2018-05-28 07:30:00,0.004571995319724683
2018-05-28 08:00:00,0.004867132339597721
2018-05-28 08:30:00,0.005138315980742015
2018-05-28 09:00:00,0.005363587176899207
2018-05-28 09:30:00,0.00552099457568009
2018-05-28 10:00:00,0.005613186202152157
2018-05-28 10:30:00,0.005667503941132291
2018-05-28 11:00:00,0.005687962432963096
2018-05-28 11:30:00,0.005660063233704722
2018-05-28 12:00:00,0.005581449731124107
2018-05-28 12:30:00,0.005463932262224516
2018-05-28 13:00:00,0.005297979358534932
2018-05-28 13:30:00,0.005123283565637892
2018-05-28 14:00:00,0.004967559756611374
2018-05-28 14:30:00,0.0048111896463522265
2018-05-28 15:00:00,0.004666463293856728
2018-05-28 15:30:00,0.004506311371017849
2018-05-28 16:00:00,0.00432983493478404
2018-05-28 16:30:00,0.004124159134209788
2018-05-28 17:00:00,0.0038767173706107704
2018-05-28 17:30:00,0.003634757193345825
2018-05-28 18:00:00,0.0033974114223540098
2018-05-28 18:30:00,0.003178765128940309
2018-05-28 19:00:00,0.0030158979745792134
2018-05-28 19:30:00,0.003011054572269061
2018-05-28 20:00:00,0.0029355945296461123
2018-05-28 20:30:00,0.0028836417217775307
2018-05-28 21:00:00,0.002822839845561472
2018-05-28 21:30:00,0.002778180274092654
2018-05-28 22:00:00,0.002746215059114807
2018-05-28 22:30:00,0.0027130648325001915
2018-05-28 23:00:00,0.002690877324796711
2018-05-28 23:30:00,0.0026753761282852255
2018-05-29 00:00:00,0.002644609335984624
2018-05-29 00:30:00,0.0026263667412967573
2018-05-29 01:00:00,0.002617465037136279
2018-05-29 01:30:00,0.002619799163188689
2018-05-29 02:00:00,0.0026318395549953287
2018-05-29 02:30:00,0.0026558103781601835
2018-05-29 03:00:00,0.002708541026376453
2018-05-29 03:30:00,0.002796669611758327
2018-05-29 04:00:00,0.0029046643848224035
2018-05-29 04:30:00,0.0030279395259870975
2018-05-29 05:00:00,0.003142504045109394
2018-05-29 05:30:00,0.0034896269466951984
2018-05-29 06:00:00,0.0037947005896305157
2018-05-29 06:30:00,0.004162054701203245
2018-05-29 07:00:00,0.004519589309439367
2018-05-29 07:30:00,0.004902757205685088
2018-05-29 08:00:00,0.005244449392139231
2018-05-29 08:30:00,0.005562540264885885
2018-05-29 09:00:00,0.005824177917334887
2018-05-29 09:30:00,0.006018290980980254
2018-05-29 10:00:00,0.006134980141669308
2018-05-29 10:30:00,0.006180680581298486
2018-05-29 11:00:00,0.006185080209254195
2018-05-29 11:30:00,0.0061435368896683345
2018-05-29 12:00:00,0.00605195249090871
2018-05-29 12:30:00,0.005926415824812987
2018-05-29 13:00:00,0.005755280612745247
2018-05-29 13:30:00,0.005567678508416758
2018-05-29 14:00:00,0.005403011955429204
2018-05-29 14:30:00,0.005243924344862797
2018-05-29 15:00:00,0.005104952135411223
2018-05-29 15:30:00,0.0049406617974012725
2018-05-29 16:00:00,0.004730003291115215
2018-05-29 16:30:00,0.004477980195087255
2018-05-29 17:00:00,0.004190984533880562
2018-05-29 17:30:00,0.003919977857969636
2018-05-29 18:00:00,0.0036247726232929676
2018-05-29 18:30:00,0.0033655848049335777
2018-05-29 19:00:00,0.0031757521319855384
2018-05-29 19:30:00,0.0031658516582316132
2018-05-29 20:00:00,0.0030785440201132478
2018-05-29 20:30:00,0.0029928732851948053
2018-05-29 21:00:00,0.002930148638863386
2018-05-29 21:30:00,0.002882210673007192
2018-05-29 22:00:00,0.00285417882544996
2018-05-29 22:30:00,0.00281688428482316
2018-05-29 23:00:00,0.0027892519955207526
2018-05-29 23:30:00,0.002757755561950269
2018-05-30 00:00:00,0.002717623224991476
2018-05-30 00:30:00,0.0027013927905496704
2018-05-30 01:00:00,0.002689016164799634
2018-05-30 01:30:00,0.0026905803156258377
2018-05-30 02:00:00,0.0026931615375781716
2018-05-30 02:30:00,0.0027140239739815515
2018-05-30 03:00:00,0.0027675914509566316
2018-05-30 03:30:00,0.0028605620269601868
2018-05-30 04:00:00,0.002973894545386598
2018-05-30 04:30:00,0.003090331417178852
2018-05-30 05:00:00,0.0032111371622851187
2018-05-30 05:30:00,0.0035796430099806504
2018-05-30 06:00:00,0.003896174874480531
2018-05-30 06:30:00,0.004290183731506735
2018-05-30 07:00:00,0.004672874829971272
2018-05-30 07:30:00,0.005075010525439546
2018-05-30 08:00:00,0.005445851053779385
2018-05-30 08:30:00,0.005790240321475401
2018-05-30 09:00:00,0.006063284315937645
2018-05-30 09:30:00,0.006249674233626292
2018-05-30 10:00:00,0.00635496597618994
2018-05-30 10:30:00,0.006399547854375391
2018-05-30 11:00:00,0.006403465995727495
2018-05-30 11:30:00,0.006344557042499119
2018-05-30 12:00:00,0.006248594846537645
2018-05-30 12:30:00,0.006147331911618762
2018-05-30 13:00:00,0.005975238667253461
2018-05-30 13:30:00,0.005740571423883607
2018-05-30 14:00:00,0.00553113412896012
2018-05-30 14:30:00,0.005357923634004672
2018-05-30 15:00:00,0.005211038255244651
2018-05-30 15:30:00,0.005056220094789921
2018-05-30 16:00:00,0.004874030051138293
2018-05-30 16:30:00,0.004649960000200398
2018-05-30 17:00:00,0.0043701109614622344
2018-05-30 17:30:00,0.004097999185565504
2018-05-30 18:00:00,0.0037962431113726415
2018-05-30 18:30:00,0.0034957403644550696
2018-05-30 19:00:00,0.003271205414253107
2018-05-30 19:30:00,0.0032492923287049595
2018-05-30 20:00:00,0.0031613175165315674
2018-05-30 20:30:00,0.0030770018512932392
2018-05-30 21:00:00,0.00300166916313738
2018-05-30 21:30:00,0.0029733330967145824
2018-05-30 22:00:00,0.0029498715905831967
2018-05-30 22:30:00,0.002915068629690802
2018-05-30 23:00:00,0.002890168562589712
2018-05-30 23:30:00,0.002853758646459965
2018-05-31 00:00:00,0.002814369109724305
2018-05-31 00:30:00,0.0027835784699720284
2018-05-31 01:00:00,0.0027695113472776057
2018-05-31 01:30:00,0.002770817663288015
2018-05-31 02:00:00,0.0027818395722800544
2018-05-31 02:30:00,0.002799685734594713
2018-05-31 03:00:00,0.0028632173625572632
2018-05-31 03:30:00,0.0029493534000793373
2018-05-31 04:00:00,0.003070152792587483
2018-05-31 04:30:00,0.0031919183850193447
2018-05-31 05:00:00,0.0033235704855727553
2018-05-31 05:30:00,0.0037060982819316288
2018-05-31 06:00:00,0.004015209051390202
2018-05-31 06:30:00,0.00441050279701252
2018-05-31 07:00:00,0.004806039000129785
2018-05-31 07:30:00,0.005229141546530869
2018-05-31 08:00:00,0.005591503675581842
2018-05-31 08:30:00,0.0059135742997988815
2018-05-31 09:00:00,0.006175093017494176
2018-05-31 09:30:00,0.006368789633040509
2018-05-31 10:00:00,0.006484545113058132
2018-05-31 10:30:00,0.006531447958342743
2018-05-31 11:00:00,0.006540872390577166
2018-05-31 11:30:00,0.0065141277508185364
2018-05-31 12:00:00,0.006437035392983197
2018-05-31 12:30:00,0.006307986647640653
2018-05-31 13:00:00,0.00611848143600051
2018-05-31 13:30:00,0.005899428425054738
2018-05-31 14:00:00,0.005709162010823891
2018-05-31 14:30:00,0.005536957142234466
2018-05-31 15:00:00,0.005394649970021773
2018-05-31 15:30:00,0.005246033962030825
2018-05-31 16:00:00,0.005039916202130162
2018-05-31 16:30:00,0.004795590236657094
2018-05-31 17:00:00,0.0045128629667957245
2018-05-31 17:30:00,0.0042198969221217695
2018-05-31 18:00:00,0.0038849787732146215
2018-05-31 18:30:00,0.0035882573851197725
2018-05-31 19:00:00,0.003354331681536916
2018-05-31 19:30:00,0.003312155018001894
2018-05-31 20:00:00,0.0032197352525893752
2018-05-31 20:30:00,0.003126588366779244
2018-05-31 21:00:00,0.0030529166309447645
2018-05-31 21:30:00,0.002981106256777144
2018-05-31 22:00:00,0.0029305133586634362
2018-05-31 22:30:00,0.002874462973754559
2018-05-31 23:00:00,0.002834020115749525
2018-05-31 23:30:00,0.0027947383210946922
2018-06-01 00:00:00,0.0027474354637982493
2018-06-01 00:30:00,0.002718537142024309
2018-06-01 01:00:00,0.002696300023554552
2018-06-01 01:30:00,0.002688423154806795
2018-06-01 02:00:00,0.0026875084815122813
2018-06-01 02:30:00,0.0027003990122833185
2018-06-01 03:00:00,0.0027539778836010607
2018-06-01 03:30:00,0.0028403339932723216
2018-06-01 04:00:00,0.002953896616919556
2018-06-01 04:30:00,0.0030539236185818126
2018-06-01 05:00:00,0.0031583132417948518
2018-06-01 05:30:00,0.0034941180318968693
2018-06-01 06:00:00,0.0038166687814464896
2018-06-01 06:30:00,0.00421465980998046
2018-06-01 07:00:00,0.0045923612451257275
2018-06-01 07:30:00,0.004976927620472055
2018-06-01 08:00:00,0.005324768416062962
2018-06-01 08:30:00,0.0056240882688764725
2018-06-01 09:00:00,0.005865249279214323
2018-06-01 09:30:00,0.006043110682673372
2018-06-01 10:00:00,0.006141351091740303
2018-06-01 10:30:00,0.006172176620364797
2018-06-01 11:00:00,0.006166621474977882
2018-06-01 11:30:00,0.006116320443455616
2018-06-01 12:00:00,0.006022410287939518
2018-06-01 12:30:00,0.005896519237620053
2018-06-01 13:00:00,0.0057171307401571725
2018-06-01 13:30:00,0.00552809632662221
2018-06-01 14:00:00,0.005370446520763826
2018-06-01 14:30:00,0.00522565991942107
2018-06-01 15:00:00,0.005090500630113042
2018-06-01 15:30:00,0.004912871852747087
2018-06-01 16:00:00,0.004698884282541024
2018-06-01 16:30:00,0.0044580059628195525
2018-06-01 17:00:00,0.004168614061267712
2018-06-01 17:30:00,0.003907522631422215
2018-06-01 18:00:00,0.0036205599432248157
2018-06-01 18:30:00,0.003343026426501708
2018-06-01 19:00:00,0.003118771293121736
2018-06-01 19:30:00,0.003109800012886601
2018-06-01 20:00:00,0.0030233747304802463
2018-06-01 20:30:00,0.0029557894390723474
2018-06-01 21:00:00,0.0028989919180400325
2018-06-01 21:30:00,0.002841673937718815
2018-06-01 22:00:00,0.0028025013976681733
2018-06-01 22:30:00,0.002761826720249173
2018-06-01 23:00:00,0.0027340513462367094
2018-06-01 23:30:00,0.002710891336428838
2018-06-02 00:00:00,0.0027676117691871295
2018-06-02 00:30:00,0.0027794910268382593
2018-06-02 01:00:00,0.0027639979979529284
2018-06-02 01:30:00,0.0027500204670589876
2018-06-02 02:00:00,0.002755753081853725
2018-06-02 02:30:00,0.0027564360869866086
2018-06-02 03:00:00,0.00277555276892544
2018-06-02 03:30:00,0.002799592613573052
2018-06-02 04:00:00,0.0027937438369841044
2018-06-02 04:30:00,0.002740286925466794
2018-06-02 05:00:00,0.0026592036234881888
2018-06-02 05:30:00,0.002724354256457543
2018-06-02 06:00:00,0.0027903666748211823
2018-06-02 06:30:00,0.0029329052631082786
2018-06-02 07:00:00,0.0030678922255879173
2018-06-02 07:30:00,0.0032200500087010307
2018-06-02 08:00:00,0.0033815863945906954
2018-06-02 08:30:00,0.0035691966665453395
2018-06-02 09:00:00,0.0037200518645390023
2018-06-02 09:30:00,0.003858916583996976
2018-06-02 10:00:00,0.0039407566014136464
2018-06-02 10:30:00,0.004025117289430719
2018-06-02 11:00:00,0.004075219777052985
2018-06-02 11:30:00,0.004107521730148683
2018-06-02 12:00:00,0.004142905449594683
2018-06-02 12:30:00,0.004177348480344341
2018-06-02 13:00:00,0.004221708874692134
2018-06-02 13:30:00,0.004272971165228466
2018-06-02 14:00:00,0.0043097872947158306
2018-06-02 14:30:00,0.0043194499997972315
2018-06-02 15:00:00,0.004305444739308319
2018-06-02 15:30:00,0.004256852355010785
2018-06-02 16:00:00,0.004195386128116642
2018-06-02 16:30:00,0.004118770265557813
2018-06-02 17:00:00,0.003996067664903123
2018-06-02 17:30:00,0.0038652932816567454
2018-06-02 18:00:00,0.0036947470966036573
2018-06-02 18:30:00,0.0035020367471243112
2018-06-02 19:00:00,0.003332958365159261
2018-06-02 19:30:00,0.003369820525774279
2018-06-02 20:00:00,0.0032533708983683374
2018-06-02 20:30:00,0.003165209592064397
2018-06-02 21:00:00,0.0030711080519255467
2018-06-02 21:30:00,0.0029787344184755717
2018-06-02 22:00:00,0.0029045564410717937
2018-06-02 22:30:00,0.0028347897380536125
2018-06-02 23:00:00,0.002786022909394981
2018-06-02 23:30:00,0.002752750370057817
2018-06-03 00:00:00,0.0026079109312322777
2018-06-03 00:30:00,0.0024637578755084644
2018-06-03 01:00:00,0.002417644567418876
2018-06-03 01:30:00,0.002394485868464584
2018-06-03 02:00:00,0.0023919628282442467
2018-06-03 02:30:00,0.002392515605115653
2018-06-03 03:00:00,0.0023937013730141025
2018-06-03 03:30:00,0.002401809960340935
2018-06-03 04:00:00,0.002441249359930099
2018-06-03 04:30:00,0.0024029265555042907
2018-06-03 05:00:00,0.0022479149433115462
2018-06-03 05:30:00,0.00220771232443386
2018-06-03 06:00:00,0.002168741000407823
2018-06-03 06:30:00,0.002183727182714511
2018-06-03 07:00:00,0.002271973795336075
2018-06-03 07:30:00,0.002394165465599044
2018-06-03 08:00:00,0.0024494314558923297
2018-06-03 08:30:00,0.002501010418403243
2018-06-03 09:00:00,0.0025296299317041004
2018-06-03 09:30:00,0.0025241240945787892
2018-06-03 10:00:00,0.002509845672370679
2018-06-03 10:30:00,0.0025213261784461103
2018-06-03 11:00:00,0.0025365540619860637
2018-06-03 11:30:00,0.002563989672833951
2018-06-03 12:00:00,0.0025844219980105916
2018-06-03 12:30:00,0.002614156745203779
2018-06-03 13:00:00,0.002660717608956216
2018-06-03 13:30:00,0.002714769496746736
2018-06-03 14:00:00,0.002755723990987727
2018-06-03 14:30:00,0.0027771460106176425
2018-06-03 15:00:00,0.002779972916781428
2018-06-03 15:30:00,0.002769626046965899
2018-06-03 16:00:00,0.0027303190940058094
2018-06-03 16:30:00,0.0026556434459984513
2018-06-03 17:00:00,0.002570855419714136
2018-06-03 17:30:00,0.002486483891946301
2018-06-03 18:00:00,0.002400573724579636
2018-06-03 18:30:00,0.002316529103527798
2018-06-03 19:00:00,0.002247842342190164
2018-06-03 19:30:00,0.002373697797793175
2018-06-03 20:00:00,0.0023722102310665388
2018-06-03 20:30:00,0.002379245683067953
2018-06-03 21:00:00,0.0023765331236703427
2018-06-03 21:30:00,0.002374814191286749
2018-06-03 22:00:00,0.0023764572454150106
2018-06-03 22:30:00,0.0023819376217303926
2018-06-03 23:00:00,0.002403299392513051
2018-06-03 23:30:00,0.0024168124274824877
2018-06-04 00:00:00,0.002536591421313107
2018-06-04 00:30:00,0.002638498187009796
2018-06-04 01:00:00,0.002661888201203599
2018-06-04 01:30:00,0.0026901174330595866
2018-06-04 02:00:00,0.0026932182572042508
2018-06-04 02:30:00,0.002723941186327351
2018-06-04 03:00:00,0.0027754476485517734
2018-06-04 03:30:00,0.002871137791977849
2018-06-04 04:00:00,0.002980655474397789
2018-06-04 04:30:00,0.003093877881123439
2018-06-04 05:00:00,0.0032126428288746546
2018-06-04 05:30:00,0.003595491381021186
2018-06-04 06:00:00,0.003890410900034752
2018-06-04 06:30:00,0.004267283472377583
2018-06-04 07:00:00,0.004613445266201657
2018-06-04 07:30:00,0.004963791254237229
2018-06-04 08:00:00,0.005269592067987604
2018-06-04 08:30:00,0.005542713856568106
2018-06-04 09:00:00,0.005761375527302655
2018-06-04 09:30:00,0.005918800118432421
2018-06-04 10:00:00,0.005990744955926932
2018-06-04 10:30:00,0.005970396979136452
2018-06-04 11:00:00,0.005910380052127885
2018-06-04 11:30:00,0.005822084433749389
2018-06-04 12:00:00,0.005699087445630986
2018-06-04 12:30:00,0.005562763362081796
2018-06-04 13:00:00,0.005373260368809252
2018-06-04 13:30:00,0.005150946508747105
2018-06-04 14:00:00,0.004962650509117525
2018-06-04 14:30:00,0.004813437911495114
2018-06-04 15:00:00,0.004680486200451532
2018-06-04 15:30:00,0.004539571255576217
2018-06-04 16:00:00,0.004360746778075068
2018-06-04 16:30:00,0.004139080126759568
2018-06-04 17:00:00,0.0038817644089829077
2018-06-04 17:30:00,0.0036384785554085183
2018-06-04 18:00:00,0.0033871324144199933
2018-06-04 18:30:00,0.0031614291911731367
2018-06-04 19:00:00,0.0029591527364377828
2018-06-04 19:30:00,0.0029934169365085934
2018-06-04 20:00:00,0.0029183757116046124
2018-06-04 20:30:00,0.0028646784097076175
2018-06-04 21:00:00,0.0028138358948217156
2018-06-04 21:30:00,0.0027675491507199385
2018-06-04 22:00:00,0.0027279984294113226
2018-06-04 22:30:00,0.00269362532765844
2018-06-04 23:00:00,0.00267498141010516
2018-06-04 23:30:00,0.002654947231494872
2018-06-05 00:00:00,0.0026298801818146044
2018-06-05 00:30:00,0.0026150681413643416
2018-06-05 01:00:00,0.0026033431106787016
2018-06-05 01:30:00,0.0026020601883629596
2018-06-05 02:00:00,0.0026054948264136414
2018-06-05 02:30:00,0.002630411279184487
2018-06-05 03:00:00,0.002678548746872144
2018-06-05 03:30:00,0.0027673035673433767
2018-06-05 04:00:00,0.0028754952709492
2018-06-05 04:30:00,0.002971683387483528
2018-06-05 05:00:00,0.0030674756766539916
2018-06-05 05:30:00,0.0033662386687830182
2018-06-05 06:00:00,0.0036436375709268977
2018-06-05 06:30:00,0.00401820551142288
2018-06-05 07:00:00,0.004376131611122562
2018-06-05 07:30:00,0.004725413387720554
2018-06-05 08:00:00,0.005047478365183709
2018-06-05 08:30:00,0.005343051596794379
2018-06-05 09:00:00,0.005571226232797481
2018-06-05 09:30:00,0.005724704146301045
2018-06-05 10:00:00,0.005809978045506715
2018-06-05 10:30:00,0.005835689178052015
2018-06-05 11:00:00,0.005828716697439909
2018-06-05 11:30:00,0.005774202985849493
2018-06-05 12:00:00,0.005674323556049932
2018-06-05 12:30:00,0.005550333092169849
2018-06-05 13:00:00,0.005380661397707289
2018-06-05 13:30:00,0.005202715040852736
2018-06-05 14:00:00,0.005052083444229439
2018-06-05 14:30:00,0.0049101272782716456
2018-06-05 15:00:00,0.004784499759939305
2018-06-05 15:30:00,0.004640907951217727
2018-06-05 16:00:00,0.004469778385903872
2018-06-05 16:30:00,0.004255678082289887
2018-06-05 17:00:00,0.003997895095629226
2018-06-05 17:30:00,0.003739511183436798
2018-06-05 18:00:00,0.003470891017304056
2018-06-05 18:30:00,0.003232455624482175
2018-06-05 19:00:00,0.0030252337729446176
2018-06-05 19:30:00,0.0030515960972147503
2018-06-05 20:00:00,0.002963145394774193
2018-06-05 20:30:00,0.0029068075800090694
2018-06-05 21:00:00,0.0028513450625135993
2018-06-05 21:30:00,0.0028063082677182703
2018-06-05 22:00:00,0.002769135938979129
2018-06-05 22:30:00,0.002736003257635514
2018-06-05 23:00:00,0.0027138742341687025
2018-06-05 23:30:00,0.0026963776664204737
2018-06-06 00:00:00,0.0026731121328993717
2018-06-06 00:30:00,0.002659987211424653
2018-06-06 01:00:00,0.0026537851597957618
2018-06-06 01:30:00,0.0026544005551343594
2018-06-06 02:00:00,0.002658947855787655
2018-06-06 02:30:00,0.002681061905273182
2018-06-06 03:00:00,0.0027379141796512055
2018-06-06 03:30:00,0.002829029141576677
2018-06-06 04:00:00,0.0029424637049125847
2018-06-06 04:30:00,0.0030404116423787294
2018-06-06 05:00:00,0.0031536548210918855
2018-06-06 05:30:00,0.003492628347637526
2018-06-06 06:00:00,0.003789369448953528
2018-06-06 06:30:00,0.004169233237914715
2018-06-06 07:00:00,0.004517890796121162
2018-06-06 07:30:00,0.004878864983317617
2018-06-06 08:00:00,0.005218927627518868
2018-06-06 08:30:00,0.005527247397676504
2018-06-06 09:00:00,0.00576855971076801
2018-06-06 09:30:00,0.005931321442250767
2018-06-06 10:00:00,0.006027775309139817
2018-06-06 10:30:00,0.006072402462191241
2018-06-06 11:00:00,0.006079040473470538
2018-06-06 11:30:00,0.006037173322632849
2018-06-06 12:00:00,0.00595424010374749
2018-06-06 12:30:00,0.005840355968050917
2018-06-06 13:00:00,0.005675152721357041
2018-06-06 13:30:00,0.005500531798366425
2018-06-06 14:00:00,0.005356421395801424
2018-06-06 14:30:00,0.005209876687719995
2018-06-06 15:00:00,0.005064480438627419
2018-06-06 15:30:00,0.004878527488938085
2018-06-06 16:00:00,0.004677031445840135
2018-06-06 16:30:00,0.00445704026707029
2018-06-06 17:00:00,0.004185501031683565
2018-06-06 17:30:00,0.003901428624378824
2018-06-06 18:00:00,0.0036225464914086125
2018-06-06 18:30:00,0.0033772009843545904
2018-06-06 19:00:00,0.0031549316428967343
2018-06-06 19:30:00,0.0031540916378388637
2018-06-06 20:00:00,0.0030521090443042876
2018-06-06 20:30:00,0.002989155250683509
2018-06-06 21:00:00,0.0029373240496932407
2018-06-06 21:30:00,0.0028861906765648053
2018-06-06 22:00:00,0.0028499294414815537
2018-06-06 22:30:00,0.0028131921144613557
2018-06-06 23:00:00,0.0027870531898918065
2018-06-06 23:30:00,0.002759585765635869
2018-06-07 00:00:00,0.002724220045217878
2018-06-07 00:30:00,0.0027157872737171
2018-06-07 01:00:00,0.002713099519702629
2018-06-07 01:30:00,0.0027149321938430533
2018-06-07 02:00:00,0.002722350566342309
2018-06-07 02:30:00,0.0027517461553802653
2018-06-07 03:00:00,0.0028221698481295026
2018-06-07 03:30:00,0.002918996955366877
2018-06-07 04:00:00,0.003042971840256329
2018-06-07 04:30:00,0.0031395966222852985
2018-06-07 05:00:00,0.0032844144320267597
2018-06-07 05:30:00,0.0036699226052532277
2018-06-07 06:00:00,0.003970900687846066
2018-06-07 06:30:00,0.004375424254363549
2018-06-07 07:00:00,0.004756345397989742
2018-06-07 07:30:00,0.005158028294380845
2018-06-07 08:00:00,0.005502296408955555
2018-06-07 08:30:00,0.005813421657862679
2018-06-07 09:00:00,0.006054521360586918
2018-06-07 09:30:00,0.00619426944410581
2018-06-07 10:00:00,0.006284594616749032
2018-06-07 10:30:00,0.0063389545047135235
2018-06-07 11:00:00,0.006346539305200056
2018-06-07 11:30:00,0.006307280097560765
2018-06-07 12:00:00,0.006221335192574215
2018-06-07 12:30:00,0.0060989255172773215
2018-06-07 13:00:00,0.0059204898591151255
2018-06-07 13:30:00,0.005736760016263423
2018-06-07 14:00:00,0.005586322375552594
2018-06-07 14:30:00,0.005444862317257574
2018-06-07 15:00:00,0.005314458502234914
2018-06-07 15:30:00,0.005150510448261808
2018-06-07 16:00:00,0.004947214300693164
2018-06-07 16:30:00,0.004702998043581295
2018-06-07 17:00:00,0.004390333449231105
2018-06-07 17:30:00,0.0040794345746538434
2018-06-07 18:00:00,0.003774197327108192
2018-06-07 18:30:00,0.003501930719236627
2018-06-07 19:00:00,0.0032428152499113915
2018-06-07 19:30:00,0.0032398826687820396
2018-06-07 20:00:00,0.0031367123410686436
2018-06-07 20:30:00,0.003063904558578602
2018-06-07 21:00:00,0.0029988147794658493
2018-06-07 21:30:00,0.0029410111783105047
2018-06-07 22:00:00,0.0028964224937699234
2018-06-07 22:30:00,0.002856227084586931
2018-06-07 23:00:00,0.002825523616597757
2018-06-07 23:30:00,0.0028037936976287605
2018-06-08 00:00:00,0.0027678959723268703
2018-06-08 00:30:00,0.0027588618719547623
2018-06-08 01:00:00,0.0027511777995182294
2018-06-08 01:30:00,0.002746751954490911
2018-06-08 02:00:00,0.002751700124252612
2018-06-08 02:30:00,0.002777212914567693
2018-06-08 03:00:00,0.0028438037722824496
2018-06-08 03:30:00,0.0029344779849002018
2018-06-08 04:00:00,0.003052489998521758
2018-06-08 04:30:00,0.003154302685265323
2018-06-08 05:00:00,0.0033097503579433644
2018-06-08 05:30:00,0.003710413006909277
2018-06-08 06:00:00,0.004027445415807126
2018-06-08 06:30:00,0.004447606457191021
2018-06-08 07:00:00,0.004835063819274242
2018-06-08 07:30:00,0.005234349618223626
2018-06-08 08:00:00,0.0055730517980781035
2018-06-08 08:30:00,0.005879281664288864
2018-06-08 09:00:00,0.006132405978159332
2018-06-08 09:30:00,0.0063069417965021055
2018-06-08 10:00:00,0.006409164881251257
2018-06-08 10:30:00,0.006450325330756722
2018-06-08 11:00:00,0.006439041755223036
2018-06-08 11:30:00,0.006360214230586685
2018-06-08 12:00:00,0.006240313982799868
2018-06-08 12:30:00,0.006089741021665575
2018-06-08 13:00:00,0.005886541121000207
2018-06-08 13:30:00,0.005662710149588416
2018-06-08 14:00:00,0.00547304461047189
2018-06-08 14:30:00,0.005305079143196682
2018-06-08 15:00:00,0.005155642238359669
2018-06-08 15:30:00,0.004973601934520891
2018-06-08 16:00:00,0.004765251790972643
2018-06-08 16:30:00,0.004534621472456264
2018-06-08 17:00:00,0.004240924475658847
2018-06-08 17:30:00,0.003943322798967249
2018-06-08 18:00:00,0.0036596383539048895
2018-06-08 18:30:00,0.0033959887428796076
2018-06-08 19:00:00,0.0031566222910934566
2018-06-08 19:30:00,0.003163703925474861
2018-06-08 20:00:00,0.0030739951565191444
2018-06-08 20:30:00,0.003008808172571654
2018-06-08 21:00:00,0.0029519423359008175
2018-06-08 21:30:00,0.0029010606970772826
2018-06-08 22:00:00,0.002861838596677808
2018-06-08 22:30:00,0.002823754065098978
2018-06-08 23:00:00,0.0027966355799826795
2018-06-08 23:30:00,0.002778203919874548
2018-06-09 00:00:00,0.002853257648304989
2018-06-09 00:30:00,0.0028734206434882833
2018-06-09 01:00:00,0.0028549006520158047
2018-06-09 01:30:00,0.0028439982323693715
2018-06-09 02:00:00,0.0028479274151420185
2018-06-09 02:30:00,0.002846610511468074
2018-06-09 03:00:00,0.0028663751079977882
2018-06-09 03:30:00,0.002901323422385281
2018-06-09 04:00:00,0.002894156179181582
2018-06-09 04:30:00,0.002830291191070022
2018-06-09 05:00:00,0.002775793360974906
2018-06-09 05:30:00,0.0028615978533760057
2018-06-09 06:00:00,0.00293740698639093
2018-06-09 06:30:00,0.0031006801020224163
2018-06-09 07:00:00,0.003262008364697455
2018-06-09 07:30:00,0.0034444862415448927
2018-06-09 08:00:00,0.0036317834211635792
2018-06-09 08:30:00,0.0038431309322585223
2018-06-09 09:00:00,0.004033914629479211
2018-06-09 09:30:00,0.004195820978583249
2018-06-09 10:00:00,0.00428483907895438
2018-06-09 10:30:00,0.004384488252280781
2018-06-09 11:00:00,0.004457508040128746
2018-06-09 11:30:00,0.004520592767855238
2018-06-09 12:00:00,0.004573632122089714
2018-06-09 12:30:00,0.004611484077992898
2018-06-09 13:00:00,0.004650087102580261
2018-06-09 13:30:00,0.004692268253267923
2018-06-09 14:00:00,0.00472506197812609
2018-06-09 14:30:00,0.004742722805911444
2018-06-09 15:00:00,0.004736917136238316
2018-06-09 15:30:00,0.004705508076100718
2018-06-09 16:00:00,0.004657440688662172
2018-06-09 16:30:00,0.004576898315455304
2018-06-09 17:00:00,0.004437998152533211
2018-06-09 17:30:00,0.004269567382654371
2018-06-09 18:00:00,0.004075152520180817
2018-06-09 18:30:00,0.0038653006426037748
2018-06-09 19:00:00,0.003655769772901618
2018-06-09 19:30:00,0.0036689870087188714
2018-06-09 20:00:00,0.0035332011818168113
2018-06-09 20:30:00,0.003425292168827366
2018-06-09 21:00:00,0.0033130835056764487
2018-06-09 21:30:00,0.0032017912300131885
2018-06-09 22:00:00,0.003109768804487896
2018-06-09 22:30:00,0.003027653608654213
2018-06-09 23:00:00,0.002965285413661798
2018-06-09 23:30:00,0.00291254125357016
2018-06-10 00:00:00,0.002741227261241019
2018-06-10 00:30:00,0.0025734790931555
2018-06-10 01:00:00,0.002521715501959518
2018-06-10 01:30:00,0.002487636787670348
2018-06-10 02:00:00,0.002487518054586422
2018-06-10 02:30:00,0.0024834415016208606
2018-06-10 03:00:00,0.0024848493079488677
2018-06-10 03:30:00,0.0024929462488458114
2018-06-10 04:00:00,0.002529321780277793
2018-06-10 04:30:00,0.0024674810525991916
2018-06-10 05:00:00,0.0023435136799091045
2018-06-10 05:30:00,0.0023171354741436685
2018-06-10 06:00:00,0.002309464560660386
2018-06-10 06:30:00,0.002361236773239532
2018-06-10 07:00:00,0.0024843731655944754
2018-06-10 07:30:00,0.002634485916287124
2018-06-10 08:00:00,0.0026928977030863735
2018-06-10 08:30:00,0.0027445573839273785
2018-06-10 09:00:00,0.0027761616604135807
2018-06-10 09:30:00,0.002778005174304767
2018-06-10 10:00:00,0.0027752245513558618
2018-06-10 10:30:00,0.002792822861508915
2018-06-10 11:00:00,0.002819314405691618
2018-06-10 11:30:00,0.002865548161058277
2018-06-10 12:00:00,0.002892156018287526
2018-06-10 12:30:00,0.0029129819020429883
2018-06-10 13:00:00,0.002946501688532413
2018-06-10 13:30:00,0.0029909012572352845
2018-06-10 14:00:00,0.003043485241102876
2018-06-10 14:30:00,0.003075376392853424
2018-06-10 15:00:00,0.0030669814848541437
2018-06-10 15:30:00,0.0030333708965455475
2018-06-10 16:00:00,0.002980783232204442
2018-06-10 16:30:00,0.0029090454591582035
2018-06-10 17:00:00,0.0028380583010391347
2018-06-10 17:30:00,0.002741836757738504
2018-06-10 18:00:00,0.0026281524767955105
2018-06-10 18:30:00,0.0025262498957467905
2018-06-10 19:00:00,0.002430614909005987
2018-06-10 19:30:00,0.002531853391463849
2018-06-10 20:00:00,0.0025224163548680746
2018-06-10 20:30:00,0.0025179046993486793
2018-06-10 21:00:00,0.0025031468072347794
2018-06-10 21:30:00,0.0024863456473110043
2018-06-10 22:00:00,0.002476386235563402
2018-06-10 22:30:00,0.0024698299005456595
2018-06-10 23:00:00,0.0024812481410760173
2018-06-10 23:30:00,0.002487775486062653
2018-06-11 00:00:00,0.0025991753525544045
2018-06-11 00:30:00,0.002700712155036721
2018-06-11 01:00:00,0.0027237195008199106
2018-06-11 01:30:00,0.002757895016604256
2018-06-11 02:00:00,0.002760615592375685
2018-06-11 02:30:00,0.0027886816733783456
2018-06-11 03:00:00,0.002856168802020044
2018-06-11 03:30:00,0.0029548842442575687
2018-06-11 04:00:00,0.0030796861769214236
2018-06-11 04:30:00,0.0031742345668788865
2018-06-11 05:00:00,0.003339422890008923
2018-06-11 05:30:00,0.0037466271520985215
2018-06-11 06:00:00,0.0040510480403681964
2018-06-11 06:30:00,0.00444121256718237
2018-06-11 07:00:00,0.004795687996083731
2018-06-11 07:30:00,0.005153335035223105
2018-06-11 08:00:00,0.005466411640937134
2018-06-11 08:30:00,0.005738919395450064
2018-06-11 09:00:00,0.005949542307019665
2018-06-11 09:30:00,0.0061154617335255
2018-06-11 10:00:00,0.006218024833526454
2018-06-11 10:30:00,0.006249244172816999
2018-06-11 11:00:00,0.0062338391727913426
2018-06-11 11:30:00,0.00617539890013544
2018-06-11 12:00:00,0.0060734586572550025
2018-06-11 12:30:00,0.005926242187131017
2018-06-11 13:00:00,0.005723508547000742
2018-06-11 13:30:00,0.005515442304087562
2018-06-11 14:00:00,0.005338183540353425
2018-06-11 14:30:00,0.005163421146011007
2018-06-11 15:00:00,0.005002494811210727
2018-06-11 15:30:00,0.004831572058257918
2018-06-11 16:00:00,0.004633462454132844
2018-06-11 16:30:00,0.004399894058985564
2018-06-11 17:00:00,0.004124360047729722
2018-06-11 17:30:00,0.0038441034847803597
2018-06-11 18:00:00,0.0035841135248645965
2018-06-11 18:30:00,0.0033494232911396387
2018-06-11 19:00:00,0.0031309438794702247
2018-06-11 19:30:00,0.0031378541953721467
2018-06-11 20:00:00,0.0030518096655134806
2018-06-11 20:30:00,0.002988115491706948
2018-06-11 21:00:00,0.002930797612220622
2018-06-11 21:30:00,0.0028867457726387004
2018-06-11 22:00:00,0.0028470120864207142
2018-06-11 22:30:00,0.0028003206414846816
2018-06-11 23:00:00,0.002777365981931939
2018-06-11 23:30:00,0.0027590646005027303
2018-06-12 00:00:00,0.002733343888642805
2018-06-12 00:30:00,0.0027177208835832234
2018-06-12 01:00:00,0.0027106368291644396
2018-06-12 01:30:00,0.0027063657656945105
2018-06-12 02:00:00,0.002711756953548974
2018-06-12 02:30:00,0.0027346116857249266
2018-06-12 03:00:00,0.002797017643383949
2018-06-12 03:30:00,0.0028990854424012563
2018-06-12 04:00:00,0.0030233929815954826
2018-06-12 04:30:00,0.00311353029883713
2018-06-12 05:00:00,0.0032736022596075993
2018-06-12 05:30:00,0.0036353042226284563
2018-06-12 06:00:00,0.003947160373241597
2018-06-12 06:30:00,0.004361913992353609
2018-06-12 07:00:00,0.004726657639855672
2018-06-12 07:30:00,0.0051179986577583395
2018-06-12 08:00:00,0.005470638337055107
2018-06-12 08:30:00,0.00577321107302862
2018-06-12 09:00:00,0.006014534629210451
2018-06-12 09:30:00,0.006190347823949974
2018-06-12 10:00:00,0.006289561642635314
2018-06-12 10:30:00,0.006318527221281422
2018-06-12 11:00:00,0.006307376949473385
2018-06-12 11:30:00,0.006268162260438385
2018-06-12 12:00:00,0.006181207090680838
2018-06-12 12:30:00,0.0060482042563476165
2018-06-12 13:00:00,0.005863304980849775
2018-06-12 13:30:00,0.005666247235888158
2018-06-12 14:00:00,0.005504786577001489
2018-06-12 14:30:00,0.005355681872712242
2018-06-12 15:00:00,0.005222677172933542
2018-06-12 15:30:00,0.005066307818936075
2018-06-12 16:00:00,0.004878761677971985
2018-06-12 16:30:00,0.004661574364593376
2018-06-12 17:00:00,0.00437983351205133
2018-06-12 17:30:00,0.004064757199200254
2018-06-12 18:00:00,0.0037581911494635424
2018-06-12 18:30:00,0.0034686106362484467
2018-06-12 19:00:00,0.0032157254019040825
2018-06-12 19:30:00,0.003205849481446069
2018-06-12 20:00:00,0.003107695538298005
2018-06-12 20:30:00,0.003029140519954059
2018-06-12 21:00:00,0.0029664524262705575
2018-06-12 21:30:00,0.002910491683579608
2018-06-12 22:00:00,0.0028695229212015684
2018-06-12 22:30:00,0.0028286424901878757
2018-06-12 23:00:00,0.0028066970870572238
2018-06-12 23:30:00,0.0027822285428713445
2018-06-13 00:00:00,0.0027521298321397875
2018-06-13 00:30:00,0.0027352266273065157
2018-06-13 01:00:00,0.0027269314954316893
2018-06-13 01:30:00,0.00272439201912415
2018-06-13 02:00:00,0.0027263102516694253
2018-06-13 02:30:00,0.0027503930015630755
2018-06-13 03:00:00,0.0028195023619280836
2018-06-13 03:30:00,0.0029181080958044095
2018-06-13 04:00:00,0.0030416576087069908
2018-06-13 04:30:00,0.003130533178959966
2018-06-13 05:00:00,0.0032929614998762676
2018-06-13 05:30:00,0.0036533999008804166
2018-06-13 06:00:00,0.003975792087564242
2018-06-13 06:30:00,0.004394931066494914
2018-06-13 07:00:00,0.004790024352354307
2018-06-13 07:30:00,0.0051826807109901125
2018-06-13 08:00:00,0.005534254615908491
2018-06-13 08:30:00,0.005845685243282425
2018-06-13 09:00:00,0.006097632309802717
2018-06-13 09:30:00,0.00626986823553851
2018-06-13 10:00:00,0.006362761773685487
2018-06-13 10:30:00,0.006395453756138829
2018-06-13 11:00:00,0.006392260819321413
2018-06-13 11:30:00,0.006335589140232826
2018-06-13 12:00:00,0.006237630010093802
2018-06-13 12:30:00,0.006117685142867805
2018-06-13 13:00:00,0.005941017725350807
2018-06-13 13:30:00,0.005731535861405582
2018-06-13 14:00:00,0.005567136772965896
2018-06-13 14:30:00,0.005440046543707503
2018-06-13 15:00:00,0.005291854445597509
2018-06-13 15:30:00,0.005069673435503999
2018-06-13 16:00:00,0.0048472917135603385
2018-06-13 16:30:00,0.004600081718957842
2018-06-13 17:00:00,0.004303084950776198
2018-06-13 17:30:00,0.00401811919675635
2018-06-13 18:00:00,0.0037282622951055507
2018-06-13 18:30:00,0.0034608527526718423
2018-06-13 19:00:00,0.003221237389957733
2018-06-13 19:30:00,0.003209396348730219
2018-06-13 20:00:00,0.003113265002239416
2018-06-13 20:30:00,0.0030380195866815504
2018-06-13 21:00:00,0.0029740090938225553
2018-06-13 21:30:00,0.002918683308439021
2018-06-13 22:00:00,0.00287950350827624
2018-06-13 22:30:00,0.00284132978823649
2018-06-13 23:00:00,0.002821398461214826
2018-06-13 23:30:00,0.0028006641355402167
2018-06-14 00:00:00,0.0027680347715540667
2018-06-14 00:30:00,0.002755588065554919
2018-06-14 01:00:00,0.002748023986638446
2018-06-14 01:30:00,0.002748437208020975
2018-06-14 02:00:00,0.002753267804299995
2018-06-14 02:30:00,0.0027791929084835876
2018-06-14 03:00:00,0.0028432672298284636
2018-06-14 03:30:00,0.002948883055731166
2018-06-14 04:00:00,0.0030816342565943775
2018-06-14 04:30:00,0.0031652601103446913
2018-06-14 05:00:00,0.0033272927551494655
2018-06-14 05:30:00,0.0037073190899546337
2018-06-14 06:00:00,0.004026081674326401
2018-06-14 06:30:00,0.004427759176050846
2018-06-14 07:00:00,0.004811338226563832
2018-06-14 07:30:00,0.005201205542537349
2018-06-14 08:00:00,0.005549511439062106
2018-06-14 08:30:00,0.005853878531917536
2018-06-14 09:00:00,0.006104930537529574
2018-06-14 09:30:00,0.006285301065994029
2018-06-14 10:00:00,0.0063895363109892425
2018-06-14 10:30:00,0.006434268836501561
2018-06-14 11:00:00,0.006440998910036164
2018-06-14 11:30:00,0.006408106770324569
2018-06-14 12:00:00,0.006324925447190379
2018-06-14 12:30:00,0.006202246946074593
2018-06-14 13:00:00,0.006025846035173999
2018-06-14 13:30:00,0.005829262567121294
2018-06-14 14:00:00,0.005657356119391215
2018-06-14 14:30:00,0.005459684542031808
2018-06-14 15:00:00,0.005291957398021022
2018-06-14 15:30:00,0.005108558848203068
2018-06-14 16:00:00,0.004891923454599294
2018-06-14 16:30:00,0.0046438008034001
2018-06-14 17:00:00,0.004343245571921862
2018-06-14 17:30:00,0.0040418627380773234
2018-06-14 18:00:00,0.0037528394384688294
2018-06-14 18:30:00,0.003477534624919792
2018-06-14 19:00:00,0.003232064385105842
2018-06-14 19:30:00,0.003224098227062275
2018-06-14 20:00:00,0.0031383293797950765
2018-06-14 20:30:00,0.003066224063571845
2018-06-14 21:00:00,0.003010423245017716
2018-06-14 21:30:00,0.002962568720033665
2018-06-14 22:00:00,0.002921375095849124
2018-06-14 22:30:00,0.0028880077212971545
2018-06-14 23:00:00,0.0028622750100852226
2018-06-14 23:30:00,0.002831571642930939
2018-06-15 00:00:00,0.002791773976974737
2018-06-15 00:30:00,0.0027718138111743015
2018-06-15 01:00:00,0.002763648605056281
2018-06-15 01:30:00,0.0027622126153762925
2018-06-15 02:00:00,0.002765549846922455
2018-06-15 02:30:00,0.0027853758519006703
2018-06-15 03:00:00,0.002849266653744277
2018-06-15 03:30:00,0.002954312107087128
2018-06-15 04:00:00,0.0030846813861596864
2018-06-15 04:30:00,0.0031744819652834828
2018-06-15 05:00:00,0.003352871239395907
2018-06-15 05:30:00,0.003733702287047165
2018-06-15 06:00:00,0.004059972734883779
2018-06-15 06:30:00,0.00447091524888028
2018-06-15 07:00:00,0.004861821718821014
2018-06-15 07:30:00,0.005264279128008407
2018-06-15 08:00:00,0.005618428759377571
2018-06-15 08:30:00,0.00593479575883098
2018-06-15 09:00:00,0.006193121690961196
2018-06-15 09:30:00,0.006377147736304644
2018-06-15 10:00:00,0.006480143115482489
2018-06-15 10:30:00,0.006513667691629227
2018-06-15 11:00:00,0.006507057611614684
2018-06-15 11:30:00,0.006452655826753063
2018-06-15 12:00:00,0.006350408944969682
2018-06-15 12:30:00,0.006231569177729487
2018-06-15 13:00:00,0.00606766831448528
2018-06-15 13:30:00,0.005891856128094664
2018-06-15 14:00:00,0.005749261173103607
2018-06-15 14:30:00,0.005602542524835536
2018-06-15 15:00:00,0.005467622264636167
2018-06-15 15:30:00,0.005300284696226017
2018-06-15 16:00:00,0.005093317805709865
2018-06-15 16:30:00,0.004855994520898698
2018-06-15 17:00:00,0.0045286801294375555
2018-06-15 17:30:00,0.004184662337479274
2018-06-15 18:00:00,0.0038614863611892026
2018-06-15 18:30:00,0.003574059580406863
2018-06-15 19:00:00,0.003309671555476198
2018-06-15 19:30:00,0.003287534112296005
2018-06-15 20:00:00,0.003191505768646161
2018-06-15 20:30:00,0.0031141753396336253
2018-06-15 21:00:00,0.003047456976199442
2018-06-15 21:30:00,0.002986023419809922
2018-06-15 22:00:00,0.0029444660841742385
2018-06-15 22:30:00,0.0028976283278116435
2018-06-15 23:00:00,0.0028707407545952948
2018-06-15 23:30:00,0.0028419514353383176
2018-06-16 00:00:00,0.002914845885417009
2018-06-16 00:30:00,0.002933486929175901
2018-06-16 01:00:00,0.002917108065774827
2018-06-16 01:30:00,0.0028932017769400897
2018-06-16 02:00:00,0.0028907847141899905
2018-06-16 02:30:00,0.002883268783933879
2018-06-16 03:00:00,0.002896164053944784
2018-06-16 03:30:00,0.0029147411179654597
2018-06-16 04:00:00,0.0029076104778271235
2018-06-16 04:30:00,0.0028265461328079895
2018-06-16 05:00:00,0.002789259558137563
2018-06-16 05:30:00,0.002868012868294282
2018-06-16 06:00:00,0.002954094807897438
2018-06-16 06:30:00,0.0031447287653052778
2018-06-16 07:00:00,0.0033336276063295495
2018-06-16 07:30:00,0.0035456588788190576
2018-06-16 08:00:00,0.0037415420989725494
2018-06-16 08:30:00,0.003972329770336034
2018-06-16 09:00:00,0.004183975803125212
2018-06-16 09:30:00,0.004373685760011139
2018-06-16 10:00:00,0.004465979834732266
2018-06-16 10:30:00,0.004522610574855185
2018-06-16 11:00:00,0.004550684470561884
2018-06-16 11:30:00,0.004583435441426347
2018-06-16 12:00:00,0.0046171134882768946
2018-06-16 12:30:00,0.004636018416945029
2018-06-16 13:00:00,0.004658497740822507
2018-06-16 13:30:00,0.004683951946066028
2018-06-16 14:00:00,0.004726885476291451
2018-06-16 14:30:00,0.0047772419165862156
2018-06-16 15:00:00,0.004790277195843006
2018-06-16 15:30:00,0.004753935393681999
2018-06-16 16:00:00,0.004701913261825988
2018-06-16 16:30:00,0.00462643456474824
2018-06-16 17:00:00,0.004503691277215109
2018-06-16 17:30:00,0.004349105944523253
2018-06-16 18:00:00,0.004145209526849633
2018-06-16 18:30:00,0.003927239633883467
2018-06-16 19:00:00,0.003705860967016113
2018-06-16 19:30:00,0.0036825419405854378
2018-06-16 20:00:00,0.0035178572373175394
2018-06-16 20:30:00,0.003407468543110804
2018-06-16 21:00:00,0.0032890894400692634
2018-06-16 21:30:00,0.003169882986748648
2018-06-16 22:00:00,0.0030690003002029993
2018-06-16 22:30:00,0.0029910008316899562
2018-06-16 23:00:00,0.0029323218324300666
2018-06-16 23:30:00,0.002882389907025602
2018-06-17 00:00:00,0.0027188729222106978
2018-06-17 00:30:00,0.0025566430443595047
2018-06-17 01:00:00,0.002503932663956287
2018-06-17 01:30:00,0.00246538398937507
2018-06-17 02:00:00,0.002465334781948356
2018-06-17 02:30:00,0.0024667542347062517
2018-06-17 03:00:00,0.0024659737222339573
2018-06-17 03:30:00,0.002468819484522324
2018-06-17 04:00:00,0.002505027781287901
2018-06-17 04:30:00,0.0024365575124608305
2018-06-17 05:00:00,0.00231623269936627
2018-06-17 05:30:00,0.002285839903675674
2018-06-17 06:00:00,0.0022839174360649852
2018-06-17 06:30:00,0.002348672947514711
2018-06-17 07:00:00,0.0024804671748467145
2018-06-17 07:30:00,0.0026491500319525724
2018-06-17 08:00:00,0.002755307341218911
2018-06-17 08:30:00,0.002835214757118366
2018-06-17 09:00:00,0.002890297832919727
2018-06-17 09:30:00,0.0029180422506207126
2018-06-17 10:00:00,0.002936917332161169
2018-06-17 10:30:00,0.0029717234189351785
2018-06-17 11:00:00,0.0029971892706085884
2018-06-17 11:30:00,0.0030295958399034996
2018-06-17 12:00:00,0.0030680885007028738
2018-06-17 12:30:00,0.003115002790747591
2018-06-17 13:00:00,0.0031686517927318894
2018-06-17 13:30:00,0.0032215995888855136
2018-06-17 14:00:00,0.003262427031164087
2018-06-17 14:30:00,0.003288778666935795
2018-06-17 15:00:00,0.003286081636111369
2018-06-17 15:30:00,0.003254891034764705
2018-06-17 16:00:00,0.0032015298155587705
2018-06-17 16:30:00,0.0031240905856990534
2018-06-17 17:00:00,0.003041792576208337
2018-06-17 17:30:00,0.0029405536904109114
2018-06-17 18:00:00,0.002827144285380259
2018-06-17 18:30:00,0.0027171628128800497
2018-06-17 19:00:00,0.0025901233539891784
2018-06-17 19:30:00,0.002649124268637971
2018-06-17 20:00:00,0.0026157448443165504
2018-06-17 20:30:00,0.0026035578385786764
2018-06-17 21:00:00,0.00258924679628339
2018-06-17 21:30:00,0.002570715662555477
2018-06-17 22:00:00,0.0025617954047750906
2018-06-17 22:30:00,0.002559415298012473
2018-06-17 23:00:00,0.0025700187926251073
2018-06-17 23:30:00,0.002573724979036733
2018-06-18 00:00:00,0.002691499526490439
2018-06-18 00:30:00,0.0027846874521011283
2018-06-18 01:00:00,0.002804519708842574
2018-06-18 01:30:00,0.00283542071238284
2018-06-18 02:00:00,0.002836807948393123
2018-06-18 02:30:00,0.0028653825397501253
2018-06-18 03:00:00,0.002938427939660355
2018-06-18 03:30:00,0.003053588241734987
2018-06-18 04:00:00,0.003185429508543552
2018-06-18 04:30:00,0.003285317257221604
2018-06-18 05:00:00,0.0034659620061716083
2018-06-18 05:30:00,0.003892115715533633
2018-06-18 06:00:00,0.004224090292308332
2018-06-18 06:30:00,0.004642780303887683
2018-06-18 07:00:00,0.0050235904787165435
2018-06-18 07:30:00,0.0054320802848290455
2018-06-18 08:00:00,0.005777891475737781
2018-06-18 08:30:00,0.006109346752824822
2018-06-18 09:00:00,0.006395715876437483
2018-06-18 09:30:00,0.006602271461434031
2018-06-18 10:00:00,0.0067201571793548505
2018-06-18 10:30:00,0.006767076208639436
2018-06-18 11:00:00,0.006766332349649951
2018-06-18 11:30:00,0.006694828412715494
2018-06-18 12:00:00,0.0065776298845755254
2018-06-18 12:30:00,0.0064370906000859145
2018-06-18 13:00:00,0.006254321108734261
2018-06-18 13:30:00,0.0060805688279105055
2018-06-18 14:00:00,0.005930497167435862
2018-06-18 14:30:00,0.005760937702206769
2018-06-18 15:00:00,0.005599853107045367
2018-06-18 15:30:00,0.0054231131892418785
2018-06-18 16:00:00,0.005173169863254267
2018-06-18 16:30:00,0.004846480143941675
2018-06-18 17:00:00,0.004487424794299841
2018-06-18 17:30:00,0.004175062250865065
2018-06-18 18:00:00,0.0038767389492774034
2018-06-18 18:30:00,0.003601464940787508
2018-06-18 19:00:00,0.0033436464602452825
2018-06-18 19:30:00,0.0032978465469963233
2018-06-18 20:00:00,0.003203794063031851
2018-06-18 20:30:00,0.0031291315739777428
2018-06-18 21:00:00,0.0030639527576564072
2018-06-18 21:30:00,0.003008844624384681
2018-06-18 22:00:00,0.0029594893737207436
2018-06-18 22:30:00,0.0029191016219835353
2018-06-18 23:00:00,0.0028957130194782023
2018-06-18 23:30:00,0.0028665393680349133
2018-06-19 00:00:00,0.00282593240124509
2018-06-19 00:30:00,0.002806897143480586
2018-06-19 01:00:00,0.0027934627093085334
2018-06-19 01:30:00,0.002796300656892863
2018-06-19 02:00:00,0.002798824302122545
2018-06-19 02:30:00,0.002828694067234523
2018-06-19 03:00:00,0.0028994590860891437
2018-06-19 03:30:00,0.003003032602113432
2018-06-19 04:00:00,0.0031334042003884795
2018-06-19 04:30:00,0.003236593081721784
2018-06-19 05:00:00,0.003400247252405632
2018-06-19 05:30:00,0.003832585064785984
2018-06-19 06:00:00,0.0041499842605991445
2018-06-19 06:30:00,0.00456770817308967
2018-06-19 07:00:00,0.004939845135620622
2018-06-19 07:30:00,0.005328662508293608
2018-06-19 08:00:00,0.005676246981592083
2018-06-19 08:30:00,0.005998462253459987
2018-06-19 09:00:00,0.006267451374458194
2018-06-19 09:30:00,0.0064528339011702286
2018-06-19 10:00:00,0.006559491452329863
2018-06-19 10:30:00,0.006617543863578275
2018-06-19 11:00:00,0.006629277263559852
2018-06-19 11:30:00,0.006571458688423222
2018-06-19 12:00:00,0.006458775092936601
2018-06-19 12:30:00,0.006323250831741296
2018-06-19 13:00:00,0.006136251921729617
2018-06-19 13:30:00,0.005902178847953846
2018-06-19 14:00:00,0.005696081305448791
2018-06-19 14:30:00,0.005505419416776197
2018-06-19 15:00:00,0.0053172322684112445
2018-06-19 15:30:00,0.005078958110579764
2018-06-19 16:00:00,0.004822624373387232
2018-06-19 16:30:00,0.004556486812683613
2018-06-19 17:00:00,0.004252977471826838
2018-06-19 17:30:00,0.0039658599516546045
2018-06-19 18:00:00,0.00369811316692859
2018-06-19 18:30:00,0.0034454463409577148
2018-06-19 19:00:00,0.0032083560351617597
2018-06-19 19:30:00,0.003176553971037239
2018-06-19 20:00:00,0.0031093783717906897
2018-06-19 20:30:00,0.0030421197350115614
2018-06-19 21:00:00,0.0029833119695961106
2018-06-19 21:30:00,0.002928910033482153
2018-06-19 22:00:00,0.0028873112547063476
2018-06-19 22:30:00,0.002845163077027979
2018-06-19 23:00:00,0.002816288955627833
2018-06-19 23:30:00,0.002792235901609525
2018-06-20 00:00:00,0.0027555812591997892
2018-06-20 00:30:00,0.002736860354207377
2018-06-20 01:00:00,0.002729060775403424
2018-06-20 01:30:00,0.0027266002528153867
2018-06-20 02:00:00,0.0027311374699796028
2018-06-20 02:30:00,0.0027516720417355223
2018-06-20 03:00:00,0.0028149612626205715
2018-06-20 03:30:00,0.002917772819792475
2018-06-20 04:00:00,0.0030401548159118426
2018-06-20 04:30:00,0.0031440076445836684
2018-06-20 05:00:00,0.0032940672552888616
2018-06-20 05:30:00,0.003675331287961246
2018-06-20 06:00:00,0.003988501821376061
2018-06-20 06:30:00,0.004390739410501496
2018-06-20 07:00:00,0.004769441178181018
2018-06-20 07:30:00,0.005160032892010096
2018-06-20 08:00:00,0.0055063256199398836
2018-06-20 08:30:00,0.0058127678948481296
2018-06-20 09:00:00,0.00605608379721998
2018-06-20 09:30:00,0.006217164207733413
2018-06-20 10:00:00,0.006300262190830351
2018-06-20 10:30:00,0.006328973363046952
2018-06-20 11:00:00,0.006330042212889511
2018-06-20 11:30:00,0.006295367816482895
2018-06-20 12:00:00,0.006207029343275806
2018-06-20 12:30:00,0.006080544677954158
2018-06-20 13:00:00,0.005897014437768808
2018-06-20 13:30:00,0.005692722192731323
2018-06-20 14:00:00,0.005510469228107832
2018-06-20 14:30:00,0.005330787452365038
2018-06-20 15:00:00,0.00518077230984669
2018-06-20 15:30:00,0.005026246318488074
2018-06-20 16:00:00,0.0048269913308383195
2018-06-20 16:30:00,0.0045928067336733144
2018-06-20 17:00:00,0.004306591181599354
2018-06-20 17:30:00,0.004021363408115741
2018-06-20 18:00:00,0.003732662275983377
2018-06-20 18:30:00,0.0034790723570046053
2018-06-20 19:00:00,0.003239673890140623
2018-06-20 19:30:00,0.0031991305501668987
2018-06-20 20:00:00,0.003127568381083001
2018-06-20 20:30:00,0.0030613776362149684
2018-06-20 21:00:00,0.003003574186311959
2018-06-20 21:30:00,0.002950609248226898
2018-06-20 22:00:00,0.0029056544321977955
2018-06-20 22:30:00,0.002865861303811679
2018-06-20 23:00:00,0.0028445936623995895
2018-06-20 23:30:00,0.0028167075212595745
2018-06-21 00:00:00,0.0027829886362782507
2018-06-21 00:30:00,0.0027662598253886295
2018-06-21 01:00:00,0.002752681600662286
2018-06-21 01:30:00,0.0027591596878047625
2018-06-21 02:00:00,0.0027632223255553926
2018-06-21 02:30:00,0.0027916117336354274
2018-06-21 03:00:00,0.0028613401698125472
2018-06-21 03:30:00,0.0029617773173931635
2018-06-21 04:00:00,0.0030792262185670057
2018-06-21 04:30:00,0.0031791499653010752
2018-06-21 05:00:00,0.0033208361962561764
2018-06-21 05:30:00,0.0037124566276412712
2018-06-21 06:00:00,0.004023985669868633
2018-06-21 06:30:00,0.004440727702609922
2018-06-21 07:00:00,0.0048316041741706395
2018-06-21 07:30:00,0.005228190925597781
2018-06-21 08:00:00,0.0055751818343115185
2018-06-21 08:30:00,0.0058807625254952605
2018-06-21 09:00:00,0.006126426267464671
2018-06-21 09:30:00,0.0063081933591668075
2018-06-21 10:00:00,0.006409265211967611
2018-06-21 10:30:00,0.006442869246008304
2018-06-21 11:00:00,0.006440337685239694
2018-06-21 11:30:00,0.006398821137317342
2018-06-21 12:00:00,0.006307410628326914
2018-06-21 12:30:00,0.006191595756558607
2018-06-21 13:00:00,0.006016792725755193
2018-06-21 13:30:00,0.0058243551850729255
2018-06-21 14:00:00,0.005666979448447755
2018-06-21 14:30:00,0.00552274547272407
2018-06-21 15:00:00,0.005389245673631504
2018-06-21 15:30:00,0.005224518014700122
2018-06-21 16:00:00,0.005037340526096824
2018-06-21 16:30:00,0.004832488395328131
2018-06-21 17:00:00,0.004550456432456323
2018-06-21 17:30:00,0.004260982047963801
2018-06-21 18:00:00,0.0039406538002424675
2018-06-21 18:30:00,0.003632492441698292
2018-06-21 19:00:00,0.003344513539471335
2018-06-21 19:30:00,0.0032821523525038317
2018-06-21 20:00:00,0.003204598170868595
2018-06-21 20:30:00,0.0031318546706214424
2018-06-21 21:00:00,0.0030663864077460443
2018-06-21 21:30:00,0.003015249959153439
2018-06-21 22:00:00,0.002975993121134082
2018-06-21 22:30:00,0.0029291671624537127
2018-06-21 23:00:00,0.0029018028418736253
2018-06-21 23:30:00,0.00287988446249371
2018-06-22 00:00:00,0.002839674180164323
2018-06-22 00:30:00,0.002822599908938796
2018-06-22 01:00:00,0.002806425135356716
2018-06-22 01:30:00,0.002797823566248727
2018-06-22 02:00:00,0.0028004185017462095
2018-06-22 02:30:00,0.002829265851482847
2018-06-22 03:00:00,0.0028967643240497606
2018-06-22 03:30:00,0.002998976316960923
2018-06-22 04:00:00,0.0031282081784651736
2018-06-22 04:30:00,0.0032294454004869015
2018-06-22 05:00:00,0.0033888474646602915
2018-06-22 05:30:00,0.0038162272758770887
2018-06-22 06:00:00,0.004159751077705304
2018-06-22 06:30:00,0.00461171221693335
2018-06-22 07:00:00,0.0050305258016713865
2018-06-22 07:30:00,0.005460673127301283
2018-06-22 08:00:00,0.005831569417335742
2018-06-22 08:30:00,0.006167862349144158
2018-06-22 09:00:00,0.006436147894691756
2018-06-22 09:30:00,0.006614595048031503
2018-06-22 10:00:00,0.006714324485930988
2018-06-22 10:30:00,0.006740128840332838
2018-06-22 11:00:00,0.006730410877731275
2018-06-22 11:30:00,0.006686992281263623
2018-06-22 12:00:00,0.00659484547590052
2018-06-22 12:30:00,0.006466452812775013
2018-06-22 13:00:00,0.00628724193597229
2018-06-22 13:30:00,0.0060936314838401515
2018-06-22 14:00:00,0.005930950823609603
2018-06-22 14:30:00,0.005776493601646518
2018-06-22 15:00:00,0.0056215158195596394
2018-06-22 15:30:00,0.00541849802670707
2018-06-22 16:00:00,0.005173510584350304
2018-06-22 16:30:00,0.004901193609450782
2018-06-22 17:00:00,0.004556717825418454
2018-06-22 17:30:00,0.004206333923463938
2018-06-22 18:00:00,0.0038824626401843046
2018-06-22 18:30:00,0.003606642862847914
2018-06-22 19:00:00,0.0033493082889466726
2018-06-22 19:30:00,0.003299077791430527
2018-06-22 20:00:00,0.003219207936527898
2018-06-22 20:30:00,0.0031493914714911028
2018-06-22 21:00:00,0.003090297183733423
2018-06-22 21:30:00,0.0030299596017720875
2018-06-22 22:00:00,0.002982411967778209
2018-06-22 22:30:00,0.0029419814620472986
2018-06-22 23:00:00,0.002916232062660938
2018-06-22 23:30:00,0.0028845677389972603
2018-06-23 00:00:00,0.002968350290167889
2018-06-23 00:30:00,0.002993647697156206
2018-06-23 01:00:00,0.002962645304133233
2018-06-23 01:30:00,0.0029349335569368697
2018-06-23 02:00:00,0.002933707606334433
2018-06-23 02:30:00,0.0029279031970974407
2018-06-23 03:00:00,0.0029488237648153713
2018-06-23 03:30:00,0.0029837762134333878
2018-06-23 04:00:00,0.002972164773252243
2018-06-23 04:30:00,0.002904969612036877
2018-06-23 05:00:00,0.0028480160994284838
2018-06-23 05:30:00,0.0029508247323885538
2018-06-23 06:00:00,0.003035408114261975
2018-06-23 06:30:00,0.003213646488960306
2018-06-23 07:00:00,0.0033980901924214792
2018-06-23 07:30:00,0.003584105004316323
2018-06-23 08:00:00,0.003759212808577203
2018-06-23 08:30:00,0.00396058119470339
2018-06-23 09:00:00,0.0041412571016346544
2018-06-23 09:30:00,0.004309305001433099
2018-06-23 10:00:00,0.0043972837965846785
2018-06-23 10:30:00,0.0044696698371439175
2018-06-23 11:00:00,0.004501659504582785
2018-06-23 11:30:00,0.0045587124403935145
2018-06-23 12:00:00,0.004600137783157132
2018-06-23 12:30:00,0.004642946883127297
2018-06-23 13:00:00,0.004696345814582394
2018-06-23 13:30:00,0.00477668682051232
2018-06-23 14:00:00,0.004842813686477027
2018-06-23 14:30:00,0.004868262648306226
2018-06-23 15:00:00,0.004856449135003904
2018-06-23 15:30:00,0.004814798779181451
2018-06-23 16:00:00,0.0047699377900182445
2018-06-23 16:30:00,0.004702853597600212
2018-06-23 17:00:00,0.00458352261318945
2018-06-23 17:30:00,0.004434136125797842
2018-06-23 18:00:00,0.004229024244350429
2018-06-23 18:30:00,0.003997716264950379
2018-06-23 19:00:00,0.0037666435333505817
2018-06-23 19:30:00,0.003719920275006499
2018-06-23 20:00:00,0.0035907431668479564
2018-06-23 20:30:00,0.0034716855962436182
2018-06-23 21:00:00,0.0033471171971868737
2018-06-23 21:30:00,0.0032150210197743473
2018-06-23 22:00:00,0.0031111439907287276
2018-06-23 22:30:00,0.003026427254712213
2018-06-23 23:00:00,0.002960891230790193
2018-06-23 23:30:00,0.00290692505265686
2018-06-24 00:00:00,0.002734424536167588
2018-06-24 00:30:00,0.0025606479037177023
2018-06-24 01:00:00,0.002507883324560676
2018-06-24 01:30:00,0.0024726414798060424
2018-06-24 02:00:00,0.0024694835831131816
2018-06-24 02:30:00,0.0024653259084779647
2018-06-24 03:00:00,0.002463582372381014
2018-06-24 03:30:00,0.0024685713298560467
2018-06-24 04:00:00,0.002504138115046307
2018-06-24 04:30:00,0.0024626100719464033
2018-06-24 05:00:00,0.002324678024810954
2018-06-24 05:30:00,0.0023040568358838305
2018-06-24 06:00:00,0.0022985595697242378
2018-06-24 06:30:00,0.002352095485378496
2018-06-24 07:00:00,0.0024757121039009093
2018-06-24 07:30:00,0.0026516772568208782
2018-06-24 08:00:00,0.0027377406428041257
2018-06-24 08:30:00,0.002833263400311461
2018-06-24 09:00:00,0.002897500418752655
2018-06-24 09:30:00,0.0029197019929234026
2018-06-24 10:00:00,0.0029399462106112417
2018-06-24 10:30:00,0.0029732542438299712
2018-06-24 11:00:00,0.0030057650764019773
2018-06-24 11:30:00,0.0030311422437889223
2018-06-24 12:00:00,0.0030603405997804596
2018-06-24 12:30:00,0.0030993023949093144
2018-06-24 13:00:00,0.0031495549248491015
2018-06-24 13:30:00,0.0031994246855433844
2018-06-24 14:00:00,0.003247052987449909
2018-06-24 14:30:00,0.0032895226771776174
2018-06-24 15:00:00,0.003308482308774016
2018-06-24 15:30:00,0.0032772682128977934
2018-06-24 16:00:00,0.0032301700000122433
2018-06-24 16:30:00,0.0031808969297843137
2018-06-24 17:00:00,0.003116592402383724
2018-06-24 17:30:00,0.003040823351237896
2018-06-24 18:00:00,0.0029333901780981718
2018-06-24 18:30:00,0.002810558458365803
2018-06-24 19:00:00,0.0026847415721085264
2018-06-24 19:30:00,0.0027164805135914015
2018-06-24 20:00:00,0.002709399736306569
2018-06-24 20:30:00,0.0026955312583470366
2018-06-24 21:00:00,0.0026772966800329883
2018-06-24 21:30:00,0.0026424595361126102
2018-06-24 22:00:00,0.0026219548114843694
2018-06-24 22:30:00,0.002610331170281437
2018-06-24 23:00:00,0.002619739116011213
2018-06-24 23:30:00,0.002622971580105826
2018-06-25 00:00:00,0.002735146816490441
2018-06-25 00:30:00,0.0028332015381059505
2018-06-25 01:00:00,0.0028557625886624265
2018-06-25 01:30:00,0.002879732605148154
2018-06-25 02:00:00,0.002875560057366544
2018-06-25 02:30:00,0.002899341764693689
2018-06-25 03:00:00,0.0029692617367458977
2018-06-25 03:30:00,0.0030796689341550955
2018-06-25 04:00:00,0.003202340830585534
2018-06-25 04:30:00,0.00332963998973768
2018-06-25 05:00:00,0.00349354806267658
2018-06-25 05:30:00,0.003954727376369903
2018-06-25 06:00:00,0.004290888819480707
2018-06-25 06:30:00,0.004725405724268853
2018-06-25 07:00:00,0.005112644677978584
2018-06-25 07:30:00,0.005513530625810191
2018-06-25 08:00:00,0.005867080642501167
2018-06-25 08:30:00,0.0061844104134920076
2018-06-25 09:00:00,0.006438068547274409
2018-06-25 09:30:00,0.006634717255501466
2018-06-25 10:00:00,0.006746885584696062
2018-06-25 10:30:00,0.006760819101160164
2018-06-25 11:00:00,0.006742469318983369
2018-06-25 11:30:00,0.006706960917194886
2018-06-25 12:00:00,0.006620004134079085
2018-06-25 12:30:00,0.0064948355153348096
2018-06-25 13:00:00,0.006314417745724011
2018-06-25 13:30:00,0.006107769392627921
2018-06-25 14:00:00,0.005936383706691416
2018-06-25 14:30:00,0.005784914575465072
2018-06-25 15:00:00,0.00562804190411014
2018-06-25 15:30:00,0.005425719619916914
2018-06-25 16:00:00,0.005192359600071488
2018-06-25 16:30:00,0.004924767596902864
2018-06-25 17:00:00,0.004596329602253453
2018-06-25 17:30:00,0.004257359604928991
2018-06-25 18:00:00,0.003947088427547006
2018-06-25 18:30:00,0.003655874338683385
2018-06-25 19:00:00,0.003389344278167299
2018-06-25 19:30:00,0.0033171108007978506
2018-06-25 20:00:00,0.0032286811728494715
2018-06-25 20:30:00,0.003156586998881674
2018-06-25 21:00:00,0.0030886838254805043
2018-06-25 21:30:00,0.003020228480217273
2018-06-25 22:00:00,0.0029737945171749176
2018-06-25 22:30:00,0.0029202495767979317
2018-06-25 23:00:00,0.0028844053444056147
2018-06-25 23:30:00,0.002858987238053002
2018-06-26 00:00:00,0.0028184194456182575
2018-06-26 00:30:00,0.002800672202331481
2018-06-26 01:00:00,0.002789418675595257
2018-06-26 01:30:00,0.00278398705294958
2018-06-26 02:00:00,0.002790460148764961
2018-06-26 02:30:00,0.0028193735957725225
2018-06-26 03:00:00,0.0028848322289158476
2018-06-26 03:30:00,0.002989485031193894
2018-06-26 04:00:00,0.003118744823962899
2018-06-26 04:30:00,0.0032570503131164547
2018-06-26 05:00:00,0.003417672731555841
2018-06-26 05:30:00,0.003858141617443676
2018-06-26 06:00:00,0.004203455944427958
2018-06-26 06:30:00,0.004677835452841988
2018-06-26 07:00:00,0.005087059790716575
2018-06-26 07:30:00,0.005510161379186198
2018-06-26 08:00:00,0.005880014834779925
2018-06-26 08:30:00,0.006205938208922379
2018-06-26 09:00:00,0.006467026563303708
2018-06-26 09:30:00,0.006662009579969516
2018-06-26 10:00:00,0.0067689462421069045
2018-06-26 10:30:00,0.006810713969742258
2018-06-26 11:00:00,0.006811147206850611
2018-06-26 11:30:00,0.006751517334570408
2018-06-26 12:00:00,0.006648216476090862
2018-06-26 12:30:00,0.00652026768815469
2018-06-26 13:00:00,0.006342238445019893
2018-06-26 13:30:00,0.006161632769590076
2018-06-26 14:00:00,0.006006287696413431
2018-06-26 14:30:00,0.005841958839475192
2018-06-26 15:00:00,0.00569628040394069
2018-06-26 15:30:00,0.005533534553953235
2018-06-26 16:00:00,0.0053130486287916445
2018-06-26 16:30:00,0.00502176723263841
2018-06-26 17:00:00,0.004683997220932001
2018-06-26 17:30:00,0.004353013750299049
2018-06-26 18:00:00,0.004016487083213741
2018-06-26 18:30:00,0.003718981451755637
2018-06-26 19:00:00,0.003449613998247121
2018-06-26 19:30:00,0.0033692896804916233
2018-06-26 20:00:00,0.0032856925142677436
2018-06-26 20:30:00,0.0032144349169715295
2018-06-26 21:00:00,0.003146818013825362
2018-06-26 21:30:00,0.003075037184280748
2018-06-26 22:00:00,0.0030302037734601774
2018-06-26 22:30:00,0.002976772625257469
2018-06-26 23:00:00,0.002941439524926654
2018-06-26 23:30:00,0.0029167101208782556
2018-06-27 00:00:00,0.0028749878193612115
2018-06-27 00:30:00,0.0028576273787155734
2018-06-27 01:00:00,0.0028486862481127894
2018-06-27 01:30:00,0.0028439343030486
2018-06-27 02:00:00,0.0028533939266599147
2018-06-27 02:30:00,0.0028768239218879238
2018-06-27 03:00:00,0.0029502095387197377
2018-06-27 03:30:00,0.0030604365441790626
2018-06-27 04:00:00,0.0031898912507919985
2018-06-27 04:30:00,0.0033224709819233912
2018-06-27 05:00:00,0.0034761803115013583
2018-06-27 05:30:00,0.003932886034846565
2018-06-27 06:00:00,0.004273943213575849
2018-06-27 06:30:00,0.004720682265061315
2018-06-27 07:00:00,0.005126068070730093
2018-06-27 07:30:00,0.005548056895762208
2018-06-27 08:00:00,0.00593228406253586
2018-06-27 08:30:00,0.006273315326698207
2018-06-27 09:00:00,0.0065441226520300076
2018-06-27 09:30:00,0.006736766047141857
2018-06-27 10:00:00,0.006836532188941595
2018-06-27 10:30:00,0.006867415899298087
2018-06-27 11:00:00,0.006882364923947512
2018-06-27 11:30:00,0.0068793493052855806
2018-06-27 12:00:00,0.006806556395941932
2018-06-27 12:30:00,0.0066560290121782835
2018-06-27 13:00:00,0.006449764487094051
2018-06-27 13:30:00,0.006234520463731083
2018-06-27 14:00:00,0.006044921122720373
2018-06-27 14:30:00,0.005859007549055899
2018-06-27 15:00:00,0.005690377781520052
2018-06-27 15:30:00,0.0055056290525141854
2018-06-27 16:00:00,0.005291174163006676
2018-06-27 16:30:00,0.005035616501551243
2018-06-27 17:00:00,0.004702535917276724
2018-06-27 17:30:00,0.004366123849044818
2018-06-27 18:00:00,0.004059139132841474
2018-06-27 18:30:00,0.003772381694064314
2018-06-27 19:00:00,0.0035008737679111837
2018-06-27 19:30:00,0.003425520257350373
2018-06-27 20:00:00,0.003339022827579645
2018-06-27 20:30:00,0.0032596844229690167
2018-06-27 21:00:00,0.0031926378923827015
2018-06-27 21:30:00,0.0031194715914383934
2018-06-27 22:00:00,0.0030732724728567275
2018-06-27 22:30:00,0.0030170303504029805
2018-06-27 23:00:00,0.0029848893297930107
2018-06-27 23:30:00,0.0029572769049640924
2018-06-28 00:00:00,0.0029153773357090094
2018-06-28 00:30:00,0.002887285138469629
2018-06-28 01:00:00,0.0028722159690478073
2018-06-28 01:30:00,0.0028703694301098963
2018-06-28 02:00:00,0.0028740569620667234
2018-06-28 02:30:00,0.0028981370902532127
2018-06-28 03:00:00,0.0029638359121064418
2018-06-28 03:30:00,0.003069335475380043
2018-06-28 04:00:00,0.003200295344408061
2018-06-28 04:30:00,0.0033354669355727673
2018-06-28 05:00:00,0.0035205770568272872
2018-06-28 05:30:00,0.003997569953523817
2018-06-28 06:00:00,0.004353382352242394
2018-06-28 06:30:00,0.004795760950127232
2018-06-28 07:00:00,0.005207894374601613
2018-06-28 07:30:00,0.005647736622060525
2018-06-28 08:00:00,0.006028021245438497
2018-06-28 08:30:00,0.006359578567435034
2018-06-28 09:00:00,0.006625260808189211
2018-06-28 09:30:00,0.006800318900848923
2018-06-28 10:00:00,0.006903161464749749
2018-06-28 10:30:00,0.0069556709316330335
2018-06-28 11:00:00,0.006965189644490361
2018-06-28 11:30:00,0.006919534025970148
2018-06-28 12:00:00,0.006821490849949635
2018-06-28 12:30:00,0.006685837368841759
2018-06-28 13:00:00,0.006503321527657934
2018-06-28 13:30:00,0.0062989319769508195
2018-06-28 14:00:00,0.006116923133597973
2018-06-28 14:30:00,0.005937767867237529
2018-06-28 15:00:00,0.005784526663640135
2018-06-28 15:30:00,0.005607750495693403
2018-06-28 16:00:00,0.005382107975050812
2018-06-28 16:30:00,0.005112707598950448
2018-06-28 17:00:00,0.004781570859283468
2018-06-28 17:30:00,0.0044613901330073855
2018-06-28 18:00:00,0.004129506156382077
2018-06-28 18:30:00,0.003801196827053337
2018-06-28 19:00:00,0.0035218425851243655
2018-06-28 19:30:00,0.003438510564245864
2018-06-28 20:00:00,0.003343714070039569
2018-06-28 20:30:00,0.0032736678022866244
2018-06-28 21:00:00,0.003205619477060137
2018-06-28 21:30:00,0.0031372895199836253
2018-06-28 22:00:00,0.0030955681259805983
2018-06-28 22:30:00,0.003056538721057457
2018-06-28 23:00:00,0.0030349559706115943
2018-06-28 23:30:00,0.0029998805538442386
2018-06-29 00:00:00,0.0029570402454753672
2018-06-29 00:30:00,0.002931377564095101
2018-06-29 01:00:00,0.0029161083382499174
2018-06-29 01:30:00,0.002916785444541689
2018-06-29 02:00:00,0.002923815753963672
2018-06-29 02:30:00,0.0029466259171178877
2018-06-29 03:00:00,0.0030226545676901003
2018-06-29 03:30:00,0.00313519260801184
2018-06-29 04:00:00,0.003273765107956253
2018-06-29 04:30:00,0.0034079358119948056
2018-06-29 05:00:00,0.0035718315326595824
2018-06-29 05:30:00,0.004029897770769007
2018-06-29 06:00:00,0.004360058479110416
2018-06-29 06:30:00,0.004765929401438869
2018-06-29 07:00:00,0.00515690292658199
2018-06-29 07:30:00,0.005586294948462294
2018-06-29 08:00:00,0.0059515910199136445
2018-06-29 08:30:00,0.0062755569367383005
2018-06-29 09:00:00,0.006529442301947137
2018-06-29 09:30:00,0.006719328719891978
2018-06-29 10:00:00,0.006843692373702938
2018-06-29 10:30:00,0.006917151801674823
2018-06-29 11:00:00,0.006934408684887603
2018-06-29 11:30:00,0.0068924688825110865
2018-06-29 12:00:00,0.006797332070548317
2018-06-29 12:30:00,0.006671575080216179
2018-06-29 13:00:00,0.006507388299639087
2018-06-29 13:30:00,0.0063462635217736985
2018-06-29 14:00:00,0.006204229158358084
2018-06-29 14:30:00,0.006070040959465978
2018-06-29 15:00:00,0.0059425295428686825
2018-06-29 15:30:00,0.005738107220822056
2018-06-29 16:00:00,0.005482970292948518
2018-06-29 16:30:00,0.005167331775163745
2018-06-29 17:00:00,0.004794617482465475
2018-06-29 17:30:00,0.004449768962259277
2018-06-29 18:00:00,0.004099482214722054
2018-06-29 18:30:00,0.0037885975578643974
2018-06-29 19:00:00,0.003517205339748469
2018-06-29 19:30:00,0.0034578737370752743
2018-06-29 20:00:00,0.0033694424453511963
2018-06-29 20:30:00,0.0032995191961650364
2018-06-29 21:00:00,0.003225715316206154
2018-06-29 21:30:00,0.003117911524425267
2018-06-29 22:00:00,0.003054852862518048
2018-06-29 22:30:00,0.0030168685104032347
2018-06-29 23:00:00,0.002991579472710855
2018-06-29 23:30:00,0.00296336425690469
2018-06-30 00:00:00,0.003062719899863951
2018-06-30 00:30:00,0.003090099597764886
2018-06-30 01:00:00,0.0030553957071527103
2018-06-30 01:30:00,0.003024820501144643
2018-06-30 02:00:00,0.003019692290685405
2018-06-30 02:30:00,0.003006728957123205
2018-06-30 03:00:00,0.0030329045855930093
2018-06-30 03:30:00,0.003064814089293685
2018-06-30 04:00:00,0.0030512815427728764
2018-06-30 04:30:00,0.0030030565503999995
2018-06-30 05:00:00,0.0029392882125312786
2018-06-30 05:30:00,0.0030891891595357856
2018-06-30 06:00:00,0.0032007341778528546
2018-06-30 06:30:00,0.003405469289730766
2018-06-30 07:00:00,0.003628444273754492
2018-06-30 07:30:00,0.0038545144351689975
2018-06-30 08:00:00,0.004048369159824117
2018-06-30 08:30:00,0.004278578795176047
2018-06-30 09:00:00,0.0044802359724295075
2018-06-30 09:30:00,0.004668415356507869
2018-06-30 10:00:00,0.004756688337453378
2018-06-30 10:30:00,0.004838041977774239
2018-06-30 11:00:00,0.004885659036590438
2018-06-30 11:30:00,0.004922195450090703
2018-06-30 12:00:00,0.004954600002687798
2018-06-30 12:30:00,0.0049754692958637525
2018-06-30 13:00:00,0.005002649643185561
2018-06-30 13:30:00,0.0050499037972297454
2018-06-30 14:00:00,0.0050956471421049615
2018-06-30 14:30:00,0.005113340489142601
2018-06-30 15:00:00,0.005112312376595929
2018-06-30 15:30:00,0.005090618405265505
2018-06-30 16:00:00,0.005033446585118514
2018-06-30 16:30:00,0.004949791085910302
2018-06-30 17:00:00,0.004824634617770368
2018-06-30 17:30:00,0.004668950588108275
2018-06-30 18:00:00,0.004452811705506836
2018-06-30 18:30:00,0.0042029189986344095
2018-06-30 19:00:00,0.0039730270436059666
2018-06-30 19:30:00,0.003925445529088778
2018-06-30 20:00:00,0.0037990225747203026
2018-06-30 20:30:00,0.003660364113031476
2018-06-30 21:00:00,0.0035221817936970413
2018-06-30 21:30:00,0.0033880837411973154
2018-06-30 22:00:00,0.0032812604678946404
2018-06-30 22:30:00,0.003190065846405431
2018-06-30 23:00:00,0.0031186531650471555
2018-06-30 23:30:00,0.003059426380242954
2018-07-01 00:00:00,0.0028640785933596495
2018-07-01 00:30:00,0.002676188958340024
2018-07-01 01:00:00,0.0026145334643558355
2018-07-01 01:30:00,0.0025710062687107843
2018-07-01 02:00:00,0.002568441533263098
2018-07-01 02:30:00,0.002563251813520468
2018-07-01 03:00:00,0.002557148529667122
2018-07-01 03:30:00,0.0025617275933110233
2018-07-01 04:00:00,0.002595416883251895
2018-07-01 04:30:00,0.0025592867335266934
2018-07-01 05:00:00,0.0024029634106568806
2018-07-01 05:30:00,0.002373172397594623
2018-07-01 06:00:00,0.0023705429765644836
2018-07-01 06:30:00,0.002403114360488419
2018-07-01 07:00:00,0.0025453564941965412
2018-07-01 07:30:00,0.0027279459448506576
2018-07-01 08:00:00,0.0028329066968852297
2018-07-01 08:30:00,0.0029218523978047613
2018-07-01 09:00:00,0.0029844456058560126
2018-07-01 09:30:00,0.0030144318352668736
2018-07-01 10:00:00,0.0030304388195906496
2018-07-01 10:30:00,0.0030508393817766863
2018-07-01 11:00:00,0.0030849928147199447
2018-07-01 11:30:00,0.0031371057988125745
2018-07-01 12:00:00,0.0031717969842285088
2018-07-01 12:30:00,0.003202146370498612
2018-07-01 13:00:00,0.003247133504110219
2018-07-01 13:30:00,0.003308764646468277
2018-07-01 14:00:00,0.0033639267264065856
2018-07-01 14:30:00,0.003391371412394646
2018-07-01 15:00:00,0.003398568351473689
2018-07-01 15:30:00,0.0033770353126289943
2018-07-01 16:00:00,0.0033124816726306646
2018-07-01 16:30:00,0.0032066606477251687
2018-07-01 17:00:00,0.003098355404032297
2018-07-01 17:30:00,0.002989572606296561
2018-07-01 18:00:00,0.0028739180620046363
2018-07-01 18:30:00,0.0027494477248792017
2018-07-01 19:00:00,0.0026428129624048897
2018-07-01 19:30:00,0.0027149122285346737
2018-07-01 20:00:00,0.002730574861706342
2018-07-01 20:30:00,0.0027200988223956887
2018-07-01 21:00:00,0.0026964702832676804
2018-07-01 21:30:00,0.0026747876558624734
2018-07-01 22:00:00,0.002656587058906627
2018-07-01 22:30:00,0.002648912212862603
2018-07-01 23:00:00,0.0026615225234720864
2018-07-01 23:30:00,0.0026637093801664723
2018-07-02 00:00:00,0.002778587344546843
2018-07-02 00:30:00,0.002875075444881323
2018-07-02 01:00:00,0.002897849105805067
2018-07-02 01:30:00,0.0029238795824495533
2018-07-02 02:00:00,0.0029210346268403126
2018-07-02 02:30:00,0.002950961918257497
2018-07-02 03:00:00,0.0030295688161527637
2018-07-02 03:30:00,0.00314910510040121
2018-07-02 04:00:00,0.0032853985301435945
2018-07-02 04:30:00,0.0034262153626701537
2018-07-02 05:00:00,0.0035858503050238636
2018-07-02 05:30:00,0.004036828304066537
2018-07-02 06:00:00,0.00435045188864575
2018-07-02 06:30:00,0.00473560179550518
2018-07-02 07:00:00,0.005090354419521372
2018-07-02 07:30:00,0.005482336596077238
2018-07-02 08:00:00,0.005840409360125601
2018-07-02 08:30:00,0.006170639947046339
2018-07-02 09:00:00,0.006426515591329932
2018-07-02 09:30:00,0.006605713561266633
2018-07-02 10:00:00,0.006710252773040185
2018-07-02 10:30:00,0.006749558818486256
2018-07-02 11:00:00,0.006763259557604931
2018-07-02 11:30:00,0.006741578341888195
2018-07-02 12:00:00,0.006663770560502577
2018-07-02 12:30:00,0.0065481002859676864
2018-07-02 13:00:00,0.00636104924431746
2018-07-02 13:30:00,0.006134276062044246
2018-07-02 14:00:00,0.005959380565645962
2018-07-02 14:30:00,0.005804134814836761
2018-07-02 15:00:00,0.005644964922999456
2018-07-02 15:30:00,0.005450538968687912
2018-07-02 16:00:00,0.005219642698147028
2018-07-02 16:30:00,0.0049631419279578745
2018-07-02 17:00:00,0.004632160322770402
2018-07-02 17:30:00,0.004289783669077457
2018-07-02 18:00:00,0.003970365456245659
2018-07-02 18:30:00,0.0036788925242173367
2018-07-02 19:00:00,0.0034182918577853987
2018-07-02 19:30:00,0.0033466388364648833
2018-07-02 20:00:00,0.0032755553810250933
2018-07-02 20:30:00,0.0032051625437524434
2018-07-02 21:00:00,0.003145659572182321
2018-07-02 21:30:00,0.0030944421027549527
2018-07-02 22:00:00,0.0030469529025802964
2018-07-02 22:30:00,0.0030039081514703133
2018-07-02 23:00:00,0.0029763549671397447
2018-07-02 23:30:00,0.0029517918398262876
2018-07-03 00:00:00,0.002911902968711349
2018-07-03 00:30:00,0.0028900079830261015
2018-07-03 01:00:00,0.002885203654236137
2018-07-03 01:30:00,0.002884756199408179
2018-07-03 02:00:00,0.002886182912278213
2018-07-03 02:30:00,0.0029184964109689087
2018-07-03 03:00:00,0.002996689079132739
2018-07-03 03:30:00,0.0031097188912169466
2018-07-03 04:00:00,0.003254462284808992
2018-07-03 04:30:00,0.0033987298385513166
2018-07-03 05:00:00,0.0035558554542298383
2018-07-03 05:30:00,0.003994759937204242
2018-07-03 06:00:00,0.004319153393965922
2018-07-03 06:30:00,0.004739363088184631
2018-07-03 07:00:00,0.005135634024733764
2018-07-03 07:30:00,0.005554581316537011
2018-07-03 08:00:00,0.005904325774031472
2018-07-03 08:30:00,0.006220589064799687
2018-07-03 09:00:00,0.006489432277710894
2018-07-03 09:30:00,0.006687513093474643
2018-07-03 10:00:00,0.006802286844995366
2018-07-03 10:30:00,0.006841193130516831
2018-07-03 11:00:00,0.006837674799506779
2018-07-03 11:30:00,0.006801358407738257
2018-07-03 12:00:00,0.0067145993618433295
2018-07-03 12:30:00,0.006594741515128098
2018-07-03 13:00:00,0.006426028306720106
2018-07-03 13:30:00,0.006235308992577198
2018-07-03 14:00:00,0.006076701053586361
2018-07-03 14:30:00,0.005939053360842987
2018-07-03 15:00:00,0.005791419131766387
2018-07-03 15:30:00,0.005592351444926305
2018-07-03 16:00:00,0.0053391355729749835
2018-07-03 16:30:00,0.0050424908193971475
2018-07-03 17:00:00,0.004695892763417996
2018-07-03 17:30:00,0.00436717238065688
2018-07-03 18:00:00,0.0040711320314145445
2018-07-03 18:30:00,0.0037919453266566485
2018-07-03 19:00:00,0.0035254084597854327
2018-07-03 19:30:00,0.0034462884131308477
2018-07-03 20:00:00,0.0033644209182064335
2018-07-03 20:30:00,0.0032849717968856974
2018-07-03 21:00:00,0.003212570076500937
2018-07-03 21:30:00,0.003145737971309924
2018-07-03 22:00:00,0.00309468728279195
2018-07-03 22:30:00,0.003055663070865686
2018-07-03 23:00:00,0.003025659548271051
2018-07-03 23:30:00,0.002996659988266741
2018-07-04 00:00:00,0.0029543034857039637
2018-07-04 00:30:00,0.002930757026177072
2018-07-04 01:00:00,0.0029309030350989614
2018-07-04 01:30:00,0.002921634241518499
2018-07-04 02:00:00,0.0029310215160956604
2018-07-04 02:30:00,0.0029571672974377846
2018-07-04 03:00:00,0.003034446098986227
2018-07-04 03:30:00,0.0031572341067934305
2018-07-04 04:00:00,0.00330579021885924
2018-07-04 04:30:00,0.003458593143603739
2018-07-04 05:00:00,0.0036225390296266927
2018-07-04 05:30:00,0.004062643649471486
2018-07-04 06:00:00,0.004403312815540943
2018-07-04 06:30:00,0.004835395918987117
2018-07-04 07:00:00,0.0052174166670975654
2018-07-04 07:30:00,0.0056348289997754965
2018-07-04 08:00:00,0.006000406602241981
2018-07-04 08:30:00,0.006344123502886092
2018-07-04 09:00:00,0.0066186730631029814
2018-07-04 09:30:00,0.00680616525740049
2018-07-04 10:00:00,0.006909625737512185
2018-07-04 10:30:00,0.0069349939810112934
2018-07-04 11:00:00,0.006920824006728246
2018-07-04 11:30:00,0.006882080267050762
2018-07-04 12:00:00,0.00679266543180175
2018-07-04 12:30:00,0.006660952527809182
2018-07-04 13:00:00,0.006469919062563964
2018-07-04 13:30:00,0.006258247014372956
2018-07-04 14:00:00,0.006085525215715808
2018-07-04 14:30:00,0.005928191224735433
2018-07-04 15:00:00,0.005799063021498931
2018-07-04 15:30:00,0.00564832484239605
2018-07-04 16:00:00,0.005445327720696095
2018-07-04 16:30:00,0.005186975420241935
2018-07-04 17:00:00,0.004854785359305581
2018-07-04 17:30:00,0.00450130033070173
2018-07-04 18:00:00,0.004166531518267867
2018-07-04 18:30:00,0.0038500218374439643
2018-07-04 19:00:00,0.0035578751770927114
2018-07-04 19:30:00,0.00346356939588253
2018-07-04 20:00:00,0.003378642570371019
2018-07-04 20:30:00,0.003311807087211163
2018-07-04 21:00:00,0.003247987172295794
2018-07-04 21:30:00,0.0031744923512772357
2018-07-04 22:00:00,0.0031163954214245317
2018-07-04 22:30:00,0.0030820720312728176
2018-07-04 23:00:00,0.0030475350224049283
2018-07-04 23:30:00,0.003012778243892523
2018-07-05 00:00:00,0.002966329710208445
2018-07-05 00:30:00,0.0029400256685051984
2018-07-05 01:00:00,0.0029301415804210296
2018-07-05 01:30:00,0.0029308813555974375
2018-07-05 02:00:00,0.0029337723927517767
2018-07-05 02:30:00,0.002962120206439354
2018-07-05 03:00:00,0.003034520363883307
2018-07-05 03:30:00,0.003144422025567442
2018-07-05 04:00:00,0.003289838592890517
2018-07-05 04:30:00,0.003438070722452162
2018-07-05 05:00:00,0.00360028124000432
2018-07-05 05:30:00,0.004039131877147032
2018-07-05 06:00:00,0.004377517132939702
2018-07-05 06:30:00,0.0048106412053811245
2018-07-05 07:00:00,0.0052041347456978585
2018-07-05 07:30:00,0.005613437482700049
2018-07-05 08:00:00,0.005963827283495678
2018-07-05 08:30:00,0.006284752877110155
2018-07-05 09:00:00,0.006537730728301725
2018-07-05 09:30:00,0.006715800960819635
2018-07-05 10:00:00,0.0068282132600325385
2018-07-05 10:30:00,0.0068818421958735665
2018-07-05 11:00:00,0.0068841070483559915
2018-07-05 11:30:00,0.006830029094746198
2018-07-05 12:00:00,0.006730085634790975
2018-07-05 12:30:00,0.006607038229227169
2018-07-05 13:00:00,0.006429871174826221
2018-07-05 13:30:00,0.006215964978377042
2018-07-05 14:00:00,0.006036257640989427
2018-07-05 14:30:00,0.00586704166981587
2018-07-05 15:00:00,0.005713900897769721
2018-07-05 15:30:00,0.00554657033738448
2018-07-05 16:00:00,0.0053425179281347815
2018-07-05 16:30:00,0.005095462412585003
2018-07-05 17:00:00,0.004781026250038217
2018-07-05 17:30:00,0.004461634758452484
2018-07-05 18:00:00,0.004135134003725265
2018-07-05 18:30:00,0.0038289591429474406
2018-07-05 19:00:00,0.0035405338950763258
2018-07-05 19:30:00,0.0034379114033246862
2018-07-05 20:00:00,0.003345702534086291
2018-07-05 20:30:00,0.0032644580979521746
2018-07-05 21:00:00,0.003186205231358533
2018-07-05 21:30:00,0.003124408215605097
2018-07-05 22:00:00,0.0030759341610519255
2018-07-05 22:30:00,0.0030315573810343766
2018-07-05 23:00:00,0.003000498167550434
2018-07-05 23:30:00,0.002971505060979135
2018-07-06 00:00:00,0.002927605330829996
2018-07-06 00:30:00,0.002906007404733067
2018-07-06 01:00:00,0.0028829183322708783
2018-07-06 01:30:00,0.002881507853818264
2018-07-06 02:00:00,0.0028838618947616083
2018-07-06 02:30:00,0.0029145258858910314
2018-07-06 03:00:00,0.002984984921269496
2018-07-06 03:30:00,0.0030882596130948777
2018-07-06 04:00:00,0.0032199963141216754
2018-07-06 04:30:00,0.0033703435059354516
2018-07-06 05:00:00,0.003512759831917443
2018-07-06 05:30:00,0.003948489125015211
2018-07-06 06:00:00,0.004279806056632064
2018-07-06 06:30:00,0.004712900735702817
2018-07-06 07:00:00,0.005129434443559698
2018-07-06 07:30:00,0.00556284307206298
2018-07-06 08:00:00,0.005939286289440753
2018-07-06 08:30:00,0.006282997845835652
2018-07-06 09:00:00,0.006564407405343951
2018-07-06 09:30:00,0.006770931126515003
2018-07-06 10:00:00,0.006892857348927922
2018-07-06 10:30:00,0.0069364270968968935
2018-07-06 11:00:00,0.00694523295749366
2018-07-06 11:30:00,0.006929059898104723
2018-07-06 12:00:00,0.006856060579739592
2018-07-06 12:30:00,0.006720399132675343
2018-07-06 13:00:00,0.006545310739130945
2018-07-06 13:30:00,0.006373819983238218
2018-07-06 14:00:00,0.006228018629971822
2018-07-06 14:30:00,0.0060781392112165015
2018-07-06 15:00:00,0.005944739793257735
2018-07-06 15:30:00,0.005778265674017568
2018-07-06 16:00:00,0.00554289238474228
2018-07-06 16:30:00,0.005261109332798431
2018-07-06 17:00:00,0.004909993218284317
2018-07-06 17:30:00,0.004560985057162532
2018-07-06 18:00:00,0.004215871996620301
2018-07-06 18:30:00,0.003885373491394687
2018-07-06 19:00:00,0.0035801179423163533
2018-07-06 19:30:00,0.0034757181347793422
2018-07-06 20:00:00,0.003378624621760455
2018-07-06 20:30:00,0.003293250391838431
2018-07-06 21:00:00,0.0032233508892690562
2018-07-06 21:30:00,0.0031650666586066772
2018-07-06 22:00:00,0.0031142204128298163
2018-07-06 22:30:00,0.0030621869370485886
2018-07-06 23:00:00,0.00303388631408991
2018-07-06 23:30:00,0.0029997896511901757
2018-07-07 00:00:00,0.0030781545453475046
2018-07-07 00:30:00,0.0031098362630298465
2018-07-07 01:00:00,0.0030854164220962266
2018-07-07 01:30:00,0.003060104847805752
2018-07-07 02:00:00,0.0030548601730476317
2018-07-07 02:30:00,0.0030363308543477534
2018-07-07 03:00:00,0.003050090531460105
2018-07-07 03:30:00,0.0030778947442513392
2018-07-07 04:00:00,0.0030691833155298146
2018-07-07 04:30:00,0.003033590111598163
2018-07-07 05:00:00,0.002962712661840293
2018-07-07 05:30:00,0.003096243719749008
2018-07-07 06:00:00,0.003200760546176801
2018-07-07 06:30:00,0.003400602090386383
2018-07-07 07:00:00,0.003620790603037538
2018-07-07 07:30:00,0.00385466150285724
2018-07-07 08:00:00,0.0040832123538379434
2018-07-07 08:30:00,0.0043510720736416614
2018-07-07 09:00:00,0.004585199749510804
2018-07-07 09:30:00,0.004796171852307271
2018-07-07 10:00:00,0.004892392437676439
2018-07-07 10:30:00,0.004946673724843545
2018-07-07 11:00:00,0.00496948938349931
2018-07-07 11:30:00,0.00499196230436122
2018-07-07 12:00:00,0.005025833752532336
2018-07-07 12:30:00,0.005064056932086027
2018-07-07 13:00:00,0.005095131724560598
2018-07-07 13:30:00,0.005132772380950096
2018-07-07 14:00:00,0.0051647094629934075
2018-07-07 14:30:00,0.005181965237022388
2018-07-07 15:00:00,0.005178705446672366
2018-07-07 15:30:00,0.005167297592135761
2018-07-07 16:00:00,0.005136534782813347
2018-07-07 16:30:00,0.005044336602073377
2018-07-07 17:00:00,0.004904443467564059
2018-07-07 17:30:00,0.0047534543104179585
2018-07-07 18:00:00,0.0045593559182492025
2018-07-07 18:30:00,0.004330461421960627
2018-07-07 19:00:00,0.004096015107836533
2018-07-07 19:30:00,0.004013824437087081
2018-07-07 20:00:00,0.003845289706435818
2018-07-07 20:30:00,0.0037085656108747952
2018-07-07 21:00:00,0.00356977934096187
2018-07-07 21:30:00,0.0034260444475302356
2018-07-07 22:00:00,0.003300815781608483
2018-07-07 22:30:00,0.003206566568772046
2018-07-07 23:00:00,0.0031284300152249504
2018-07-07 23:30:00,0.0030625714709046825
2018-07-08 00:00:00,0.002878362107729746
2018-07-08 00:30:00,0.0026941083772028533
2018-07-08 01:00:00,0.0026249101308815984
2018-07-08 01:30:00,0.002584266712278748
2018-07-08 02:00:00,0.002585034267467574
2018-07-08 02:30:00,0.0025844491225962187
2018-07-08 03:00:00,0.00258540397859472
2018-07-08 03:30:00,0.0025907554375022047
2018-07-08 04:00:00,0.002625843458630912
2018-07-08 04:30:00,0.002598824547969286
2018-07-08 05:00:00,0.002441114442846199
2018-07-08 05:30:00,0.002426791552451242
2018-07-08 06:00:00,0.0024167136092894965
2018-07-08 06:30:00,0.0024638502906858895
2018-07-08 07:00:00,0.002613303127435649
2018-07-08 07:30:00,0.0027807070956213965
2018-07-08 08:00:00,0.0028902794305521546
2018-07-08 08:30:00,0.0029907370476156044
2018-07-08 09:00:00,0.0030773504375107607
2018-07-08 09:30:00,0.003127181124684855
2018-07-08 10:00:00,0.0031608559448188965
2018-07-08 10:30:00,0.003216404827398343
2018-07-08 11:00:00,0.0032727516668861934
2018-07-08 11:30:00,0.003326908927137607
2018-07-08 12:00:00,0.0033876634109549857
2018-07-08 12:30:00,0.0034524697936071233
2018-07-08 13:00:00,0.003512552212877271
2018-07-08 13:30:00,0.003569516111479417
2018-07-08 14:00:00,0.0036155279796688533
2018-07-08 14:30:00,0.0036247355160531503
2018-07-08 15:00:00,0.0036427371153519876
2018-07-08 15:30:00,0.0036473626638805503
2018-07-08 16:00:00,0.0036093015764138326
2018-07-08 16:30:00,0.0035249603495306854
2018-07-08 17:00:00,0.0034287146058562604
2018-07-08 17:30:00,0.003318208842341298
2018-07-08 18:00:00,0.0031945671159310735
2018-07-08 18:30:00,0.0030831995670218253
2018-07-08 19:00:00,0.002950958792375882
2018-07-08 19:30:00,0.0029763737224294345
2018-07-08 20:00:00,0.0029426508544699234
2018-07-08 20:30:00,0.002914593697355099
2018-07-08 21:00:00,0.0028849605917318456
2018-07-08 21:30:00,0.002853002334361464
2018-07-08 22:00:00,0.0028301844069206564
2018-07-08 22:30:00,0.0028204643772038315
2018-07-08 23:00:00,0.002830592939480763
2018-07-08 23:30:00,0.002825865648547376
2018-07-09 00:00:00,0.0029389250556720358
2018-07-09 00:30:00,0.003039171826978807
2018-07-09 01:00:00,0.003062946173358923
2018-07-09 01:30:00,0.0030881950787647614
2018-07-09 02:00:00,0.003089542232905948
2018-07-09 02:30:00,0.0031235184485286127
2018-07-09 03:00:00,0.0032051607287244092
2018-07-09 03:30:00,0.003323754610083369
2018-07-09 04:00:00,0.003465849827355585
2018-07-09 04:30:00,0.0036400971066583142
2018-07-09 05:00:00,0.00383459455290744
2018-07-09 05:30:00,0.00432634302251538
2018-07-09 06:00:00,0.0046771104499770825
2018-07-09 06:30:00,0.005123631244341396
2018-07-09 07:00:00,0.005543613102124327
2018-07-09 07:30:00,0.005985947735996771
2018-07-09 08:00:00,0.006360777746373961
2018-07-09 08:30:00,0.006709885885289981
2018-07-09 09:00:00,0.006998816164711706
2018-07-09 09:30:00,0.007219629702433531
2018-07-09 10:00:00,0.007351917869478154
2018-07-09 10:30:00,0.007407329969528219
2018-07-09 11:00:00,0.007432555733326617
2018-07-09 11:30:00,0.007407496649602724
2018-07-09 12:00:00,0.007331003351853672
2018-07-09 12:30:00,0.007228846616462671
2018-07-09 13:00:00,0.007055469895189729
2018-07-09 13:30:00,0.006791895002818535
2018-07-09 14:00:00,0.006583456527905941
2018-07-09 14:30:00,0.006362663913423959
2018-07-09 15:00:00,0.0061736423059201295
2018-07-09 15:30:00,0.006004647869001676
2018-07-09 16:00:00,0.005783136805922692
2018-07-09 16:30:00,0.00551181900395618
2018-07-09 17:00:00,0.005147721254347185
2018-07-09 17:30:00,0.00473507548779261
2018-07-09 18:00:00,0.0043506561297170804
2018-07-09 18:30:00,0.004017541261579686
2018-07-09 19:00:00,0.003714605015824814
2018-07-09 19:30:00,0.0035924242861474975
2018-07-09 20:00:00,0.003473400545649025
2018-07-09 20:30:00,0.0033889384681492453
2018-07-09 21:00:00,0.0033155353564638763
2018-07-09 21:30:00,0.0032464126354758366
2018-07-09 22:00:00,0.0031935846815899374
2018-07-09 22:30:00,0.00314964784420098
2018-07-09 23:00:00,0.003120036518914142
2018-07-09 23:30:00,0.00308326566429275
2018-07-10 00:00:00,0.0030423784269239277
2018-07-10 00:30:00,0.003019417666860291
2018-07-10 01:00:00,0.003005945671691413
2018-07-10 01:30:00,0.0029960289131026226
2018-07-10 02:00:00,0.0030029419011291516
2018-07-10 02:30:00,0.0030400650728590246
2018-07-10 03:00:00,0.003123163257625743
2018-07-10 03:30:00,0.003239145011138338
2018-07-10 04:00:00,0.0033911391896411167
2018-07-10 04:30:00,0.0035644610567334605
2018-07-10 05:00:00,0.003758633260042287
2018-07-10 05:30:00,0.004209118176468912
2018-07-10 06:00:00,0.004551377710436184
2018-07-10 06:30:00,0.004990465612076967
2018-07-10 07:00:00,0.0053793240245505105
2018-07-10 07:30:00,0.005782344495768173
2018-07-10 08:00:00,0.006137470057628016
2018-07-10 08:30:00,0.006456937427469081
2018-07-10 09:00:00,0.006703679598595677
2018-07-10 09:30:00,0.00687976076205752
2018-07-10 10:00:00,0.006999028170069628
2018-07-10 10:30:00,0.007076377707293972
2018-07-10 11:00:00,0.007103662872484775
2018-07-10 11:30:00,0.00704856930985477
2018-07-10 12:00:00,0.006922660714264303
2018-07-10 12:30:00,0.006757816036442139
2018-07-10 13:00:00,0.0065480195676375945
2018-07-10 13:30:00,0.006312969353352455
2018-07-10 14:00:00,0.0061104538190909965
2018-07-10 14:30:00,0.005948884661861819
2018-07-10 15:00:00,0.005815727650980554
2018-07-10 15:30:00,0.005646379182760477
2018-07-10 16:00:00,0.0054193244694721275
2018-07-10 16:30:00,0.005151513604173005
2018-07-10 17:00:00,0.004821149562274283
2018-07-10 17:30:00,0.004466107642956364
2018-07-10 18:00:00,0.0041124503883590135
2018-07-10 18:30:00,0.0038032990832743353
2018-07-10 19:00:00,0.0035316655168472592
2018-07-10 19:30:00,0.0034769993429019414
2018-07-10 20:00:00,0.0033746584830003272
2018-07-10 20:30:00,0.003297167524841626
2018-07-10 21:00:00,0.0032293527836396944
2018-07-10 21:30:00,0.003161330171310364
2018-07-10 22:00:00,0.0031055813331424464
2018-07-10 22:30:00,0.003051204202411628
2018-07-10 23:00:00,0.003009616817978484
2018-07-10 23:30:00,0.002977588228271764
2018-07-11 00:00:00,0.002937454580459391
2018-07-11 00:30:00,0.0029051007478123722
2018-07-11 01:00:00,0.0028890183389902718
2018-07-11 01:30:00,0.0028802971292843397
2018-07-11 02:00:00,0.002882831059672884
2018-07-11 02:30:00,0.002908996050061708
2018-07-11 03:00:00,0.002983387797433998
2018-07-11 03:30:00,0.003101252793784757
2018-07-11 04:00:00,0.0032335962687669883
2018-07-11 04:30:00,0.003393263579120647
2018-07-11 05:00:00,0.003535326277140577
2018-07-11 05:30:00,0.003984802995911464
2018-07-11 06:00:00,0.004313362547021743
2018-07-11 06:30:00,0.0047369835864313585
2018-07-11 07:00:00,0.005137717525665072
2018-07-11 07:30:00,0.005549763122949561
2018-07-11 08:00:00,0.0059030380116409705
2018-07-11 08:30:00,0.006219936108464264
2018-07-11 09:00:00,0.0064715335804181266
2018-07-11 09:30:00,0.006661084974438259
2018-07-11 10:00:00,0.00675909447160524
2018-07-11 10:30:00,0.006802538175960703
2018-07-11 11:00:00,0.0068058929527778644
2018-07-11 11:30:00,0.006784103188301175
2018-07-11 12:00:00,0.0067093839292035416
2018-07-11 12:30:00,0.0065805623648699865
2018-07-11 13:00:00,0.006393239674023925
2018-07-11 13:30:00,0.006194555916030594
2018-07-11 14:00:00,0.006032877605032117
2018-07-11 14:30:00,0.005873641111749433
2018-07-11 15:00:00,0.005735630312564263
2018-07-11 15:30:00,0.0055888219716608185
2018-07-11 16:00:00,0.005386576069897378
2018-07-11 16:30:00,0.005138192558835667
2018-07-11 17:00:00,0.004813762045251614
2018-07-11 17:30:00,0.0044706043749119205
2018-07-11 18:00:00,0.004127066960373446
2018-07-11 18:30:00,0.0038113792351619595
2018-07-11 19:00:00,0.003514616656014216
2018-07-11 19:30:00,0.003435723185359275
2018-07-11 20:00:00,0.0033204101184250694
2018-07-11 20:30:00,0.003239937119623076
2018-07-11 21:00:00,0.003173701604063524
2018-07-11 21:30:00,0.003094002513048477
2018-07-11 22:00:00,0.003047607472273973
2018-07-11 22:30:00,0.0029957649273584888
2018-07-11 23:00:00,0.002958676644500836
2018-07-11 23:30:00,0.0029359355028293773
2018-07-12 00:00:00,0.002895741606169747
2018-07-12 00:30:00,0.002868445147471173
2018-07-12 01:00:00,0.002859857191073443
2018-07-12 01:30:00,0.0028611280636197337
2018-07-12 02:00:00,0.002872268856948036
2018-07-12 02:30:00,0.0028990644183265225
2018-07-12 03:00:00,0.002969638808820072
2018-07-12 03:30:00,0.0030831655352461782
2018-07-12 04:00:00,0.0032185229651146433
2018-07-12 04:30:00,0.0033809197247101222
2018-07-12 05:00:00,0.003517748991062257
2018-07-12 05:30:00,0.003951976550131232
2018-07-12 06:00:00,0.004276801025633667
2018-07-12 06:30:00,0.004704119630071745
2018-07-12 07:00:00,0.005130555727545476
2018-07-12 07:30:00,0.0055647253569696825
2018-07-12 08:00:00,0.005931564555172503
2018-07-12 08:30:00,0.006268483419565606
2018-07-12 09:00:00,0.006538613789857971
2018-07-12 09:30:00,0.006732140448195848
2018-07-12 10:00:00,0.006847264197622563
2018-07-12 10:30:00,0.0068978203918360174
2018-07-12 11:00:00,0.006908486807420516
2018-07-12 11:30:00,0.006872277401471139
2018-07-12 12:00:00,0.006781104761988126
2018-07-12 12:30:00,0.006640263527417991
2018-07-12 13:00:00,0.006443437198530777
2018-07-12 13:30:00,0.006226057845102627
2018-07-12 14:00:00,0.0060476718985416
2018-07-12 14:30:00,0.005894580283504718
2018-07-12 15:00:00,0.005762874992546407
2018-07-12 15:30:00,0.005590032343272625
2018-07-12 16:00:00,0.005347464988712683
2018-07-12 16:30:00,0.005063025592822849
2018-07-12 17:00:00,0.004715367812558756
2018-07-12 17:30:00,0.004353467406472791
2018-07-12 18:00:00,0.004023935454093011
2018-07-12 18:30:00,0.0037280460042647683
2018-07-12 19:00:00,0.0034637154552218646
2018-07-12 19:30:00,0.0034340334950940152
2018-07-12 20:00:00,0.0033215427463360635
2018-07-12 20:30:00,0.003246486950790361
2018-07-12 21:00:00,0.0031892930982197285
2018-07-12 21:30:00,0.003124949446881506
2018-07-12 22:00:00,0.003083416362037061
2018-07-12 22:30:00,0.0030430639529290815
2018-07-12 23:00:00,0.003009228401979094
2018-07-12 23:30:00,0.0029820989762771428
2018-07-13 00:00:00,0.0029395628867738377
2018-07-13 00:30:00,0.0029188021927752826
2018-07-13 01:00:00,0.002913919212770489
2018-07-13 01:30:00,0.002910461130607694
2018-07-13 02:00:00,0.0029135490983037797
2018-07-13 02:30:00,0.0029500646893990926
2018-07-13 03:00:00,0.003022411101846245
2018-07-13 03:30:00,0.0031459431198952717
2018-07-13 04:00:00,0.003300487362369124
2018-07-13 04:30:00,0.0034700130479097956
2018-07-13 05:00:00,0.0036197491298678333
2018-07-13 05:30:00,0.004064875982701626
2018-07-13 06:00:00,0.004403896246219155
2018-07-13 06:30:00,0.004810222337244711
2018-07-13 07:00:00,0.005210596094248462
2018-07-13 07:30:00,0.005635996566976154
2018-07-13 08:00:00,0.005994432286213979
2018-07-13 08:30:00,0.006316975069807224
2018-07-13 09:00:00,0.0065682531976618995
2018-07-13 09:30:00,0.006751068215966752
2018-07-13 10:00:00,0.006879469450057978
2018-07-13 10:30:00,0.006969266903300159
2018-07-13 11:00:00,0.007000788142253781
2018-07-13 11:30:00,0.006962981965391024
2018-07-13 12:00:00,0.006880631975514096
2018-07-13 12:30:00,0.006781306633439522
2018-07-13 13:00:00,0.006616350633897906
2018-07-13 13:30:00,0.0063930524236316955
2018-07-13 14:00:00,0.006201964104205878
2018-07-13 14:30:00,0.006041828819123982
2018-07-13 15:00:00,0.005888549147015745
2018-07-13 15:30:00,0.005701122898736825
2018-07-13 16:00:00,0.005470781169677936
2018-07-13 16:30:00,0.005200048764670007
2018-07-13 17:00:00,0.004859545673665708
2018-07-13 17:30:00,0.0045132952963900606
2018-07-13 18:00:00,0.004160928425890372
2018-07-13 18:30:00,0.003842659428309107
2018-07-13 19:00:00,0.003551667075370371
2018-07-13 19:30:00,0.0034991339627051927
2018-07-13 20:00:00,0.0033718112081885985
2018-07-13 20:30:00,0.0032898357190961286
2018-07-13 21:00:00,0.003213025900624832
2018-07-13 21:30:00,0.0031444850473741964
2018-07-13 22:00:00,0.003102743183888336
2018-07-13 22:30:00,0.003060304248802323
2018-07-13 23:00:00,0.0030282055788464924
2018-07-13 23:30:00,0.002999101049720852
2018-07-14 00:00:00,0.0030959571974067783
2018-07-14 00:30:00,0.003134280707676823
2018-07-14 01:00:00,0.0030999362934503753
2018-07-14 01:30:00,0.0030619131199026007
2018-07-14 02:00:00,0.0030626064606117925
2018-07-14 02:30:00,0.0030390964024804828
2018-07-14 03:00:00,0.00305325760412803
2018-07-14 03:30:00,0.003083849599145416
2018-07-14 04:00:00,0.0030755458963048713
2018-07-14 04:30:00,0.0030510548155208966
2018-07-14 05:00:00,0.002993540055910269
2018-07-14 05:30:00,0.0031113731884355334
2018-07-14 06:00:00,0.0032168632732293987
2018-07-14 06:30:00,0.0034039963440632964
2018-07-14 07:00:00,0.0036109508823053238
2018-07-14 07:30:00,0.0038277541660022923
2018-07-14 08:00:00,0.004022568032138772
2018-07-14 08:30:00,0.004250155909912265
2018-07-14 09:00:00,0.004439811668044382
2018-07-14 09:30:00,0.004615664742983219
2018-07-14 10:00:00,0.004694796587320029
2018-07-14 10:30:00,0.004779803778239514
2018-07-14 11:00:00,0.004839477664949555
2018-07-14 11:30:00,0.004886664612539015
2018-07-14 12:00:00,0.0049232919286933425
2018-07-14 12:30:00,0.004964681525488167
2018-07-14 13:00:00,0.005013772739990527
2018-07-14 13:30:00,0.005058752411820212
2018-07-14 14:00:00,0.005078585021483777
2018-07-14 14:30:00,0.005062702921172265
2018-07-14 15:00:00,0.00503994332671579
2018-07-14 15:30:00,0.0049817811566887325
2018-07-14 16:00:00,0.0049098047074559534
2018-07-14 16:30:00,0.004828124513341213
2018-07-14 17:00:00,0.004710607296528849
2018-07-14 17:30:00,0.0045788598061687336
2018-07-14 18:00:00,0.004397014769096003
2018-07-14 18:30:00,0.0041778454955211305
2018-07-14 19:00:00,0.003955634739134834
2018-07-14 19:30:00,0.003920489544623039
2018-07-14 20:00:00,0.0037304054902922166
2018-07-14 20:30:00,0.0035815731410430403
2018-07-14 21:00:00,0.0034312674932042773
2018-07-14 21:30:00,0.0033036207057660734
2018-07-14 22:00:00,0.0031944739949094133
2018-07-14 22:30:00,0.0030985946852281824
2018-07-14 23:00:00,0.0030235446876887024
2018-07-14 23:30:00,0.0029717793318821315
2018-07-15 00:00:00,0.0027925294319766656
2018-07-15 00:30:00,0.0026172871643888947
2018-07-15 01:00:00,0.002561006321337078
2018-07-15 01:30:00,0.002522556666618633
2018-07-15 02:00:00,0.002519246206735981
2018-07-15 02:30:00,0.0025139824741834977
2018-07-15 03:00:00,0.0025124433304102136
2018-07-15 03:30:00,0.0025183799846065
2018-07-15 04:00:00,0.0025507507070977285
2018-07-15 04:30:00,0.0025412392039350935
2018-07-15 05:00:00,0.0023824064535552017
2018-07-15 05:30:00,0.0023489580077510233
2018-07-15 06:00:00,0.0023377109344478106
2018-07-15 06:30:00,0.0023858915090512875
2018-07-15 07:00:00,0.0025216341282026365
2018-07-15 07:30:00,0.0027014586861508136
2018-07-15 08:00:00,0.0027908085837301463
2018-07-15 08:30:00,0.00288283297553581
2018-07-15 09:00:00,0.0029508987956158514
2018-07-15 09:30:00,0.0029824251267314594
2018-07-15 10:00:00,0.002999368564686164
2018-07-15 10:30:00,0.003036720530783279
2018-07-15 11:00:00,0.0030767521841036
2018-07-15 11:30:00,0.003123833809649613
2018-07-15 12:00:00,0.003172540944052886
2018-07-15 12:30:00,0.003226748924254375
2018-07-15 13:00:00,0.0032936636132209597
2018-07-15 13:30:00,0.003359507738151842
2018-07-15 14:00:00,0.0034173895871824544
2018-07-15 14:30:00,0.0034553659733408937
2018-07-15 15:00:00,0.0034818538874675274
2018-07-15 15:30:00,0.003457387662484137
2018-07-15 16:00:00,0.003398535025542277
2018-07-15 16:30:00,0.0033322843343316587
2018-07-15 17:00:00,0.003235659148963126
2018-07-15 17:30:00,0.003135074984111713
2018-07-15 18:00:00,0.0030349258713966883
2018-07-15 18:30:00,0.002907146385242182
2018-07-15 19:00:00,0.0027851347052593044
2018-07-15 19:30:00,0.0028523689904123035
2018-07-15 20:00:00,0.0028043386597961296
2018-07-15 20:30:00,0.0027840184630180667
2018-07-15 21:00:00,0.0027616037743055976
2018-07-15 21:30:00,0.0027240587093925865
2018-07-15 22:00:00,0.0026986801807346154
2018-07-15 22:30:00,0.002681833695527422
2018-07-15 23:00:00,0.0026890979923135236
2018-07-15 23:30:00,0.0026850146329928325
2018-07-16 00:00:00,0.002800106064837043
2018-07-16 00:30:00,0.0028935885291637813
2018-07-16 01:00:00,0.002915713771322188
2018-07-16 01:30:00,0.002944535508996559
2018-07-16 02:00:00,0.0029436816895586472
2018-07-16 02:30:00,0.002976553611874635
2018-07-16 03:00:00,0.0030548373339448643
2018-07-16 03:30:00,0.0031752038422667734
2018-07-16 04:00:00,0.003305810990846747
2018-07-16 04:30:00,0.0034714401641193935
2018-07-16 05:00:00,0.0036256799356404524
2018-07-16 05:30:00,0.004066986305713888
2018-07-16 06:00:00,0.00438709574172217
2018-07-16 06:30:00,0.004830252482459367
2018-07-16 07:00:00,0.0052463093925350646
2018-07-16 07:30:00,0.005700828410438221
2018-07-16 08:00:00,0.006095734697992612
2018-07-16 08:30:00,0.006454215641678963
2018-07-16 09:00:00,0.006747833583921986
2018-07-16 09:30:00,0.006955682225140803
2018-07-16 10:00:00,0.007066046466886518
2018-07-16 10:30:00,0.007089963393802235
2018-07-16 11:00:00,0.007081665741055138
2018-07-16 11:30:00,0.00704828278751254
2018-07-16 12:00:00,0.006960942831811671
2018-07-16 12:30:00,0.0068294699652766706
2018-07-16 13:00:00,0.006643360519836804
2018-07-16 13:30:00,0.00643318037427274
2018-07-16 14:00:00,0.006261940949345349
2018-07-16 14:30:00,0.006115141431494851
2018-07-16 15:00:00,0.005964122175133844
2018-07-16 15:30:00,0.005756892105552684
2018-07-16 16:00:00,0.005504820407107355
2018-07-16 16:30:00,0.005232473938002271
2018-07-16 17:00:00,0.0048892572792514554
2018-07-16 17:30:00,0.0045333115768072295
2018-07-16 18:00:00,0.00419440792884092
2018-07-16 18:30:00,0.003887770387166624
2018-07-16 19:00:00,0.003586099165534376
2018-07-16 19:30:00,0.0035364420656248067
2018-07-16 20:00:00,0.003414126570115926
2018-07-16 20:30:00,0.0033081806611981656
2018-07-16 21:00:00,0.0032322862218656188
2018-07-16 21:30:00,0.003162543114211886
2018-07-16 22:00:00,0.0031089875861713663
2018-07-16 22:30:00,0.003055013089159541
2018-07-16 23:00:00,0.00301967787129602
2018-07-16 23:30:00,0.002989020938608953
2018-07-17 00:00:00,0.002949991029511358
2018-07-17 00:30:00,0.0029191303095099696
2018-07-17 01:00:00,0.0029003862629101177
2018-07-17 01:30:00,0.002897096272510299
2018-07-17 02:00:00,0.0028967440058192627
2018-07-17 02:30:00,0.0029190201473917625
2018-07-17 03:00:00,0.0029946373916094806
2018-07-17 03:30:00,0.003101905850955071
2018-07-17 04:00:00,0.00323527244715688
2018-07-17 04:30:00,0.0034071624083823124
2018-07-17 05:00:00,0.003582207896680673
2018-07-17 05:30:00,0.004034000490388734
2018-07-17 06:00:00,0.00437779599183023
2018-07-17 06:30:00,0.004829508522634989
2018-07-17 07:00:00,0.005260084295715928
2018-07-17 07:30:00,0.005719963595579516
2018-07-17 08:00:00,0.006115757179755566
2018-07-17 08:30:00,0.0064790039837210375
2018-07-17 09:00:00,0.006764509758998606
2018-07-17 09:30:00,0.006968847833493963
2018-07-17 10:00:00,0.007093018943080927
2018-07-17 10:30:00,0.007152667116893812
2018-07-17 11:00:00,0.007170634230659994
2018-07-17 11:30:00,0.007139421546472242
2018-07-17 12:00:00,0.007057132208782134
2018-07-17 12:30:00,0.006947259940468669
2018-07-17 13:00:00,0.0067926067963127446
2018-07-17 13:30:00,0.006617319102606666
2018-07-17 14:00:00,0.006466237026108686
2018-07-17 14:30:00,0.006315471672002731
2018-07-17 15:00:00,0.006173785693134858
2018-07-17 15:30:00,0.0060062302709431165
2018-07-17 16:00:00,0.005773378055607797
2018-07-17 16:30:00,0.005482953604774088
2018-07-17 17:00:00,0.005119370466030329
2018-07-17 17:30:00,0.0047479868409685995
2018-07-17 18:00:00,0.00438929812698974
2018-07-17 18:30:00,0.004055320818031271
2018-07-17 19:00:00,0.0037361594316663595
2018-07-17 19:30:00,0.003659373863986302
2018-07-17 20:00:00,0.0035275963248287264
2018-07-17 20:30:00,0.003415953698337357
2018-07-17 21:00:00,0.00332683945189784
2018-07-17 21:30:00,0.003245590629445975
2018-07-17 22:00:00,0.003185739575832785
2018-07-17 22:30:00,0.003136251878539772
2018-07-17 23:00:00,0.0031007259818977336
2018-07-17 23:30:00,0.0030690198621718162
2018-07-18 00:00:00,0.003023675016785071
2018-07-18 00:30:00,0.003006236126594384
2018-07-18 01:00:00,0.00298981415627749
2018-07-18 01:30:00,0.0029857323094801607
2018-07-18 02:00:00,0.002989880152713523
2018-07-18 02:30:00,0.003014851409247523
2018-07-18 03:00:00,0.0030979723322821194
2018-07-18 03:30:00,0.00320604757158906
2018-07-18 04:00:00,0.003337287862448413
2018-07-18 04:30:00,0.003518294659073862
2018-07-18 05:00:00,0.0036970191083633298
2018-07-18 05:30:00,0.004161141641266984
2018-07-18 06:00:00,0.004484940424260127
2018-07-18 06:30:00,0.004931517635745847
2018-07-18 07:00:00,0.005360020445141568
2018-07-18 07:30:00,0.005823386313024603
2018-07-18 08:00:00,0.006229969986778727
2018-07-18 08:30:00,0.006604862262700992
2018-07-18 09:00:00,0.006906687106289385
2018-07-18 09:30:00,0.0071285747876855335
2018-07-18 10:00:00,0.007269512823750844
2018-07-18 10:30:00,0.007343425857479026
2018-07-18 11:00:00,0.00737502100840761
2018-07-18 11:30:00,0.0073492455432019755
2018-07-18 12:00:00,0.007277858625158302
2018-07-18 12:30:00,0.0071928052518588255
2018-07-18 13:00:00,0.007045830382133213
2018-07-18 13:30:00,0.006840601885134582
2018-07-18 14:00:00,0.006662938269313853
2018-07-18 14:30:00,0.006514084290980597
2018-07-18 15:00:00,0.0063783871483650036
2018-07-18 15:30:00,0.006197909230741839
2018-07-18 16:00:00,0.005956380475557214
2018-07-18 16:30:00,0.00567012206865466
2018-07-18 17:00:00,0.005295727765840648
2018-07-18 17:30:00,0.004905320529444302
2018-07-18 18:00:00,0.004515047151365503
2018-07-18 18:30:00,0.004155256816204573
2018-07-18 19:00:00,0.003835545526762644
2018-07-18 19:30:00,0.0037576884371154215
2018-07-18 20:00:00,0.0036216993774909395
2018-07-18 20:30:00,0.003511461179358734
2018-07-18 21:00:00,0.003425406717263324
2018-07-18 21:30:00,0.0033401744124501114
2018-07-18 22:00:00,0.0032875041643334346
2018-07-18 22:30:00,0.0032214403201754832
2018-07-18 23:00:00,0.0031794661835186475
2018-07-18 23:30:00,0.003148095995231455
2018-07-19 00:00:00,0.0031043477695057537
2018-07-19 00:30:00,0.0030711498984052317
2018-07-19 01:00:00,0.0030511583729537555
2018-07-19 01:30:00,0.003048289368223058
2018-07-19 02:00:00,0.0030475711717132823
2018-07-19 02:30:00,0.0030752558951589095
2018-07-19 03:00:00,0.0031645690384205427
2018-07-19 03:30:00,0.003282194854410307
2018-07-19 04:00:00,0.0034324644033581608
2018-07-19 04:30:00,0.003639180164578756
2018-07-19 05:00:00,0.0038351649758847375
2018-07-19 05:30:00,0.0042755309093490575
2018-07-19 06:00:00,0.004621693308182476
2018-07-19 06:30:00,0.005082111973876992
2018-07-19 07:00:00,0.005528683084851819
2018-07-19 07:30:00,0.006014889870530766
2018-07-19 08:00:00,0.006426074640352431
2018-07-19 08:30:00,0.006805617118934062
2018-07-19 09:00:00,0.007115244465538241
2018-07-19 09:30:00,0.007358289727063164
2018-07-19 10:00:00,0.0075083618412948175
2018-07-19 10:30:00,0.007575434841039969
2018-07-19 11:00:00,0.007604954456993619
2018-07-19 11:30:00,0.0075879722480234
2018-07-19 12:00:00,0.0075127463944343505
2018-07-19 12:30:00,0.007379206513472689
2018-07-19 13:00:00,0.007189589375103751
2018-07-19 13:30:00,0.0069906666888366505
2018-07-19 14:00:00,0.006813420378211529
2018-07-19 14:30:00,0.006629081946376358
2018-07-19 15:00:00,0.006461002939014101
2018-07-19 15:30:00,0.006256846064817524
2018-07-19 16:00:00,0.006035912180653521
2018-07-19 16:30:00,0.005722081380373698
2018-07-19 17:00:00,0.0053155576529621594
2018-07-19 17:30:00,0.004918159584003582
2018-07-19 18:00:00,0.004530476452599844
2018-07-19 18:30:00,0.00418428834086927
2018-07-19 19:00:00,0.00385349756571265
2018-07-19 19:30:00,0.0037514309767140317
2018-07-19 20:00:00,0.003594045509521899
2018-07-19 20:30:00,0.0034847760321856805
2018-07-19 21:00:00,0.003397226844086387
2018-07-19 21:30:00,0.0033220988003414215
2018-07-19 22:00:00,0.0032629484988018977
2018-07-19 22:30:00,0.00321022001853578
2018-07-19 23:00:00,0.003178200251882006
2018-07-19 23:30:00,0.003143803554764675
2018-07-20 00:00:00,0.0030985349405553797
2018-07-20 00:30:00,0.003073469554650811
2018-07-20 01:00:00,0.0030538748144946616
2018-07-20 01:30:00,0.003050807820455864
2018-07-20 02:00:00,0.003049670654974783
2018-07-20 02:30:00,0.003080181074565506
2018-07-20 03:00:00,0.003167296975139001
2018-07-20 03:30:00,0.00329388408870971
2018-07-20 04:00:00,0.003449452309499712
2018-07-20 04:30:00,0.0036696031099017045
2018-07-20 05:00:00,0.0038643345939323942
2018-07-20 05:30:00,0.004273798112167978
2018-07-20 06:00:00,0.004600336730396694
2018-07-20 06:30:00,0.005043444616629296
2018-07-20 07:00:00,0.005449670024016379
2018-07-20 07:30:00,0.005890837342775393
2018-07-20 08:00:00,0.00628643329056546
2018-07-20 08:30:00,0.006668576351398458
2018-07-20 09:00:00,0.0069942834347001305
2018-07-20 09:30:00,0.007250031976603862
2018-07-20 10:00:00,0.007396726676585367
2018-07-20 10:30:00,0.0074581916934608194
2018-07-20 11:00:00,0.0074834271374087345
2018-07-20 11:30:00,0.007439758722499109
2018-07-20 12:00:00,0.007369227842260942
2018-07-20 12:30:00,0.007298510921649237
2018-07-20 13:00:00,0.007173236174182387
2018-07-20 13:30:00,0.0070005872791512914
2018-07-20 14:00:00,0.00684191929298298
2018-07-20 14:30:00,0.006687603239867025
2018-07-20 15:00:00,0.006533804318488575
2018-07-20 15:30:00,0.006333026320648065
2018-07-20 16:00:00,0.006074574445739233
2018-07-20 16:30:00,0.005759655788239934
2018-07-20 17:00:00,0.005366640306140519
2018-07-20 17:30:00,0.004968021782081054
2018-07-20 18:00:00,0.004561697506083532
2018-07-20 18:30:00,0.004193859084530254
2018-07-20 19:00:00,0.0038480753711292635
2018-07-20 19:30:00,0.0037852084467669147
2018-07-20 20:00:00,0.0036509820818686365
2018-07-20 20:30:00,0.0035452845797043805
2018-07-20 21:00:00,0.003451143966045342
2018-07-20 21:30:00,0.003367243135547796
2018-07-20 22:00:00,0.0033124768829733515
2018-07-20 22:30:00,0.00325935519705053
2018-07-20 23:00:00,0.0032290595557772266
2018-07-20 23:30:00,0.0032057485457203713
2018-07-21 00:00:00,0.0033121736724566935
2018-07-21 00:30:00,0.003350625898464853
2018-07-21 01:00:00,0.0033072195030189894
2018-07-21 01:30:00,0.0032759340160400754
2018-07-21 02:00:00,0.003267230452440034
2018-07-21 02:30:00,0.003227893148177812
2018-07-21 03:00:00,0.0032435165565769565
2018-07-21 03:30:00,0.003275337880165622
2018-07-21 04:00:00,0.0032710553719355858
2018-07-21 04:30:00,0.0032816354224361076
2018-07-21 05:00:00,0.0032408146352603273
2018-07-21 05:30:00,0.003355792476600043
2018-07-21 06:00:00,0.003472912454360072
2018-07-21 06:30:00,0.0037016357330040563
2018-07-21 07:00:00,0.003950257063155738
2018-07-21 07:30:00,0.00421404476756398
2018-07-21 08:00:00,0.004460025988187097
2018-07-21 08:30:00,0.00475188536993444
2018-07-21 09:00:00,0.0049979245202023265
2018-07-21 09:30:00,0.005231074450552755
2018-07-21 10:00:00,0.005349295091563392
2018-07-21 10:30:00,0.0054277353598015995
2018-07-21 11:00:00,0.005487064592854861
2018-07-21 11:30:00,0.00555945668350755
2018-07-21 12:00:00,0.005622233713564743
2018-07-21 12:30:00,0.005658033477770214
2018-07-21 13:00:00,0.005699476869979285
2018-07-21 13:30:00,0.0057760964634290726
2018-07-21 14:00:00,0.005844454805527347
2018-07-21 14:30:00,0.005854329314296889
2018-07-21 15:00:00,0.005841061761869124
2018-07-21 15:30:00,0.005816909335065926
2018-07-21 16:00:00,0.005763043134726828
2018-07-21 16:30:00,0.005667461237556034
2018-07-21 17:00:00,0.005508263969045874
2018-07-21 17:30:00,0.005296014237765432
2018-07-21 18:00:00,0.005030187954369736
2018-07-21 18:30:00,0.00476339365602229
2018-07-21 19:00:00,0.004498568511839975
2018-07-21 19:30:00,0.004425977322695387
2018-07-21 20:00:00,0.004214531749669135
2018-07-21 20:30:00,0.004048392755188566
2018-07-21 21:00:00,0.00388561675556876
2018-07-21 21:30:00,0.0037186251516689688
2018-07-21 22:00:00,0.0035688124856113634
2018-07-21 22:30:00,0.0034449774082980153
2018-07-21 23:00:00,0.0033449955302493947
2018-07-21 23:30:00,0.0032657580109470186
2018-07-22 00:00:00,0.0030410800768698914
2018-07-22 00:30:00,0.002835890451721666
2018-07-22 01:00:00,0.0027677405353426906
2018-07-22 01:30:00,0.0027173818766803286
2018-07-22 02:00:00,0.002711578778296917
2018-07-22 02:30:00,0.0027049956716156645
2018-07-22 03:00:00,0.002701707748331108
2018-07-22 03:30:00,0.0027095830037206113
2018-07-22 04:00:00,0.002743450569748431
2018-07-22 04:30:00,0.0027582339226722595
2018-07-22 05:00:00,0.0026030896117632124
2018-07-22 05:30:00,0.002556686857119561
2018-07-22 06:00:00,0.0025510015843060578
2018-07-22 06:30:00,0.00259854150443079
2018-07-22 07:00:00,0.0027566705281077356
2018-07-22 07:30:00,0.0029378726923341243
2018-07-22 08:00:00,0.0030748517993339983
2018-07-22 08:30:00,0.003191842456346567
2018-07-22 09:00:00,0.003283630592003068
2018-07-22 09:30:00,0.003347443145971408
2018-07-22 10:00:00,0.0033956406104190956
2018-07-22 10:30:00,0.003458944603615648
2018-07-22 11:00:00,0.00351472707021965
2018-07-22 11:30:00,0.0035811580037975865
2018-07-22 12:00:00,0.0036513500788026383
2018-07-22 12:30:00,0.0037208288477901196
2018-07-22 13:00:00,0.003779786302600974
2018-07-22 13:30:00,0.003840423565857789
2018-07-22 14:00:00,0.00389753670009833
2018-07-22 14:30:00,0.0039365964563236044
2018-07-22 15:00:00,0.003926963346282656
2018-07-22 15:30:00,0.003877974428777021
2018-07-22 16:00:00,0.0038090988541063502
2018-07-22 16:30:00,0.0037142519424546517
2018-07-22 17:00:00,0.0036062180958703876
2018-07-22 17:30:00,0.0034756443236392716
2018-07-22 18:00:00,0.003325417427850229
2018-07-22 18:30:00,0.003170164669016118
2018-07-22 19:00:00,0.00303204360687785
2018-07-22 19:30:00,0.0031015209137594136
2018-07-22 20:00:00,0.003061234349835131
2018-07-22 20:30:00,0.0030343422894661405
2018-07-22 21:00:00,0.0030040163977255946
2018-07-22 21:30:00,0.002978752165416354
2018-07-22 22:00:00,0.0029599521554521035
2018-07-22 22:30:00,0.0029461379770812706
2018-07-22 23:00:00,0.0029524264442115835
2018-07-22 23:30:00,0.0029415275033688832
2018-07-23 00:00:00,0.0030489958174680547
2018-07-23 00:30:00,0.0031304286131781985
2018-07-23 01:00:00,0.0031422215057453516
2018-07-23 01:30:00,0.003165572950593422
2018-07-23 02:00:00,0.0031609683757221466
2018-07-23 02:30:00,0.0031931651580267327
2018-07-23 03:00:00,0.0032788429513875327
2018-07-23 03:30:00,0.003404370744012864
2018-07-23 04:00:00,0.0035651361463274163
2018-07-23 04:30:00,0.0037812678192341615
2018-07-23 05:00:00,0.003976618177407182
2018-07-23 05:30:00,0.004423297332967508
2018-07-23 06:00:00,0.004753644787526693
2018-07-23 06:30:00,0.005168327519710468
2018-07-23 07:00:00,0.005563761324996117
2018-07-23 07:30:00,0.005995355227969538
2018-07-23 08:00:00,0.006377487549886665
2018-07-23 08:30:00,0.006747414665368127
2018-07-23 09:00:00,0.007040426741169736
2018-07-23 09:30:00,0.007263235700545747
2018-07-23 10:00:00,0.007396917002441767
2018-07-23 10:30:00,0.007447110392718094
2018-07-23 11:00:00,0.00746701635976472
2018-07-23 11:30:00,0.00745943503808192
2018-07-23 12:00:00,0.007395446375976785
2018-07-23 12:30:00,0.007278501296334863
2018-07-23 13:00:00,0.00710507990520529
2018-07-23 13:30:00,0.006895347416138965
2018-07-23 14:00:00,0.006713172043963949
2018-07-23 14:30:00,0.006550131050251102
2018-07-23 15:00:00,0.006396590619115237
2018-07-23 15:30:00,0.006163205642634336
2018-07-23 16:00:00,0.005858921032719587
2018-07-23 16:30:00,0.005481080294172668
2018-07-23 17:00:00,0.005037786821323538
2018-07-23 17:30:00,0.0046282860445958
2018-07-23 18:00:00,0.004231587517692198
2018-07-23 18:30:00,0.003879521185584561
2018-07-23 19:00:00,0.00357895612270447
2018-07-23 19:30:00,0.0035229155187800013
2018-07-23 20:00:00,0.003390878279361152
2018-07-23 20:30:00,0.0033253354490840026
2018-07-23 21:00:00,0.00326281650592983
2018-07-23 21:30:00,0.0031981964661559046
2018-07-23 22:00:00,0.003153543398537543
2018-07-23 22:30:00,0.0031073361123297224
2018-07-23 23:00:00,0.003067703261002544
2018-07-23 23:30:00,0.0030464290149051065
2018-07-24 00:00:00,0.0030042240671832128
2018-07-24 00:30:00,0.002971122039646403
2018-07-24 01:00:00,0.0029609808225906755
2018-07-24 01:30:00,0.0029650582830702543
2018-07-24 02:00:00,0.0029703052770308634
2018-07-24 02:30:00,0.0030074624301189377
2018-07-24 03:00:00,0.003099296748155429
2018-07-24 03:30:00,0.0032147424129710467
2018-07-24 04:00:00,0.0033633531775476735
2018-07-24 04:30:00,0.003579028270068843
2018-07-24 05:00:00,0.003755088056533835
2018-07-24 05:30:00,0.004168386577754051
2018-07-24 06:00:00,0.004497611891230886
2018-07-24 06:30:00,0.004904555848049864
2018-07-24 07:00:00,0.005271759866887627
2018-07-24 07:30:00,0.005670770840342114
2018-07-24 08:00:00,0.006029126143754519
2018-07-24 08:30:00,0.006351120788881337
2018-07-24 09:00:00,0.006619300558628477
2018-07-24 09:30:00,0.006820293990213197
2018-07-24 10:00:00,0.006928419142791088
2018-07-24 10:30:00,0.006975545740698399
2018-07-24 11:00:00,0.006987678346012683
2018-07-24 11:30:00,0.006952877502652995
2018-07-24 12:00:00,0.00685329770373147
2018-07-24 12:30:00,0.006709649729975711
2018-07-24 13:00:00,0.006529256664913162
2018-07-24 13:30:00,0.006339447032737672
2018-07-24 14:00:00,0.006168909922824756
2018-07-24 14:30:00,0.005994946443322205
2018-07-24 15:00:00,0.005832213248113546
2018-07-24 15:30:00,0.005636783835386134
2018-07-24 16:00:00,0.005400292841763691
2018-07-24 16:30:00,0.005096550118552142
2018-07-24 17:00:00,0.004729629395340102
2018-07-24 17:30:00,0.0043943918519163214
2018-07-24 18:00:00,0.004064769501056933
2018-07-24 18:30:00,0.003779258583199933
2018-07-24 19:00:00,0.0035231303979323123
2018-07-24 19:30:00,0.0034935751368447626
2018-07-24 20:00:00,0.003390626444221361
2018-07-24 20:30:00,0.003300576853334715
2018-07-24 21:00:00,0.0032317394446702155
2018-07-24 21:30:00,0.003162559651133978
2018-07-24 22:00:00,0.0031134631427998526
2018-07-24 22:30:00,0.003076796248950883
2018-07-24 23:00:00,0.0030608732600911496
2018-07-24 23:30:00,0.00302923112010345
2018-07-25 00:00:00,0.0029847466988399633
2018-07-25 00:30:00,0.0029628685021640356
2018-07-25 01:00:00,0.002954792938263943
2018-07-25 01:30:00,0.00296144904940614
2018-07-25 02:00:00,0.002971424846823498
2018-07-25 02:30:00,0.003008070313258171
2018-07-25 03:00:00,0.003092005528453482
2018-07-25 03:30:00,0.0032174840632346545
2018-07-25 04:00:00,0.0033622912853125807
2018-07-25 04:30:00,0.00357765222673144
2018-07-25 05:00:00,0.0037443477289743747
2018-07-25 05:30:00,0.004143262556360478
2018-07-25 06:00:00,0.004455261741266229
2018-07-25 06:30:00,0.0048189298334054935
2018-07-25 07:00:00,0.005162790524603897
2018-07-25 07:30:00,0.005541232592022145
2018-07-25 08:00:00,0.005895605471839557
2018-07-25 08:30:00,0.006224254715585209
2018-07-25 09:00:00,0.006486061871485657
2018-07-25 09:30:00,0.0066904837397752746
2018-07-25 10:00:00,0.006817940705531533
2018-07-25 10:30:00,0.0068624538647388995
2018-07-25 11:00:00,0.006866304497131609
2018-07-25 11:30:00,0.00683522713336732
2018-07-25 12:00:00,0.006752811903316039
2018-07-25 12:30:00,0.006605303163261046
2018-07-25 13:00:00,0.006396972228759498
2018-07-25 13:30:00,0.006180143887592164
2018-07-25 14:00:00,0.006007234888960231
2018-07-25 14:30:00,0.005843228602837684
2018-07-25 15:00:00,0.005687674045175386
2018-07-25 15:30:00,0.005501204568757892
2018-07-25 16:00:00,0.005243866768140145
2018-07-25 16:30:00,0.004925148450285443
2018-07-25 17:00:00,0.004575911293126634
2018-07-25 17:30:00,0.004261058984985488
2018-07-25 18:00:00,0.003948261288579433
2018-07-25 18:30:00,0.003641201349547545
2018-07-25 19:00:00,0.0034076520626120737
2018-07-25 19:30:00,0.003397329494005229
2018-07-25 20:00:00,0.0033048075324308766
2018-07-25 20:30:00,0.0032505608316313168
2018-07-25 21:00:00,0.003206646682092792
2018-07-25 21:30:00,0.0031532237015162385
2018-07-25 22:00:00,0.003113576430799675
2018-07-25 22:30:00,0.0030665151739016055
2018-07-25 23:00:00,0.003027189112729709
2018-07-25 23:30:00,0.0030098566537662694
2018-07-26 00:00:00,0.002972703735743608
2018-07-26 00:30:00,0.002944201795925432
2018-07-26 01:00:00,0.0029256397563034876
2018-07-26 01:30:00,0.002914613460993697
2018-07-26 02:00:00,0.002918903531840544
2018-07-26 02:30:00,0.002957560805599161
2018-07-26 03:00:00,0.00303727270264534
2018-07-26 03:30:00,0.0031567634599405873
2018-07-26 04:00:00,0.0033089464517764024
2018-07-26 04:30:00,0.0035286075475311892
2018-07-26 05:00:00,0.0037053968240137267
2018-07-26 05:30:00,0.004102276853720782
2018-07-26 06:00:00,0.004428387780760139
2018-07-26 06:30:00,0.004808190413360051
2018-07-26 07:00:00,0.00517888957118298
2018-07-26 07:30:00,0.005593590151142427
2018-07-26 08:00:00,0.005961313167163176
2018-07-26 08:30:00,0.006283594990059014
2018-07-26 09:00:00,0.006520697496876757
2018-07-26 09:30:00,0.006682720612784349
2018-07-26 10:00:00,0.0067772587680003955
2018-07-26 10:30:00,0.006809810791625296
2018-07-26 11:00:00,0.006785804978753331
2018-07-26 11:30:00,0.006703369682558779
2018-07-26 12:00:00,0.006580383231686467
2018-07-26 12:30:00,0.006433772325499224
2018-07-26 13:00:00,0.006237367486455586
2018-07-26 13:30:00,0.006031518653208706
2018-07-26 14:00:00,0.005861561797674942
2018-07-26 14:30:00,0.005699431595113312
2018-07-26 15:00:00,0.005558457964331548
2018-07-26 15:30:00,0.005376315262661154
2018-07-26 16:00:00,0.005134833194030972
2018-07-26 16:30:00,0.004858665284234068
2018-07-26 17:00:00,0.004537991273672156
2018-07-26 17:30:00,0.004239772285779036
2018-07-26 18:00:00,0.003928918030640957
2018-07-26 18:30:00,0.0036278059384782357
2018-07-26 19:00:00,0.003399895338636714
2018-07-26 19:30:00,0.0033700006168892608
2018-07-26 20:00:00,0.0032723443443447766
2018-07-26 20:30:00,0.0031938127701129438
2018-07-26 21:00:00,0.0031229423787974293
2018-07-26 21:30:00,0.0030669607632840836
2018-07-26 22:00:00,0.0030288768367145976
2018-07-26 22:30:00,0.002974145926769381
2018-07-26 23:00:00,0.0029395936414155334
2018-07-26 23:30:00,0.002914793098351671
2018-07-27 00:00:00,0.0028796625248990433
2018-07-27 00:30:00,0.0028612278397441883
2018-07-27 01:00:00,0.0028535632284415807
2018-07-27 01:30:00,0.0028537082290145616
2018-07-27 02:00:00,0.0028629476292243534
2018-07-27 02:30:00,0.0029025744808755284
2018-07-27 03:00:00,0.002976655606366687
2018-07-27 03:30:00,0.0030831116894144877
2018-07-27 04:00:00,0.0032155791913124118
2018-07-27 04:30:00,0.003409585017051406
2018-07-27 05:00:00,0.0035563657291947694
2018-07-27 05:30:00,0.003975168675851825
2018-07-27 06:00:00,0.0042894025636076505
2018-07-27 06:30:00,0.0046615707849547525
2018-07-27 07:00:00,0.005015845703675744
2018-07-27 07:30:00,0.005408504734436156
2018-07-27 08:00:00,0.0057487399071355786
2018-07-27 08:30:00,0.006061765288725077
2018-07-27 09:00:00,0.006304685514985399
2018-07-27 09:30:00,0.00647434778138567
2018-07-27 10:00:00,0.006567987699394404
2018-07-27 10:30:00,0.006609115175890575
2018-07-27 11:00:00,0.006619827118428272
2018-07-27 11:30:00,0.0065834876858872
2018-07-27 12:00:00,0.006492689900110763
2018-07-27 12:30:00,0.006357454682129958
2018-07-27 13:00:00,0.006180991656936628
2018-07-27 13:30:00,0.0059900177346944306
2018-07-27 14:00:00,0.0058293568477441994
2018-07-27 14:30:00,0.005667650151723961
2018-07-27 15:00:00,0.005524609909855099
2018-07-27 15:30:00,0.005358056483973311
2018-07-27 16:00:00,0.005130739902473536
2018-07-27 16:30:00,0.004865270977930862
2018-07-27 17:00:00,0.004534707686287904
2018-07-27 17:30:00,0.004201345570998251
2018-07-27 18:00:00,0.003896176134916666
2018-07-27 18:30:00,0.0036153790465351314
2018-07-27 19:00:00,0.003385278161612936
2018-07-27 19:30:00,0.0033484550745181063
2018-07-27 20:00:00,0.003244353536588104
2018-07-27 20:30:00,0.0031680040293933427
2018-07-27 21:00:00,0.003103065603451692
2018-07-27 21:30:00,0.0030468483872159746
2018-07-27 22:00:00,0.0030062533189432663
2018-07-27 22:30:00,0.0029644519628718295
2018-07-27 23:00:00,0.0029326003888159227
2018-07-27 23:30:00,0.002910676463517013
2018-07-28 00:00:00,0.0030014646195613776
2018-07-28 00:30:00,0.003032890267038514
2018-07-28 01:00:00,0.003008653189344483
2018-07-28 01:30:00,0.002978423342837431
2018-07-28 02:00:00,0.0029749454970360383
2018-07-28 02:30:00,0.0029590984368490824
2018-07-28 03:00:00,0.002979484327558507
2018-07-28 03:30:00,0.0030162053193263944
2018-07-28 04:00:00,0.0030187834153971127
2018-07-28 04:30:00,0.003025928424507389
2018-07-28 05:00:00,0.0029656240172251293
2018-07-28 05:30:00,0.0030396494818565613
2018-07-28 06:00:00,0.0031490931010492037
2018-07-28 06:30:00,0.0033173272933084146
2018-07-28 07:00:00,0.0035197150193457746
2018-07-28 07:30:00,0.003739192998938855
2018-07-28 08:00:00,0.003946884539397793
2018-07-28 08:30:00,0.0041791552903352736
2018-07-28 09:00:00,0.004374571140769873
2018-07-28 09:30:00,0.00456575555584663
2018-07-28 10:00:00,0.004668785168469905
2018-07-28 10:30:00,0.004757871735731894
2018-07-28 11:00:00,0.004807472922694511
2018-07-28 11:30:00,0.004843238201367327
2018-07-28 12:00:00,0.00488070995931472
2018-07-28 12:30:00,0.0049248998922796034
2018-07-28 13:00:00,0.004982076602918798
2018-07-28 13:30:00,0.005046928260436909
2018-07-28 14:00:00,0.005093423178170759
2018-07-28 14:30:00,0.005121625184606227
2018-07-28 15:00:00,0.0051440468813436085
2018-07-28 15:30:00,0.005154302596417847
2018-07-28 16:00:00,0.005118036420424947
2018-07-28 16:30:00,0.005014312660413354
2018-07-28 17:00:00,0.004862988681012327
2018-07-28 17:30:00,0.004708703685042741
2018-07-28 18:00:00,0.0044896147264583955
2018-07-28 18:30:00,0.004236249568451233
2018-07-28 19:00:00,0.004032855560621061
2018-07-28 19:30:00,0.003972527457139462
2018-07-28 20:00:00,0.003802078779425784
2018-07-28 20:30:00,0.003668132433019278
2018-07-28 21:00:00,0.0035363904885781588
2018-07-28 21:30:00,0.003400025718150528
2018-07-28 22:00:00,0.0032881686662638555
2018-07-28 22:30:00,0.0031928487381393793
2018-07-28 23:00:00,0.0031219132579018496
2018-07-28 23:30:00,0.003057378826950219
2018-07-29 00:00:00,0.002864486722580192
2018-07-29 00:30:00,0.002673311080138935
2018-07-29 01:00:00,0.0026148382378133007
2018-07-29 01:30:00,0.0025790327260190537
2018-07-29 02:00:00,0.0025785674738328683
2018-07-29 02:30:00,0.002573150320994022
2018-07-29 03:00:00,0.002571371391850398
2018-07-29 03:30:00,0.0025809281698790055
2018-07-29 04:00:00,0.002618584405259132
2018-07-29 04:30:00,0.0026333024675911625
2018-07-29 05:00:00,0.0024833708163624043
2018-07-29 05:30:00,0.0024154563494534643
2018-07-29 06:00:00,0.002402951108800202
2018-07-29 06:30:00,0.0024311297215410042
2018-07-29 07:00:00,0.002557675896146045
2018-07-29 07:30:00,0.002705335938954694
2018-07-29 08:00:00,0.002802292820696538
2018-07-29 08:30:00,0.0028879762103937775
2018-07-29 09:00:00,0.002948343790735128
2018-07-29 09:30:00,0.0029750623142570385
2018-07-29 10:00:00,0.0029907170318897794
2018-07-29 10:30:00,0.0030279855571147506
2018-07-29 11:00:00,0.003061819192201814
2018-07-29 11:30:00,0.0030886922956113324
2018-07-29 12:00:00,0.003120758446314878
2018-07-29 12:30:00,0.003148314806944507
2018-07-29 13:00:00,0.0031765122253924446
2018-07-29 13:30:00,0.0032326398498276803
2018-07-29 14:00:00,0.0032904874654128627
2018-07-29 14:30:00,0.0033380552663849028
2018-07-29 15:00:00,0.0033602339006179914
2018-07-29 15:30:00,0.0033422186886088953
2018-07-29 16:00:00,0.003297321449302444
2018-07-29 16:30:00,0.00321842449984377
2018-07-29 17:00:00,0.003130982801738076
2018-07-29 17:30:00,0.0030495150163208215
2018-07-29 18:00:00,0.00294573640212863
2018-07-29 18:30:00,0.002815293311916001
2018-07-29 19:00:00,0.0027335139971035967
2018-07-29 19:30:00,0.0027843572682511794
2018-07-29 20:00:00,0.002755541681505147
2018-07-29 20:30:00,0.002733002562537422
2018-07-29 21:00:00,0.002711777423031808
2018-07-29 21:30:00,0.002695684829885736
2018-07-29 22:00:00,0.0026813608807244264
2018-07-29 22:30:00,0.002673994992785836
2018-07-29 23:00:00,0.0026848315168311264
2018-07-29 23:30:00,0.0026960985554427192
2018-07-30 00:00:00,0.002818017114403936
2018-07-30 00:30:00,0.0029166530483300587
2018-07-30 01:00:00,0.0029396487981008055
2018-07-30 01:30:00,0.0029669875570360726
2018-07-30 02:00:00,0.0029700746172181417
2018-07-30 02:30:00,0.0029911040866181433
2018-07-30 03:00:00,0.003066140219360138
2018-07-30 03:30:00,0.0031803651769876412
2018-07-30 04:00:00,0.003316824580960294
2018-07-30 04:30:00,0.0035165113940299328
2018-07-30 05:00:00,0.0037126486172733685
2018-07-30 05:30:00,0.004088101736858304
2018-07-30 06:00:00,0.004408657014336291
2018-07-30 06:30:00,0.0048025849009451765
2018-07-30 07:00:00,0.00519188285270775
2018-07-30 07:30:00,0.0056072923019495746
2018-07-30 08:00:00,0.005961391213368661
2018-07-30 08:30:00,0.006279950464183116
2018-07-30 09:00:00,0.006540003092983516
2018-07-30 09:30:00,0.006727750399554766
2018-07-30 10:00:00,0.006844117644854918
2018-07-30 10:30:00,0.006892693996404814
2018-07-30 11:00:00,0.006885040930697204
2018-07-30 11:30:00,0.006822460629511976
2018-07-30 12:00:00,0.00672316997463984
2018-07-30 12:30:00,0.006582010757241545
2018-07-30 13:00:00,0.006394182228165748
2018-07-30 13:30:00,0.006201572511907427
2018-07-30 14:00:00,0.006057288572495346
2018-07-30 14:30:00,0.0059324325419125735
2018-07-30 15:00:00,0.005781667792815964
2018-07-30 15:30:00,0.005564948958340048
2018-07-30 16:00:00,0.005326899561480176
2018-07-30 16:30:00,0.005067389273139985
2018-07-30 17:00:00,0.004750213628279744
2018-07-30 17:30:00,0.00441739536597366
2018-07-30 18:00:00,0.00408093651035242
2018-07-30 18:30:00,0.0037645656287557134
2018-07-30 19:00:00,0.0035409107654807183
2018-07-30 19:30:00,0.003465962812850735
2018-07-30 20:00:00,0.0033561476675029126
2018-07-30 20:30:00,0.0032760525474542198
2018-07-30 21:00:00,0.0031910611876125915
2018-07-30 21:30:00,0.0031299106747615666
2018-07-30 22:00:00,0.0030818780753603496
2018-07-30 22:30:00,0.003039933332074184
2018-07-30 23:00:00,0.0030049284997303934
2018-07-30 23:30:00,0.0029801535183113506
2018-07-31 00:00:00,0.002942591664389019
2018-07-31 00:30:00,0.0029159574892532697
2018-07-31 01:00:00,0.0029048612145292597
2018-07-31 01:30:00,0.002904388853483272
2018-07-31 02:00:00,0.0029053185511765164
2018-07-31 02:30:00,0.002939202502874092
2018-07-31 03:00:00,0.0030209256526523157
2018-07-31 03:30:00,0.0031287838448567935
2018-07-31 04:00:00,0.0032739974315446735
2018-07-31 04:30:00,0.0034751507368487693
2018-07-31 05:00:00,0.0036584398303927523
2018-07-31 05:30:00,0.004038887554206606
2018-07-31 06:00:00,0.004355058177710168
2018-07-31 06:30:00,0.0047428407827336885
2018-07-31 07:00:00,0.00513950936167472
2018-07-31 07:30:00,0.005567691566535117
2018-07-31 08:00:00,0.005952084203364584
2018-07-31 08:30:00,0.006299405800102723
2018-07-31 09:00:00,0.006574269309752142
2018-07-31 09:30:00,0.006759357751505138
2018-07-31 10:00:00,0.006870131029985413
2018-07-31 10:30:00,0.006927691114879457
2018-07-31 11:00:00,0.006939585749851435
2018-07-31 11:30:00,0.006903028009771765
2018-07-31 12:00:00,0.006813508457488649
2018-07-31 12:30:00,0.00668624136383178
2018-07-31 13:00:00,0.0065090944259915485
2018-07-31 13:30:00,0.00632188819944437
2018-07-31 14:00:00,0.0061590969737560525
2018-07-31 14:30:00,0.005985355633517949
2018-07-31 15:00:00,0.005822996787841414
2018-07-31 15:30:00,0.005626208927465044
2018-07-31 16:00:00,0.005409641395742783
2018-07-31 16:30:00,0.005158998124360631
2018-07-31 17:00:00,0.004818397727686703
2018-07-31 17:30:00,0.004445129498515783
2018-07-31 18:00:00,0.004098714155358774
2018-07-31 18:30:00,0.0037742084693636263
2018-07-31 19:00:00,0.003541199707860327
2018-07-31 19:30:00,0.0034544820546880757
2018-07-31 20:00:00,0.00334161478844785
2018-07-31 20:30:00,0.003256613647621813
2018-07-31 21:00:00,0.003175526110577793
2018-07-31 21:30:00,0.00311967467290848
2018-07-31 22:00:00,0.003074608434325035
2018-07-31 22:30:00,0.0030364354705469665
2018-07-31 23:00:00,0.0030090110019545127
2018-07-31 23:30:00,0.002982330594021327
2018-08-01 00:00:00,0.002944050745259003
2018-08-01 00:30:00,0.002923449824144932
2018-08-01 01:00:00,0.002915690528879857
2018-08-01 01:30:00,0.0029117572622941322
2018-08-01 02:00:00,0.0029172308826718304
2018-08-01 02:30:00,0.0029545339942643493
2018-08-01 03:00:00,0.0030272939810161484
2018-08-01 03:30:00,0.0031471767843668547
2018-08-01 04:00:00,0.003295437399785153
2018-08-01 04:30:00,0.0034998701078255328
2018-08-01 05:00:00,0.0036893182469174774
2018-08-01 05:30:00,0.004064574536795556
2018-08-01 06:00:00,0.004388546554131107
2018-08-01 06:30:00,0.004806244299967469
2018-08-01 07:00:00,0.0052135553462064315
2018-08-01 07:30:00,0.00563940483670289
2018-08-01 08:00:00,0.006034124630126732
2018-08-01 08:30:00,0.0064156533039700404
2018-08-01 09:00:00,0.0067235290981034505
2018-08-01 09:30:00,0.0069428721101951855
2018-08-01 10:00:00,0.007067949170858608
2018-08-01 10:30:00,0.007109908383951605
2018-08-01 11:00:00,0.007124965856526092
2018-08-01 11:30:00,0.007110097247702087
2018-08-01 12:00:00,0.007027702840055757
2018-08-01 12:30:00,0.006882160279536619
2018-08-01 13:00:00,0.006683534552022946
2018-08-01 13:30:00,0.006478549823372841
2018-08-01 14:00:00,0.006293557124348668
2018-08-01 14:30:00,0.0061074086053886124
2018-08-01 15:00:00,0.0059588322255097505
2018-08-01 15:30:00,0.0057832301286141335
2018-08-01 16:00:00,0.005522959091440246
2018-08-01 16:30:00,0.00519063577719569
2018-08-01 17:00:00,0.004817895569930482
2018-08-01 17:30:00,0.004468623221394782
2018-08-01 18:00:00,0.004117767512986178
2018-08-01 18:30:00,0.0037985474911322635
2018-08-01 19:00:00,0.00356724415013719
2018-08-01 19:30:00,0.003486631041254419
2018-08-01 20:00:00,0.0033737193572447926
2018-08-01 20:30:00,0.003300568988213232
2018-08-01 21:00:00,0.003227399309300083
2018-08-01 21:30:00,0.0031653665919893843
2018-08-01 22:00:00,0.0031175001684882178
2018-08-01 22:30:00,0.0030704106274032773
2018-08-01 23:00:00,0.0030414622411060518
2018-08-01 23:30:00,0.003013205279655092
2018-08-02 00:00:00,0.002976328850903025
2018-08-02 00:30:00,0.0029486855201800747
2018-08-02 01:00:00,0.002935706910131917
2018-08-02 01:30:00,0.0029386006194108624
2018-08-02 02:00:00,0.002941905987131529
2018-08-02 02:30:00,0.002966903813659257
2018-08-02 03:00:00,0.0030387298172349524
2018-08-02 03:30:00,0.003155084306921417
2018-08-02 04:00:00,0.0033032201391623404
2018-08-02 04:30:00,0.0034990245064312215
2018-08-02 05:00:00,0.0036877007544340364
2018-08-02 05:30:00,0.004075135277414488
2018-08-02 06:00:00,0.0043948160643019485
2018-08-02 06:30:00,0.004798629299431138
2018-08-02 07:00:00,0.005208868641316595
2018-08-02 07:30:00,0.00565690084985922
2018-08-02 08:00:00,0.0060435583391711106
2018-08-02 08:30:00,0.006387998629321875
2018-08-02 09:00:00,0.006664060057474085
2018-08-02 09:30:00,0.006860589931782324
2018-08-02 10:00:00,0.006971759188878801
2018-08-02 10:30:00,0.0070131247869696135
2018-08-02 11:00:00,0.007020824942571229
2018-08-02 11:30:00,0.006988052544292469
2018-08-02 12:00:00,0.006902265597162371
2018-08-02 12:30:00,0.006784954638119152
2018-08-02 13:00:00,0.006609059918370413
2018-08-02 13:30:00,0.006393134805737487
2018-08-02 14:00:00,0.006213627625608125
2018-08-02 14:30:00,0.006050480503172703
2018-08-02 15:00:00,0.005890148085879279
2018-08-02 15:30:00,0.005694032088380357
2018-08-02 16:00:00,0.005445646056446374
2018-08-02 16:30:00,0.005159111361943008
2018-08-02 17:00:00,0.0048041558077090655
2018-08-02 17:30:00,0.004433740651356095
2018-08-02 18:00:00,0.004091190864155634
2018-08-02 18:30:00,0.0037697500546665765
2018-08-02 19:00:00,0.003560828026035115
2018-08-02 19:30:00,0.0034743006483018177
2018-08-02 20:00:00,0.0033589872788629396
2018-08-02 20:30:00,0.003278378304210692
2018-08-02 21:00:00,0.003200677609479111
2018-08-02 21:30:00,0.00314231432426234
2018-08-02 22:00:00,0.0031023180135712463
2018-08-02 22:30:00,0.0030559122338808704
2018-08-02 23:00:00,0.0030206205262727328
2018-08-02 23:30:00,0.0029968097784970355
2018-08-03 00:00:00,0.0029581847214860315
2018-08-03 00:30:00,0.0029274018460203467
2018-08-03 01:00:00,0.0029192857464941492
2018-08-03 01:30:00,0.002920642379115073
2018-08-03 02:00:00,0.0029272256874661065
2018-08-03 02:30:00,0.002962827361528586
2018-08-03 03:00:00,0.0030450133434556156
2018-08-03 03:30:00,0.0031696677042567737
2018-08-03 04:00:00,0.0033130617757574795
2018-08-03 04:30:00,0.0035093349748511696
2018-08-03 05:00:00,0.003703129753163704
2018-08-03 05:30:00,0.004092864975430264
2018-08-03 06:00:00,0.004405295834503562
2018-08-03 06:30:00,0.004789414603769595
2018-08-03 07:00:00,0.0051811126276031655
2018-08-03 07:30:00,0.005608805379903585
2018-08-03 08:00:00,0.005982863045434635
2018-08-03 08:30:00,0.006324403576213005
2018-08-03 09:00:00,0.006617995805558875
2018-08-03 09:30:00,0.0068384303553435995
2018-08-03 10:00:00,0.006981951630059059
2018-08-03 10:30:00,0.0070550114493586735
2018-08-03 11:00:00,0.0070867982874146815
2018-08-03 11:30:00,0.007055996152484853
2018-08-03 12:00:00,0.0069598111618321395
2018-08-03 12:30:00,0.006837446206809318
2018-08-03 13:00:00,0.006667395978166666
2018-08-03 13:30:00,0.006473046910459363
2018-08-03 14:00:00,0.006301941041344849
2018-08-03 14:30:00,0.006139224584728065
2018-08-03 15:00:00,0.0059977243437290585
2018-08-03 15:30:00,0.00581554241728614
2018-08-03 16:00:00,0.005554351715490643
2018-08-03 16:30:00,0.005227076750471805
2018-08-03 17:00:00,0.00485502504384103
2018-08-03 17:30:00,0.0045158100177319065
2018-08-03 18:00:00,0.004176738025915392
2018-08-03 18:30:00,0.003844603020829419
2018-08-03 19:00:00,0.0036493827396655402
2018-08-03 19:30:00,0.003528100499282764
2018-08-03 20:00:00,0.003403651690406517
2018-08-03 20:30:00,0.003320755175421412
2018-08-03 21:00:00,0.0032466652772947546
2018-08-03 21:30:00,0.0031704571910343505
2018-08-03 22:00:00,0.0031263969821564916
2018-08-03 22:30:00,0.0030814953061148445
2018-08-03 23:00:00,0.0030402320554382013
2018-08-03 23:30:00,0.0030077714386418175
2018-08-04 00:00:00,0.0031011625465574844
2018-08-04 00:30:00,0.003134701794180835
2018-08-04 01:00:00,0.0031040906909516404
2018-08-04 01:30:00,0.0030688623580723746
2018-08-04 02:00:00,0.003065583812432663
2018-08-04 02:30:00,0.0030582703082198473
2018-08-04 03:00:00,0.0030860271790298472
2018-08-04 03:30:00,0.00310871397069516
2018-08-04 04:00:00,0.0030939959083631295
2018-08-04 04:30:00,0.0030999749132135544
2018-08-04 05:00:00,0.0030875956657563566
2018-08-04 05:30:00,0.0031316056588585935
2018-08-04 06:00:00,0.003236809977571911
2018-08-04 06:30:00,0.0034288708495195668
2018-08-04 07:00:00,0.0036660284626051365
2018-08-04 07:30:00,0.0039269866895598774
2018-08-04 08:00:00,0.004162249514212285
2018-08-04 08:30:00,0.004438410718488949
2018-08-04 09:00:00,0.004670789514011928
2018-08-04 09:30:00,0.004879379442930517
2018-08-04 10:00:00,0.00497778184324953
2018-08-04 10:30:00,0.005047541235738128
2018-08-04 11:00:00,0.0050904670016769585
2018-08-04 11:30:00,0.005130806957675923
2018-08-04 12:00:00,0.005174686117507338
2018-08-04 12:30:00,0.005233102794798791
2018-08-04 13:00:00,0.00529422628389908
2018-08-04 13:30:00,0.00535316447924579
2018-08-04 14:00:00,0.005398126555387031
2018-08-04 14:30:00,0.005403064490407315
2018-08-04 15:00:00,0.005394159559530331
2018-08-04 15:30:00,0.005376600726237029
2018-08-04 16:00:00,0.005331236318881468
2018-08-04 16:30:00,0.0052509293447271874
2018-08-04 17:00:00,0.005113121173255094
2018-08-04 17:30:00,0.0049357803299198404
2018-08-04 18:00:00,0.004698957539089197
2018-08-04 18:30:00,0.004436526467301877
2018-08-04 19:00:00,0.004263268428695415
2018-08-04 19:30:00,0.0041464076974396516
2018-08-04 20:00:00,0.0039656388711565085
2018-08-04 20:30:00,0.003822819155193841
2018-08-04 21:00:00,0.0036695041908738225
2018-08-04 21:30:00,0.0035137148895857256
2018-08-04 22:00:00,0.0033825847608445797
2018-08-04 22:30:00,0.0032790665023404524
2018-08-04 23:00:00,0.0031907524311769386
2018-08-04 23:30:00,0.003124241485113147
2018-08-05 00:00:00,0.002910742762457719
2018-08-05 00:30:00,0.0027212352316150885
2018-08-05 01:00:00,0.002663979617673836
2018-08-05 01:30:00,0.002620312463200344
2018-08-05 02:00:00,0.0026214059167562597
2018-08-05 02:30:00,0.0026201459343781755
2018-08-05 03:00:00,0.0026190680093954445
2018-08-05 03:30:00,0.002623557430821417
2018-08-05 04:00:00,0.0026587335312272444
2018-08-05 04:30:00,0.0026749169261924884
2018-08-05 05:00:00,0.002588089967998602
2018-08-05 05:30:00,0.0024903257517035087
2018-08-05 06:00:00,0.002481665950446078
2018-08-05 06:30:00,0.00251034848555369
2018-08-05 07:00:00,0.002659355833755862
2018-08-05 07:30:00,0.002858683573779335
2018-08-05 08:00:00,0.002966130813386328
2018-08-05 08:30:00,0.003059680080828225
2018-08-05 09:00:00,0.0031383512609663815
2018-08-05 09:30:00,0.0031898762768107136
2018-08-05 10:00:00,0.0032395257132685814
2018-08-05 10:30:00,0.003301338761769656
2018-08-05 11:00:00,0.00334924864510876
2018-08-05 11:30:00,0.0033898997271633122
2018-08-05 12:00:00,0.0034118955477393667
2018-08-05 12:30:00,0.0034416098254497207
2018-08-05 13:00:00,0.003465443160240959
2018-08-05 13:30:00,0.003471361059147555
2018-08-05 14:00:00,0.0034809869594938114
2018-08-05 14:30:00,0.003462592356208052
2018-08-05 15:00:00,0.0034457474339416663
2018-08-05 15:30:00,0.0034142495886827114
2018-08-05 16:00:00,0.0033603199631972954
2018-08-05 16:30:00,0.003288503034761773
2018-08-05 17:00:00,0.003205341878605745
2018-08-05 17:30:00,0.0031053652943888914
2018-08-05 18:00:00,0.002974127473984363
2018-08-05 18:30:00,0.0028441973812787166
2018-08-05 19:00:00,0.0028147796589822276
2018-08-05 19:30:00,0.0028365361983623966
2018-08-05 20:00:00,0.002798410122808553
2018-08-05 20:30:00,0.002787122463461791
2018-08-05 21:00:00,0.0027571477796459274
2018-08-05 21:30:00,0.0027375776432031354
2018-08-05 22:00:00,0.0027198482476920322
2018-08-05 22:30:00,0.002714724927724999
2018-08-05 23:00:00,0.0027248128031234897
2018-08-05 23:30:00,0.0027161882940778415
2018-08-06 00:00:00,0.0028218275136752116
2018-08-06 00:30:00,0.0029190977398402393
2018-08-06 01:00:00,0.0029458961750131146
2018-08-06 01:30:00,0.0029668338342450367
2018-08-06 02:00:00,0.0029583219577724203
2018-08-06 02:30:00,0.002987734033315024
2018-08-06 03:00:00,0.0030499392287064485
2018-08-06 03:30:00,0.0031672951096935213
2018-08-06 04:00:00,0.0032967298005806317
2018-08-06 04:30:00,0.0034885946999180027
2018-08-06 05:00:00,0.0037259470755951676
2018-08-06 05:30:00,0.004071563554329754
2018-08-06 06:00:00,0.00434887387302206
2018-08-06 06:30:00,0.004723388875200368
2018-08-06 07:00:00,0.005109500343578537
2018-08-06 07:30:00,0.005514300903541068
2018-08-06 08:00:00,0.005868054052119576
2018-08-06 08:30:00,0.006201377648480942
2018-08-06 09:00:00,0.0064682743950774495
2018-08-06 09:30:00,0.006653212239921024
2018-08-06 10:00:00,0.006775512458943948
2018-08-06 10:30:00,0.0068541769839793095
2018-08-06 11:00:00,0.00688461328992529
2018-08-06 11:30:00,0.00684835785284826
2018-08-06 12:00:00,0.006757505162473779
2018-08-06 12:30:00,0.00664511660987766
2018-08-06 13:00:00,0.006478580376344757
2018-08-06 13:30:00,0.006269242807128277
2018-08-06 14:00:00,0.006080601296745347
2018-08-06 14:30:00,0.005897166698453927
2018-08-06 15:00:00,0.005736575841335363
2018-08-06 15:30:00,0.005555715809893486
2018-08-06 16:00:00,0.0053292422080808595
2018-08-06 16:30:00,0.005054389790269431
2018-08-06 17:00:00,0.004709358960580652
2018-08-06 17:30:00,0.004356049283851915
2018-08-06 18:00:00,0.004024950962278333
2018-08-06 18:30:00,0.003717373790674049
2018-08-06 19:00:00,0.0035367212270200074
2018-08-06 19:30:00,0.003428611149258292
2018-08-06 20:00:00,0.003303319360694895
2018-08-06 20:30:00,0.0032206700928620506
2018-08-06 21:00:00,0.003137934611197566
2018-08-06 21:30:00,0.0030721378786653626
2018-08-06 22:00:00,0.0030249092862659984
2018-08-06 22:30:00,0.0029792952117207974
2018-08-06 23:00:00,0.0029523948324733157
2018-08-06 23:30:00,0.00292068266265395
2018-08-07 00:00:00,0.002884805356417448
2018-08-07 00:30:00,0.002857593447774816
2018-08-07 01:00:00,0.0028450114213522046
2018-08-07 01:30:00,0.0028432681373424806
2018-08-07 02:00:00,0.002838567618072603
2018-08-07 02:30:00,0.0028637787103943883
2018-08-07 03:00:00,0.002936070470330723
2018-08-07 03:30:00,0.0030462812917900735
2018-08-07 04:00:00,0.0031803945703583114
2018-08-07 04:30:00,0.0033699517623846644
2018-08-07 05:00:00,0.003584811604813656
2018-08-07 05:30:00,0.003909420646571882
2018-08-07 06:00:00,0.004211242414696106
2018-08-07 06:30:00,0.004608373724951053
2018-08-07 07:00:00,0.005009337718988144
2018-08-07 07:30:00,0.0054412719397180405
2018-08-07 08:00:00,0.005819797296756095
2018-08-07 08:30:00,0.006166326079165261
2018-08-07 09:00:00,0.006444607639525824
2018-08-07 09:30:00,0.006648634386295812
2018-08-07 10:00:00,0.006778306745020557
2018-08-07 10:30:00,0.006826829401991098
2018-08-07 11:00:00,0.006826918892956689
2018-08-07 11:30:00,0.006793829822703348
2018-08-07 12:00:00,0.006712457175005571
2018-08-07 12:30:00,0.006584378562147484
2018-08-07 13:00:00,0.006393650021612066
2018-08-07 13:30:00,0.0061834229374063306
2018-08-07 14:00:00,0.006015054332237674
2018-08-07 14:30:00,0.005850445658477444
2018-08-07 15:00:00,0.0056945300110711645
2018-08-07 15:30:00,0.005525429395012691
2018-08-07 16:00:00,0.005305537689862628
2018-08-07 16:30:00,0.00503523897572006
2018-08-07 17:00:00,0.004701069072120149
2018-08-07 17:30:00,0.004363765119279052
2018-08-07 18:00:00,0.004030510897322562
2018-08-07 18:30:00,0.003714381111949776
2018-08-07 19:00:00,0.0035443892162914563
2018-08-07 19:30:00,0.0034495867224091582
2018-08-07 20:00:00,0.003331549147142782
2018-08-07 20:30:00,0.0032602824747063946
2018-08-07 21:00:00,0.003181307529459682
2018-08-07 21:30:00,0.003119340606915235
2018-08-07 22:00:00,0.003075413248006014
2018-08-07 22:30:00,0.00303595322768168
2018-08-07 23:00:00,0.00301659257572454
2018-08-07 23:30:00,0.0029866190010924758
2018-08-08 00:00:00,0.0029479351069226856
2018-08-08 00:30:00,0.002935142638082959
2018-08-08 01:00:00,0.0029235651288425707
2018-08-08 01:30:00,0.002926061246147062
2018-08-08 02:00:00,0.002936487069682094
2018-08-08 02:30:00,0.0029687123882607786
2018-08-08 03:00:00,0.003056341387176147
2018-08-08 03:30:00,0.0031734234005997867
2018-08-08 04:00:00,0.0033456760649274537
2018-08-08 04:30:00,0.0035663975403939707
2018-08-08 05:00:00,0.003806230555219888
2018-08-08 05:30:00,0.004110886640872372
2018-08-08 06:00:00,0.004405080249507015
2018-08-08 06:30:00,0.00480395524711125
2018-08-08 07:00:00,0.005198076182118587
2018-08-08 07:30:00,0.005629292861765497
2018-08-08 08:00:00,0.00600748465698476
2018-08-08 08:30:00,0.006357920740995269
2018-08-08 09:00:00,0.006647898543680147
2018-08-08 09:30:00,0.006863361328338722
2018-08-08 10:00:00,0.007009332487561236
2018-08-08 10:30:00,0.007108337628440051
2018-08-08 11:00:00,0.007146951744865403
2018-08-08 11:30:00,0.0070977723502510335
2018-08-08 12:00:00,0.006994144685890381
2018-08-08 12:30:00,0.006857193560572706
2018-08-08 13:00:00,0.006653688836032425
2018-08-08 13:30:00,0.006414343761243125
2018-08-08 14:00:00,0.006214214434255178
2018-08-08 14:30:00,0.006035344429800829
2018-08-08 15:00:00,0.0058689335340372
2018-08-08 15:30:00,0.005659988615885524
2018-08-08 16:00:00,0.005408316223607792
2018-08-08 16:30:00,0.0051270978470524635
2018-08-08 17:00:00,0.004780988134449491
2018-08-08 17:30:00,0.004419951127116064
2018-08-08 18:00:00,0.0040760524715812724
2018-08-08 18:30:00,0.0037627356267398953
2018-08-08 19:00:00,0.003603487789531995
2018-08-08 19:30:00,0.003510780140506221
2018-08-08 20:00:00,0.0033913852771921323
2018-08-08 20:30:00,0.003311557067099406
2018-08-08 21:00:00,0.0032286965501703204
2018-08-08 21:30:00,0.0031604505381404055
2018-08-08 22:00:00,0.0031093590619091
2018-08-08 22:30:00,0.0030664266408674764
2018-08-08 23:00:00,0.003036055575095849
2018-08-08 23:30:00,0.003006672136662235
2018-08-09 00:00:00,0.0029649938999924737
2018-08-09 00:30:00,0.002938568150576023
2018-08-09 01:00:00,0.002918525401000016
2018-08-09 01:30:00,0.002916864045339073
2018-08-09 02:00:00,0.0029104612314425848
2018-08-09 02:30:00,0.0029372817998739925
2018-08-09 03:00:00,0.00301568783466677
2018-08-09 03:30:00,0.0031190173806727515
2018-08-09 04:00:00,0.0032512937500351505
2018-08-09 04:30:00,0.003456269605214864
2018-08-09 05:00:00,0.003690895758366714
2018-08-09 05:30:00,0.004013871325311305
2018-08-09 06:00:00,0.004292790464686443
2018-08-09 06:30:00,0.004679478456552803
2018-08-09 07:00:00,0.005071659983687796
2018-08-09 07:30:00,0.005494369979858966
2018-08-09 08:00:00,0.005865372499450889
2018-08-09 08:30:00,0.006195687888514798
2018-08-09 09:00:00,0.006462359369965242
2018-08-09 09:30:00,0.006667600420907778
2018-08-09 10:00:00,0.006796411700082472
2018-08-09 10:30:00,0.006862254715829555
2018-08-09 11:00:00,0.006890924898663043
2018-08-09 11:30:00,0.006878531937660695
2018-08-09 12:00:00,0.006802624036870224
2018-08-09 12:30:00,0.006684600628906008
2018-08-09 13:00:00,0.006511430669576665
2018-08-09 13:30:00,0.006293807547799988
2018-08-09 14:00:00,0.006108422651468017
2018-08-09 14:30:00,0.00595434608121773
2018-08-09 15:00:00,0.005806600782508902
2018-08-09 15:30:00,0.005615321532217341
2018-08-09 16:00:00,0.005383944833839205
2018-08-09 16:30:00,0.005115415318273299
2018-08-09 17:00:00,0.004774116135806077
2018-08-09 17:30:00,0.004429533365954601
2018-08-09 18:00:00,0.0040852609154795865
2018-08-09 18:30:00,0.00376010539903063
2018-08-09 19:00:00,0.0035866724623060614
2018-08-09 19:30:00,0.0034604487072643774
2018-08-09 20:00:00,0.003331751674020969
2018-08-09 20:30:00,0.0032492183158951073
2018-08-09 21:00:00,0.0031689495581644434
2018-08-09 21:30:00,0.003102083723702455
2018-08-09 22:00:00,0.0030501832995596476
2018-08-09 22:30:00,0.002999056329446779
2018-08-09 23:00:00,0.0029659785527012083
2018-08-09 23:30:00,0.002934528452763051
2018-08-10 00:00:00,0.002897181730080258
2018-08-10 00:30:00,0.002872894386193159
2018-08-10 01:00:00,0.002861801791942664
2018-08-10 01:30:00,0.0028667096781654876
2018-08-10 02:00:00,0.00287083513605309
2018-08-10 02:30:00,0.002907004107211253
2018-08-10 03:00:00,0.002990581509796534
2018-08-10 03:30:00,0.0031050068767695164
2018-08-10 04:00:00,0.003247154780272179
2018-08-10 04:30:00,0.0034494617879794473
2018-08-10 05:00:00,0.003687665411804808
2018-08-10 05:30:00,0.003998311190806143
2018-08-10 06:00:00,0.00428247621495809
2018-08-10 06:30:00,0.0046667839992269415
2018-08-10 07:00:00,0.005040019204971121
2018-08-10 07:30:00,0.005461273447823706
2018-08-10 08:00:00,0.005833037875850569
2018-08-10 08:30:00,0.006182946240460037
2018-08-10 09:00:00,0.006471321474225312
2018-08-10 09:30:00,0.006678144574187172
2018-08-10 10:00:00,0.0067984955035184525
2018-08-10 10:30:00,0.006854470766433677
2018-08-10 11:00:00,0.006877362605849447
2018-08-10 11:30:00,0.006858511069255994
2018-08-10 12:00:00,0.0067802106085938915
2018-08-10 12:30:00,0.006648588758507722
2018-08-10 13:00:00,0.0064589529656839855
2018-08-10 13:30:00,0.006234480281027097
2018-08-10 14:00:00,0.00602572493247014
2018-08-10 14:30:00,0.00583122204113691
2018-08-10 15:00:00,0.005670903488640972
2018-08-10 15:30:00,0.005479557384816805
2018-08-10 16:00:00,0.005234512466572279
2018-08-10 16:30:00,0.004955568925153566
2018-08-10 17:00:00,0.0046000158233566995
2018-08-10 17:30:00,0.0042410374611539965
2018-08-10 18:00:00,0.0038997120111977186
2018-08-10 18:30:00,0.00359875389391326
2018-08-10 19:00:00,0.003470243758139963
2018-08-10 19:30:00,0.0033704478700474364
2018-08-10 20:00:00,0.0032718565051430507
2018-08-10 20:30:00,0.0031918682700786136
2018-08-10 21:00:00,0.003114337129215926
2018-08-10 21:30:00,0.0030557230172082706
2018-08-10 22:00:00,0.0030133954038417095
2018-08-10 22:30:00,0.0029694629527705035
2018-08-10 23:00:00,0.0029451911878740343
2018-08-10 23:30:00,0.002925550467007677
2018-08-11 00:00:00,0.003012659409973706
2018-08-11 00:30:00,0.0030464658196402514
2018-08-11 01:00:00,0.003019100440293811
2018-08-11 01:30:00,0.002998157033473113
2018-08-11 02:00:00,0.0029955387546984078
2018-08-11 02:30:00,0.002988723425263626
2018-08-11 03:00:00,0.003002322875734485
2018-08-11 03:30:00,0.0030344926847057805
2018-08-11 04:00:00,0.0030200468765789294
2018-08-11 04:30:00,0.003022561950842893
2018-08-11 05:00:00,0.0030411763237731676
2018-08-11 05:30:00,0.0030584469205310965
2018-08-11 06:00:00,0.003124511117611166
2018-08-11 06:30:00,0.0032627764240607347
2018-08-11 07:00:00,0.0034326810471210605
2018-08-11 07:30:00,0.00366552494357789
2018-08-11 08:00:00,0.0038839168809795288
2018-08-11 08:30:00,0.004129246859460367
2018-08-11 09:00:00,0.004341468659476055
2018-08-11 09:30:00,0.004545397999741524
2018-08-11 10:00:00,0.004650478442791484
2018-08-11 10:30:00,0.0047315155623901
2018-08-11 11:00:00,0.004786073691749918
2018-08-11 11:30:00,0.0048346774199726685
2018-08-11 12:00:00,0.004884274623957098
2018-08-11 12:30:00,0.004944096536286844
2018-08-11 13:00:00,0.005000739578266442
2018-08-11 13:30:00,0.005040772340770563
2018-08-11 14:00:00,0.005068907544090872
2018-08-11 14:30:00,0.0050742026362943955
2018-08-11 15:00:00,0.005056963500022398
2018-08-11 15:30:00,0.005025916790064916
2018-08-11 16:00:00,0.004979359052194094
2018-08-11 16:30:00,0.004902219705299638
2018-08-11 17:00:00,0.004761786297445374
2018-08-11 17:30:00,0.004585903123291631
2018-08-11 18:00:00,0.0043652142679122905
2018-08-11 18:30:00,0.004129943779808182
2018-08-11 19:00:00,0.0040386525080761335
2018-08-11 19:30:00,0.003928340297134076
2018-08-11 20:00:00,0.0037693041627794265
2018-08-11 20:30:00,0.003639187323856004
2018-08-11 21:00:00,0.0034974665569508017
2018-08-11 21:30:00,0.0033650603122490426
2018-08-11 22:00:00,0.0032453413655958987
2018-08-11 22:30:00,0.0031520418157610845
2018-08-11 23:00:00,0.003082074300057861
2018-08-11 23:30:00,0.0030164663808586946
2018-08-12 00:00:00,0.002824590540935671
2018-08-12 00:30:00,0.0026475004235564084
2018-08-12 01:00:00,0.002588588041941745
2018-08-12 01:30:00,0.002550135715098694
2018-08-12 02:00:00,0.0025515323287538224
2018-08-12 02:30:00,0.0025436182015139124
2018-08-12 03:00:00,0.0025422153360955546
2018-08-12 03:30:00,0.0025420751755973322
2018-08-12 04:00:00,0.0025746762049791653
2018-08-12 04:30:00,0.0025918526723665257
2018-08-12 05:00:00,0.0025252783515738618
2018-08-12 05:30:00,0.0023881316065680197
2018-08-12 06:00:00,0.0023586132006330595
2018-08-12 06:30:00,0.002367585640469439
2018-08-12 07:00:00,0.002468242507277124
2018-08-12 07:30:00,0.002631930003892383
2018-08-12 08:00:00,0.002733407616293795
2018-08-12 08:30:00,0.002830123855568727
2018-08-12 09:00:00,0.002897952663237926
2018-08-12 09:30:00,0.002935303671403578
2018-08-12 10:00:00,0.0029615862856925282
2018-08-12 10:30:00,0.0030003125305164574
2018-08-12 11:00:00,0.0030462906190174737
2018-08-12 11:30:00,0.0030972437497785907
2018-08-12 12:00:00,0.003137389749865088
2018-08-12 12:30:00,0.0031899548776080974
2018-08-12 13:00:00,0.0032314371416675746
2018-08-12 13:30:00,0.0032834850872556333
2018-08-12 14:00:00,0.003325606594105384
2018-08-12 14:30:00,0.0033487891405113513
2018-08-12 15:00:00,0.003364897363065498
2018-08-12 15:30:00,0.0033342595385902397
2018-08-12 16:00:00,0.003282413968628031
2018-08-12 16:30:00,0.003206290684510797
2018-08-12 17:00:00,0.0031173477565507625
2018-08-12 17:30:00,0.003021266726670472
2018-08-12 18:00:00,0.0028970632490835594
2018-08-12 18:30:00,0.0027717988371930165
2018-08-12 19:00:00,0.0027990219385085275
2018-08-12 19:30:00,0.002789585658174434
2018-08-12 20:00:00,0.0027705087051825813
2018-08-12 20:30:00,0.002746654648821282
2018-08-12 21:00:00,0.0027209652966123966
2018-08-12 21:30:00,0.0027049093569491336
2018-08-12 22:00:00,0.0026929481205317774
2018-08-12 22:30:00,0.0026882266276046117
2018-08-12 23:00:00,0.0026992586705031777
2018-08-12 23:30:00,0.0027071402784908027
2018-08-13 00:00:00,0.0028287130746114404
2018-08-13 00:30:00,0.0029275534512786757
2018-08-13 01:00:00,0.0029571157708085825
2018-08-13 01:30:00,0.0029851150991135286
2018-08-13 02:00:00,0.0029825464311051004
2018-08-13 02:30:00,0.0030135186744957216
2018-08-13 03:00:00,0.003084700948128503
2018-08-13 03:30:00,0.0032009949368804825
2018-08-13 04:00:00,0.0033457171047280125
2018-08-13 04:30:00,0.003558150557179506
2018-08-13 05:00:00,0.0038156930526255916
2018-08-13 05:30:00,0.00413980659173039
2018-08-13 06:00:00,0.004451592712511866
2018-08-13 06:30:00,0.004833489937881075
2018-08-13 07:00:00,0.0051932310656152905
2018-08-13 07:30:00,0.005609127345709932
2018-08-13 08:00:00,0.005983406898418205
2018-08-13 08:30:00,0.006333212512273941
2018-08-13 09:00:00,0.006611701036247886
2018-08-13 09:30:00,0.006809843815052036
2018-08-13 10:00:00,0.0069321622347727485
2018-08-13 10:30:00,0.006999980958952867
2018-08-13 11:00:00,0.007038102446519179
2018-08-13 11:30:00,0.007013571485535889
2018-08-13 12:00:00,0.006929756818452539
2018-08-13 12:30:00,0.006791263927654417
2018-08-13 13:00:00,0.006605055462351778
2018-08-13 13:30:00,0.006415182354612525
2018-08-13 14:00:00,0.0062289028511293126
2018-08-13 14:30:00,0.006014026572613119
2018-08-13 15:00:00,0.005826297970914112
2018-08-13 15:30:00,0.0056487947834046575
2018-08-13 16:00:00,0.005436245118741509
2018-08-13 16:30:00,0.0051633055388086956
2018-08-13 17:00:00,0.004801259880062522
2018-08-13 17:30:00,0.00442159599627236
2018-08-13 18:00:00,0.004091257112678895
2018-08-13 18:30:00,0.0037859824553887526
2018-08-13 19:00:00,0.0036671011945909908
2018-08-13 19:30:00,0.0035242812265410973
2018-08-13 20:00:00,0.003426227916614059
2018-08-13 20:30:00,0.003337651926821673
2018-08-13 21:00:00,0.003261002687913987
2018-08-13 21:30:00,0.003203841152925858
2018-08-13 22:00:00,0.0031521860096549396
2018-08-13 22:30:00,0.003103726273656263
2018-08-13 23:00:00,0.0030676854132268712
2018-08-13 23:30:00,0.0030306187090358505
2018-08-14 00:00:00,0.0029765424192017553
2018-08-14 00:30:00,0.0029401750553959298
2018-08-14 01:00:00,0.002918693139840874
2018-08-14 01:30:00,0.002909572472715008
2018-08-14 02:00:00,0.0029148446249808732
2018-08-14 02:30:00,0.002935973920922775
2018-08-14 03:00:00,0.0030166950743910456
2018-08-14 03:30:00,0.0031349434449966544
2018-08-14 04:00:00,0.0032688488524374925
2018-08-14 04:30:00,0.0034698586192745246
2018-08-14 05:00:00,0.003724791406911623
2018-08-14 05:30:00,0.004064717319000939
2018-08-14 06:00:00,0.004376582847258926
2018-08-14 06:30:00,0.004764907994412435
2018-08-14 07:00:00,0.00512830065604746
2018-08-14 07:30:00,0.005553789510556946
2018-08-14 08:00:00,0.005927764995651989
2018-08-14 08:30:00,0.006269364615676372
2018-08-14 09:00:00,0.00654939823268216
2018-08-14 09:30:00,0.006761620133532739
2018-08-14 10:00:00,0.006903982361595813
2018-08-14 10:30:00,0.0069847484370079375
2018-08-14 11:00:00,0.007017742621629028
2018-08-14 11:30:00,0.006989953987828424
2018-08-14 12:00:00,0.00690596275885127
2018-08-14 12:30:00,0.006785158375016029
2018-08-14 13:00:00,0.006604886815996903
2018-08-14 13:30:00,0.006378323521548903
2018-08-14 14:00:00,0.006180220875031296
2018-08-14 14:30:00,0.00600565687333654
2018-08-14 15:00:00,0.005808323697870684
2018-08-14 15:30:00,0.005515210484673596
2018-08-14 16:00:00,0.005233091551708467
2018-08-14 16:30:00,0.004974969810232138
2018-08-14 17:00:00,0.004629430974363472
2018-08-14 17:30:00,0.004265443638959912
2018-08-14 18:00:00,0.003909656600216372
2018-08-14 18:30:00,0.003592495525997853
2018-08-14 19:00:00,0.003479630578960115
2018-08-14 19:30:00,0.0033581011922599697
2018-08-14 20:00:00,0.0032623720761485973
2018-08-14 20:30:00,0.003172772108040062
2018-08-14 21:00:00,0.0030960194629518524
2018-08-14 21:30:00,0.0030456855592551836
2018-08-14 22:00:00,0.003010197374862308
2018-08-14 22:30:00,0.0029660588172742914
2018-08-14 23:00:00,0.0029319778342000776
2018-08-14 23:30:00,0.0029094565125905793
2018-08-15 00:00:00,0.0028739325822289123
2018-08-15 00:30:00,0.0028583819766209305
2018-08-15 01:00:00,0.0028487716048478584
2018-08-15 01:30:00,0.002850439413941813
2018-08-15 02:00:00,0.0028526900991220796
2018-08-15 02:30:00,0.002884084386948175
2018-08-15 03:00:00,0.0029631858799828515
2018-08-15 03:30:00,0.0030786795926239386
2018-08-15 04:00:00,0.003213058671964344
2018-08-15 04:30:00,0.0034049678378187806
2018-08-15 05:00:00,0.003658634643401793
2018-08-15 05:30:00,0.003967963468311737
2018-08-15 06:00:00,0.004273013263795378
2018-08-15 06:30:00,0.00464159776270574
2018-08-15 07:00:00,0.004983460713047467
2018-08-15 07:30:00,0.005373429569756027
2018-08-15 08:00:00,0.005722907873556201
2018-08-15 08:30:00,0.006039769871488586
2018-08-15 09:00:00,0.006275211930159402
2018-08-15 09:30:00,0.006452277695912535
2018-08-15 10:00:00,0.006575923707805619
2018-08-15 10:30:00,0.006636336109255934
2018-08-15 11:00:00,0.006641661704013927
2018-08-15 11:30:00,0.006585567405510103
2018-08-15 12:00:00,0.006494858808194585
2018-08-15 12:30:00,0.006400665205800429
2018-08-15 13:00:00,0.006242178974522797
2018-08-15 13:30:00,0.006028827571642838
2018-08-15 14:00:00,0.005845122080417266
2018-08-15 14:30:00,0.005673058582344753
2018-08-15 15:00:00,0.005520633082596545
2018-08-15 15:30:00,0.005350816085056331
2018-08-15 16:00:00,0.005130244651907335
2018-08-15 16:30:00,0.004842942200545361
2018-08-15 17:00:00,0.004497157680465243
2018-08-15 17:30:00,0.004161333277976964
2018-08-15 18:00:00,0.0038288899702123465
2018-08-15 18:30:00,0.0035282652634943427
2018-08-15 19:00:00,0.0034353672381947247
2018-08-15 19:30:00,0.0033070281183962373
2018-08-15 20:00:00,0.0032203214058096384
2018-08-15 20:30:00,0.0031492415300084725
2018-08-15 21:00:00,0.0030807589593247237
2018-08-15 21:30:00,0.0030288763829575895
2018-08-15 22:00:00,0.002993784126763468
2018-08-15 22:30:00,0.0029541021688444667
2018-08-15 23:00:00,0.002918607329348797
2018-08-15 23:30:00,0.0028935784456747007
2018-08-16 00:00:00,0.002853449738771977
2018-08-16 00:30:00,0.0028348742881095547
2018-08-16 01:00:00,0.00282401225283689
2018-08-16 01:30:00,0.002813792838323341
2018-08-16 02:00:00,0.00281664702032509
2018-08-16 02:30:00,0.0028420303386403746
2018-08-16 03:00:00,0.0029138289151257706
2018-08-16 03:30:00,0.0030292869322155113
2018-08-16 04:00:00,0.0031589004537814686
2018-08-16 04:30:00,0.003347702694980347
2018-08-16 05:00:00,0.0035953959407970374
2018-08-16 05:30:00,0.003879637549048553
2018-08-16 06:00:00,0.0041927032141769295
2018-08-16 06:30:00,0.004580758880084756
2018-08-16 07:00:00,0.004953947651361719
2018-08-16 07:30:00,0.005387975859851567
2018-08-16 08:00:00,0.005769806080435834
2018-08-16 08:30:00,0.006104865246937777
2018-08-16 09:00:00,0.006371502696612574
2018-08-16 09:30:00,0.006567178650648011
2018-08-16 10:00:00,0.006689422805471645
2018-08-16 10:30:00,0.006739380695860492
2018-08-16 11:00:00,0.0067569653428858414
2018-08-16 11:30:00,0.006719481888091114
2018-08-16 12:00:00,0.006625029190445027
2018-08-16 12:30:00,0.006491261523465032
2018-08-16 13:00:00,0.006304788215321686
2018-08-16 13:30:00,0.006091105569825426
2018-08-16 14:00:00,0.0059120732716143225
2018-08-16 14:30:00,0.0057560818467876015
2018-08-16 15:00:00,0.00562061919571058
2018-08-16 15:30:00,0.005460339666317385
2018-08-16 16:00:00,0.005239328693879358
2018-08-16 16:30:00,0.004959137875278803
2018-08-16 17:00:00,0.004618617844012849
2018-08-16 17:30:00,0.004272044795086618
2018-08-16 18:00:00,0.003926283618283723
2018-08-16 18:30:00,0.0036183106697330204
2018-08-16 19:00:00,0.0035447922533500134
2018-08-16 19:30:00,0.0034025366581839685
2018-08-16 20:00:00,0.0033038628103389017
2018-08-16 20:30:00,0.0032224275945913782
2018-08-16 21:00:00,0.003146076070698801
2018-08-16 21:30:00,0.0030916680844913953
2018-08-16 22:00:00,0.0030558607576691133
2018-08-16 22:30:00,0.003013009861636708
2018-08-16 23:00:00,0.002985054799848826
2018-08-16 23:30:00,0.002960636975613022
2018-08-17 00:00:00,0.0029200850646735796
2018-08-17 00:30:00,0.002903595333310063
2018-08-17 01:00:00,0.002892377502125185
2018-08-17 01:30:00,0.0028967149653707103
2018-08-17 02:00:00,0.002910399470071965
2018-08-17 02:30:00,0.0029447680846722067
2018-08-17 03:00:00,0.003020475021525297
2018-08-17 03:30:00,0.003143542341980038
2018-08-17 04:00:00,0.0032850587165615735
2018-08-17 04:30:00,0.003486161402750484
2018-08-17 05:00:00,0.0037539270436010783
2018-08-17 05:30:00,0.004076283484316112
2018-08-17 06:00:00,0.0043922925703246025
2018-08-17 06:30:00,0.0047943061043226615
2018-08-17 07:00:00,0.0051656674952909685
2018-08-17 07:30:00,0.0055885424573435
2018-08-17 08:00:00,0.005979576685090886
2018-08-17 08:30:00,0.006342481356271848
2018-08-17 09:00:00,0.006630841716890728
2018-08-17 09:30:00,0.006845449774597374
2018-08-17 10:00:00,0.006991925007439037
2018-08-17 10:30:00,0.007068046274858455
2018-08-17 11:00:00,0.007102769223264994
2018-08-17 11:30:00,0.007099138007594683
2018-08-17 12:00:00,0.007034797582972966
2018-08-17 12:30:00,0.006904526517084054
2018-08-17 13:00:00,0.006720872401235347
2018-08-17 13:30:00,0.006503969593501153
2018-08-17 14:00:00,0.006330951592352257
2018-08-17 14:30:00,0.006180551613473143
2018-08-17 15:00:00,0.006044856336303028
2018-08-17 15:30:00,0.005854381445935437
2018-08-17 16:00:00,0.005618871676635443
2018-08-17 16:30:00,0.005356231826206707
2018-08-17 17:00:00,0.005006978081708359
2018-08-17 17:30:00,0.00462363261521993
2018-08-17 18:00:00,0.00424356997985407
2018-08-17 18:30:00,0.0038948737514669972
2018-08-17 19:00:00,0.0037942286319240914
2018-08-17 19:30:00,0.003601907505123262
2018-08-17 20:00:00,0.003494183423323558
2018-08-17 20:30:00,0.0033948352925636622
2018-08-17 21:00:00,0.0033200658681078526
2018-08-17 21:30:00,0.0032529441146929954
2018-08-17 22:00:00,0.0032116709317796077
2018-08-17 22:30:00,0.0031633500454255723
2018-08-17 23:00:00,0.0031353311047343643
2018-08-17 23:30:00,0.003086136131129365
2018-08-18 00:00:00,0.003175743712272156
2018-08-18 00:30:00,0.0032084049905012468
2018-08-18 01:00:00,0.003174194989184245
2018-08-18 01:30:00,0.003148004689237829
2018-08-18 02:00:00,0.0031522283603090786
2018-08-18 02:30:00,0.0031214062600708695
2018-08-18 03:00:00,0.003143738415425213
2018-08-18 03:30:00,0.0031818444752532314
2018-08-18 04:00:00,0.003179196853525301
2018-08-18 04:30:00,0.003190426482392404
2018-08-18 05:00:00,0.0032220254146293923
2018-08-18 05:30:00,0.0032117683382841275
2018-08-18 06:00:00,0.003298256239157674
2018-08-18 06:30:00,0.003446901590101847
2018-08-18 07:00:00,0.0036356537163599947
2018-08-18 07:30:00,0.0038715422719273074
2018-08-18 08:00:00,0.004092132359531103
2018-08-18 08:30:00,0.00435376502065301
2018-08-18 09:00:00,0.004566458375035559
2018-08-18 09:30:00,0.004767919478843844
2018-08-18 10:00:00,0.004862025758222562
2018-08-18 10:30:00,0.004916474683395636
2018-08-18 11:00:00,0.0049404996044794085
2018-08-18 11:30:00,0.0049808672396559
2018-08-18 12:00:00,0.005029621665622962
2018-08-18 12:30:00,0.0050770463818849455
2018-08-18 13:00:00,0.005127301533531895
2018-08-18 13:30:00,0.005163567507855014
2018-08-18 14:00:00,0.005184607111161543
2018-08-18 14:30:00,0.0051893547707428725
2018-08-18 15:00:00,0.005161904639670709
2018-08-18 15:30:00,0.0050999354987586645
2018-08-18 16:00:00,0.005025387558140513
2018-08-18 16:30:00,0.004928369267950168
2018-08-18 17:00:00,0.004778813277107112
2018-08-18 17:30:00,0.004595717685718589
2018-08-18 18:00:00,0.004371092286619572
2018-08-18 18:30:00,0.0041305963328040415
2018-08-18 19:00:00,0.004100915229772763
2018-08-18 19:30:00,0.003953440420658528
2018-08-18 20:00:00,0.003787225648757517
2018-08-18 20:30:00,0.003635188968348263
2018-08-18 21:00:00,0.0034863425526318196
2018-08-18 21:30:00,0.0033529092541497415
2018-08-18 22:00:00,0.0032290412038271004
2018-08-18 22:30:00,0.003130262437278148
2018-08-18 23:00:00,0.003055648903563527
2018-08-18 23:30:00,0.0029913812817329733
2018-08-19 00:00:00,0.0028044589054034173
2018-08-19 00:30:00,0.0026304310428230853
2018-08-19 01:00:00,0.0025701329377215013
2018-08-19 01:30:00,0.0025308823010479287
2018-08-19 02:00:00,0.002532989699848358
2018-08-19 02:30:00,0.002526100458438614
2018-08-19 03:00:00,0.002526183697640976
2018-08-19 03:30:00,0.0025321037644977238
2018-08-19 04:00:00,0.0025677855014635048
2018-08-19 04:30:00,0.0025836154197190235
2018-08-19 05:00:00,0.002536535054609146
2018-08-19 05:30:00,0.002386956022993541
2018-08-19 06:00:00,0.002342690312608217
2018-08-19 06:30:00,0.0023289114264491663
2018-08-19 07:00:00,0.0024200876959882484
2018-08-19 07:30:00,0.0025677717375009097
2018-08-19 08:00:00,0.0026529996559963723
2018-08-19 08:30:00,0.002758299717438511
2018-08-19 09:00:00,0.002844245630773968
2018-08-19 09:30:00,0.002894301633511571
2018-08-19 10:00:00,0.0029384311159594157
2018-08-19 10:30:00,0.002987272007845344
2018-08-19 11:00:00,0.0030288663498859534
2018-08-19 11:30:00,0.0030840270181357915
2018-08-19 12:00:00,0.0031287394270873925
2018-08-19 12:30:00,0.00317690638898061
2018-08-19 13:00:00,0.0032257571122683935
2018-08-19 13:30:00,0.003287992356457279
2018-08-19 14:00:00,0.003352274397677218
2018-08-19 14:30:00,0.0033954266387808026
2018-08-19 15:00:00,0.0034161948449787224
2018-08-19 15:30:00,0.00338986882126928
2018-08-19 16:00:00,0.003336615394561618
2018-08-19 16:30:00,0.003253841041046727
2018-08-19 17:00:00,0.0031404602227076183
2018-08-19 17:30:00,0.003007844695189989
2018-08-19 18:00:00,0.002860169275060492
2018-08-19 18:30:00,0.00273071134173105
2018-08-19 19:00:00,0.002820097842375746
2018-08-19 19:30:00,0.0027796929991245464
2018-08-19 20:00:00,0.002755604400807229
2018-08-19 20:30:00,0.002730601482117516
2018-08-19 21:00:00,0.0027130276244254833
2018-08-19 21:30:00,0.0027043079776603585
2018-08-19 22:00:00,0.002693334671085688
2018-08-19 22:30:00,0.0026922813498163134
2018-08-19 23:00:00,0.002696617955965268
2018-08-19 23:30:00,0.002692273535112276
2018-08-20 00:00:00,0.00279602689016432
2018-08-20 00:30:00,0.002882745904607597
2018-08-20 01:00:00,0.0029064864208818474
2018-08-20 01:30:00,0.002928483401059147
2018-08-20 02:00:00,0.002926605149548077
2018-08-20 02:30:00,0.002954248833193146
2018-08-20 03:00:00,0.0030252013041097772
2018-08-20 03:30:00,0.003150970797968374
2018-08-20 04:00:00,0.003294046937058364
2018-08-20 04:30:00,0.003485171355375091
2018-08-20 05:00:00,0.003750343976591128
2018-08-20 05:30:00,0.0040751560494019946
2018-08-20 06:00:00,0.00435099387618384
2018-08-20 06:30:00,0.004684211142152849
2018-08-20 07:00:00,0.005029125759629971
2018-08-20 07:30:00,0.005421406810802191
2018-08-20 08:00:00,0.005768541257982992
2018-08-20 08:30:00,0.006098635667383696
2018-08-20 09:00:00,0.0063625831446764225
2018-08-20 09:30:00,0.006558839302673566
2018-08-20 10:00:00,0.0066978327882871004
2018-08-20 10:30:00,0.006781424559844321
2018-08-20 11:00:00,0.006810290816122984
2018-08-20 11:30:00,0.006791593708164803
2018-08-20 12:00:00,0.006728843500188564
2018-08-20 12:30:00,0.006632578144127878
2018-08-20 13:00:00,0.006463094002562219
2018-08-20 13:30:00,0.006247039770851613
2018-08-20 14:00:00,0.006072169231088804
2018-08-20 14:30:00,0.005915626188991921
2018-08-20 15:00:00,0.005769841977656962
2018-08-20 15:30:00,0.005578327580400038
2018-08-20 16:00:00,0.005340852740747987
2018-08-20 16:30:00,0.005062612926032219
2018-08-20 17:00:00,0.004706305276747441
2018-08-20 17:30:00,0.004345523280852866
2018-08-20 18:00:00,0.003986452705142519
2018-08-20 18:30:00,0.0036843346841091027
2018-08-20 19:00:00,0.0035776197578965994
2018-08-20 19:30:00,0.003410096703704808
2018-08-20 20:00:00,0.00329765692698416
2018-08-20 20:30:00,0.003195758933922972
2018-08-20 21:00:00,0.003112689235012906
2018-08-20 21:30:00,0.003052201257811931
2018-08-20 22:00:00,0.0030013121067890315
2018-08-20 22:30:00,0.0029586618217718867
2018-08-20 23:00:00,0.0029240358765303042
2018-08-20 23:30:00,0.0028971343880990243
2018-08-21 00:00:00,0.00285600156735364
2018-08-21 00:30:00,0.0028333950906788558
2018-08-21 01:00:00,0.0028206508713343797
2018-08-21 01:30:00,0.0028207120781130997
2018-08-21 02:00:00,0.002823947516836992
2018-08-21 02:30:00,0.00285013932930677
2018-08-21 03:00:00,0.002921179980335412
2018-08-21 03:30:00,0.0030303712602138093
2018-08-21 04:00:00,0.0031694186924939253
2018-08-21 04:30:00,0.003372409108673641
2018-08-21 05:00:00,0.003639494769438076
2018-08-21 05:30:00,0.003926151625411656
2018-08-21 06:00:00,0.004193211220356817
2018-08-21 06:30:00,0.004547464005819277
2018-08-21 07:00:00,0.004896757529682046
2018-08-21 07:30:00,0.005305933265139265
2018-08-21 08:00:00,0.005668068162763804
2018-08-21 08:30:00,0.006009993025728487
2018-08-21 09:00:00,0.0062924634691229695
2018-08-21 09:30:00,0.0065021118618903626
2018-08-21 10:00:00,0.0066351232671893025
2018-08-21 10:30:00,0.006711823679804073
2018-08-21 11:00:00,0.0067475531620906515
2018-08-21 11:30:00,0.006739744608981416
2018-08-21 12:00:00,0.00667877862398057
2018-08-21 12:30:00,0.0065733598798719504
2018-08-21 13:00:00,0.006407881001004052
2018-08-21 13:30:00,0.006215624761455457
2018-08-21 14:00:00,0.006047939816846475
2018-08-21 14:30:00,0.0058791229501707325
2018-08-21 15:00:00,0.005718134198573043
2018-08-21 15:30:00,0.005506376289472513
2018-08-21 16:00:00,0.005249165490399739
2018-08-21 16:30:00,0.0049683909386163
2018-08-21 17:00:00,0.004625800918294406
2018-08-21 17:30:00,0.004282648743456262
2018-08-21 18:00:00,0.003940926861126774
2018-08-21 18:30:00,0.0036434304560611797
2018-08-21 19:00:00,0.0035479917444353323
2018-08-21 19:30:00,0.0033889893393516573
2018-08-21 20:00:00,0.0032754341774863427
2018-08-21 20:30:00,0.00318249561656062
2018-08-21 21:00:00,0.003108661738221722
2018-08-21 21:30:00,0.0030583987214532903
2018-08-21 22:00:00,0.003017128664421518
2018-08-21 22:30:00,0.002970591698538201
2018-08-21 23:00:00,0.0029416177001787116
2018-08-21 23:30:00,0.0029109018799154127
2018-08-22 00:00:00,0.002868247712754972
2018-08-22 00:30:00,0.002845977621275921
2018-08-22 01:00:00,0.0028323210478394204
2018-08-22 01:30:00,0.0028340999769830445
2018-08-22 02:00:00,0.0028365047882939103
2018-08-22 02:30:00,0.002867222373167797
2018-08-22 03:00:00,0.0029380696732933162
2018-08-22 03:30:00,0.0030455285593301963
2018-08-22 04:00:00,0.0031735131436526056
2018-08-22 04:30:00,0.0033722358239137887
2018-08-22 05:00:00,0.0036428215141555936
2018-08-22 05:30:00,0.003963749981564458
2018-08-22 06:00:00,0.004251697877062492
2018-08-22 06:30:00,0.004605674627011365
2018-08-22 07:00:00,0.004957617789299882
2018-08-22 07:30:00,0.005358890086015616
2018-08-22 08:00:00,0.0057142734322738085
2018-08-22 08:30:00,0.006029394717486184
2018-08-22 09:00:00,0.006272502748730635
2018-08-22 09:30:00,0.006449443126297048
2018-08-22 10:00:00,0.0065627187234275994
2018-08-22 10:30:00,0.006620279009991427
2018-08-22 11:00:00,0.006648449102183955
2018-08-22 11:30:00,0.006640503716127894
2018-08-22 12:00:00,0.006563849939650122
2018-08-22 12:30:00,0.006445946273118739
2018-08-22 13:00:00,0.006288277964057891
2018-08-22 13:30:00,0.006109004670457757
2018-08-22 14:00:00,0.005932491126984133
2018-08-22 14:30:00,0.005729336551602182
2018-08-22 15:00:00,0.005554904845284167
2018-08-22 15:30:00,0.005352137677552698
2018-08-22 16:00:00,0.005114319091757887
2018-08-22 16:30:00,0.004861662803033101
2018-08-22 17:00:00,0.004534540552456391
2018-08-22 17:30:00,0.004187631118334425
2018-08-22 18:00:00,0.0038480568679268
2018-08-22 18:30:00,0.0035872618422428306
2018-08-22 19:00:00,0.003513422165897712
2018-08-22 19:30:00,0.003372430132748374
2018-08-22 20:00:00,0.0032627117384782817
2018-08-22 20:30:00,0.003170436368629399
2018-08-22 21:00:00,0.0030986982426610423
2018-08-22 21:30:00,0.003042840502811053
2018-08-22 22:00:00,0.0030048138000420997
2018-08-22 22:30:00,0.002957444190047942
2018-08-22 23:00:00,0.002929145735039416
2018-08-22 23:30:00,0.0029032239584072194
2018-08-23 00:00:00,0.0028669481526822464
2018-08-23 00:30:00,0.0028380722666715113
2018-08-23 01:00:00,0.0028148682928512475
2018-08-23 01:30:00,0.0028092351516762915
2018-08-23 02:00:00,0.0028061092700612618
2018-08-23 02:30:00,0.0028267711962842714
2018-08-23 03:00:00,0.0028939703908952693
2018-08-23 03:30:00,0.0029943309543763166
2018-08-23 04:00:00,0.0031235462285410295
2018-08-23 04:30:00,0.0033034701088566526
2018-08-23 05:00:00,0.0035607713064090356
2018-08-23 05:30:00,0.0038409106992152793
2018-08-23 06:00:00,0.004078516220885816
2018-08-23 06:30:00,0.0044304046802460684
2018-08-23 07:00:00,0.0047871080056423754
2018-08-23 07:30:00,0.005177699467384226
2018-08-23 08:00:00,0.005526816731857865
2018-08-23 08:30:00,0.0058561861888111084
2018-08-23 09:00:00,0.006112307113966592
2018-08-23 09:30:00,0.00629594902879351
2018-08-23 10:00:00,0.00642208223410325
2018-08-23 10:30:00,0.006483553704411714
2018-08-23 11:00:00,0.006496283252279576
2018-08-23 11:30:00,0.006467824923551675
2018-08-23 12:00:00,0.006384128989552249
2018-08-23 12:30:00,0.006256934648269099
2018-08-23 13:00:00,0.0060850585014237055
2018-08-23 13:30:00,0.005889298400671889
2018-08-23 14:00:00,0.005716100459660348
2018-08-23 14:30:00,0.00556091974735572
2018-08-23 15:00:00,0.005414028116832469
2018-08-23 15:30:00,0.005230498380821573
2018-08-23 16:00:00,0.005013219307692329
2018-08-23 16:30:00,0.004771817100295667
2018-08-23 17:00:00,0.004436229306878667
2018-08-23 17:30:00,0.004086304254094771
2018-08-23 18:00:00,0.0037626612105904796
2018-08-23 18:30:00,0.0035242687230146374
2018-08-23 19:00:00,0.00343546030879894
2018-08-23 19:30:00,0.0032889238691785577
2018-08-23 20:00:00,0.003184870631161252
2018-08-23 20:30:00,0.003101684165447631
2018-08-23 21:00:00,0.00303358159104989
2018-08-23 21:30:00,0.0029794307338140424
2018-08-23 22:00:00,0.0029414475917179193
2018-08-23 22:30:00,0.0028976784427523754
2018-08-23 23:00:00,0.002876611361938102
2018-08-23 23:30:00,0.0028491548278503716
2018-08-24 00:00:00,0.0028143267590701668
2018-08-24 00:30:00,0.002795433426414473
2018-08-24 01:00:00,0.0027814207041436407
2018-08-24 01:30:00,0.0027790206824900884
2018-08-24 02:00:00,0.002782963427555549
2018-08-24 02:30:00,0.002811882672569331
2018-08-24 03:00:00,0.002885438952453836
2018-08-24 03:30:00,0.002986272734077443
2018-08-24 04:00:00,0.003119393141893345
2018-08-24 04:30:00,0.003304451484431436
2018-08-24 05:00:00,0.003570832208474235
2018-08-24 05:30:00,0.0038675321691547873
2018-08-24 06:00:00,0.00410479933934922
2018-08-24 06:30:00,0.004437687228147406
2018-08-24 07:00:00,0.004769557037470556
2018-08-24 07:30:00,0.00514831461726214
2018-08-24 08:00:00,0.00550054919238509
2018-08-24 08:30:00,0.005821345162747434
2018-08-24 09:00:00,0.006082904516903723
2018-08-24 09:30:00,0.006278307258802518
2018-08-24 10:00:00,0.006402652510245906
2018-08-24 10:30:00,0.006465058518322374
2018-08-24 11:00:00,0.006491261220960359
2018-08-24 11:30:00,0.006472998257624548
2018-08-24 12:00:00,0.006395448663976844
2018-08-24 12:30:00,0.00628283091367392
2018-08-24 13:00:00,0.006119023020199036
2018-08-24 13:30:00,0.005931273696929969
2018-08-24 14:00:00,0.005761944488174036
2018-08-24 14:30:00,0.005583416112329742
2018-08-24 15:00:00,0.0054208773772080054
2018-08-24 15:30:00,0.005245502259651597
2018-08-24 16:00:00,0.005025589580844246
2018-08-24 16:30:00,0.004758783988989029
2018-08-24 17:00:00,0.004428653379862525
2018-08-24 17:30:00,0.004088959438439512
2018-08-24 18:00:00,0.00376655590783047
2018-08-24 18:30:00,0.003528676720266282
2018-08-24 19:00:00,0.003435751419128701
2018-08-24 19:30:00,0.0032910959031439944
2018-08-24 20:00:00,0.003189630945521379
2018-08-24 20:30:00,0.0030943603760759525
2018-08-24 21:00:00,0.003022815399340938
2018-08-24 21:30:00,0.002969148751250748
2018-08-24 22:00:00,0.0029258286704714146
2018-08-24 22:30:00,0.002887402661534865
2018-08-24 23:00:00,0.0028635439667685884
2018-08-24 23:30:00,0.0028415747161862613
2018-08-25 00:00:00,0.0029147952663018234
2018-08-25 00:30:00,0.0029368453360491325
2018-08-25 01:00:00,0.0029169449653389462
2018-08-25 01:30:00,0.002896502859177897
2018-08-25 02:00:00,0.002898092269144249
2018-08-25 02:30:00,0.0028948084800902146
2018-08-25 03:00:00,0.0029060266137797656
2018-08-25 03:30:00,0.0029365938034140136
2018-08-25 04:00:00,0.002930883876469708
2018-08-25 04:30:00,0.0029427668650117973
2018-08-25 05:00:00,0.002998735876163793
2018-08-25 05:30:00,0.002982927990331916
2018-08-25 06:00:00,0.0029996199964863923
2018-08-25 06:30:00,0.003104417950589756
2018-08-25 07:00:00,0.0032383165012580192
2018-08-25 07:30:00,0.003439440514026335
2018-08-25 08:00:00,0.003634611335676273
2018-08-25 08:30:00,0.0038615869944102284
2018-08-25 09:00:00,0.004053554190744324
2018-08-25 09:30:00,0.004226039481165084
2018-08-25 10:00:00,0.004319889337416479
2018-08-25 10:30:00,0.004407477346948734
2018-08-25 11:00:00,0.004461353126602459
2018-08-25 11:30:00,0.004504301580391721
2018-08-25 12:00:00,0.004546463774119913
2018-08-25 12:30:00,0.004587557017170655
2018-08-25 13:00:00,0.004620644675735524
2018-08-25 13:30:00,0.004649812529172593
2018-08-25 14:00:00,0.004665401199951853
2018-08-25 14:30:00,0.004667210883737174
2018-08-25 15:00:00,0.00464842166310624
2018-08-25 15:30:00,0.004603693019737218
2018-08-25 16:00:00,0.004543704427332968
2018-08-25 16:30:00,0.004459217342780267
2018-08-25 17:00:00,0.004328814687358852
2018-08-25 17:30:00,0.004184044975860306
2018-08-25 18:00:00,0.003995044846188218
2018-08-25 18:30:00,0.0038306455056613038
2018-08-25 19:00:00,0.003797052412206262
2018-08-25 19:30:00,0.0036850494018151464
2018-08-25 20:00:00,0.003554004327304396
2018-08-25 20:30:00,0.0034272492732230473
2018-08-25 21:00:00,0.0033019979194508645
2018-08-25 21:30:00,0.003191673154564901
2018-08-25 22:00:00,0.0030935671079899713
2018-08-25 22:30:00,0.003019372240741982
2018-08-25 23:00:00,0.0029535741469387533
2018-08-25 23:30:00,0.0029038402108423887
2018-08-26 00:00:00,0.002743668423530021
2018-08-26 00:30:00,0.002580722617954095
2018-08-26 01:00:00,0.0025244673365470973
2018-08-26 01:30:00,0.002486996183609048
2018-08-26 02:00:00,0.0024897831591560744
2018-08-26 02:30:00,0.0024839196102556236
2018-08-26 03:00:00,0.0024838172124240086
2018-08-26 03:30:00,0.002494999650562214
2018-08-26 04:00:00,0.0025322552185037166
2018-08-26 04:30:00,0.0025505310887055507
2018-08-26 05:00:00,0.0025317952601492987
2018-08-26 05:30:00,0.00239551251890534
2018-08-26 06:00:00,0.0023171256427418152
2018-08-26 06:30:00,0.0022921811578713244
2018-08-26 07:00:00,0.0023670878186135224
2018-08-26 07:30:00,0.0025185645124566774
2018-08-26 08:00:00,0.00261728282848859
2018-08-26 08:30:00,0.0027194104225961467
2018-08-26 09:00:00,0.0027910564358917507
2018-08-26 09:30:00,0.002823950894805834
2018-08-26 10:00:00,0.002863774777833647
2018-08-26 10:30:00,0.0029243146850033873
2018-08-26 11:00:00,0.0029705020563202734
2018-08-26 11:30:00,0.0030339099094543586
2018-08-26 12:00:00,0.0030887635354616876
2018-08-26 12:30:00,0.003138802497102745
2018-08-26 13:00:00,0.0031898445642375545
2018-08-26 13:30:00,0.003247026266203845
2018-08-26 14:00:00,0.0032877034644951154
2018-08-26 14:30:00,0.0032970262551596055
2018-08-26 15:00:00,0.003283236882171911
2018-08-26 15:30:00,0.0032334812665740223
2018-08-26 16:00:00,0.0031591649941175018
2018-08-26 16:30:00,0.003073278775037403
2018-08-26 17:00:00,0.0029583938026321206
2018-08-26 17:30:00,0.0028290308557698198
2018-08-26 18:00:00,0.00269962863371755
2018-08-26 18:30:00,0.00264049002902536
2018-08-26 19:00:00,0.00268585413387625
2018-08-26 19:30:00,0.0026551138611519308
2018-08-26 20:00:00,0.002650021245409148
2018-08-26 20:30:00,0.002630426253165772
2018-08-26 21:00:00,0.0026201916630011566
2018-08-26 21:30:00,0.002609032870644846
2018-08-26 22:00:00,0.002610081402256907
2018-08-26 22:30:00,0.0026119188156371997
2018-08-26 23:00:00,0.002628963693492056
2018-08-26 23:30:00,0.0026443384934679154
2018-08-27 00:00:00,0.002768847399939084
2018-08-27 00:30:00,0.002872595057819797
2018-08-27 01:00:00,0.0029057859208954087
2018-08-27 01:30:00,0.002936970925905633
2018-08-27 02:00:00,0.0029434919687115935
2018-08-27 02:30:00,0.0029776357215053344
2018-08-27 03:00:00,0.0030530737821220875
2018-08-27 03:30:00,0.0031734654991666987
2018-08-27 04:00:00,0.0033142169402665695
2018-08-27 04:30:00,0.003524812575998207
2018-08-27 05:00:00,0.0038240970861824894
2018-08-27 05:30:00,0.004139164828067846
2018-08-27 06:00:00,0.004373066079189681
2018-08-27 06:30:00,0.004700473188332922
2018-08-27 07:00:00,0.005015181605084887
2018-08-27 07:30:00,0.005397680915587107
2018-08-27 08:00:00,0.005747470900034768
2018-08-27 08:30:00,0.0060817438064756394
2018-08-27 09:00:00,0.0063558269549051
2018-08-27 09:30:00,0.0065540315959147595
2018-08-27 10:00:00,0.006663879310932312
2018-08-27 10:30:00,0.006715050648397137
2018-08-27 11:00:00,0.006740772570275753
2018-08-27 11:30:00,0.00672006778922415
2018-08-27 12:00:00,0.006637837641614947
2018-08-27 12:30:00,0.006509608179760212
2018-08-27 13:00:00,0.006315538475117892
2018-08-27 13:30:00,0.006112318810813925
2018-08-27 14:00:00,0.005923124069802579
2018-08-27 14:30:00,0.005718328154485511
2018-08-27 15:00:00,0.005539491072623011
2018-08-27 15:30:00,0.005338225638920337
2018-08-27 16:00:00,0.005089579957142525
2018-08-27 16:30:00,0.004804490982886109
2018-08-27 17:00:00,0.004472970263954935
2018-08-27 17:30:00,0.004144396696794834
2018-08-27 18:00:00,0.003826438522764483
2018-08-27 18:30:00,0.0036300172980510874
2018-08-27 19:00:00,0.0035077782353894397
2018-08-27 19:30:00,0.0033540965849889986
2018-08-27 20:00:00,0.0032562927909992635
2018-08-27 20:30:00,0.003156783778171085
2018-08-27 21:00:00,0.0030894617162456383
2018-08-27 21:30:00,0.0030311340257453212
2018-08-27 22:00:00,0.0029888975671200505
2018-08-27 22:30:00,0.0029509031315161564
2018-08-27 23:00:00,0.002926903419155086
2018-08-27 23:30:00,0.0029046667040248915
2018-08-28 00:00:00,0.0028678728086309504
2018-08-28 00:30:00,0.002850275305157024
2018-08-28 01:00:00,0.0028416961718122384
2018-08-28 01:30:00,0.0028470297325266054
2018-08-28 02:00:00,0.0028550365774486133
2018-08-28 02:30:00,0.002878790202258668
2018-08-28 03:00:00,0.002953284095375346
2018-08-28 03:30:00,0.003069819886195482
2018-08-28 04:00:00,0.00320904050240056
2018-08-28 04:30:00,0.0034031833627561616
2018-08-28 05:00:00,0.0036829467422545845
2018-08-28 05:30:00,0.0040114808829723805
2018-08-28 06:00:00,0.0042505595519801665
2018-08-28 06:30:00,0.004591841390846171
2018-08-28 07:00:00,0.004927047625036355
2018-08-28 07:30:00,0.005334928640495607
2018-08-28 08:00:00,0.0057032748161415445
2018-08-28 08:30:00,0.006046228396662245
2018-08-28 09:00:00,0.0063259042514754475
2018-08-28 09:30:00,0.006548847018751561
2018-08-28 10:00:00,0.006694994437363208
2018-08-28 10:30:00,0.006770245348422622
2018-08-28 11:00:00,0.006806780551904198
2018-08-28 11:30:00,0.006799113419729321
2018-08-28 12:00:00,0.006724170559261322
2018-08-28 12:30:00,0.006585920428462819
2018-08-28 13:00:00,0.006399871937714446
2018-08-28 13:30:00,0.006190015572984764
2018-08-28 14:00:00,0.006007694242305304
2018-08-28 14:30:00,0.005846420228801521
2018-08-28 15:00:00,0.005692617727784447
2018-08-28 15:30:00,0.005490356801622277
2018-08-28 16:00:00,0.005242184590074252
2018-08-28 16:30:00,0.004962078422364529
2018-08-28 17:00:00,0.004618687621757289
2018-08-28 17:30:00,0.004254264982130112
2018-08-28 18:00:00,0.003909013676952584
2018-08-28 18:30:00,0.0036998862476485474
2018-08-28 19:00:00,0.0035605293530885434
2018-08-28 19:30:00,0.0033963494797014716
2018-08-28 20:00:00,0.003291028293349708
2018-08-28 20:30:00,0.00318699406270932
2018-08-28 21:00:00,0.003116280419231566
2018-08-28 21:30:00,0.0030663148653910163
2018-08-28 22:00:00,0.003026721289253807
2018-08-28 22:30:00,0.00298671076084311
2018-08-28 23:00:00,0.002965720969972641
2018-08-28 23:30:00,0.002940849792067767
2018-08-29 00:00:00,0.0029074252441327096
2018-08-29 00:30:00,0.0028867567132243527
2018-08-29 01:00:00,0.002876705340056334
2018-08-29 01:30:00,0.0028844398803557166
2018-08-29 02:00:00,0.0028895265972573862
2018-08-29 02:30:00,0.002915685789639989
2018-08-29 03:00:00,0.0029954651452281187
2018-08-29 03:30:00,0.0031148319764425633
2018-08-29 04:00:00,0.0032483764453917563
2018-08-29 04:30:00,0.003438401410476565
2018-08-29 05:00:00,0.003729634859639221
2018-08-29 05:30:00,0.004062461995415696
2018-08-29 06:00:00,0.0043069171808013335
2018-08-29 06:30:00,0.004656249778184292
2018-08-29 07:00:00,0.0049869153164065275
2018-08-29 07:30:00,0.005393496469288382
2018-08-29 08:00:00,0.005759236365511621
2018-08-29 08:30:00,0.006114626013950488
2018-08-29 09:00:00,0.00641039415940509
2018-08-29 09:30:00,0.006634081037757917
2018-08-29 10:00:00,0.006785363674853712
2018-08-29 10:30:00,0.006867069884370282
2018-08-29 11:00:00,0.006905915769792154
2018-08-29 11:30:00,0.006884677723420516
2018-08-29 12:00:00,0.0067963428802694965
2018-08-29 12:30:00,0.006668076815349398
2018-08-29 13:00:00,0.006488248476092816
2018-08-29 13:30:00,0.0062818739905601585
2018-08-29 14:00:00,0.00610007619463377
2018-08-29 14:30:00,0.005924210061576575
2018-08-29 15:00:00,0.005757778746747554
2018-08-29 15:30:00,0.005543862113887176
2018-08-29 16:00:00,0.005281432605040664
2018-08-29 16:30:00,0.004971455008443265
2018-08-29 17:00:00,0.004605918798699456
2018-08-29 17:30:00,0.004228529800463355
2018-08-29 18:00:00,0.003877442827232685
2018-08-29 18:30:00,0.003660095690552146
2018-08-29 19:00:00,0.0035264114644442944
2018-08-29 19:30:00,0.003362414656801483
2018-08-29 20:00:00,0.0032580676363298104
2018-08-29 20:30:00,0.0031495430263319872
2018-08-29 21:00:00,0.0030740796057401954
2018-08-29 21:30:00,0.0030135022384085207
2018-08-29 22:00:00,0.0029677347435769553
2018-08-29 22:30:00,0.002920013371066216
2018-08-29 23:00:00,0.0028949118358532924
2018-08-29 23:30:00,0.002866146565717773
2018-08-30 00:00:00,0.0028318100670302535
2018-08-30 00:30:00,0.0028072877778475736
2018-08-30 01:00:00,0.002791418231479968
2018-08-30 01:30:00,0.0027903612297370795
2018-08-30 02:00:00,0.002792422446157519
2018-08-30 02:30:00,0.0028095983589529797
2018-08-30 03:00:00,0.0028795925454848225
2018-08-30 03:30:00,0.002979193973490427
2018-08-30 04:00:00,0.0031046674665270585
2018-08-30 04:30:00,0.0032859207540430866
2018-08-30 05:00:00,0.0035504291758333742
2018-08-30 05:30:00,0.0038382934287894822
2018-08-30 06:00:00,0.004070552835801745
2018-08-30 06:30:00,0.004419044621447706
2018-08-30 07:00:00,0.004751996187479438
2018-08-30 07:30:00,0.0051514387846840265
2018-08-30 08:00:00,0.005503970318560402
2018-08-30 08:30:00,0.005842115990652515
2018-08-30 09:00:00,0.006125845508911066
2018-08-30 09:30:00,0.0063441343930543004
2018-08-30 10:00:00,0.00648260535226367
2018-08-30 10:30:00,0.006557557086202059
2018-08-30 11:00:00,0.006585441714818712
2018-08-30 11:30:00,0.006564156729805403
2018-08-30 12:00:00,0.006488807908067015
2018-08-30 12:30:00,0.006364817091264815
2018-08-30 13:00:00,0.006176102223498821
2018-08-30 13:30:00,0.005951983721395894
2018-08-30 14:00:00,0.005758258670410353
2018-08-30 14:30:00,0.005589670093927399
2018-08-30 15:00:00,0.005430479984694486
2018-08-30 15:30:00,0.00521948857201643
2018-08-30 16:00:00,0.00495900805035689
2018-08-30 16:30:00,0.0046744553664672325
2018-08-30 17:00:00,0.00433531798322403
2018-08-30 17:30:00,0.004011102147122508
2018-08-30 18:00:00,0.003694304935607467
2018-08-30 18:30:00,0.0035322325114382695
2018-08-30 19:00:00,0.0033992973877342257
2018-08-30 19:30:00,0.003252706093933244
2018-08-30 20:00:00,0.00316959041431297
2018-08-30 20:30:00,0.003077258022333336
2018-08-30 21:00:00,0.00301903792266151
2018-08-30 21:30:00,0.002976178859002949
2018-08-30 22:00:00,0.002943232823042218
2018-08-30 22:30:00,0.002893201171930745
2018-08-30 23:00:00,0.0028670707174920226
2018-08-30 23:30:00,0.002841269993146241
2018-08-31 00:00:00,0.002813441529563768
2018-08-31 00:30:00,0.002793006532262521
2018-08-31 01:00:00,0.002782403945163904
2018-08-31 01:30:00,0.0027840605615849787
2018-08-31 02:00:00,0.002786665025979643
2018-08-31 02:30:00,0.002810181991300973
2018-08-31 03:00:00,0.002874705481666951
2018-08-31 03:30:00,0.0029760920905794095
2018-08-31 04:00:00,0.003099418707955861
2018-08-31 04:30:00,0.0032895595827476527
2018-08-31 05:00:00,0.0035554641644360606
2018-08-31 05:30:00,0.0038668239048817565
2018-08-31 06:00:00,0.0040910893234205915
2018-08-31 06:30:00,0.00444796089183221
2018-08-31 07:00:00,0.004782025271718891
2018-08-31 07:30:00,0.005182373769582494
2018-08-31 08:00:00,0.0055365983716929735
2018-08-31 08:30:00,0.005869634437363201
2018-08-31 09:00:00,0.0061314997245782
2018-08-31 09:30:00,0.006325184088685301
2018-08-31 10:00:00,0.006459665666692212
2018-08-31 10:30:00,0.006536787821237785
2018-08-31 11:00:00,0.0065688335528759426
2018-08-31 11:30:00,0.006552495678857981
2018-08-31 12:00:00,0.006472471546572416
2018-08-31 12:30:00,0.006341866364272814
2018-08-31 13:00:00,0.006155231619469286
2018-08-31 13:30:00,0.00594168187435911
2018-08-31 14:00:00,0.005751219588352868
2018-08-31 14:30:00,0.005577590477348235
2018-08-31 15:00:00,0.00541813471859549
2018-08-31 15:30:00,0.005227229212826706
2018-08-31 16:00:00,0.004987316740106832
2018-08-31 16:30:00,0.004707483986203534
2018-08-31 17:00:00,0.004361449748516332
2018-08-31 17:30:00,0.0040306656788799515
2018-08-31 18:00:00,0.003710349480928069
2018-08-31 18:30:00,0.0035505323299266705
2018-08-31 19:00:00,0.003413738406203763
2018-08-31 19:30:00,0.0032711964399478252
2018-08-31 20:00:00,0.0031790088972888358
2018-08-31 20:30:00,0.0030873898113267734
2018-08-31 21:00:00,0.0030251093426893606
2018-08-31 21:30:00,0.0029789467263381672
2018-08-31 22:00:00,0.0029416821336739367
2018-08-31 22:30:00,0.0029033749586562033
2018-08-31 23:00:00,0.00287419772757429
2018-08-31 23:30:00,0.0028471760439531674
2018-09-01 00:00:00,0.002927836494817172
2018-09-01 00:30:00,0.002950894510132992
2018-09-01 01:00:00,0.002941274054870839
2018-09-01 01:30:00,0.0029197857363002172
2018-09-01 02:00:00,0.002925698795132055
2018-09-01 02:30:00,0.002922217823449047
2018-09-01 03:00:00,0.002946570155423271
2018-09-01 03:30:00,0.002977294697904624
2018-09-01 04:00:00,0.002975717942717069
2018-09-01 04:30:00,0.0029875247000817075
2018-09-01 05:00:00,0.003045440832975194
2018-09-01 05:30:00,0.0030474805211464463
2018-09-01 06:00:00,0.0030541982424069263
2018-09-01 06:30:00,0.0031639221825960134
2018-09-01 07:00:00,0.003278725327487406
2018-09-01 07:30:00,0.003469469245343672
2018-09-01 08:00:00,0.0036475334781855785
2018-09-01 08:30:00,0.0038609299542617273
2018-09-01 09:00:00,0.004052917065486758
2018-09-01 09:30:00,0.00423210656529263
2018-09-01 10:00:00,0.004329129645140288
2018-09-01 10:30:00,0.004417995131904183
2018-09-01 11:00:00,0.004467092648587217
2018-09-01 11:30:00,0.0045057189660343555
2018-09-01 12:00:00,0.004555513403065205
2018-09-01 12:30:00,0.0046190944905416965
2018-09-01 13:00:00,0.004668357830202663
2018-09-01 13:30:00,0.004698932027861822
2018-09-01 14:00:00,0.004731682897891394
2018-09-01 14:30:00,0.004736036343467114
2018-09-01 15:00:00,0.0047222816072644115
2018-09-01 15:30:00,0.004697400547540239
2018-09-01 16:00:00,0.00464143925025739
2018-09-01 16:30:00,0.004538108141310603
2018-09-01 17:00:00,0.004382580052807141
2018-09-01 17:30:00,0.004207203069805252
2018-09-01 18:00:00,0.003974290958544792
2018-09-01 18:30:00,0.003864592227078407
2018-09-01 19:00:00,0.0037653431665987296
2018-09-01 19:30:00,0.003648738455130727
2018-09-01 20:00:00,0.003517874429666421
2018-09-01 20:30:00,0.003389511764920931
2018-09-01 21:00:00,0.003273598478299194
2018-09-01 21:30:00,0.0031638626900104376
2018-09-01 22:00:00,0.003072578779225418
2018-09-01 22:30:00,0.0029935315857794412
2018-09-01 23:00:00,0.0029335612444904256
2018-09-01 23:30:00,0.0028888067873893584
2018-09-02 00:00:00,0.0027215268965367486
2018-09-02 00:30:00,0.0025615068657350456
2018-09-02 01:00:00,0.002516231495588066
2018-09-02 01:30:00,0.002481467507380969
2018-09-02 02:00:00,0.002481141558596434
2018-09-02 02:30:00,0.002479610431196969
2018-09-02 03:00:00,0.002483190271490413
2018-09-02 03:30:00,0.0024885129924540183
2018-09-02 04:00:00,0.0025266104308988725
2018-09-02 04:30:00,0.002544678581225643
2018-09-02 05:00:00,0.002526552249166877
2018-09-02 05:30:00,0.0024141929891065383
2018-09-02 06:00:00,0.00231768073881571
2018-09-02 06:30:00,0.0022890702502375796
2018-09-02 07:00:00,0.002345602373837289
2018-09-02 07:30:00,0.0024748346890985486
2018-09-02 08:00:00,0.002562439588475014
2018-09-02 08:30:00,0.0026579287679637104
2018-09-02 09:00:00,0.0027205840903076995
2018-09-02 09:30:00,0.002752130285896796
2018-09-02 10:00:00,0.0027928328945805506
2018-09-02 10:30:00,0.002840974849420848
2018-09-02 11:00:00,0.002893629921886458
2018-09-02 11:30:00,0.0029741072565887565
2018-09-02 12:00:00,0.0030189593722815713
2018-09-02 12:30:00,0.0030719065130084054
2018-09-02 13:00:00,0.0031163095605150097
2018-09-02 13:30:00,0.00314595038000741
2018-09-02 14:00:00,0.0031644394151684103
2018-09-02 14:30:00,0.0031647003254483743
2018-09-02 15:00:00,0.003143416701706092
2018-09-02 15:30:00,0.0030921361096370773
2018-09-02 16:00:00,0.003034790803060452
2018-09-02 16:30:00,0.0029644771715945316
2018-09-02 17:00:00,0.0028548054638788825
2018-09-02 17:30:00,0.0027470843567084574
2018-09-02 18:00:00,0.002617914710331835
2018-09-02 18:30:00,0.0026533397720830652
2018-09-02 19:00:00,0.0026495935038023436
2018-09-02 19:30:00,0.002622107324256716
2018-09-02 20:00:00,0.002610701637670263
2018-09-02 20:30:00,0.0025892755846447157
2018-09-02 21:00:00,0.0025764254382474464
2018-09-02 21:30:00,0.0025620469374102103
2018-09-02 22:00:00,0.0025625976471663546
2018-09-02 22:30:00,0.0025554282360125027
2018-09-02 23:00:00,0.0025756489591707843
2018-09-02 23:30:00,0.0025901198247680005
2018-09-03 00:00:00,0.0027083790855418166
2018-09-03 00:30:00,0.0028112258845080576
2018-09-03 01:00:00,0.002832649114156662
2018-09-03 01:30:00,0.0028683892345242206
2018-09-03 02:00:00,0.002869181191756622
2018-09-03 02:30:00,0.0029060314538545246
2018-09-03 03:00:00,0.0029817516000783116
2018-09-03 03:30:00,0.003102026247814695
2018-09-03 04:00:00,0.003243677136140568
2018-09-03 04:30:00,0.0034393850044189458
2018-09-03 05:00:00,0.0037255451477204086
2018-09-03 05:30:00,0.004074053671958243
2018-09-03 06:00:00,0.004301732351550908
2018-09-03 06:30:00,0.004611603718590841
2018-09-03 07:00:00,0.0049089205367159085
2018-09-03 07:30:00,0.005282538864627711
2018-09-03 08:00:00,0.005625045998669361
2018-09-03 08:30:00,0.005939977310947456
2018-09-03 09:00:00,0.006185865612218695
2018-09-03 09:30:00,0.006371281464862141
2018-09-03 10:00:00,0.006497313532776401
2018-09-03 10:30:00,0.006564071473905225
2018-09-03 11:00:00,0.006578515366169151
2018-09-03 11:30:00,0.006544745004976071
2018-09-03 12:00:00,0.0064564428827471165
2018-09-03 12:30:00,0.006322452925250336
2018-09-03 13:00:00,0.0061402106995427155
2018-09-03 13:30:00,0.005934152734732303
2018-09-03 14:00:00,0.00575648553927295
2018-09-03 14:30:00,0.005591063783370694
2018-09-03 15:00:00,0.005423843435521106
2018-09-03 15:30:00,0.0052200146780592175
2018-09-03 16:00:00,0.004966955201023538
2018-09-03 16:30:00,0.004678243531645085
2018-09-03 17:00:00,0.004340176258680576
2018-09-03 17:30:00,0.0040160109408593474
2018-09-03 18:00:00,0.0037013166409920963
2018-09-03 18:30:00,0.00357996956377453
2018-09-03 19:00:00,0.0034164556544237956
2018-09-03 19:30:00,0.0032778051082738976
2018-09-03 20:00:00,0.0031759818842842426
2018-09-03 20:30:00,0.0030837342440303323
2018-09-03 21:00:00,0.0030130114749949604
2018-09-03 21:30:00,0.002971911929763543
2018-09-03 22:00:00,0.0029299922943651887
2018-09-03 22:30:00,0.0028948679726757912
2018-09-03 23:00:00,0.0028718569968365325
2018-09-03 23:30:00,0.0028441269481074873
2018-09-04 00:00:00,0.002813523306660213
2018-09-04 00:30:00,0.0027953312806700856
2018-09-04 01:00:00,0.0027869075338920347
2018-09-04 01:30:00,0.0027937732303547746
2018-09-04 02:00:00,0.002801947612447859
2018-09-04 02:30:00,0.002829517938709865
2018-09-04 03:00:00,0.0028975930860173074
2018-09-04 03:30:00,0.003013993758083761
2018-09-04 04:00:00,0.00315331188162825
2018-09-04 04:30:00,0.0033429690010313927
2018-09-04 05:00:00,0.003618521918829262
2018-09-04 05:30:00,0.003966712157734262
2018-09-04 06:00:00,0.004172095839629846
2018-09-04 06:30:00,0.004504903514272397
2018-09-04 07:00:00,0.0048241267628428165
2018-09-04 07:30:00,0.005205938228137395
2018-09-04 08:00:00,0.00555355012852617
2018-09-04 08:30:00,0.005870763132713454
2018-09-04 09:00:00,0.006122431743682781
2018-09-04 09:30:00,0.006306643778982324
2018-09-04 10:00:00,0.006428966282516116
2018-09-04 10:30:00,0.00650514870629681
2018-09-04 11:00:00,0.0065391918258695236
2018-09-04 11:30:00,0.006516308254914801
2018-09-04 12:00:00,0.006433390413350292
2018-09-04 12:30:00,0.006316566940586681
2018-09-04 13:00:00,0.0061342655752156024
2018-09-04 13:30:00,0.005905746588060394
2018-09-04 14:00:00,0.0057093714448920975
2018-09-04 14:30:00,0.005524272717980238
2018-09-04 15:00:00,0.005364395418966474
2018-09-04 15:30:00,0.005188641263055519
2018-09-04 16:00:00,0.004946916686512946
2018-09-04 16:30:00,0.004657613771752243
2018-09-04 17:00:00,0.004306146650983229
2018-09-04 17:30:00,0.003973452818932402
2018-09-04 18:00:00,0.0036549058699746253
2018-09-04 18:30:00,0.00353447865904845
2018-09-04 19:00:00,0.00338122601069095
2018-09-04 19:30:00,0.003249450437813746
2018-09-04 20:00:00,0.0031448672620278018
2018-09-04 20:30:00,0.003053188532227827
2018-09-04 21:00:00,0.0029846403180301614
2018-09-04 21:30:00,0.002937631797779985
2018-09-04 22:00:00,0.0028952797319524034
2018-09-04 22:30:00,0.0028626083198167868
2018-09-04 23:00:00,0.0028313455711057494
2018-09-04 23:30:00,0.0028076391874420374
2018-09-05 00:00:00,0.0027738590452645482
2018-09-05 00:30:00,0.0027567248276964356
2018-09-05 01:00:00,0.002749062636431208
2018-09-05 01:30:00,0.0027498236373521318
2018-09-05 02:00:00,0.00275208264141089
2018-09-05 02:30:00,0.002784482706855344
2018-09-05 03:00:00,0.002847363445597733
2018-09-05 03:30:00,0.0029559970581125193
2018-09-05 04:00:00,0.0030827405161814253
2018-09-05 04:30:00,0.0032707311877616402
2018-09-05 05:00:00,0.003553440710682228
2018-09-05 05:30:00,0.0038411115623177674
2018-09-05 06:00:00,0.004030920992823476
2018-09-05 06:30:00,0.00433483216072012
2018-09-05 07:00:00,0.004643293099724884
2018-09-05 07:30:00,0.00500657353212644
2018-09-05 08:00:00,0.005342831524645193
2018-09-05 08:30:00,0.005675829222639468
2018-09-05 09:00:00,0.005947934645938076
2018-09-05 09:30:00,0.006149773376412437
2018-09-05 10:00:00,0.006282497906447028
2018-09-05 10:30:00,0.006345942463481368
2018-09-05 11:00:00,0.006353022887844082
2018-09-05 11:30:00,0.006322126673961129
2018-09-05 12:00:00,0.006239241603736132
2018-09-05 12:30:00,0.006118003125695964
2018-09-05 13:00:00,0.005954352585068187
2018-09-05 13:30:00,0.005758254233675158
2018-09-05 14:00:00,0.005574529684655221
2018-09-05 14:30:00,0.005408123628966349
2018-09-05 15:00:00,0.005256877292431243
2018-09-05 15:30:00,0.005069988090780764
2018-09-05 16:00:00,0.004843814523185736
2018-09-05 16:30:00,0.004594663456935197
2018-09-05 17:00:00,0.004277973937083539
2018-09-05 17:30:00,0.0039660958548816475
2018-09-05 18:00:00,0.0036465928399066812
2018-09-05 18:30:00,0.003535814670934203
2018-09-05 19:00:00,0.003377349362896414
2018-09-05 19:30:00,0.0032342775597067287
2018-09-05 20:00:00,0.0031289312150497087
2018-09-05 20:30:00,0.0030451559239912177
2018-09-05 21:00:00,0.0029880402688784056
2018-09-05 21:30:00,0.0029416560678546633
2018-09-05 22:00:00,0.0029063604276857837
2018-09-05 22:30:00,0.002874110555811187
2018-09-05 23:00:00,0.0028470678481153306
2018-09-05 23:30:00,0.0028311912937228137
2018-09-06 00:00:00,0.0028004253081013396
2018-09-06 00:30:00,0.0027871223626269002
2018-09-06 01:00:00,0.002779826554937421
2018-09-06 01:30:00,0.0027830622457485398
2018-09-06 02:00:00,0.002793418190704242
2018-09-06 02:30:00,0.0028202843869237406
2018-09-06 03:00:00,0.0028816529552261353
2018-09-06 03:30:00,0.0029926081902668725
2018-09-06 04:00:00,0.0031303533903496565
2018-09-06 04:30:00,0.0033181551981793884
2018-09-06 05:00:00,0.0035888129853681216
2018-09-06 05:30:00,0.0038948262582334274
2018-09-06 06:00:00,0.0040783662794031846
2018-09-06 06:30:00,0.004402777130183529
2018-09-06 07:00:00,0.004717061334549867
2018-09-06 07:30:00,0.005096247765132055
2018-09-06 08:00:00,0.005444796673743659
2018-09-06 08:30:00,0.005776062784575544
2018-09-06 09:00:00,0.006040122289431956
2018-09-06 09:30:00,0.006239912508682118
2018-09-06 10:00:00,0.006364598077881981
2018-09-06 10:30:00,0.006420830016011758
2018-09-06 11:00:00,0.006436921701643811
2018-09-06 11:30:00,0.006406692560980995
2018-09-06 12:00:00,0.006323696673211
2018-09-06 12:30:00,0.006197906961956797
2018-09-06 13:00:00,0.006025472895660567
2018-09-06 13:30:00,0.005854707495554863
2018-09-06 14:00:00,0.0057148320575688815
2018-09-06 14:30:00,0.005581644241628474
2018-09-06 15:00:00,0.005449670629025724
2018-09-06 15:30:00,0.005275513748202605
2018-09-06 16:00:00,0.005029332571991017
2018-09-06 16:30:00,0.00474797519453871
2018-09-06 17:00:00,0.0043993110316469155
2018-09-06 17:30:00,0.004055407939376927
2018-09-06 18:00:00,0.0037178733771405545
2018-09-06 18:30:00,0.003602706268710793
2018-09-06 19:00:00,0.0034096190488270535
2018-09-06 19:30:00,0.003263076206191105
2018-09-06 20:00:00,0.0031539070595712404
2018-09-06 20:30:00,0.003063372150355139
2018-09-06 21:00:00,0.002996711061138934
2018-09-06 21:30:00,0.0029475796639325895
2018-09-06 22:00:00,0.0029106916391680795
2018-09-06 22:30:00,0.0028750102551244163
2018-09-06 23:00:00,0.0028485970596518707
2018-09-06 23:30:00,0.002822611504951239
2018-09-07 00:00:00,0.002790125024005363
2018-09-07 00:30:00,0.002772959295533873
2018-09-07 01:00:00,0.0027611755789417837
2018-09-07 01:30:00,0.002756474202575334
2018-09-07 02:00:00,0.0027637528179159303
2018-09-07 02:30:00,0.0027805500452789643
2018-09-07 03:00:00,0.0028355915771053133
2018-09-07 03:30:00,0.0029366705891833633
2018-09-07 04:00:00,0.0030584434417273636
2018-09-07 04:30:00,0.0032393488992875506
2018-09-07 05:00:00,0.0035018150111994256
2018-09-07 05:30:00,0.0038387546979974808
2018-09-07 06:00:00,0.004023070946156674
2018-09-07 06:30:00,0.004351734911796384
2018-09-07 07:00:00,0.004686414485351882
2018-09-07 07:30:00,0.00507988185901445
2018-09-07 08:00:00,0.005435139111241688
2018-09-07 08:30:00,0.005775095072128466
2018-09-07 09:00:00,0.006055138520536105
2018-09-07 09:30:00,0.00626302381523773
2018-09-07 10:00:00,0.0063964771798630795
2018-09-07 10:30:00,0.006462765482487967
2018-09-07 11:00:00,0.006480736780902118
2018-09-07 11:30:00,0.006456298083843916
2018-09-07 12:00:00,0.006381850625194455
2018-09-07 12:30:00,0.006255306215200004
2018-09-07 13:00:00,0.0060731445061526935
2018-09-07 13:30:00,0.005876903473389171
2018-09-07 14:00:00,0.005711864436314974
2018-09-07 14:30:00,0.005553771965285946
2018-09-07 15:00:00,0.0053955270319020155
2018-09-07 15:30:00,0.005211138333873778
2018-09-07 16:00:00,0.004969504710402714
2018-09-07 16:30:00,0.004694827190709389
2018-09-07 17:00:00,0.004350354633393566
2018-09-07 17:30:00,0.004008262939102043
2018-09-07 18:00:00,0.0036797064130384884
2018-09-07 18:30:00,0.0035709582016702993
2018-09-07 19:00:00,0.0033776077523041074
2018-09-07 19:30:00,0.0032375965905550993
2018-09-07 20:00:00,0.0031260324136087774
2018-09-07 20:30:00,0.0030302860547310765
2018-09-07 21:00:00,0.002963290697851846
2018-09-07 21:30:00,0.00290693821161011
2018-09-07 22:00:00,0.002865271117195783
2018-09-07 22:30:00,0.002829507199793994
2018-09-07 23:00:00,0.0028048349691286835
2018-09-07 23:30:00,0.002777445641495677
2018-09-08 00:00:00,0.0028519363078958484
2018-09-08 00:30:00,0.002865179206192812
2018-09-08 01:00:00,0.002845884197749588
2018-09-08 01:30:00,0.002822459849275465
2018-09-08 02:00:00,0.002823129745872543
2018-09-08 02:30:00,0.002815588707728621
2018-09-08 03:00:00,0.002834845550165674
2018-09-08 03:30:00,0.002858412176670727
2018-09-08 04:00:00,0.002856795339614076
2018-09-08 04:30:00,0.002858714933430377
2018-09-08 05:00:00,0.0029097700586835453
2018-09-08 05:30:00,0.002969534243038304
2018-09-08 06:00:00,0.0029015655773755554
2018-09-08 06:30:00,0.002964171541040494
2018-09-08 07:00:00,0.003050632266910968
2018-09-08 07:30:00,0.0032018726541875155
2018-09-08 08:00:00,0.0033634004691114622
2018-09-08 08:30:00,0.0035680331327403126
2018-09-08 09:00:00,0.003741116222811225
2018-09-08 09:30:00,0.0038946418816355856
2018-09-08 10:00:00,0.003984954702004684
2018-09-08 10:30:00,0.0040622081939955335
2018-09-08 11:00:00,0.0040883142463906804
2018-09-08 11:30:00,0.004108320695405996
2018-09-08 12:00:00,0.004144261325953925
2018-09-08 12:30:00,0.004181796004873183
2018-09-08 13:00:00,0.004212851285796383
2018-09-08 13:30:00,0.004240966725478095
2018-09-08 14:00:00,0.004261968314030789
2018-09-08 14:30:00,0.004270252001145508
2018-09-08 15:00:00,0.004251618015828972
2018-09-08 15:30:00,0.00420037896773497
2018-09-08 16:00:00,0.004128498614153129
2018-09-08 16:30:00,0.004026643677590316
2018-09-08 17:00:00,0.0038801979389542158
2018-09-08 17:30:00,0.003729907214679292
2018-09-08 18:00:00,0.0035921839966027037
2018-09-08 18:30:00,0.003581652800606778
2018-09-08 19:00:00,0.00347851342920486
2018-09-08 19:30:00,0.0033864118987077295
2018-09-08 20:00:00,0.003264029549666244
2018-09-08 20:30:00,0.0031630293904728046
2018-09-08 21:00:00,0.00306072286485151
2018-09-08 21:30:00,0.0029628736951609123
2018-09-08 22:00:00,0.0028908918512614737
2018-09-08 22:30:00,0.00282597550816091
2018-09-08 23:00:00,0.002782108398098947
2018-09-08 23:30:00,0.002747752589529838
2018-09-09 00:00:00,0.0026055043048933773
2018-09-09 00:30:00,0.0024689210252573663
2018-09-09 01:00:00,0.002424912040504038
2018-09-09 01:30:00,0.002396400622206126
2018-09-09 02:00:00,0.0024011243335008894
2018-09-09 02:30:00,0.0024006137560312864
2018-09-09 03:00:00,0.0024058355916866388
2018-09-09 03:30:00,0.002414544449118447
2018-09-09 04:00:00,0.0024522052724861056
2018-09-09 04:30:00,0.002474761382132932
2018-09-09 05:00:00,0.002458475337248846
2018-09-09 05:30:00,0.002414815190800265
2018-09-09 06:00:00,0.0022547960675125796
2018-09-09 06:30:00,0.002207391619063647
2018-09-09 07:00:00,0.0022478552994736334
2018-09-09 07:30:00,0.002356374313135017
2018-09-09 08:00:00,0.0024152798883945513
2018-09-09 08:30:00,0.002472692703930572
2018-09-09 09:00:00,0.0025124545230830932
2018-09-09 09:30:00,0.0025225158789053013
2018-09-09 10:00:00,0.002534117235597366
2018-09-09 10:30:00,0.002565723730451166
2018-09-09 11:00:00,0.002599898036216822
2018-09-09 11:30:00,0.002647356683419563
2018-09-09 12:00:00,0.0026780282875832413
2018-09-09 12:30:00,0.0027136060637766
2018-09-09 13:00:00,0.002758771019718145
2018-09-09 13:30:00,0.0028102311987276874
2018-09-09 14:00:00,0.0028462782100854176
2018-09-09 14:30:00,0.0028567282339942435
2018-09-09 15:00:00,0.0028591131808316204
2018-09-09 15:30:00,0.0028403258760636117
2018-09-09 16:00:00,0.002794190737220163
2018-09-09 16:30:00,0.002717165132082538
2018-09-09 17:00:00,0.0026009706673677854
2018-09-09 17:30:00,0.0024813052640416597
2018-09-09 18:00:00,0.002387507287341585
2018-09-09 18:30:00,0.0024589100364631167
2018-09-09 19:00:00,0.002431907662723583
2018-09-09 19:30:00,0.0024197320513283703
2018-09-09 20:00:00,0.002407880372019877
2018-09-09 20:30:00,0.0023881747134838396
2018-09-09 21:00:00,0.002380956498242837
2018-09-09 21:30:00,0.0023819000607335668
2018-09-09 22:00:00,0.0023831828317969735
2018-09-09 22:30:00,0.002387136819952759
2018-09-09 23:00:00,0.0024071398909992327
2018-09-09 23:30:00,0.002419510668325603
2018-09-10 00:00:00,0.0025389896783560707
2018-09-10 00:30:00,0.002638968430523076
2018-09-10 01:00:00,0.002663220078858829
2018-09-10 01:30:00,0.0026943603635949803
2018-09-10 02:00:00,0.0026935817165681664
2018-09-10 02:30:00,0.002723121096160414
2018-09-10 03:00:00,0.0027854453775578818
2018-09-10 03:30:00,0.0028830787101647073
2018-09-10 04:00:00,0.0029996123330346906
2018-09-10 04:30:00,0.0031661636413837712
2018-09-10 05:00:00,0.0034195408491603844
2018-09-10 05:30:00,0.0037702870004601256
2018-09-10 06:00:00,0.00392187219264579
2018-09-10 06:30:00,0.0042236967841469564
2018-09-10 07:00:00,0.004529221814470972
2018-09-10 07:30:00,0.00490345326893633
2018-09-10 08:00:00,0.0052392964771317465
2018-09-10 08:30:00,0.005555100364137442
2018-09-10 09:00:00,0.005806781932390238
2018-09-10 09:30:00,0.005995253939321723
2018-09-10 10:00:00,0.006113723087920754
2018-09-10 10:30:00,0.00616328106713266
2018-09-10 11:00:00,0.006173245369372466
2018-09-10 11:30:00,0.006142923359775217
2018-09-10 12:00:00,0.006063117837532922
2018-09-10 12:30:00,0.005930065190763643
2018-09-10 13:00:00,0.00574688676351232
2018-09-10 13:30:00,0.005551574672180362
2018-09-10 14:00:00,0.005375929569203815
2018-09-10 14:30:00,0.0051989283377808
2018-09-10 15:00:00,0.005044314620067181
2018-09-10 15:30:00,0.004863514938307451
2018-09-10 16:00:00,0.004634930862230226
2018-09-10 16:30:00,0.004375348880282671
2018-09-10 17:00:00,0.004060438491244418
2018-09-10 17:30:00,0.00374058547836346
2018-09-10 18:00:00,0.0034700951275109127
2018-09-10 18:30:00,0.0033724498459695275
2018-09-10 19:00:00,0.003211180218783493
2018-09-10 19:30:00,0.0030842355951074267
2018-09-10 20:00:00,0.002987003736618351
2018-09-10 20:30:00,0.0028993609233229425
2018-09-10 21:00:00,0.002840306667016913
2018-09-10 21:30:00,0.0028028559835616977
2018-09-10 22:00:00,0.002768718230443959
2018-09-10 22:30:00,0.0027347551737745453
2018-09-10 23:00:00,0.00271433540254181
2018-09-10 23:30:00,0.0026912719925593315
2018-09-11 00:00:00,0.002669524982076344
2018-09-11 00:30:00,0.002650026740910697
2018-09-11 01:00:00,0.0026446602071870367
2018-09-11 01:30:00,0.0026473956561048595
2018-09-11 02:00:00,0.0026494322688119425
2018-09-11 02:30:00,0.0026746492095573943
2018-09-11 03:00:00,0.0027416426001562544
2018-09-11 03:30:00,0.0028318026052483337
2018-09-11 04:00:00,0.00295465958412085
2018-09-11 04:30:00,0.003122108423833007
2018-09-11 05:00:00,0.0033658604875250447
2018-09-11 05:30:00,0.003685591691857909
2018-09-11 06:00:00,0.0038390375398661956
2018-09-11 06:30:00,0.004121502689428912
2018-09-11 07:00:00,0.004433986486819884
2018-09-11 07:30:00,0.004801448743813004
2018-09-11 08:00:00,0.0051503544566857285
2018-09-11 08:30:00,0.005468333049781469
2018-09-11 09:00:00,0.005730989840471861
2018-09-11 09:30:00,0.005938990843210687
2018-09-11 10:00:00,0.0060694586883890105
2018-09-11 10:30:00,0.006134326630741985
2018-09-11 11:00:00,0.0061607083657286
2018-09-11 11:30:00,0.006130976794834472
2018-09-11 12:00:00,0.006047016169246678
2018-09-11 12:30:00,0.005926995726270021
2018-09-11 13:00:00,0.005760071933834297
2018-09-11 13:30:00,0.0055698117209492335
2018-09-11 14:00:00,0.005396047642443254
2018-09-11 14:30:00,0.005209999000442545
2018-09-11 15:00:00,0.005044254421637369
2018-09-11 15:30:00,0.004848084023714857
2018-09-11 16:00:00,0.0046150176350714615
2018-09-11 16:30:00,0.004356613354231091
2018-09-11 17:00:00,0.004058459909016996
2018-09-11 17:30:00,0.0037555521995362214
2018-09-11 18:00:00,0.003503612493962958
2018-09-11 18:30:00,0.0033992262991362067
2018-09-11 19:00:00,0.0032390120099173633
2018-09-11 19:30:00,0.003098149600020159
2018-09-11 20:00:00,0.0030000525277505104
2018-09-11 20:30:00,0.002913320808110992
2018-09-11 21:00:00,0.002857212241470119
2018-09-11 21:30:00,0.0028121128786250445
2018-09-11 22:00:00,0.0027774066183929337
2018-09-11 22:30:00,0.002742344713500946
2018-09-11 23:00:00,0.0027226866994508156
2018-09-11 23:30:00,0.002704511462470008
2018-09-12 00:00:00,0.0026829410642982693
2018-09-12 00:30:00,0.0026672544828400336
2018-09-12 01:00:00,0.0026616559280326245
2018-09-12 01:30:00,0.0026594003523601533
2018-09-12 02:00:00,0.002666770475364158
2018-09-12 02:30:00,0.0026877295620103764
2018-09-12 03:00:00,0.0027479060098162013
2018-09-12 03:30:00,0.002841016494230752
2018-09-12 04:00:00,0.0029566414434822243
2018-09-12 04:30:00,0.0031187464877385977
2018-09-12 05:00:00,0.003361680982135969
2018-09-12 05:30:00,0.003677924610100476
2018-09-12 06:00:00,0.003840138959378485
2018-09-12 06:30:00,0.004136390557717062
2018-09-12 07:00:00,0.004446755108207934
2018-09-12 07:30:00,0.004812231069104485
2018-09-12 08:00:00,0.005164142065062834
2018-09-12 08:30:00,0.00546852675360671
2018-09-12 09:00:00,0.005725057219671207
2018-09-12 09:30:00,0.005929871234851175
2018-09-12 10:00:00,0.006058393823733486
2018-09-12 10:30:00,0.006124700226221275
2018-09-12 11:00:00,0.006145856697166249
2018-09-12 11:30:00,0.006125559036986281
2018-09-12 12:00:00,0.006051558982747333
2018-09-12 12:30:00,0.005935208022282047
2018-09-12 13:00:00,0.00576428854646319
2018-09-12 13:30:00,0.005572401009692833
2018-09-12 14:00:00,0.005407911825278208
2018-09-12 14:30:00,0.00524655492549418
2018-09-12 15:00:00,0.005088158286017031
2018-09-12 15:30:00,0.004902879165485518
2018-09-12 16:00:00,0.0046838700177172475
2018-09-12 16:30:00,0.004433564492801854
2018-09-12 17:00:00,0.004121529209005194
2018-09-12 17:30:00,0.0038014929791276384
2018-09-12 18:00:00,0.0035473331917634694
2018-09-12 18:30:00,0.0034336634814621974
2018-09-12 19:00:00,0.003269967464298665
2018-09-12 19:30:00,0.0031428584797505823
2018-09-12 20:00:00,0.0030337532120340437
2018-09-12 20:30:00,0.0029471422925937125
2018-09-12 21:00:00,0.0028887448243489567
2018-09-12 21:30:00,0.0028476063064322423
2018-09-12 22:00:00,0.002809604207376647
2018-09-12 22:30:00,0.0027779668066288147
2018-09-12 23:00:00,0.0027558499841837908
2018-09-12 23:30:00,0.002737743415763623
2018-09-13 00:00:00,0.0027118392348198725
2018-09-13 00:30:00,0.0026928141613793396
2018-09-13 01:00:00,0.0026845104585387952
2018-09-13 01:30:00,0.0026905898949404652
2018-09-13 02:00:00,0.0026952201827088957
2018-09-13 02:30:00,0.00272330224604175
2018-09-13 03:00:00,0.0027883238103508703
2018-09-13 03:30:00,0.002878412172253031
2018-09-13 04:00:00,0.0029988438703318476
2018-09-13 04:30:00,0.0031678864054932162
2018-09-13 05:00:00,0.003418163142047283
2018-09-13 05:30:00,0.003771234394676707
2018-09-13 06:00:00,0.003930602779996567
2018-09-13 06:30:00,0.004240585972930406
2018-09-13 07:00:00,0.0045558051688217565
2018-09-13 07:30:00,0.0049246785596942805
2018-09-13 08:00:00,0.005280035083871518
2018-09-13 08:30:00,0.0056017567689489196
2018-09-13 09:00:00,0.005862547660402366
2018-09-13 09:30:00,0.006048104228135934
2018-09-13 10:00:00,0.006164239502769784
2018-09-13 10:30:00,0.006222306988834372
2018-09-13 11:00:00,0.006238266782429251
2018-09-13 11:30:00,0.0062074330357611545
2018-09-13 12:00:00,0.006122953765912491
2018-09-13 12:30:00,0.0059961799061240065
2018-09-13 13:00:00,0.005817234527588779
2018-09-13 13:30:00,0.005615937230060611
2018-09-13 14:00:00,0.005434102074807179
2018-09-13 14:30:00,0.005255546977716822
2018-09-13 15:00:00,0.005079999079575014
2018-09-13 15:30:00,0.0048717603585811085
2018-09-13 16:00:00,0.004626805082554511
2018-09-13 16:30:00,0.00434938656802437
2018-09-13 17:00:00,0.004034400199895895
2018-09-13 17:30:00,0.003728370138021269
2018-09-13 18:00:00,0.0034937704036108108
2018-09-13 18:30:00,0.0034094961310951596
2018-09-13 19:00:00,0.0032537468108412675
2018-09-13 19:30:00,0.0031392273144977166
2018-09-13 20:00:00,0.003031394835190395
2018-09-13 20:30:00,0.0029525510257191762
2018-09-13 21:00:00,0.0028914727106499694
2018-09-13 21:30:00,0.00285008316427259
2018-09-13 22:00:00,0.002818286545232173
2018-09-13 22:30:00,0.00278553194431164
2018-09-13 23:00:00,0.0027638958522085404
2018-09-13 23:30:00,0.002749460177988216
2018-09-14 00:00:00,0.0027239317078476145
2018-09-14 00:30:00,0.002709623539346716
2018-09-14 01:00:00,0.002708182407087297
2018-09-14 01:30:00,0.002712171132862965
2018-09-14 02:00:00,0.0027201427359906357
2018-09-14 02:30:00,0.002750219716803223
2018-09-14 03:00:00,0.00282041108596404
2018-09-14 03:30:00,0.0029267077994669195
2018-09-14 04:00:00,0.003056182219301007
2018-09-14 04:30:00,0.0032524473516034325
2018-09-14 05:00:00,0.003521211056203239
2018-09-14 05:30:00,0.0038837747542009356
2018-09-14 06:00:00,0.0040410864102529975
2018-09-14 06:30:00,0.004343193289030978
2018-09-14 07:00:00,0.0046414034034537085
2018-09-14 07:30:00,0.004982988049496807
2018-09-14 08:00:00,0.00530198804961898
2018-09-14 08:30:00,0.00560076329318724
2018-09-14 09:00:00,0.005836240593652396
2018-09-14 09:30:00,0.006008780183661855
2018-09-14 10:00:00,0.006124305003866756
2018-09-14 10:30:00,0.006192080469878717
2018-09-14 11:00:00,0.006209689922287205
2018-09-14 11:30:00,0.006171942481748344
2018-09-14 12:00:00,0.006085479638345163
2018-09-14 12:30:00,0.005959392060823514
2018-09-14 13:00:00,0.005789098013414889
2018-09-14 13:30:00,0.00560613597783924
2018-09-14 14:00:00,0.005422227707648254
2018-09-14 14:30:00,0.005228611911266902
2018-09-14 15:00:00,0.005052087880964633
2018-09-14 15:30:00,0.004835541978326452
2018-09-14 16:00:00,0.004598821030735523
2018-09-14 16:30:00,0.004351749179933433
2018-09-14 17:00:00,0.004045341743479961
2018-09-14 17:30:00,0.0037350467690637447
2018-09-14 18:00:00,0.0035160613679122593
2018-09-14 18:30:00,0.003417017607270265
2018-09-14 19:00:00,0.0032608521918394565
2018-09-14 19:30:00,0.00314601289763971
2018-09-14 20:00:00,0.0030343106777278727
2018-09-14 20:30:00,0.002945396790216391
2018-09-14 21:00:00,0.0028843488768667633
2018-09-14 21:30:00,0.002834364265231851
2018-09-14 22:00:00,0.0027990197705583756
2018-09-14 22:30:00,0.00276259941801743
2018-09-14 23:00:00,0.002738880782914485
2018-09-14 23:30:00,0.002720645750843428
2018-09-15 00:00:00,0.0027852805629288574
2018-09-15 00:30:00,0.0027974220921309773
2018-09-15 01:00:00,0.0027885140857898238
2018-09-15 01:30:00,0.0027694628961125725
2018-09-15 02:00:00,0.0027753238233058615
2018-09-15 02:30:00,0.0027690427171225777
2018-09-15 03:00:00,0.0027864070903289577
2018-09-15 03:30:00,0.002810191419363264
2018-09-15 04:00:00,0.002803864029965099
2018-09-15 04:30:00,0.0028128568888668667
2018-09-15 05:00:00,0.0028622882698733643
2018-09-15 05:30:00,0.0029146560133176186
2018-09-15 06:00:00,0.0028283242552724873
2018-09-15 06:30:00,0.0028823961083713863
2018-09-15 07:00:00,0.0029508462102202956
2018-09-15 07:30:00,0.0030846147342968627
2018-09-15 08:00:00,0.0032365506806501998
2018-09-15 08:30:00,0.0034278280150788366
2018-09-15 09:00:00,0.0035893316800464344
2018-09-15 09:30:00,0.0037302818667160863
2018-09-15 10:00:00,0.0038055184592210066
2018-09-15 10:30:00,0.0038689997705730443
2018-09-15 11:00:00,0.003902361347118792
2018-09-15 11:30:00,0.003936134481271371
2018-09-15 12:00:00,0.003969284959973214
2018-09-15 12:30:00,0.003998197600301647
2018-09-15 13:00:00,0.004028330241973961
2018-09-15 13:30:00,0.004064916266240504
2018-09-15 14:00:00,0.004099508330958774
2018-09-15 14:30:00,0.004121368831111366
2018-09-15 15:00:00,0.004118921971651033
2018-09-15 15:30:00,0.004081938809167046
2018-09-15 16:00:00,0.003997912842570008
2018-09-15 16:30:00,0.0038704221475427737
2018-09-15 17:00:00,0.0037099062611655248
2018-09-15 17:30:00,0.0035513032630843386
2018-09-15 18:00:00,0.0034776569376423422
2018-09-15 18:30:00,0.0034364151647974404
2018-09-15 19:00:00,0.0033429556908258066
2018-09-15 19:30:00,0.0032692186643995293
2018-09-15 20:00:00,0.0031472978870707145
2018-09-15 20:30:00,0.0030553349037135526
2018-09-15 21:00:00,0.002970007763685536
2018-09-15 21:30:00,0.0028861297218733123
2018-09-15 22:00:00,0.002825478896323684
2018-09-15 22:30:00,0.0027731990809042135
2018-09-15 23:00:00,0.002732161750800424
2018-09-15 23:30:00,0.0027026598313701113
2018-09-16 00:00:00,0.0025746827088296226
2018-09-16 00:30:00,0.0024430877312418544
2018-09-16 01:00:00,0.0023949558094731923
2018-09-16 01:30:00,0.0023640636289858716
2018-09-16 02:00:00,0.0023681050409919873
2018-09-16 02:30:00,0.002371857056861486
2018-09-16 03:00:00,0.0023721628890853047
2018-09-16 03:30:00,0.002384067305041691
2018-09-16 04:00:00,0.002421784948870319
2018-09-16 04:30:00,0.002445407790826996
2018-09-16 05:00:00,0.002429755140309517
2018-09-16 05:30:00,0.002406166128458705
2018-09-16 06:00:00,0.002237568829757697
2018-09-16 06:30:00,0.002192548975224024
2018-09-16 07:00:00,0.002224612957977417
2018-09-16 07:30:00,0.00230280855035308
2018-09-16 08:00:00,0.0023534825701364425
2018-09-16 08:30:00,0.0024094962511450654
2018-09-16 09:00:00,0.002443579755091549
2018-09-16 09:30:00,0.002438889218475861
2018-09-16 10:00:00,0.0024411015359801754
2018-09-16 10:30:00,0.0024674657761132343
2018-09-16 11:00:00,0.0024896860551562264
2018-09-16 11:30:00,0.00253372120656372
2018-09-16 12:00:00,0.0025753671256509773
2018-09-16 12:30:00,0.002605181734077684
2018-09-16 13:00:00,0.0026413702672046634
2018-09-16 13:30:00,0.00267586442124396
2018-09-16 14:00:00,0.0027162836838845452
2018-09-16 14:30:00,0.0027402859675353312
2018-09-16 15:00:00,0.0027332068036087518
2018-09-16 15:30:00,0.0027042741475544925
2018-09-16 16:00:00,0.002641451288039427
2018-09-16 16:30:00,0.0025560048603355846
2018-09-16 17:00:00,0.0024486406582611728
2018-09-16 17:30:00,0.0023458767959926214
2018-09-16 18:00:00,0.002337873429874347
2018-09-16 18:30:00,0.002369261264267431
2018-09-16 19:00:00,0.002351850859933397
2018-09-16 19:30:00,0.002353106455993731
2018-09-16 20:00:00,0.0023335659145913906
2018-09-16 20:30:00,0.002321731125127107
2018-09-16 21:00:00,0.0023188062074494566
2018-09-16 21:30:00,0.0023192966179408983
2018-09-16 22:00:00,0.002323111655617151
2018-09-16 22:30:00,0.0023304946350697336
2018-09-16 23:00:00,0.0023557056265566274
2018-09-16 23:30:00,0.0023721136816585906
2018-09-17 00:00:00,0.00249009045348581
2018-09-17 00:30:00,0.002587095080548451
2018-09-17 01:00:00,0.0026152460645291714
2018-09-17 01:30:00,0.0026457026382882033
2018-09-17 02:00:00,0.0026521140231504105
2018-09-17 02:30:00,0.002672058156203207
2018-09-17 03:00:00,0.0027225998806098307
2018-09-17 03:30:00,0.0028206944320072085
2018-09-17 04:00:00,0.0029343958044641934
2018-09-17 04:30:00,0.0030988777791841247
2018-09-17 05:00:00,0.0033429938064145313
2018-09-17 05:30:00,0.00367348656405137
2018-09-17 06:00:00,0.0038088283645117595
2018-09-17 06:30:00,0.004096103540035771
2018-09-17 07:00:00,0.0043760235665370635
2018-09-17 07:30:00,0.004705741458455492
2018-09-17 08:00:00,0.0050165957640110155
2018-09-17 08:30:00,0.0053067055091505135
2018-09-17 09:00:00,0.005549392252221171
2018-09-17 09:30:00,0.00572388808952974
2018-09-17 10:00:00,0.005821488650797053
2018-09-17 10:30:00,0.005854573738072207
2018-09-17 11:00:00,0.005854026809624467
2018-09-17 11:30:00,0.005816766149520979
2018-09-17 12:00:00,0.005730035791152486
2018-09-17 12:30:00,0.00559686683133666
2018-09-17 13:00:00,0.005415805835957403
2018-09-17 13:30:00,0.005233700241526825
2018-09-17 14:00:00,0.005085018993361524
2018-09-17 14:30:00,0.004947549879209771
2018-09-17 15:00:00,0.004813921465213981
2018-09-17 15:30:00,0.0046569593533109035
2018-09-17 16:00:00,0.004456497170348401
2018-09-17 16:30:00,0.004210998243008016
2018-09-17 17:00:00,0.003905252535525467
2018-09-17 17:30:00,0.0036040260461791254
2018-09-17 18:00:00,0.003431382697067025
2018-09-17 18:30:00,0.0033127260964059815
2018-09-17 19:00:00,0.0031565527150187993
2018-09-17 19:30:00,0.0030450832220349456
2018-09-17 20:00:00,0.002942795300451005
2018-09-17 20:30:00,0.0028577404146281683
2018-09-17 21:00:00,0.002805824663581958
2018-09-17 21:30:00,0.0027633783171314716
2018-09-17 22:00:00,0.0027326669336033694
2018-09-17 22:30:00,0.002704807967466427
2018-09-17 23:00:00,0.0026850177084570023
2018-09-17 23:30:00,0.0026729498391426174
2018-09-18 00:00:00,0.002648764943504579
2018-09-18 00:30:00,0.0026345509043742494
2018-09-18 01:00:00,0.0026285487074989384
2018-09-18 01:30:00,0.0026284529647701165
2018-09-18 02:00:00,0.002631441458846421
2018-09-18 02:30:00,0.00265473477237994
2018-09-18 03:00:00,0.002705122723578082
2018-09-18 03:30:00,0.0027956137696166826
2018-09-18 04:00:00,0.0029053249037746375
2018-09-18 04:30:00,0.0030666448475711837
2018-09-18 05:00:00,0.003303351930364626
2018-09-18 05:30:00,0.0036259704409608686
2018-09-18 06:00:00,0.003768063137360814
2018-09-18 06:30:00,0.004061954543827708
2018-09-18 07:00:00,0.004349394937320308
2018-09-18 07:30:00,0.0046803853655607245
2018-09-18 08:00:00,0.005001405592720224
2018-09-18 08:30:00,0.005305969565699956
2018-09-18 09:00:00,0.00555120975071053
2018-09-18 09:30:00,0.005727483912153377
2018-09-18 10:00:00,0.00584349576488088
2018-09-18 10:30:00,0.005899896500617866
2018-09-18 11:00:00,0.005907912420680046
2018-09-18 11:30:00,0.005870453972938238
2018-09-18 12:00:00,0.005776274336176458
2018-09-18 12:30:00,0.0056405666058973285
2018-09-18 13:00:00,0.005468954495213514
2018-09-18 13:30:00,0.005279794743909279
2018-09-18 14:00:00,0.005100715254969277
2018-09-18 14:30:00,0.004933150001375683
2018-09-18 15:00:00,0.0047833212017355485
2018-09-18 15:30:00,0.004604631439648518
2018-09-18 16:00:00,0.004377797605188483
2018-09-18 16:30:00,0.00412540706681842
2018-09-18 17:00:00,0.0038378010520176697
2018-09-18 17:30:00,0.0035623090889112937
2018-09-18 18:00:00,0.003414746452607165
2018-09-18 18:30:00,0.0032973614303366486
2018-09-18 19:00:00,0.0031451955804322708
2018-09-18 19:30:00,0.00303339872697541
2018-09-18 20:00:00,0.002932593733713129
2018-09-18 20:30:00,0.0028516223584633205
2018-09-18 21:00:00,0.0027941044225536322
2018-09-18 21:30:00,0.0027604236027435874
2018-09-18 22:00:00,0.0027250365557461914
2018-09-18 22:30:00,0.0026976210110415746
2018-09-18 23:00:00,0.0026776343760823024
2018-09-18 23:30:00,0.002662711518087042
2018-09-19 00:00:00,0.0026436975869019433
2018-09-19 00:30:00,0.002624606769112604
2018-09-19 01:00:00,0.002618467991377695
2018-09-19 01:30:00,0.0026211023029000385
2018-09-19 02:00:00,0.0026231219753454654
2018-09-19 02:30:00,0.0026463130422997062
2018-09-19 03:00:00,0.0026973880824438094
2018-09-19 03:30:00,0.002787798460569764
2018-09-19 04:00:00,0.002901355387045667
2018-09-19 04:30:00,0.0030667276330165368
2018-09-19 05:00:00,0.0033076903011241693
2018-09-19 05:30:00,0.0036180852029171753
2018-09-19 06:00:00,0.0037559029032864493
2018-09-19 06:30:00,0.0040432491169910345
2018-09-19 07:00:00,0.004338103244577912
2018-09-19 07:30:00,0.004686257132504776
2018-09-19 08:00:00,0.005026446021989319
2018-09-19 08:30:00,0.0053533012617751705
2018-09-19 09:00:00,0.005620024774029271
2018-09-19 09:30:00,0.005819324885292663
2018-09-19 10:00:00,0.005949006520827359
2018-09-19 10:30:00,0.006008421211450579
2018-09-19 11:00:00,0.006016902686203619
2018-09-19 11:30:00,0.005977262675599192
2018-09-19 12:00:00,0.005898298771773022
2018-09-19 12:30:00,0.005776187013161018
2018-09-19 13:00:00,0.005593583193534962
2018-09-19 13:30:00,0.00538276042721178
2018-09-19 14:00:00,0.005185812743533481
2018-09-19 14:30:00,0.004987591968941291
2018-09-19 15:00:00,0.004804658066300177
2018-09-19 15:30:00,0.004614066005789467
2018-09-19 16:00:00,0.004399168551946204
2018-09-19 16:30:00,0.004151134080859022
2018-09-19 17:00:00,0.0038639312543691648
2018-09-19 17:30:00,0.00358473960870162
2018-09-19 18:00:00,0.003437993785430476
2018-09-19 18:30:00,0.003304028582899389
2018-09-19 19:00:00,0.003142055481097637
2018-09-19 19:30:00,0.003033271422925766
2018-09-19 20:00:00,0.002936739913170793
2018-09-19 20:30:00,0.0028574991671519116
2018-09-19 21:00:00,0.0028069190246518905
2018-09-19 21:30:00,0.002763981662700618
2018-09-19 22:00:00,0.0027332715396086505
2018-09-19 22:30:00,0.0027036656594059153
2018-09-19 23:00:00,0.002680945541809191
2018-09-19 23:30:00,0.0026672637596499875
2018-09-20 00:00:00,0.002650407392623495
2018-09-20 00:30:00,0.0026368520069999196
2018-09-20 01:00:00,0.0026290758723080793
2018-09-20 01:30:00,0.0026261601306054923
2018-09-20 02:00:00,0.0026324567653619613
2018-09-20 02:30:00,0.002655756532328492
2018-09-20 03:00:00,0.0027038246760287183
2018-09-20 03:30:00,0.002794008326902692
2018-09-20 04:00:00,0.0028999596304871114
2018-09-20 04:30:00,0.0030574389749625855
2018-09-20 05:00:00,0.0032904119904970932
2018-09-20 05:30:00,0.0036297183730172886
2018-09-20 06:00:00,0.003737915067950207
2018-09-20 06:30:00,0.004023540735912945
2018-09-20 07:00:00,0.004309620009631981
2018-09-20 07:30:00,0.004638576598124814
2018-09-20 08:00:00,0.0049616995352623205
2018-09-20 08:30:00,0.005267559892015717
2018-09-20 09:00:00,0.00552305579210053
2018-09-20 09:30:00,0.00572954729652397
2018-09-20 10:00:00,0.0058635844447496475
2018-09-20 10:30:00,0.005918475329249131
2018-09-20 11:00:00,0.005937818133430597
2018-09-20 11:30:00,0.0059160987012902445
2018-09-20 12:00:00,0.005835474702239267
2018-09-20 12:30:00,0.005714472732435489
2018-09-20 13:00:00,0.0055381847566126005
2018-09-20 13:30:00,0.005332272800724076
2018-09-20 14:00:00,0.005146032320343606
2018-09-20 14:30:00,0.0049731429845153805
2018-09-20 15:00:00,0.004823672703329512
2018-09-20 15:30:00,0.004649478664849129
2018-09-20 16:00:00,0.004423678287184979
2018-09-20 16:30:00,0.004149591760786676
2018-09-20 17:00:00,0.0038409764435640855
2018-09-20 17:30:00,0.0035479631577437884
2018-09-20 18:00:00,0.0034133743922479484
2018-09-20 18:30:00,0.0032868108740416882
2018-09-20 19:00:00,0.003144827432245933
2018-09-20 19:30:00,0.003037540167193207
2018-09-20 20:00:00,0.002945222446690185
2018-09-20 20:30:00,0.0028668536703895598
2018-09-20 21:00:00,0.0028162937452851466
2018-09-20 21:30:00,0.0027782389095816584
2018-09-20 22:00:00,0.0027429481094875382
2018-09-20 22:30:00,0.0027121726958037728
2018-09-20 23:00:00,0.002691294579574873
2018-09-20 23:30:00,0.0026725074260592
2018-09-21 00:00:00,0.0026486602768879207
2018-09-21 00:30:00,0.0026352886628528416
2018-09-21 01:00:00,0.0026256881728990685
2018-09-21 01:30:00,0.002628346029368416
2018-09-21 02:00:00,0.0026360763346023838
2018-09-21 02:30:00,0.00266202004282333
2018-09-21 03:00:00,0.0027144716304792907
2018-09-21 03:30:00,0.0028084102214345963
2018-09-21 04:00:00,0.00292363062110415
2018-09-21 04:30:00,0.003080445766153876
2018-09-21 05:00:00,0.003322561985412345
2018-09-21 05:30:00,0.003673297498631106
2018-09-21 06:00:00,0.003777582808149605
2018-09-21 06:30:00,0.00404810356072173
2018-09-21 07:00:00,0.00430064857814451
2018-09-21 07:30:00,0.004593268406220877
2018-09-21 08:00:00,0.004893621110820927
2018-09-21 08:30:00,0.0051842581720219025
2018-09-21 09:00:00,0.005420222908349221
2018-09-21 09:30:00,0.005587162683115137
2018-09-21 10:00:00,0.005686487067258247
2018-09-21 10:30:00,0.005733459589452407
2018-09-21 11:00:00,0.0057431095893375654
2018-09-21 11:30:00,0.005709703292517744
2018-09-21 12:00:00,0.005626741386105952
2018-09-21 12:30:00,0.005505190370321727
2018-09-21 13:00:00,0.005323674508750038
2018-09-21 13:30:00,0.005116300648614588
2018-09-21 14:00:00,0.00493538248585816
2018-09-21 14:30:00,0.0047650468944745224
2018-09-21 15:00:00,0.004597163053043422
2018-09-21 15:30:00,0.004397949407698897
2018-09-21 16:00:00,0.004171218626497268
2018-09-21 16:30:00,0.0039388717956346745
2018-09-21 17:00:00,0.003662604966809889
2018-09-21 17:30:00,0.0033935547398678536
2018-09-21 18:00:00,0.0033116845224013874
2018-09-21 18:30:00,0.0032017530640070183
2018-09-21 19:00:00,0.0030791176193896066
2018-09-21 19:30:00,0.0029840419133706653
2018-09-21 20:00:00,0.002894688083230591
2018-09-21 20:30:00,0.002817273053744668
2018-09-21 21:00:00,0.002766294462173622
2018-09-21 21:30:00,0.00273434180113968
2018-09-21 22:00:00,0.002705257035652638
2018-09-21 22:30:00,0.0026781727839817688
2018-09-21 23:00:00,0.0026555994819860594
2018-09-21 23:30:00,0.0026414059123385635
2018-09-22 00:00:00,0.0026977459958887305
2018-09-22 00:30:00,0.0027079466551125893
2018-09-22 01:00:00,0.0026991194175189723
2018-09-22 01:30:00,0.0026906876039496574
2018-09-22 02:00:00,0.0027053665927615003
2018-09-22 02:30:00,0.002708581662837449
2018-09-22 03:00:00,0.002733491107583384
2018-09-22 03:30:00,0.002759023106945164
2018-09-22 04:00:00,0.002758697460665301
2018-09-22 04:30:00,0.002762904191474895
2018-09-22 05:00:00,0.0028088379126239562
2018-09-22 05:30:00,0.002903633801820906
2018-09-22 06:00:00,0.002791282205212268
2018-09-22 06:30:00,0.002815890960313816
2018-09-22 07:00:00,0.0028628098383460653
2018-09-22 07:30:00,0.0029471449647183188
2018-09-22 08:00:00,0.0030630234128852813
2018-09-22 08:30:00,0.0032197700406267037
2018-09-22 09:00:00,0.0033331943692211955
2018-09-22 09:30:00,0.0034305813621897784
2018-09-22 10:00:00,0.00349992783580052
2018-09-22 10:30:00,0.0035691587526263955
2018-09-22 11:00:00,0.0036036440331953016
2018-09-22 11:30:00,0.003641341913385331
2018-09-22 12:00:00,0.003684367001691607
2018-09-22 12:30:00,0.0037156057516986325
2018-09-22 13:00:00,0.003748626254226224
2018-09-22 13:30:00,0.0037852898205237968
2018-09-22 14:00:00,0.0038158777317281057
2018-09-22 14:30:00,0.003830969084825904
2018-09-22 15:00:00,0.0038160029182450427
2018-09-22 15:30:00,0.0037755471029565393
2018-09-22 16:00:00,0.0037089732359208835
2018-09-22 16:30:00,0.0036046497603962144
2018-09-22 17:00:00,0.003466912778357031
2018-09-22 17:30:00,0.003326619783088217
2018-09-22 18:00:00,0.0033267279285086075
2018-09-22 18:30:00,0.003252874488200893
2018-09-22 19:00:00,0.0031747751427285056
2018-09-22 19:30:00,0.003103433701220585
2018-09-22 20:00:00,0.0030046893697868436
2018-09-22 20:30:00,0.00292458230080359
2018-09-22 21:00:00,0.0028433134626258986
2018-09-22 21:30:00,0.0027744971284535775
2018-09-22 22:00:00,0.0027236457905147303
2018-09-22 22:30:00,0.0026809276436160724
2018-09-22 23:00:00,0.002651075272522758
2018-09-22 23:30:00,0.002627801218453383
2018-09-23 00:00:00,0.0025075088237762173
2018-09-23 00:30:00,0.0023875981395782026
2018-09-23 01:00:00,0.0023517786117341335
2018-09-23 01:30:00,0.0023272648430997266
2018-09-23 02:00:00,0.0023312337548193514
2018-09-23 02:30:00,0.0023342259293691707
2018-09-23 03:00:00,0.0023370479954581977
2018-09-23 03:30:00,0.0023505572995366738
2018-09-23 04:00:00,0.0023914102530426225
2018-09-23 04:30:00,0.0024111436915910766
2018-09-23 05:00:00,0.002396580763738553
2018-09-23 05:30:00,0.002402073895667623
2018-09-23 06:00:00,0.0022317207590129857
2018-09-23 06:30:00,0.0021644375689379453
2018-09-23 07:00:00,0.002178257545315
2018-09-23 07:30:00,0.002228131692327032
2018-09-23 08:00:00,0.0022568921728052384
2018-09-23 08:30:00,0.0022832086676174996
2018-09-23 09:00:00,0.002295338147050168
2018-09-23 09:30:00,0.002284796413808153
2018-09-23 10:00:00,0.0022842720723759546
2018-09-23 10:30:00,0.002312530445515385
2018-09-23 11:00:00,0.0023283508852911675
2018-09-23 11:30:00,0.002356289914331411
2018-09-23 12:00:00,0.0023865263151063654
2018-09-23 12:30:00,0.0024261237229694253
2018-09-23 13:00:00,0.0024606788317002148
2018-09-23 13:30:00,0.0024899486292118893
2018-09-23 14:00:00,0.0025181069741396387
2018-09-23 14:30:00,0.0025225078121140373
2018-09-23 15:00:00,0.0025160184314637906
2018-09-23 15:30:00,0.0024884554157313674
2018-09-23 16:00:00,0.002432131818685848
2018-09-23 16:30:00,0.002367988072518651
2018-09-23 17:00:00,0.0022762322544446533
2018-09-23 17:30:00,0.00218050303749839
2018-09-23 18:00:00,0.0022455086194773178
2018-09-23 18:30:00,0.0022624567966718903
2018-09-23 19:00:00,0.0022668773478674415
2018-09-23 19:30:00,0.0022603559521393634
2018-09-23 20:00:00,0.00225087283399849
2018-09-23 20:30:00,0.0022487083122324186
2018-09-23 21:00:00,0.0022500633314950884
2018-09-23 21:30:00,0.002258030901227126
2018-09-23 22:00:00,0.0022639504639094202
2018-09-23 22:30:00,0.002277178892399553
2018-09-23 23:00:00,0.002309442074479736
2018-09-23 23:30:00,0.002324565946829821
2018-09-24 00:00:00,0.002445535246128977
2018-09-24 00:30:00,0.002545243912040955
2018-09-24 01:00:00,0.0025719193790644905
2018-09-24 01:30:00,0.0026020151151667685
2018-09-24 02:00:00,0.002605607106064555
2018-09-24 02:30:00,0.002633942920400126
2018-09-24 03:00:00,0.002687555924328406
2018-09-24 03:30:00,0.0027760156010742465
2018-09-24 04:00:00,0.002891767098113682
2018-09-24 04:30:00,0.0030470202602873556
2018-09-24 05:00:00,0.0032816076928411358
2018-09-24 05:30:00,0.0036323132076798814
2018-09-24 06:00:00,0.0037381476940433
2018-09-24 06:30:00,0.003967512484262601
2018-09-24 07:00:00,0.004210160859657306
2018-09-24 07:30:00,0.004491791197159028
2018-09-24 08:00:00,0.004763831733205402
2018-09-24 08:30:00,0.005015911397607106
2018-09-24 09:00:00,0.00522854041932932
2018-09-24 09:30:00,0.005388619035202582
2018-09-24 10:00:00,0.00548123033649019
2018-09-24 10:30:00,0.005507973413308012
2018-09-24 11:00:00,0.005506099296027466
2018-09-24 11:30:00,0.005482457446693871
2018-09-24 12:00:00,0.005406844639211348
2018-09-24 12:30:00,0.005283089725636192
2018-09-24 13:00:00,0.005099039883258513
2018-09-24 13:30:00,0.00487966899031947
2018-09-24 14:00:00,0.004685650963558687
2018-09-24 14:30:00,0.00449465959688038
2018-09-24 15:00:00,0.004325801791238972
2018-09-24 15:30:00,0.004154137044742157
2018-09-24 16:00:00,0.003955075912169978
2018-09-24 16:30:00,0.003725381845614746
2018-09-24 17:00:00,0.003477736950128198
2018-09-24 17:30:00,0.003248039505604123
2018-09-24 18:00:00,0.003211513730184839
2018-09-24 18:30:00,0.0031037368613197978
2018-09-24 19:00:00,0.002994370683323295
2018-09-24 19:30:00,0.0028971144227906438
2018-09-24 20:00:00,0.0028135667664981505
2018-09-24 20:30:00,0.002745157502780019
2018-09-24 21:00:00,0.0026986145372207
2018-09-24 21:30:00,0.0026718606710695613
2018-09-24 22:00:00,0.0026488846849374126
2018-09-24 22:30:00,0.002627337882130123
2018-09-24 23:00:00,0.002612193893219322
2018-09-24 23:30:00,0.00259916728576314
2018-09-25 00:00:00,0.0025846820007765386
2018-09-25 00:30:00,0.002571367660959438
2018-09-25 01:00:00,0.002568540704378207
2018-09-25 01:30:00,0.0025693576686635286
2018-09-25 02:00:00,0.002573425953168044
2018-09-25 02:30:00,0.0025984035623001648
2018-09-25 03:00:00,0.0026500689403125
2018-09-25 03:30:00,0.0027313462990384645
2018-09-25 04:00:00,0.0028394743758281887
2018-09-25 04:30:00,0.002985915476059312
2018-09-25 05:00:00,0.0032088122122077723
2018-09-25 05:30:00,0.003540851424147478
2018-09-25 06:00:00,0.0036561586930754625
2018-09-25 06:30:00,0.0038722409064682667
2018-09-25 07:00:00,0.004108227675219226
2018-09-25 07:30:00,0.004378514944601687
2018-09-25 08:00:00,0.004648244899542655
2018-09-25 08:30:00,0.004901128671781102
2018-09-25 09:00:00,0.005112118773605578
2018-09-25 09:30:00,0.005264116027572526
2018-09-25 10:00:00,0.00536244733929352
2018-09-25 10:30:00,0.005416302447794628
2018-09-25 11:00:00,0.0054299514081968744
2018-09-25 11:30:00,0.005394945718756512
2018-09-25 12:00:00,0.005311284976133977
2018-09-25 12:30:00,0.0051951415842914185
2018-09-25 13:00:00,0.005027273876442848
2018-09-25 13:30:00,0.004839903490693435
2018-09-25 14:00:00,0.004676135074078302
2018-09-25 14:30:00,0.00451799405104935
2018-09-25 15:00:00,0.004374800187224342
2018-09-25 15:30:00,0.004223984718177656
2018-09-25 16:00:00,0.004040665323748985
2018-09-25 16:30:00,0.00382838019942187
2018-09-25 17:00:00,0.003585351323566703
2018-09-25 17:30:00,0.0033599811075467377
2018-09-25 18:00:00,0.0033061844328648514
2018-09-25 18:30:00,0.0031642928012371755
2018-09-25 19:00:00,0.0030373557905953655
2018-09-25 19:30:00,0.002929411384559247
2018-09-25 20:00:00,0.0028380849718677528
2018-09-25 20:30:00,0.0027716626092555356
2018-09-25 21:00:00,0.00272534798430645
2018-09-25 21:30:00,0.002694467248579237
2018-09-25 22:00:00,0.002669491908232159
2018-09-25 22:30:00,0.0026488329566384285
2018-09-25 23:00:00,0.002631262628167574
2018-09-25 23:30:00,0.0026193435407345757
2018-09-26 00:00:00,0.002602378423278348
2018-09-26 00:30:00,0.002585896204114196
2018-09-26 01:00:00,0.002580855871262297
2018-09-26 01:30:00,0.002582540318113235
2018-09-26 02:00:00,0.0025827443575147835
2018-09-26 02:30:00,0.002608494412327934
2018-09-26 03:00:00,0.0026527707103767935
2018-09-26 03:30:00,0.002738985499948588
2018-09-26 04:00:00,0.0028456931156315077
2018-09-26 04:30:00,0.0029888472000920924
2018-09-26 05:00:00,0.003216692005167362
2018-09-26 05:30:00,0.0035324743639238714
2018-09-26 06:00:00,0.0036483669289755468
2018-09-26 06:30:00,0.003868707248554812
2018-09-26 07:00:00,0.0041137624519582
2018-09-26 07:30:00,0.0044048544297690525
2018-09-26 08:00:00,0.004699043399998718
2018-09-26 08:30:00,0.004981250109736296
2018-09-26 09:00:00,0.005223074159898651
2018-09-26 09:30:00,0.00541596470132787
2018-09-26 10:00:00,0.005543565911395428
2018-09-26 10:30:00,0.005612403067972702
2018-09-26 11:00:00,0.0056433815631265535
2018-09-26 11:30:00,0.005634064318381059
2018-09-26 12:00:00,0.005568388890222496
2018-09-26 12:30:00,0.005457900974483208
2018-09-26 13:00:00,0.005287448212956452
2018-09-26 13:30:00,0.005089017197616928
2018-09-26 14:00:00,0.004915478434674459
2018-09-26 14:30:00,0.004744697253908343
2018-09-26 15:00:00,0.004583738803195341
2018-09-26 15:30:00,0.004408888430410694
2018-09-26 16:00:00,0.004201718155919784
2018-09-26 16:30:00,0.0039611860023784536
2018-09-26 17:00:00,0.0036853483268489444
2018-09-26 17:30:00,0.0034498848407638295
2018-09-26 18:00:00,0.0033702609221598796
2018-09-26 18:30:00,0.0032196794908947585
2018-09-26 19:00:00,0.003087408213694345
2018-09-26 19:30:00,0.002974698501971005
2018-09-26 20:00:00,0.0028796049985938374
2018-09-26 20:30:00,0.002806937225349682
2018-09-26 21:00:00,0.002752257791616222
2018-09-26 21:30:00,0.002724457763472957
2018-09-26 22:00:00,0.002697835386019431
2018-09-26 22:30:00,0.0026736779678891375
2018-09-26 23:00:00,0.0026606807538036258
2018-09-26 23:30:00,0.0026433749152513595
2018-09-27 00:00:00,0.0026239000677803805
2018-09-27 00:30:00,0.0026085775002779596
2018-09-27 01:00:00,0.0026045100224525706
2018-09-27 01:30:00,0.002603777709058082
2018-09-27 02:00:00,0.002611515123151852
2018-09-27 02:30:00,0.002630293100692461
2018-09-27 03:00:00,0.0026805717468689674
2018-09-27 03:30:00,0.0027656737730032566
2018-09-27 04:00:00,0.0028708673023832582
2018-09-27 04:30:00,0.003017172376346683
2018-09-27 05:00:00,0.0032502297402673503
2018-09-27 05:30:00,0.0035797275096191472
2018-09-27 06:00:00,0.003709875304854047
2018-09-27 06:30:00,0.0039297119037362835
2018-09-27 07:00:00,0.004182164102642075
2018-09-27 07:30:00,0.00448627018438265
2018-09-27 08:00:00,0.0047987761654496
2018-09-27 08:30:00,0.0050962757972317
2018-09-27 09:00:00,0.00533811920769309
2018-09-27 09:30:00,0.0055230189369479404
2018-09-27 10:00:00,0.00565038111790684
2018-09-27 10:30:00,0.005712747749958447
2018-09-27 11:00:00,0.005728645983852488
2018-09-27 11:30:00,0.005704165238644821
2018-09-27 12:00:00,0.005634417946343119
2018-09-27 12:30:00,0.0055162310850209026
2018-09-27 13:00:00,0.005342743193280845
2018-09-27 13:30:00,0.005154592345476583
2018-09-27 14:00:00,0.004971124572506088
2018-09-27 14:30:00,0.004794844260134901
2018-09-27 15:00:00,0.004651715384397018
2018-09-27 15:30:00,0.004489244208652123
2018-09-27 16:00:00,0.004272949737814169
2018-09-27 16:30:00,0.004023298833009899
2018-09-27 17:00:00,0.0037240043905888715
2018-09-27 17:30:00,0.0034798292236950064
2018-09-27 18:00:00,0.003388726261121541
2018-09-27 18:30:00,0.003228552658781138
2018-09-27 19:00:00,0.0030938841328866694
2018-09-27 19:30:00,0.002976365756473061
2018-09-27 20:00:00,0.002882888182638527
2018-09-27 20:30:00,0.0028059374978247715
2018-09-27 21:00:00,0.002756246265304664
2018-09-27 21:30:00,0.002725270593527755
2018-09-27 22:00:00,0.0026999729848696573
2018-09-27 22:30:00,0.0026731977921391125
2018-09-27 23:00:00,0.002655801403854901
2018-09-27 23:30:00,0.0026430965101178405
2018-09-28 00:00:00,0.0026192785526474504
2018-09-28 00:30:00,0.0026053352047814933
2018-09-28 01:00:00,0.0026023538195649905
2018-09-28 01:30:00,0.002599664805114384
2018-09-28 02:00:00,0.0026069913674455596
2018-09-28 02:30:00,0.002630971215333141
2018-09-28 03:00:00,0.0026794550004532753
2018-09-28 03:30:00,0.002768539500600003
2018-09-28 04:00:00,0.0028750851754482864
2018-09-28 04:30:00,0.0030352810118821124
2018-09-28 05:00:00,0.0032712829058666928
2018-09-28 05:30:00,0.00361444854216276
2018-09-28 06:00:00,0.003747272394564798
2018-09-28 06:30:00,0.00397384541957976
2018-09-28 07:00:00,0.004224905189478392
2018-09-28 07:30:00,0.004515917608560398
2018-09-28 08:00:00,0.004813731845201818
2018-09-28 08:30:00,0.005095624504671975
2018-09-28 09:00:00,0.005318103784372492
2018-09-28 09:30:00,0.005481393890683079
2018-09-28 10:00:00,0.005595540650852761
2018-09-28 10:30:00,0.005662270106124932
2018-09-28 11:00:00,0.005682204054853758
2018-09-28 11:30:00,0.005659822994577372
2018-09-28 12:00:00,0.005582893384255796
2018-09-28 12:30:00,0.005445404859387563
2018-09-28 13:00:00,0.005250314856902607
2018-09-28 13:30:00,0.005046591875241176
2018-09-28 14:00:00,0.004874898894974935
2018-09-28 14:30:00,0.004711495752751753
2018-09-28 15:00:00,0.0045500215819897155
2018-09-28 15:30:00,0.0043525299949104
2018-09-28 16:00:00,0.004122975685513827
2018-09-28 16:30:00,0.003888227673396436
2018-09-28 17:00:00,0.0036252783102703667
2018-09-28 17:30:00,0.0034120932345427946
2018-09-28 18:00:00,0.0033407017285115885
2018-09-28 18:30:00,0.0032028002343480527
2018-09-28 19:00:00,0.0030757563891394314
2018-09-28 19:30:00,0.0029644954227097675
2018-09-28 20:00:00,0.0028697362878305167
2018-09-28 20:30:00,0.0027958212374045183
2018-09-28 21:00:00,0.002748196515136618
2018-09-28 21:30:00,0.0027127417575100446
2018-09-28 22:00:00,0.002687988153087852
2018-09-28 22:30:00,0.002664107274645598
2018-09-28 23:00:00,0.0026477261928769267
2018-09-28 23:30:00,0.0026325309294241497
2018-09-29 00:00:00,0.002681349335129429
2018-09-29 00:30:00,0.002679302991855383
2018-09-29 01:00:00,0.0026779430316830636
2018-09-29 01:30:00,0.0026662926692340673
2018-09-29 02:00:00,0.0026781871529537086
2018-09-29 02:30:00,0.0026793921298988574
2018-09-29 03:00:00,0.0027072155013193443
2018-09-29 03:30:00,0.0027296309462934943
2018-09-29 04:00:00,0.002728435699915309
2018-09-29 04:30:00,0.002735483050433839
2018-09-29 05:00:00,0.002781130198823225
2018-09-29 05:30:00,0.0028627691514676243
2018-09-29 06:00:00,0.002773178561003934
2018-09-29 06:30:00,0.0027562195440585992
2018-09-29 07:00:00,0.002788903358885786
2018-09-29 07:30:00,0.002846013921836612
2018-09-29 08:00:00,0.002954407194389159
2018-09-29 08:30:00,0.0031192013539310297
2018-09-29 09:00:00,0.0032628263877491296
2018-09-29 09:30:00,0.0034026632059719324
2018-09-29 10:00:00,0.0034863053445571114
2018-09-29 10:30:00,0.003559567791569804
2018-09-29 11:00:00,0.00360177546183375
2018-09-29 11:30:00,0.003639955635306511
2018-09-29 12:00:00,0.003681669113770609
2018-09-29 12:30:00,0.003719662742695377
2018-09-29 13:00:00,0.0037484793882077627
2018-09-29 13:30:00,0.003770607705830339
2018-09-29 14:00:00,0.0037939971654322433
2018-09-29 14:30:00,0.003808439242668134
2018-09-29 15:00:00,0.0037868577526584063
2018-09-29 15:30:00,0.0037383053998125224
2018-09-29 16:00:00,0.003672046288888522
2018-09-29 16:30:00,0.0035747946163434035
2018-09-29 17:00:00,0.0034346984003639997
2018-09-29 17:30:00,0.003335265316208598
2018-09-29 18:00:00,0.0033603890350974988
2018-09-29 18:30:00,0.00326020750396508
2018-09-29 19:00:00,0.003176127489866569
2018-09-29 19:30:00,0.003105258459822081
2018-09-29 20:00:00,0.0030084601913634777
2018-09-29 20:30:00,0.002931368388120037
2018-09-29 21:00:00,0.0028593745952860384
2018-09-29 21:30:00,0.002796119053254518
2018-09-29 22:00:00,0.0027426585620985845
2018-09-29 22:30:00,0.00269627163853279
2018-09-29 23:00:00,0.0026650600635288375
2018-09-29 23:30:00,0.0026409440885386657
2018-09-30 00:00:00,0.0025213836543338704
2018-09-30 00:30:00,0.002397375594765343
2018-09-30 01:00:00,0.0023541367364905553
2018-09-30 01:30:00,0.002328295678188451
2018-09-30 02:00:00,0.0023346145974557876
2018-09-30 02:30:00,0.002339085364426961
2018-09-30 03:00:00,0.0023451229039315
2018-09-30 03:30:00,0.0023563553561755457
2018-09-30 04:00:00,0.002394342884589419
2018-09-30 04:30:00,0.0024186838726384273
2018-09-30 05:00:00,0.0024019368610510156
2018-09-30 05:30:00,0.0024148480125572233
2018-09-30 06:00:00,0.0022672571929011126
2018-09-30 06:30:00,0.0021743929472899147
2018-09-30 07:00:00,0.0021876396773127292
2018-09-30 07:30:00,0.0022157376221408854
2018-09-30 08:00:00,0.002238677811886797
2018-09-30 08:30:00,0.002260293787429181
2018-09-30 09:00:00,0.0022774231145050883
2018-09-30 09:30:00,0.002277142339751636
2018-09-30 10:00:00,0.002270858662278636
2018-09-30 10:30:00,0.0022886813804811807
2018-09-30 11:00:00,0.002304670970786293
2018-09-30 11:30:00,0.0023316519171115296
2018-09-30 12:00:00,0.0023606560146859266
2018-09-30 12:30:00,0.0023805472598384947
2018-09-30 13:00:00,0.002406175153181433
2018-09-30 13:30:00,0.0024314667117460824
2018-09-30 14:00:00,0.002458384333759892
2018-09-30 14:30:00,0.002472227703831614
2018-09-30 15:00:00,0.0024675261762128276
2018-09-30 15:30:00,0.002438598360233327
2018-09-30 16:00:00,0.002390603372246381
2018-09-30 16:30:00,0.00231607781697399
2018-09-30 17:00:00,0.002224438009441866
2018-09-30 17:30:00,0.002183852167561667
2018-09-30 18:00:00,0.002262243026703379
2018-09-30 18:30:00,0.0022638188239594717
2018-09-30 19:00:00,0.0022506841215003443
2018-09-30 19:30:00,0.002233947294236904
2018-09-30 20:00:00,0.0022227842668151795
2018-09-30 20:30:00,0.0022214289954652824
2018-09-30 21:00:00,0.0022243650049809218
2018-09-30 21:30:00,0.002227304947057302
2018-09-30 22:00:00,0.002234625711382256
2018-09-30 22:30:00,0.002244564956151697
2018-09-30 23:00:00,0.0022727248640202536
2018-09-30 23:30:00,0.0022912640141219856
2018-10-01 00:00:00,0.0024066352123707415
2018-10-01 00:30:00,0.002505010387269237
2018-10-01 01:00:00,0.0025303543295596607
2018-10-01 01:30:00,0.0025665045958455784
2018-10-01 02:00:00,0.002570545201172568
2018-10-01 02:30:00,0.0025960617223786085
2018-10-01 03:00:00,0.002642835347750649
2018-10-01 03:30:00,0.0027197369763900265
2018-10-01 04:00:00,0.0028329905915143814
2018-10-01 04:30:00,0.002982750520924095
2018-10-01 05:00:00,0.0032104808783982985
2018-10-01 05:30:00,0.003524686532384697
2018-10-01 06:00:00,0.0036536836502631485
2018-10-01 06:30:00,0.003841819675338463
2018-10-01 07:00:00,0.00408796949189901
2018-10-01 07:30:00,0.004367084603884432
2018-10-01 08:00:00,0.004666794637307922
2018-10-01 08:30:00,0.004951062160126375
2018-10-01 09:00:00,0.005176627693329834
2018-10-01 09:30:00,0.005344103859297401
2018-10-01 10:00:00,0.0054597782680628135
2018-10-01 10:30:00,0.005514972211826618
2018-10-01 11:00:00,0.005528605542820788
2018-10-01 11:30:00,0.005501601757392783
2018-10-01 12:00:00,0.005428434548934458
2018-10-01 12:30:00,0.005319307500881505
2018-10-01 13:00:00,0.005153917507969855
2018-10-01 13:30:00,0.004958071142968952
2018-10-01 14:00:00,0.004772606133316235
2018-10-01 14:30:00,0.00459774915584624
2018-10-01 15:00:00,0.004429167940310315
2018-10-01 15:30:00,0.004232152949342401
2018-10-01 16:00:00,0.0040159536162239235
2018-10-01 16:30:00,0.003786937311387253
2018-10-01 17:00:00,0.0035287437754686697
2018-10-01 17:30:00,0.003335924373054915
2018-10-01 18:00:00,0.003259826600165055
2018-10-01 18:30:00,0.0031316951498241855
2018-10-01 19:00:00,0.0030125031663104
2018-10-01 19:30:00,0.0028992144102265994
2018-10-01 20:00:00,0.002810457320970323
2018-10-01 20:30:00,0.002742483058971134
2018-10-01 21:00:00,0.0026964522338222257
2018-10-01 21:30:00,0.0026648183622955722
2018-10-01 22:00:00,0.0026394207254257927
2018-10-01 22:30:00,0.002616834062807052
2018-10-01 23:00:00,0.002598671934362049
2018-10-01 23:30:00,0.0025842690818986824
2018-10-02 00:00:00,0.002569493846183564
2018-10-02 00:30:00,0.002555561892660268
2018-10-02 01:00:00,0.0025543197076404118
2018-10-02 01:30:00,0.0025593344284300457
2018-10-02 02:00:00,0.002561637396501196
2018-10-02 02:30:00,0.002584013868790049
2018-10-02 03:00:00,0.002629010884220954
2018-10-02 03:30:00,0.0027085752598218823
2018-10-02 04:00:00,0.0028167137226053594
2018-10-02 04:30:00,0.0029692274024655774
2018-10-02 05:00:00,0.0031931623850672357
2018-10-02 05:30:00,0.003500503451774694
2018-10-02 06:00:00,0.003643230954229717
2018-10-02 06:30:00,0.003837475657825034
2018-10-02 07:00:00,0.0040837233346471095
2018-10-02 07:30:00,0.00435337867176888
2018-10-02 08:00:00,0.004660810893217628
2018-10-02 08:30:00,0.0049673587422565495
2018-10-02 09:00:00,0.005222495065120743
2018-10-02 09:30:00,0.005411624969297301
2018-10-02 10:00:00,0.005526913230848368
2018-10-02 10:30:00,0.005582024691671491
2018-10-02 11:00:00,0.0055925018401659435
2018-10-02 11:30:00,0.005553548616002807
2018-10-02 12:00:00,0.005482246550519747
2018-10-02 12:30:00,0.00538355712368405
2018-10-02 13:00:00,0.005222629629282527
2018-10-02 13:30:00,0.005034064702999164
2018-10-02 14:00:00,0.00487278958031158
2018-10-02 14:30:00,0.004726884215855316
2018-10-02 15:00:00,0.004595205343638396
2018-10-02 15:30:00,0.0044330657130144755
2018-10-02 16:00:00,0.004210473195731582
2018-10-02 16:30:00,0.003951366751129073
2018-10-02 17:00:00,0.0036527670611057102
2018-10-02 17:30:00,0.003426263612165405
2018-10-02 18:00:00,0.0033292090718318144
2018-10-02 18:30:00,0.0031716041374998394
2018-10-02 19:00:00,0.0030368055345962293
2018-10-02 19:30:00,0.0029221706327201497
2018-10-02 20:00:00,0.002830788307081702
2018-10-02 20:30:00,0.0027622356057313965
2018-10-02 21:00:00,0.002714717768447752
2018-10-02 21:30:00,0.002683967361816907
2018-10-02 22:00:00,0.002657234822245174
2018-10-02 22:30:00,0.0026355501781421507
2018-10-02 23:00:00,0.002622904020728985
2018-10-02 23:30:00,0.00260764765133238
2018-10-03 00:00:00,0.0025921294137243468
2018-10-03 00:30:00,0.002580799554975781
2018-10-03 01:00:00,0.0025753612772273105
2018-10-03 01:30:00,0.002576512408340768
2018-10-03 02:00:00,0.0025779881269677347
2018-10-03 02:30:00,0.002599302404516822
2018-10-03 03:00:00,0.002648766456027941
2018-10-03 03:30:00,0.0027254353073218893
2018-10-03 04:00:00,0.0028376400379120656
2018-10-03 04:30:00,0.002991059215091734
2018-10-03 05:00:00,0.0032044163151430235
2018-10-03 05:30:00,0.0035275821071091232
2018-10-03 06:00:00,0.0036804291975357957
2018-10-03 06:30:00,0.0038777819349704703
2018-10-03 07:00:00,0.0041321074444776815
2018-10-03 07:30:00,0.004414688856669499
2018-10-03 08:00:00,0.0047024730971397515
2018-10-03 08:30:00,0.0049732550624965125
2018-10-03 09:00:00,0.005201657635770284
2018-10-03 09:30:00,0.005378106745748683
2018-10-03 10:00:00,0.005492947199549673
2018-10-03 10:30:00,0.0055439897708589375
2018-10-03 11:00:00,0.0055597764309463
2018-10-03 11:30:00,0.00554199687007702
2018-10-03 12:00:00,0.0054673899914651925
2018-10-03 12:30:00,0.005340008198120031
2018-10-03 13:00:00,0.0051613902808927
2018-10-03 13:30:00,0.0049768237605345225
2018-10-03 14:00:00,0.0048132938688535964
2018-10-03 14:30:00,0.004641194372725065
2018-10-03 15:00:00,0.004482958917820872
2018-10-03 15:30:00,0.0043016171981056055
2018-10-03 16:00:00,0.004084136505612193
2018-10-03 16:30:00,0.003849563492447799
2018-10-03 17:00:00,0.003577987754830601
2018-10-03 17:30:00,0.003387064199616362
2018-10-03 18:00:00,0.0033008376627797886
2018-10-03 18:30:00,0.0031659300573592163
2018-10-03 19:00:00,0.0030449141723405074
2018-10-03 19:30:00,0.0029293681768085365
2018-10-03 20:00:00,0.002840597071502438
2018-10-03 20:30:00,0.002771391262564373
2018-10-03 21:00:00,0.0027308711650329805
2018-10-03 21:30:00,0.0026987444629775047
2018-10-03 22:00:00,0.0026707685283672263
2018-10-03 22:30:00,0.002649560127453486
2018-10-03 23:00:00,0.0026337161427307
2018-10-03 23:30:00,0.0026148428258008323
2018-10-04 00:00:00,0.0025990576278193873
2018-10-04 00:30:00,0.0025886436019665797
2018-10-04 01:00:00,0.002587520351700431
2018-10-04 01:30:00,0.0025867257727608685
2018-10-04 02:00:00,0.0025926400920288405
2018-10-04 02:30:00,0.0026194270320241643
2018-10-04 03:00:00,0.00267030009988198
2018-10-04 03:30:00,0.002755494037019241
2018-10-04 04:00:00,0.0028696666613384145
2018-10-04 04:30:00,0.0030149553700199454
2018-10-04 05:00:00,0.0032350760712070324
2018-10-04 05:30:00,0.003566531348294073
2018-10-04 06:00:00,0.0037178098007419006
2018-10-04 06:30:00,0.003918994717784264
2018-10-04 07:00:00,0.004174378086130936
2018-10-04 07:30:00,0.0044497598367016595
2018-10-04 08:00:00,0.004728730906045563
2018-10-04 08:30:00,0.0049782815305509254
2018-10-04 09:00:00,0.005181879174443084
2018-10-04 09:30:00,0.005331322986470117
2018-10-04 10:00:00,0.005418727577335993
2018-10-04 10:30:00,0.005450200264289691
2018-10-04 11:00:00,0.00545325440187991
2018-10-04 11:30:00,0.005411880131988489
2018-10-04 12:00:00,0.005323626662594349
2018-10-04 12:30:00,0.005195806237474176
2018-10-04 13:00:00,0.005006051711566512
2018-10-04 13:30:00,0.004793358962193308
2018-10-04 14:00:00,0.004620641297766682
2018-10-04 14:30:00,0.004449645187430811
2018-10-04 15:00:00,0.00428158397742678
2018-10-04 15:30:00,0.004098738759072131
2018-10-04 16:00:00,0.0038921065899760153
2018-10-04 16:30:00,0.0036687064860526446
2018-10-04 17:00:00,0.003417694562309701
2018-10-04 17:30:00,0.0032604050395161717
2018-10-04 18:00:00,0.003185490614487381
2018-10-04 18:30:00,0.0030735058047940563
2018-10-04 19:00:00,0.002971294517727129
2018-10-04 19:30:00,0.002868019624231966
2018-10-04 20:00:00,0.0027890294529167407
2018-10-04 20:30:00,0.002728949756188645
2018-10-04 21:00:00,0.002687039952192145
2018-10-04 21:30:00,0.0026612614115223408
2018-10-04 22:00:00,0.0026401443670196726
2018-10-04 22:30:00,0.0026168279118787127
2018-10-04 23:00:00,0.0026021195801136446
2018-10-04 23:30:00,0.002590567077926177
2018-10-05 00:00:00,0.0025759735971017388
2018-10-05 00:30:00,0.0025679625171143175
2018-10-05 01:00:00,0.002567510020541819
2018-10-05 01:30:00,0.002564577893169476
2018-10-05 02:00:00,0.002566879651221937
2018-10-05 02:30:00,0.002587318782753707
2018-10-05 03:00:00,0.0026328915654111225
2018-10-05 03:30:00,0.0027120012764894003
2018-10-05 04:00:00,0.002817912145282605
2018-10-05 04:30:00,0.002965133001724343
2018-10-05 05:00:00,0.00317639238312472
2018-10-05 05:30:00,0.0034840324252834215
2018-10-05 06:00:00,0.0036344155647357705
2018-10-05 06:30:00,0.0038035574726820293
2018-10-05 07:00:00,0.0040167972513378645
2018-10-05 07:30:00,0.004242672902248001
2018-10-05 08:00:00,0.004487573878685899
2018-10-05 08:30:00,0.004708003386726084
2018-10-05 09:00:00,0.004880964617831454
2018-10-05 09:30:00,0.004995377330025641
2018-10-05 10:00:00,0.0050580801960206445
2018-10-05 10:30:00,0.005080588409094338
2018-10-05 11:00:00,0.005066033447198188
2018-10-05 11:30:00,0.00501387438156046
2018-10-05 12:00:00,0.004919379585347461
2018-10-05 12:30:00,0.004791651726657048
2018-10-05 13:00:00,0.004610866010529694
2018-10-05 13:30:00,0.004424228391931779
2018-10-05 14:00:00,0.00426705316548698
2018-10-05 14:30:00,0.0041184084195521505
2018-10-05 15:00:00,0.003989555394732664
2018-10-05 15:30:00,0.0038465915352935867
2018-10-05 16:00:00,0.0036599329934558287
2018-10-05 16:30:00,0.0034590059112292594
2018-10-05 17:00:00,0.003240826584194888
2018-10-05 17:30:00,0.003152104383810831
2018-10-05 18:00:00,0.003082348016368958
2018-10-05 18:30:00,0.00298340937610063
2018-10-05 19:00:00,0.0028970762567844736
2018-10-05 19:30:00,0.002806058550111186
2018-10-05 20:00:00,0.0027357270708695926
2018-10-05 20:30:00,0.0026788836699619604
2018-10-05 21:00:00,0.0026423165522374455
2018-10-05 21:30:00,0.0026185037877639317
2018-10-05 22:00:00,0.002598083361104406
2018-10-05 22:30:00,0.002581569832706659
2018-10-05 23:00:00,0.0025705358235277222
2018-10-05 23:30:00,0.0025648977918605624
2018-10-06 00:00:00,0.002612599904907158
2018-10-06 00:30:00,0.0026216642557465083
2018-10-06 01:00:00,0.0026232861345476997
2018-10-06 01:30:00,0.002619060396361188
2018-10-06 02:00:00,0.0026333621114290754
2018-10-06 02:30:00,0.002638576989476962
2018-10-06 03:00:00,0.002658470452997128
2018-10-06 03:30:00,0.002689827129408952
2018-10-06 04:00:00,0.002682812903152053
2018-10-06 04:30:00,0.0026909729666906423
2018-10-06 05:00:00,0.002730626489170436
2018-10-06 05:30:00,0.0028137240185103643
2018-10-06 06:00:00,0.002767503371679512
2018-10-06 06:30:00,0.0026986136297066825
2018-10-06 07:00:00,0.0027020733252277294
2018-10-06 07:30:00,0.0027329253230110634
2018-10-06 08:00:00,0.0028211286774644704
2018-10-06 08:30:00,0.0029302025351125222
2018-10-06 09:00:00,0.003021574222669989
2018-10-06 09:30:00,0.003102373976935644
2018-10-06 10:00:00,0.0031591845560863183
2018-10-06 10:30:00,0.003215377773618024
2018-10-06 11:00:00,0.003238542320995982
2018-10-06 11:30:00,0.003264757527160428
2018-10-06 12:00:00,0.0033021995892324792
2018-10-06 12:30:00,0.0033444424004558707
2018-10-06 13:00:00,0.003373198847538445
2018-10-06 13:30:00,0.0033857818318925193
2018-10-06 14:00:00,0.003393048851220672
2018-10-06 14:30:00,0.0033852000649900052
2018-10-06 15:00:00,0.003362597571293408
2018-10-06 15:30:00,0.0033250972266544703
2018-10-06 16:00:00,0.003257771988429963
2018-10-06 16:30:00,0.003166785137233263
2018-10-06 17:00:00,0.0030380518034291634
2018-10-06 17:30:00,0.003034558076132468
2018-10-06 18:00:00,0.0030218213185699127
2018-10-06 18:30:00,0.002956819719569172
2018-10-06 19:00:00,0.002908750214597919
2018-10-06 19:30:00,0.0028509736876107554
2018-10-06 20:00:00,0.0027817830039063114
2018-10-06 20:30:00,0.0027257667011905276
2018-10-06 21:00:00,0.0026740706189539417
2018-10-06 21:30:00,0.0026323192265708993
2018-10-06 22:00:00,0.0025988006501001647
2018-10-06 22:30:00,0.0025751964121808408
2018-10-06 23:00:00,0.002556006977868292
2018-10-06 23:30:00,0.002548456814166751
2018-10-07 00:00:00,0.002447796317302997
2018-10-07 00:30:00,0.0023432020496790638
2018-10-07 01:00:00,0.002311836852718967
2018-10-07 01:30:00,0.0022956659108627374
2018-10-07 02:00:00,0.0023043456774285483
2018-10-07 02:30:00,0.0023076608765510687
2018-10-07 03:00:00,0.002316944442443034
2018-10-07 03:30:00,0.002331054722470723
2018-10-07 04:00:00,0.0023687392420377205
2018-10-07 04:30:00,0.0023948265391431772
2018-10-07 05:00:00,0.002381002630205381
2018-10-07 05:30:00,0.0023929185413393192
2018-10-07 06:00:00,0.0022985272017242886
2018-10-07 06:30:00,0.0021694767421885997
2018-10-07 07:00:00,0.0021735053985810285
2018-10-07 07:30:00,0.0021852422269488924
2018-10-07 08:00:00,0.0021945865458625697
2018-10-07 08:30:00,0.002201092513852354
2018-10-07 09:00:00,0.002202758205413602
2018-10-07 09:30:00,0.002179120641562866
2018-10-07 10:00:00,0.002152274864408756
2018-10-07 10:30:00,0.002152419864981737
2018-10-07 11:00:00,0.0021469339427473604
2018-10-07 11:30:00,0.002154688700442349
2018-10-07 12:00:00,0.002163224827706205
2018-10-07 12:30:00,0.0021757878467518993
2018-10-07 13:00:00,0.0021896938352908126
2018-10-07 13:30:00,0.002207658629854505
2018-10-07 14:00:00,0.00222510599017602
2018-10-07 14:30:00,0.0022326558009554427
2018-10-07 15:00:00,0.002216807429914907
2018-10-07 15:30:00,0.0021835285379796206
2018-10-07 16:00:00,0.002125298253983824
2018-10-07 16:30:00,0.002058001552033415
2018-10-07 17:00:00,0.001986970379484509
2018-10-07 17:30:00,0.0020411365636237586
2018-10-07 18:00:00,0.0020964561980789547
2018-10-07 18:30:00,0.0021027321616828073
2018-10-07 19:00:00,0.0021224624239322017
2018-10-07 19:30:00,0.0021194379317998786
2018-10-07 20:00:00,0.002120811454265012
2018-10-07 20:30:00,0.0021261646777830864
2018-10-07 21:00:00,0.0021390379657877955
2018-10-07 21:30:00,0.00215115136205538
2018-10-07 22:00:00,0.0021679956288949754
2018-10-07 22:30:00,0.0021841244721842925
2018-10-07 23:00:00,0.002218477255706677
2018-10-07 23:30:00,0.002239908199224429
2018-10-08 00:00:00,0.002357523881307667
2018-10-08 00:30:00,0.0024604377354762947
2018-10-08 01:00:00,0.002486419357616184
2018-10-08 01:30:00,0.002518469778076764
2018-10-08 02:00:00,0.0025267900682568456
2018-10-08 02:30:00,0.0025461271248495366
2018-10-08 03:00:00,0.0025903481149607884
2018-10-08 03:30:00,0.002667971822253237
2018-10-08 04:00:00,0.002759067423879673
2018-10-08 04:30:00,0.0028942590307702055
2018-10-08 05:00:00,0.00310284679173864
2018-10-08 05:30:00,0.0033925553652650615
2018-10-08 06:00:00,0.0035392993735081702
2018-10-08 06:30:00,0.00365569197878336
2018-10-08 07:00:00,0.0038408543829287637
2018-10-08 07:30:00,0.0040452259850253134
2018-10-08 08:00:00,0.004280332465179525
2018-10-08 08:30:00,0.00450506953892011
2018-10-08 09:00:00,0.004693932734810481
2018-10-08 09:30:00,0.004826250496895557
2018-10-08 10:00:00,0.00490353565104212
2018-10-08 10:30:00,0.004928518503588563
2018-10-08 11:00:00,0.00492295191344154
2018-10-08 11:30:00,0.0048846290585982865
2018-10-08 12:00:00,0.004802608748396853
2018-10-08 12:30:00,0.004685906529589438
2018-10-08 13:00:00,0.004521935031504221
2018-10-08 13:30:00,0.004351887122064057
2018-10-08 14:00:00,0.004195338937387744
2018-10-08 14:30:00,0.0040502358153227435
2018-10-08 15:00:00,0.003916485844866084
2018-10-08 15:30:00,0.0037637116076480208
2018-10-08 16:00:00,0.0035799327590393852
2018-10-08 16:30:00,0.003375058142090042
2018-10-08 17:00:00,0.003153738866973374
2018-10-08 17:30:00,0.0030962478035620857
2018-10-08 18:00:00,0.0030214148027076226
2018-10-08 18:30:00,0.0029252607179489423
2018-10-08 19:00:00,0.0028455919782360284
2018-10-08 19:30:00,0.0027620106430900054
2018-10-08 20:00:00,0.0026911068754256343
2018-10-08 20:30:00,0.0026343155053216594
2018-10-08 21:00:00,0.002600094311331778
2018-10-08 21:30:00,0.0025785492731350773
2018-10-08 22:00:00,0.00255971775226745
2018-10-08 22:30:00,0.002546037835553727
2018-10-08 23:00:00,0.0025349757942751457
2018-10-08 23:30:00,0.002527620594834981
2018-10-09 00:00:00,0.002519504596143675
2018-10-09 00:30:00,0.002512759044453332
2018-10-09 01:00:00,0.0025109902996336792
2018-10-09 01:30:00,0.0025148626115279104
2018-10-09 02:00:00,0.0025215025890875783
2018-10-09 02:30:00,0.0025414984000219137
2018-10-09 03:00:00,0.0025846422718295604
2018-10-09 03:30:00,0.002659809641181941
2018-10-09 04:00:00,0.0027578125840810206
2018-10-09 04:30:00,0.0028917946764563177
2018-10-09 05:00:00,0.0031025724200007534
2018-10-09 05:30:00,0.003384971522709991
2018-10-09 06:00:00,0.0035745957195212857
2018-10-09 06:30:00,0.0036917656105522646
2018-10-09 07:00:00,0.0038998874639077233
2018-10-09 07:30:00,0.004129660080842895
2018-10-09 08:00:00,0.0043811982618809624
2018-10-09 08:30:00,0.004624953552289506
2018-10-09 09:00:00,0.004829887560989534
2018-10-09 09:30:00,0.004972629785338615
2018-10-09 10:00:00,0.005058021610949086
2018-10-09 10:30:00,0.005095921917182411
2018-10-09 11:00:00,0.005104456733592687
2018-10-09 11:30:00,0.0050777327145692264
2018-10-09 12:00:00,0.004995314106549104
2018-10-09 12:30:00,0.004866151316945056
2018-10-09 13:00:00,0.004686694453426208
2018-10-09 13:30:00,0.004486818776606088
2018-10-09 14:00:00,0.004305822718896511
2018-10-09 14:30:00,0.004139625693936282
2018-10-09 15:00:00,0.0039846400467279195
2018-10-09 15:30:00,0.0038151692657852924
2018-10-09 16:00:00,0.0036262277211847635
2018-10-09 16:30:00,0.0034149855825507144
2018-10-09 17:00:00,0.0031905986579684577
2018-10-09 17:30:00,0.0031398048967522614
2018-10-09 18:00:00,0.003061100995692038
2018-10-09 18:30:00,0.0029748727446623213
2018-10-09 19:00:00,0.002886074968527604
2018-10-09 19:30:00,0.002794999130539766
2018-10-09 20:00:00,0.0027235387542781384
2018-10-09 20:30:00,0.0026642701229942518
2018-10-09 21:00:00,0.002623842037300721
2018-10-09 21:30:00,0.0026044941913747136
2018-10-09 22:00:00,0.002580123255363136
2018-10-09 22:30:00,0.0025660976766437252
2018-10-09 23:00:00,0.002556755071923192
2018-10-09 23:30:00,0.002544539630746111
2018-10-10 00:00:00,0.002536901085262777
2018-10-10 00:30:00,0.0025290417113685753
2018-10-10 01:00:00,0.0025271362848544336
2018-10-10 01:30:00,0.0025277307569531882
2018-10-10 02:00:00,0.002532583234403513
2018-10-10 02:30:00,0.0025550681041999843
2018-10-10 03:00:00,0.0025980340528428012
2018-10-10 03:30:00,0.002675015946055261
2018-10-10 04:00:00,0.00277852134811081
2018-10-10 04:30:00,0.002912670675152511
2018-10-10 05:00:00,0.00312614887790766
2018-10-10 05:30:00,0.003412477970068671
2018-10-10 06:00:00,0.003619909558179108
2018-10-10 06:30:00,0.003743278778296926
2018-10-10 07:00:00,0.003941899363231166
2018-10-10 07:30:00,0.0041601192258916425
2018-10-10 08:00:00,0.004392079002025871
2018-10-10 08:30:00,0.004613748476718315
2018-10-10 09:00:00,0.004790240643195089
2018-10-10 09:30:00,0.004895679604699315
2018-10-10 10:00:00,0.004948785056204717
2018-10-10 10:30:00,0.004960409705756558
2018-10-10 11:00:00,0.00493359483449648
2018-10-10 11:30:00,0.004869335934883981
2018-10-10 12:00:00,0.004772479434275936
2018-10-10 12:30:00,0.0046465214295889744
2018-10-10 13:00:00,0.004470975497727537
2018-10-10 13:30:00,0.004283397593772843
2018-10-10 14:00:00,0.004110684265246522
2018-10-10 14:30:00,0.0039495857548701874
2018-10-10 15:00:00,0.0038040578154102155
2018-10-10 15:30:00,0.0036451091049058957
2018-10-10 16:00:00,0.003472682399556695
2018-10-10 16:30:00,0.003284982787888796
2018-10-10 17:00:00,0.003095275200622803
2018-10-10 17:30:00,0.003079048950828966
2018-10-10 18:00:00,0.0030163231953137483
2018-10-10 18:30:00,0.0029467508011301524
2018-10-10 19:00:00,0.0028681980515712496
2018-10-10 19:30:00,0.002782306941998947
2018-10-10 20:00:00,0.0027154023869388885
2018-10-10 20:30:00,0.002661754897477952
2018-10-10 21:00:00,0.002624951170682157
2018-10-10 21:30:00,0.002601706409148562
2018-10-10 22:00:00,0.00258343205147009
2018-10-10 22:30:00,0.002567574706124272
2018-10-10 23:00:00,0.00255409847588998
2018-10-10 23:30:00,0.0025447895500229764
2018-10-11 00:00:00,0.002536566464677633
2018-10-11 00:30:00,0.002529529449735411
2018-10-11 01:00:00,0.0025275563125920913
2018-10-11 01:30:00,0.0025323130473135945
2018-10-11 02:00:00,0.002537629314844188
2018-10-11 02:30:00,0.002560944812053685
2018-10-11 03:00:00,0.002604353930041601
2018-10-11 03:30:00,0.002681282431179378
2018-10-11 04:00:00,0.0027810854785491517
2018-10-11 04:30:00,0.002918498024327162
2018-10-11 05:00:00,0.003129140296195798
2018-10-11 05:30:00,0.003428576260386073
2018-10-11 06:00:00,0.0036383212025614137
2018-10-11 06:30:00,0.0037500488328657345
2018-10-11 07:00:00,0.003954672572606749
2018-10-11 07:30:00,0.004190995121544097
2018-10-11 08:00:00,0.004445520536222334
2018-10-11 08:30:00,0.004688417368787989
2018-10-11 09:00:00,0.004874662437155992
2018-10-11 09:30:00,0.004994898515546641
2018-10-11 10:00:00,0.00505791165050066
2018-10-11 10:30:00,0.005067766698136277
2018-10-11 11:00:00,0.005053130312065801
2018-10-11 11:30:00,0.005013207257922879
2018-10-11 12:00:00,0.004925584359518404
2018-10-11 12:30:00,0.004806255190135675
2018-10-11 13:00:00,0.004641574217758737
2018-10-11 13:30:00,0.004469624562277945
2018-10-11 14:00:00,0.00431530860999688
2018-10-11 14:30:00,0.004158549327476661
2018-10-11 15:00:00,0.00400339069801312
2018-10-11 15:30:00,0.003824611898717506
2018-10-11 16:00:00,0.0036257635277649317
2018-10-11 16:30:00,0.0034206578980807488
2018-10-11 17:00:00,0.003194155255819571
2018-10-11 17:30:00,0.0031479934461475035
2018-10-11 18:00:00,0.00306203225632609
2018-10-11 18:30:00,0.002976737232210795
2018-10-11 19:00:00,0.0028761356229232726
2018-10-11 19:30:00,0.002786900979624133
2018-10-11 20:00:00,0.0027169607901763168
2018-10-11 20:30:00,0.0026592675528089604
2018-10-11 21:00:00,0.0026218968818396008
2018-10-11 21:30:00,0.0025974749737907197
2018-10-11 22:00:00,0.002577781012102016
2018-10-11 22:30:00,0.0025601979280174747
2018-10-11 23:00:00,0.002548269210852404
2018-10-11 23:30:00,0.002539890083513536
2018-10-12 00:00:00,0.002529949074133506
2018-10-12 00:30:00,0.0025233104578448644
2018-10-12 01:00:00,0.00251954709805015
2018-10-12 01:30:00,0.0025193138165302675
2018-10-12 02:00:00,0.00252564286970413
2018-10-12 02:30:00,0.002545476739803829
2018-10-12 03:00:00,0.002587188756162011
2018-10-12 03:30:00,0.002663695263281759
2018-10-12 04:00:00,0.002760789633397219
2018-10-12 04:30:00,0.0028947456095357966
2018-10-12 05:00:00,0.0030942605495340534
2018-10-12 05:30:00,0.0033794153185567216
2018-10-12 06:00:00,0.0035800300647090147
2018-10-12 06:30:00,0.0036842390926326175
2018-10-12 07:00:00,0.0038830476338033233
2018-10-12 07:30:00,0.004111356481046089
2018-10-12 08:00:00,0.0043636051447247855
2018-10-12 08:30:00,0.004612391440757829
2018-10-12 09:00:00,0.004811269658838082
2018-10-12 09:30:00,0.004945455538527701
2018-10-12 10:00:00,0.0050268878804808365
2018-10-12 10:30:00,0.0050628584589913345
2018-10-12 11:00:00,0.005065386692208549
2018-10-12 11:30:00,0.0050273517209785505
2018-10-12 12:00:00,0.004945248625331765
2018-10-12 12:30:00,0.004826866799748172
2018-10-12 13:00:00,0.004661051031510086
2018-10-12 13:30:00,0.004482574585634559
2018-10-12 14:00:00,0.004315555151304905
2018-10-12 14:30:00,0.004153115940220395
2018-10-12 15:00:00,0.003994537999609574
2018-10-12 15:30:00,0.0038188599740411797
2018-10-12 16:00:00,0.0036274835693323243
2018-10-12 16:30:00,0.0034193855634285413
2018-10-12 17:00:00,0.003189150517684127
2018-10-12 17:30:00,0.003139318771743679
2018-10-12 18:00:00,0.0030615524334981826
2018-10-12 18:30:00,0.0029753359801506906
2018-10-12 19:00:00,0.0028729123852211684
2018-10-12 19:30:00,0.0027858857235260382
2018-10-12 20:00:00,0.0027196192012375634
2018-10-12 20:30:00,0.0026629177758561886
2018-10-12 21:00:00,0.002624737955305545
2018-10-12 21:30:00,0.0026022292380573978
2018-10-12 22:00:00,0.0025805671809699155
2018-10-12 22:30:00,0.0025668218224120585
2018-10-12 23:00:00,0.0025568164299542484
2018-10-12 23:30:00,0.0025450409818232045
2018-10-13 00:00:00,0.0025875331577315634
2018-10-13 00:30:00,0.002594588524623912
2018-10-13 01:00:00,0.0025977610927933855
2018-10-13 01:30:00,0.002589777691983491
2018-10-13 02:00:00,0.0026041434372070403
2018-10-13 02:30:00,0.002612323415636564
2018-10-13 03:00:00,0.002625743783341348
2018-10-13 03:30:00,0.0026512582878495737
2018-10-13 04:00:00,0.0026502207472406105
2018-10-13 04:30:00,0.002654959331681768
2018-10-13 05:00:00,0.0026918125684089497
2018-10-13 05:30:00,0.002757147325888919
2018-10-13 06:00:00,0.0027510524617489563
2018-10-13 06:30:00,0.0026428259701058044
2018-10-13 07:00:00,0.002635180567849896
2018-10-13 07:30:00,0.0026678609038733488
2018-10-13 08:00:00,0.0027441653378719195
2018-10-13 08:30:00,0.0028445638656893557
2018-10-13 09:00:00,0.0029232296007434084
2018-10-13 09:30:00,0.0030018681103769432
2018-10-13 10:00:00,0.003055180374243391
2018-10-13 10:30:00,0.003103767464709157
2018-10-13 11:00:00,0.003126461365234272
2018-10-13 11:30:00,0.0031453305983510623
2018-10-13 12:00:00,0.0031735717287241644
2018-10-13 12:30:00,0.0032082393691930952
2018-10-13 13:00:00,0.0032488640829237006
2018-10-13 13:30:00,0.003287702405728762
2018-10-13 14:00:00,0.003310931840358955
2018-10-13 14:30:00,0.003323200572775828
2018-10-13 15:00:00,0.003312325832306922
2018-10-13 15:30:00,0.003278455997494059
2018-10-13 16:00:00,0.0032156664639104056
2018-10-13 16:30:00,0.0031256296790548926
2018-10-13 17:00:00,0.003013796373785005
2018-10-13 17:30:00,0.0030646337460914757
2018-10-13 18:00:00,0.003038566968886299
2018-10-13 18:30:00,0.002990229243105499
2018-10-13 19:00:00,0.002928280420423952
2018-10-13 19:30:00,0.002873141330840747
2018-10-13 20:00:00,0.002808231995765094
2018-10-13 20:30:00,0.0027524634947934693
2018-10-13 21:00:00,0.002708319794626022
2018-10-13 21:30:00,0.002668263739262125
2018-10-13 22:00:00,0.002638865629351898
2018-10-13 22:30:00,0.002617185674071297
2018-10-13 23:00:00,0.0025947202654087523
2018-10-13 23:30:00,0.0025928502319412833
2018-10-14 00:00:00,0.0024825769432670775
2018-10-14 00:30:00,0.002371073468925021
2018-10-14 01:00:00,0.002342570117418374
2018-10-14 01:30:00,0.0023244732795651693
2018-10-14 02:00:00,0.0023374943915198017
2018-10-14 02:30:00,0.0023446365772531357
2018-10-14 03:00:00,0.002350905986589086
2018-10-14 03:30:00,0.0023653759950897305
2018-10-14 04:00:00,0.0024026156815359313
2018-10-14 04:30:00,0.0024294788527087054
2018-10-14 05:00:00,0.002417184558647012
2018-10-14 05:30:00,0.0024261431841033506
2018-10-14 06:00:00,0.0023723553324744105
2018-10-14 06:30:00,0.002212683333298329
2018-10-14 07:00:00,0.0022101994170156247
2018-10-14 07:30:00,0.0022272345138860733
2018-10-14 08:00:00,0.002221115802294435
2018-10-14 08:30:00,0.002224327091061978
2018-10-14 09:00:00,0.0022173352501508375
2018-10-14 09:30:00,0.0021910242508401253
2018-10-14 10:00:00,0.0021632162063230406
2018-10-14 10:30:00,0.0021627384001929495
2018-10-14 11:00:00,0.002163968888365473
2018-10-14 11:30:00,0.0021754130938802137
2018-10-14 12:00:00,0.002189451478630757
2018-10-14 12:30:00,0.0022041047041279982
2018-10-14 13:00:00,0.0022159852726327083
2018-10-14 13:30:00,0.002235655991879081
2018-10-14 14:00:00,0.002252714734531424
2018-10-14 14:30:00,0.0022595262322403545
2018-10-14 15:00:00,0.0022470402006337913
2018-10-14 15:30:00,0.002213357212873595
2018-10-14 16:00:00,0.002145594905814883
2018-10-14 16:30:00,0.0020656431729809185
2018-10-14 17:00:00,0.0020104105086190443
2018-10-14 17:30:00,0.002108753567604817
2018-10-14 18:00:00,0.002122374092567854
2018-10-14 18:30:00,0.002137881692094907
2018-10-14 19:00:00,0.0021368854937911753
2018-10-14 19:30:00,0.0021335546652605794
2018-10-14 20:00:00,0.002134950169731909
2018-10-14 20:30:00,0.002141771549260139
2018-10-14 21:00:00,0.002155725888129194
2018-10-14 21:30:00,0.002168107958963335
2018-10-14 22:00:00,0.0021852212532916045
2018-10-14 22:30:00,0.002200423121429729
2018-10-14 23:00:00,0.0022345475643418804
2018-10-14 23:30:00,0.0022567901278957416
2018-10-15 00:00:00,0.0023744933850816455
2018-10-15 00:30:00,0.002477524711898063
2018-10-15 01:00:00,0.002500654370403802
2018-10-15 01:30:00,0.0025297324807880515
2018-10-15 02:00:00,0.0025381414552545986
2018-10-15 02:30:00,0.0025561529867901807
2018-10-15 03:00:00,0.0026002406731757853
2018-10-15 03:30:00,0.0026779598206923836
2018-10-15 04:00:00,0.002767380857287181
2018-10-15 04:30:00,0.002907370440369556
2018-10-15 05:00:00,0.003106428951234574
2018-10-15 05:30:00,0.003400764434560583
2018-10-15 06:00:00,0.0035967317510130084
2018-10-15 06:30:00,0.0036823819660311724
2018-10-15 07:00:00,0.0038471871669935862
2018-10-15 07:30:00,0.004046142170843189
2018-10-15 08:00:00,0.004255563332184149
2018-10-15 08:30:00,0.004470042069143333
2018-10-15 09:00:00,0.004649700249521678
2018-10-15 09:30:00,0.004772862354773777
2018-10-15 10:00:00,0.004838005425126321
2018-10-15 10:30:00,0.0048583060599355675
2018-10-15 11:00:00,0.004851259616931055
2018-10-15 11:30:00,0.004802175763375726
2018-10-15 12:00:00,0.004715597564857461
2018-10-15 12:30:00,0.004596878950738572
2018-10-15 13:00:00,0.004435532134443625
2018-10-15 13:30:00,0.004265982500616387
2018-10-15 14:00:00,0.004119418986827822
2018-10-15 14:30:00,0.003981754101735567
2018-10-15 15:00:00,0.0038421776896182744
2018-10-15 15:30:00,0.0036816717858952157
2018-10-15 16:00:00,0.003492403183326353
2018-10-15 16:30:00,0.003289155386087851
2018-10-15 17:00:00,0.003113045081342565
2018-10-15 17:30:00,0.003092399540789312
2018-10-15 18:00:00,0.002995158506325173
2018-10-15 18:30:00,0.0029219190496675845
2018-10-15 19:00:00,0.002834975274252698
2018-10-15 19:30:00,0.002752227894071098
2018-10-15 20:00:00,0.00269088907206149
2018-10-15 20:30:00,0.00263564440834761
2018-10-15 21:00:00,0.002598365345876549
2018-10-15 21:30:00,0.0025788372575832235
2018-10-15 22:00:00,0.002560201608490989
2018-10-15 22:30:00,0.0025507363381257887
2018-10-15 23:00:00,0.0025425682582133798
2018-10-15 23:30:00,0.0025330146060663873
2018-10-16 00:00:00,0.002526272734849559
2018-10-16 00:30:00,0.0025223237380208683
2018-10-16 01:00:00,0.002523231352873026
2018-10-16 01:30:00,0.0025250690687579906
2018-10-16 02:00:00,0.0025288123119919887
2018-10-16 02:30:00,0.002550562196269364
2018-10-16 03:00:00,0.002588945098290094
2018-10-16 03:30:00,0.0026665636125856665
2018-10-16 04:00:00,0.0027628176247211367
2018-10-16 04:30:00,0.002896377521408623
2018-10-16 05:00:00,0.003099364055445044
2018-10-16 05:30:00,0.0033923479478946703
2018-10-16 06:00:00,0.0036040486331946663
2018-10-16 06:30:00,0.0036871990504348234
2018-10-16 07:00:00,0.003865112333445192
2018-10-16 07:30:00,0.004069263812975109
2018-10-16 08:00:00,0.004284481266344349
2018-10-16 08:30:00,0.004509824509031025
2018-10-16 09:00:00,0.0047084709076973125
2018-10-16 09:30:00,0.00485860987546157
2018-10-16 10:00:00,0.004954371208320556
2018-10-16 10:30:00,0.004998204538694098
2018-10-16 11:00:00,0.005006273245821616
2018-10-16 11:30:00,0.00497572808861101
2018-10-16 12:00:00,0.004905875272596079
2018-10-16 12:30:00,0.00480188964437306
2018-10-16 13:00:00,0.0046455240212665535
2018-10-16 13:30:00,0.004462696600270132
2018-10-16 14:00:00,0.004280331708917843
2018-10-16 14:30:00,0.004101071473436069
2018-10-16 15:00:00,0.003943299758194699
2018-10-16 15:30:00,0.003767558609984659
2018-10-16 16:00:00,0.0035716274932580333
2018-10-16 16:30:00,0.0033661368759607484
2018-10-16 17:00:00,0.003180871368139494
2018-10-16 17:30:00,0.0031519040248827964
2018-10-16 18:00:00,0.0030360945477811464
2018-10-16 18:30:00,0.0029553827215402753
2018-10-16 19:00:00,0.0028603965569043714
2018-10-16 19:30:00,0.00277603486053839
2018-10-16 20:00:00,0.0027084169994607606
2018-10-16 20:30:00,0.0026523686312496996
2018-10-16 21:00:00,0.002614496306698573
2018-10-16 21:30:00,0.00259389946939758
2018-10-16 22:00:00,0.0025732511558848297
2018-10-16 22:30:00,0.002558962952692311
2018-10-16 23:00:00,0.0025474128201247765
2018-10-16 23:30:00,0.0025404200212821738
2018-10-17 00:00:00,0.002533025597069485
2018-10-17 00:30:00,0.002525014063325055
2018-10-17 01:00:00,0.0025213900069319915
2018-10-17 01:30:00,0.002529121370932313
2018-10-17 02:00:00,0.0025370364561036855
2018-10-17 02:30:00,0.002558432964506227
2018-10-17 03:00:00,0.002603749021531647
2018-10-17 03:30:00,0.0026818737269790724
2018-10-17 04:00:00,0.0027834830801653247
2018-10-17 04:30:00,0.0029238892121816254
2018-10-17 05:00:00,0.003129486008618931
2018-10-17 05:30:00,0.003423768805714494
2018-10-17 06:00:00,0.0036404255258976736
2018-10-17 06:30:00,0.0037348101599924653
2018-10-17 07:00:00,0.003930335920458045
2018-10-17 07:30:00,0.004152142278514759
2018-10-17 08:00:00,0.004378999506669461
2018-10-17 08:30:00,0.004608192524652273
2018-10-17 09:00:00,0.00479666064944046
2018-10-17 09:30:00,0.004933254062982996
2018-10-17 10:00:00,0.005007071505234693
2018-10-17 10:30:00,0.00502662480225072
2018-10-17 11:00:00,0.005018250817491283
2018-10-17 11:30:00,0.004976564463612812
2018-10-17 12:00:00,0.004890843916258309
2018-10-17 12:30:00,0.004767891245074418
2018-10-17 13:00:00,0.004593509048687789
2018-10-17 13:30:00,0.004398190503922818
2018-10-17 14:00:00,0.004224052075884716
2018-10-17 14:30:00,0.00405956818530186
2018-10-17 15:00:00,0.003901731834895481
2018-10-17 15:30:00,0.003730070768872181
2018-10-17 16:00:00,0.0035367564688143444
2018-10-17 16:30:00,0.0033335821802112408
2018-10-17 17:00:00,0.0031629345048405553
2018-10-17 17:30:00,0.00315707287180303
2018-10-17 18:00:00,0.003052735632315765
2018-10-17 18:30:00,0.002966546001049227
2018-10-17 19:00:00,0.0028697689079176933
2018-10-17 19:30:00,0.002783300115255955
2018-10-17 20:00:00,0.0027101020009035973
2018-10-17 20:30:00,0.0026568804380214315
2018-10-17 21:00:00,0.0026193462632766273
2018-10-17 21:30:00,0.0026000959246900313
2018-10-17 22:00:00,0.002579944424684289
2018-10-17 22:30:00,0.0025648934055428124
2018-10-17 23:00:00,0.0025532689072433074
2018-10-17 23:30:00,0.0025449633893747286
2018-10-18 00:00:00,0.0025385187289985547
2018-10-18 00:30:00,0.002530210387753033
2018-10-18 01:00:00,0.0025291146149946293
2018-10-18 01:30:00,0.0025374254266949756
2018-10-18 02:00:00,0.002546070253971122
2018-10-18 02:30:00,0.0025723366338426517
2018-10-18 03:00:00,0.0026189827030778214
2018-10-18 03:30:00,0.002697741458318644
2018-10-18 04:00:00,0.002801426699401948
2018-10-18 04:30:00,0.0029475045923563837
2018-10-18 05:00:00,0.0031650038384697047
2018-10-18 05:30:00,0.0034766781333572744
2018-10-18 06:00:00,0.0037033577408518196
2018-10-18 06:30:00,0.0038006245386305597
2018-10-18 07:00:00,0.00399705952730655
2018-10-18 07:30:00,0.0042155358635117945
2018-10-18 08:00:00,0.004438563886688085
2018-10-18 08:30:00,0.0046631302973759794
2018-10-18 09:00:00,0.0048452861579996245
2018-10-18 09:30:00,0.0049715844804430614
2018-10-18 10:00:00,0.005035754544516759
2018-10-18 10:30:00,0.005047572343301942
2018-10-18 11:00:00,0.005032292580210668
2018-10-18 11:30:00,0.00498858776390546
2018-10-18 12:00:00,0.004910536214171314
2018-10-18 12:30:00,0.004805170156293143
2018-10-18 13:00:00,0.004637416492706074
2018-10-18 13:30:00,0.004443115724911469
2018-10-18 14:00:00,0.004268964289172452
2018-10-18 14:30:00,0.004100001615244604
2018-10-18 15:00:00,0.0039320530882310505
2018-10-18 15:30:00,0.0037446658126374264
2018-10-18 16:00:00,0.003541951431971296
2018-10-18 16:30:00,0.003333581978541459
2018-10-18 17:00:00,0.003160034039623925
2018-10-18 17:30:00,0.0031272242820181207
2018-10-18 18:00:00,0.003022129217908993
2018-10-18 18:30:00,0.002936784885532094
2018-10-18 19:00:00,0.002844367086399945
2018-10-18 19:30:00,0.0027612965303933073
2018-10-18 20:00:00,0.0026935135521819805
2018-10-18 20:30:00,0.002639514955631252
2018-10-18 21:00:00,0.0026033889905540193
2018-10-18 21:30:00,0.0025832921934765404
2018-10-18 22:00:00,0.0025662823053287935
2018-10-18 22:30:00,0.002553273091891276
2018-10-18 23:00:00,0.0025434051373896364
2018-10-18 23:30:00,0.002535561292068619
2018-10-19 00:00:00,0.002528592542347474
2018-10-19 00:30:00,0.0025236114499939243
2018-10-19 01:00:00,0.0025239808081989517
2018-10-19 01:30:00,0.002529976602058696
2018-10-19 02:00:00,0.002537733326034056
2018-10-19 02:30:00,0.0025602675040921315
2018-10-19 03:00:00,0.002596617826801411
2018-10-19 03:30:00,0.002673484213646451
2018-10-19 04:00:00,0.002770992662241011
2018-10-19 04:30:00,0.0029061230623528235
2018-10-19 05:00:00,0.003114078689390787
2018-10-19 05:30:00,0.0034019701677674126
2018-10-19 06:00:00,0.003636007596409283
2018-10-19 06:30:00,0.003698985338316629
2018-10-19 07:00:00,0.0038890991389402396
2018-10-19 07:30:00,0.004090787927931968
2018-10-19 08:00:00,0.0043058963283668
2018-10-19 08:30:00,0.004528037760765666
2018-10-19 09:00:00,0.004709931954847666
2018-10-19 09:30:00,0.004829723351369855
2018-10-19 10:00:00,0.004896079314206476
2018-10-19 10:30:00,0.0049190406288620115
2018-10-19 11:00:00,0.004913242219301023
2018-10-19 11:30:00,0.0048766003829224195
2018-10-19 12:00:00,0.004794536108708593
2018-10-19 12:30:00,0.004677212999061034
2018-10-19 13:00:00,0.0045099745009311
2018-10-19 13:30:00,0.004329574327008749
2018-10-19 14:00:00,0.0041715451298737025
2018-10-19 14:30:00,0.004027272635221728
2018-10-19 15:00:00,0.003887236466419799
2018-10-19 15:30:00,0.003729832445607758
2018-10-19 16:00:00,0.00354948697461367
2018-10-19 16:30:00,0.003343194165342566
2018-10-19 17:00:00,0.0031697619344622334
2018-10-19 17:30:00,0.0031292078051551936
2018-10-19 18:00:00,0.003029867186594663
2018-10-19 18:30:00,0.002939241979733843
2018-10-19 19:00:00,0.0028410165950656426
2018-10-19 19:30:00,0.0027554367123838164
2018-10-19 20:00:00,0.002689208204849176
2018-10-19 20:30:00,0.002634011034368866
2018-10-19 21:00:00,0.0025968338151375206
2018-10-19 21:30:00,0.002575651580877945
2018-10-19 22:00:00,0.0025587468635213106
2018-10-19 22:30:00,0.0025458090916039306
2018-10-19 23:00:00,0.002534256690251353
2018-10-19 23:30:00,0.0025268351918704825
2018-10-20 00:00:00,0.0025652881741403235
2018-10-20 00:30:00,0.002571626302454359
2018-10-20 01:00:00,0.0025678255329151557
2018-10-20 01:30:00,0.0025687468613124625
2018-10-20 02:00:00,0.0025877950259429903
2018-10-20 02:30:00,0.002594736247738945
2018-10-20 03:00:00,0.0026122365967955787
2018-10-20 03:30:00,0.0026354570067030443
2018-10-20 04:00:00,0.002633290417821711
2018-10-20 04:30:00,0.0026376077645065207
2018-10-20 05:00:00,0.00267037370935227
2018-10-20 05:30:00,0.0027356008255863015
2018-10-20 06:00:00,0.002777117524760989
2018-10-20 06:30:00,0.002625151378357855
2018-10-20 07:00:00,0.0026148928399066735
2018-10-20 07:30:00,0.0026135364089555314
2018-10-20 08:00:00,0.00265563764799223
2018-10-20 08:30:00,0.0027467763565344866
2018-10-20 09:00:00,0.0028160788661328357
2018-10-20 09:30:00,0.002884559672205996
2018-10-20 10:00:00,0.002937785117231458
2018-10-20 10:30:00,0.002983161675191362
2018-10-20 11:00:00,0.002998242944800081
2018-10-20 11:30:00,0.003013491549910094
2018-10-20 12:00:00,0.00304054413942525
2018-10-20 12:30:00,0.0030737697401207447
2018-10-20 13:00:00,0.003099484704391894
2018-10-20 13:30:00,0.00312133386061927
2018-10-20 14:00:00,0.0031466609634829296
2018-10-20 14:30:00,0.0031628661387845874
2018-10-20 15:00:00,0.0031519903395493282
2018-10-20 15:30:00,0.0031188667333458854
2018-10-20 16:00:00,0.0030656996213047558
2018-10-20 16:30:00,0.0029907961872790633
2018-10-20 17:00:00,0.0029436967643748234
2018-10-20 17:30:00,0.00300123204388573
2018-10-20 18:00:00,0.00297855684823286
2018-10-20 18:30:00,0.0029203665956887143
2018-10-20 19:00:00,0.0028604172784744324
2018-10-20 19:30:00,0.0028118242891675537
2018-10-20 20:00:00,0.0027501930963920495
2018-10-20 20:30:00,0.002701484046125852
2018-10-20 21:00:00,0.0026528739653049805
2018-10-20 21:30:00,0.002618217114169366
2018-10-20 22:00:00,0.002595955896160706
2018-10-20 22:30:00,0.0025767776041035915
2018-10-20 23:00:00,0.002556490985344167
2018-10-20 23:30:00,0.002554200218294805
2018-10-21 00:00:00,0.002454652384033665
2018-10-21 00:30:00,0.002349673179214075
2018-10-21 01:00:00,0.0023221585138117943
2018-10-21 01:30:00,0.0023032748108881736
2018-10-21 02:00:00,0.0023165300110418157
2018-10-21 02:30:00,0.002324748558817073
2018-10-21 03:00:00,0.002334293589580902
2018-10-21 03:30:00,0.0023510128211558963
2018-10-21 04:00:00,0.0023883540987545858
2018-10-21 04:30:00,0.002415159088195364
2018-10-21 05:00:00,0.0024054028587527387
2018-10-21 05:30:00,0.0024177138409888603
2018-10-21 06:00:00,0.002414306781280814
2018-10-21 06:30:00,0.0022174901829605633
2018-10-21 07:00:00,0.0022124700675042715
2018-10-21 07:30:00,0.002212919135690482
2018-10-21 08:00:00,0.0021979367851096454
2018-10-21 08:30:00,0.002197711066206573
2018-10-21 09:00:00,0.002192257965729154
2018-10-21 09:30:00,0.002170123648430575
2018-10-21 10:00:00,0.0021469116078190464
2018-10-21 10:30:00,0.0021501181069292765
2018-10-21 11:00:00,0.0021571689866689845
2018-10-21 11:30:00,0.0021775457014033446
2018-10-21 12:00:00,0.002200453573566753
2018-10-21 12:30:00,0.0022271372082164438
2018-10-21 13:00:00,0.0022506419725159864
2018-10-21 13:30:00,0.0022781135814198923
2018-10-21 14:00:00,0.0022946491926587264
2018-10-21 14:30:00,0.0023002104385565366
2018-10-21 15:00:00,0.002285994130641163
2018-10-21 15:30:00,0.002246106772049587
2018-10-21 16:00:00,0.0021858082131909944
2018-10-21 16:30:00,0.00210876077729951
2018-10-21 17:00:00,0.0020758448909711305
2018-10-21 17:30:00,0.0021568916907192637
2018-10-21 18:00:00,0.002159832540309662
2018-10-21 18:30:00,0.002171781676540121
2018-10-21 19:00:00,0.002159884924035436
2018-10-21 19:30:00,0.0021523507426640886
2018-10-21 20:00:00,0.0021535713490173124
2018-10-21 20:30:00,0.0021595522193132172
2018-10-21 21:00:00,0.0021693305315969294
2018-10-21 21:30:00,0.002182730530653771
2018-10-21 22:00:00,0.002198138908648269
2018-10-21 22:30:00,0.002213804213944544
2018-10-21 23:00:00,0.002246483339949308
2018-10-21 23:30:00,0.0022663675770769644
2018-10-22 00:00:00,0.002383883886375312
2018-10-22 00:30:00,0.0024862492995728377
2018-10-22 01:00:00,0.0025138052568629042
2018-10-22 01:30:00,0.0025450888783963383
2018-10-22 02:00:00,0.0025505589695528586
2018-10-22 02:30:00,0.0025702206136590583
2018-10-22 03:00:00,0.002614286519708248
2018-10-22 03:30:00,0.0026981631498320005
2018-10-22 04:00:00,0.002794645200073032
2018-10-22 04:30:00,0.0029313929918333946
2018-10-22 05:00:00,0.003140487952302591
2018-10-22 05:30:00,0.003451495274804915
2018-10-22 06:00:00,0.0036940318243057144
2018-10-22 06:30:00,0.003753376585932161
2018-10-22 07:00:00,0.003933535714048037
2018-10-22 07:30:00,0.004120765435124773
2018-10-22 08:00:00,0.004330119642098236
2018-10-22 08:30:00,0.0045456472635916
2018-10-22 09:00:00,0.0047245075878964305
2018-10-22 09:30:00,0.004849199408859525
2018-10-22 10:00:00,0.004915916259770344
2018-10-22 10:30:00,0.004932645625251865
2018-10-22 11:00:00,0.004919098356836999
2018-10-22 11:30:00,0.004877052274485573
2018-10-22 12:00:00,0.004795280270202752
2018-10-22 12:30:00,0.004675569390340873
2018-10-22 13:00:00,0.004508005699688086
2018-10-22 13:30:00,0.004328800419221802
2018-10-22 14:00:00,0.004174764283762728
2018-10-22 14:30:00,0.004030116279977387
2018-10-22 15:00:00,0.0038874826548057056
2018-10-22 15:30:00,0.0037238129555486736
2018-10-22 16:00:00,0.0035332998991749118
2018-10-22 16:30:00,0.003320105092880377
2018-10-22 17:00:00,0.0031655518256837973
2018-10-22 17:30:00,0.003139268203045939
2018-10-22 18:00:00,0.003041865177329718
2018-10-22 18:30:00,0.002956438765351701
2018-10-22 19:00:00,0.00284602864373067
2018-10-22 19:30:00,0.002757967214386074
2018-10-22 20:00:00,0.0026940704632839093
2018-10-22 20:30:00,0.002642354869495952
2018-10-22 21:00:00,0.002606424221602213
2018-10-22 21:30:00,0.00258795046292717
2018-10-22 22:00:00,0.0025684233829827525
2018-10-22 22:30:00,0.002559457144492158
2018-10-22 23:00:00,0.0025506584935900854
2018-10-22 23:30:00,0.002538447035391191
2018-10-23 00:00:00,0.002534887513328244
2018-10-23 00:30:00,0.002525686027037396
2018-10-23 01:00:00,0.0025269393543126866
2018-10-23 01:30:00,0.002530064782170708
2018-10-23 02:00:00,0.002535696259569965
2018-10-23 02:30:00,0.0025576944497659538
2018-10-23 03:00:00,0.002597609437117611
2018-10-23 03:30:00,0.0026768441330430447
2018-10-23 04:00:00,0.0027734177917823747
2018-10-23 04:30:00,0.0029094313038678776
2018-10-23 05:00:00,0.003110763086928703
2018-10-23 05:30:00,0.003403318229422617
2018-10-23 06:00:00,0.003652618783398777
2018-10-23 06:30:00,0.0037116926520910695
2018-10-23 07:00:00,0.0038773770324664327
2018-10-23 07:30:00,0.0040610786919661555
2018-10-23 08:00:00,0.0042562412451550465
2018-10-23 08:30:00,0.00445970654325302
2018-10-23 09:00:00,0.004631191299469742
2018-10-23 09:30:00,0.004748591547808771
2018-10-23 10:00:00,0.004807912865323104
2018-10-23 10:30:00,0.004818782715299806
2018-10-23 11:00:00,0.0047970193191470625
2018-10-23 11:30:00,0.004743532661336963
2018-10-23 12:00:00,0.004649584037310023
2018-10-23 12:30:00,0.004515448474230917
2018-10-23 13:00:00,0.0043411692806852465
2018-10-23 13:30:00,0.004163218940852507
2018-10-23 14:00:00,0.004004062107133561
2018-10-23 14:30:00,0.0038566136663432714
2018-10-23 15:00:00,0.0037212689920884936
2018-10-23 15:30:00,0.003570778513894881
2018-10-23 16:00:00,0.003405460920434829
2018-10-23 16:30:00,0.0032278781741965274
2018-10-23 17:00:00,0.0031171026269312097
2018-10-23 17:30:00,0.003104395061069543
2018-10-23 18:00:00,0.0030223241821703698
2018-10-23 18:30:00,0.00294175876819095
2018-10-23 19:00:00,0.002838700518458687
2018-10-23 19:30:00,0.0027579918180994306
2018-10-23 20:00:00,0.002698092767078217
2018-10-23 20:30:00,0.0026483275721657018
2018-10-23 21:00:00,0.002619655170964616
2018-10-23 21:30:00,0.002600412495829721
2018-10-23 22:00:00,0.0025852969423581277
2018-10-23 22:30:00,0.002577568351317303
2018-10-23 23:00:00,0.0025714839235885393
2018-10-23 23:30:00,0.0025644366739049004
2018-10-24 00:00:00,0.00256262204920993
2018-10-24 00:30:00,0.0025561503146655745
2018-10-24 01:00:00,0.0025580307341267964
2018-10-24 01:30:00,0.0025653923869999725
2018-10-24 02:00:00,0.0025725270605339414
2018-10-24 02:30:00,0.002596576887835743
2018-10-24 03:00:00,0.0026356400220298596
2018-10-24 03:30:00,0.002715822011336984
2018-10-24 04:00:00,0.0028137672766785212
2018-10-24 04:30:00,0.002946182445268117
2018-10-24 05:00:00,0.0031394484454132575
2018-10-24 05:30:00,0.0034472255221885658
2018-10-24 06:00:00,0.0036902717920623976
2018-10-24 06:30:00,0.0037559433884951088
2018-10-24 07:00:00,0.0038965947005484072
2018-10-24 07:30:00,0.004068618116751824
2018-10-24 08:00:00,0.004253540937196669
2018-10-24 08:30:00,0.004444812776123757
2018-10-24 09:00:00,0.004602619833994355
2018-10-24 09:30:00,0.004704426067304909
2018-10-24 10:00:00,0.0047520594109559736
2018-10-24 10:30:00,0.004752892206319152
2018-10-24 11:00:00,0.0047234520482594584
2018-10-24 11:30:00,0.004664147620589336
2018-10-24 12:00:00,0.00456905497430874
2018-10-24 12:30:00,0.004442319381361318
2018-10-24 13:00:00,0.00427572657945467
2018-10-24 13:30:00,0.004105715726836877
2018-10-24 14:00:00,0.003949077849525191
2018-10-24 14:30:00,0.0037966392916586244
2018-10-24 15:00:00,0.003658187339826171
2018-10-24 15:30:00,0.003508760115138676
2018-10-24 16:00:00,0.0033470748969501797
2018-10-24 16:30:00,0.003174413447975179
2018-10-24 17:00:00,0.003104146603898593
2018-10-24 17:30:00,0.003077105459143544
2018-10-24 18:00:00,0.003000154723912344
2018-10-24 18:30:00,0.0029285661865045
2018-10-24 19:00:00,0.002829129724380257
2018-10-24 19:30:00,0.0027533297169229504
2018-10-24 20:00:00,0.0026980580294583335
2018-10-24 20:30:00,0.00264916914016438
2018-10-24 21:00:00,0.0026193698586410765
2018-10-24 21:30:00,0.002604053996658894
2018-10-24 22:00:00,0.0025869312238508886
2018-10-24 22:30:00,0.0025785269382067634
2018-10-24 23:00:00,0.0025739317913977796
2018-10-24 23:30:00,0.0025652070020532234
2018-10-25 00:00:00,0.002561950438419707
2018-10-25 00:30:00,0.0025560001715131623
2018-10-25 01:00:00,0.0025595284851774045
2018-10-25 01:30:00,0.0025669874437202096
2018-10-25 02:00:00,0.0025736845946629653
2018-10-25 02:30:00,0.002600438107891986
2018-10-25 03:00:00,0.002641249214918249
2018-10-25 03:30:00,0.002727588838084863
2018-10-25 04:00:00,0.002822949957262234
2018-10-25 04:30:00,0.0029606268417064962
2018-10-25 05:00:00,0.003164224334346318
2018-10-25 05:30:00,0.003472052231906594
2018-10-25 06:00:00,0.0037176820933526923
2018-10-25 06:30:00,0.0038174908378937967
2018-10-25 07:00:00,0.00394833973812448
2018-10-25 07:30:00,0.004114258862125644
2018-10-25 08:00:00,0.004290421953936268
2018-10-25 08:30:00,0.004476599916684438
2018-10-25 09:00:00,0.00462955111913587
2018-10-25 09:30:00,0.0047202843201647445
2018-10-25 10:00:00,0.004756368993354191
2018-10-25 10:30:00,0.004749640734847621
2018-10-25 11:00:00,0.004716557664270284
2018-10-25 11:30:00,0.0046573203926374394
2018-10-25 12:00:00,0.004568061548964505
2018-10-25 12:30:00,0.004449418762683503
2018-10-25 13:00:00,0.004284058364812304
2018-10-25 13:30:00,0.004103291454392085
2018-10-25 14:00:00,0.003941846525748383
2018-10-25 14:30:00,0.0037965095675716004
2018-10-25 15:00:00,0.0036566981597412817
2018-10-25 15:30:00,0.003499303970331094
2018-10-25 16:00:00,0.003329366021339356
2018-10-25 16:30:00,0.003157911918929438
2018-10-25 17:00:00,0.0031070343135015353
2018-10-25 17:30:00,0.003071480233507517
2018-10-25 18:00:00,0.0029962421284792347
2018-10-25 18:30:00,0.002928369760137207
2018-10-25 19:00:00,0.0028323508949670995
2018-10-25 19:30:00,0.0027559262657786865
2018-10-25 20:00:00,0.002699838067785757
2018-10-25 20:30:00,0.0026529918917097797
2018-10-25 21:00:00,0.0026242204706459216
2018-10-25 21:30:00,0.002609793468226206
2018-10-25 22:00:00,0.0025947512721376754
2018-10-25 22:30:00,0.002584886947692105
2018-10-25 23:00:00,0.002577780003753108
2018-10-25 23:30:00,0.0025654242508254678
2018-10-26 00:00:00,0.0025635744851710512
2018-10-26 00:30:00,0.0025565834509390377
2018-10-26 01:00:00,0.002560730235406047
2018-10-26 01:30:00,0.0025656612128188653
2018-10-26 02:00:00,0.0025729158798728953
2018-10-26 02:30:00,0.0026003361133999344
2018-10-26 03:00:00,0.0026393326965661176
2018-10-26 03:30:00,0.00272023318488769
2018-10-26 04:00:00,0.00280823643250029
2018-10-26 04:30:00,0.0029312394202946944
2018-10-26 05:00:00,0.003132708893398917
2018-10-26 05:30:00,0.0034393493088676
2018-10-26 06:00:00,0.00368112657164062
2018-10-26 06:30:00,0.0037698752916009593
2018-10-26 07:00:00,0.003895228085273295
2018-10-26 07:30:00,0.004062960976872856
2018-10-26 08:00:00,0.0042355853690254856
2018-10-26 08:30:00,0.0044117488137582275
2018-10-26 09:00:00,0.004551626671781587
2018-10-26 09:30:00,0.004638139529290609
2018-10-26 10:00:00,0.00467698959936045
2018-10-26 10:30:00,0.004672910676774954
2018-10-26 11:00:00,0.00464338057399266
2018-10-26 11:30:00,0.004582334021914058
2018-10-26 12:00:00,0.004481802291205865
2018-10-26 12:30:00,0.004350512591250016
2018-10-26 13:00:00,0.0041791555424225
2018-10-26 13:30:00,0.0039999001470154855
2018-10-26 14:00:00,0.003835967722450455
2018-10-26 14:30:00,0.0036788401909090074
2018-10-26 15:00:00,0.0035339832068124683
2018-10-26 15:30:00,0.0033865333039162617
2018-10-26 16:00:00,0.003241964304267868
2018-10-26 16:30:00,0.003093418124438803
2018-10-26 17:00:00,0.0030689216489881697
2018-10-26 17:30:00,0.003048055582528721
2018-10-26 18:00:00,0.0029811859163408816
2018-10-26 18:30:00,0.0029192577648119496
2018-10-26 19:00:00,0.0028269190706516406
2018-10-26 19:30:00,0.002756672544805552
2018-10-26 20:00:00,0.002702046704816557
2018-10-26 20:30:00,0.0026590211123358274
2018-10-26 21:00:00,0.0026277382974815196
2018-10-26 21:30:00,0.0026110605594640924
2018-10-26 22:00:00,0.0025949533452588533
2018-10-26 22:30:00,0.0025849498686639685
2018-10-26 23:00:00,0.002580639025829616
2018-10-26 23:30:00,0.002571140379115558
2018-10-27 00:00:00,0.0026229789914703006
2018-10-27 00:30:00,0.0026297741539269208
2018-10-27 01:00:00,0.002626863806890992
2018-10-27 01:30:00,0.0026259185806245633
2018-10-27 02:00:00,0.0026340407302442087
2018-10-27 02:30:00,0.0026421674678513865
2018-10-27 03:00:00,0.0026616308705622593
2018-10-27 03:30:00,0.002692090822290133
2018-10-27 04:00:00,0.0026867669921427292
2018-10-27 04:30:00,0.00269564595803533
2018-10-27 05:00:00,0.002735026318795926
2018-10-27 05:30:00,0.002818778922003986
2018-10-27 06:00:00,0.00287153694689311
2018-10-27 06:30:00,0.0027732592793340257
2018-10-27 07:00:00,0.0027150464901917835
2018-10-27 07:30:00,0.002688735995055525
2018-10-27 08:00:00,0.0027034967105463675
2018-10-27 08:30:00,0.002759551078433431
2018-10-27 09:00:00,0.002797519145713379
2018-10-27 09:30:00,0.0028390840943833184
2018-10-27 10:00:00,0.0028591925883081314
2018-10-27 10:30:00,0.0028893193815567775
2018-10-27 11:00:00,0.002893218918871527
2018-10-27 11:30:00,0.0028981981961970415
2018-10-27 12:00:00,0.002914802375161625
2018-10-27 12:30:00,0.0029395384847302622
2018-10-27 13:00:00,0.002964465020990189
2018-10-27 13:30:00,0.0029875561605676396
2018-10-27 14:00:00,0.0030005085031267415
2018-10-27 14:30:00,0.003006809574618406
2018-10-27 15:00:00,0.002996090321551124
2018-10-27 15:30:00,0.0029634608567300834
2018-10-27 16:00:00,0.0029142589255176186
2018-10-27 16:30:00,0.0028582155486336523
2018-10-27 17:00:00,0.0029097245821477907
2018-10-27 17:30:00,0.002952106646355388
2018-10-27 18:00:00,0.0029417985475553737
2018-10-27 18:30:00,0.002912439864087453
2018-10-27 19:00:00,0.0028527757079443747
2018-10-27 19:30:00,0.0028139656189087392
2018-10-27 20:00:00,0.0027667932419610007
2018-10-27 20:30:00,0.0027224758536941373
2018-10-27 21:00:00,0.00268356245931287
2018-10-27 21:30:00,0.0026535055950609983
2018-10-27 22:00:00,0.002628515331150081
2018-10-27 22:30:00,0.00261211241862755
2018-10-27 23:00:00,0.0025966793865022492
2018-10-27 23:30:00,0.0025964653644465104
2018-10-28 00:00:00,0.0024936654537044954
2018-10-28 00:30:00,0.0023859884617987983
2018-10-28 01:00:00,0.0023593173306755673
2018-10-28 01:30:00,0.0023423007874250274
2018-10-28 02:00:00,0.0023535821950085604
2018-10-28 02:30:00,0.002361826354846083
2018-10-28 03:00:00,0.0023707454530252246
2018-10-28 03:30:00,0.0023874435596905946
2018-10-28 04:00:00,0.0024280364600131506
2018-10-28 04:30:00,0.0024550832011046397
2018-10-28 05:00:00,0.0024465338644700883
2018-10-28 05:30:00,0.0024569808633321897
2018-10-28 06:00:00,0.0024547780747250563
2018-10-28 06:30:00,0.002300582670555952
2018-10-28 07:00:00,0.002262561564123439
2018-10-28 07:30:00,0.0022630326143158463
2018-10-28 08:00:00,0.0022263954667596647
2018-10-28 08:30:00,0.002215935006439641
2018-10-28 09:00:00,0.0021997000848451944
2018-10-28 09:30:00,0.00216458428370407
2018-10-28 10:00:00,0.0021180769632786513
2018-10-28 10:30:00,0.002094715838281064
2018-10-28 11:00:00,0.0020867245219322412
2018-10-28 11:30:00,0.0020932495981338334
2018-10-28 12:00:00,0.002103835547475468
2018-10-28 12:30:00,0.002111428868510274
2018-10-28 13:00:00,0.002117108040812883
2018-10-28 13:30:00,0.002129367597254693
2018-10-28 14:00:00,0.002131910804453192
2018-10-28 14:30:00,0.0021262273466677232
2018-10-28 15:00:00,0.0021088808716544613
2018-10-28 15:30:00,0.002079495013183468
2018-10-28 16:00:00,0.0020319288759871263
2018-10-28 16:30:00,0.001975428918717584
2018-10-28 17:00:00,0.0020560514052452
2018-10-28 17:30:00,0.002103306265133619
2018-10-28 18:00:00,0.0021207330047199636
2018-10-28 18:30:00,0.0021450441456412933
2018-10-28 19:00:00,0.002136649640981577
2018-10-28 19:30:00,0.002140176996714356
2018-10-28 20:00:00,0.0021468189405543943
2018-10-28 20:30:00,0.0021573598671172827
2018-10-28 21:00:00,0.0021739418119884426
2018-10-28 21:30:00,0.002189369096524967
2018-10-28 22:00:00,0.002212648394008664
2018-10-28 22:30:00,0.0022322430837473676
2018-10-28 23:00:00,0.0022701437933202568
2018-10-28 23:30:00,0.0022950706320848564
2018-10-29 00:00:00,0.002412626871999963
2018-10-29 00:30:00,0.0025172105015429155
2018-10-29 01:00:00,0.002545379182046973
2018-10-29 01:30:00,0.0025749419553338882
2018-10-29 02:00:00,0.0025893821167068537
2018-10-29 02:30:00,0.0026152678448655856
2018-10-29 03:00:00,0.002666530639576372
2018-10-29 03:30:00,0.002748636659434992
2018-10-29 04:00:00,0.002844264436481104
2018-10-29 04:30:00,0.002974555921435404
2018-10-29 05:00:00,0.003184058103611126
2018-10-29 05:30:00,0.003493477932010024
2018-10-29 06:00:00,0.0037279519757290906
2018-10-29 06:30:00,0.003815653323678613
2018-10-29 07:00:00,0.0039109654875164965
2018-10-29 07:30:00,0.00405381772273145
2018-10-29 08:00:00,0.004197331485247544
2018-10-29 08:30:00,0.004361881926858333
2018-10-29 09:00:00,0.004501679671560947
2018-10-29 09:30:00,0.0045932904890619635
2018-10-29 10:00:00,0.00463355693642553
2018-10-29 10:30:00,0.00463182731554351
2018-10-29 11:00:00,0.004603646887774674
2018-10-29 11:30:00,0.004546215417783854
2018-10-29 12:00:00,0.004456213118460997
2018-10-29 12:30:00,0.00434326523472557
2018-10-29 13:00:00,0.004185939209701568
2018-10-29 13:30:00,0.004020467036353909
2018-10-29 14:00:00,0.003877270802908967
2018-10-29 14:30:00,0.0037444486142826274
2018-10-29 15:00:00,0.0036152486166038714
2018-10-29 15:30:00,0.0034696411688324978
2018-10-29 16:00:00,0.0033055572902614748
2018-10-29 16:30:00,0.003132494014246607
2018-10-29 17:00:00,0.0031007799285643154
2018-10-29 17:30:00,0.0030509341665740453
2018-10-29 18:00:00,0.0029734806181598342
2018-10-29 18:30:00,0.00291108323146653
2018-10-29 19:00:00,0.002815873515877707
2018-10-29 19:30:00,0.0027446752599147323
2018-10-29 20:00:00,0.002687396605200931
2018-10-29 20:30:00,0.002639095936242502
2018-10-29 21:00:00,0.002610288668374962
2018-10-29 21:30:00,0.002595114580249254
2018-10-29 22:00:00,0.002580436398116538
2018-10-29 22:30:00,0.0025712465078381328
2018-10-29 23:00:00,0.002564523593580776
2018-10-29 23:30:00,0.0025564320473504907
2018-10-30 00:00:00,0.0025534580734984623
2018-10-30 00:30:00,0.0025487079938797523
2018-10-30 01:00:00,0.0025501034983510815
2018-10-30 01:30:00,0.0025560524039866007
2018-10-30 02:00:00,0.002567286822511017
2018-10-30 02:30:00,0.0025928876921032184
2018-10-30 03:00:00,0.0026405102968384123
2018-10-30 03:30:00,0.002719534852851403
2018-10-30 04:00:00,0.002811672482239443
2018-10-30 04:30:00,0.0029448875740178135
2018-10-30 05:00:00,0.0031446299471122865
2018-10-30 05:30:00,0.0034320074700504672
2018-10-30 06:00:00,0.00367419089576366
2018-10-30 06:30:00,0.00378219988654734
2018-10-30 07:00:00,0.0038715313817591
2018-10-30 07:30:00,0.004029644523940745
2018-10-30 08:00:00,0.004182989789145452
2018-10-30 08:30:00,0.004365613725332224
2018-10-30 09:00:00,0.004522114215105185
2018-10-30 09:30:00,0.004627346011326248
2018-10-30 10:00:00,0.004680339082345844
2018-10-30 10:30:00,0.0046906998169588595
2018-10-30 11:00:00,0.004680634125236347
2018-10-30 11:30:00,0.004640854256638372
2018-10-30 12:00:00,0.004559106704816572
2018-10-30 12:30:00,0.004443355359029472
2018-10-30 13:00:00,0.004284253177821344
2018-10-30 13:30:00,0.00411979021047833
2018-10-30 14:00:00,0.003975927710492377
2018-10-30 14:30:00,0.003837302625152409
2018-10-30 15:00:00,0.003700081262327369
2018-10-30 15:30:00,0.0035462795679894223
2018-10-30 16:00:00,0.0033644490511409685
2018-10-30 16:30:00,0.003172679037435846
2018-10-30 17:00:00,0.0031215210605940536
2018-10-30 17:30:00,0.003064492778914127
2018-10-30 18:00:00,0.002978789272656171
2018-10-30 18:30:00,0.0029139250107767098
2018-10-30 19:00:00,0.002818382590465667
2018-10-30 19:30:00,0.0027425367031330434
2018-10-30 20:00:00,0.002683052839774729
2018-10-30 20:30:00,0.002632606253087583
2018-10-30 21:00:00,0.002601958849297698
2018-10-30 21:30:00,0.0025835964627595517
2018-10-30 22:00:00,0.0025696592658219337
2018-10-30 22:30:00,0.002561579668526209
2018-10-30 23:00:00,0.0025549266832656263
2018-10-30 23:30:00,0.0025510813951221314
2018-10-31 00:00:00,0.0025491237361345512
2018-10-31 00:30:00,0.0025401061726845362
2018-10-31 01:00:00,0.0025434163804799615
2018-10-31 01:30:00,0.0025485249281354916
2018-10-31 02:00:00,0.002557080667785609
2018-10-31 02:30:00,0.0025872132086230317
2018-10-31 03:00:00,0.002628299947823316
2018-10-31 03:30:00,0.002709140338549967
2018-10-31 04:00:00,0.002813516701974865
2018-10-31 04:30:00,0.0029464397254920123
2018-10-31 05:00:00,0.003145132609042961
2018-10-31 05:30:00,0.0034279715031284557
2018-10-31 06:00:00,0.0036816401741569475
2018-10-31 06:30:00,0.003800135741497371
2018-10-31 07:00:00,0.003898532999236953
2018-10-31 07:30:00,0.004067713325276609
2018-10-31 08:00:00,0.004224909424543805
2018-10-31 08:30:00,0.004412842015226915
2018-10-31 09:00:00,0.0045729691831001016
2018-10-31 09:30:00,0.004686740988728316
2018-10-31 10:00:00,0.004750973419181978
2018-10-31 10:30:00,0.004768696008337951
2018-10-31 11:00:00,0.004757149253739259
2018-10-31 11:30:00,0.0047155131156364095
2018-10-31 12:00:00,0.004634372741109607
2018-10-31 12:30:00,0.0045189811237954635
2018-10-31 13:00:00,0.004353483792142548
2018-10-31 13:30:00,0.004175990083112828
2018-10-31 14:00:00,0.004019578479296114
2018-10-31 14:30:00,0.003869421411668955
2018-10-31 15:00:00,0.00372177810745218
2018-10-31 15:30:00,0.0035614241619095688
2018-10-31 16:00:00,0.0033794477369741157
2018-10-31 16:30:00,0.003190902523911906
2018-10-31 17:00:00,0.0031416870808240725
2018-10-31 17:30:00,0.00307830453724758
2018-10-31 18:00:00,0.0029991698191163827
2018-10-31 18:30:00,0.0029244846422118425
2018-10-31 19:00:00,0.002827393347560553
2018-10-31 19:30:00,0.0027510780233937753
2018-10-31 20:00:00,0.0026891538044255857
2018-10-31 20:30:00,0.0026401843984713226
2018-10-31 21:00:00,0.0026054979018778107
2018-10-31 21:30:00,0.002587106474891112
2018-10-31 22:00:00,0.00256783228885284
2018-10-31 22:30:00,0.002555647602317454
2018-10-31 23:00:00,0.0025449904635429102
2018-10-31 23:30:00,0.0025329653986396732
2018-11-01 00:00:00,0.002528438819556438
2018-11-01 00:30:00,0.0025205436996934448
2018-11-01 01:00:00,0.0025190362684933197
2018-11-01 01:30:00,0.002521814118482728
2018-11-01 02:00:00,0.0025267674812413056
2018-11-01 02:30:00,0.0025485554811074066
2018-11-01 03:00:00,0.002588396758153883
2018-11-01 03:30:00,0.002663821558982495
2018-11-01 04:00:00,0.0027577893416386896
2018-11-01 04:30:00,0.0028884461514023857
2018-11-01 05:00:00,0.003094806015875876
2018-11-01 05:30:00,0.003366165311399956
2018-11-01 06:00:00,0.003614071722175813
2018-11-01 06:30:00,0.003734147120167961
2018-11-01 07:00:00,0.0038404982340944317
2018-11-01 07:30:00,0.0040304894194908205
2018-11-01 08:00:00,0.004203144566285145
2018-11-01 08:30:00,0.004404141073334035
2018-11-01 09:00:00,0.004570409489396956
2018-11-01 09:30:00,0.004676852917665959
2018-11-01 10:00:00,0.00472800247479437
2018-11-01 10:30:00,0.004731838334875575
2018-11-01 11:00:00,0.0047102818519187675
2018-11-01 11:30:00,0.004657471443303868
2018-11-01 12:00:00,0.004563491056286324
2018-11-01 12:30:00,0.004434997860774682
2018-11-01 13:00:00,0.0042542439580553785
2018-11-01 13:30:00,0.004060070393475526
2018-11-01 14:00:00,0.0038881895073902654
2018-11-01 14:30:00,0.0037270602423722355
2018-11-01 15:00:00,0.0035786196870912913
2018-11-01 15:30:00,0.003423193492244992
2018-11-01 16:00:00,0.003255748383423795
2018-11-01 16:30:00,0.0030796908153264005
2018-11-01 17:00:00,0.0030588413362064894
2018-11-01 17:30:00,0.003021352385910213
2018-11-01 18:00:00,0.002960328773769269
2018-11-01 18:30:00,0.002889603231774401
2018-11-01 19:00:00,0.002797453451782018
2018-11-01 19:30:00,0.0027250452275468006
2018-11-01 20:00:00,0.002668797811261286
2018-11-01 20:30:00,0.002622818361489244
2018-11-01 21:00:00,0.002594034134394253
2018-11-01 21:30:00,0.002578293152512427
2018-11-01 22:00:00,0.00256158108021468
2018-11-01 22:30:00,0.0025490766462405445
2018-11-01 23:00:00,0.0025428169674715567
2018-11-01 23:30:00,0.0025345627745623988
2018-11-02 00:00:00,0.002528480766871014
2018-11-02 00:30:00,0.0025261584889182736
2018-11-02 01:00:00,0.0025268017146867342
2018-11-02 01:30:00,0.002528553468827286
2018-11-02 02:00:00,0.0025380794417967523
2018-11-02 02:30:00,0.0025659923546002767
2018-11-02 03:00:00,0.0026098388439270695
2018-11-02 03:30:00,0.0026839306074992074
2018-11-02 04:00:00,0.0027796020460530385
2018-11-02 04:30:00,0.0029091371684913927
2018-11-02 05:00:00,0.003114037700007673
2018-11-02 05:30:00,0.0034016088763536498
2018-11-02 06:00:00,0.003644512565691879
2018-11-02 06:30:00,0.0037841427732234166
2018-11-02 07:00:00,0.0038662167780042053
2018-11-02 07:30:00,0.00404634641191452
2018-11-02 08:00:00,0.0042053004666680535
2018-11-02 08:30:00,0.004395866915116497
2018-11-02 09:00:00,0.00454875953249637
2018-11-02 09:30:00,0.004649108046207966
2018-11-02 10:00:00,0.004697464829783129
2018-11-02 10:30:00,0.0047042840413612065
2018-11-02 11:00:00,0.0046824481449219725
2018-11-02 11:30:00,0.0046264279096454464
2018-11-02 12:00:00,0.004531207606393088
2018-11-02 12:30:00,0.004401554809637161
2018-11-02 13:00:00,0.004228434461074097
2018-11-02 13:30:00,0.004046112273298066
2018-11-02 14:00:00,0.003885386499095601
2018-11-02 14:30:00,0.003734644992441323
2018-11-02 15:00:00,0.0035977233613292085
2018-11-02 15:30:00,0.003453319630066848
2018-11-02 16:00:00,0.003288188429902454
2018-11-02 16:30:00,0.0031206970882838216
2018-11-02 17:00:00,0.003099903824615536
2018-11-02 17:30:00,0.003054950773197022
2018-11-02 18:00:00,0.002996648946846197
2018-11-02 18:30:00,0.0029144803085203864
2018-11-02 19:00:00,0.002821760912229833
2018-11-02 19:30:00,0.00275002263500914
2018-11-02 20:00:00,0.002690361302243004
2018-11-02 20:30:00,0.0026421812318139816
2018-11-02 21:00:00,0.0026107147966235133
2018-11-02 21:30:00,0.002592829056614214
2018-11-02 22:00:00,0.002578632260250212
2018-11-02 22:30:00,0.0025664040634594434
2018-11-02 23:00:00,0.0025584650804189495
2018-11-02 23:30:00,0.0025504766882819595
2018-11-03 00:00:00,0.002603802867363338
2018-11-03 00:30:00,0.002615188891146083
2018-11-03 01:00:00,0.0026139757465747796
2018-11-03 01:30:00,0.0026077951727776303
2018-11-03 02:00:00,0.002616078002795778
2018-11-03 02:30:00,0.0026309778200184885
2018-11-03 03:00:00,0.0026522651242342856
2018-11-03 03:30:00,0.0026818392414464168
2018-11-03 04:00:00,0.0026763635035360112
2018-11-03 04:30:00,0.0026865037122428305
2018-11-03 05:00:00,0.0027275953419353197
2018-11-03 05:30:00,0.0028098109189028018
2018-11-03 06:00:00,0.0028603821879324316
2018-11-03 06:30:00,0.0028215138163299094
2018-11-03 07:00:00,0.0027167689013791103
2018-11-03 07:30:00,0.002708056968483132
2018-11-03 08:00:00,0.0027027308695506845
2018-11-03 08:30:00,0.002759217768701867
2018-11-03 09:00:00,0.00280488074816911
2018-11-03 09:30:00,0.0028540389674564103
2018-11-03 10:00:00,0.002886513348215389
2018-11-03 10:30:00,0.002921163443413319
2018-11-03 11:00:00,0.0029248560171146864
2018-11-03 11:30:00,0.0029290200947654694
2018-11-03 12:00:00,0.0029509474988681115
2018-11-03 12:30:00,0.002975535633234489
2018-11-03 13:00:00,0.002995799261638809
2018-11-03 13:30:00,0.0030228708585308814
2018-11-03 14:00:00,0.003047159210766888
2018-11-03 14:30:00,0.0030593549891402626
2018-11-03 15:00:00,0.0030363569705844726
2018-11-03 15:30:00,0.002990148423940516
2018-11-03 16:00:00,0.002929203967188856
2018-11-03 16:30:00,0.002860236481515215
2018-11-03 17:00:00,0.0029132615171951976
2018-11-03 17:30:00,0.0029284287485483295
2018-11-03 18:00:00,0.0029262282791436846
2018-11-03 18:30:00,0.00288031159909117
2018-11-03 19:00:00,0.002824185840101415
2018-11-03 19:30:00,0.0027898389554201425
2018-11-03 20:00:00,0.002739622121031701
2018-11-03 20:30:00,0.0026995664690073673
2018-11-03 21:00:00,0.0026597105204842772
2018-11-03 21:30:00,0.002635004258043319
2018-11-03 22:00:00,0.002613648184431992
2018-11-03 22:30:00,0.0025959552911513613
2018-11-03 23:00:00,0.0025867316211845353
2018-11-03 23:30:00,0.0025877578682857276
2018-11-04 00:00:00,0.0024826999618338627
2018-11-04 00:30:00,0.002382301686103653
2018-11-04 01:00:00,0.0023561995662692483
2018-11-04 01:30:00,0.0023451967150715713
2018-11-04 02:00:00,0.0023615056494758696
2018-11-04 02:30:00,0.0023723237207361426
2018-11-04 03:00:00,0.0023832269974791475
2018-11-04 03:30:00,0.0024002306338636635
2018-11-04 04:00:00,0.002443370724362905
2018-11-04 04:30:00,0.0024695731749136635
2018-11-04 05:00:00,0.00245901727436949
2018-11-04 05:30:00,0.002471361229614906
2018-11-04 06:00:00,0.0024725935832329085
2018-11-04 06:30:00,0.002379941695901751
2018-11-04 07:00:00,0.00229456655846571
2018-11-04 07:30:00,0.0022849439352534045
2018-11-04 08:00:00,0.0022351943697489643
2018-11-04 08:30:00,0.0022141623290592464
2018-11-04 09:00:00,0.0021896650469294867
2018-11-04 09:30:00,0.0021450344150743305
2018-11-04 10:00:00,0.0021053758004325506
2018-11-04 10:30:00,0.0020938496665690288
2018-11-04 11:00:00,0.002089509178276778
2018-11-04 11:30:00,0.002094815866492745
2018-11-04 12:00:00,0.002097835165628191
2018-11-04 12:30:00,0.0021081179044531674
2018-11-04 13:00:00,0.002112881748034472
2018-11-04 13:30:00,0.0021211610488314414
2018-11-04 14:00:00,0.0021309430920061134
2018-11-04 14:30:00,0.0021275033617934452
2018-11-04 15:00:00,0.002104013571475188
2018-11-04 15:30:00,0.0020690400987824382
2018-11-04 16:00:00,0.0020179337998221846
2018-11-04 16:30:00,0.0019773421599357643
2018-11-04 17:00:00,0.0020813649458160458
2018-11-04 17:30:00,0.0021205404604959675
2018-11-04 18:00:00,0.002147374238298071
2018-11-04 18:30:00,0.002154754747295828
2018-11-04 19:00:00,0.0021480823009013203
2018-11-04 19:30:00,0.002148792481037277
2018-11-04 20:00:00,0.0021567025244641092
2018-11-04 20:30:00,0.0021670642674260325
2018-11-04 21:00:00,0.0021821299076266766
2018-11-04 21:30:00,0.0022001469346638078
2018-11-04 22:00:00,0.002216402729080651
2018-11-04 22:30:00,0.0022373753276022377
2018-11-04 23:00:00,0.002273086306686353
2018-11-04 23:30:00,0.0022947651023657095
2018-11-05 00:00:00,0.002426163855255966
2018-11-05 00:30:00,0.0025296807524890674
2018-11-05 01:00:00,0.0025531623751811694
2018-11-05 01:30:00,0.002577632784812529
2018-11-05 02:00:00,0.00257942809962591
2018-11-05 02:30:00,0.0025892773492553044
2018-11-05 03:00:00,0.002603002641669891
2018-11-05 03:30:00,0.0026287475539036108
2018-11-05 04:00:00,0.002683266004733896
2018-11-05 04:30:00,0.002757519507470889
2018-11-05 05:00:00,0.0028629945174485786
2018-11-05 05:30:00,0.00300015926148243
2018-11-05 06:00:00,0.0032075605991256253
2018-11-05 06:30:00,0.0034072297660893724
2018-11-05 07:00:00,0.00349232412877196
2018-11-05 07:30:00,0.0036676527110262617
2018-11-05 08:00:00,0.0038243871377458974
2018-11-05 08:30:00,0.004027911222585211
2018-11-05 09:00:00,0.004225218937241139
2018-11-05 09:30:00,0.0044112256823447184
2018-11-05 10:00:00,0.004558376105615226
2018-11-05 10:30:00,0.004644912608906142
2018-11-05 11:00:00,0.004686854629650256
2018-11-05 11:30:00,0.004681050775005163
2018-11-05 12:00:00,0.004642726458055992
2018-11-05 12:30:00,0.0045735779233359065
2018-11-05 13:00:00,0.0044698330888321355
2018-11-05 13:30:00,0.004331856876014511
2018-11-05 14:00:00,0.004149934851502649
2018-11-05 14:30:00,0.003960220054541963
2018-11-05 15:00:00,0.0037941195789896838
2018-11-05 15:30:00,0.0036356370281855665
2018-11-05 16:00:00,0.0034857345686576963
2018-11-05 16:30:00,0.0033478116470798645
2018-11-05 17:00:00,0.0033341609724844754
2018-11-05 17:30:00,0.003265024285864059
2018-11-05 18:00:00,0.003186517970772373
2018-11-05 18:30:00,0.0030925205930757266
2018-11-05 19:00:00,0.0029879760370529612
2018-11-05 19:30:00,0.0028968566888097403
2018-11-05 20:00:00,0.0028079163321394216
2018-11-05 20:30:00,0.00273687885740984
2018-11-05 21:00:00,0.002681695955066579
2018-11-05 21:30:00,0.0026383508672343263
2018-11-05 22:00:00,0.0026110938853955035
2018-11-05 22:30:00,0.0025951960044235814
2018-11-05 23:00:00,0.0025815188606693558
2018-11-05 23:30:00,0.00257235266659029
2018-11-06 00:00:00,0.0025701530038647717
2018-11-06 00:30:00,0.00256306849568898
2018-11-06 01:00:00,0.0025606952456989364
2018-11-06 01:30:00,0.002561844763454141
2018-11-06 02:00:00,0.002561348302869251
2018-11-06 02:30:00,0.0025708668140567974
2018-11-06 03:00:00,0.002580229182415929
2018-11-06 03:30:00,0.0026023524582939645
2018-11-06 04:00:00,0.002649080203790688
2018-11-06 04:30:00,0.0027283445955914643
2018-11-06 05:00:00,0.0028320789432665916
2018-11-06 05:30:00,0.002973054389076391
2018-11-06 06:00:00,0.0031713159513819117
2018-11-06 06:30:00,0.003367330811485353
2018-11-06 07:00:00,0.0034544574005572733
2018-11-06 07:30:00,0.0036440916808576492
2018-11-06 08:00:00,0.0038206752541629406
2018-11-06 08:30:00,0.004040490375213435
2018-11-06 09:00:00,0.004250454280354164
2018-11-06 09:30:00,0.004448448428529263
2018-11-06 10:00:00,0.004603993658964161
2018-11-06 10:30:00,0.004698426038379751
2018-11-06 11:00:00,0.004739351391337298
2018-11-06 11:30:00,0.0047314355499042445
2018-11-06 12:00:00,0.004698579710753341
2018-11-06 12:30:00,0.004631384297450749
2018-11-06 13:00:00,0.004523009780187891
2018-11-06 13:30:00,0.00438202954472078
2018-11-06 14:00:00,0.004196451347903131
2018-11-06 14:30:00,0.003995259221166074
2018-11-06 15:00:00,0.003815410765348776
2018-11-06 15:30:00,0.0036559490069200283
2018-11-06 16:00:00,0.0034976382787698466
2018-11-06 16:30:00,0.0033604141934027556
2018-11-06 17:00:00,0.0033485792022686896
2018-11-06 17:30:00,0.00326540468548963
2018-11-06 18:00:00,0.00318299767348195
2018-11-06 18:30:00,0.003095404218865591
2018-11-06 19:00:00,0.002990951573845797
2018-11-06 19:30:00,0.0029002700002810165
2018-11-06 20:00:00,0.002810121439949044
2018-11-06 20:30:00,0.0027377862201747706
2018-11-06 21:00:00,0.0026801339217730814
2018-11-06 21:30:00,0.0026339686332972822
2018-11-06 22:00:00,0.002606318798723874
2018-11-06 22:30:00,0.0025923306801663984
2018-11-06 23:00:00,0.002579261520386296
2018-11-06 23:30:00,0.002565826934961907
2018-11-07 00:00:00,0.002560338340602924
2018-11-07 00:30:00,0.0025542196290112853
2018-11-07 01:00:00,0.0025506257726680185
2018-11-07 01:30:00,0.0025504482024253064
2018-11-07 02:00:00,0.0025488009636490767
2018-11-07 02:30:00,0.002557721876856253
2018-11-07 03:00:00,0.0025671863405423274
2018-11-07 03:30:00,0.0025864276544061964
2018-11-07 04:00:00,0.002630914041950053
2018-11-07 04:30:00,0.002710947350210681
2018-11-07 05:00:00,0.002811890588108259
2018-11-07 05:30:00,0.0029508543778464513
2018-11-07 06:00:00,0.0031495200359768823
2018-11-07 06:30:00,0.003359025696956337
2018-11-07 07:00:00,0.003429105341058139
2018-11-07 07:30:00,0.00361912052515854
2018-11-07 08:00:00,0.0037887063082941335
2018-11-07 08:30:00,0.004004724390696384
2018-11-07 09:00:00,0.004206475798155304
2018-11-07 09:30:00,0.004390062757966732
2018-11-07 10:00:00,0.004544564952291118
2018-11-07 10:30:00,0.004644894509043243
2018-11-07 11:00:00,0.004690552799688063
2018-11-07 11:30:00,0.004689198183764956
2018-11-07 12:00:00,0.0046642471950440086
2018-11-07 12:30:00,0.004607022486996788
2018-11-07 13:00:00,0.004506649016649718
2018-11-07 13:30:00,0.004372774363850576
2018-11-07 14:00:00,0.004193349061652551
2018-11-07 14:30:00,0.003999195613633414
2018-11-07 15:00:00,0.003824289176649477
2018-11-07 15:30:00,0.0036587193447100708
2018-11-07 16:00:00,0.003502238416905926
2018-11-07 16:30:00,0.0033712229878530733
2018-11-07 17:00:00,0.0033730043370340766
2018-11-07 17:30:00,0.003276978312586722
2018-11-07 18:00:00,0.0031890971760268902
2018-11-07 18:30:00,0.003099484653974449
2018-11-07 19:00:00,0.002989726429922487
2018-11-07 19:30:00,0.00289648889354552
2018-11-07 20:00:00,0.002810772782926214
2018-11-07 20:30:00,0.002737284566593004
2018-11-07 21:00:00,0.002680131098396139
2018-11-07 21:30:00,0.002634183462032147
2018-11-07 22:00:00,0.0026030055658817237
2018-11-07 22:30:00,0.0025881454776059912
2018-11-07 23:00:00,0.0025759938649147908
2018-11-07 23:30:00,0.0025679127046782583
2018-11-08 00:00:00,0.002565247033504874
2018-11-08 00:30:00,0.002555890866491527
2018-11-08 01:00:00,0.002553178458346253
2018-11-08 01:30:00,0.002551040153651791
2018-11-08 02:00:00,0.0025553639033521675
2018-11-08 02:30:00,0.0025636293393516505
2018-11-08 03:00:00,0.0025716926518125106
2018-11-08 03:30:00,0.0025998858856124793
2018-11-08 04:00:00,0.0026415011004754857
2018-11-08 04:30:00,0.002719956040190305
2018-11-08 05:00:00,0.002819749256158225
2018-11-08 05:30:00,0.0029572465536619593
2018-11-08 06:00:00,0.0031713955605282046
2018-11-08 06:30:00,0.0033957789558892834
2018-11-08 07:00:00,0.0034544449978657042
2018-11-08 07:30:00,0.0036450787031863177
2018-11-08 08:00:00,0.003812149714562619
2018-11-08 08:30:00,0.004025626253542069
2018-11-08 09:00:00,0.004235313770247096
2018-11-08 09:30:00,0.004436170822641999
2018-11-08 10:00:00,0.004592409494620979
2018-11-08 10:30:00,0.004692717170201799
2018-11-08 11:00:00,0.004740197345653727
2018-11-08 11:30:00,0.004738014270267746
2018-11-08 12:00:00,0.004708126405292869
2018-11-08 12:30:00,0.0046420783922127735
2018-11-08 13:00:00,0.0045342893727433895
2018-11-08 13:30:00,0.004396913228360961
2018-11-08 14:00:00,0.0042147892315628115
2018-11-08 14:30:00,0.004023205157396338
2018-11-08 15:00:00,0.003851663984058208
2018-11-08 15:30:00,0.003687885332701659
2018-11-08 16:00:00,0.0035266731814033846
2018-11-08 16:30:00,0.00339233478894142
2018-11-08 17:00:00,0.0033950339372985526
2018-11-08 17:30:00,0.0032947098256305317
2018-11-08 18:00:00,0.0032103057281929657
2018-11-08 18:30:00,0.0031177869429176745
2018-11-08 19:00:00,0.0030075157213587302
2018-11-08 19:30:00,0.002913508209755558
2018-11-08 20:00:00,0.0028256051416069745
2018-11-08 20:30:00,0.0027542117197128426
2018-11-08 21:00:00,0.0026983209060186687
2018-11-08 21:30:00,0.0026517776883721225
2018-11-08 22:00:00,0.0026216999512978538
2018-11-08 22:30:00,0.0026060066643193796
2018-11-08 23:00:00,0.0025897266695287424
2018-11-08 23:30:00,0.002577500035678781
2018-11-09 00:00:00,0.0025709588763121044
2018-11-09 00:30:00,0.0025601827019489628
2018-11-09 01:00:00,0.0025539871541705285
2018-11-09 01:30:00,0.0025516869590588758
2018-11-09 02:00:00,0.0025530872531875177
2018-11-09 02:30:00,0.0025586414406429713
2018-11-09 03:00:00,0.0025668392164307227
2018-11-09 03:30:00,0.002590676937539711
2018-11-09 04:00:00,0.0026379649721072064
2018-11-09 04:30:00,0.002714966225618701
2018-11-09 05:00:00,0.002816494507552744
2018-11-09 05:30:00,0.0029561546630468513
2018-11-09 06:00:00,0.0031618164979887275
2018-11-09 06:30:00,0.0033970674745414657
2018-11-09 07:00:00,0.0034767897575813988
2018-11-09 07:30:00,0.0036714445062601842
2018-11-09 08:00:00,0.003850637888209352
2018-11-09 08:30:00,0.004084117599070167
2018-11-09 09:00:00,0.004302267583151314
2018-11-09 09:30:00,0.004500236724273493
2018-11-09 10:00:00,0.004656711652401635
2018-11-09 10:30:00,0.004754684496085808
2018-11-09 11:00:00,0.004799840427304626
2018-11-09 11:30:00,0.004794534293680559
2018-11-09 12:00:00,0.004764099096918378
2018-11-09 12:30:00,0.004705296423664913
2018-11-09 13:00:00,0.0046057741006311475
2018-11-09 13:30:00,0.004468045134965784
2018-11-09 14:00:00,0.004281733969326856
2018-11-09 14:30:00,0.00407645560947472
2018-11-09 15:00:00,0.003891159800768779
2018-11-09 15:30:00,0.0037203003721273976
2018-11-09 16:00:00,0.0035521903580362163
2018-11-09 16:30:00,0.0034047073812958246
2018-11-09 17:00:00,0.003394070409499443
2018-11-09 17:30:00,0.0032961390593728365
2018-11-09 18:00:00,0.0032101798862492386
2018-11-09 18:30:00,0.0031202887573934966
2018-11-09 19:00:00,0.003012212862659766
2018-11-09 19:30:00,0.0029140170226145713
2018-11-09 20:00:00,0.0028240258655471487
2018-11-09 20:30:00,0.002748547168469401
2018-11-09 21:00:00,0.0026898264235647165
2018-11-09 21:30:00,0.002644296344483558
2018-11-09 22:00:00,0.0026142862676210212
2018-11-09 22:30:00,0.0026012585005635953
2018-11-09 23:00:00,0.0025901867791354965
2018-11-09 23:30:00,0.0025778262869679885
2018-11-10 00:00:00,0.0026295261000955344
2018-11-10 00:30:00,0.002617401561572516
2018-11-10 01:00:00,0.0026321452863842573
2018-11-10 01:30:00,0.002643182270192472
2018-11-10 02:00:00,0.002630477376455412
2018-11-10 02:30:00,0.0026274037273138202
2018-11-10 03:00:00,0.0026390462750587795
2018-11-10 03:30:00,0.0026477129835062304
2018-11-10 04:00:00,0.002671579694646326
2018-11-10 04:30:00,0.002702331311295861
2018-11-10 05:00:00,0.0026999253403837513
2018-11-10 05:30:00,0.0027094505570915365
2018-11-10 06:00:00,0.0027440146401276075
2018-11-10 06:30:00,0.0027681704448996483
2018-11-10 07:00:00,0.0026334547282762816
2018-11-10 07:30:00,0.002625431951441527
2018-11-10 08:00:00,0.0026222069491288334
2018-11-10 08:30:00,0.002654681229052922
2018-11-10 09:00:00,0.0027064634747037027
2018-11-10 09:30:00,0.0027775208139067735
2018-11-10 10:00:00,0.0028310539061840887
2018-11-10 10:30:00,0.0028703407425834625
2018-11-10 11:00:00,0.0028911989439214278
2018-11-10 11:30:00,0.002920215746692066
2018-11-10 12:00:00,0.00292275023167251
2018-11-10 12:30:00,0.002919403370394276
2018-11-10 13:00:00,0.0029291055523354287
2018-11-10 13:30:00,0.0029474646617396235
2018-11-10 14:00:00,0.002962000918763528
2018-11-10 14:30:00,0.0029708147957341127
2018-11-10 15:00:00,0.002967229611191456
2018-11-10 15:30:00,0.002951403423826897
2018-11-10 16:00:00,0.0029142433969444343
2018-11-10 16:30:00,0.0029095156018365924
2018-11-10 17:00:00,0.003015339550953922
2018-11-10 17:30:00,0.003022243211753051
2018-11-10 18:00:00,0.003016588895251026
2018-11-10 18:30:00,0.002996623233949042
2018-11-10 19:00:00,0.002954225237828697
2018-11-10 19:30:00,0.0029011266935133158
2018-11-10 20:00:00,0.0028489110090843994
2018-11-10 20:30:00,0.002820349727932983
2018-11-10 21:00:00,0.0027747223431821956
2018-11-10 21:30:00,0.0027349694479175115
2018-11-10 22:00:00,0.002698367189233549
2018-11-10 22:30:00,0.002665557834967308
2018-11-10 23:00:00,0.0026463579138261153
2018-11-10 23:30:00,0.0026283525836363177
2018-11-11 00:00:00,0.002491871752249368
2018-11-11 00:30:00,0.0023659223185281252
2018-11-11 01:00:00,0.00234873097799437
2018-11-11 01:30:00,0.0023369326403431135
2018-11-11 02:00:00,0.0023546778669320733
2018-11-11 02:30:00,0.002371941052325528
2018-11-11 03:00:00,0.002388104582817283
2018-11-11 03:30:00,0.002398302771586317
2018-11-11 04:00:00,0.0024094119531763505
2018-11-11 04:30:00,0.0024300093450692426
2018-11-11 05:00:00,0.002474015708115411
2018-11-11 05:30:00,0.002502093183460733
2018-11-11 06:00:00,0.0024936828477231596
2018-11-11 06:30:00,0.0024613794325215447
2018-11-11 07:00:00,0.0022756335976979293
2018-11-11 07:30:00,0.0022068422705785284
2018-11-11 08:00:00,0.002215063440060947
2018-11-11 08:30:00,0.002240736204930294
2018-11-11 09:00:00,0.0022329191816902313
2018-11-11 09:30:00,0.0022202931408377823
2018-11-11 10:00:00,0.0021976407338702353
2018-11-11 10:30:00,0.002153044285043062
2018-11-11 11:00:00,0.002113015354264792
2018-11-11 11:30:00,0.0020976275465880187
2018-11-11 12:00:00,0.0020844747442659915
2018-11-11 12:30:00,0.0020864120850230742
2018-11-11 13:00:00,0.002085149733025056
2018-11-11 13:30:00,0.0020906477554463302
2018-11-11 14:00:00,0.002093598991030481
2018-11-11 14:30:00,0.0020998749042168887
2018-11-11 15:00:00,0.0021052204138658163
2018-11-11 15:30:00,0.00209611719117606
2018-11-11 16:00:00,0.002068746417162962
2018-11-11 16:30:00,0.0020786000531101065
2018-11-11 17:00:00,0.002193060611459981
2018-11-11 17:30:00,0.0022047961289742646
2018-11-11 18:00:00,0.00222122762818834
2018-11-11 18:30:00,0.0022201497032056086
2018-11-11 19:00:00,0.00220463570066299
2018-11-11 19:30:00,0.0021970023481765336
2018-11-11 20:00:00,0.0021956472280789726
2018-11-11 20:30:00,0.0021959732776983985
2018-11-11 21:00:00,0.0022023200273955977
2018-11-11 21:30:00,0.0022161740355483
2018-11-11 22:00:00,0.002234626467643937
2018-11-11 22:30:00,0.0022508151564409485
2018-11-11 23:00:00,0.0022678540346198024
2018-11-11 23:30:00,0.002287665216869069
2018-11-12 00:00:00,0.002436538958840922
2018-11-12 00:30:00,0.002558523262150945
2018-11-12 01:00:00,0.0025904680076459584
2018-11-12 01:30:00,0.002621676355933405
2018-11-12 02:00:00,0.0026289949018907612
2018-11-12 02:30:00,0.0026407349065576857
2018-11-12 03:00:00,0.002655981444552438
2018-11-12 03:30:00,0.0026832880371575373
2018-11-12 04:00:00,0.00272978149278547
2018-11-12 04:30:00,0.0028214149477194727
2018-11-12 05:00:00,0.0029284402437258815
2018-11-12 05:30:00,0.003069706245273542
2018-11-12 06:00:00,0.0032790937277609707
2018-11-12 06:30:00,0.003538321224649894
2018-11-12 07:00:00,0.003576251226758562
2018-11-12 07:30:00,0.0037434909853246295
2018-11-12 08:00:00,0.0038952188084633403
2018-11-12 08:30:00,0.004069814774818481
2018-11-12 09:00:00,0.00424428691592771
2018-11-12 09:30:00,0.004408488418398861
2018-11-12 10:00:00,0.004542327930238556
2018-11-12 10:30:00,0.004624048861649183
2018-11-12 11:00:00,0.004649843334231733
2018-11-12 11:30:00,0.004627598098553266
2018-11-12 12:00:00,0.004581009807710529
2018-11-12 12:30:00,0.004509043240297049
2018-11-12 13:00:00,0.004399870917378123
2018-11-12 13:30:00,0.0042608013014220295
2018-11-12 14:00:00,0.004080942106688861
2018-11-12 14:30:00,0.0038962701130348986
2018-11-12 15:00:00,0.0037315592431128347
2018-11-12 15:30:00,0.0035795472672518285
2018-11-12 16:00:00,0.0034408369260116815
2018-11-12 16:30:00,0.0033413001331710854
2018-11-12 17:00:00,0.003352703097215486
2018-11-12 17:30:00,0.0032671734807267275
2018-11-12 18:00:00,0.0031890384397029944
2018-11-12 18:30:00,0.00310515273443907
2018-11-12 19:00:00,0.003003780444081106
2018-11-12 19:30:00,0.0029111512446003797
2018-11-12 20:00:00,0.0028231510724519493
2018-11-12 20:30:00,0.002758122449700472
2018-11-12 21:00:00,0.002705577791440296
2018-11-12 21:30:00,0.0026624940172275706
2018-11-12 22:00:00,0.0026364126189632265
2018-11-12 22:30:00,0.002622615128766822
2018-11-12 23:00:00,0.0026122106318111956
2018-11-12 23:30:00,0.002603318204460672
2018-11-13 00:00:00,0.002603374218242516
2018-11-13 00:30:00,0.0025957114219679433
2018-11-13 01:00:00,0.002591316180329985
2018-11-13 01:30:00,0.0025898250339647247
2018-11-13 02:00:00,0.002590889346237197
2018-11-13 02:30:00,0.0026039754966964007
2018-11-13 03:00:00,0.002616672222807306
2018-11-13 03:30:00,0.00264211170615677
2018-11-13 04:00:00,0.002689226304712076
2018-11-13 04:30:00,0.002766758706010899
2018-11-13 05:00:00,0.0028747522690562854
2018-11-13 05:30:00,0.003010490148967767
2018-11-13 06:00:00,0.003205551917683296
2018-11-13 06:30:00,0.0034702059450559103
2018-11-13 07:00:00,0.0035010124663034897
2018-11-13 07:30:00,0.003679285124864695
2018-11-13 08:00:00,0.00382995876963746
2018-11-13 08:30:00,0.004013379099791829
2018-11-13 09:00:00,0.004193529102350086
2018-11-13 09:30:00,0.004364221397159956
2018-11-13 10:00:00,0.004503295046511681
2018-11-13 10:30:00,0.0045888364606826645
2018-11-13 11:00:00,0.004622061859708377
2018-11-13 11:30:00,0.004609353436750138
2018-11-13 12:00:00,0.004573257974227374
2018-11-13 12:30:00,0.004508691276110685
2018-11-13 13:00:00,0.004408678895507596
2018-11-13 13:30:00,0.004281457681726044
2018-11-13 14:00:00,0.004113802029652841
2018-11-13 14:30:00,0.0039347721010616725
2018-11-13 15:00:00,0.003768418025759011
2018-11-13 15:30:00,0.003614835798560906
2018-11-13 16:00:00,0.0034691091639485984
2018-11-13 16:30:00,0.003358147576309741
2018-11-13 17:00:00,0.0033625131220723567
2018-11-13 17:30:00,0.0032715498158226598
2018-11-13 18:00:00,0.0031912047764971006
2018-11-13 18:30:00,0.003104921772121675
2018-11-13 19:00:00,0.0030030189894031736
2018-11-13 19:30:00,0.0029150673692546667
2018-11-13 20:00:00,0.0028278386344383587
2018-11-13 20:30:00,0.0027554517871999926
2018-11-13 21:00:00,0.0026997585594743553
2018-11-13 21:30:00,0.0026582619264429383
2018-11-13 22:00:00,0.0026323955585832413
2018-11-13 22:30:00,0.0026148963187104055
2018-11-13 23:00:00,0.00260079138293193
2018-11-13 23:30:00,0.0025939414671296013
2018-11-14 00:00:00,0.002588740605131537
2018-11-14 00:30:00,0.0025829589341624217
2018-11-14 01:00:00,0.002578722809982157
2018-11-14 01:30:00,0.002573723315261035
2018-11-14 02:00:00,0.0025774275353922906
2018-11-14 02:30:00,0.002584215841076336
2018-11-14 03:00:00,0.0025982478228113127
2018-11-14 03:30:00,0.0026237448828834277
2018-11-14 04:00:00,0.0026736923872785227
2018-11-14 04:30:00,0.002753055798942072
2018-11-14 05:00:00,0.002861288038174
2018-11-14 05:30:00,0.0029984888810987605
2018-11-14 06:00:00,0.0032088933338774266
2018-11-14 06:30:00,0.0034885338460614005
2018-11-14 07:00:00,0.0035185248147121297
2018-11-14 07:30:00,0.003701435424493467
2018-11-14 08:00:00,0.0038506810959600627
2018-11-14 08:30:00,0.00403729027911877
2018-11-14 09:00:00,0.00422468572233855
2018-11-14 09:30:00,0.0044034309940329695
2018-11-14 10:00:00,0.004555617515089963
2018-11-14 10:30:00,0.004647362695082981
2018-11-14 11:00:00,0.004688059505760513
2018-11-14 11:30:00,0.00468666153083436
2018-11-14 12:00:00,0.004659773655113338
2018-11-14 12:30:00,0.004595613220771712
2018-11-14 13:00:00,0.004485593733517668
2018-11-14 13:30:00,0.004346715350931991
2018-11-14 14:00:00,0.00416744992245334
2018-11-14 14:30:00,0.003977477946103651
2018-11-14 15:00:00,0.003802233359313392
2018-11-14 15:30:00,0.0036356389440484914
2018-11-14 16:00:00,0.0034783338926817776
2018-11-14 16:30:00,0.003371327604052286
2018-11-14 17:00:00,0.0033675258765816203
2018-11-14 17:30:00,0.0032849888379822443
2018-11-14 18:00:00,0.003198884966790338
2018-11-14 18:30:00,0.0031100863335590486
2018-11-14 19:00:00,0.0030114350223120778
2018-11-14 19:30:00,0.0029210611968340404
2018-11-14 20:00:00,0.0028330510924488663
2018-11-14 20:30:00,0.0027633288576175306
2018-11-14 21:00:00,0.002706933415712311
2018-11-14 21:30:00,0.002662087703035062
2018-11-14 22:00:00,0.0026354830221048727
2018-11-14 22:30:00,0.002618935058591915
2018-11-14 23:00:00,0.002606303421403026
2018-11-14 23:30:00,0.0025921311783349355
2018-11-15 00:00:00,0.0025876270854323508
2018-11-15 00:30:00,0.002580942891773064
2018-11-15 01:00:00,0.0025767486140724845
2018-11-15 01:30:00,0.002580178764970525
2018-11-15 02:00:00,0.0025775163205136466
2018-11-15 02:30:00,0.0025901857707865883
2018-11-15 03:00:00,0.0026049757283957645
2018-11-15 03:30:00,0.002625948377334797
2018-11-15 04:00:00,0.00267981901440909
2018-11-15 04:30:00,0.0027567180213413063
2018-11-15 05:00:00,0.002862838072115491
2018-11-15 05:30:00,0.0030017684855048257
2018-11-15 06:00:00,0.003211896449012898
2018-11-15 06:30:00,0.003490952572587198
2018-11-15 07:00:00,0.0035242791594258358
2018-11-15 07:30:00,0.0037266931025348054
2018-11-15 08:00:00,0.0038859705347831573
2018-11-15 08:30:00,0.004084601001536698
2018-11-15 09:00:00,0.004282419293662229
2018-11-15 09:30:00,0.004470576141142494
2018-11-15 10:00:00,0.0046188482517383455
2018-11-15 10:30:00,0.004709595821739159
2018-11-15 11:00:00,0.0047500924751584395
2018-11-15 11:30:00,0.00473991858759809
2018-11-15 12:00:00,0.004703042713437923
2018-11-15 12:30:00,0.004636440562215394
2018-11-15 13:00:00,0.004526127695846547
2018-11-15 13:30:00,0.00438563146785531
2018-11-15 14:00:00,0.00420241013535795
2018-11-15 14:30:00,0.004008021036198996
2018-11-15 15:00:00,0.003825323793046607
2018-11-15 15:30:00,0.0036548204124046664
2018-11-15 16:00:00,0.0034937633955858995
2018-11-15 16:30:00,0.0033808457119002696
2018-11-15 17:00:00,0.0033706565478539632
2018-11-15 17:30:00,0.003285867916560303
2018-11-15 18:00:00,0.0031989439047840143
2018-11-15 18:30:00,0.0031073651527782744
2018-11-15 19:00:00,0.003003592487844641
2018-11-15 19:30:00,0.002915106089852737
2018-11-15 20:00:00,0.0028303110051260652
2018-11-15 20:30:00,0.0027577060520188827
2018-11-15 21:00:00,0.002703882404003706
2018-11-15 21:30:00,0.0026602525584398127
2018-11-15 22:00:00,0.0026287901062275313
2018-11-15 22:30:00,0.0026154631620490796
2018-11-15 23:00:00,0.0026024468901692057
2018-11-15 23:30:00,0.002588212381556042
2018-11-16 00:00:00,0.002584099578447235
2018-11-16 00:30:00,0.0025781711927119954
2018-11-16 01:00:00,0.0025757021999931306
2018-11-16 01:30:00,0.0025759783867590523
2018-11-16 02:00:00,0.002577471448987237
2018-11-16 02:30:00,0.0025835237103858343
2018-11-16 03:00:00,0.002593369481211496
2018-11-16 03:30:00,0.0026197611988523
2018-11-16 04:00:00,0.002670088296193839
2018-11-16 04:30:00,0.0027491428505868453
2018-11-16 05:00:00,0.002856024154369181
2018-11-16 05:30:00,0.0029978606797290298
2018-11-16 06:00:00,0.0032056079314651403
2018-11-16 06:30:00,0.0034916075456204376
2018-11-16 07:00:00,0.0035277629040683404
2018-11-16 07:30:00,0.0037300630045855893
2018-11-16 08:00:00,0.0038872249208248017
2018-11-16 08:30:00,0.004076904526408595
2018-11-16 09:00:00,0.0042554315913993085
2018-11-16 09:30:00,0.00442161848245301
2018-11-16 10:00:00,0.004556391876633919
2018-11-16 10:30:00,0.004639475188254244
2018-11-16 11:00:00,0.004669908267483718
2018-11-16 11:30:00,0.004649780967851769
2018-11-16 12:00:00,0.004600381450670767
2018-11-16 12:30:00,0.004515454070567356
2018-11-16 13:00:00,0.004399427899285361
2018-11-16 13:30:00,0.004260797167191506
2018-11-16 14:00:00,0.004077657914295263
2018-11-16 14:30:00,0.003892374508280891
2018-11-16 15:00:00,0.0037311033181540495
2018-11-16 15:30:00,0.0035754596728657232
2018-11-16 16:00:00,0.0034288069706162405
2018-11-16 16:30:00,0.0033332672728472496
2018-11-16 17:00:00,0.0033376256593326175
2018-11-16 17:30:00,0.0032577583253022586
2018-11-16 18:00:00,0.003179885606246961
2018-11-16 18:30:00,0.0030906356864618635
2018-11-16 19:00:00,0.002993845131872407
2018-11-16 19:30:00,0.00290916429307702
2018-11-16 20:00:00,0.0028269594046079634
2018-11-16 20:30:00,0.002758440432528633
2018-11-16 21:00:00,0.0027087113869244724
2018-11-16 21:30:00,0.002667760976496559
2018-11-16 22:00:00,0.002641506343889808
2018-11-16 22:30:00,0.0026303606096518568
2018-11-16 23:00:00,0.002619296400423123
2018-11-16 23:30:00,0.002610012078269477
2018-11-17 00:00:00,0.0026702777649536664
2018-11-17 00:30:00,0.002663431529624852
2018-11-17 01:00:00,0.00267281653541697
2018-11-17 01:30:00,0.0026833027590515953
2018-11-17 02:00:00,0.002672238448987971
2018-11-17 02:30:00,0.0026813370836901956
2018-11-17 03:00:00,0.0026965098105448766
2018-11-17 03:30:00,0.0027014328724187667
2018-11-17 04:00:00,0.0027319929531932127
2018-11-17 04:30:00,0.0027665623300610516
2018-11-17 05:00:00,0.0027653094061253244
2018-11-17 05:30:00,0.0027833536585829734
2018-11-17 06:00:00,0.0028233690774858745
2018-11-17 06:30:00,0.002905355103824434
2018-11-17 07:00:00,0.002742835729001733
2018-11-17 07:30:00,0.002723533258776589
2018-11-17 08:00:00,0.0027125995298965602
2018-11-17 08:30:00,0.0027204817933109754
2018-11-17 09:00:00,0.002754272422317109
2018-11-17 09:30:00,0.002789968780342057
2018-11-17 10:00:00,0.002815418851355056
2018-11-17 10:30:00,0.002843406482812669
2018-11-17 11:00:00,0.0028522520219389663
2018-11-17 11:30:00,0.002866475337879251
2018-11-17 12:00:00,0.002857127590579286
2018-11-17 12:30:00,0.002852727660118905
2018-11-17 13:00:00,0.0028575667265287523
2018-11-17 13:30:00,0.0028635678142202646
2018-11-17 14:00:00,0.002870785726956595
2018-11-17 14:30:00,0.0028828864180279377
2018-11-17 15:00:00,0.002888172031751725
2018-11-17 15:30:00,0.002886824070931412
2018-11-17 16:00:00,0.0028676959442324743
2018-11-17 16:30:00,0.002890163520845172
2018-11-17 17:00:00,0.003008374229619064
2018-11-17 17:30:00,0.0030336774346136023
2018-11-17 18:00:00,0.0030389259410975727
2018-11-17 18:30:00,0.0030258420594234127
2018-11-17 19:00:00,0.0029908254293973978
2018-11-17 19:30:00,0.002952709941507089
2018-11-17 20:00:00,0.0029080077168794592
2018-11-17 20:30:00,0.002877446476503769
2018-11-17 21:00:00,0.002825301326080972
2018-11-17 21:30:00,0.00277985761208379
2018-11-17 22:00:00,0.0027561999820897836
2018-11-17 22:30:00,0.0027192200967397478
2018-11-17 23:00:00,0.00269857526203073
2018-11-17 23:30:00,0.0026806777747566514
2018-11-18 00:00:00,0.002539279830754369
2018-11-18 00:30:00,0.0024148103003080613
2018-11-18 01:00:00,0.00240031261262989
2018-11-18 01:30:00,0.0023872372010865575
2018-11-18 02:00:00,0.00240187494842806
2018-11-18 02:30:00,0.0024169422019869567
2018-11-18 03:00:00,0.0024347333588686793
2018-11-18 03:30:00,0.0024442894310530514
2018-11-18 04:00:00,0.002463059493054732
2018-11-18 04:30:00,0.0024841532951150698
2018-11-18 05:00:00,0.002523748535027977
2018-11-18 05:30:00,0.0025620837925628
2018-11-18 06:00:00,0.002548990684496131
2018-11-18 06:30:00,0.002567076380093902
2018-11-18 07:00:00,0.002358417933867011
2018-11-18 07:30:00,0.0022811675677577763
2018-11-18 08:00:00,0.0022741184526286575
2018-11-18 08:30:00,0.0022870073700414417
2018-11-18 09:00:00,0.0022708505954873717
2018-11-18 09:30:00,0.002249083065104104
2018-11-18 10:00:00,0.002224363996632014
2018-11-18 10:30:00,0.002182811400236198
2018-11-18 11:00:00,0.002141839511976543
2018-11-18 11:30:00,0.0021261796517643714
2018-11-18 12:00:00,0.0021198629004471866
2018-11-18 12:30:00,0.002125195755317318
2018-11-18 13:00:00,0.0021266771206981698
2018-11-18 13:30:00,0.002130848508878536
2018-11-18 14:00:00,0.0021304396233963116
2018-11-18 14:30:00,0.002128296982801545
2018-11-18 15:00:00,0.0021210046539157992
2018-11-18 15:30:00,0.002105521960606776
2018-11-18 16:00:00,0.002076144421014274
2018-11-18 16:30:00,0.002100541069923008
2018-11-18 17:00:00,0.0022025556281179692
2018-11-18 17:30:00,0.0022298873790283255
2018-11-18 18:00:00,0.0022498655438567697
2018-11-18 18:30:00,0.0022345897637436832
2018-11-18 19:00:00,0.0022207678715037036
2018-11-18 19:30:00,0.002213171323752391
2018-11-18 20:00:00,0.002207378560945288
2018-11-18 20:30:00,0.0022145083439870524
2018-11-18 21:00:00,0.0022264876802673083
2018-11-18 21:30:00,0.0022388610793008393
2018-11-18 22:00:00,0.0022580043312333984
2018-11-18 22:30:00,0.002277814908473321
2018-11-18 23:00:00,0.0023002637297963283
2018-11-18 23:30:00,0.0023238662535225085
2018-11-19 00:00:00,0.0024827052052481847
2018-11-19 00:30:00,0.0025991825622490973
2018-11-19 01:00:00,0.002631564477413206
2018-11-19 01:30:00,0.0026687663507753544
2018-11-19 02:00:00,0.0026719407339728623
2018-11-19 02:30:00,0.0026837393741287914
2018-11-19 03:00:00,0.0026979859325114066
2018-11-19 03:30:00,0.002721942487539211
2018-11-19 04:00:00,0.0027725589810173677
2018-11-19 04:30:00,0.0028672835295290716
2018-11-19 05:00:00,0.0029814720353435477
2018-11-19 05:30:00,0.0031270229651586237
2018-11-19 06:00:00,0.003345611429762446
2018-11-19 06:30:00,0.003629172452918458
2018-11-19 07:00:00,0.003642523446218367
2018-11-19 07:30:00,0.0038095960709529217
2018-11-19 08:00:00,0.003933304802148088
2018-11-19 08:30:00,0.004093241442495094
2018-11-19 09:00:00,0.0042518700022211
2018-11-19 09:30:00,0.004399397648818118
2018-11-19 10:00:00,0.0045153425471781234
2018-11-19 10:30:00,0.004577592059504058
2018-11-19 11:00:00,0.004594141938879942
2018-11-19 11:30:00,0.004574232795534255
2018-11-19 12:00:00,0.004533068363050603
2018-11-19 12:30:00,0.004461636623897964
2018-11-19 13:00:00,0.004350469433916751
2018-11-19 13:30:00,0.004216428857304785
2018-11-19 14:00:00,0.004044497553774121
2018-11-19 14:30:00,0.003861838022870894
2018-11-19 15:00:00,0.0036949942933384716
2018-11-19 15:30:00,0.003539588920897124
2018-11-19 16:00:00,0.0034041025232033166
2018-11-19 16:30:00,0.0033257820468153886
2018-11-19 17:00:00,0.0033394324693235503
2018-11-19 17:30:00,0.0032781330737562484
2018-11-19 18:00:00,0.003210575209438649
2018-11-19 18:30:00,0.0031169179478286956
2018-11-19 19:00:00,0.0030235056141685143
2018-11-19 19:30:00,0.0029296675051818984
2018-11-19 20:00:00,0.00284660814184814
2018-11-19 20:30:00,0.0027810900665366832
2018-11-19 21:00:00,0.0027293493144434694
2018-11-19 21:30:00,0.002690594432510551
2018-11-19 22:00:00,0.002668126755062963
2018-11-19 22:30:00,0.00265115730170643
2018-11-19 23:00:00,0.0026377825113722904
2018-11-19 23:30:00,0.0026285423549008173
2018-11-20 00:00:00,0.0026264256288729883
2018-11-20 00:30:00,0.002620695837455194
2018-11-20 01:00:00,0.0026200584096929547
2018-11-20 01:30:00,0.0026195213126470693
2018-11-20 02:00:00,0.0026212162967440963
2018-11-20 02:30:00,0.0026293530170054635
2018-11-20 03:00:00,0.002639450270048799
2018-11-20 03:30:00,0.0026644261649877766
2018-11-20 04:00:00,0.002716275768345617
2018-11-20 04:30:00,0.002795034019411985
2018-11-20 05:00:00,0.0028962564691222092
2018-11-20 05:30:00,0.003027441452043955
2018-11-20 06:00:00,0.0032347525928773223
2018-11-20 06:30:00,0.0035348147417395112
2018-11-20 07:00:00,0.0035796054489838245
2018-11-20 07:30:00,0.003734239737015168
2018-11-20 08:00:00,0.0038663128232376996
2018-11-20 08:30:00,0.004040337358266635
2018-11-20 09:00:00,0.004212606156176831
2018-11-20 09:30:00,0.00437393386425997
2018-11-20 10:00:00,0.00450580886033951
2018-11-20 10:30:00,0.00457722512133641
2018-11-20 11:00:00,0.004596130957518563
2018-11-20 11:30:00,0.0045729753844458865
2018-11-20 12:00:00,0.004535001872081834
2018-11-20 12:30:00,0.0044689570353008
2018-11-20 13:00:00,0.0043580194967834
2018-11-20 13:30:00,0.00422076304341636
2018-11-20 14:00:00,0.004042917924792177
2018-11-20 14:30:00,0.0038593682234729027
2018-11-20 15:00:00,0.003691600090079004
2018-11-20 15:30:00,0.0035341205943511932
2018-11-20 16:00:00,0.003396061394418435
2018-11-20 16:30:00,0.0033169078201626557
2018-11-20 17:00:00,0.00331942354985341
2018-11-20 17:30:00,0.003252294385074078
2018-11-20 18:00:00,0.003181970569284186
2018-11-20 18:30:00,0.0030898669716717935
2018-11-20 19:00:00,0.0029975935681032812
2018-11-20 19:30:00,0.0029118752895338227
2018-11-20 20:00:00,0.0028275282142270083
2018-11-20 20:30:00,0.002763859501230405
2018-11-20 21:00:00,0.0027154153442223573
2018-11-20 21:30:00,0.0026785469318441092
2018-11-20 22:00:00,0.0026581984004617294
2018-11-20 22:30:00,0.0026448396932926737
2018-11-20 23:00:00,0.002634915271252182
2018-11-20 23:30:00,0.002629891122400257
2018-11-21 00:00:00,0.0026300173676835482
2018-11-21 00:30:00,0.0026270053286602405
2018-11-21 01:00:00,0.002624283946209684
2018-11-21 01:30:00,0.0026233596431830984
2018-11-21 02:00:00,0.002627512124821438
2018-11-21 02:30:00,0.0026372953780147996
2018-11-21 03:00:00,0.002651401876734083
2018-11-21 03:30:00,0.0026795756494001266
2018-11-21 04:00:00,0.0027325172442079658
2018-11-21 04:30:00,0.0028202687575156656
2018-11-21 05:00:00,0.002929425299774179
2018-11-21 05:30:00,0.003066520114811255
2018-11-21 06:00:00,0.0032815219327665037
2018-11-21 06:30:00,0.0035782160954408344
2018-11-21 07:00:00,0.0036310455618500962
2018-11-21 07:30:00,0.0037811701606424142
2018-11-21 08:00:00,0.003915015823410449
2018-11-21 08:30:00,0.004083754089288806
2018-11-21 09:00:00,0.004253868751426684
2018-11-21 09:30:00,0.004409542798434588
2018-11-21 10:00:00,0.004531433022791488
2018-11-21 10:30:00,0.004596400842103808
2018-11-21 11:00:00,0.004610944510492188
2018-11-21 11:30:00,0.0045834518775135485
2018-11-21 12:00:00,0.004532316336434961
2018-11-21 12:30:00,0.004454162741791319
2018-11-21 13:00:00,0.004343160971448476
2018-11-21 13:30:00,0.004208231484856597
2018-11-21 14:00:00,0.0040342311502014555
2018-11-21 14:30:00,0.0038563013302689957
2018-11-21 15:00:00,0.003699738020359061
2018-11-21 15:30:00,0.0035591462513087837
2018-11-21 16:00:00,0.003438529672457672
2018-11-21 16:30:00,0.0034008114740371447
2018-11-21 17:00:00,0.003399139480295222
2018-11-21 17:30:00,0.0033513680432611962
2018-11-21 18:00:00,0.0032855591601246505
2018-11-21 18:30:00,0.003178119180629797
2018-11-21 19:00:00,0.0030817087231612386
2018-11-21 19:30:00,0.0029969195876931244
2018-11-21 20:00:00,0.0029138104623407527
2018-11-21 20:30:00,0.0028524296930165687
2018-11-21 21:00:00,0.002799323384414596
2018-11-21 21:30:00,0.0027666431492260335
2018-11-21 22:00:00,0.0027445999866687444
2018-11-21 22:30:00,0.002725738870760665
2018-11-21 23:00:00,0.0027157077654056993
2018-11-21 23:30:00,0.0027102279940996615
2018-11-22 00:00:00,0.0027114658936366583
2018-11-22 00:30:00,0.002709334395297326
2018-11-22 01:00:00,0.002704025135791643
2018-11-22 01:30:00,0.0027039907510938784
2018-11-22 02:00:00,0.0027123933729623047
2018-11-22 02:30:00,0.002729208649770793
2018-11-22 03:00:00,0.002744115827940533
2018-11-22 03:30:00,0.00277176556167905
2018-11-22 04:00:00,0.002825686616198747
2018-11-22 04:30:00,0.002916992458572517
2018-11-22 05:00:00,0.0030368391630323137
2018-11-22 05:30:00,0.003191654903449665
2018-11-22 06:00:00,0.0034075058016029575
2018-11-22 06:30:00,0.003682196076909969
2018-11-22 07:00:00,0.0037340932743362707
2018-11-22 07:30:00,0.0038840638478328804
2018-11-22 08:00:00,0.003996517388516124
2018-11-22 08:30:00,0.004146972019906055
2018-11-22 09:00:00,0.004292697494917119
2018-11-22 09:30:00,0.0044348310798652864
2018-11-22 10:00:00,0.004550014674799695
2018-11-22 10:30:00,0.004604422408919874
2018-11-22 11:00:00,0.004613550235322987
2018-11-22 11:30:00,0.004584512710982288
2018-11-22 12:00:00,0.004529557040065461
2018-11-22 12:30:00,0.004449060445899019
2018-11-22 13:00:00,0.004336183297839493
2018-11-22 13:30:00,0.004194320152068471
2018-11-22 14:00:00,0.004015192413633219
2018-11-22 14:30:00,0.003833716734765516
2018-11-22 15:00:00,0.0036761749230751865
2018-11-22 15:30:00,0.003536300291768331
2018-11-22 16:00:00,0.0034214745598613984
2018-11-22 16:30:00,0.0033937770303846385
2018-11-22 17:00:00,0.0033921603445803234
2018-11-22 17:30:00,0.0033394095293858917
2018-11-22 18:00:00,0.003279409088881971
2018-11-22 18:30:00,0.0031911010678119054
2018-11-22 19:00:00,0.0030991039014267602
2018-11-22 19:30:00,0.0030100352323578893
2018-11-22 20:00:00,0.002928944821519482
2018-11-22 20:30:00,0.0028691380848408013
2018-11-22 21:00:00,0.0028188805635739195
2018-11-22 21:30:00,0.0027799184155229465
2018-11-22 22:00:00,0.002752679886469142
2018-11-22 22:30:00,0.0027399569432866267
2018-11-22 23:00:00,0.0027297189247357237
2018-11-22 23:30:00,0.0027239796044207483
2018-11-23 00:00:00,0.002726774949263711
2018-11-23 00:30:00,0.0027269408730765344
2018-11-23 01:00:00,0.002727854890944258
2018-11-23 01:30:00,0.002731073036484377
2018-11-23 02:00:00,0.0027458060223802465
2018-11-23 02:30:00,0.002767577636576591
2018-11-23 03:00:00,0.002785474065084317
2018-11-23 03:30:00,0.0028220538375876283
2018-11-23 04:00:00,0.0028754452064259145
2018-11-23 04:30:00,0.002963742135657991
2018-11-23 05:00:00,0.003088653070838808
2018-11-23 05:30:00,0.003234301760080522
2018-11-23 06:00:00,0.003453581649530611
2018-11-23 06:30:00,0.00373626001446994
2018-11-23 07:00:00,0.0037982806315937415
2018-11-23 07:30:00,0.003943125212998711
2018-11-23 08:00:00,0.004047636039750502
2018-11-23 08:30:00,0.004186126913850806
2018-11-23 09:00:00,0.004325397392909389
2018-11-23 09:30:00,0.0044670193416216
2018-11-23 10:00:00,0.0045801467618801096
2018-11-23 10:30:00,0.004639302054746728
2018-11-23 11:00:00,0.004652734976395418
2018-11-23 11:30:00,0.004618904870529533
2018-11-23 12:00:00,0.004559524110847069
2018-11-23 12:30:00,0.004473539073573979
2018-11-23 13:00:00,0.004356511964748384
2018-11-23 13:30:00,0.004208912221204437
2018-11-23 14:00:00,0.004021442916427143
2018-11-23 14:30:00,0.0038363841705494894
2018-11-23 15:00:00,0.003675135063263735
2018-11-23 15:30:00,0.0035312803779818207
2018-11-23 16:00:00,0.003416577412554446
2018-11-23 16:30:00,0.0033897020403598844
2018-11-23 17:00:00,0.003394114978521179
2018-11-23 17:30:00,0.003326185335961173
2018-11-23 18:00:00,0.003262994832434223
2018-11-23 18:30:00,0.0031739259112781256
2018-11-23 19:00:00,0.003073216963249338
2018-11-23 19:30:00,0.0029778732380906317
2018-11-23 20:00:00,0.002891443871871199
2018-11-23 20:30:00,0.002830774845623779
2018-11-23 21:00:00,0.0027818234386975255
2018-11-23 21:30:00,0.0027513874856736637
2018-11-23 22:00:00,0.0027320320267134007
2018-11-23 22:30:00,0.0027218095367356823
2018-11-23 23:00:00,0.0027111056105718033
2018-11-23 23:30:00,0.0026969754660706256
2018-11-24 00:00:00,0.0027839050237659082
2018-11-24 00:30:00,0.002779983403610072
2018-11-24 01:00:00,0.0027802959413541295
2018-11-24 01:30:00,0.002778243245481963
2018-11-24 02:00:00,0.002761196754268853
2018-11-24 02:30:00,0.0027671323496987863
2018-11-24 03:00:00,0.002777944975874955
2018-11-24 03:30:00,0.0027911829332622692
2018-11-24 04:00:00,0.0028291023477074024
2018-11-24 04:30:00,0.0028651310071150064
2018-11-24 05:00:00,0.002873047201470178
2018-11-24 05:30:00,0.0028977711604344725
2018-11-24 06:00:00,0.002940437125277138
2018-11-24 06:30:00,0.0029990696900698104
2018-11-24 07:00:00,0.002899274860743638
2018-11-24 07:30:00,0.0028587323274490402
2018-11-24 08:00:00,0.0028412022320996183
2018-11-24 08:30:00,0.0028258679173324185
2018-11-24 09:00:00,0.002841871221182681
2018-11-24 09:30:00,0.0028699716364656612
2018-11-24 10:00:00,0.0028878906015714825
2018-11-24 10:30:00,0.002904229534355796
2018-11-24 11:00:00,0.002898511137280663
2018-11-24 11:30:00,0.0028993733260145116
2018-11-24 12:00:00,0.0028815712285471364
2018-11-24 12:30:00,0.0028651306037754433
2018-11-24 13:00:00,0.0028598230584629047
2018-11-24 13:30:00,0.0028621174051508907
2018-11-24 14:00:00,0.0028652341612083023
2018-11-24 14:30:00,0.002873984008023224
2018-11-24 15:00:00,0.002876523181826091
2018-11-24 15:30:00,0.0028789609661462505
2018-11-24 16:00:00,0.0028654369401737156
2018-11-24 16:30:00,0.0029504101497349992
2018-11-24 17:00:00,0.0030454717892866717
2018-11-24 17:30:00,0.0030812553694921684
2018-11-24 18:00:00,0.0030989818912088834
2018-11-24 18:30:00,0.0030898713579895435
2018-11-24 19:00:00,0.0030604620049889918
2018-11-24 19:30:00,0.0030314821077883887
2018-11-24 20:00:00,0.0029939905862023963
2018-11-24 20:30:00,0.002961599041306216
2018-11-24 21:00:00,0.0029074739978024156
2018-11-24 21:30:00,0.0028648469048101564
2018-11-24 22:00:00,0.0028360535017401016
2018-11-24 22:30:00,0.0027995803117163735
2018-11-24 23:00:00,0.0027762744946563936
2018-11-24 23:30:00,0.002771784518638522
2018-11-25 00:00:00,0.002618859331588918
2018-11-25 00:30:00,0.002490151055255185
2018-11-25 01:00:00,0.0024729262375376825
2018-11-25 01:30:00,0.0024584079795417864
2018-11-25 02:00:00,0.0024795059158326475
2018-11-25 02:30:00,0.0024946125958338495
2018-11-25 03:00:00,0.002513189306932407
2018-11-25 03:30:00,0.0025282583251018927
2018-11-25 04:00:00,0.002545324781623382
2018-11-25 04:30:00,0.002565544042675747
2018-11-25 05:00:00,0.0026035731150646337
2018-11-25 05:30:00,0.0026433615042108826
2018-11-25 06:00:00,0.0026321036919917987
2018-11-25 06:30:00,0.002643814152035717
2018-11-25 07:00:00,0.002503608530199787
2018-11-25 07:30:00,0.002384052885652305
2018-11-25 08:00:00,0.0023785413009382176
2018-11-25 08:30:00,0.0023619267359798815
2018-11-25 09:00:00,0.0023335191776195016
2018-11-25 09:30:00,0.002306525929437586
2018-11-25 10:00:00,0.0022692594713278756
2018-11-25 10:30:00,0.0022170492319830626
2018-11-25 11:00:00,0.002171382269537633
2018-11-25 11:30:00,0.0021487403493987292
2018-11-25 12:00:00,0.002130133034910812
2018-11-25 12:30:00,0.002124418923318538
2018-11-25 13:00:00,0.0021224191153466
2018-11-25 13:30:00,0.002122655875670216
2018-11-25 14:00:00,0.002120735878514352
2018-11-25 14:30:00,0.0021202473838858355
2018-11-25 15:00:00,0.002116117388428146
2018-11-25 15:30:00,0.0021133555711863763
2018-11-25 16:00:00,0.0020996162627219678
2018-11-25 16:30:00,0.0021868109657626287
2018-11-25 17:00:00,0.002273295387832442
2018-11-25 17:30:00,0.0022986345404655533
2018-11-25 18:00:00,0.0023203764083691092
2018-11-25 18:30:00,0.0023052025219131842
2018-11-25 19:00:00,0.002289143708455533
2018-11-25 19:30:00,0.0022840665204510438
2018-11-25 20:00:00,0.0022775309574208074
2018-11-25 20:30:00,0.0022852259200255476
2018-11-25 21:00:00,0.0022984573735624044
2018-11-25 21:30:00,0.0023126200877333133
2018-11-25 22:00:00,0.0023341047762478655
2018-11-25 22:30:00,0.002346114161325582
2018-11-25 23:00:00,0.0023672937234605514
2018-11-25 23:30:00,0.0023884618408354136
2018-11-26 00:00:00,0.002542713813378261
2018-11-26 00:30:00,0.002665227247777796
2018-11-26 01:00:00,0.0026871155279428044
2018-11-26 01:30:00,0.0027167834216033867
2018-11-26 02:00:00,0.0027283946601147505
2018-11-26 02:30:00,0.002733201056019976
2018-11-26 03:00:00,0.0027513932836798847
2018-11-26 03:30:00,0.002774895476689712
2018-11-26 04:00:00,0.002827729026912051
2018-11-26 04:30:00,0.0029209461442236294
2018-11-26 05:00:00,0.0030321066286846045
2018-11-26 05:30:00,0.003173249208325917
2018-11-26 06:00:00,0.0033772960212391763
2018-11-26 06:30:00,0.0036721104702965215
2018-11-26 07:00:00,0.003764590534973743
2018-11-26 07:30:00,0.003874780937367705
2018-11-26 08:00:00,0.004001882510551313
2018-11-26 08:30:00,0.004130656329564072
2018-11-26 09:00:00,0.004276211141522444
2018-11-26 09:30:00,0.0044191758580580925
2018-11-26 10:00:00,0.004527933547906017
2018-11-26 10:30:00,0.004583947430584421
2018-11-26 11:00:00,0.00459267811877009
2018-11-26 11:30:00,0.0045603318991573275
2018-11-26 12:00:00,0.004504048484815794
2018-11-26 12:30:00,0.004415209366375846
2018-11-26 13:00:00,0.004298364012440932
2018-11-26 13:30:00,0.00416126037435091
2018-11-26 14:00:00,0.003985593491037949
2018-11-26 14:30:00,0.0038008952298949324
2018-11-26 15:00:00,0.003633372125285695
2018-11-26 15:30:00,0.0034835333934088164
2018-11-26 16:00:00,0.003359932253042141
2018-11-26 16:30:00,0.0033563602274527342
2018-11-26 17:00:00,0.003344263922699142
2018-11-26 17:30:00,0.0032806950362444377
2018-11-26 18:00:00,0.0032135113702066245
2018-11-26 18:30:00,0.003122211225004185
2018-11-26 19:00:00,0.0030334975955858467
2018-11-26 19:30:00,0.0029445865818687536
2018-11-26 20:00:00,0.002861553082684487
2018-11-26 20:30:00,0.0027994936945451698
2018-11-26 21:00:00,0.0027441468850869016
2018-11-26 21:30:00,0.0027027871858372006
2018-11-26 22:00:00,0.0026778293403436786
2018-11-26 22:30:00,0.002661747385278587
2018-11-26 23:00:00,0.0026526806144018577
2018-11-26 23:30:00,0.002649685162718087
2018-11-27 00:00:00,0.0026473692373634684
2018-11-27 00:30:00,0.002638378193489735
2018-11-27 01:00:00,0.002635282965681511
2018-11-27 01:30:00,0.002632958116439055
2018-11-27 02:00:00,0.002645085175834344
2018-11-27 02:30:00,0.002654882949251982
2018-11-27 03:00:00,0.002666831228385869
2018-11-27 03:30:00,0.002690523595999759
2018-11-27 04:00:00,0.0027374688423559544
2018-11-27 04:30:00,0.0028157606312174477
2018-11-27 05:00:00,0.0029244089152088465
2018-11-27 05:30:00,0.003064481838328474
2018-11-27 06:00:00,0.003274948153312651
2018-11-27 06:30:00,0.00356837188755598
2018-11-27 07:00:00,0.003679406378820891
2018-11-27 07:30:00,0.00378987357299012
2018-11-27 08:00:00,0.003927434446892508
2018-11-27 08:30:00,0.004081277786040358
2018-11-27 09:00:00,0.004246321814441649
2018-11-27 09:30:00,0.004400534058037519
2018-11-27 10:00:00,0.004523133454181467
2018-11-27 10:30:00,0.004591736018385277
2018-11-27 11:00:00,0.004607496965575483
2018-11-27 11:30:00,0.00457850401025652
2018-11-27 12:00:00,0.004523044316137993
2018-11-27 12:30:00,0.004439940232530162
2018-11-27 13:00:00,0.0043267348669010575
2018-11-27 13:30:00,0.004184766399086588
2018-11-27 14:00:00,0.004005357734645545
2018-11-27 14:30:00,0.0038200633880455205
2018-11-27 15:00:00,0.0036580705730226157
2018-11-27 15:30:00,0.00351259083264045
2018-11-27 16:00:00,0.0033911120650554896
2018-11-27 16:30:00,0.0033898518305901784
2018-11-27 17:00:00,0.0033685562579133356
2018-11-27 17:30:00,0.0033069627269695485
2018-11-27 18:00:00,0.003233891513327272
2018-11-27 18:30:00,0.0031414870244007107
2018-11-27 19:00:00,0.003042974260293709
2018-11-27 19:30:00,0.00295668646626097
2018-11-27 20:00:00,0.0028758021619393723
2018-11-27 20:30:00,0.0028072942816980313
2018-11-27 21:00:00,0.002754034653644585
2018-11-27 21:30:00,0.0027172461024998562
2018-11-27 22:00:00,0.0026932933791979025
2018-11-27 22:30:00,0.002676834906650536
2018-11-27 23:00:00,0.002666035136922945
2018-11-27 23:30:00,0.002655698753936059
2018-11-28 00:00:00,0.0026492600932358887
2018-11-28 00:30:00,0.0026465544410282987
2018-11-28 01:00:00,0.002646308605564511
2018-11-28 01:30:00,0.002644766083822384
2018-11-28 02:00:00,0.002653819443658636
2018-11-28 02:30:00,0.002662200234773203
2018-11-28 03:00:00,0.002667392576222994
2018-11-28 03:30:00,0.0026849740469492827
2018-11-28 04:00:00,0.0027269237311450976
2018-11-28 04:30:00,0.0028039749987624324
2018-11-28 05:00:00,0.002911610597945453
2018-11-28 05:30:00,0.003054919161458754
2018-11-28 06:00:00,0.0032562623892796855
2018-11-28 06:30:00,0.003543819952915403
2018-11-28 07:00:00,0.0036517358226774224
2018-11-28 07:30:00,0.0037695231761622596
2018-11-28 08:00:00,0.003921385260958081
2018-11-28 08:30:00,0.0040728419894928555
2018-11-28 09:00:00,0.004240814162288303
2018-11-28 09:30:00,0.004402572233685408
2018-11-28 10:00:00,0.004531046119315461
2018-11-28 10:30:00,0.004598575497776407
2018-11-28 11:00:00,0.004618838571588828
2018-11-28 11:30:00,0.00459458324277956
2018-11-28 12:00:00,0.004546448195129282
2018-11-28 12:30:00,0.004472523010796758
2018-11-28 13:00:00,0.00436055151130902
2018-11-28 13:30:00,0.004213661040387013
2018-11-28 14:00:00,0.004031322214853998
2018-11-28 14:30:00,0.0038520691890669176
2018-11-28 15:00:00,0.0036908833556751446
2018-11-28 15:30:00,0.003544390829649709
2018-11-28 16:00:00,0.003416806106086797
2018-11-28 16:30:00,0.0034045089886481613
2018-11-28 17:00:00,0.003386893536563671
2018-11-28 17:30:00,0.0033211994539503096
2018-11-28 18:00:00,0.003250059783058895
2018-11-28 18:30:00,0.0031523266239101705
2018-11-28 19:00:00,0.0030549363538076362
2018-11-28 19:30:00,0.002973957668028244
2018-11-28 20:00:00,0.0028954629489490007
2018-11-28 20:30:00,0.0028244234575216026
2018-11-28 21:00:00,0.0027695210274271227
2018-11-28 21:30:00,0.0027298780926108632
2018-11-28 22:00:00,0.002700933689291825
2018-11-28 22:30:00,0.0026907755319744413
2018-11-28 23:00:00,0.002688238677374063
2018-11-28 23:30:00,0.0026805708897723957
2018-11-29 00:00:00,0.0026776486946367972
2018-11-29 00:30:00,0.002675402194104499
2018-11-29 01:00:00,0.002670291831420934
2018-11-29 01:30:00,0.0026672994552013334
2018-11-29 02:00:00,0.0026728186529496765
2018-11-29 02:30:00,0.0026814513296214803
2018-11-29 03:00:00,0.00269874320254137
2018-11-29 03:30:00,0.0027343515317066434
2018-11-29 04:00:00,0.00278603455582487
2018-11-29 04:30:00,0.0028659767597616534
2018-11-29 05:00:00,0.0029762233776072407
2018-11-29 05:30:00,0.003113419380457242
2018-11-29 06:00:00,0.0033315583735352905
2018-11-29 06:30:00,0.0036339345823066197
2018-11-29 07:00:00,0.0037546293081981066
2018-11-29 07:30:00,0.003846454904016543
2018-11-29 08:00:00,0.003977030037518685
2018-11-29 08:30:00,0.0041224653601314495
2018-11-29 09:00:00,0.004281109498848086
2018-11-29 09:30:00,0.004426818941111511
2018-11-29 10:00:00,0.004542494509478169
2018-11-29 10:30:00,0.004603766477955172
2018-11-29 11:00:00,0.00461624807282654
2018-11-29 11:30:00,0.004584888371367991
2018-11-29 12:00:00,0.004528087371531943
2018-11-29 12:30:00,0.004442810447279549
2018-11-29 13:00:00,0.004323466303915537
2018-11-29 13:30:00,0.004179047195332328
2018-11-29 14:00:00,0.0040011683474371704
2018-11-29 14:30:00,0.003823796749460219
2018-11-29 15:00:00,0.00366639106487248
2018-11-29 15:30:00,0.0035250565964339607
2018-11-29 16:00:00,0.003404982559712838
2018-11-29 16:30:00,0.003401099660155072
2018-11-29 17:00:00,0.003389408157070626
2018-11-29 17:30:00,0.0033364901576272356
2018-11-29 18:00:00,0.0032715147756981044
2018-11-29 18:30:00,0.0031769111282204787
2018-11-29 19:00:00,0.0030820535784878
2018-11-29 19:30:00,0.002990674630818195
2018-11-29 20:00:00,0.0029056644148519853
2018-11-29 20:30:00,0.0028397506130115554
2018-11-29 21:00:00,0.002789876012242514
2018-11-29 21:30:00,0.002756413499971068
2018-11-29 22:00:00,0.0027366762801142083
2018-11-29 22:30:00,0.0027192412216493714
2018-11-29 23:00:00,0.0027104286051149225
2018-11-29 23:30:00,0.002708337087809795
2018-11-30 00:00:00,0.002714444556311109
2018-11-30 00:30:00,0.0027097350123185034
2018-11-30 01:00:00,0.0027031567457120103
2018-11-30 01:30:00,0.0027031516535500244
2018-11-30 02:00:00,0.0027058216606237135
2018-11-30 02:30:00,0.0027306870405223657
2018-11-30 03:00:00,0.0027497339447167587
2018-11-30 03:30:00,0.002787509215685483
2018-11-30 04:00:00,0.002851512398014894
2018-11-30 04:30:00,0.002939377350574752
2018-11-30 05:00:00,0.003062234682369386
2018-11-30 05:30:00,0.0032059427033026204
2018-11-30 06:00:00,0.003415647261104193
2018-11-30 06:30:00,0.003709458302163113
2018-11-30 07:00:00,0.0038452101477069707
2018-11-30 07:30:00,0.003943164639441018
2018-11-30 08:00:00,0.004063030351277732
2018-11-30 08:30:00,0.004192558364856285
2018-11-30 09:00:00,0.004331765015428986
2018-11-30 09:30:00,0.004465521792240773
2018-11-30 10:00:00,0.004569229065747719
2018-11-30 10:30:00,0.004616532578470953
2018-11-30 11:00:00,0.0046186057438259535
2018-11-30 11:30:00,0.004580393756945142
2018-11-30 12:00:00,0.004516984240035358
2018-11-30 12:30:00,0.004426703938918546
2018-11-30 13:00:00,0.004306110451257429
2018-11-30 13:30:00,0.004166064703140874
2018-11-30 14:00:00,0.003990103835703765
2018-11-30 14:30:00,0.003812300916481385
2018-11-30 15:00:00,0.003656075151368428
2018-11-30 15:30:00,0.003515774593482803
2018-11-30 16:00:00,0.0033940709136738964
2018-11-30 16:30:00,0.0033945416613616313
2018-11-30 17:00:00,0.003382872745292726
2018-11-30 17:30:00,0.0033230073731250415
2018-11-30 18:00:00,0.003260781657833337
2018-11-30 18:30:00,0.0031701934069599987
2018-11-30 19:00:00,0.003078955527302633
2018-11-30 19:30:00,0.002992490112609737
2018-11-30 20:00:00,0.0029099735434931946
2018-11-30 20:30:00,0.0028460632300982168
2018-11-30 21:00:00,0.0027944199349269677
2018-11-30 21:30:00,0.0027547088357245232
2018-11-30 22:00:00,0.002731081204110532
2018-11-30 22:30:00,0.002710157056753978
2018-11-30 23:00:00,0.0026995004725713333
2018-11-30 23:30:00,0.0026887157272424728
2018-12-01 00:00:00,0.002774092730123994
2018-12-01 00:30:00,0.002772751424406474
2018-12-01 01:00:00,0.0027634070550753517
2018-12-01 01:30:00,0.002768127741323391
2018-12-01 02:00:00,0.00274950499909718
2018-12-01 02:30:00,0.0027517760025079444
2018-12-01 03:00:00,0.0027594059770255593
2018-12-01 03:30:00,0.0027658243194952324
2018-12-01 04:00:00,0.00279628028824492
2018-12-01 04:30:00,0.0028331539440374894
2018-12-01 05:00:00,0.00282478842940888
2018-12-01 05:30:00,0.0028366217063498017
2018-12-01 06:00:00,0.002873280533407506
2018-12-01 06:30:00,0.002974431995354602
2018-12-01 07:00:00,0.0029260294327390123
2018-12-01 07:30:00,0.0028423636483719383
2018-12-01 08:00:00,0.002830493566695872
2018-12-01 08:30:00,0.0028029439620039266
2018-12-01 09:00:00,0.002820139537603095
2018-12-01 09:30:00,0.002845571861675312
2018-12-01 10:00:00,0.002856984102529668
2018-12-01 10:30:00,0.0028669245573177977
2018-12-01 11:00:00,0.002856551319178322
2018-12-01 11:30:00,0.0028496028372702294
2018-12-01 12:00:00,0.002825779031376172
2018-12-01 12:30:00,0.0028113341811807843
2018-12-01 13:00:00,0.0028070367998043536
2018-12-01 13:30:00,0.0028087693448982072
2018-12-01 14:00:00,0.002809714319077408
2018-12-01 14:30:00,0.002820257968182349
2018-12-01 15:00:00,0.0028261247942167503
2018-12-01 15:30:00,0.002828405376942142
2018-12-01 16:00:00,0.0028169463991158973
2018-12-01 16:30:00,0.002920849695650572
2018-12-01 17:00:00,0.003005700340402079
2018-12-01 17:30:00,0.003041242723548764
2018-12-01 18:00:00,0.0030564056694190366
2018-12-01 18:30:00,0.0030470550987421294
2018-12-01 19:00:00,0.003020905031917146
2018-12-01 19:30:00,0.0029919163620810425
2018-12-01 20:00:00,0.002951406549708512
2018-12-01 20:30:00,0.002927946606517934
2018-12-01 21:00:00,0.00287367812538196
2018-12-01 21:30:00,0.0028379906408274027
2018-12-01 22:00:00,0.002816834018630092
2018-12-01 22:30:00,0.0027862375868775106
2018-12-01 23:00:00,0.0027696434409845627
2018-12-01 23:30:00,0.00275810470275969
2018-12-02 00:00:00,0.00260758402451628
2018-12-02 00:30:00,0.0024835632093340647
2018-12-02 01:00:00,0.0024729528579488557
2018-12-02 01:30:00,0.0024594081608237056
2018-12-02 02:00:00,0.0024787828792481124
2018-12-02 02:30:00,0.0024964047343481698
2018-12-02 03:00:00,0.0025152400869416476
2018-12-02 03:30:00,0.0025233658666173626
2018-12-02 04:00:00,0.0025366958358425387
2018-12-02 04:30:00,0.002560355835456479
2018-12-02 05:00:00,0.002601439700862376
2018-12-02 05:30:00,0.0026347380539315877
2018-12-02 06:00:00,0.0026249291382585156
2018-12-02 06:30:00,0.002645182330251637
2018-12-02 07:00:00,0.002553767838283023
2018-12-02 07:30:00,0.002398380716956911
2018-12-02 08:00:00,0.0023851760855010088
2018-12-02 08:30:00,0.0023607084488291466
2018-12-02 09:00:00,0.0023360263867619824
2018-12-02 09:30:00,0.002310377620596647
2018-12-02 10:00:00,0.002275134969162887
2018-12-02 10:30:00,0.002227024878148085
2018-12-02 11:00:00,0.002176537604582498
2018-12-02 11:30:00,0.0021513707283603314
2018-12-02 12:00:00,0.002135051912136733
2018-12-02 12:30:00,0.002127096190504365
2018-12-02 13:00:00,0.002123336410348275
2018-12-02 13:30:00,0.002123124152903125
2018-12-02 14:00:00,0.0021228796282929175
2018-12-02 14:30:00,0.002127712745444207
2018-12-02 15:00:00,0.0021275824163478384
2018-12-02 15:30:00,0.0021232586666474623
2018-12-02 16:00:00,0.002105831069964546
2018-12-02 16:30:00,0.0022013232240825215
2018-12-02 17:00:00,0.0022758952642395747
2018-12-02 17:30:00,0.002303477791523369
2018-12-02 18:00:00,0.0023255656239372854
2018-12-02 18:30:00,0.0023124006205934708
2018-12-02 19:00:00,0.00229945034514963
2018-12-02 19:30:00,0.0022926462083877283
2018-12-02 20:00:00,0.0022907978040043377
2018-12-02 20:30:00,0.0023037125855666137
2018-12-02 21:00:00,0.002320510165851766
2018-12-02 21:30:00,0.002338111904391106
2018-12-02 22:00:00,0.0023599422549113462
2018-12-02 22:30:00,0.0023784137448013463
2018-12-02 23:00:00,0.002406573198912895
2018-12-02 23:30:00,0.0024312438162199528
2018-12-03 00:00:00,0.002590149974400352
2018-12-03 00:30:00,0.002704878047715538
2018-12-03 01:00:00,0.002733255254773785
2018-12-03 01:30:00,0.0027688681215091446
2018-12-03 02:00:00,0.0027768929150417156
2018-12-03 02:30:00,0.002794061214802921
2018-12-03 03:00:00,0.0028183777503909086
2018-12-03 03:30:00,0.0028554646215600906
2018-12-03 04:00:00,0.0029198976126115685
2018-12-03 04:30:00,0.0030207377468332965
2018-12-03 05:00:00,0.0031399863491382695
2018-12-03 05:30:00,0.003280571916842762
2018-12-03 06:00:00,0.003505409270882256
2018-12-03 06:30:00,0.003823370520376777
2018-12-03 07:00:00,0.00394996943162971
2018-12-03 07:30:00,0.0040147450596401514
2018-12-03 08:00:00,0.004116907441785037
2018-12-03 08:30:00,0.004218493955868521
2018-12-03 09:00:00,0.0043370508812400005
2018-12-03 09:30:00,0.004455072877515747
2018-12-03 10:00:00,0.004554328139341209
2018-12-03 10:30:00,0.004596334341493321
2018-12-03 11:00:00,0.004598003562275747
2018-12-03 11:30:00,0.0045577912128310985
2018-12-03 12:00:00,0.00448986509949227
2018-12-03 12:30:00,0.004398761582326906
2018-12-03 13:00:00,0.004278705998390801
2018-12-03 13:30:00,0.00413428527644934
2018-12-03 14:00:00,0.003952173026915969
2018-12-03 14:30:00,0.003771938675971551
2018-12-03 15:00:00,0.0036166655484894976
2018-12-03 15:30:00,0.003481024167568519
2018-12-03 16:00:00,0.0033668546691309606
2018-12-03 16:30:00,0.0033728008522244278
2018-12-03 17:00:00,0.003363632591030101
2018-12-03 17:30:00,0.003312730684393514
2018-12-03 18:00:00,0.003253661807028317
2018-12-03 18:30:00,0.0031631144951206466
2018-12-03 19:00:00,0.0030660710970424896
2018-12-03 19:30:00,0.0029788006669988327
2018-12-03 20:00:00,0.0029024342195424152
2018-12-03 20:30:00,0.0028437006181891537
2018-12-03 21:00:00,0.0027967296589358026
2018-12-03 21:30:00,0.002766294109251504
2018-12-03 22:00:00,0.0027477633788631547
2018-12-03 22:30:00,0.0027368130122261427
2018-12-03 23:00:00,0.0027282872205385946
2018-12-03 23:30:00,0.002719264665761485
2018-12-04 00:00:00,0.002717671373651837
2018-12-04 00:30:00,0.0027159743224395485
2018-12-04 01:00:00,0.0027121612006262208
2018-12-04 01:30:00,0.002714683938341886
2018-12-04 02:00:00,0.0027251659269110972
2018-12-04 02:30:00,0.0027424886048901284
2018-12-04 03:00:00,0.002760431669534852
2018-12-04 03:30:00,0.0027921139922265394
2018-12-04 04:00:00,0.0028469652990313794
2018-12-04 04:30:00,0.002940650743993313
2018-12-04 05:00:00,0.003063501319850263
2018-12-04 05:30:00,0.0031959633262466387
2018-12-04 06:00:00,0.003420284405645199
2018-12-04 06:30:00,0.003714116521196298
2018-12-04 07:00:00,0.003843062062028101
2018-12-04 07:30:00,0.00393188625690421
2018-12-04 08:00:00,0.004042546852394006
2018-12-04 08:30:00,0.00416537423622607
2018-12-04 09:00:00,0.004303430764034222
2018-12-04 09:30:00,0.004437388706453171
2018-12-04 10:00:00,0.004544222063244928
2018-12-04 10:30:00,0.00459587836611709
2018-12-04 11:00:00,0.004600482588066247
2018-12-04 11:30:00,0.00456583914797111
2018-12-04 12:00:00,0.004505944886607209
2018-12-04 12:30:00,0.0044179960394182
2018-12-04 13:00:00,0.004302740045032191
2018-12-04 13:30:00,0.0041667690348531645
2018-12-04 14:00:00,0.003990757699553205
2018-12-04 14:30:00,0.003812563692206829
2018-12-04 15:00:00,0.003655011746609973
2018-12-04 15:30:00,0.003512265438447814
2018-12-04 16:00:00,0.0033892179320491175
2018-12-04 16:30:00,0.0033930954873576708
2018-12-04 17:00:00,0.0033744480910006575
2018-12-04 17:30:00,0.0033212853652772774
2018-12-04 18:00:00,0.003262255813519496
2018-12-04 18:30:00,0.0031686096941649774
2018-12-04 19:00:00,0.0030744291498891797
2018-12-04 19:30:00,0.0029795242581752666
2018-12-04 20:00:00,0.002895871582343997
2018-12-04 20:30:00,0.002836630529402747
2018-12-04 21:00:00,0.002784531158020377
2018-12-04 21:30:00,0.0027458321386169657
2018-12-04 22:00:00,0.002720842530132839
2018-12-04 22:30:00,0.0027068943421921228
2018-12-04 23:00:00,0.0026974889173346167
2018-12-04 23:30:00,0.0026922578552867555
2018-12-05 00:00:00,0.0026949344166283472
2018-12-05 00:30:00,0.002694024532991147
2018-12-05 01:00:00,0.0026949883632949295
2018-12-05 01:30:00,0.0026921151234988176
2018-12-05 02:00:00,0.0027001312956482244
2018-12-05 02:30:00,0.002723203881605767
2018-12-05 03:00:00,0.002740939175957982
2018-12-05 03:30:00,0.002771175627150381
2018-12-05 04:00:00,0.0028232421263583484
2018-12-05 04:30:00,0.0029141636365458056
2018-12-05 05:00:00,0.0030324901037743447
2018-12-05 05:30:00,0.0031713311774504236
2018-12-05 06:00:00,0.003394311051966354
2018-12-05 06:30:00,0.003691621265406073
2018-12-05 07:00:00,0.0038508275082215155
2018-12-05 07:30:00,0.003931075695634454
2018-12-05 08:00:00,0.004050440610985973
2018-12-05 08:30:00,0.004197393095365827
2018-12-05 09:00:00,0.004345482543556979
2018-12-05 09:30:00,0.004484888040534353
2018-12-05 10:00:00,0.004595136221320748
2018-12-05 10:30:00,0.004649848628063501
2018-12-05 11:00:00,0.004658290878044015
2018-12-05 11:30:00,0.004623196000142733
2018-12-05 12:00:00,0.004563884261943027
2018-12-05 12:30:00,0.004484413814042886
2018-12-05 13:00:00,0.004367589080843141
2018-12-05 13:30:00,0.0042313380521723405
2018-12-05 14:00:00,0.0040586848212409415
2018-12-05 14:30:00,0.0038857855531759717
2018-12-05 15:00:00,0.0037333026783748953
2018-12-05 15:30:00,0.003589763656718653
2018-12-05 16:00:00,0.0034623089597474377
2018-12-05 16:30:00,0.0034721331014890217
2018-12-05 17:00:00,0.0034476450457517705
2018-12-05 17:30:00,0.0033899097098175016
2018-12-05 18:00:00,0.0033281886731542885
2018-12-05 18:30:00,0.0032394672290319134
2018-12-05 19:00:00,0.0031470857808779014
2018-12-05 19:30:00,0.0030398599242736765
2018-12-05 20:00:00,0.002951488326804957
2018-12-05 20:30:00,0.0028890484886226232
2018-12-05 21:00:00,0.0028441559381385947
2018-12-05 21:30:00,0.0028119129734540185
2018-12-05 22:00:00,0.002787571632482893
2018-12-05 22:30:00,0.0027723429422638135
2018-12-05 23:00:00,0.002760784591652678
2018-12-05 23:30:00,0.0027756487133240434
2018-12-06 00:00:00,0.0027885486217399252
2018-12-06 00:30:00,0.0027642339515974177
2018-12-06 01:00:00,0.002751367066608275
2018-12-06 01:30:00,0.0027432549500602645
2018-12-06 02:00:00,0.002744494009198506
2018-12-06 02:30:00,0.002765648715532891
2018-12-06 03:00:00,0.0027800494504635507
2018-12-06 03:30:00,0.0028071034012497323
2018-12-06 04:00:00,0.0028555117114540977
2018-12-06 04:30:00,0.0029414708845776952
2018-12-06 05:00:00,0.003057843474127059
2018-12-06 05:30:00,0.0032054992314528496
2018-12-06 06:00:00,0.0034081076850661874
2018-12-06 06:30:00,0.003714685229980451
2018-12-06 07:00:00,0.003868991350859662
2018-12-06 07:30:00,0.003945343731848811
2018-12-06 08:00:00,0.004072436280309693
2018-12-06 08:30:00,0.004220163781660291
2018-12-06 09:00:00,0.004376779676965783
2018-12-06 09:30:00,0.004513618068875535
2018-12-06 10:00:00,0.004622961962361168
2018-12-06 10:30:00,0.0046868271521425114
2018-12-06 11:00:00,0.0047026502640429
2018-12-06 11:30:00,0.004672066487069114
2018-12-06 12:00:00,0.00461547431629193
2018-12-06 12:30:00,0.004534644916568376
2018-12-06 13:00:00,0.0044177489435182765
2018-12-06 13:30:00,0.00427245534434454
2018-12-06 14:00:00,0.004093000951280517
2018-12-06 14:30:00,0.003913587497182162
2018-12-06 15:00:00,0.0037574070573526235
2018-12-06 15:30:00,0.0036147522568538725
2018-12-06 16:00:00,0.0034883132697377597
2018-12-06 16:30:00,0.00349152294514705
2018-12-06 17:00:00,0.0034600072521124223
2018-12-06 17:30:00,0.003403869140848543
2018-12-06 18:00:00,0.0033367546475458238
2018-12-06 18:30:00,0.0032395425526953463
2018-12-06 19:00:00,0.0031514923664410755
2018-12-06 19:30:00,0.0030546331432909786
2018-12-06 20:00:00,0.00297232308403081
2018-12-06 20:30:00,0.002908298222199875
2018-12-06 21:00:00,0.002856975481146503
2018-12-06 21:30:00,0.0028213878231338457
2018-12-06 22:00:00,0.0027947012138548758
2018-12-06 22:30:00,0.0027832318500348777
2018-12-06 23:00:00,0.0027710650112751658
2018-12-06 23:30:00,0.0027684001971983526
2018-12-07 00:00:00,0.002768551197447337
2018-12-07 00:30:00,0.0027695962502556643
2018-12-07 01:00:00,0.002773924587943573
2018-12-07 01:30:00,0.0027573384080069986
2018-12-07 02:00:00,0.0027706772002851206
2018-12-07 02:30:00,0.002786410922054809
2018-12-07 03:00:00,0.002800329464537627
2018-12-07 03:30:00,0.0028398857821826827
2018-12-07 04:00:00,0.002887799245160411
2018-12-07 04:30:00,0.0029775855561471574
2018-12-07 05:00:00,0.0030822399213660118
2018-12-07 05:30:00,0.003234021489501523
2018-12-07 06:00:00,0.003451046761210604
2018-12-07 06:30:00,0.0037386733463290788
2018-12-07 07:00:00,0.003904993894030547
2018-12-07 07:30:00,0.003968978220235377
2018-12-07 08:00:00,0.004086069913808535
2018-12-07 08:30:00,0.004229707753657767
2018-12-07 09:00:00,0.004384271961439999
2018-12-07 09:30:00,0.004533977288756341
2018-12-07 10:00:00,0.0046528903629621515
2018-12-07 10:30:00,0.004710744230310565
2018-12-07 11:00:00,0.0047204706630429565
2018-12-07 11:30:00,0.0046896062121506085
2018-12-07 12:00:00,0.004635240576597342
2018-12-07 12:30:00,0.004555098467489532
2018-12-07 13:00:00,0.004445769295897956
2018-12-07 13:30:00,0.004308230000662201
2018-12-07 14:00:00,0.004125777735877028
2018-12-07 14:30:00,0.003942190977735382
2018-12-07 15:00:00,0.003782306821949041
2018-12-07 15:30:00,0.0036367726307258387
2018-12-07 16:00:00,0.003509485067586136
2018-12-07 16:30:00,0.0035147439096464153
2018-12-07 17:00:00,0.003476423071500977
2018-12-07 17:30:00,0.0034052101944788363
2018-12-07 18:00:00,0.0033307691388449415
2018-12-07 18:30:00,0.003225936295869358
2018-12-07 19:00:00,0.003131260853949478
2018-12-07 19:30:00,0.0030358467460369874
2018-12-07 20:00:00,0.002951323713845714
2018-12-07 20:30:00,0.0028872803488123157
2018-12-07 21:00:00,0.0028353517917349726
2018-12-07 21:30:00,0.0027983927792073343
2018-12-07 22:00:00,0.002771957248806475
2018-12-07 22:30:00,0.002763503100308846
2018-12-07 23:00:00,0.0027523501059587563
2018-12-07 23:30:00,0.00275485509673364
2018-12-08 00:00:00,0.002851305888158521
2018-12-08 00:30:00,0.002839613326307721
2018-12-08 01:00:00,0.002844096042213455
2018-12-08 01:30:00,0.002843393575946645
2018-12-08 02:00:00,0.0028337960102047055
2018-12-08 02:30:00,0.0028355800819277613
2018-12-08 03:00:00,0.0028392932763642983
2018-12-08 03:30:00,0.0028578141249333486
2018-12-08 04:00:00,0.0028848913685793065
2018-12-08 04:30:00,0.002940786719843567
2018-12-08 05:00:00,0.0029382105900532195
2018-12-08 05:30:00,0.0029465472154856127
2018-12-08 06:00:00,0.0029855777295925527
2018-12-08 06:30:00,0.003068293901375448
2018-12-08 07:00:00,0.0030737481614541116
2018-12-08 07:30:00,0.0029672914229795207
2018-12-08 08:00:00,0.0029192694112418383
2018-12-08 08:30:00,0.0028848113056760055
2018-12-08 09:00:00,0.0029082538548479194
2018-12-08 09:30:00,0.002937812241817085
2018-12-08 10:00:00,0.00294933998903886
2018-12-08 10:30:00,0.0029624224590245494
2018-12-08 11:00:00,0.0029520068702309343
2018-12-08 11:30:00,0.002951048182506583
2018-12-08 12:00:00,0.002929412392908156
2018-12-08 12:30:00,0.0029119515711287184
2018-12-08 13:00:00,0.002907797274462344
2018-12-08 13:30:00,0.002907930729440327
2018-12-08 14:00:00,0.002905087084684668
2018-12-08 14:30:00,0.0029053883289209548
2018-12-08 15:00:00,0.0029036142902695346
2018-12-08 15:30:00,0.0029048403921243075
2018-12-08 16:00:00,0.002895592370531352
2018-12-08 16:30:00,0.003013585628863218
2018-12-08 17:00:00,0.00309307493288794
2018-12-08 17:30:00,0.0031358275149018086
2018-12-08 18:00:00,0.003154794457027791
2018-12-08 18:30:00,0.0031429033008595463
2018-12-08 19:00:00,0.003110688973283959
2018-12-08 19:30:00,0.0030694717537349692
2018-12-08 20:00:00,0.0030249882904029466
2018-12-08 20:30:00,0.003005026914583822
2018-12-08 21:00:00,0.0029502715017601386
2018-12-08 21:30:00,0.002903691479378448
2018-12-08 22:00:00,0.0028681748091289186
2018-12-08 22:30:00,0.002831220888763266
2018-12-08 23:00:00,0.002805090888081553
2018-12-08 23:30:00,0.002792457839204192
2018-12-09 00:00:00,0.002640352893573862
2018-12-09 00:30:00,0.002512050578510519
2018-12-09 01:00:00,0.0025013864821285094
2018-12-09 01:30:00,0.0024855595385022697
2018-12-09 02:00:00,0.0025041156792831023
2018-12-09 02:30:00,0.0025264730433601475
2018-12-09 03:00:00,0.0025456135727506546
2018-12-09 03:30:00,0.002555643821009049
2018-12-09 04:00:00,0.002568175883743266
2018-12-09 04:30:00,0.0025922168375746768
2018-12-09 05:00:00,0.0026378673639329045
2018-12-09 05:30:00,0.0026686026957475732
2018-12-09 06:00:00,0.002658987937656752
2018-12-09 06:30:00,0.0026725999420715157
2018-12-09 07:00:00,0.0026315475371515504
2018-12-09 07:30:00,0.0024559788670222363
2018-12-09 08:00:00,0.0024476714837081775
2018-12-09 08:30:00,0.0024315974441820143
2018-12-09 09:00:00,0.002401800179356526
2018-12-09 09:30:00,0.002368331011982287
2018-12-09 10:00:00,0.002324178035004885
2018-12-09 10:30:00,0.0022718112494920935
2018-12-09 11:00:00,0.002222391767002711
2018-12-09 11:30:00,0.002198350661918964
2018-12-09 12:00:00,0.0021826192089343197
2018-12-09 12:30:00,0.002176429358327216
2018-12-09 13:00:00,0.0021781618025861777
2018-12-09 13:30:00,0.0021714385354067033
2018-12-09 14:00:00,0.002169427786849113
2018-12-09 14:30:00,0.0021763439511747022
2018-12-09 15:00:00,0.0021747556503921494
2018-12-09 15:30:00,0.0021776593423252846
2018-12-09 16:00:00,0.0021642008590317748
2018-12-09 16:30:00,0.002284784515291038
2018-12-09 17:00:00,0.0023568701687105625
2018-12-09 17:30:00,0.002381612933381993
2018-12-09 18:00:00,0.0024079062361693684
2018-12-09 18:30:00,0.0023930321318438134
2018-12-09 19:00:00,0.002382512783947558
2018-12-09 19:30:00,0.0023872337222828246
2018-12-09 20:00:00,0.002387925147129091
2018-12-09 20:30:00,0.0024042027722997942
2018-12-09 21:00:00,0.0024121419570100697
2018-12-09 21:30:00,0.002426418715442482
2018-12-09 22:00:00,0.0024474555457895133
2018-12-09 22:30:00,0.0024640569013771535
2018-12-09 23:00:00,0.0025000190097568247
2018-12-09 23:30:00,0.0025195346449411356
2018-12-10 00:00:00,0.002681066846182832
2018-12-10 00:30:00,0.0028161481397028206
2018-12-10 01:00:00,0.0028417212292826044
2018-12-10 01:30:00,0.0028638684030297614
2018-12-10 02:00:00,0.002869926664104361
2018-12-10 02:30:00,0.0028800575455837814
2018-12-10 03:00:00,0.0028999252457893457
2018-12-10 03:30:00,0.0029290374383666882
2018-12-10 04:00:00,0.0029902256634668748
2018-12-10 04:30:00,0.003075283725588772
2018-12-10 05:00:00,0.003182457097632331
2018-12-10 05:30:00,0.0033301497101107112
2018-12-10 06:00:00,0.0035675648555074033
2018-12-10 06:30:00,0.0038807786975078207
2018-12-10 07:00:00,0.004056934025031852
2018-12-10 07:30:00,0.004095533217893364
2018-12-10 08:00:00,0.00418955736725352
2018-12-10 08:30:00,0.0043055733037940976
2018-12-10 09:00:00,0.0044284085527476445
2018-12-10 09:30:00,0.004547189281159271
2018-12-10 10:00:00,0.004643915301418612
2018-12-10 10:30:00,0.0046903311645980685
2018-12-10 11:00:00,0.004684772842912092
2018-12-10 11:30:00,0.004636769183124537
2018-12-10 12:00:00,0.004570594773508815
2018-12-10 12:30:00,0.004478253104719226
2018-12-10 13:00:00,0.004355981926144855
2018-12-10 13:30:00,0.00421415830765103
2018-12-10 14:00:00,0.004043893804865412
2018-12-10 14:30:00,0.00387029307888254
2018-12-10 15:00:00,0.003724544210176809
2018-12-10 15:30:00,0.0035948477014957174
2018-12-10 16:00:00,0.003489432637860612
2018-12-10 16:30:00,0.0035182350656533944
2018-12-10 17:00:00,0.0035025421315970375
2018-12-10 17:30:00,0.0034482083598692662
2018-12-10 18:00:00,0.0033761885516334386
2018-12-10 18:30:00,0.0032692362600879746
2018-12-10 19:00:00,0.003175771593119464
2018-12-10 19:30:00,0.0030843701592692093
2018-12-10 20:00:00,0.003005000949599439
2018-12-10 20:30:00,0.002944948074952298
2018-12-10 21:00:00,0.0028955001066062625
2018-12-10 21:30:00,0.002859509966126947
2018-12-10 22:00:00,0.0028334606333578795
2018-12-10 22:30:00,0.0028226994329760232
2018-12-10 23:00:00,0.002810659142004274
2018-12-10 23:30:00,0.0028078074808747955
2018-12-11 00:00:00,0.0028108917680973663
2018-12-11 00:30:00,0.0028027205118858972
2018-12-11 01:00:00,0.0027977721908718604
2018-12-11 01:30:00,0.002786814614540156
2018-12-11 02:00:00,0.002802299022042323
2018-12-11 02:30:00,0.002821527580292505
2018-12-11 03:00:00,0.0028382433330637665
2018-12-11 03:30:00,0.0028778491606402078
2018-12-11 04:00:00,0.002927855401359198
2018-12-11 04:30:00,0.0030248842792130783
2018-12-11 05:00:00,0.00314622646593844
2018-12-11 05:30:00,0.003300030176974203
2018-12-11 06:00:00,0.003509555853679483
2018-12-11 06:30:00,0.003805998735805922
2018-12-11 07:00:00,0.003999077334306498
2018-12-11 07:30:00,0.004062931684337077
2018-12-11 08:00:00,0.004154754708865798
2018-12-11 08:30:00,0.004294952415162799
2018-12-11 09:00:00,0.004417754892776834
2018-12-11 09:30:00,0.004536538444565403
2018-12-11 10:00:00,0.004631700919007884
2018-12-11 10:30:00,0.004676005249156388
2018-12-11 11:00:00,0.004669331038151291
2018-12-11 11:30:00,0.0046206173494801155
2018-12-11 12:00:00,0.004548254097606198
2018-12-11 12:30:00,0.004448011309277614
2018-12-11 13:00:00,0.004323565273360863
2018-12-11 13:30:00,0.004182613523750404
2018-12-11 14:00:00,0.004010096268669258
2018-12-11 14:30:00,0.0038355010585757986
2018-12-11 15:00:00,0.003689957288037969
2018-12-11 15:30:00,0.003567657169849937
2018-12-11 16:00:00,0.003470647853964874
2018-12-11 16:30:00,0.003507377164611253
2018-12-11 17:00:00,0.0035026045483944478
2018-12-11 17:30:00,0.003459301105372098
2018-12-11 18:00:00,0.003391355278812117
2018-12-11 18:30:00,0.0032837732229561148
2018-12-11 19:00:00,0.00318642641269152
2018-12-11 19:30:00,0.003097736227385294
2018-12-11 20:00:00,0.0030222245572982514
2018-12-11 20:30:00,0.0029655223756551957
2018-12-11 21:00:00,0.002918543752950143
2018-12-11 21:30:00,0.002886476392227908
2018-12-11 22:00:00,0.002865140334342406
2018-12-11 22:30:00,0.0028555994378091
2018-12-11 23:00:00,0.0028486071935583967
2018-12-11 23:30:00,0.0028522429972162398
2018-12-12 00:00:00,0.0028583501632128807
2018-12-12 00:30:00,0.002852400955072689
2018-12-12 01:00:00,0.00284578074115162
2018-12-12 01:30:00,0.0028331996726604705
2018-12-12 02:00:00,0.0028452072931275984
2018-12-12 02:30:00,0.002870758148613959
2018-12-12 03:00:00,0.002889398284858834
2018-12-12 03:30:00,0.0029260111312063306
2018-12-12 04:00:00,0.002976517059226717
2018-12-12 04:30:00,0.003062475879428197
2018-12-12 05:00:00,0.003187563931094718
2018-12-12 05:30:00,0.003336558574100648
2018-12-12 06:00:00,0.0035601871698865886
2018-12-12 06:30:00,0.0038571673507286942
2018-12-12 07:00:00,0.004057709394924716
2018-12-12 07:30:00,0.004086441137459042
2018-12-12 08:00:00,0.0041653102060704075
2018-12-12 08:30:00,0.004304181580631174
2018-12-12 09:00:00,0.004428241973508032
2018-12-12 09:30:00,0.004542257849989444
2018-12-12 10:00:00,0.004629152670064845
2018-12-12 10:30:00,0.004661224568357165
2018-12-12 11:00:00,0.004645242086911855
2018-12-12 11:30:00,0.0045954847067033785
2018-12-12 12:00:00,0.004522924272200486
2018-12-12 12:30:00,0.004424743305301687
2018-12-12 13:00:00,0.004301071278006774
2018-12-12 13:30:00,0.004161578054674398
2018-12-12 14:00:00,0.003988381979108337
2018-12-12 14:30:00,0.003809938052485095
2018-12-12 15:00:00,0.003660527112632466
2018-12-12 15:30:00,0.0035299788516287237
2018-12-12 16:00:00,0.003426616181361113
2018-12-12 16:30:00,0.003459501766804805
2018-12-12 17:00:00,0.0034516534343311464
2018-12-12 17:30:00,0.003401646336515585
2018-12-12 18:00:00,0.0033291765021620833
2018-12-12 18:30:00,0.0032259607987478243
2018-12-12 19:00:00,0.003133398452799704
2018-12-12 19:30:00,0.0030404552534690037
2018-12-12 20:00:00,0.002959489020798625
2018-12-12 20:30:00,0.0029029619389434567
2018-12-12 21:00:00,0.0028509534702151488
2018-12-12 21:30:00,0.0028183153335934984
2018-12-12 22:00:00,0.0027979018645414386
2018-12-12 22:30:00,0.0027808594067239615
2018-12-12 23:00:00,0.002775006294234709
2018-12-12 23:30:00,0.002776088756787526
2018-12-13 00:00:00,0.0027805833712103763
2018-12-13 00:30:00,0.0027796111211932113
2018-12-13 01:00:00,0.002776866647552661
2018-12-13 01:30:00,0.002774344817351013
2018-12-13 02:00:00,0.0027787840734188086
2018-12-13 02:30:00,0.0027932457630409613
2018-12-13 03:00:00,0.0028087986878514316
2018-12-13 03:30:00,0.0028425957198731314
2018-12-13 04:00:00,0.0029010697722174554
2018-12-13 04:30:00,0.002980839951830522
2018-12-13 05:00:00,0.003102601914206315
2018-12-13 05:30:00,0.003262874687661826
2018-12-13 06:00:00,0.00348641636377189
2018-12-13 06:30:00,0.003768952601932626
2018-12-13 07:00:00,0.003975712125495832
2018-12-13 07:30:00,0.004003711201713551
2018-12-13 08:00:00,0.004112421398327905
2018-12-13 08:30:00,0.004242938854272507
2018-12-13 09:00:00,0.0043732431956753845
2018-12-13 09:30:00,0.0044996081699816455
2018-12-13 10:00:00,0.004597941246313228
2018-12-13 10:30:00,0.004646742358834733
2018-12-13 11:00:00,0.004640852441610337
2018-12-13 11:30:00,0.004591548667158156
2018-12-13 12:00:00,0.004520932077262805
2018-12-13 12:30:00,0.004426038630308999
2018-12-13 13:00:00,0.004303502104719468
2018-12-13 13:30:00,0.004162791400915484
2018-12-13 14:00:00,0.0039905828518525446
2018-12-13 14:30:00,0.00382086447083554
2018-12-13 15:00:00,0.0036738862231410854
2018-12-13 15:30:00,0.0035476601488969124
2018-12-13 16:00:00,0.0034475819231101256
2018-12-13 16:30:00,0.0034803085423484588
2018-12-13 17:00:00,0.003474446052214362
2018-12-13 17:30:00,0.0034269292232796244
2018-12-13 18:00:00,0.0033526260089414635
2018-12-13 18:30:00,0.003250348120429158
2018-12-13 19:00:00,0.00316082387932362
2018-12-13 19:30:00,0.003067574545264428
2018-12-13 20:00:00,0.0029854629290693682
2018-12-13 20:30:00,0.002925976796926011
2018-12-13 21:00:00,0.0028740674993128126
2018-12-13 21:30:00,0.00284864258660507
2018-12-13 22:00:00,0.002829720213500825
2018-12-13 22:30:00,0.00281182136495572
2018-12-13 23:00:00,0.002810380686453309
2018-12-13 23:30:00,0.0027988626193810517
2018-12-14 00:00:00,0.002804860329103722
2018-12-14 00:30:00,0.002804196079260528
2018-12-14 01:00:00,0.002799750319342274
2018-12-14 01:30:00,0.0028020120963605302
2018-12-14 02:00:00,0.002805210074922487
2018-12-14 02:30:00,0.0028308166921034643
2018-12-14 03:00:00,0.002849491061793769
2018-12-14 03:30:00,0.0028838149057024923
2018-12-14 04:00:00,0.0029511977206496502
2018-12-14 04:30:00,0.0030465607556899466
2018-12-14 05:00:00,0.0031842582104519334
2018-12-14 05:30:00,0.003352235929166375
2018-12-14 06:00:00,0.0035713799940185467
2018-12-14 06:30:00,0.0038508435409691536
2018-12-14 07:00:00,0.004061849171366814
2018-12-14 07:30:00,0.004090224160057463
2018-12-14 08:00:00,0.004197365819527864
2018-12-14 08:30:00,0.004324231489484428
2018-12-14 09:00:00,0.004448632653874769
2018-12-14 09:30:00,0.004563260799813165
2018-12-14 10:00:00,0.004647760438309771
2018-12-14 10:30:00,0.0046842614083459164
2018-12-14 11:00:00,0.004674310012972133
2018-12-14 11:30:00,0.004630219200704914
2018-12-14 12:00:00,0.004558936949277897
2018-12-14 12:30:00,0.004458035910782122
2018-12-14 13:00:00,0.004330862896078378
2018-12-14 13:30:00,0.004184370218800606
2018-12-14 14:00:00,0.004008710545182337
2018-12-14 14:30:00,0.0038363024438704896
2018-12-14 15:00:00,0.0036858165536644083
2018-12-14 15:30:00,0.00355008895891179
2018-12-14 16:00:00,0.0034446559970835668
2018-12-14 16:30:00,0.0034811143643783465
2018-12-14 17:00:00,0.00347663442143211
2018-12-14 17:30:00,0.0034345844065199415
2018-12-14 18:00:00,0.0033685836345861897
2018-12-14 18:30:00,0.0032660520454886135
2018-12-14 19:00:00,0.00317593091224694
2018-12-14 19:30:00,0.003080355367674267
2018-12-14 20:00:00,0.002997547688227964
2018-12-14 20:30:00,0.0029366990750400164
2018-12-14 21:00:00,0.002883788789465773
2018-12-14 21:30:00,0.002853200474921901
2018-12-14 22:00:00,0.002832093463490868
2018-12-14 22:30:00,0.002813412791619888
2018-12-14 23:00:00,0.002811901679946248
2018-12-14 23:30:00,0.002800123912612716
2018-12-15 00:00:00,0.00292401530621258
2018-12-15 00:30:00,0.002918200309312053
2018-12-15 01:00:00,0.0028957848139204577
2018-12-15 01:30:00,0.0029075809836215617
2018-12-15 02:00:00,0.0028777873488521435
2018-12-15 02:30:00,0.0028913952694538296
2018-12-15 03:00:00,0.00290451787172606
2018-12-15 03:30:00,0.002925074627157957
2018-12-15 04:00:00,0.0029789064932167347
2018-12-15 04:30:00,0.003017011443860954
2018-12-15 05:00:00,0.003034455879970635
2018-12-15 05:30:00,0.003067597737289314
2018-12-15 06:00:00,0.003115365140927707
2018-12-15 06:30:00,0.0032027171463980273
2018-12-15 07:00:00,0.003254102657170927
2018-12-15 07:30:00,0.003113139765305033
2018-12-15 08:00:00,0.0031020409192913075
2018-12-15 08:30:00,0.003087234223090257
2018-12-15 09:00:00,0.0031014504301707393
2018-12-15 09:30:00,0.0031007077307824977
2018-12-15 10:00:00,0.00310177214388986
2018-12-15 10:30:00,0.003082603985739272
2018-12-15 11:00:00,0.003040501536683884
2018-12-15 11:30:00,0.003019758740878447
2018-12-15 12:00:00,0.0029852001029264793
2018-12-15 12:30:00,0.002959463459153805
2018-12-15 13:00:00,0.00294604672150509
2018-12-15 13:30:00,0.0029390504942761997
2018-12-15 14:00:00,0.00293279807561935
2018-12-15 14:30:00,0.0029347546758405774
2018-12-15 15:00:00,0.002937976098514647
2018-12-15 15:30:00,0.002946348217828604
2018-12-15 16:00:00,0.002944093196748033
2018-12-15 16:30:00,0.00306138595509346
2018-12-15 17:00:00,0.0031509014235634983
2018-12-15 17:30:00,0.0031966804135726153
2018-12-15 18:00:00,0.003220625775927541
2018-12-15 18:30:00,0.003209902489464627
2018-12-15 19:00:00,0.003179691499082157
2018-12-15 19:30:00,0.0031453803603696756
2018-12-15 20:00:00,0.003100033952042122
2018-12-15 20:30:00,0.0030696809861333945
2018-12-15 21:00:00,0.0030145574755408196
2018-12-15 21:30:00,0.0029599574997013164
2018-12-15 22:00:00,0.0029352308181949697
2018-12-15 22:30:00,0.002893041701550933
2018-12-15 23:00:00,0.002872043591801972
2018-12-15 23:30:00,0.0028533308040182698
2018-12-16 00:00:00,0.002685107854849384
2018-12-16 00:30:00,0.002553702295603998
2018-12-16 01:00:00,0.0025396405171587873
2018-12-16 01:30:00,0.0025349180158827133
2018-12-16 02:00:00,0.0025579625697406106
2018-12-16 02:30:00,0.0025739965778151233
2018-12-16 03:00:00,0.002597765025354127
2018-12-16 03:30:00,0.002604708213430453
2018-12-16 04:00:00,0.002624552015766896
2018-12-16 04:30:00,0.002652117552371589
2018-12-16 05:00:00,0.002694539698448281
2018-12-16 05:30:00,0.0027270934362663263
2018-12-16 06:00:00,0.002706815539724957
2018-12-16 06:30:00,0.002725304322798731
2018-12-16 07:00:00,0.0027248085176406305
2018-12-16 07:30:00,0.0024930688640730334
2018-12-16 08:00:00,0.0024767682989646714
2018-12-16 08:30:00,0.0024478153750973593
2018-12-16 09:00:00,0.0024031035207376576
2018-12-16 09:30:00,0.002369055611507629
2018-12-16 10:00:00,0.002327545567435734
2018-12-16 10:30:00,0.002272010650488665
2018-12-16 11:00:00,0.002211682597424511
2018-12-16 11:30:00,0.002184016578851128
2018-12-16 12:00:00,0.0021635924717180884
2018-12-16 12:30:00,0.0021559449015120277
2018-12-16 13:00:00,0.002156752185647832
2018-12-16 13:30:00,0.0021568101152926004
2018-12-16 14:00:00,0.002157891670331401
2018-12-16 14:30:00,0.0021600597717360967
2018-12-16 15:00:00,0.00215909301722048
2018-12-16 15:30:00,0.0021584915875142597
2018-12-16 16:00:00,0.002143945146166383
2018-12-16 16:30:00,0.002247894372993821
2018-12-16 17:00:00,0.002328925392081543
2018-12-16 17:30:00,0.002365142058143057
2018-12-16 18:00:00,0.002391464199709204
2018-12-16 18:30:00,0.002377074002024634
2018-12-16 19:00:00,0.002369327512790691
2018-12-16 19:30:00,0.0023661914972691353
2018-12-16 20:00:00,0.002366550973654864
2018-12-16 20:30:00,0.002376336798137941
2018-12-16 21:00:00,0.002383845922038923
2018-12-16 21:30:00,0.0024050961190149028
2018-12-16 22:00:00,0.0024255698873316654
2018-12-16 22:30:00,0.002443298677833423
2018-12-16 23:00:00,0.0024685491965975147
2018-12-16 23:30:00,0.0024844816639369837
2018-12-17 00:00:00,0.0026396692330141877
2018-12-17 00:30:00,0.00275174983585378
2018-12-17 01:00:00,0.0027819761027222077
2018-12-17 01:30:00,0.0028122290908366996
2018-12-17 02:00:00,0.002814527420502873
2018-12-17 02:30:00,0.0028351363075733178
2018-12-17 03:00:00,0.0028584947604462984
2018-12-17 03:30:00,0.0028940343202160405
2018-12-17 04:00:00,0.002956522407893626
2018-12-17 04:30:00,0.003052777730882677
2018-12-17 05:00:00,0.0031712095705721103
2018-12-17 05:30:00,0.003315497845884496
2018-12-17 06:00:00,0.0035419255174043585
2018-12-17 06:30:00,0.003874490835386853
2018-12-17 07:00:00,0.004094547556835722
2018-12-17 07:30:00,0.00409291811541772
2018-12-17 08:00:00,0.00419379979361446
2018-12-17 08:30:00,0.004316698165209652
2018-12-17 09:00:00,0.004430879864668998
2018-12-17 09:30:00,0.004545254410857014
2018-12-17 10:00:00,0.004632471499243434
2018-12-17 10:30:00,0.004670524973675896
2018-12-17 11:00:00,0.004658163170654808
2018-12-17 11:30:00,0.004605676895796409
2018-12-17 12:00:00,0.004532809318216119
2018-12-17 12:30:00,0.004439652651421579
2018-12-17 13:00:00,0.004314625151106989
2018-12-17 13:30:00,0.004165547621820814
2018-12-17 14:00:00,0.003987355076580355
2018-12-17 14:30:00,0.0038107065151879384
2018-12-17 15:00:00,0.0036583751448102993
2018-12-17 15:30:00,0.0035267054485684434
2018-12-17 16:00:00,0.003420699593308098
2018-12-17 16:30:00,0.003435984398143911
2018-12-17 17:00:00,0.003438741980320267
2018-12-17 17:30:00,0.0033906441911621434
2018-12-17 18:00:00,0.003326920018975596
2018-12-17 18:30:00,0.00322883454271839
2018-12-17 19:00:00,0.0031249651267070263
2018-12-17 19:30:00,0.0030385764977834797
2018-12-17 20:00:00,0.002963438269714543
2018-12-17 20:30:00,0.0028963378932965363
2018-12-17 21:00:00,0.002849942550017359
2018-12-17 21:30:00,0.0028178115120615797
2018-12-17 22:00:00,0.002803991031510071
2018-12-17 22:30:00,0.0027956872278346355
2018-12-17 23:00:00,0.002797697623470108
2018-12-17 23:30:00,0.002796666385041821
2018-12-18 00:00:00,0.0027993687096980143
2018-12-18 00:30:00,0.0028072644849877967
2018-12-18 01:00:00,0.0028095390176197397
2018-12-18 01:30:00,0.002815846845049088
2018-12-18 02:00:00,0.0028268317476362013
2018-12-18 02:30:00,0.002845780337812057
2018-12-18 03:00:00,0.0028661248862162495
2018-12-18 03:30:00,0.0029029154036413485
2018-12-18 04:00:00,0.002969030875263394
2018-12-18 04:30:00,0.00305761563769128
2018-12-18 05:00:00,0.003188451278133823
2018-12-18 05:30:00,0.0033547116778229243
2018-12-18 06:00:00,0.0035921039336994027
2018-12-18 06:30:00,0.003875222644606887
2018-12-18 07:00:00,0.0041064685097142
2018-12-18 07:30:00,0.004122415749365173
2018-12-18 08:00:00,0.004208121675660507
2018-12-18 08:30:00,0.004328131077216623
2018-12-18 09:00:00,0.004441238935506315
2018-12-18 09:30:00,0.0045563065703162955
2018-12-18 10:00:00,0.004641687808263231
2018-12-18 10:30:00,0.004668494663149489
2018-12-18 11:00:00,0.004653651515135412
2018-12-18 11:30:00,0.004602482748960303
2018-12-18 12:00:00,0.004530902782518177
2018-12-18 12:30:00,0.004440099551657637
2018-12-18 13:00:00,0.004317722698117701
2018-12-18 13:30:00,0.004172125132165626
2018-12-18 14:00:00,0.003993948216333242
2018-12-18 14:30:00,0.003824535465870274
2018-12-18 15:00:00,0.003673356487042228
2018-12-18 15:30:00,0.0035398742332206634
2018-12-18 16:00:00,0.003429044436784092
2018-12-18 16:30:00,0.0034365032944920063
2018-12-18 17:00:00,0.003433356086297571
2018-12-18 17:30:00,0.003395270697622168
2018-12-18 18:00:00,0.003335738584768603
2018-12-18 18:30:00,0.0032350736511696527
2018-12-18 19:00:00,0.003131290499407375
2018-12-18 19:30:00,0.0030437922833453836
2018-12-18 20:00:00,0.0029691728507896505
2018-12-18 20:30:00,0.0029022383477670223
2018-12-18 21:00:00,0.002851929753627946
2018-12-18 21:30:00,0.0028209122857887976
2018-12-18 22:00:00,0.002802716276820484
2018-12-18 22:30:00,0.002792198844787153
2018-12-18 23:00:00,0.0027850539365117674
2018-12-18 23:30:00,0.0027839612896349785
2018-12-19 00:00:00,0.0027864187871762917
2018-12-19 00:30:00,0.0027827440108331514
2018-12-19 01:00:00,0.002779575274389529
2018-12-19 01:30:00,0.00277961661669476
2018-12-19 02:00:00,0.0027891132467110016
2018-12-19 02:30:00,0.00281120939800341
2018-12-19 03:00:00,0.002830220253724339
2018-12-19 03:30:00,0.002865453376260918
2018-12-19 04:00:00,0.0029238742382003404
2018-12-19 04:30:00,0.0030199045985480006
2018-12-19 05:00:00,0.0031411932419463436
2018-12-19 05:30:00,0.0032871455954617238
2018-12-19 06:00:00,0.0035162909689586274
2018-12-19 06:30:00,0.003827492600295538
2018-12-19 07:00:00,0.004055491985258415
2018-12-19 07:30:00,0.004073439133716217
2018-12-19 08:00:00,0.004163992041960328
2018-12-19 08:30:00,0.0042856063316385334
2018-12-19 09:00:00,0.004403455748998663
2018-12-19 09:30:00,0.004525791260233368
2018-12-19 10:00:00,0.0046223210053777525
2018-12-19 10:30:00,0.004665139936749772
2018-12-19 11:00:00,0.004663837351630322
2018-12-19 11:30:00,0.004618953624199239
2018-12-19 12:00:00,0.00455036628606394
2018-12-19 12:30:00,0.004461787977069066
2018-12-19 13:00:00,0.004346627120402534
2018-12-19 13:30:00,0.004205182590680699
2018-12-19 14:00:00,0.004032606448023322
2018-12-19 14:30:00,0.0038614877728776744
2018-12-19 15:00:00,0.00371484560787428
2018-12-19 15:30:00,0.003586432828188058
2018-12-19 16:00:00,0.0034879551546230566
2018-12-19 16:30:00,0.0035116195405547473
2018-12-19 17:00:00,0.0035228960576460756
2018-12-19 17:30:00,0.0034800354310467073
2018-12-19 18:00:00,0.003418722624438928
2018-12-19 18:30:00,0.0033183214244968846
2018-12-19 19:00:00,0.0032294018398140727
2018-12-19 19:30:00,0.003142314173010004
2018-12-19 20:00:00,0.0030670063406547285
2018-12-19 20:30:00,0.0030094146440224154
2018-12-19 21:00:00,0.002958764270020947
2018-12-19 21:30:00,0.0029438880481626848
2018-12-19 22:00:00,0.0029295484695932997
2018-12-19 22:30:00,0.0029113411671172155
2018-12-19 23:00:00,0.0029163209990346302
2018-12-19 23:30:00,0.0029065933058661036
2018-12-20 00:00:00,0.0029226036681587212
2018-12-20 00:30:00,0.002915636935135393
2018-12-20 01:00:00,0.0029067818671119133
2018-12-20 01:30:00,0.0029218294074496573
2018-12-20 02:00:00,0.002926162786882105
2018-12-20 02:30:00,0.002961266134914215
2018-12-20 03:00:00,0.0029828529187557098
2018-12-20 03:30:00,0.003007162395901341
2018-12-20 04:00:00,0.0030756195057751613
2018-12-20 04:30:00,0.0031724954170996864
2018-12-20 05:00:00,0.003329727111083338
2018-12-20 05:30:00,0.003508337616946194
2018-12-20 06:00:00,0.0037402991072735666
2018-12-20 06:30:00,0.004037510250433067
2018-12-20 07:00:00,0.0042716888479220685
2018-12-20 07:30:00,0.004287709949130558
2018-12-20 08:00:00,0.004362824682669937
2018-12-20 08:30:00,0.004470902039509584
2018-12-20 09:00:00,0.004567053401726213
2018-12-20 09:30:00,0.004672572627803522
2018-12-20 10:00:00,0.004757939849700635
2018-12-20 10:30:00,0.004796020952893177
2018-12-20 11:00:00,0.004784640323777091
2018-12-20 11:30:00,0.004730694010117247
2018-12-20 12:00:00,0.004654857197924796
2018-12-20 12:30:00,0.004555950320647073
2018-12-20 13:00:00,0.004425246824328933
2018-12-20 13:30:00,0.004272117749130118
2018-12-20 14:00:00,0.0040914047853764825
2018-12-20 14:30:00,0.003914413082850648
2018-12-20 15:00:00,0.003760616833596805
2018-12-20 15:30:00,0.0036291000534668582
2018-12-20 16:00:00,0.0035251412473247933
2018-12-20 16:30:00,0.0035423837111481873
2018-12-20 17:00:00,0.0035467645333967608
2018-12-20 17:30:00,0.003504657042596832
2018-12-20 18:00:00,0.003445610399325059
2018-12-20 18:30:00,0.0033463755565649855
2018-12-20 19:00:00,0.0032459248466915553
2018-12-20 19:30:00,0.0031500173536583445
2018-12-20 20:00:00,0.0030652663337789564
2018-12-20 20:30:00,0.003010294226774928
2018-12-20 21:00:00,0.0029624229631990025
2018-12-20 21:30:00,0.002943316415166698
2018-12-20 22:00:00,0.002930148336358713
2018-12-20 22:30:00,0.002906102744122325
2018-12-20 23:00:00,0.0029025955553677076
2018-12-20 23:30:00,0.0028928511740247526
2018-12-21 00:00:00,0.0028986058716605765
2018-12-21 00:30:00,0.00289523995258798
2018-12-21 01:00:00,0.002884221421564782
2018-12-21 01:30:00,0.002897852786278581
2018-12-21 02:00:00,0.0029029947102829686
2018-12-21 02:30:00,0.0029274143999642524
2018-12-21 03:00:00,0.0029511087842759576
2018-12-21 03:30:00,0.002984215450217745
2018-12-21 04:00:00,0.0030602398153070976
2018-12-21 04:30:00,0.003150799580323783
2018-12-21 05:00:00,0.0033010910104429424
2018-12-21 05:30:00,0.003477136175848767
2018-12-21 06:00:00,0.0036903631988909145
2018-12-21 06:30:00,0.003965635594022557
2018-12-21 07:00:00,0.004189754247377822
2018-12-21 07:30:00,0.004212903568687267
2018-12-21 08:00:00,0.004293340519015798
2018-12-21 08:30:00,0.004397460308061036
2018-12-21 09:00:00,0.0044978258628691785
2018-12-21 09:30:00,0.004600916228514164
2018-12-21 10:00:00,0.004686041295421004
2018-12-21 10:30:00,0.004722828535712152
2018-12-21 11:00:00,0.004710171740218006
2018-12-21 11:30:00,0.004656679687741249
2018-12-21 12:00:00,0.004582045331621676
2018-12-21 12:30:00,0.0044827741883009115
2018-12-21 13:00:00,0.004356295068898257
2018-12-21 13:30:00,0.004208373914139862
2018-12-21 14:00:00,0.004028895219867155
2018-12-21 14:30:00,0.003854457110533573
2018-12-21 15:00:00,0.0037010242702262
2018-12-21 15:30:00,0.003563166034230821
2018-12-21 16:00:00,0.0034532216185529834
2018-12-21 16:30:00,0.0034661543991432687
2018-12-21 17:00:00,0.0034719194827728464
2018-12-21 17:30:00,0.0034290123712888147
2018-12-21 18:00:00,0.003381889453855017
2018-12-21 18:30:00,0.0032870710280599714
2018-12-21 19:00:00,0.0031856927884434502
2018-12-21 19:30:00,0.003091490463831238
2018-12-21 20:00:00,0.0030061728022829567
2018-12-21 20:30:00,0.0029482158312586935
2018-12-21 21:00:00,0.002905439149705922
2018-12-21 21:30:00,0.002882035270714633
2018-12-21 22:00:00,0.0028735590897933615
2018-12-21 22:30:00,0.0028581491992755014
2018-12-21 23:00:00,0.0028498687892947335
2018-12-21 23:30:00,0.002849121249831733
2018-12-22 00:00:00,0.002984578657494433
2018-12-22 00:30:00,0.002987698892355578
2018-12-22 01:00:00,0.002971431048169282
2018-12-22 01:30:00,0.0029834599447983706
2018-12-22 02:00:00,0.002965607530720482
2018-12-22 02:30:00,0.002973102537736752
2018-12-22 03:00:00,0.0029787116297902497
2018-12-22 03:30:00,0.0029916211175207586
2018-12-22 04:00:00,0.0030389976851223823
2018-12-22 04:30:00,0.0030786992050102014
2018-12-22 05:00:00,0.0030924629155181845
2018-12-22 05:30:00,0.003141835459365896
2018-12-22 06:00:00,0.0031991409865780975
2018-12-22 06:30:00,0.0032850541789914874
2018-12-22 07:00:00,0.0033593698968561085
2018-12-22 07:30:00,0.0032066932173949
2018-12-22 08:00:00,0.0031624399097011447
2018-12-22 08:30:00,0.0031278452232757128
2018-12-22 09:00:00,0.003121573696407055
2018-12-22 09:30:00,0.003117121987230244
2018-12-22 10:00:00,0.003102770711813526
2018-12-22 10:30:00,0.0030908836394583587
2018-12-22 11:00:00,0.0030537813405508837
2018-12-22 11:30:00,0.003035528359869263
2018-12-22 12:00:00,0.0029985414160768713
2018-12-22 12:30:00,0.0029678633584801803
2018-12-22 13:00:00,0.0029500072639287774
2018-12-22 13:30:00,0.0029416436651630937
2018-12-22 14:00:00,0.002936272694704237
2018-12-22 14:30:00,0.0029406462568406727
2018-12-22 15:00:00,0.002945730352035182
2018-12-22 15:30:00,0.002959661398044461
2018-12-22 16:00:00,0.0029637134985490018
2018-12-22 16:30:00,0.0030686614445524416
2018-12-22 17:00:00,0.0031815716160387064
2018-12-22 17:30:00,0.0032338448267728286
2018-12-22 18:00:00,0.003268169275690896
2018-12-22 18:30:00,0.0032673882086267023
2018-12-22 19:00:00,0.00323618167536729
2018-12-22 19:30:00,0.0032093975587489092
2018-12-22 20:00:00,0.003160831794862548
2018-12-22 20:30:00,0.003129099105142903
2018-12-22 21:00:00,0.0030779032647996127
2018-12-22 21:30:00,0.003019400373676518
2018-12-22 22:00:00,0.0029977271239161555
2018-12-22 22:30:00,0.0029554329877333426
2018-12-22 23:00:00,0.002933571227144616
2018-12-22 23:30:00,0.002925364930808592
2018-12-23 00:00:00,0.002739866595224463
2018-12-23 00:30:00,0.0026094797204634593
2018-12-23 01:00:00,0.002595994616758776
2018-12-23 01:30:00,0.0025847002518917745
2018-12-23 02:00:00,0.002609838138082834
2018-12-23 02:30:00,0.00261801403269928
2018-12-23 03:00:00,0.0026494782999395955
2018-12-23 03:30:00,0.002658439849607768
2018-12-23 04:00:00,0.0026732761408492702
2018-12-23 04:30:00,0.002694985439083096
2018-12-23 05:00:00,0.002723572382714222
2018-12-23 05:30:00,0.0027681140781956864
2018-12-23 06:00:00,0.00275246480564705
2018-12-23 06:30:00,0.002771034105381133
2018-12-23 07:00:00,0.002784277054095542
2018-12-23 07:30:00,0.0025586019637832205
2018-12-23 08:00:00,0.0025502610024505227
2018-12-23 08:30:00,0.002524076046753319
2018-12-23 09:00:00,0.0024783677420026585
2018-12-23 09:30:00,0.002455070243821171
2018-12-23 10:00:00,0.002406552880682397
2018-12-23 10:30:00,0.002358795005941185
2018-12-23 11:00:00,0.002293090587751516
2018-12-23 11:30:00,0.0022605038265067325
2018-12-23 12:00:00,0.0022376504556018057
2018-12-23 12:30:00,0.002211336078322251
2018-12-23 13:00:00,0.002204243755442422
2018-12-23 13:30:00,0.002194680675233138
2018-12-23 14:00:00,0.0022008469808932384
2018-12-23 14:30:00,0.002208316627934469
2018-12-23 15:00:00,0.00220155282512889
2018-12-23 15:30:00,0.002207497899038558
2018-12-23 16:00:00,0.002194758872690959
2018-12-23 16:30:00,0.0022913104485892026
2018-12-23 17:00:00,0.0023831726978904475
2018-12-23 17:30:00,0.002421658401082355
2018-12-23 18:00:00,0.0024612418433130378
2018-12-23 18:30:00,0.0024526831794510866
2018-12-23 19:00:00,0.0024476405273966993
2018-12-23 19:30:00,0.0024422054259472894
2018-12-23 20:00:00,0.0024353832901573783
2018-12-23 20:30:00,0.0024532111509393546
2018-12-23 21:00:00,0.0024623033826260132
2018-12-23 21:30:00,0.0024827263805752542
2018-12-23 22:00:00,0.0025065866886997833
2018-12-23 22:30:00,0.002516178204348275
2018-12-23 23:00:00,0.002546533943216499
2018-12-23 23:30:00,0.002562241901671586
2018-12-24 00:00:00,0.0027140005298694385
2018-12-24 00:30:00,0.002833593886666082
2018-12-24 01:00:00,0.0028576018170707535
2018-12-24 01:30:00,0.002897395298378988
2018-12-24 02:00:00,0.002907275605154752
2018-12-24 02:30:00,0.002921959383623908
2018-12-24 03:00:00,0.0029373180500172373
2018-12-24 03:30:00,0.0029689952805469393
2018-12-24 04:00:00,0.003037460104289906
2018-12-24 04:30:00,0.0031271411940680957
2018-12-24 05:00:00,0.0032523268539089182
2018-12-24 05:30:00,0.0034056305247211673
2018-12-24 06:00:00,0.0036268931810466472
2018-12-24 06:30:00,0.0039292444331825
2018-12-24 07:00:00,0.004145842417041785
2018-12-24 07:30:00,0.004165135055865075
2018-12-24 08:00:00,0.004266733266795893
2018-12-24 08:30:00,0.004393671235369167
2018-12-24 09:00:00,0.00450648127780886
2018-12-24 09:30:00,0.004624154183692631
2018-12-24 10:00:00,0.004716271494850172
2018-12-24 10:30:00,0.004743548744502047
2018-12-24 11:00:00,0.0047245121254665175
2018-12-24 11:30:00,0.004670322749302382
2018-12-24 12:00:00,0.004597960707447155
2018-12-24 12:30:00,0.004500036567015241
2018-12-24 13:00:00,0.004374627608308725
2018-12-24 13:30:00,0.004232354014114671
2018-12-24 14:00:00,0.004054081607640692
2018-12-24 14:30:00,0.003874636440969178
2018-12-24 15:00:00,0.003723718826178105
2018-12-24 15:30:00,0.003599972181063995
2018-12-24 16:00:00,0.003504531049400768
2018-12-24 16:30:00,0.003502128002700492
2018-12-24 17:00:00,0.003513621062719829
2018-12-24 17:30:00,0.0034605169724854536
2018-12-24 18:00:00,0.003393183667469682
2018-12-24 18:30:00,0.0032962589016405607
2018-12-24 19:00:00,0.0032012073959954137
2018-12-24 19:30:00,0.0031085987668324124
2018-12-24 20:00:00,0.0030227723428425625
2018-12-24 20:30:00,0.0029588067719274226
2018-12-24 21:00:00,0.002908756012604141
2018-12-24 21:30:00,0.0028952755473044345
2018-12-24 22:00:00,0.0028870265978095987
2018-12-24 22:30:00,0.0028699803082662704
2018-12-24 23:00:00,0.002880865636398712
2018-12-24 23:30:00,0.002874507946115859
2018-12-25 00:00:00,0.002889621029132628
2018-12-25 00:30:00,0.002901346664827612
2018-12-25 01:00:00,0.002902076810271949
2018-12-25 01:30:00,0.0029258680464962755
2018-12-25 02:00:00,0.0029339336781596236
2018-12-25 02:30:00,0.0029654724119668003
2018-12-25 03:00:00,0.0029858035493305164
2018-12-25 03:30:00,0.0030146729819082395
2018-12-25 04:00:00,0.0031008794526015426
2018-12-25 04:30:00,0.003189836295776508
2018-12-25 05:00:00,0.0033375653600679145
2018-12-25 05:30:00,0.003511772507084103
2018-12-25 06:00:00,0.003729292323515148
2018-12-25 06:30:00,0.004045298384476913
2018-12-25 07:00:00,0.004268772803714809
2018-12-25 07:30:00,0.004287066521692315
2018-12-25 08:00:00,0.004382483755486421
2018-12-25 08:30:00,0.0044968921317803025
2018-12-25 09:00:00,0.00459649527397905
2018-12-25 09:30:00,0.004708918513777607
2018-12-25 10:00:00,0.0047972526510843905
2018-12-25 10:30:00,0.004830040124179326
2018-12-25 11:00:00,0.004812923250212433
2018-12-25 11:30:00,0.0047533814572093495
2018-12-25 12:00:00,0.004673722700150625
2018-12-25 12:30:00,0.0045717482238247596
2018-12-25 13:00:00,0.004443037628288538
2018-12-25 13:30:00,0.004296456518811527
2018-12-25 14:00:00,0.004116675067779171
2018-12-25 14:30:00,0.003939034896070555
2018-12-25 15:00:00,0.0037863606366467257
2018-12-25 15:30:00,0.003653963013328131
2018-12-25 16:00:00,0.0035554281159625965
2018-12-25 16:30:00,0.003552054130098736
2018-12-25 17:00:00,0.0035708174361627322
2018-12-25 17:30:00,0.003529300031143809
2018-12-25 18:00:00,0.0034710059690795762
2018-12-25 18:30:00,0.003362522903056765
2018-12-25 19:00:00,0.0032518582237538902
2018-12-25 19:30:00,0.003165991869147281
2018-12-25 20:00:00,0.0030886578604961217
2018-12-25 20:30:00,0.003036056785114539
2018-12-25 21:00:00,0.0029873363405056794
2018-12-25 21:30:00,0.0029704650499153473
2018-12-25 22:00:00,0.002974728248263794
2018-12-25 22:30:00,0.0029556598158202137
2018-12-25 23:00:00,0.002956970215643702
2018-12-25 23:30:00,0.0029491047412386062
2018-12-26 00:00:00,0.002963342728655503
2018-12-26 00:30:00,0.00297140014227525
2018-12-26 01:00:00,0.0029653287726648454
2018-12-26 01:30:00,0.0029740173622836014
2018-12-26 02:00:00,0.0029805243386222943
2018-12-26 02:30:00,0.003003122446001142
2018-12-26 03:00:00,0.0030292226499726215
2018-12-26 03:30:00,0.003071662139650533
2018-12-26 04:00:00,0.0031524837750874935
2018-12-26 04:30:00,0.003251803571243073
2018-12-26 05:00:00,0.0034053708748773377
2018-12-26 05:30:00,0.003590024819085845
2018-12-26 06:00:00,0.0038190348217418397
2018-12-26 06:30:00,0.004113032205678972
2018-12-26 07:00:00,0.004349248272971628
2018-12-26 07:30:00,0.0043846405129659
2018-12-26 08:00:00,0.004451506549097671
2018-12-26 08:30:00,0.004529788960314319
2018-12-26 09:00:00,0.004602026319827063
2018-12-26 09:30:00,0.0047004427361958985
2018-12-26 10:00:00,0.0047762546925877655
2018-12-26 10:30:00,0.0047988523462096045
2018-12-26 11:00:00,0.00477317736297266
2018-12-26 11:30:00,0.004711108748440834
2018-12-26 12:00:00,0.004634652255426926
2018-12-26 12:30:00,0.004540740637804911
2018-12-26 13:00:00,0.004416470357102838
2018-12-26 13:30:00,0.004269782866816027
2018-12-26 14:00:00,0.004089397465205179
2018-12-26 14:30:00,0.00391350415714491
2018-12-26 15:00:00,0.0037631229335554866
2018-12-26 15:30:00,0.003638759985588762
2018-12-26 16:00:00,0.0035370502512687115
2018-12-26 16:30:00,0.00352602123341687
2018-12-26 17:00:00,0.0035384461590796043
2018-12-26 17:30:00,0.0035058987234422344
2018-12-26 18:00:00,0.0034535226107020437
2018-12-26 18:30:00,0.0033574540843482135
2018-12-26 19:00:00,0.003254407027288829
2018-12-26 19:30:00,0.003165352525522117
2018-12-26 20:00:00,0.003083599175694096
2018-12-26 20:30:00,0.003014533930593816
2018-12-26 21:00:00,0.0029642722750964105
2018-12-26 21:30:00,0.002940160636006544
2018-12-26 22:00:00,0.0029254506908832235
2018-12-26 22:30:00,0.0029094161786342564
2018-12-26 23:00:00,0.0029020553324402066
2018-12-26 23:30:00,0.002900432243620326
2018-12-27 00:00:00,0.002909889749698934
2018-12-27 00:30:00,0.002928143940399244
2018-12-27 01:00:00,0.002933129469487989
2018-12-27 01:30:00,0.0029303933651433755
2018-12-27 02:00:00,0.0029455341273376704
2018-12-27 02:30:00,0.002968001199775914
2018-12-27 03:00:00,0.0029958160002306828
2018-12-27 03:30:00,0.0030396570948908177
2018-12-27 04:00:00,0.0031104223658326643
2018-12-27 04:30:00,0.0032085924425632574
2018-12-27 05:00:00,0.0033490058346916964
2018-12-27 05:30:00,0.003526548095721339
2018-12-27 06:00:00,0.0037623360180676258
2018-12-27 06:30:00,0.004038259100749649
2018-12-27 07:00:00,0.004264360420145413
2018-12-27 07:30:00,0.004310606174864078
2018-12-27 08:00:00,0.0043755913377776165
2018-12-27 08:30:00,0.0044692391713252785
2018-12-27 09:00:00,0.004550112887983342
2018-12-27 09:30:00,0.004651644043711772
2018-12-27 10:00:00,0.004731761649941116
2018-12-27 10:30:00,0.004758366129201523
2018-12-27 11:00:00,0.004742436938996005
2018-12-27 11:30:00,0.004694219559657383
2018-12-27 12:00:00,0.004626299798916676
2018-12-27 12:30:00,0.004533695808158652
2018-12-27 13:00:00,0.004413271269357083
2018-12-27 13:30:00,0.004272544482388015
2018-12-27 14:00:00,0.004096684853181275
2018-12-27 14:30:00,0.003920185224922582
2018-12-27 15:00:00,0.003767347562558199
2018-12-27 15:30:00,0.0036343746257701025
2018-12-27 16:00:00,0.0035229228797270303
2018-12-27 16:30:00,0.003507097650293935
2018-12-27 17:00:00,0.003513016960889002
2018-12-27 17:30:00,0.003467131942992201
2018-12-27 18:00:00,0.003404170889259284
2018-12-27 18:30:00,0.0033051258681811553
2018-12-27 19:00:00,0.003205869799676567
2018-12-27 19:30:00,0.0031166689864832926
2018-12-27 20:00:00,0.0030386214197273345
2018-12-27 20:30:00,0.002985628953717083
2018-12-27 21:00:00,0.0029444344724359702
2018-12-27 21:30:00,0.002918503671081047
2018-12-27 22:00:00,0.0028977070294439198
2018-12-27 22:30:00,0.0028820956203967803
2018-12-27 23:00:00,0.002870755426071907
2018-12-27 23:30:00,0.002863127922009117
2018-12-28 00:00:00,0.002868297676443367
2018-12-28 00:30:00,0.0028649739567725738
2018-12-28 01:00:00,0.002861508917002313
2018-12-28 01:30:00,0.002867555682899361
2018-12-28 02:00:00,0.002883870112805209
2018-12-28 02:30:00,0.0029099386546209754
2018-12-28 03:00:00,0.0029326185895137136
2018-12-28 03:30:00,0.002978130820819199
2018-12-28 04:00:00,0.003044491976652696
2018-12-28 04:30:00,0.003141137127329609
2018-12-28 05:00:00,0.003282620125562287
2018-12-28 05:30:00,0.003457820899592491
2018-12-28 06:00:00,0.003696441021934331
2018-12-28 06:30:00,0.003966515075940179
2018-12-28 07:00:00,0.0042039720678165565
2018-12-28 07:30:00,0.004264130163672254
2018-12-28 08:00:00,0.004318397787711657
2018-12-28 08:30:00,0.0044172865147090335
2018-12-28 09:00:00,0.004511595220131047
2018-12-28 09:30:00,0.004619407028285755
2018-12-28 10:00:00,0.0047007232084446795
2018-12-28 10:30:00,0.004730990010939212
2018-12-28 11:00:00,0.004713607285782705
2018-12-28 11:30:00,0.004658798228797112
2018-12-28 12:00:00,0.00458337836887815
2018-12-28 12:30:00,0.004486193499448191
2018-12-28 13:00:00,0.004360442357539721
2018-12-28 13:30:00,0.004213806293047221
2018-12-28 14:00:00,0.004033971752444854
2018-12-28 14:30:00,0.0038608977375141143
2018-12-28 15:00:00,0.0037096028993965306
2018-12-28 15:30:00,0.003567860856329368
2018-12-28 16:00:00,0.0034501844212244193
2018-12-28 16:30:00,0.0034207773874263556
2018-12-28 17:00:00,0.0034452763837492595
2018-12-28 17:30:00,0.0034000016186116243
2018-12-28 18:00:00,0.0033497506516126448
2018-12-28 18:30:00,0.0032574991292154383
2018-12-28 19:00:00,0.0031650447270179273
2018-12-28 19:30:00,0.0030827102152967377
2018-12-28 20:00:00,0.003009577290701287
2018-12-28 20:30:00,0.002953415079898505
2018-12-28 21:00:00,0.002911993720113076
2018-12-28 21:30:00,0.002889189707887199
2018-12-28 22:00:00,0.0028740865066897298
2018-12-28 22:30:00,0.0028606731470098563
2018-12-28 23:00:00,0.002850142404770939
2018-12-28 23:30:00,0.0028507921848073027
2018-12-29 00:00:00,0.0029695071184526775
2018-12-29 00:30:00,0.002972009336268063
2018-12-29 01:00:00,0.0029538891551376357
2018-12-29 01:30:00,0.002954403211410972
2018-12-29 02:00:00,0.002939869576094228
2018-12-29 02:30:00,0.0029439499103681953
2018-12-29 03:00:00,0.0029506452967003613
2018-12-29 03:30:00,0.0029640390439939733
2018-12-29 04:00:00,0.003000224804161455
2018-12-29 04:30:00,0.0030577373454044846
2018-12-29 05:00:00,0.0030546335466305422
2018-12-29 05:30:00,0.0030808638276111633
2018-12-29 06:00:00,0.003128234294701893
2018-12-29 06:30:00,0.0032106926820864396
2018-12-29 07:00:00,0.0032697955912272835
2018-12-29 07:30:00,0.0031594622553756018
2018-12-29 08:00:00,0.0030990809614891016
2018-12-29 08:30:00,0.0030655904675354565
2018-12-29 09:00:00,0.0030546714101320404
2018-12-29 09:30:00,0.003062301283814764
2018-12-29 10:00:00,0.0030460882433916226
2018-12-29 10:30:00,0.0030365355491760926
2018-12-29 11:00:00,0.0029974935903090455
2018-12-29 11:30:00,0.0029804205291022083
2018-12-29 12:00:00,0.002940640862174014
2018-12-29 12:30:00,0.002910136694346521
2018-12-29 13:00:00,0.002895606386581174
2018-12-29 13:30:00,0.0028889329822552037
2018-12-29 14:00:00,0.002884461106100231
2018-12-29 14:30:00,0.002889027313295554
2018-12-29 15:00:00,0.0028914664084692945
2018-12-29 15:30:00,0.0028989069142270818
2018-12-29 16:00:00,0.002898601485342826
2018-12-29 16:30:00,0.00296395998943958
2018-12-29 17:00:00,0.003088302316671135
2018-12-29 17:30:00,0.003151317064983407
2018-12-29 18:00:00,0.003182930567862118
2018-12-29 18:30:00,0.0031824609797756276
2018-12-29 19:00:00,0.003157103777697062
2018-12-29 19:30:00,0.003120607244396112
2018-12-29 20:00:00,0.0030781050858335636
2018-12-29 20:30:00,0.0030530044581346576
2018-12-29 21:00:00,0.003006579318145247
2018-12-29 21:30:00,0.0029636861218761473
2018-12-29 22:00:00,0.0029366833447970505
2018-12-29 22:30:00,0.002897541357718323
2018-12-29 23:00:00,0.0028781563541350526
2018-12-29 23:30:00,0.0028631693147317936
2018-12-30 00:00:00,0.0026978204624555913
2018-12-30 00:30:00,0.0025641383538804463
2018-12-30 01:00:00,0.00255477845597614
2018-12-30 01:30:00,0.0025435867410279808
2018-12-30 02:00:00,0.0025649493689072103
2018-12-30 02:30:00,0.0025871938483239968
2018-12-30 03:00:00,0.0026106925625300906
2018-12-30 03:30:00,0.0026267620644861676
2018-12-30 04:00:00,0.00264420110592919
2018-12-30 04:30:00,0.002665457151328837
2018-12-30 05:00:00,0.0027037657380350414
2018-12-30 05:30:00,0.0027382107350650696
2018-12-30 06:00:00,0.002729456703602179
2018-12-30 06:30:00,0.0027538352526480137
2018-12-30 07:00:00,0.002762993682440487
2018-12-30 07:30:00,0.002569653568650603
2018-12-30 08:00:00,0.002526772321316064
2018-12-30 08:30:00,0.0025037583708475263
2018-12-30 09:00:00,0.002468832996397692
2018-12-30 09:30:00,0.00243877043497449
2018-12-30 10:00:00,0.0023935792619613344
2018-12-30 10:30:00,0.0023302385144470823
2018-12-30 11:00:00,0.0022702069663793475
2018-12-30 11:30:00,0.00224653486657851
2018-12-30 12:00:00,0.00222423931428953
2018-12-30 12:30:00,0.0022136784728357074
2018-12-30 13:00:00,0.002207879659935155
2018-12-30 13:30:00,0.0021972099672167055
2018-12-30 14:00:00,0.00219123403783045
2018-12-30 14:30:00,0.0021886654202394676
2018-12-30 15:00:00,0.0021875296664468583
2018-12-30 15:30:00,0.0021877326470820537
2018-12-30 16:00:00,0.0021748244702051254
2018-12-30 16:30:00,0.0022243594590619273
2018-12-30 17:00:00,0.002347055656701051
2018-12-30 17:30:00,0.0023861677462346546
2018-12-30 18:00:00,0.0024202499897450027
2018-12-30 18:30:00,0.0024127453529966614
2018-12-30 19:00:00,0.002406504530352255
2018-12-30 19:30:00,0.0024045644670531207
2018-12-30 20:00:00,0.00240776274811975
2018-12-30 20:30:00,0.0024167210710714163
2018-12-30 21:00:00,0.0024232177118338008
2018-12-30 21:30:00,0.0024426420410244855
2018-12-30 22:00:00,0.0024612203150638505
2018-12-30 22:30:00,0.002483623559016213
2018-12-30 23:00:00,0.0025143388751050566
2018-12-30 23:30:00,0.0025312769183931036
2018-12-31 00:00:00,0.0026949767168650413
2018-12-31 00:30:00,0.0028113650366573713
2018-12-31 01:00:00,0.0028422799049951228
2018-12-31 01:30:00,0.002876255969365451
2018-12-31 02:00:00,0.0028831719320212583
2018-12-31 02:30:00,0.002905935358203585
2018-12-31 03:00:00,0.0029250393853636194
2018-12-31 03:30:00,0.0029619977424644684
2018-12-31 04:00:00,0.0030264132890798364
2018-12-31 04:30:00,0.003128781172732187
2018-12-31 05:00:00,0.0032663982116687552
2018-12-31 05:30:00,0.003423653601851746
2018-12-31 06:00:00,0.003650141471801421
2018-12-31 06:30:00,0.003927218307304062
2018-12-31 07:00:00,0.004141753915141662
2018-12-31 07:30:00,0.004200425603871969
2018-12-31 08:00:00,0.004269806663850257
2018-12-31 08:30:00,0.004375768756767992
2018-12-31 09:00:00,0.00447868513180889
2018-12-31 09:30:00,0.0045832624591711675
2018-12-31 10:00:00,0.004671003536067668
2018-12-31 10:30:00,0.004706460814566512
2018-12-31 11:00:00,0.004689875239639283
2018-12-31 11:30:00,0.004641101150868514
2018-12-31 12:00:00,0.004569829033348023
2018-12-31 12:30:00,0.004465254478945243
2018-12-31 13:00:00,0.004339432298856199
2018-12-31 13:30:00,0.004201544971994821
2018-12-31 14:00:00,0.004027469212841356
2018-12-31 14:30:00,0.003852869414760365
2018-12-31 15:00:00,0.0037062408120497846
2018-12-31 15:30:00,0.00357721707376016
2018-12-31 16:00:00,0.0034732692082037487
2018-12-31 16:30:00,0.003431418997627715
2018-12-31 17:00:00,0.003469601086963402
2018-12-31 17:30:00,0.0034305758162707835
2018-12-31 18:00:00,0.0033624521169634183
2018-12-31 18:30:00,0.003270222626989853
2018-12-31 19:00:00,0.0031696926104748035
2018-12-31 19:30:00,0.0030785494147799065
2018-12-31 20:00:00,0.00300003498247951
2018-12-31 20:30:00,0.002935253556462847
2018-12-31 21:00:00,0.0028906847868132007
2018-12-31 21:30:00,0.0028592822809435045
2018-12-31 22:00:00,0.002838123793300714
2018-12-31 22:30:00,0.002821162406735446
2018-12-31 23:00:00,0.002809830127949501
2018-12-31 23:30:00,0.0028044432759953422
2019-01-01 00:00:00,0.0014065627817167114
