timestamp,demand_kWh_per_m2
2018-01-01 00:00:00,0.0009679299704861351
2018-01-01 00:30:00,0.001969258609761015
2018-01-01 01:00:00,0.0020139132785620692
2018-01-01 01:30:00,0.002000670732596646
2018-01-01 02:00:00,0.002037477412480479
2018-01-01 02:30:00,0.002067640451432767
2018-01-01 03:00:00,0.0020864255270309842
2018-01-01 03:30:00,0.0021334183867482105
2018-01-01 04:00:00,0.0022259205389716552
2018-01-01 04:30:00,0.002318290644269965
2018-01-01 05:00:00,0.0025007656498872138
2018-01-01 05:30:00,0.002839896245750426
2018-01-01 06:00:00,0.004119955136592109
2018-01-01 06:30:00,0.005137563321082089
2018-01-01 07:00:00,0.005443930753994437
2018-01-01 07:30:00,0.005497938346517059
2018-01-01 08:00:00,0.005511871697972039
2018-01-01 08:30:00,0.005544636061349497
2018-01-01 09:00:00,0.0055793944933533795
2018-01-01 09:30:00,0.005625770173745367
2018-01-01 10:00:00,0.005663723261024694
2018-01-01 10:30:00,0.005603095155789536
2018-01-01 11:00:00,0.005536194581525123
2018-01-01 11:30:00,0.005449463520157615
2018-01-01 12:00:00,0.005347044563828053
2018-01-01 12:30:00,0.005202725757669523
2018-01-01 13:00:00,0.005030740879898797
2018-01-01 13:30:00,0.004825878158423436
2018-01-01 14:00:00,0.004584641070694293
2018-01-01 14:30:00,0.0043152202073779835
2018-01-01 15:00:00,0.0040505750411874075
2018-01-01 15:30:00,0.0038189127160140595
2018-01-01 16:00:00,0.0035826957322648103
2018-01-01 16:30:00,0.00347311591119937
2018-01-01 17:00:00,0.0034769026968984986
2018-01-01 17:30:00,0.003409494262157169
2018-01-01 18:00:00,0.0033755855721236436
2018-01-01 18:30:00,0.0032897337832206597
2018-01-01 19:00:00,0.0032231520422591185
2018-01-01 19:30:00,0.0031786521484600113
2018-01-01 20:00:00,0.003158682812014427
2018-01-01 20:30:00,0.0030991280482095215
2018-01-01 21:00:00,0.0026580088089358106
2018-01-01 21:30:00,0.0022100825906855833
2018-01-01 22:00:00,0.002061894009336188
2018-01-01 22:30:00,0.0019325902190205969
2018-01-01 23:00:00,0.0019545393790303795
2018-01-01 23:30:00,0.0019558919396859644
2018-01-02 00:00:00,0.0019574171216854993
2018-01-02 00:30:00,0.001969965741052226
2018-01-02 01:00:00,0.001980930597601721
2018-01-02 01:30:00,0.0020049953094090534
2018-01-02 02:00:00,0.0020048697447875154
2018-01-02 02:30:00,0.0020276189491067404
2018-01-02 03:00:00,0.002057339750902484
2018-01-02 03:30:00,0.00208983545880862
2018-01-02 04:00:00,0.002153624127204007
2018-01-02 04:30:00,0.0022617948075071533
2018-01-02 05:00:00,0.002455045642499854
2018-01-02 05:30:00,0.0027825663525913942
2018-01-02 06:00:00,0.004027344225719416
2018-01-02 06:30:00,0.00505940026450177
2018-01-02 07:00:00,0.005291862874069879
2018-01-02 07:30:00,0.0053767638450834465
2018-01-02 08:00:00,0.005396214837326544
2018-01-02 08:30:00,0.005457576003067304
2018-01-02 09:00:00,0.005527562954128552
2018-01-02 09:30:00,0.005579801918138753
2018-01-02 10:00:00,0.0056284456845339306
2018-01-02 10:30:00,0.005597455311574339
2018-01-02 11:00:00,0.005554264362931303
2018-01-02 11:30:00,0.005482935254911602
2018-01-02 12:00:00,0.005383674140775327
2018-01-02 12:30:00,0.005243712803117827
2018-01-02 13:00:00,0.005067560124247628
2018-01-02 13:30:00,0.004861666156301179
2018-01-02 14:00:00,0.004622142157347461
2018-01-02 14:30:00,0.004352391496832069
2018-01-02 15:00:00,0.004078649097784052
2018-01-02 15:30:00,0.0038469648448182874
2018-01-02 16:00:00,0.0036099552594044673
2018-01-02 16:30:00,0.0034818294877179633
2018-01-02 17:00:00,0.0034884125471208254
2018-01-02 17:30:00,0.0034228116347135027
2018-01-02 18:00:00,0.0034255001901377013
2018-01-02 18:30:00,0.0033470559136210623
2018-01-02 19:00:00,0.0033124439336614207
2018-01-02 19:30:00,0.00326796292657403
2018-01-02 20:00:00,0.0032390123184798045
2018-01-02 20:30:00,0.0032094315664531444
2018-01-02 21:00:00,0.0027372771382937347
2018-01-02 21:30:00,0.0022569490054684376
2018-01-02 22:00:00,0.0021430815007011878
2018-01-02 22:30:00,0.0020478849509774624
2018-01-02 23:00:00,0.002080602497717827
2018-01-02 23:30:00,0.002087733831959539
2018-01-03 00:00:00,0.0021240833893970846
2018-01-03 00:30:00,0.0021229166547779635
2018-01-03 01:00:00,0.002155491350753863
2018-01-03 01:30:00,0.002193515183173687
2018-01-03 02:00:00,0.002193049977855013
2018-01-03 02:30:00,0.002250729915408313
2018-01-03 03:00:00,0.002264686395082302
2018-01-03 03:30:00,0.002336000137641624
2018-01-03 04:00:00,0.0023951716452498785
2018-01-03 04:30:00,0.0025105623313056765
2018-01-03 05:00:00,0.0027350848392227274
2018-01-03 05:30:00,0.0030403582833674367
2018-01-03 06:00:00,0.004239514424031776
2018-01-03 06:30:00,0.005335501501803345
2018-01-03 07:00:00,0.005559541438230354
2018-01-03 07:30:00,0.00562811588733485
2018-01-03 08:00:00,0.0056446640880212715
2018-01-03 08:30:00,0.0056958127445720505
2018-01-03 09:00:00,0.005742729497243335
2018-01-03 09:30:00,0.005787016515393435
2018-01-03 10:00:00,0.005829862941604528
2018-01-03 10:30:00,0.005798580144727091
2018-01-03 11:00:00,0.005764960437388512
2018-01-03 11:30:00,0.005707913204677711
2018-01-03 12:00:00,0.0056348382762508396
2018-01-03 12:30:00,0.005523054712047546
2018-01-03 13:00:00,0.005367707106616379
2018-01-03 13:30:00,0.005170913972807149
2018-01-03 14:00:00,0.004950918113512183
2018-01-03 14:30:00,0.004686981679181607
2018-01-03 15:00:00,0.004406183732824061
2018-01-03 15:30:00,0.004170690446252994
2018-01-03 16:00:00,0.003917832989026607
2018-01-03 16:30:00,0.003753614471164836
2018-01-03 17:00:00,0.0037455090307578205
2018-01-03 17:30:00,0.003648038312869504
2018-01-03 18:00:00,0.003655837084296447
2018-01-03 18:30:00,0.003554746920175946
2018-01-03 19:00:00,0.0034922860036199063
2018-01-03 19:30:00,0.003468746598489295
2018-01-03 20:00:00,0.0034425122356593267
2018-01-03 20:30:00,0.003411064900310327
2018-01-03 21:00:00,0.002882517391904393
2018-01-03 21:30:00,0.002369585992950303
2018-01-03 22:00:00,0.0022646778320392783
2018-01-03 22:30:00,0.00211776506407201
2018-01-03 23:00:00,0.0021801962900770038
2018-01-03 23:30:00,0.0021883360626845545
2018-01-04 00:00:00,0.0021852551278216045
2018-01-04 00:30:00,0.002228611655305917
2018-01-04 01:00:00,0.0022112710130118033
2018-01-04 01:30:00,0.0022690032091360808
2018-01-04 02:00:00,0.002280754985330944
2018-01-04 02:30:00,0.0022872404100376456
2018-01-04 03:00:00,0.002343532894535748
2018-01-04 03:30:00,0.0023576467101217476
2018-01-04 04:00:00,0.002442764398149417
2018-01-04 04:30:00,0.002578094249929117
2018-01-04 05:00:00,0.0027941154167490647
2018-01-04 05:30:00,0.0031693253140097125
2018-01-04 06:00:00,0.004457828245585834
2018-01-04 06:30:00,0.00543528488153564
2018-01-04 07:00:00,0.005757724586004845
2018-01-04 07:30:00,0.005867519363458718
2018-01-04 08:00:00,0.005910962241629225
2018-01-04 08:30:00,0.00594172893510048
2018-01-04 09:00:00,0.0059866325723767445
2018-01-04 09:30:00,0.00603498663582102
2018-01-04 10:00:00,0.006082604197536795
2018-01-04 10:30:00,0.006062405739668991
2018-01-04 11:00:00,0.006028049370545036
2018-01-04 11:30:00,0.0059663710520986325
2018-01-04 12:00:00,0.005878301675137768
2018-01-04 12:30:00,0.0057311876356452175
2018-01-04 13:00:00,0.005537018474309528
2018-01-04 13:30:00,0.00532619699528766
2018-01-04 14:00:00,0.005079331747495482
2018-01-04 14:30:00,0.004805257710594275
2018-01-04 15:00:00,0.00450240152546394
2018-01-04 15:30:00,0.0042371667097313055
2018-01-04 16:00:00,0.003974870698353111
2018-01-04 16:30:00,0.003841047542003427
2018-01-04 17:00:00,0.0038508851179544622
2018-01-04 17:30:00,0.0037687356047185205
2018-01-04 18:00:00,0.0038040663200930966
2018-01-04 18:30:00,0.0037236274947793947
2018-01-04 19:00:00,0.0036907153188742254
2018-01-04 19:30:00,0.0036614242697984687
2018-01-04 20:00:00,0.0036319317891405503
2018-01-04 20:30:00,0.003587980090151855
2018-01-04 21:00:00,0.003020470735986997
2018-01-04 21:30:00,0.0024840669957345764
2018-01-04 22:00:00,0.00233361945162409
2018-01-04 22:30:00,0.002212248640428443
2018-01-04 23:00:00,0.002259319847987916
2018-01-04 23:30:00,0.002270802568569261
2018-01-05 00:00:00,0.002313401306760174
2018-01-05 00:30:00,0.002339655756728451
2018-01-05 01:00:00,0.0023702954450662587
2018-01-05 01:30:00,0.0024122113005831227
2018-01-05 02:00:00,0.0024215308524454296
2018-01-05 02:30:00,0.0024646710630578383
2018-01-05 03:00:00,0.0024934568925951825
2018-01-05 03:30:00,0.0025603772338841473
2018-01-05 04:00:00,0.0026105842758160505
2018-01-05 04:30:00,0.0027355753335282767
2018-01-05 05:00:00,0.0029866262287619313
2018-01-05 05:30:00,0.003342227157639955
2018-01-05 06:00:00,0.004765573368083762
2018-01-05 06:30:00,0.005845995794690069
2018-01-05 07:00:00,0.0061692244995440685
2018-01-05 07:30:00,0.0062589194941960104
2018-01-05 08:00:00,0.006236089221067597
2018-01-05 08:30:00,0.00625630160388387
2018-01-05 09:00:00,0.006280359193160089
2018-01-05 09:30:00,0.006308922143493492
2018-01-05 10:00:00,0.006330644983076436
2018-01-05 10:30:00,0.006274505272869293
2018-01-05 11:00:00,0.006193355795013044
2018-01-05 11:30:00,0.006086974150474387
2018-01-05 12:00:00,0.0059614288958187885
2018-01-05 12:30:00,0.005773513876999715
2018-01-05 13:00:00,0.005550723744712002
2018-01-05 13:30:00,0.00531318429100041
2018-01-05 14:00:00,0.005051545473167192
2018-01-05 14:30:00,0.004761164281239267
2018-01-05 15:00:00,0.00446105779326089
2018-01-05 15:30:00,0.004201277956048263
2018-01-05 16:00:00,0.00394442860023237
2018-01-05 16:30:00,0.0038130213424135894
2018-01-05 17:00:00,0.003826154169388491
2018-01-05 17:30:00,0.003757245841634502
2018-01-05 18:00:00,0.003802170686447227
2018-01-05 18:30:00,0.003721585008947087
2018-01-05 19:00:00,0.0036771677044975188
2018-01-05 19:30:00,0.0036352575309998576
2018-01-05 20:00:00,0.0036186259406795016
2018-01-05 20:30:00,0.003590041702781198
2018-01-05 21:00:00,0.003040043531514977
2018-01-05 21:30:00,0.0025100396655674583
2018-01-05 22:00:00,0.0023478835606194253
2018-01-05 22:30:00,0.0022090070884874646
2018-01-05 23:00:00,0.002242446011581266
2018-01-05 23:30:00,0.002273937602657296
2018-01-06 00:00:00,0.002212938725662045
2018-01-06 00:30:00,0.0021600871439476548
2018-01-06 01:00:00,0.002159295502624358
2018-01-06 01:30:00,0.002171530170423019
2018-01-06 02:00:00,0.002191991761799821
2018-01-06 02:30:00,0.002201071868571215
2018-01-06 03:00:00,0.0022329993745570714
2018-01-06 03:30:00,0.0022469993897021355
2018-01-06 04:00:00,0.002246465920124588
2018-01-06 04:30:00,0.0022758205117812892
2018-01-06 05:00:00,0.0022784876996121478
2018-01-06 05:30:00,0.002278979634429607
2018-01-06 06:00:00,0.0035156167746088042
2018-01-06 06:30:00,0.0044259642021524815
2018-01-06 07:00:00,0.004231856182544552
2018-01-06 07:30:00,0.003956886067206533
2018-01-06 08:00:00,0.0035586359021922854
2018-01-06 08:30:00,0.0032420281902214593
2018-01-06 09:00:00,0.003025823598218233
2018-01-06 09:30:00,0.002841263291553556
2018-01-06 10:00:00,0.0026791502419059613
2018-01-06 10:30:00,0.0025600759268095195
2018-01-06 11:00:00,0.0024578272709991633
2018-01-06 11:30:00,0.0023245210183400556
2018-01-06 12:00:00,0.0022621149212650573
2018-01-06 12:30:00,0.0022035373047061546
2018-01-06 13:00:00,0.0021266707088453468
2018-01-06 13:30:00,0.0021150716269130038
2018-01-06 14:00:00,0.002070328606714768
2018-01-06 14:30:00,0.0020413478278988604
2018-01-06 15:00:00,0.0020652374374806187
2018-01-06 15:30:00,0.0020689339511000184
2018-01-06 16:00:00,0.0020907491435021184
2018-01-06 16:30:00,0.0022117471021982464
2018-01-06 17:00:00,0.0024454974493859647
2018-01-06 17:30:00,0.0026162621335399988
2018-01-06 18:00:00,0.0027963481301820073
2018-01-06 18:30:00,0.0029149712449366835
2018-01-06 19:00:00,0.0029737782230031245
2018-01-06 19:30:00,0.003067370602657552
2018-01-06 20:00:00,0.003134424591440441
2018-01-06 20:30:00,0.0031646022755971535
2018-01-06 21:00:00,0.002690397758903686
2018-01-06 21:30:00,0.0022229084285666553
2018-01-06 22:00:00,0.0021079633408618605
2018-01-06 22:30:00,0.0019899226730896915
2018-01-06 23:00:00,0.002033530890016156
2018-01-06 23:30:00,0.002073947252662557
2018-01-07 00:00:00,0.0020279371421820973
2018-01-07 00:30:00,0.002027076596372411
2018-01-07 01:00:00,0.0020335973936493608
2018-01-07 01:30:00,0.0020385418707539503
2018-01-07 02:00:00,0.0020955384454625636
2018-01-07 02:30:00,0.0020778417566412206
2018-01-07 03:00:00,0.002112092808338825
2018-01-07 03:30:00,0.00212139275323346
2018-01-07 04:00:00,0.0020991495687370425
2018-01-07 04:30:00,0.0021424831280592253
2018-01-07 05:00:00,0.0021487563973728754
2018-01-07 05:30:00,0.002165900969990273
2018-01-07 06:00:00,0.003404776025450978
2018-01-07 06:30:00,0.004052659141808244
2018-01-07 07:00:00,0.003896058851213958
2018-01-07 07:30:00,0.003553239344433096
2018-01-07 08:00:00,0.003220881875516501
2018-01-07 08:30:00,0.0031597773609811416
2018-01-07 09:00:00,0.0029028924725381213
2018-01-07 09:30:00,0.002744918573808668
2018-01-07 10:00:00,0.0025579292439490134
2018-01-07 10:30:00,0.002464587513367025
2018-01-07 11:00:00,0.0023829591453289516
2018-01-07 11:30:00,0.0022498077477002302
2018-01-07 12:00:00,0.002219032011015313
2018-01-07 12:30:00,0.0021457359640101696
2018-01-07 13:00:00,0.0020872428574833534
2018-01-07 13:30:00,0.002073917722168391
2018-01-07 14:00:00,0.0020182008822354387
2018-01-07 14:30:00,0.002008554334169433
2018-01-07 15:00:00,0.0020083893155272334
2018-01-07 15:30:00,0.0020474800070737135
2018-01-07 16:00:00,0.002075117188419258
2018-01-07 16:30:00,0.0021684221059190874
2018-01-07 17:00:00,0.002410696922422917
2018-01-07 17:30:00,0.0025494180593538546
2018-01-07 18:00:00,0.0027432494206465156
2018-01-07 18:30:00,0.0028509241647102284
2018-01-07 19:00:00,0.0028593165871012042
2018-01-07 19:30:00,0.0029619121661966894
2018-01-07 20:00:00,0.0029849242639395936
2018-01-07 20:30:00,0.0030316543102615803
2018-01-07 21:00:00,0.002539966460566413
2018-01-07 21:30:00,0.002038985948564603
2018-01-07 22:00:00,0.0019392479449574897
2018-01-07 22:30:00,0.0018399617819196586
2018-01-07 23:00:00,0.001899650193218489
2018-01-07 23:30:00,0.0019556502537987465
2018-01-08 00:00:00,0.002092182452853135
2018-01-08 00:30:00,0.002237300743122031
2018-01-08 01:00:00,0.002281920199409716
2018-01-08 01:30:00,0.0023395638840799328
2018-01-08 02:00:00,0.0023651896306276857
2018-01-08 02:30:00,0.002366613736708162
2018-01-08 03:00:00,0.0024311897248911144
2018-01-08 03:30:00,0.002459881120869877
2018-01-08 04:00:00,0.0025123662523599062
2018-01-08 04:30:00,0.0026624429446818606
2018-01-08 05:00:00,0.0028502380008701604
2018-01-08 05:30:00,0.0032137133280504323
2018-01-08 06:00:00,0.004553592997229839
2018-01-08 06:30:00,0.005644650083044363
2018-01-08 07:00:00,0.005975880591476256
2018-01-08 07:30:00,0.006034955104615866
2018-01-08 08:00:00,0.006064858451282054
2018-01-08 08:30:00,0.006104234444215266
2018-01-08 09:00:00,0.006205431206217148
2018-01-08 09:30:00,0.006223502348106801
2018-01-08 10:00:00,0.006262906911192906
2018-01-08 10:30:00,0.006220795066027764
2018-01-08 11:00:00,0.006142545818818128
2018-01-08 11:30:00,0.006033811658272632
2018-01-08 12:00:00,0.005899101706785113
2018-01-08 12:30:00,0.005719844564690758
2018-01-08 13:00:00,0.0054979665165277546
2018-01-08 13:30:00,0.0052727087073087976
2018-01-08 14:00:00,0.005015977393441131
2018-01-08 14:30:00,0.004733216669576995
2018-01-08 15:00:00,0.00444447277949231
2018-01-08 15:30:00,0.004215397293596586
2018-01-08 16:00:00,0.0039854235684961825
2018-01-08 16:30:00,0.003855063482807947
2018-01-08 17:00:00,0.0038808893804828295
2018-01-08 17:30:00,0.003823375661998322
2018-01-08 18:00:00,0.003869489409307903
2018-01-08 18:30:00,0.0037890048877552607
2018-01-08 19:00:00,0.003758069734418908
2018-01-08 19:30:00,0.0037054666410090906
2018-01-08 20:00:00,0.0037030491419093982
2018-01-08 20:30:00,0.0036606184634413843
2018-01-08 21:00:00,0.0030783136914715094
2018-01-08 21:30:00,0.0025478129289432834
2018-01-08 22:00:00,0.00239178052015552
2018-01-08 22:30:00,0.0022588573636361836
2018-01-08 23:00:00,0.0022916494968821394
2018-01-08 23:30:00,0.002320284312754193
2018-01-09 00:00:00,0.002308136555840802
2018-01-09 00:30:00,0.0023452239754903174
2018-01-09 01:00:00,0.0023850827799988886
2018-01-09 01:30:00,0.0024152012431103882
2018-01-09 02:00:00,0.0024461992187717304
2018-01-09 02:30:00,0.002458145063932323
2018-01-09 03:00:00,0.0025210143656150086
2018-01-09 03:30:00,0.002576583953219325
2018-01-09 04:00:00,0.002628797468185772
2018-01-09 04:30:00,0.0027965019448426805
2018-01-09 05:00:00,0.0030256400930065144
2018-01-09 05:30:00,0.0034285789642327855
2018-01-09 06:00:00,0.005000509416630756
2018-01-09 06:30:00,0.006161811945366036
2018-01-09 07:00:00,0.006398090871127441
2018-01-09 07:30:00,0.006510103156610756
2018-01-09 08:00:00,0.006473473659691923
2018-01-09 08:30:00,0.006518166342001728
2018-01-09 09:00:00,0.006557072007796139
2018-01-09 09:30:00,0.006557326338176794
2018-01-09 10:00:00,0.006567868244423658
2018-01-09 10:30:00,0.006463883291590429
2018-01-09 11:00:00,0.006369204926012312
2018-01-09 11:30:00,0.006238128825876084
2018-01-09 12:00:00,0.006082607478702814
2018-01-09 12:30:00,0.005886286432658053
2018-01-09 13:00:00,0.005643402119559173
2018-01-09 13:30:00,0.005403078476438209
2018-01-09 14:00:00,0.005136748151397587
2018-01-09 14:30:00,0.004839301088491439
2018-01-09 15:00:00,0.004522622391294798
2018-01-09 15:30:00,0.004254785370824159
2018-01-09 16:00:00,0.004005576330125046
2018-01-09 16:30:00,0.0038907558467005153
2018-01-09 17:00:00,0.003937711813307144
2018-01-09 17:30:00,0.0038666535215266295
2018-01-09 18:00:00,0.003926029101655548
2018-01-09 18:30:00,0.0038590256908464073
2018-01-09 19:00:00,0.003826486607526075
2018-01-09 19:30:00,0.0037758818242499756
2018-01-09 20:00:00,0.00375265461006176
2018-01-09 20:30:00,0.00371155368414408
2018-01-09 21:00:00,0.0030960386303319873
2018-01-09 21:30:00,0.0025220813847985435
2018-01-09 22:00:00,0.0024228565235453504
2018-01-09 22:30:00,0.0023076599064552825
2018-01-09 23:00:00,0.0023326891210151807
2018-01-09 23:30:00,0.002382353970269634
2018-01-10 00:00:00,0.0023561796287692727
2018-01-10 00:30:00,0.002400716735792736
2018-01-10 01:00:00,0.0024199434083199823
2018-01-10 01:30:00,0.002432201284366092
2018-01-10 02:00:00,0.0024809490077041495
2018-01-10 02:30:00,0.0024890445245846693
2018-01-10 03:00:00,0.002542744087643748
2018-01-10 03:30:00,0.0025888014949319387
2018-01-10 04:00:00,0.0026335483564952685
2018-01-10 04:30:00,0.0027935341701931507
2018-01-10 05:00:00,0.003013728419989577
2018-01-10 05:30:00,0.0033962375511579585
2018-01-10 06:00:00,0.004892104092943068
2018-01-10 06:30:00,0.005976707525341362
2018-01-10 07:00:00,0.006213868604591111
2018-01-10 07:30:00,0.0062775453932281105
2018-01-10 08:00:00,0.006215535436928519
2018-01-10 08:30:00,0.006251309749943111
2018-01-10 09:00:00,0.00628265929053907
2018-01-10 09:30:00,0.006292173151452425
2018-01-10 10:00:00,0.0062881094673527095
2018-01-10 10:30:00,0.006221559097539443
2018-01-10 11:00:00,0.006121572365542437
2018-01-10 11:30:00,0.005985137240985134
2018-01-10 12:00:00,0.005830856894822821
2018-01-10 12:30:00,0.005634771532532315
2018-01-10 13:00:00,0.00540486703203206
2018-01-10 13:30:00,0.005170934059945457
2018-01-10 14:00:00,0.004909239622346804
2018-01-10 14:30:00,0.004610344844970535
2018-01-10 15:00:00,0.004311508408326644
2018-01-10 15:30:00,0.004061673065060192
2018-01-10 16:00:00,0.00381722331565672
2018-01-10 16:30:00,0.003684238777324306
2018-01-10 17:00:00,0.003706209304927429
2018-01-10 17:30:00,0.0036550766540645457
2018-01-10 18:00:00,0.0037279354256763916
2018-01-10 18:30:00,0.003680679032307971
2018-01-10 19:00:00,0.0036761036463662453
2018-01-10 19:30:00,0.003635942334356454
2018-01-10 20:00:00,0.003633974515058177
2018-01-10 20:30:00,0.003587315453962006
2018-01-10 21:00:00,0.003022371091310796
2018-01-10 21:30:00,0.0024996285257906977
2018-01-10 22:00:00,0.0023430109490534855
2018-01-10 22:30:00,0.002230267443718677
2018-01-10 23:00:00,0.002267700266112971
2018-01-10 23:30:00,0.002272224433853432
2018-01-11 00:00:00,0.0023155585533746912
2018-01-11 00:30:00,0.00230562574358068
2018-01-11 01:00:00,0.0023319957546155596
2018-01-11 01:30:00,0.002365975749988659
2018-01-11 02:00:00,0.0023727434350013918
2018-01-11 02:30:00,0.0024302892448901303
2018-01-11 03:00:00,0.0024438921589185142
2018-01-11 03:30:00,0.0024953095509690536
2018-01-11 04:00:00,0.0025585246555387157
2018-01-11 04:30:00,0.002682685178106059
2018-01-11 05:00:00,0.0029472075806704777
2018-01-11 05:30:00,0.0032215742815748477
2018-01-11 06:00:00,0.0046961966338735185
2018-01-11 06:30:00,0.005759369250464517
2018-01-11 07:00:00,0.005971965360131768
2018-01-11 07:30:00,0.006123873423262694
2018-01-11 08:00:00,0.0060765788563286426
2018-01-11 08:30:00,0.0060894617544870605
2018-01-11 09:00:00,0.006111999123526992
2018-01-11 09:30:00,0.006113284620350296
2018-01-11 10:00:00,0.00610614160195642
2018-01-11 10:30:00,0.006017722340658166
2018-01-11 11:00:00,0.005912471978139941
2018-01-11 11:30:00,0.005791424161726019
2018-01-11 12:00:00,0.005649161846376706
2018-01-11 12:30:00,0.005469590032458329
2018-01-11 13:00:00,0.0052550613960346115
2018-01-11 13:30:00,0.005034027647908079
2018-01-11 14:00:00,0.004777191976955337
2018-01-11 14:30:00,0.00448485873133171
2018-01-11 15:00:00,0.004190527575716564
2018-01-11 15:30:00,0.0039464152262139235
2018-01-11 16:00:00,0.0037072940103960875
2018-01-11 16:30:00,0.003583686404317084
2018-01-11 17:00:00,0.0035860359592716625
2018-01-11 17:30:00,0.0035272179372805735
2018-01-11 18:00:00,0.003555675650216066
2018-01-11 18:30:00,0.003488179504305071
2018-01-11 19:00:00,0.00344782572389834
2018-01-11 19:30:00,0.0034085117530057215
2018-01-11 20:00:00,0.003403311505008567
2018-01-11 20:30:00,0.0033473921931237403
2018-01-11 21:00:00,0.0028281479908068997
2018-01-11 21:30:00,0.0023163585976841332
2018-01-11 22:00:00,0.0021992975580395913
2018-01-11 22:30:00,0.002139639637576201
2018-01-11 23:00:00,0.002156598544214014
2018-01-11 23:30:00,0.002174546042164675
2018-01-12 00:00:00,0.002205220622902094
2018-01-12 00:30:00,0.002184663557596997
2018-01-12 01:00:00,0.0022303012957485754
2018-01-12 01:30:00,0.002248561704897588
2018-01-12 02:00:00,0.0022560185948310887
2018-01-12 02:30:00,0.0022951237715251142
2018-01-12 03:00:00,0.002298086264297639
2018-01-12 03:30:00,0.0023685287372363847
2018-01-12 04:00:00,0.002421840082335565
2018-01-12 04:30:00,0.00253850506123314
2018-01-12 05:00:00,0.0027721176794765203
2018-01-12 05:30:00,0.0030660601369611315
2018-01-12 06:00:00,0.004458052805387003
2018-01-12 06:30:00,0.005471080081972935
2018-01-12 07:00:00,0.005689625905973035
2018-01-12 07:30:00,0.005786400536494788
2018-01-12 08:00:00,0.005736176448505276
2018-01-12 08:30:00,0.005782484024695269
2018-01-12 09:00:00,0.005820519461238818
2018-01-12 09:30:00,0.005804963533173459
2018-01-12 10:00:00,0.005781792979120393
2018-01-12 10:30:00,0.005705991721845891
2018-01-12 11:00:00,0.005621488172062761
2018-01-12 11:30:00,0.005514307683641251
2018-01-12 12:00:00,0.00539345697727376
2018-01-12 12:30:00,0.005219777897439325
2018-01-12 13:00:00,0.005013574779631181
2018-01-12 13:30:00,0.00479899596537591
2018-01-12 14:00:00,0.004560310984581657
2018-01-12 14:30:00,0.004283193226041858
2018-01-12 15:00:00,0.004010460145672513
2018-01-12 15:30:00,0.0037754587939189043
2018-01-12 16:00:00,0.003552870173241793
2018-01-12 16:30:00,0.00340998747742966
2018-01-12 17:00:00,0.003398721393833977
2018-01-12 17:30:00,0.0033572771459109453
2018-01-12 18:00:00,0.003396679548229185
2018-01-12 18:30:00,0.003366229207179178
2018-01-12 19:00:00,0.003319614161724718
2018-01-12 19:30:00,0.0032934417409069047
2018-01-12 20:00:00,0.003306192592140187
2018-01-12 20:30:00,0.0032516333635842563
2018-01-12 21:00:00,0.0027876632038447468
2018-01-12 21:30:00,0.002313130650577866
2018-01-12 22:00:00,0.0021624130104841476
2018-01-12 22:30:00,0.002073614174297458
2018-01-12 23:00:00,0.0020765024807065887
2018-01-12 23:30:00,0.002097078112609644
2018-01-13 00:00:00,0.002014053968558668
2018-01-13 00:30:00,0.001943368849391431
2018-01-13 01:00:00,0.0019713994505454395
2018-01-13 01:30:00,0.0019566515696334713
2018-01-13 02:00:00,0.002001117931516438
2018-01-13 02:30:00,0.001986248727490224
2018-01-13 03:00:00,0.001997228869471659
2018-01-13 03:30:00,0.00204138143984344
2018-01-13 04:00:00,0.0019909708055615093
2018-01-13 04:30:00,0.002058772420025984
2018-01-13 05:00:00,0.0020360210549388935
2018-01-13 05:30:00,0.0020284767739494843
2018-01-13 06:00:00,0.0031680292534323976
2018-01-13 06:30:00,0.0038937929259786324
2018-01-13 07:00:00,0.0037999951933485095
2018-01-13 07:30:00,0.003578013588384823
2018-01-13 08:00:00,0.0031799915044230832
2018-01-13 08:30:00,0.0029340635497140492
2018-01-13 09:00:00,0.0026501488157526687
2018-01-13 09:30:00,0.002543507638984789
2018-01-13 10:00:00,0.002387792462931109
2018-01-13 10:30:00,0.002277311521637168
2018-01-13 11:00:00,0.0022241553516821316
2018-01-13 11:30:00,0.002070388307930617
2018-01-13 12:00:00,0.0020721021969904367
2018-01-13 12:30:00,0.001982074204001834
2018-01-13 13:00:00,0.0019019806213760324
2018-01-13 13:30:00,0.0019132297389425463
2018-01-13 14:00:00,0.0018208116966089908
2018-01-13 14:30:00,0.0018459287023669941
2018-01-13 15:00:00,0.0018292064398247117
2018-01-13 15:30:00,0.0018314100229056853
2018-01-13 16:00:00,0.0018815810520398245
2018-01-13 16:30:00,0.0019205177688687526
2018-01-13 17:00:00,0.0021953083804170277
2018-01-13 17:30:00,0.0023533358982009297
2018-01-13 18:00:00,0.0025523827929226856
2018-01-13 18:30:00,0.0027075176827617248
2018-01-13 19:00:00,0.0027249874909571533
2018-01-13 19:30:00,0.0028729315053955106
2018-01-13 20:00:00,0.0029217649391922464
2018-01-13 20:30:00,0.0029783885813729014
2018-01-13 21:00:00,0.002610330025463835
2018-01-13 21:30:00,0.0021457964655104134
2018-01-13 22:00:00,0.002055017245560449
2018-01-13 22:30:00,0.0019268965956940718
2018-01-13 23:00:00,0.001963959446612668
2018-01-13 23:30:00,0.002028359292200334
2018-01-14 00:00:00,0.001964224020633576
2018-01-14 00:30:00,0.0019517336619707878
2018-01-14 01:00:00,0.0019589036499487672
2018-01-14 01:30:00,0.0019468415234656158
2018-01-14 02:00:00,0.002004214712010404
2018-01-14 02:30:00,0.00200288335889128
2018-01-14 03:00:00,0.0020455224314156898
2018-01-14 03:30:00,0.0020522092076761126
2018-01-14 04:00:00,0.002063335961758668
2018-01-14 04:30:00,0.0021045353226569023
2018-01-14 05:00:00,0.002112479025587737
2018-01-14 05:30:00,0.002153774340584904
2018-01-14 06:00:00,0.0032723422428390394
2018-01-14 06:30:00,0.00390659643592509
2018-01-14 07:00:00,0.0038308560802930284
2018-01-14 07:30:00,0.003528536165735623
2018-01-14 08:00:00,0.003194775798275013
2018-01-14 08:30:00,0.0030765337789491224
2018-01-14 09:00:00,0.002826727726091518
2018-01-14 09:30:00,0.0026274369046862395
2018-01-14 10:00:00,0.0024354529198904445
2018-01-14 10:30:00,0.0023463094012149306
2018-01-14 11:00:00,0.0022081113301644093
2018-01-14 11:30:00,0.0021176067678187263
2018-01-14 12:00:00,0.002066412415029007
2018-01-14 12:30:00,0.001973084289281729
2018-01-14 13:00:00,0.001949541122814462
2018-01-14 13:30:00,0.0018885292011835762
2018-01-14 14:00:00,0.001837652961440774
2018-01-14 14:30:00,0.0018217213798805152
2018-01-14 15:00:00,0.0018261659193236975
2018-01-14 15:30:00,0.0018746981260742458
2018-01-14 16:00:00,0.0018732571339930397
2018-01-14 16:30:00,0.0019627868699174647
2018-01-14 17:00:00,0.0022004510879661994
2018-01-14 17:30:00,0.0023790236667892766
2018-01-14 18:00:00,0.002628368995920817
2018-01-14 18:30:00,0.0026867795130980938
2018-01-14 19:00:00,0.002782005673344425
2018-01-14 19:30:00,0.002858737261227837
2018-01-14 20:00:00,0.002885422024115177
2018-01-14 20:30:00,0.002989928202174714
2018-01-14 21:00:00,0.002446367438551509
2018-01-14 21:30:00,0.0019940030831332575
2018-01-14 22:00:00,0.0019115440198934222
2018-01-14 22:30:00,0.0017756177161543077
2018-01-14 23:00:00,0.0018740584587575138
2018-01-14 23:30:00,0.0019157495143878897
2018-01-15 00:00:00,0.002081826052528976
2018-01-15 00:30:00,0.0022255293599594966
2018-01-15 01:00:00,0.0022727768701711355
2018-01-15 01:30:00,0.002359614449391585
2018-01-15 02:00:00,0.0023489645047514284
2018-01-15 02:30:00,0.0023836182595564767
2018-01-15 03:00:00,0.0024254965017067873
2018-01-15 03:30:00,0.002451905086449495
2018-01-15 04:00:00,0.002556750184950213
2018-01-15 04:30:00,0.00265257575820822
2018-01-15 05:00:00,0.002893905518870277
2018-01-15 05:30:00,0.0032694850674928645
2018-01-15 06:00:00,0.004692437057843812
2018-01-15 06:30:00,0.005681090952931352
2018-01-15 07:00:00,0.005985677913122235
2018-01-15 07:30:00,0.006129913809817469
2018-01-15 08:00:00,0.006103481056486039
2018-01-15 08:30:00,0.006111313039715363
2018-01-15 09:00:00,0.00614851185895263
2018-01-15 09:30:00,0.006153198804538985
2018-01-15 10:00:00,0.00614247243273913
2018-01-15 10:30:00,0.006043524149772765
2018-01-15 11:00:00,0.005934071413869214
2018-01-15 11:30:00,0.00581441537204622
2018-01-15 12:00:00,0.005673044893626427
2018-01-15 12:30:00,0.005484092546174864
2018-01-15 13:00:00,0.005257007847739548
2018-01-15 13:30:00,0.005021556656127645
2018-01-15 14:00:00,0.004747754475835338
2018-01-15 14:30:00,0.004449643817109055
2018-01-15 15:00:00,0.0041521838696241525
2018-01-15 15:30:00,0.0039030636604928588
2018-01-15 16:00:00,0.0036702979832244536
2018-01-15 16:30:00,0.0035026446447403705
2018-01-15 17:00:00,0.003523384815114988
2018-01-15 17:30:00,0.0034912357103802226
2018-01-15 18:00:00,0.003547740670385135
2018-01-15 18:30:00,0.0035110042554711614
2018-01-15 19:00:00,0.003500650175971748
2018-01-15 19:30:00,0.0034446220254092342
2018-01-15 20:00:00,0.0034379037179436576
2018-01-15 20:30:00,0.003391620150285508
2018-01-15 21:00:00,0.002880867125453957
2018-01-15 21:30:00,0.0023794418954139786
2018-01-15 22:00:00,0.002251343173340018
2018-01-15 22:30:00,0.002160176775799868
2018-01-15 23:00:00,0.00217559617534748
2018-01-15 23:30:00,0.0022189875952314036
2018-01-16 00:00:00,0.0022317310838482545
2018-01-16 00:30:00,0.0022334246456844472
2018-01-16 01:00:00,0.0022631911437191315
2018-01-16 01:30:00,0.002270824256276359
2018-01-16 02:00:00,0.0023126109458919087
2018-01-16 02:30:00,0.0023242405986881316
2018-01-16 03:00:00,0.0023532829994024358
2018-01-16 03:30:00,0.0023982526601412676
2018-01-16 04:00:00,0.002423082043687794
2018-01-16 04:30:00,0.0025768387637706163
2018-01-16 05:00:00,0.0027681903638376716
2018-01-16 05:30:00,0.003094457908595456
2018-01-16 06:00:00,0.004381730562971512
2018-01-16 06:30:00,0.005437158427332214
2018-01-16 07:00:00,0.0056726126600248165
2018-01-16 07:30:00,0.005762291809045743
2018-01-16 08:00:00,0.0057933198754003285
2018-01-16 08:30:00,0.005794760627396216
2018-01-16 09:00:00,0.005837908200625057
2018-01-16 09:30:00,0.005828690685023082
2018-01-16 10:00:00,0.005828349603814034
2018-01-16 10:30:00,0.005776335599747202
2018-01-16 11:00:00,0.005713260624975062
2018-01-16 11:30:00,0.005618061194227515
2018-01-16 12:00:00,0.005498413475362228
2018-01-16 12:30:00,0.005333862679419753
2018-01-16 13:00:00,0.0051291608951361785
2018-01-16 13:30:00,0.004922695123989674
2018-01-16 14:00:00,0.004661148338861854
2018-01-16 14:30:00,0.0043965443072891686
2018-01-16 15:00:00,0.00412205220182014
2018-01-16 15:30:00,0.003878156489303162
2018-01-16 16:00:00,0.003639781778768758
2018-01-16 16:30:00,0.003462691566730096
2018-01-16 17:00:00,0.003492327618408434
2018-01-16 17:30:00,0.0034480586066572153
2018-01-16 18:00:00,0.003496233006254866
2018-01-16 18:30:00,0.003419613858328918
2018-01-16 19:00:00,0.0033746655651834268
2018-01-16 19:30:00,0.0033200509569473787
2018-01-16 20:00:00,0.003324506940457406
2018-01-16 20:30:00,0.0032790640715559525
2018-01-16 21:00:00,0.002800132515027952
2018-01-16 21:30:00,0.0023145766844507596
2018-01-16 22:00:00,0.0021751433744369247
2018-01-16 22:30:00,0.0020703064388370327
2018-01-16 23:00:00,0.0021006855545759066
2018-01-16 23:30:00,0.0021424847286280147
2018-01-17 00:00:00,0.0021747780446107158
2018-01-17 00:30:00,0.0021715698645289995
2018-01-17 01:00:00,0.0021984887906302463
2018-01-17 01:30:00,0.0022313286208261295
2018-01-17 02:00:00,0.0022553595606320037
2018-01-17 02:30:00,0.0022969164885978176
2018-01-17 03:00:00,0.0023286409624327232
2018-01-17 03:30:00,0.0024081589004933735
2018-01-17 04:00:00,0.0024726091639979087
2018-01-17 04:30:00,0.0026144410863997206
2018-01-17 05:00:00,0.0028690094716336666
2018-01-17 05:30:00,0.0032070287125578753
2018-01-17 06:00:00,0.004664951210277317
2018-01-17 06:30:00,0.005684832122419978
2018-01-17 07:00:00,0.005976370365525849
2018-01-17 07:30:00,0.00603306027125439
2018-01-17 08:00:00,0.00601717022445422
2018-01-17 08:30:00,0.006069967226772888
2018-01-17 09:00:00,0.006116789946027788
2018-01-17 09:30:00,0.006155604699514955
2018-01-17 10:00:00,0.006175240717510121
2018-01-17 10:30:00,0.006110573096763968
2018-01-17 11:00:00,0.006036218113447677
2018-01-17 11:30:00,0.005935627806960143
2018-01-17 12:00:00,0.005815340420778124
2018-01-17 12:30:00,0.0056400137154317565
2018-01-17 13:00:00,0.005420470096848269
2018-01-17 13:30:00,0.005198749064483517
2018-01-17 14:00:00,0.00495186092855765
2018-01-17 14:30:00,0.004686488623965995
2018-01-17 15:00:00,0.004403283742262767
2018-01-17 15:30:00,0.004170471808556345
2018-01-17 16:00:00,0.003951325851288615
2018-01-17 16:30:00,0.0037580073922645557
2018-01-17 17:00:00,0.0037846823916822796
2018-01-17 17:30:00,0.003751700671063205
2018-01-17 18:00:00,0.0037994534008132562
2018-01-17 18:30:00,0.0037495192558599667
2018-01-17 19:00:00,0.003717635125288306
2018-01-17 19:30:00,0.003642332845333937
2018-01-17 20:00:00,0.003641662927267083
2018-01-17 20:30:00,0.003578316656085119
2018-01-17 21:00:00,0.0029964470787691155
2018-01-17 21:30:00,0.0024706417448418293
2018-01-17 22:00:00,0.002329302157399674
2018-01-17 22:30:00,0.0022628996001141204
2018-01-17 23:00:00,0.0022749730106072378
2018-01-17 23:30:00,0.002319662171665706
2018-01-18 00:00:00,0.0023277934612586713
2018-01-18 00:30:00,0.002311515836726118
2018-01-18 01:00:00,0.0023905955390521975
2018-01-18 01:30:00,0.002374611538864082
2018-01-18 02:00:00,0.0024067664056464898
2018-01-18 02:30:00,0.0024546724698865773
2018-01-18 03:00:00,0.0024484483380347653
2018-01-18 03:30:00,0.0025390795854001386
2018-01-18 04:00:00,0.0025907899615676003
2018-01-18 04:30:00,0.002746337558069018
2018-01-18 05:00:00,0.002989656985793329
2018-01-18 05:30:00,0.0033309178586869554
2018-01-18 06:00:00,0.0048052728359693365
2018-01-18 06:30:00,0.005815724317202291
2018-01-18 07:00:00,0.006113376653055695
2018-01-18 07:30:00,0.006210166809094706
2018-01-18 08:00:00,0.006168557542529474
2018-01-18 08:30:00,0.006285062224462779
2018-01-18 09:00:00,0.006367149475572808
2018-01-18 09:30:00,0.006411466024217076
2018-01-18 10:00:00,0.006454965722579611
2018-01-18 10:30:00,0.006416352000532409
2018-01-18 11:00:00,0.006359222658642704
2018-01-18 11:30:00,0.006256766969259423
2018-01-18 12:00:00,0.006101547889502054
2018-01-18 12:30:00,0.00593181429176223
2018-01-18 13:00:00,0.005703137267466657
2018-01-18 13:30:00,0.005475508055529146
2018-01-18 14:00:00,0.005204601544262402
2018-01-18 14:30:00,0.004913241524491244
2018-01-18 15:00:00,0.004598031749301186
2018-01-18 15:30:00,0.0043207991499507395
2018-01-18 16:00:00,0.004084089911270272
2018-01-18 16:30:00,0.003916674897478948
2018-01-18 17:00:00,0.003973320867594218
2018-01-18 17:30:00,0.003937322554977532
2018-01-18 18:00:00,0.003988359971997439
2018-01-18 18:30:00,0.003928480532813579
2018-01-18 19:00:00,0.00390732653537843
2018-01-18 19:30:00,0.0038398374319701094
2018-01-18 20:00:00,0.0038433153078928604
2018-01-18 20:30:00,0.0037691254232472085
2018-01-18 21:00:00,0.0031374934420090304
2018-01-18 21:30:00,0.002586285880965448
2018-01-18 22:00:00,0.0024302562731730653
2018-01-18 22:30:00,0.0023669727442876516
2018-01-18 23:00:00,0.0024160978017178387
2018-01-18 23:30:00,0.0024334571706667897
2018-01-19 00:00:00,0.0024730246716556685
2018-01-19 00:30:00,0.002450775084884093
2018-01-19 01:00:00,0.002514200984363335
2018-01-19 01:30:00,0.002520924333620598
2018-01-19 02:00:00,0.002522708487650277
2018-01-19 02:30:00,0.002574157010763773
2018-01-19 03:00:00,0.0025769018261809235
2018-01-19 03:30:00,0.0026736962237272283
2018-01-19 04:00:00,0.0027288915983485536
2018-01-19 04:30:00,0.002840139292121115
2018-01-19 05:00:00,0.0031052348583690617
2018-01-19 05:30:00,0.0034704481631694355
2018-01-19 06:00:00,0.004988548526123543
2018-01-19 06:30:00,0.006070262771799873
2018-01-19 07:00:00,0.006312862103625778
2018-01-19 07:30:00,0.006327558206137405
2018-01-19 08:00:00,0.006302631988179113
2018-01-19 08:30:00,0.006392797790140493
2018-01-19 09:00:00,0.006454356065927681
2018-01-19 09:30:00,0.006482553846491757
2018-01-19 10:00:00,0.0064947417776817645
2018-01-19 10:30:00,0.006443825123577027
2018-01-19 11:00:00,0.006369174515205311
2018-01-19 11:30:00,0.006250912088627354
2018-01-19 12:00:00,0.006118118098009332
2018-01-19 12:30:00,0.005950292138181299
2018-01-19 13:00:00,0.005746890736010772
2018-01-19 13:30:00,0.005515179033290267
2018-01-19 14:00:00,0.0052588687490426845
2018-01-19 14:30:00,0.0049752814114272
2018-01-19 15:00:00,0.004668535283939252
2018-01-19 15:30:00,0.004425444177352767
2018-01-19 16:00:00,0.004175304405902547
2018-01-19 16:30:00,0.003995898090797008
2018-01-19 17:00:00,0.004025937645867185
2018-01-19 17:30:00,0.003962212840166499
2018-01-19 18:00:00,0.0039954079166052165
2018-01-19 18:30:00,0.0039022208009682965
2018-01-19 19:00:00,0.0038491661871029557
2018-01-19 19:30:00,0.0037750564909536585
2018-01-19 20:00:00,0.003763096800873037
2018-01-19 20:30:00,0.0037082088154877383
2018-01-19 21:00:00,0.0030732350867023585
2018-01-19 21:30:00,0.0025024105544322046
2018-01-19 22:00:00,0.0023759041582184994
2018-01-19 22:30:00,0.002261786564577887
2018-01-19 23:00:00,0.002311344735922518
2018-01-19 23:30:00,0.0023068064831767094
2018-01-20 00:00:00,0.0022521753890821297
2018-01-20 00:30:00,0.0021850031182656946
2018-01-20 01:00:00,0.00218019388922382
2018-01-20 01:30:00,0.002175575447981656
2018-01-20 02:00:00,0.0021818719255427537
2018-01-20 02:30:00,0.0021804594235860014
2018-01-20 03:00:00,0.0021923714167166953
2018-01-20 03:30:00,0.0022043443915182705
2018-01-20 04:00:00,0.0021986209175838206
2018-01-20 04:30:00,0.0022178092564885585
2018-01-20 05:00:00,0.002226175189466068
2018-01-20 05:30:00,0.0022011263679384985
2018-01-20 06:00:00,0.003401477173147336
2018-01-20 06:30:00,0.004257621018520116
2018-01-20 07:00:00,0.004094872463034641
2018-01-20 07:30:00,0.003838715913419292
2018-01-20 08:00:00,0.003487152019170638
2018-01-20 08:30:00,0.0031851173259715253
2018-01-20 09:00:00,0.0030223198731095316
2018-01-20 09:30:00,0.0028978019435314875
2018-01-20 10:00:00,0.0027356766495326527
2018-01-20 10:30:00,0.002653472236787231
2018-01-20 11:00:00,0.002569086088724812
2018-01-20 11:30:00,0.0024693184745950923
2018-01-20 12:00:00,0.002418533787387051
2018-01-20 12:30:00,0.002363026541937087
2018-01-20 13:00:00,0.002307533141407152
2018-01-20 13:30:00,0.002299339909802032
2018-01-20 14:00:00,0.0022763365351590307
2018-01-20 14:30:00,0.00222596567501152
2018-01-20 15:00:00,0.0022304199779243183
2018-01-20 15:30:00,0.0022442997903532897
2018-01-20 16:00:00,0.0022620887519653487
2018-01-20 16:30:00,0.002334990979019831
2018-01-20 17:00:00,0.002572650875532834
2018-01-20 17:30:00,0.0027326783040192426
2018-01-20 18:00:00,0.002932174158286459
2018-01-20 18:30:00,0.0030567183371926505
2018-01-20 19:00:00,0.003113614316152843
2018-01-20 19:30:00,0.0031922742693138695
2018-01-20 20:00:00,0.0032324468653336267
2018-01-20 20:30:00,0.003259199652394521
2018-01-20 21:00:00,0.002698627963647844
2018-01-20 21:30:00,0.0022080936438792845
2018-01-20 22:00:00,0.0021442062203895847
2018-01-20 22:30:00,0.0020190386199398745
2018-01-20 23:00:00,0.002074065854809861
2018-01-20 23:30:00,0.002088030977555314
2018-01-21 00:00:00,0.002061061953650955
2018-01-21 00:30:00,0.002059862567428527
2018-01-21 01:00:00,0.0020351277774974617
2018-01-21 01:30:00,0.0020763393827469365
2018-01-21 02:00:00,0.002101921193681417
2018-01-21 02:30:00,0.002118809355178733
2018-01-21 03:00:00,0.002166827219148769
2018-01-21 03:30:00,0.0021507057301016334
2018-01-21 04:00:00,0.0021915424821406025
2018-01-21 04:30:00,0.00220880621710438
2018-01-21 05:00:00,0.0022279944759806777
2018-01-21 05:30:00,0.0022589907710447903
2018-01-21 06:00:00,0.0034650941805400466
2018-01-21 06:30:00,0.004253016902368617
2018-01-21 07:00:00,0.0041010669043354065
2018-01-21 07:30:00,0.003834606132938438
2018-01-21 08:00:00,0.0035027825337415877
2018-01-21 08:30:00,0.003204447795384772
2018-01-21 09:00:00,0.0030755618335516852
2018-01-21 09:30:00,0.002849721977492419
2018-01-21 10:00:00,0.002697830080106268
2018-01-21 10:30:00,0.0026228239854063995
2018-01-21 11:00:00,0.002445579958707064
2018-01-21 11:30:00,0.0023879537202366533
2018-01-21 12:00:00,0.0022983448361855864
2018-01-21 12:30:00,0.0022173241240884545
2018-01-21 13:00:00,0.0021730682370013103
2018-01-21 13:30:00,0.0020891133621992277
2018-01-21 14:00:00,0.002095794216355129
2018-01-21 14:30:00,0.002038925607121238
2018-01-21 15:00:00,0.0020578398486207697
2018-01-21 15:30:00,0.0020955036330913912
2018-01-21 16:00:00,0.002070919776797178
2018-01-21 16:30:00,0.0022011076412836615
2018-01-21 17:00:00,0.0024161653457207563
2018-01-21 17:30:00,0.0026178014005448814
2018-01-21 18:00:00,0.002882001288498212
2018-01-21 18:30:00,0.0029709845102094544
2018-01-21 19:00:00,0.0031009189246281174
2018-01-21 19:30:00,0.0031603458830151794
2018-01-21 20:00:00,0.0032184156390971668
2018-01-21 20:30:00,0.00328958413003884
2018-01-21 21:00:00,0.0025975007463598663
2018-01-21 21:30:00,0.0020896268246669058
2018-01-21 22:00:00,0.0020138800667596863
2018-01-21 22:30:00,0.0019356887601402308
2018-01-21 23:00:00,0.002049186453488662
2018-01-21 23:30:00,0.0020630596235571568
2018-01-22 00:00:00,0.002250430529016233
2018-01-22 00:30:00,0.002382299390873911
2018-01-22 01:00:00,0.0024242624631700665
2018-01-22 01:30:00,0.002522464160824557
2018-01-22 02:00:00,0.002503102480319915
2018-01-22 02:30:00,0.002548259727720878
2018-01-22 03:00:00,0.002590217998310665
2018-01-22 03:30:00,0.002622605667823509
2018-01-22 04:00:00,0.0027155529382273196
2018-01-22 04:30:00,0.0028043485732764306
2018-01-22 05:00:00,0.003053912940246817
2018-01-22 05:30:00,0.0034194157879412147
2018-01-22 06:00:00,0.00492361817201059
2018-01-22 06:30:00,0.0060551216311363195
2018-01-22 07:00:00,0.00627758052571304
2018-01-22 07:30:00,0.006333756968973904
2018-01-22 08:00:00,0.006365896950466568
2018-01-22 08:30:00,0.0064023762340045046
2018-01-22 09:00:00,0.006472302043337993
2018-01-22 09:30:00,0.006486251080367112
2018-01-22 10:00:00,0.006508049946967558
2018-01-22 10:30:00,0.006453145075581531
2018-01-22 11:00:00,0.006364788796665143
2018-01-22 11:30:00,0.006248218971582105
2018-01-22 12:00:00,0.006114459517870244
2018-01-22 12:30:00,0.005939917331316061
2018-01-22 13:00:00,0.005724503340266418
2018-01-22 13:30:00,0.005488826468455193
2018-01-22 14:00:00,0.0052132387736497365
2018-01-22 14:30:00,0.004935094490316776
2018-01-22 15:00:00,0.004642160471198004
2018-01-22 15:30:00,0.0043829348309287475
2018-01-22 16:00:00,0.0041368095260879666
2018-01-22 16:30:00,0.0039531302525134815
2018-01-22 17:00:00,0.003968411442946119
2018-01-22 17:30:00,0.003949941999513195
2018-01-22 18:00:00,0.004019091933125963
2018-01-22 18:30:00,0.003962282224823525
2018-01-22 19:00:00,0.00392843619705811
2018-01-22 19:30:00,0.0038781691337965987
2018-01-22 20:00:00,0.0038763112735741615
2018-01-22 20:30:00,0.003840681411892824
2018-01-22 21:00:00,0.0031879281648512434
2018-01-22 21:30:00,0.002614129295599522
2018-01-22 22:00:00,0.002491107337640605
2018-01-22 22:30:00,0.0023614747104672065
2018-01-22 23:00:00,0.0024193656830154044
2018-01-22 23:30:00,0.0024465233339516085
2018-01-23 00:00:00,0.0024517117377397205
2018-01-23 00:30:00,0.0025018435529385163
2018-01-23 01:00:00,0.002533726002912948
2018-01-23 01:30:00,0.002560564340375642
2018-01-23 02:00:00,0.002605740314431443
2018-01-23 02:30:00,0.0026303520206225946
2018-01-23 03:00:00,0.0026950546137967982
2018-01-23 03:30:00,0.0027453121536740116
2018-01-23 04:00:00,0.002811402760102488
2018-01-23 04:30:00,0.002965651575059648
2018-01-23 05:00:00,0.003189624767768136
2018-01-23 05:30:00,0.0035744008645415552
2018-01-23 06:00:00,0.005136761836260737
2018-01-23 06:30:00,0.006244389610753176
2018-01-23 07:00:00,0.006487979134460718
2018-01-23 07:30:00,0.00653469917722777
2018-01-23 08:00:00,0.006525592821128228
2018-01-23 08:30:00,0.006565330062437235
2018-01-23 09:00:00,0.006598399494225976
2018-01-23 09:30:00,0.006592163918307319
2018-01-23 10:00:00,0.006578026654388553
2018-01-23 10:30:00,0.006478114188783382
2018-01-23 11:00:00,0.006375276523658482
2018-01-23 11:30:00,0.00624988468352136
2018-01-23 12:00:00,0.006100899259000101
2018-01-23 12:30:00,0.005900456828350761
2018-01-23 13:00:00,0.0056800770726316285
2018-01-23 13:30:00,0.005434176247563578
2018-01-23 14:00:00,0.0051626616001852555
2018-01-23 14:30:00,0.004858652765441148
2018-01-23 15:00:00,0.004551223275108513
2018-01-23 15:30:00,0.004285261641088557
2018-01-23 16:00:00,0.004037338577383386
2018-01-23 16:30:00,0.0038537301289778363
2018-01-23 17:00:00,0.003868668717661077
2018-01-23 17:30:00,0.0038524127008071818
2018-01-23 18:00:00,0.0039138550153855695
2018-01-23 18:30:00,0.00385186610656556
2018-01-23 19:00:00,0.003819684510284367
2018-01-23 19:30:00,0.0037589595706374423
2018-01-23 20:00:00,0.0037498311266886044
2018-01-23 20:30:00,0.003688926683251935
2018-01-23 21:00:00,0.0030597166026776214
2018-01-23 21:30:00,0.002510129697561869
2018-01-23 22:00:00,0.002398004571978892
2018-01-23 22:30:00,0.002287759874638284
2018-01-23 23:00:00,0.002312027858681886
2018-01-23 23:30:00,0.0023418555784727696
2018-01-24 00:00:00,0.0023711983259204275
2018-01-24 00:30:00,0.0024038712968200036
2018-01-24 01:00:00,0.002424724387322722
2018-01-24 01:30:00,0.0024499209413495647
2018-01-24 02:00:00,0.002463877260966675
2018-01-24 02:30:00,0.0024897823067681997
2018-01-24 03:00:00,0.0025204960214125225
2018-01-24 03:30:00,0.002568640570402248
2018-01-24 04:00:00,0.0026404630537513194
2018-01-24 04:30:00,0.0027521892375635083
2018-01-24 05:00:00,0.002980242680258683
2018-01-24 05:30:00,0.0033171511264429637
2018-01-24 06:00:00,0.004687433999921525
2018-01-24 06:30:00,0.005648900153379619
2018-01-24 07:00:00,0.005970609198196407
2018-01-24 07:30:00,0.006095156018041101
2018-01-24 08:00:00,0.006085273306050202
2018-01-24 08:30:00,0.006150818518663649
2018-01-24 09:00:00,0.006174184822279673
2018-01-24 09:30:00,0.006176102543774839
2018-01-24 10:00:00,0.006177274720327844
2018-01-24 10:30:00,0.006109361786304058
2018-01-24 11:00:00,0.006015020100370817
2018-01-24 11:30:00,0.005894203566146981
2018-01-24 12:00:00,0.005750425672210869
2018-01-24 12:30:00,0.005554110148128432
2018-01-24 13:00:00,0.00532386136528155
2018-01-24 13:30:00,0.00509636155933067
2018-01-24 14:00:00,0.0048352863017682435
2018-01-24 14:30:00,0.0045369524437242625
2018-01-24 15:00:00,0.004234397085497918
2018-01-24 15:30:00,0.0039799350580600355
2018-01-24 16:00:00,0.003742206657202841
2018-01-24 16:30:00,0.0035686189698462883
2018-01-24 17:00:00,0.0035793631079597083
2018-01-24 17:30:00,0.003584297901623121
2018-01-24 18:00:00,0.0036505072702557803
2018-01-24 18:30:00,0.0036076427576173667
2018-01-24 19:00:00,0.0035783525888544443
2018-01-24 19:30:00,0.0035211699480240484
2018-01-24 20:00:00,0.00351967893816817
2018-01-24 20:30:00,0.003476611953577882
2018-01-24 21:00:00,0.0029204100577119164
2018-01-24 21:30:00,0.0024204822398029746
2018-01-24 22:00:00,0.0023037812481076355
2018-01-24 22:30:00,0.0021992914758781914
2018-01-24 23:00:00,0.0022355352357187495
2018-01-24 23:30:00,0.0022289080006172974
2018-01-25 00:00:00,0.0022673943974172934
2018-01-25 00:30:00,0.0022724185028191613
2018-01-25 01:00:00,0.0022971170398671447
2018-01-25 01:30:00,0.002332581722849404
2018-01-25 02:00:00,0.0023378155827911383
2018-01-25 02:30:00,0.0023840047168907064
2018-01-25 03:00:00,0.0024034188960516453
2018-01-25 03:30:00,0.002458130658813217
2018-01-25 04:00:00,0.0025099276257521917
2018-01-25 04:30:00,0.0026302892783260454
2018-01-25 05:00:00,0.0029006957719029426
2018-01-25 05:30:00,0.003227175952224415
2018-01-25 06:00:00,0.004639327144326793
2018-01-25 06:30:00,0.0057238174965401085
2018-01-25 07:00:00,0.005998113132190223
2018-01-25 07:30:00,0.0061265991118828085
2018-01-25 08:00:00,0.006115122153349107
2018-01-25 08:30:00,0.006190613940648155
2018-01-25 09:00:00,0.006273156633607243
2018-01-25 09:30:00,0.006328287985476987
2018-01-25 10:00:00,0.006344852752050381
2018-01-25 10:30:00,0.0062787711088071255
2018-01-25 11:00:00,0.006191403581260466
2018-01-25 11:30:00,0.006072623530735977
2018-01-25 12:00:00,0.005934827042394746
2018-01-25 12:30:00,0.005753658421023504
2018-01-25 13:00:00,0.005543054379271692
2018-01-25 13:30:00,0.00531593054692947
2018-01-25 14:00:00,0.005047325013354544
2018-01-25 14:30:00,0.004759397493380953
2018-01-25 15:00:00,0.004475442585142956
2018-01-25 15:30:00,0.004229587296256967
2018-01-25 16:00:00,0.003986159029854968
2018-01-25 16:30:00,0.003807242648855902
2018-01-25 17:00:00,0.0037988703936316735
2018-01-25 17:30:00,0.0037887013398843284
2018-01-25 18:00:00,0.003851094872494329
2018-01-25 18:30:00,0.0038177216527493373
2018-01-25 19:00:00,0.0037854661101900692
2018-01-25 19:30:00,0.0037276402007631647
2018-01-25 20:00:00,0.003694538037342679
2018-01-25 20:30:00,0.0036379508881304247
2018-01-25 21:00:00,0.003039625142833397
2018-01-25 21:30:00,0.0025013592208228074
2018-01-25 22:00:00,0.002370195009374716
2018-01-25 22:30:00,0.002256472676196676
2018-01-25 23:00:00,0.0022887044503094203
2018-01-25 23:30:00,0.002308544860939009
2018-01-26 00:00:00,0.002334636613089831
2018-01-26 00:30:00,0.0023575885294462484
2018-01-26 01:00:00,0.0023961394291684627
2018-01-26 01:30:00,0.0024275371468849873
2018-01-26 02:00:00,0.002445288255045174
2018-01-26 02:30:00,0.0024628396122204285
2018-01-26 03:00:00,0.0025056455440411454
2018-01-26 03:30:00,0.0025513575485845573
2018-01-26 04:00:00,0.0026067954093774957
2018-01-26 04:30:00,0.0027520803988858207
2018-01-26 05:00:00,0.0029861491792342143
2018-01-26 05:30:00,0.003324404984225514
2018-01-26 06:00:00,0.00474848129412266
2018-01-26 06:30:00,0.005804766663212348
2018-01-26 07:00:00,0.0061090996931647745
2018-01-26 07:30:00,0.00616333136531793
2018-01-26 08:00:00,0.006176122070714071
2018-01-26 08:30:00,0.0062235275570652355
2018-01-26 09:00:00,0.006294447159560137
2018-01-26 09:30:00,0.006327059388874151
2018-01-26 10:00:00,0.006339941406719734
2018-01-26 10:30:00,0.006271071572645133
2018-01-26 11:00:00,0.006189804773096612
2018-01-26 11:30:00,0.006079234199950458
2018-01-26 12:00:00,0.005929152545865256
2018-01-26 12:30:00,0.005737517325008698
2018-01-26 13:00:00,0.00552124558914475
2018-01-26 13:30:00,0.005284413666866567
2018-01-26 14:00:00,0.0050288488475327036
2018-01-26 14:30:00,0.0047401468923503045
2018-01-26 15:00:00,0.0044491142689250425
2018-01-26 15:30:00,0.00419459117978784
2018-01-26 16:00:00,0.00393539362950084
2018-01-26 16:30:00,0.0037425910337976443
2018-01-26 17:00:00,0.0037152555596689247
2018-01-26 17:30:00,0.0037044085049823382
2018-01-26 18:00:00,0.0037499198782279834
2018-01-26 18:30:00,0.003726099013075734
2018-01-26 19:00:00,0.0036964740853504836
2018-01-26 19:30:00,0.0036373088999889476
2018-01-26 20:00:00,0.003608229446107166
2018-01-26 20:30:00,0.003568416497894414
2018-01-26 21:00:00,0.003004613340790133
2018-01-26 21:30:00,0.0024695042206031165
2018-01-26 22:00:00,0.002324595604845647
2018-01-26 22:30:00,0.0021830191332226434
2018-01-26 23:00:00,0.0022233561876855235
2018-01-26 23:30:00,0.00224577831577261
2018-01-27 00:00:00,0.002194495931699467
2018-01-27 00:30:00,0.002141930211570885
2018-01-27 01:00:00,0.0021286964687338037
2018-01-27 01:30:00,0.0021806521320682595
2018-01-27 02:00:00,0.002199216169116644
2018-01-27 02:30:00,0.002211325672435965
2018-01-27 03:00:00,0.0022545956891772043
2018-01-27 03:30:00,0.002247010593683663
2018-01-27 04:00:00,0.0022872728215556333
2018-01-27 04:30:00,0.0023135628041510373
2018-01-27 05:00:00,0.0023122331316291424
2018-01-27 05:30:00,0.002342899629494174
2018-01-27 06:00:00,0.0034174183581203318
2018-01-27 06:30:00,0.004340318086338952
2018-01-27 07:00:00,0.0042331795328197286
2018-01-27 07:30:00,0.003910432839256694
2018-01-27 08:00:00,0.0035874734301015315
2018-01-27 08:30:00,0.0032581956956212943
2018-01-27 09:00:00,0.00308681239163011
2018-01-27 09:30:00,0.002924740076458209
2018-01-27 10:00:00,0.0027719593832232366
2018-01-27 10:30:00,0.0026824608583902077
2018-01-27 11:00:00,0.002556182223115251
2018-01-27 11:30:00,0.0024826913868884228
2018-01-27 12:00:00,0.0023918808758186224
2018-01-27 12:30:00,0.002317726683856977
2018-01-27 13:00:00,0.0022564841202635214
2018-01-27 13:30:00,0.0021822782299299737
2018-01-27 14:00:00,0.0021729093805489498
2018-01-27 14:30:00,0.0021414104268564884
2018-01-27 15:00:00,0.0021512724114815633
2018-01-27 15:30:00,0.002179318778238149
2018-01-27 16:00:00,0.0021786688672811635
2018-01-27 16:30:00,0.0022604640946155452
2018-01-27 17:00:00,0.0024042116577730945
2018-01-27 17:30:00,0.002669756183566503
2018-01-27 18:00:00,0.0029027610658405012
2018-01-27 18:30:00,0.0030201478212337107
2018-01-27 19:00:00,0.003151216478725068
2018-01-27 19:30:00,0.003217541808566528
2018-01-27 20:00:00,0.003283279169463157
2018-01-27 20:30:00,0.003351192183515383
2018-01-27 21:00:00,0.0027299193235683053
2018-01-27 21:30:00,0.0022960160886252726
2018-01-27 22:00:00,0.0022348056964644858
2018-01-27 22:30:00,0.002147370144744271
2018-01-27 23:00:00,0.0022084139977225077
2018-01-27 23:30:00,0.00221760582419541
2018-01-28 00:00:00,0.0022186431528278994
2018-01-28 00:30:00,0.0021892837594648298
2018-01-28 01:00:00,0.002185781794981797
2018-01-28 01:30:00,0.0022258024970234283
2018-01-28 02:00:00,0.002234859955746451
2018-01-28 02:30:00,0.0022764773051840693
2018-01-28 03:00:00,0.002302347618642861
2018-01-28 03:30:00,0.0023111260181974307
2018-01-28 04:00:00,0.0023451652346157415
2018-01-28 04:30:00,0.002363104249551818
2018-01-28 05:00:00,0.0024341204463731677
2018-01-28 05:30:00,0.0024494020369480018
2018-01-28 06:00:00,0.0037452496585854787
2018-01-28 06:30:00,0.0045323199975051895
2018-01-28 07:00:00,0.004255215683743222
2018-01-28 07:30:00,0.00397729187876102
2018-01-28 08:00:00,0.0036004122681391436
2018-01-28 08:30:00,0.00340072050425209
2018-01-28 09:00:00,0.0032105274759033292
2018-01-28 09:30:00,0.0029640952619971574
2018-01-28 10:00:00,0.0027925120469641618
2018-01-28 10:30:00,0.002615918571449328
2018-01-28 11:00:00,0.0024830573569421463
2018-01-28 11:30:00,0.0023706847834243094
2018-01-28 12:00:00,0.0022317060349466983
2018-01-28 12:30:00,0.002167753468307265
2018-01-28 13:00:00,0.0020648643448957817
2018-01-28 13:30:00,0.002034957236892938
2018-01-28 14:00:00,0.0020000515525604194
2018-01-28 14:30:00,0.0019260365300550223
2018-01-28 15:00:00,0.0019675105485575397
2018-01-28 15:30:00,0.0019571072515678477
2018-01-28 16:00:00,0.0019894985223604684
2018-01-28 16:30:00,0.0020703727023849193
2018-01-28 17:00:00,0.0021794072896922094
2018-01-28 17:30:00,0.00244999192657538
2018-01-28 18:00:00,0.002645745250870498
2018-01-28 18:30:00,0.002809406450679757
2018-01-28 19:00:00,0.0029017770361487033
2018-01-28 19:30:00,0.002938877740519172
2018-01-28 20:00:00,0.0030278503184479645
2018-01-28 20:30:00,0.0030363114852684503
2018-01-28 21:00:00,0.0025063535556451902
2018-01-28 21:30:00,0.0020150216724488124
2018-01-28 22:00:00,0.0019085298287489956
2018-01-28 22:30:00,0.001836774329203766
2018-01-28 23:00:00,0.001896761326610282
2018-01-28 23:30:00,0.001963414212854517
2018-01-29 00:00:00,0.002138025143838211
2018-01-29 00:30:00,0.0022472920537053003
2018-01-29 01:00:00,0.002318300247682702
2018-01-29 01:30:00,0.0023670831835341287
2018-01-29 02:00:00,0.0023967455645690543
2018-01-29 02:30:00,0.002422350903864741
2018-01-29 03:00:00,0.0024357259769259365
2018-01-29 03:30:00,0.0025169104272102366
2018-01-29 04:00:00,0.0025583225837290382
2018-01-29 04:30:00,0.002694718654407878
2018-01-29 05:00:00,0.002917758155312998
2018-01-29 05:30:00,0.0032422019319635624
2018-01-29 06:00:00,0.004753282520320588
2018-01-29 06:30:00,0.005786315386235186
2018-01-29 07:00:00,0.005991795367064226
2018-01-29 07:30:00,0.00607993829016097
2018-01-29 08:00:00,0.006050692537181956
2018-01-29 08:30:00,0.006066897095749268
2018-01-29 09:00:00,0.006073592034910517
2018-01-29 09:30:00,0.006058830949306034
2018-01-29 10:00:00,0.006034602899453732
2018-01-29 10:30:00,0.005948510705118561
2018-01-29 11:00:00,0.005850748683710553
2018-01-29 11:30:00,0.005741736984536953
2018-01-29 12:00:00,0.005601268986829132
2018-01-29 12:30:00,0.00541068966120302
2018-01-29 13:00:00,0.005193439657694917
2018-01-29 13:30:00,0.004984091022073165
2018-01-29 14:00:00,0.004738227410229471
2018-01-29 14:30:00,0.004473890673644636
2018-01-29 15:00:00,0.004197235479485008
2018-01-29 15:30:00,0.003956146444368895
2018-01-29 16:00:00,0.0037189305456381055
2018-01-29 16:30:00,0.003516979418847763
2018-01-29 17:00:00,0.003453847223741398
2018-01-29 17:30:00,0.0034614552873970693
2018-01-29 18:00:00,0.0035211968375797125
2018-01-29 18:30:00,0.0034831844492267333
2018-01-29 19:00:00,0.003457636490322151
2018-01-29 19:30:00,0.00340885875631929
2018-01-29 20:00:00,0.003383233810055932
2018-01-29 20:30:00,0.003341553878378643
2018-01-29 21:00:00,0.0028414387138928875
2018-01-29 21:30:00,0.002347929176829927
2018-01-29 22:00:00,0.0022181701847505952
2018-01-29 22:30:00,0.002085877572305892
2018-01-29 23:00:00,0.0021274855584160913
2018-01-29 23:30:00,0.002109790470163538
2018-01-30 00:00:00,0.0021473198068558404
2018-01-30 00:30:00,0.0021718638089871954
2018-01-30 01:00:00,0.0021636380858356475
2018-01-30 01:30:00,0.0022133744004865525
2018-01-30 02:00:00,0.0022222854871937732
2018-01-30 02:30:00,0.0022715112204008212
2018-01-30 03:00:00,0.0023038858452780306
2018-01-30 03:30:00,0.0023269679679054764
2018-01-30 04:00:00,0.002415701420857114
2018-01-30 04:30:00,0.0025099645188627904
2018-01-30 05:00:00,0.0027496771448483545
2018-01-30 05:30:00,0.003083345319546688
2018-01-30 06:00:00,0.0044477972408965855
2018-01-30 06:30:00,0.00550072117544296
2018-01-30 07:00:00,0.00568986327032452
2018-01-30 07:30:00,0.005802725057692875
2018-01-30 08:00:00,0.005850091570194014
2018-01-30 08:30:00,0.005892182287851134
2018-01-30 09:00:00,0.005953669578412508
2018-01-30 09:30:00,0.00599274778552243
2018-01-30 10:00:00,0.0060056418076339345
2018-01-30 10:30:00,0.005960475276933991
2018-01-30 11:00:00,0.005896243491069226
2018-01-30 11:30:00,0.005799043829505414
2018-01-30 12:00:00,0.005676274841443682
2018-01-30 12:30:00,0.005504837998426488
2018-01-30 13:00:00,0.00531160188866665
2018-01-30 13:30:00,0.005105461113012857
2018-01-30 14:00:00,0.004851171706918924
2018-01-30 14:30:00,0.004554567263452021
2018-01-30 15:00:00,0.004250624132056722
2018-01-30 15:30:00,0.003981667833831571
2018-01-30 16:00:00,0.003732792031554437
2018-01-30 16:30:00,0.003530783284287672
2018-01-30 17:00:00,0.0034505651774100455
2018-01-30 17:30:00,0.0034629671846756515
2018-01-30 18:00:00,0.003528414762592938
2018-01-30 18:30:00,0.0034831834888854594
2018-01-30 19:00:00,0.003455251802882643
2018-01-30 19:30:00,0.003405292528999357
2018-01-30 20:00:00,0.0033904587775718314
2018-01-30 20:30:00,0.00334766260922073
2018-01-30 21:00:00,0.0028425948047295594
2018-01-30 21:30:00,0.0023375925435303187
2018-01-30 22:00:00,0.002208787250364224
2018-01-30 22:30:00,0.002094052637455251
2018-01-30 23:00:00,0.002105656601122402
2018-01-30 23:30:00,0.0021345571114135156
2018-01-31 00:00:00,0.0021588455827376233
2018-01-31 00:30:00,0.0021624222137546873
2018-01-31 01:00:00,0.002187278806970636
2018-01-31 01:30:00,0.002202587767271771
2018-01-31 02:00:00,0.002232326735523275
2018-01-31 02:30:00,0.002257492238515601
2018-01-31 03:00:00,0.002287439120652864
2018-01-31 03:30:00,0.002327949676772529
2018-01-31 04:00:00,0.0023891691121469757
2018-01-31 04:30:00,0.0025463459276192472
2018-01-31 05:00:00,0.002768458539138356
2018-01-31 05:30:00,0.003127967976971952
2018-01-31 06:00:00,0.00460244563785205
2018-01-31 06:30:00,0.005602795449283698
2018-01-31 07:00:00,0.005829513297352457
2018-01-31 07:30:00,0.005968061252740369
2018-01-31 08:00:00,0.005975187145048196
2018-01-31 08:30:00,0.006044844619024121
2018-01-31 09:00:00,0.006135614795760424
2018-01-31 09:30:00,0.0061748621829913995
2018-01-31 10:00:00,0.0062028048328904226
2018-01-31 10:30:00,0.006148632861953118
2018-01-31 11:00:00,0.006065021229127948
2018-01-31 11:30:00,0.005952513567604276
2018-01-31 12:00:00,0.005813733929884081
2018-01-31 12:30:00,0.00562298966564421
2018-01-31 13:00:00,0.005383956000939161
2018-01-31 13:30:00,0.00513846148025833
2018-01-31 14:00:00,0.004853112796718417
2018-01-31 14:30:00,0.004538493231269494
2018-01-31 15:00:00,0.0042335773541923635
2018-01-31 15:30:00,0.003975040438673239
2018-01-31 16:00:00,0.0037281240527082373
2018-01-31 16:30:00,0.003536208812341952
2018-01-31 17:00:00,0.003455382409295868
2018-01-31 17:30:00,0.0034774783414636494
2018-01-31 18:00:00,0.0035352655171258475
2018-01-31 18:30:00,0.003507731652495667
2018-01-31 19:00:00,0.003498095107984595
2018-01-31 19:30:00,0.0034616141438494298
2018-01-31 20:00:00,0.0034569455247757145
2018-01-31 20:30:00,0.0034291393233659966
2018-01-31 21:00:00,0.002884132525869899
2018-01-31 21:30:00,0.0023681407593618047
2018-01-31 22:00:00,0.0022390058290535086
2018-01-31 22:30:00,0.002112584343014087
2018-01-31 23:00:00,0.002116469323608453
2018-01-31 23:30:00,0.00213372089424943
2018-02-01 00:00:00,0.002147651124595271
2018-02-01 00:30:00,0.002159083267202867
2018-02-01 01:00:00,0.0021781155506506262
2018-02-01 01:30:00,0.002203806040205915
2018-02-01 02:00:00,0.002243615227082011
2018-02-01 02:30:00,0.002252246214251066
2018-02-01 03:00:00,0.0023057052118210797
2018-02-01 03:30:00,0.0023587803929953654
2018-02-01 04:00:00,0.0024109125190388656
2018-02-01 04:30:00,0.0025842826090684825
2018-02-01 05:00:00,0.0028130300583907946
2018-02-01 05:30:00,0.0031755579288761087
2018-02-01 06:00:00,0.004474233595507791
2018-02-01 06:30:00,0.005540612711583277
2018-02-01 07:00:00,0.005833515119468458
2018-02-01 07:30:00,0.005976813162881471
2018-02-01 08:00:00,0.0060001122426083355
2018-02-01 08:30:00,0.006034157301102728
2018-02-01 09:00:00,0.006084352018654953
2018-02-01 09:30:00,0.00612664000641538
2018-02-01 10:00:00,0.006140937647326856
2018-02-01 10:30:00,0.0060849984883890405
2018-02-01 11:00:00,0.006013276760845271
2018-02-01 11:30:00,0.005930646436744956
2018-02-01 12:00:00,0.005828659313874807
2018-02-01 12:30:00,0.0056769116277365925
2018-02-01 13:00:00,0.005489015255543917
2018-02-01 13:30:00,0.005286087141564451
2018-02-01 14:00:00,0.005034203790503366
2018-02-01 14:30:00,0.004763605868899243
2018-02-01 15:00:00,0.004472705772569753
2018-02-01 15:30:00,0.0042229620618665
2018-02-01 16:00:00,0.003968302044069355
2018-02-01 16:30:00,0.003752229338934384
2018-02-01 17:00:00,0.0036589281027427705
2018-02-01 17:30:00,0.003637419259206985
2018-02-01 18:00:00,0.0036620081572928858
2018-02-01 18:30:00,0.003610634060628103
2018-02-01 19:00:00,0.0035655654847380792
2018-02-01 19:30:00,0.0034918549704448885
2018-02-01 20:00:00,0.003479341963733729
2018-02-01 20:30:00,0.0034244662226996705
2018-02-01 21:00:00,0.0029493877154186847
2018-02-01 21:30:00,0.0024998328383966806
2018-02-01 22:00:00,0.0023056129390303633
2018-02-01 22:30:00,0.0021589272117458888
2018-02-01 23:00:00,0.002184855785908619
2018-02-01 23:30:00,0.002225695098857651
2018-02-02 00:00:00,0.0022478253632259686
2018-02-02 00:30:00,0.0022732986555965198
2018-02-02 01:00:00,0.0023049083686492162
2018-02-02 01:30:00,0.00232189008339228
2018-02-02 02:00:00,0.002376215068705864
2018-02-02 02:30:00,0.0023873984028951285
2018-02-02 03:00:00,0.002423243941220854
2018-02-02 03:30:00,0.0024831054540342718
2018-02-02 04:00:00,0.0025199196565914156
2018-02-02 04:30:00,0.0026790320399008552
2018-02-02 05:00:00,0.002906660051411775
2018-02-02 05:30:00,0.0032275518458046337
2018-02-02 06:00:00,0.004514492382156864
2018-02-02 06:30:00,0.005512730723241376
2018-02-02 07:00:00,0.005772620759615162
2018-02-02 07:30:00,0.0059369505170078045
2018-02-02 08:00:00,0.005947716742970521
2018-02-02 08:30:00,0.00599279052070911
2018-02-02 09:00:00,0.006078652313167027
2018-02-02 09:30:00,0.00614345902334099
2018-02-02 10:00:00,0.006186444218866133
2018-02-02 10:30:00,0.006156286221705533
2018-02-02 11:00:00,0.00609737552678153
2018-02-02 11:30:00,0.006012924555683135
2018-02-02 12:00:00,0.005904525154099967
2018-02-02 12:30:00,0.005746878331602654
2018-02-02 13:00:00,0.005551350847563736
2018-02-02 13:30:00,0.005340349704695243
2018-02-02 14:00:00,0.005087844052488793
2018-02-02 14:30:00,0.0048221473926319414
2018-02-02 15:00:00,0.00453510314654485
2018-02-02 15:30:00,0.004284713686363463
2018-02-02 16:00:00,0.004047482662257613
2018-02-02 16:30:00,0.0038450885780547716
2018-02-02 17:00:00,0.003763171547435507
2018-02-02 17:30:00,0.0037454910243589386
2018-02-02 18:00:00,0.0037892861877200194
2018-02-02 18:30:00,0.003748447835112261
2018-02-02 19:00:00,0.0037217052916916197
2018-02-02 19:30:00,0.003655465112109762
2018-02-02 20:00:00,0.003667130457589991
2018-02-02 20:30:00,0.00361128829312082
2018-02-02 21:00:00,0.0031166353897430646
2018-02-02 21:30:00,0.002653633334035896
2018-02-02 22:00:00,0.002454787470754104
2018-02-02 22:30:00,0.0023366718163341463
2018-02-02 23:00:00,0.00237811886525256
2018-02-02 23:30:00,0.0024260932737799603
2018-02-03 00:00:00,0.0023850241191527527
2018-02-03 00:30:00,0.002319237140623648
2018-02-03 01:00:00,0.002348515065035331
2018-02-03 01:30:00,0.0023515252547577836
2018-02-03 02:00:00,0.002384672554218134
2018-02-03 02:30:00,0.002401041891342327
2018-02-03 03:00:00,0.002416700335838654
2018-02-03 03:30:00,0.002468379020744083
2018-02-03 04:00:00,0.002456780819124574
2018-02-03 04:30:00,0.0024970177580096705
2018-02-03 05:00:00,0.00247726930005704
2018-02-03 05:30:00,0.0024538677038992056
2018-02-03 06:00:00,0.0036190356062611798
2018-02-03 06:30:00,0.00441257776505288
2018-02-03 07:00:00,0.004246548843833282
2018-02-03 07:30:00,0.004039643476468735
2018-02-03 08:00:00,0.0036347764000217277
2018-02-03 08:30:00,0.0034043080991653625
2018-02-03 09:00:00,0.0032419065469934563
2018-02-03 09:30:00,0.003116158340215347
2018-02-03 10:00:00,0.0029744759109384764
2018-02-03 10:30:00,0.002850332994627818
2018-02-03 11:00:00,0.0027536906511165184
2018-02-03 11:30:00,0.0026097795898571193
2018-02-03 12:00:00,0.0025488361725704246
2018-02-03 12:30:00,0.002480781828294084
2018-02-03 13:00:00,0.002394038362518458
2018-02-03 13:30:00,0.0024210786917623897
2018-02-03 14:00:00,0.0023635335221011675
2018-02-03 14:30:00,0.0023542646282410495
2018-02-03 15:00:00,0.00237315005950237
2018-02-03 15:30:00,0.002341934006343456
2018-02-03 16:00:00,0.002379728477255742
2018-02-03 16:30:00,0.002433934940450462
2018-02-03 17:00:00,0.0025611691152927626
2018-02-03 17:30:00,0.0028169626559066486
2018-02-03 18:00:00,0.0030013796316362227
2018-02-03 18:30:00,0.003175040224901138
2018-02-03 19:00:00,0.0032432947203046084
2018-02-03 19:30:00,0.003350807246721503
2018-02-03 20:00:00,0.0033963165392277214
2018-02-03 20:30:00,0.0034078951338795587
2018-02-03 21:00:00,0.0029201700524219276
2018-02-03 21:30:00,0.0024085456779413613
2018-02-03 22:00:00,0.0022971960279369076
2018-02-03 22:30:00,0.002185499134533567
2018-02-03 23:00:00,0.0022089334623231465
2018-02-03 23:30:00,0.002278192954869557
2018-02-04 00:00:00,0.0022174759380381407
2018-02-04 00:30:00,0.002207382271080782
2018-02-04 01:00:00,0.002224082925944406
2018-02-04 01:30:00,0.0021982072505801692
2018-02-04 02:00:00,0.002286377063232577
2018-02-04 02:30:00,0.002250262629350212
2018-02-04 03:00:00,0.0023036852940087034
2018-02-04 03:30:00,0.0023305247518695506
2018-02-04 04:00:00,0.002285639361077487
2018-02-04 04:30:00,0.002387807108135533
2018-02-04 05:00:00,0.002368938242761184
2018-02-04 05:30:00,0.002400637427609215
2018-02-04 06:00:00,0.003636690360180237
2018-02-04 06:30:00,0.00425285004307231
2018-02-04 07:00:00,0.004134619387784824
2018-02-04 07:30:00,0.003844309101054274
2018-02-04 08:00:00,0.0035410129995921396
2018-02-04 08:30:00,0.003531549876709413
2018-02-04 09:00:00,0.0032483592400684115
2018-02-04 09:30:00,0.0031000011584842056
2018-02-04 10:00:00,0.002888782418288777
2018-02-04 10:30:00,0.0027989512152328455
2018-02-04 11:00:00,0.002695253324412017
2018-02-04 11:30:00,0.002487530306481343
2018-02-04 12:00:00,0.0024653550661300405
2018-02-04 12:30:00,0.0023424838017226564
2018-02-04 13:00:00,0.0022883063088230265
2018-02-04 13:30:00,0.0022813486362949775
2018-02-04 14:00:00,0.0021722597096772833
2018-02-04 14:30:00,0.0021961412363866555
2018-02-04 15:00:00,0.0021771105535076853
2018-02-04 15:30:00,0.0021840088449336438
2018-02-04 16:00:00,0.0022106301452684786
2018-02-04 16:30:00,0.0022258912485628073
2018-02-04 17:00:00,0.0023886853402303432
2018-02-04 17:30:00,0.002603902701404194
2018-02-04 18:00:00,0.002847483021841197
2018-02-04 18:30:00,0.0030667995197134505
2018-02-04 19:00:00,0.0031034914388150753
2018-02-04 19:30:00,0.003274661386986616
2018-02-04 20:00:00,0.0032814961358316303
2018-02-04 20:30:00,0.003343514655174246
2018-02-04 21:00:00,0.0027997078040996526
2018-02-04 21:30:00,0.002229390572107338
2018-02-04 22:00:00,0.0021629085465813837
2018-02-04 22:30:00,0.0020450513039924944
2018-02-04 23:00:00,0.0021583492463559924
2018-02-04 23:30:00,0.0022114142639184657
2018-02-05 00:00:00,0.002350219990909929
2018-02-05 00:30:00,0.002519975356385291
2018-02-05 01:00:00,0.002519271106117902
2018-02-05 01:30:00,0.0026211059348677274
2018-02-05 02:00:00,0.0026387750939058903
2018-02-05 02:30:00,0.0026227467579623045
2018-02-05 03:00:00,0.002714714400238489
2018-02-05 03:30:00,0.002709982878811346
2018-02-05 04:00:00,0.0028004114141395265
2018-02-05 04:30:00,0.0029587088678497808
2018-02-05 05:00:00,0.003160546994483583
2018-02-05 05:30:00,0.0035894338867833767
2018-02-05 06:00:00,0.005073084007254024
2018-02-05 06:30:00,0.006111979116417123
2018-02-05 07:00:00,0.006317494789930169
2018-02-05 07:30:00,0.006428186286048371
2018-02-05 08:00:00,0.0064824882231713865
2018-02-05 08:30:00,0.006485025044674337
2018-02-05 09:00:00,0.00654388988330252
2018-02-05 09:30:00,0.006583823274316683
2018-02-05 10:00:00,0.0065993344664843755
2018-02-05 10:30:00,0.006525950628281126
2018-02-05 11:00:00,0.0064227839662415395
2018-02-05 11:30:00,0.006299283438214556
2018-02-05 12:00:00,0.006146584373987849
2018-02-05 12:30:00,0.005948188990791868
2018-02-05 13:00:00,0.005714990039552141
2018-02-05 13:30:00,0.005464689330910134
2018-02-05 14:00:00,0.005186931104769208
2018-02-05 14:30:00,0.00488618478941722
2018-02-05 15:00:00,0.004573569696291855
2018-02-05 15:30:00,0.00431270483349681
2018-02-05 16:00:00,0.00407758944121695
2018-02-05 16:30:00,0.003875729786932928
2018-02-05 17:00:00,0.0037807973310594743
2018-02-05 17:30:00,0.003790567122922274
2018-02-05 18:00:00,0.0038569373487182795
2018-02-05 18:30:00,0.0038497204640747674
2018-02-05 19:00:00,0.0038510699836496517
2018-02-05 19:30:00,0.003787246502883093
2018-02-05 20:00:00,0.0037787622878720376
2018-02-05 20:30:00,0.003735341897693023
2018-02-05 21:00:00,0.0031399584780017723
2018-02-05 21:30:00,0.002597539960295209
2018-02-05 22:00:00,0.0024496738935569024
2018-02-05 22:30:00,0.002334655659858426
2018-02-05 23:00:00,0.0023810467057107923
2018-02-05 23:30:00,0.002409917605479299
2018-02-06 00:00:00,0.0024414505712585387
2018-02-06 00:30:00,0.0024506908149373244
2018-02-06 01:00:00,0.0024936197504695163
2018-02-06 01:30:00,0.0025341872868380882
2018-02-06 02:00:00,0.0025455991822504963
2018-02-06 02:30:00,0.002602833841566551
2018-02-06 03:00:00,0.002634959738053869
2018-02-06 03:30:00,0.002705115469093972
2018-02-06 04:00:00,0.0027834982837690934
2018-02-06 04:30:00,0.002904610282991475
2018-02-06 05:00:00,0.003184638115675942
2018-02-06 05:30:00,0.0035570460572136543
2018-02-06 06:00:00,0.00506778436393504
2018-02-06 06:30:00,0.006162137901200023
2018-02-06 07:00:00,0.006342017104354426
2018-02-06 07:30:00,0.006479661058490015
2018-02-06 08:00:00,0.006456918816645025
2018-02-06 08:30:00,0.006505356349751672
2018-02-06 09:00:00,0.006577837307100753
2018-02-06 09:30:00,0.006595128331762392
2018-02-06 10:00:00,0.00660853813716632
2018-02-06 10:30:00,0.0065162222111215355
2018-02-06 11:00:00,0.006406679203138255
2018-02-06 11:30:00,0.006231231494791399
2018-02-06 12:00:00,0.006061017966500037
2018-02-06 12:30:00,0.0058595767809260365
2018-02-06 13:00:00,0.005615564466972741
2018-02-06 13:30:00,0.005366678260998476
2018-02-06 14:00:00,0.005091326089890397
2018-02-06 14:30:00,0.004785103348396622
2018-02-06 15:00:00,0.004458360594765229
2018-02-06 15:30:00,0.00418608335638714
2018-02-06 16:00:00,0.003949408129793449
2018-02-06 16:30:00,0.003762442088209683
2018-02-06 17:00:00,0.0036639264389871275
2018-02-06 17:30:00,0.003671541465117033
2018-02-06 18:00:00,0.0037480993112583424
2018-02-06 18:30:00,0.0037504865596079138
2018-02-06 19:00:00,0.003755318196612842
2018-02-06 19:30:00,0.0037134173064141593
2018-02-06 20:00:00,0.0037007175133252626
2018-02-06 20:30:00,0.0036732880858085983
2018-02-06 21:00:00,0.003091502538354045
2018-02-06 21:30:00,0.0025616191152079363
2018-02-06 22:00:00,0.0024426185863326917
2018-02-06 22:30:00,0.0023033545364683486
2018-02-06 23:00:00,0.002348260734654676
2018-02-06 23:30:00,0.002381639076219794
2018-02-07 00:00:00,0.0023843010622020865
2018-02-07 00:30:00,0.002411850692434844
2018-02-07 01:00:00,0.002436980502743163
2018-02-07 01:30:00,0.0024630479262483847
2018-02-07 02:00:00,0.002492658848996727
2018-02-07 02:30:00,0.002518219292337868
2018-02-07 03:00:00,0.0025690684024396873
2018-02-07 03:30:00,0.0026137333949094337
2018-02-07 04:00:00,0.0026665163122227536
2018-02-07 04:30:00,0.002820014540446068
2018-02-07 05:00:00,0.0030798556794433343
2018-02-07 05:30:00,0.0034487092378701558
2018-02-07 06:00:00,0.004992170133123593
2018-02-07 06:30:00,0.006088765747148938
2018-02-07 07:00:00,0.006237990136590471
2018-02-07 07:30:00,0.006344788409185042
2018-02-07 08:00:00,0.006302031694854603
2018-02-07 08:30:00,0.006376621241526997
2018-02-07 09:00:00,0.006435621888416972
2018-02-07 09:30:00,0.006450644106819464
2018-02-07 10:00:00,0.006468587203205953
2018-02-07 10:30:00,0.006375203857835438
2018-02-07 11:00:00,0.00626934007732863
2018-02-07 11:30:00,0.006127246221844412
2018-02-07 12:00:00,0.0059704192907095305
2018-02-07 12:30:00,0.00577549426076299
2018-02-07 13:00:00,0.005548783535225344
2018-02-07 13:30:00,0.005309206477416253
2018-02-07 14:00:00,0.005038378714133954
2018-02-07 14:30:00,0.004736036151528176
2018-02-07 15:00:00,0.004419373379990991
2018-02-07 15:30:00,0.004155266965254969
2018-02-07 16:00:00,0.003912393375966978
2018-02-07 16:30:00,0.0037296886887284338
2018-02-07 17:00:00,0.003601505776736144
2018-02-07 17:30:00,0.0035722917950476033
2018-02-07 18:00:00,0.003648483751163628
2018-02-07 18:30:00,0.0036292401126072123
2018-02-07 19:00:00,0.003622026028959082
2018-02-07 19:30:00,0.0035839751469267144
2018-02-07 20:00:00,0.0035641005641534693
2018-02-07 20:30:00,0.0035305908959191714
2018-02-07 21:00:00,0.0029800508520892587
2018-02-07 21:30:00,0.002461110917899306
2018-02-07 22:00:00,0.0023631982029397626
2018-02-07 22:30:00,0.0022668304370043056
2018-02-07 23:00:00,0.0022897056861157054
2018-02-07 23:30:00,0.002333578637119957
2018-02-08 00:00:00,0.002335910025618774
2018-02-08 00:30:00,0.002373671524813996
2018-02-08 01:00:00,0.002392592968873081
2018-02-08 01:30:00,0.0024195889623615427
2018-02-08 02:00:00,0.00247157647701491
2018-02-08 02:30:00,0.002468345408799503
2018-02-08 03:00:00,0.0025338666929095467
2018-02-08 03:30:00,0.0025826684354442507
2018-02-08 04:00:00,0.002620565982986582
2018-02-08 04:30:00,0.0027889115674721333
2018-02-08 05:00:00,0.0030111265353653317
2018-02-08 05:30:00,0.003407409041138181
2018-02-08 06:00:00,0.004908157797901967
2018-02-08 06:30:00,0.005954731875918114
2018-02-08 07:00:00,0.006111055268111811
2018-02-08 07:30:00,0.006193770662443288
2018-02-08 08:00:00,0.006193009511955432
2018-02-08 08:30:00,0.0062149319424664295
2018-02-08 09:00:00,0.006250173746244748
2018-02-08 09:30:00,0.006271224667049852
2018-02-08 10:00:00,0.006295491210581542
2018-02-08 10:30:00,0.0062191615255211795
2018-02-08 11:00:00,0.006128371821845642
2018-02-08 11:30:00,0.005991383300629362
2018-02-08 12:00:00,0.005828835776583852
2018-02-08 12:30:00,0.00564335674343399
2018-02-08 13:00:00,0.005424578676902532
2018-02-08 13:30:00,0.005192045642307684
2018-02-08 14:00:00,0.0049199043722482644
2018-02-08 14:30:00,0.004625651404418486
2018-02-08 15:00:00,0.004318116436602622
2018-02-08 15:30:00,0.004073981038909413
2018-02-08 16:00:00,0.0038227824111764855
2018-02-08 16:30:00,0.0036560228303044707
2018-02-08 17:00:00,0.003503619391133189
2018-02-08 17:30:00,0.0035163988125193647
2018-02-08 18:00:00,0.0035841816203005623
2018-02-08 18:30:00,0.0035833979017927736
2018-02-08 19:00:00,0.0035877556904075633
2018-02-08 19:30:00,0.0035532719960364024
2018-02-08 20:00:00,0.003525269244779331
2018-02-08 20:30:00,0.0035032563821317253
2018-02-08 21:00:00,0.0029315186453387106
2018-02-08 21:30:00,0.002407476497989961
2018-02-08 22:00:00,0.002327560738556675
2018-02-08 22:30:00,0.0022012532930435072
2018-02-08 23:00:00,0.002248491519956167
2018-02-08 23:30:00,0.0022664957580704167
2018-02-09 00:00:00,0.0022809969913319197
2018-02-09 00:30:00,0.0023207812093348993
2018-02-09 01:00:00,0.002329317522860054
2018-02-09 01:30:00,0.0023939929063648353
2018-02-09 02:00:00,0.002410370246332976
2018-02-09 02:30:00,0.0024026370982264036
2018-02-09 03:00:00,0.002472195817108015
2018-02-09 03:30:00,0.002495663516756856
2018-02-09 04:00:00,0.0025892079593760374
2018-02-09 04:30:00,0.0027285205064747032
2018-02-09 05:00:00,0.0029304787557961585
2018-02-09 05:30:00,0.0033209245473926996
2018-02-09 06:00:00,0.004787873612857526
2018-02-09 06:30:00,0.005888570044178502
2018-02-09 07:00:00,0.006051977233720865
2018-02-09 07:30:00,0.006143767693032049
2018-02-09 08:00:00,0.006124525655044423
2018-02-09 08:30:00,0.006102913894935471
2018-02-09 09:00:00,0.006108299168684696
2018-02-09 09:30:00,0.006071676394154779
2018-02-09 10:00:00,0.006029134236070574
2018-02-09 10:30:00,0.005930788487225026
2018-02-09 11:00:00,0.005816754523303666
2018-02-09 11:30:00,0.005677683021864702
2018-02-09 12:00:00,0.005526856222979538
2018-02-09 12:30:00,0.005332253707644086
2018-02-09 13:00:00,0.005109962712733385
2018-02-09 13:30:00,0.00489156294063533
2018-02-09 14:00:00,0.004647769824577761
2018-02-09 14:30:00,0.004383209008362393
2018-02-09 15:00:00,0.004101033852589903
2018-02-09 15:30:00,0.0038485024312259414
2018-02-09 16:00:00,0.003607368500155282
2018-02-09 16:30:00,0.0034261657066403843
2018-02-09 17:00:00,0.003259964644247473
2018-02-09 17:30:00,0.0032454539676301116
2018-02-09 18:00:00,0.0032970984003634447
2018-02-09 18:30:00,0.0032936299677965523
2018-02-09 19:00:00,0.003299508216732948
2018-02-09 19:30:00,0.0032662731260744925
2018-02-09 20:00:00,0.0032498977067889
2018-02-09 20:30:00,0.003215094218773592
2018-02-09 21:00:00,0.0027257611258815683
2018-02-09 21:30:00,0.002251265465725287
2018-02-09 22:00:00,0.0021508274533580765
2018-02-09 22:30:00,0.0020518030633457714
2018-02-09 23:00:00,0.002067159000340879
2018-02-09 23:30:00,0.0021009598920664306
2018-02-10 00:00:00,0.0020499132717759837
2018-02-10 00:30:00,0.001986318672346326
2018-02-10 01:00:00,0.0019962198709067448
2018-02-10 01:30:00,0.0019783887343070823
2018-02-10 02:00:00,0.0020160309110990454
2018-02-10 02:30:00,0.00202406920764534
2018-02-10 03:00:00,0.0020306100120321587
2018-02-10 03:30:00,0.0020582784044690986
2018-02-10 04:00:00,0.002026891330535024
2018-02-10 04:30:00,0.002096131296142202
2018-02-10 05:00:00,0.0020987238174390295
2018-02-10 05:30:00,0.002078406757423922
2018-02-10 06:00:00,0.00331312065414563
2018-02-10 06:30:00,0.004072276673233891
2018-02-10 07:00:00,0.003854106662785571
2018-02-10 07:30:00,0.003613767174033591
2018-02-10 08:00:00,0.0031772842223440475
2018-02-10 08:30:00,0.0028817932945840135
2018-02-10 09:00:00,0.002623399309857793
2018-02-10 09:30:00,0.002474193567042656
2018-02-10 10:00:00,0.002300069689141614
2018-02-10 10:30:00,0.002172627520385115
2018-02-10 11:00:00,0.00210372007294396
2018-02-10 11:30:00,0.001957026582900856
2018-02-10 12:00:00,0.0019410555473199358
2018-02-10 12:30:00,0.0018802492187500637
2018-02-10 13:00:00,0.0017916560556528274
2018-02-10 13:30:00,0.0017896751116904762
2018-02-10 14:00:00,0.0017148073861624619
2018-02-10 14:30:00,0.0017185582390922658
2018-02-10 15:00:00,0.0017312625938022126
2018-02-10 15:30:00,0.0017081348549642657
2018-02-10 16:00:00,0.0017417427981222407
2018-02-10 16:30:00,0.0017582101700847918
2018-02-10 17:00:00,0.0018416135689104446
2018-02-10 17:30:00,0.0020843861623078158
2018-02-10 18:00:00,0.002286193878134617
2018-02-10 18:30:00,0.0024934816213829807
2018-02-10 19:00:00,0.002566910995768292
2018-02-10 19:30:00,0.002713229472544011
2018-02-10 20:00:00,0.0027867951353617495
2018-02-10 20:30:00,0.0028071466876342715
2018-02-10 21:00:00,0.002428949328727982
2018-02-10 21:30:00,0.001993626789410841
2018-02-10 22:00:00,0.001930083888353085
2018-02-10 22:30:00,0.001845205165245691
2018-02-10 23:00:00,0.0018681057033439652
2018-02-10 23:30:00,0.0019082147567827785
2018-02-11 00:00:00,0.001859657501130674
2018-02-11 00:30:00,0.001823953613142821
2018-02-11 01:00:00,0.0018487611489253707
2018-02-11 01:30:00,0.0018293420080011842
2018-02-11 02:00:00,0.0018805186745057799
2018-02-11 02:30:00,0.0018925222201712348
2018-02-11 03:00:00,0.0019002720942216578
2018-02-11 03:30:00,0.0019261906648294536
2018-02-11 04:00:00,0.0019275787581121656
2018-02-11 04:30:00,0.001960383215737801
2018-02-11 05:00:00,0.0019695375088725894
2018-02-11 05:30:00,0.0019796706298506094
2018-02-11 06:00:00,0.0031927927735732353
2018-02-11 06:30:00,0.0038320805154170128
2018-02-11 07:00:00,0.0035963387405413723
2018-02-11 07:30:00,0.003300167090875155
2018-02-11 08:00:00,0.0029360280878463077
2018-02-11 08:30:00,0.002835100221401065
2018-02-11 09:00:00,0.002596051831463152
2018-02-11 09:30:00,0.0024528737506809128
2018-02-11 10:00:00,0.0022698767995814016
2018-02-11 10:30:00,0.0021428189273912665
2018-02-11 11:00:00,0.00206087180607876
2018-02-11 11:30:00,0.0019781945052844735
2018-02-11 12:00:00,0.001934737462080179
2018-02-11 12:30:00,0.0018817837640770175
2018-02-11 13:00:00,0.0018516336897319249
2018-02-11 13:30:00,0.0018282318534887723
2018-02-11 14:00:00,0.001792783096165969
2018-02-11 14:30:00,0.0017998063119859494
2018-02-11 15:00:00,0.0017815074891859885
2018-02-11 15:30:00,0.0017878097287947286
2018-02-11 16:00:00,0.0018208181789125882
2018-02-11 16:30:00,0.001871081560865883
2018-02-11 17:00:00,0.001954830762578512
2018-02-11 17:30:00,0.0021915688915256294
2018-02-11 18:00:00,0.002381971434328938
2018-02-11 18:30:00,0.002552269472652387
2018-02-11 19:00:00,0.0026559835292179895
2018-02-11 19:30:00,0.0027413436233888326
2018-02-11 20:00:00,0.002777368905589621
2018-02-11 20:30:00,0.0028437465740304988
2018-02-11 21:00:00,0.0023994612496342355
2018-02-11 21:30:00,0.0019892970107498673
2018-02-11 22:00:00,0.0018748150476243204
2018-02-11 22:30:00,0.0017405959105561092
2018-02-11 23:00:00,0.0018076178879632082
2018-02-11 23:30:00,0.0018779887354486227
2018-02-12 00:00:00,0.002015046881407248
2018-02-12 00:30:00,0.0021408025308302277
2018-02-12 01:00:00,0.002201606218461597
2018-02-12 01:30:00,0.0022595468886707094
2018-02-12 02:00:00,0.00228697391533419
2018-02-12 02:30:00,0.002320517355569947
2018-02-12 03:00:00,0.002366322433188469
2018-02-12 03:30:00,0.0024135236069336517
2018-02-12 04:00:00,0.0024886093299307985
2018-02-12 04:30:00,0.0026333301989692574
2018-02-12 05:00:00,0.0028558240659740295
2018-02-12 05:30:00,0.003220647632274154
2018-02-12 06:00:00,0.0046138420077472
2018-02-12 06:30:00,0.005632091860264899
2018-02-12 07:00:00,0.005858238385304238
2018-02-12 07:30:00,0.006022500518665524
2018-02-12 08:00:00,0.0060782163982572015
2018-02-12 08:30:00,0.006168511846290533
2018-02-12 09:00:00,0.006261820445098579
2018-02-12 09:30:00,0.006342011022193025
2018-02-12 10:00:00,0.006409362716770766
2018-02-12 10:30:00,0.006378165470295129
2018-02-12 11:00:00,0.006329311549217887
2018-02-12 11:30:00,0.006250180068491466
2018-02-12 12:00:00,0.006135394717551866
2018-02-12 12:30:00,0.005955803056580501
2018-02-12 13:00:00,0.0057388275506198
2018-02-12 13:30:00,0.005497453774316032
2018-02-12 14:00:00,0.0052174517908175145
2018-02-12 14:30:00,0.004914965897276635
2018-02-12 15:00:00,0.0045957415754487
2018-02-12 15:30:00,0.0043311972450918645
2018-02-12 16:00:00,0.004061177849076713
2018-02-12 16:30:00,0.0038632814432008654
2018-02-12 17:00:00,0.0037120496203835135
2018-02-12 17:30:00,0.003728599341610285
2018-02-12 18:00:00,0.0037875997484149403
2018-02-12 18:30:00,0.0037724710121595055
2018-02-12 19:00:00,0.0037874162432032215
2018-02-12 19:30:00,0.0037435429720852125
2018-02-12 20:00:00,0.003729437799570676
2018-02-12 20:30:00,0.0036861384123921493
2018-02-12 21:00:00,0.003091849461639173
2018-02-12 21:30:00,0.00255243089001481
2018-02-12 22:00:00,0.0024191257577538556
2018-02-12 22:30:00,0.0023041002414673868
2018-02-12 23:00:00,0.0023270559991888993
2018-02-12 23:30:00,0.002367967817904097
2018-02-13 00:00:00,0.0023954695911300485
2018-02-13 00:30:00,0.0024107432588893743
2018-02-13 01:00:00,0.0024453593202994287
2018-02-13 01:30:00,0.0024741121781197088
2018-02-13 02:00:00,0.0025090997315458117
2018-02-13 02:30:00,0.002557364803365389
2018-02-13 03:00:00,0.002617220073960527
2018-02-13 03:30:00,0.0026607413800017214
2018-02-13 04:00:00,0.002708869443132915
2018-02-13 04:30:00,0.002861191653438128
2018-02-13 05:00:00,0.0031031183462302374
2018-02-13 05:30:00,0.0034710096427007994
2018-02-13 06:00:00,0.005080910868663224
2018-02-13 06:30:00,0.006089614848891778
2018-02-13 07:00:00,0.0062176940440265074
2018-02-13 07:30:00,0.006395748118590218
2018-02-13 08:00:00,0.0063596444085187425
2018-02-13 08:30:00,0.006396730067542589
2018-02-13 09:00:00,0.00645781921661757
2018-02-13 09:30:00,0.006468003235683096
2018-02-13 10:00:00,0.00647122574085548
2018-02-13 10:30:00,0.006372634064615421
2018-02-13 11:00:00,0.006268197031127592
2018-02-13 11:30:00,0.006127790175147531
2018-02-13 12:00:00,0.005963368705163249
2018-02-13 12:30:00,0.005757449448229926
2018-02-13 13:00:00,0.005512910227031121
2018-02-13 13:30:00,0.00526354497081815
2018-02-13 14:00:00,0.004984712843047894
2018-02-13 14:30:00,0.004670129450453616
2018-02-13 15:00:00,0.004341955548239072
2018-02-13 15:30:00,0.004077786951405576
2018-02-13 16:00:00,0.003831167951121667
2018-02-13 16:30:00,0.0036313398187737458
2018-02-13 17:00:00,0.003476330893698442
2018-02-13 17:30:00,0.0035060889887469806
2018-02-13 18:00:00,0.0035676796760521576
2018-02-13 18:30:00,0.0035419382884093616
2018-02-13 19:00:00,0.003550905074910458
2018-02-13 19:30:00,0.003512411795664667
2018-02-13 20:00:00,0.0035071347203656147
2018-02-13 20:30:00,0.0034665925530123565
2018-02-13 21:00:00,0.0028998269031355506
2018-02-13 21:30:00,0.002368131956233463
2018-02-13 22:00:00,0.0022806316615057113
2018-02-13 22:30:00,0.0021707826247698734
2018-02-13 23:00:00,0.002184688446441674
2018-02-13 23:30:00,0.002211238281380057
2018-02-14 00:00:00,0.0022000842375996406
2018-02-14 00:30:00,0.0022362496495979527
2018-02-14 01:00:00,0.0022775003087258916
2018-02-14 01:30:00,0.0022818089598788437
2018-02-14 02:00:00,0.0023164481495079074
2018-02-14 02:30:00,0.002326702033401097
2018-02-14 03:00:00,0.002377008870797027
2018-02-14 03:30:00,0.0024141092550537375
2018-02-14 04:00:00,0.002466795177898412
2018-02-14 04:30:00,0.0026168280946639736
2018-02-14 05:00:00,0.0028280611599500686
2018-02-14 05:30:00,0.0031621578069133574
2018-02-14 06:00:00,0.004585711531100725
2018-02-14 06:30:00,0.005765589781036553
2018-02-14 07:00:00,0.005864762543775646
2018-02-14 07:30:00,0.005995116387245603
2018-02-14 08:00:00,0.005965000725129485
2018-02-14 08:30:00,0.00596645396156193
2018-02-14 09:00:00,0.0059764681602788895
2018-02-14 09:30:00,0.0059424664771986924
2018-02-14 10:00:00,0.005902868085232176
2018-02-14 10:30:00,0.00579096439834123
2018-02-14 11:00:00,0.00566312816954875
2018-02-14 11:30:00,0.0055195853191393794
2018-02-14 12:00:00,0.0053609730335482265
2018-02-14 12:30:00,0.005155362446305961
2018-02-14 13:00:00,0.00493263177514878
2018-02-14 13:30:00,0.004698352920146762
2018-02-14 14:00:00,0.004436649279277569
2018-02-14 14:30:00,0.00416137513589798
2018-02-14 15:00:00,0.0038697232524080526
2018-02-14 15:30:00,0.003628400534248669
2018-02-14 16:00:00,0.003393287222708234
2018-02-14 16:30:00,0.0032161654794644187
2018-02-14 17:00:00,0.003057893954968554
2018-02-14 17:30:00,0.003067110110087057
2018-02-14 18:00:00,0.00312572598024003
2018-02-14 18:30:00,0.0031364262627686166
2018-02-14 19:00:00,0.003153002393380416
2018-02-14 19:30:00,0.0031282078222050614
2018-02-14 20:00:00,0.003115895046649471
2018-02-14 20:30:00,0.0030870138232122714
2018-02-14 21:00:00,0.002660295621593839
2018-02-14 21:30:00,0.002209142816720816
2018-02-14 22:00:00,0.0020985265473357213
2018-02-14 22:30:00,0.001986938012439431
2018-02-14 23:00:00,0.002015187171261649
2018-02-14 23:30:00,0.0020230134724717715
2018-02-15 00:00:00,0.0020389394520412673
2018-02-15 00:30:00,0.0020580487228478023
2018-02-15 01:00:00,0.0020710803138467666
2018-02-15 01:30:00,0.0021118669680826236
2018-02-15 02:00:00,0.0021232419703844335
2018-02-15 02:30:00,0.002170831282061075
2018-02-15 03:00:00,0.002225863798808067
2018-02-15 03:30:00,0.0022534972188169556
2018-02-15 04:00:00,0.002337903534046123
2018-02-15 04:30:00,0.002455915871750717
2018-02-15 05:00:00,0.0027084523349063657
2018-02-15 05:30:00,0.003039793602698494
2018-02-15 06:00:00,0.004432328703887135
2018-02-15 06:30:00,0.005496034549970363
2018-02-15 07:00:00,0.00557199858509076
2018-02-15 07:30:00,0.005741041697454784
2018-02-15 08:00:00,0.005751313347661538
2018-02-15 08:30:00,0.00575712181179871
2018-02-15 09:00:00,0.005784920090392921
2018-02-15 09:30:00,0.005787931880684162
2018-02-15 10:00:00,0.005779438782516326
2018-02-15 10:30:00,0.005715978390779669
2018-02-15 11:00:00,0.0056467468281586365
2018-02-15 11:30:00,0.005556558538205763
2018-02-15 12:00:00,0.005450914755879074
2018-02-15 12:30:00,0.005303948208800477
2018-02-15 13:00:00,0.0051196487948484935
2018-02-15 13:30:00,0.004900868647577607
2018-02-15 14:00:00,0.004637736098921569
2018-02-15 14:30:00,0.004362659145616849
2018-02-15 15:00:00,0.004070422974490307
2018-02-15 15:30:00,0.0038281642437028116
2018-02-15 16:00:00,0.0035871137822945263
2018-02-15 16:30:00,0.003394557354071159
2018-02-15 17:00:00,0.0032321705271321165
2018-02-15 17:30:00,0.0032187745666482173
2018-02-15 18:00:00,0.0032833519953430804
2018-02-15 18:30:00,0.0032995715192285736
2018-02-15 19:00:00,0.0033489908412307145
2018-02-15 19:30:00,0.003328571344813077
2018-02-15 20:00:00,0.00332478287851672
2018-02-15 20:30:00,0.003318849089843327
2018-02-15 21:00:00,0.0028503456391212557
2018-02-15 21:30:00,0.0023686624647587494
2018-02-15 22:00:00,0.0022073615437149577
2018-02-15 22:30:00,0.002084895943467278
2018-02-15 23:00:00,0.002124113320033449
2018-02-15 23:30:00,0.0021539348776344926
2018-02-16 00:00:00,0.002196053845330747
2018-02-16 00:30:00,0.0021953769647896585
2018-02-16 01:00:00,0.0022501539507294036
2018-02-16 01:30:00,0.0022806623123980308
2018-02-16 02:00:00,0.002313698692441268
2018-02-16 02:30:00,0.002365760553514908
2018-02-16 03:00:00,0.0023840393692049996
2018-02-16 03:30:00,0.00245143235845751
2018-02-16 04:00:00,0.002503804649847878
2018-02-16 04:30:00,0.0026439639778646396
2018-02-16 05:00:00,0.0028985318028995097
2018-02-16 05:30:00,0.003236175150243499
2018-02-16 06:00:00,0.004567979229623815
2018-02-16 06:30:00,0.0057020019039958104
2018-02-16 07:00:00,0.005876013902138466
2018-02-16 07:30:00,0.0060528688305650676
2018-02-16 08:00:00,0.006015088044515931
2018-02-16 08:30:00,0.006043718698909132
2018-02-16 09:00:00,0.0060669997722371145
2018-02-16 09:30:00,0.006073413251376727
2018-02-16 10:00:00,0.006074514282647037
2018-02-16 10:30:00,0.006025443804612575
2018-02-16 11:00:00,0.00595234486765386
2018-02-16 11:30:00,0.005841757648592296
2018-02-16 12:00:00,0.0057092053438614915
2018-02-16 12:30:00,0.005557114975945439
2018-02-16 13:00:00,0.005359198002760647
2018-02-16 13:30:00,0.005126714665826713
2018-02-16 14:00:00,0.004840266871699037
2018-02-16 14:30:00,0.004545374236552525
2018-02-16 15:00:00,0.004243185408578982
2018-02-16 15:30:00,0.0039790409803342084
2018-02-16 16:00:00,0.0037273205671758975
2018-02-16 16:30:00,0.0034966968510900696
2018-02-16 17:00:00,0.00331048891891346
2018-02-16 17:30:00,0.003272287743471756
2018-02-16 18:00:00,0.0033463595861691806
2018-02-16 18:30:00,0.003351322789928608
2018-02-16 19:00:00,0.003378482041433601
2018-02-16 19:30:00,0.0033672788601913466
2018-02-16 20:00:00,0.003375796607118542
2018-02-16 20:30:00,0.003349322879226101
2018-02-16 21:00:00,0.002851194980949415
2018-02-16 21:30:00,0.0023702710363922184
2018-02-16 22:00:00,0.0022330270643971303
2018-02-16 22:30:00,0.0021240563397845417
2018-02-16 23:00:00,0.002172218655087832
2018-02-16 23:30:00,0.0021943308330288278
2018-02-17 00:00:00,0.0021534051693936004
2018-02-17 00:30:00,0.002092976735114935
2018-02-17 01:00:00,0.0021060637858224566
2018-02-17 01:30:00,0.0021168757080241123
2018-02-17 02:00:00,0.0021108522874985066
2018-02-17 02:30:00,0.002139338570586892
2018-02-17 03:00:00,0.0021447855462629517
2018-02-17 03:30:00,0.002150002520203957
2018-02-17 04:00:00,0.0021718744527696454
2018-02-17 04:30:00,0.002174962510163708
2018-02-17 05:00:00,0.0021953101410426964
2018-02-17 05:30:00,0.002177857218847997
2018-02-17 06:00:00,0.003334324109156375
2018-02-17 06:30:00,0.004082516472121734
2018-02-17 07:00:00,0.0037790532712779724
2018-02-17 07:30:00,0.0036614436366808212
2018-02-17 08:00:00,0.0032349588780203418
2018-02-17 08:30:00,0.0029226648589941546
2018-02-17 09:00:00,0.0027344567760297193
2018-02-17 09:30:00,0.002524845166955849
2018-02-17 10:00:00,0.002384651506738552
2018-02-17 10:30:00,0.0022298677016634938
2018-02-17 11:00:00,0.002106546357312497
2018-02-17 11:30:00,0.002004660470418285
2018-02-17 12:00:00,0.0019164217532794887
2018-02-17 12:30:00,0.0018664314283616864
2018-02-17 13:00:00,0.0017841992457477659
2018-02-17 13:30:00,0.0017496529691369343
2018-02-17 14:00:00,0.0017205881604595763
2018-02-17 14:30:00,0.001680832272524171
2018-02-17 15:00:00,0.0016908527934878484
2018-02-17 15:30:00,0.0016720145790058189
2018-02-17 16:00:00,0.0017000459804442224
2018-02-17 16:30:00,0.0017473307038802176
2018-02-17 17:00:00,0.0017888140857101533
2018-02-17 17:30:00,0.002053423159074525
2018-02-17 18:00:00,0.0022495133230713976
2018-02-17 18:30:00,0.002447810191258383
2018-02-17 19:00:00,0.0026100170342370443
2018-02-17 19:30:00,0.002699811344182377
2018-02-17 20:00:00,0.002812566213555591
2018-02-17 20:30:00,0.0028625318897140344
2018-02-17 21:00:00,0.002408039978232312
2018-02-17 21:30:00,0.0020172350990278415
2018-02-17 22:00:00,0.0019525669981110523
2018-02-17 22:30:00,0.0018956298045045296
2018-02-17 23:00:00,0.0019191572853976598
2018-02-17 23:30:00,0.0019455336186792586
2018-02-18 00:00:00,0.001911364436075238
2018-02-18 00:30:00,0.0019029969025289389
2018-02-18 01:00:00,0.0019173425605041004
2018-02-18 01:30:00,0.0019156271509039309
2018-02-18 02:00:00,0.001976316477895289
2018-02-18 02:30:00,0.00199977801535429
2018-02-18 03:00:00,0.0020337819392307922
2018-02-18 03:30:00,0.0020487634231575913
2018-02-18 04:00:00,0.002052453854615591
2018-02-18 04:30:00,0.00209054114958792
2018-02-18 05:00:00,0.00212870175061081
2018-02-18 05:30:00,0.0021530619274166872
2018-02-18 06:00:00,0.0033827370735321043
2018-02-18 06:30:00,0.004082307517866261
2018-02-18 07:00:00,0.003766241678459128
2018-02-18 07:30:00,0.0035441837263641817
2018-02-18 08:00:00,0.0031512281628772315
2018-02-18 08:30:00,0.0029193976179241045
2018-02-18 09:00:00,0.0026558607655918333
2018-02-18 09:30:00,0.0024348499856274314
2018-02-18 10:00:00,0.0022284813690064496
2018-02-18 10:30:00,0.0020869095390329355
2018-02-18 11:00:00,0.001977793722859577
2018-02-18 11:30:00,0.0018506254114229656
2018-02-18 12:00:00,0.0017870795493129489
2018-02-18 12:30:00,0.0017149740053734514
2018-02-18 13:00:00,0.0016485083856775898
2018-02-18 13:30:00,0.0016035390450525157
2018-02-18 14:00:00,0.0015504748277744378
2018-02-18 14:30:00,0.0015341946423318214
2018-02-18 15:00:00,0.001522111868511285
2018-02-18 15:30:00,0.0015398689788044327
2018-02-18 16:00:00,0.001560951510843129
2018-02-18 16:30:00,0.0015815269826893051
2018-02-18 17:00:00,0.0016495852483591799
2018-02-18 17:30:00,0.001856956381241478
2018-02-18 18:00:00,0.0020780282229051995
2018-02-18 18:30:00,0.002295289110281072
2018-02-18 19:00:00,0.0024100276445835787
2018-02-18 19:30:00,0.0025113766206773455
2018-02-18 20:00:00,0.0025850517624002875
2018-02-18 20:30:00,0.0026402204875512676
2018-02-18 21:00:00,0.002188077810910365
2018-02-18 21:30:00,0.0017354868149515174
2018-02-18 22:00:00,0.0016987127066425511
2018-02-18 22:30:00,0.0016412413232025258
2018-02-18 23:00:00,0.0016676604716992444
2018-02-18 23:30:00,0.0017166547626593276
2018-02-19 00:00:00,0.0018611489911571893
2018-02-19 00:30:00,0.0019880976245274396
2018-02-19 01:00:00,0.002055077907117572
2018-02-19 01:30:00,0.0020910017932855443
2018-02-19 02:00:00,0.0021229449848455383
2018-02-19 02:30:00,0.002146438053509693
2018-02-19 03:00:00,0.0021875939589652924
2018-02-19 03:30:00,0.002228550193464399
2018-02-19 04:00:00,0.002273756018128125
2018-02-19 04:30:00,0.00241058968431402
2018-02-19 05:00:00,0.002602052123769749
2018-02-19 05:30:00,0.0029604939822207342
2018-02-19 06:00:00,0.004284096987208861
2018-02-19 06:30:00,0.005287886260912313
2018-02-19 07:00:00,0.005290328968970441
2018-02-19 07:30:00,0.005428702302303415
2018-02-19 08:00:00,0.0054686358533744565
2018-02-19 08:30:00,0.005498960709831365
2018-02-19 09:00:00,0.00551418572029949
2018-02-19 09:30:00,0.005510324108009451
2018-02-19 10:00:00,0.005482067906684559
2018-02-19 10:30:00,0.0054098122293926056
2018-02-19 11:00:00,0.005326137614185567
2018-02-19 11:30:00,0.005227370195492419
2018-02-19 12:00:00,0.005101912732034928
2018-02-19 12:30:00,0.004931848856925386
2018-02-19 13:00:00,0.004739738747308976
2018-02-19 13:30:00,0.004517631337638434
2018-02-19 14:00:00,0.004260306532863614
2018-02-19 14:30:00,0.0039938878564258085
2018-02-19 15:00:00,0.003722952694977733
2018-02-19 15:30:00,0.003492993455024875
2018-02-19 16:00:00,0.0032641698186281825
2018-02-19 16:30:00,0.0030637849284268267
2018-02-19 17:00:00,0.0028867236866832553
2018-02-19 17:30:00,0.0028245961686060726
2018-02-19 18:00:00,0.002875550115963606
2018-02-19 18:30:00,0.0028703099337751524
2018-02-19 19:00:00,0.0028757056112215084
2018-02-19 19:30:00,0.002848350290039799
2018-02-19 20:00:00,0.002848859591028625
2018-02-19 20:30:00,0.002830667606195364
2018-02-19 21:00:00,0.0024430918745237534
2018-02-19 21:30:00,0.0020245001607919187
2018-02-19 22:00:00,0.0019312424600713804
2018-02-19 22:30:00,0.0018615869067780027
2018-02-19 23:00:00,0.0018623394942228356
2018-02-19 23:30:00,0.0018593042555988268
2018-02-20 00:00:00,0.0018740780657251854
2018-02-20 00:30:00,0.0018811139260386028
2018-02-20 01:00:00,0.0019012732499995035
2018-02-20 01:30:00,0.0019077884452856895
2018-02-20 02:00:00,0.0019363757242646935
2018-02-20 02:30:00,0.0019612184725606124
2018-02-20 03:00:00,0.0019753043582212346
2018-02-20 03:30:00,0.0020365811739867863
2018-02-20 04:00:00,0.002076753850034983
2018-02-20 04:30:00,0.0021934626845173913
2018-02-20 05:00:00,0.0024103750480393444
2018-02-20 05:30:00,0.0026890605637084806
2018-02-20 06:00:00,0.003873087327889868
2018-02-20 06:30:00,0.0049369546713639596
2018-02-20 07:00:00,0.004927355580162562
2018-02-20 07:30:00,0.005083740754311537
2018-02-20 08:00:00,0.0051212250349924136
2018-02-20 08:30:00,0.005186118736080086
2018-02-20 09:00:00,0.005238248301213524
2018-02-20 09:30:00,0.00526470738390154
2018-02-20 10:00:00,0.005273828945404582
2018-02-20 10:30:00,0.005211603072375284
2018-02-20 11:00:00,0.005142325733486872
2018-02-20 11:30:00,0.0050441911796931
2018-02-20 12:00:00,0.004933141316222924
2018-02-20 12:30:00,0.004786613965220173
2018-02-20 13:00:00,0.00460743893230472
2018-02-20 13:30:00,0.004400248743724076
2018-02-20 14:00:00,0.004154536865801629
2018-02-20 14:30:00,0.0038890622848643235
2018-02-20 15:00:00,0.003626930731929251
2018-02-20 15:30:00,0.0033877147624390763
2018-02-20 16:00:00,0.0031573271302497022
2018-02-20 16:30:00,0.0029507013022242448
2018-02-20 17:00:00,0.0027743691195643004
2018-02-20 17:30:00,0.0026910507109413713
2018-02-20 18:00:00,0.0027633764931463073
2018-02-20 18:30:00,0.002761117610413656
2018-02-20 19:00:00,0.0027722923815598965
2018-02-20 19:30:00,0.0027389815839976963
2018-02-20 20:00:00,0.0027264643357792443
2018-02-20 20:30:00,0.002703450637467551
2018-02-20 21:00:00,0.002347493502005419
2018-02-20 21:30:00,0.001953596563984912
2018-02-20 22:00:00,0.0018664401514615892
2018-02-20 22:30:00,0.001797263088207839
2018-02-20 23:00:00,0.0018033371667356332
2018-02-20 23:30:00,0.0018183919567129922
2018-02-21 00:00:00,0.0018141638941985927
2018-02-21 00:30:00,0.001860542375585961
2018-02-21 01:00:00,0.0018847727462630091
2018-02-21 01:30:00,0.0018792333377393546
2018-02-21 02:00:00,0.001936507050933874
2018-02-21 02:30:00,0.0019491304168630708
2018-02-21 03:00:00,0.0020025074653110607
2018-02-21 03:30:00,0.0020453426075121867
2018-02-21 04:00:00,0.0020863239709412893
2018-02-21 04:30:00,0.0022425301214711556
2018-02-21 05:00:00,0.002409475448351194
2018-02-21 05:30:00,0.002712024644387698
2018-02-21 06:00:00,0.0039030956718686493
2018-02-21 06:30:00,0.004985567866895257
2018-02-21 07:00:00,0.004996866842179564
2018-02-21 07:30:00,0.005133263633114359
2018-02-21 08:00:00,0.005168678378350385
2018-02-21 08:30:00,0.005195465577640254
2018-02-21 09:00:00,0.005221418000277948
2018-02-21 09:30:00,0.005255061075920852
2018-02-21 10:00:00,0.005288068965839636
2018-02-21 10:30:00,0.0052590462521214425
2018-02-21 11:00:00,0.005209231349542971
2018-02-21 11:30:00,0.005119894322100805
2018-02-21 12:00:00,0.005010763220495507
2018-02-21 12:30:00,0.004859648799398867
2018-02-21 13:00:00,0.004684554656697617
2018-02-21 13:30:00,0.004469946792118816
2018-02-21 14:00:00,0.004238372178115134
2018-02-21 14:30:00,0.003983893824875598
2018-02-21 15:00:00,0.003735142866964046
2018-02-21 15:30:00,0.0034952325707329757
2018-02-21 16:00:00,0.003265228834967769
2018-02-21 16:30:00,0.003055230528474351
2018-02-21 17:00:00,0.0028724608581429515
2018-02-21 17:30:00,0.002787818138903572
2018-02-21 18:00:00,0.0028887867398245085
2018-02-21 18:30:00,0.0029019261291314473
2018-02-21 19:00:00,0.002885975260717275
2018-02-21 19:30:00,0.002875373653254562
2018-02-21 20:00:00,0.0028656387537913746
2018-02-21 20:30:00,0.002826562787477758
2018-02-21 21:00:00,0.0024691894687506573
2018-02-21 21:30:00,0.0020712193232461365
2018-02-21 22:00:00,0.0019779019213097488
2018-02-21 22:30:00,0.001899798726002157
2018-02-21 23:00:00,0.0019100841411004998
2018-02-21 23:30:00,0.001907971790440529
2018-02-22 00:00:00,0.0019111313132310443
2018-02-22 00:30:00,0.0019379299565877584
2018-02-22 01:00:00,0.0019519504590133287
2018-02-22 01:30:00,0.00197963389679689
2018-02-22 02:00:00,0.0019842357721520823
2018-02-22 02:30:00,0.0020002781931010155
2018-02-22 03:00:00,0.0020474359114035622
2018-02-22 03:30:00,0.0020685734229801793
2018-02-22 04:00:00,0.0021389070572412367
2018-02-22 04:30:00,0.002267270833506743
2018-02-22 05:00:00,0.0024534858882144656
2018-02-22 05:30:00,0.002758463307161553
2018-02-22 06:00:00,0.00401791759580509
2018-02-22 06:30:00,0.004993732208233726
2018-02-22 07:00:00,0.004934405605509767
2018-02-22 07:30:00,0.005096051129013943
2018-02-22 08:00:00,0.005117798857441564
2018-02-22 08:30:00,0.0051701376969442315
2018-02-22 09:00:00,0.0052073182696972965
2018-02-22 09:30:00,0.0052058656734923665
2018-02-22 10:00:00,0.005205576850854297
2018-02-22 10:30:00,0.005146449118802436
2018-02-22 11:00:00,0.005081449940231534
2018-02-22 11:30:00,0.005003367152176008
2018-02-22 12:00:00,0.00491628188493538
2018-02-22 12:30:00,0.004790022776599656
2018-02-22 13:00:00,0.004632117702328152
2018-02-22 13:30:00,0.00444590544861581
2018-02-22 14:00:00,0.004219711226626543
2018-02-22 14:30:00,0.003964218993087285
2018-02-22 15:00:00,0.0037153931285563843
2018-02-22 15:30:00,0.003478957026939849
2018-02-22 16:00:00,0.003235663528429928
2018-02-22 16:30:00,0.0030023406131374514
2018-02-22 17:00:00,0.00279185101205409
2018-02-22 17:30:00,0.0026911291388120578
2018-02-22 18:00:00,0.002771102678778645
2018-02-22 18:30:00,0.002757409172556774
2018-02-22 19:00:00,0.0027428239094338214
2018-02-22 19:30:00,0.0027017323468435605
2018-02-22 20:00:00,0.0026864229063717883
2018-02-22 20:30:00,0.0026566067106761895
2018-02-22 21:00:00,0.002320086322394929
2018-02-22 21:30:00,0.0019409260613048635
2018-02-22 22:00:00,0.00185478248871155
2018-02-22 22:30:00,0.0017679063357832728
2018-02-22 23:00:00,0.0017755716197731695
2018-02-22 23:30:00,0.0017714218250725771
2018-02-23 00:00:00,0.001767541806241459
2018-02-23 00:30:00,0.0017817292479917765
2018-02-23 01:00:00,0.0017963398801300432
2018-02-23 01:30:00,0.001829073992757379
2018-02-23 02:00:00,0.0018419672946129286
2018-02-23 02:30:00,0.0018614839101763969
2018-02-23 03:00:00,0.0018807742853414662
2018-02-23 03:30:00,0.0019026527002107523
2018-02-23 04:00:00,0.001986463043651141
2018-02-23 04:30:00,0.002087774326349914
2018-02-23 05:00:00,0.0022854100795983876
2018-02-23 05:30:00,0.002584953807590369
2018-02-23 06:00:00,0.0036758104221640054
2018-02-23 06:30:00,0.004658556457792541
2018-02-23 07:00:00,0.004606708992908258
2018-02-23 07:30:00,0.0047372692297236235
2018-02-23 08:00:00,0.004801724615048286
2018-02-23 08:30:00,0.004875828229036183
2018-02-23 09:00:00,0.004953364022707889
2018-02-23 09:30:00,0.004994301690609038
2018-02-23 10:00:00,0.005050682126362125
2018-02-23 10:30:00,0.005070087582423161
2018-02-23 11:00:00,0.005082627158576227
2018-02-23 11:30:00,0.0050685694429263
2018-02-23 12:00:00,0.005032018293849714
2018-02-23 12:30:00,0.004931429107760333
2018-02-23 13:00:00,0.004789865680772963
2018-02-23 13:30:00,0.004617083559688178
2018-02-23 14:00:00,0.004409648724168056
2018-02-23 14:30:00,0.0041349711127763224
2018-02-23 15:00:00,0.0038785037327020476
2018-02-23 15:30:00,0.003622387677477074
2018-02-23 16:00:00,0.003368965219467986
2018-02-23 16:30:00,0.0031192602425294397
2018-02-23 17:00:00,0.0028937968402494687
2018-02-23 17:30:00,0.0027722086718122044
2018-02-23 18:00:00,0.002835430338713903
2018-02-23 18:30:00,0.002784840280670668
2018-02-23 19:00:00,0.002765369841516777
2018-02-23 19:30:00,0.0027164396533367143
2018-02-23 20:00:00,0.0026897830604600704
2018-02-23 20:30:00,0.0026547823023414536
2018-02-23 21:00:00,0.0023399997989897586
2018-02-23 21:30:00,0.001973994692809209
2018-02-23 22:00:00,0.0018701916446189088
2018-02-23 22:30:00,0.001774497558086961
2018-02-23 23:00:00,0.0017773657773577835
2018-02-23 23:30:00,0.001771148768037085
2018-02-24 00:00:00,0.0016967392053250712
2018-02-24 00:30:00,0.0016447629746816701
2018-02-24 01:00:00,0.0016288542812551018
2018-02-24 01:30:00,0.0016261977372066935
2018-02-24 02:00:00,0.001622870554835476
2018-02-24 02:30:00,0.0016173742016122599
2018-02-24 03:00:00,0.00163278623854344
2018-02-24 03:30:00,0.0016392426929550505
2018-02-24 04:00:00,0.0016576874076001764
2018-02-24 04:30:00,0.00165267522643579
2018-02-24 05:00:00,0.0016384557733096824
2018-02-24 05:30:00,0.0016407280207917261
2018-02-24 06:00:00,0.0024964980533237124
2018-02-24 06:30:00,0.003208362706615502
2018-02-24 07:00:00,0.0029572091348939993
2018-02-24 07:30:00,0.0028130365406943917
2018-02-24 08:00:00,0.0025000425129081075
2018-02-24 08:30:00,0.002237742179994181
2018-02-24 09:00:00,0.002122581335616559
2018-02-24 09:30:00,0.0019956888021823815
2018-02-24 10:00:00,0.0018765471831683406
2018-02-24 10:30:00,0.0018238625407786973
2018-02-24 11:00:00,0.0017819891803631947
2018-02-24 11:30:00,0.0017388378457976988
2018-02-24 12:00:00,0.0016734037126582444
2018-02-24 12:30:00,0.0016665460756795404
2018-02-24 13:00:00,0.0016356181249027398
2018-02-24 13:30:00,0.0016004260988137758
2018-02-24 14:00:00,0.0016256930778673574
2018-02-24 14:30:00,0.0015907372157032873
2018-02-24 15:00:00,0.0016042220077550047
2018-02-24 15:30:00,0.0016329288492225862
2018-02-24 16:00:00,0.001617402691736713
2018-02-24 16:30:00,0.001672097968639753
2018-02-24 17:00:00,0.0016876816665736091
2018-02-24 17:30:00,0.0018068649804046173
2018-02-24 18:00:00,0.0020373947431025
2018-02-24 18:30:00,0.0022140303135764986
2018-02-24 19:00:00,0.0023601589628937806
2018-02-24 19:30:00,0.0024272660105320422
2018-02-24 20:00:00,0.002515998743227725
2018-02-24 20:30:00,0.002562445408845527
2018-02-24 21:00:00,0.0021942625687699545
2018-02-24 21:30:00,0.001852660694695721
2018-02-24 22:00:00,0.0017867768017264109
2018-02-24 22:30:00,0.0017060360291105666
2018-02-24 23:00:00,0.0017461730124747566
2018-02-24 23:30:00,0.0017505819392623725
2018-02-25 00:00:00,0.001692065224345911
2018-02-25 00:30:00,0.0016688652998555565
2018-02-25 01:00:00,0.0016505479104576373
2018-02-25 01:30:00,0.0016581480512978008
2018-02-25 02:00:00,0.0016890214226788782
2018-02-25 02:30:00,0.0016952239468520313
2018-02-25 03:00:00,0.0017186635565186164
2018-02-25 03:30:00,0.0017312120958569033
2018-02-25 04:00:00,0.001750881085569134
2018-02-25 04:30:00,0.0017784697696803554
2018-02-25 05:00:00,0.0017805680353349788
2018-02-25 05:30:00,0.0017913925220016328
2018-02-25 06:00:00,0.0028850673380714192
2018-02-25 06:30:00,0.003467526644957922
2018-02-25 07:00:00,0.003099464087626881
2018-02-25 07:30:00,0.0028698656959076215
2018-02-25 08:00:00,0.00252172141687778
2018-02-25 08:30:00,0.0024424117128166462
2018-02-25 09:00:00,0.00226001425475725
2018-02-25 09:30:00,0.002122198959732742
2018-02-25 10:00:00,0.0019855071039415993
2018-02-25 10:30:00,0.00189466138035843
2018-02-25 11:00:00,0.0017858689591089946
2018-02-25 11:30:00,0.0017072726285573508
2018-02-25 12:00:00,0.0016609201564128121
2018-02-25 12:30:00,0.00159783181689128
2018-02-25 13:00:00,0.0015717015710610702
2018-02-25 13:30:00,0.00154454952211563
2018-02-25 14:00:00,0.0015135485854020274
2018-02-25 14:30:00,0.0015148005503091912
2018-02-25 15:00:00,0.0014866851990377773
2018-02-25 15:30:00,0.0014966063246796256
2018-02-25 16:00:00,0.0015481630462432926
2018-02-25 16:30:00,0.0015560913036853077
2018-02-25 17:00:00,0.0015711378507334008
2018-02-25 17:30:00,0.0017124054926084668
2018-02-25 18:00:00,0.0019472916834376687
2018-02-25 18:30:00,0.002133002398919814
2018-02-25 19:00:00,0.002250628439347057
2018-02-25 19:30:00,0.002331603295148369
2018-02-25 20:00:00,0.002380092686683798
2018-02-25 20:30:00,0.0024279461722391494
2018-02-25 21:00:00,0.0020403291458927692
2018-02-25 21:30:00,0.0016483583323535721
2018-02-25 22:00:00,0.0015823944109447862
2018-02-25 22:30:00,0.001528814090260527
2018-02-25 23:00:00,0.0015669518031497262
2018-02-25 23:30:00,0.0016039309443206303
2018-02-26 00:00:00,0.0017512860294728828
2018-02-26 00:30:00,0.0018580591731374582
2018-02-26 01:00:00,0.001929056243161773
2018-02-26 01:30:00,0.001975673129270341
2018-02-26 02:00:00,0.001976636271539435
2018-02-26 02:30:00,0.0020290558597375334
2018-02-26 03:00:00,0.002043194003969133
2018-02-26 03:30:00,0.002108465279234254
2018-02-26 04:00:00,0.0021785318585927807
2018-02-26 04:30:00,0.002256037961713442
2018-02-26 05:00:00,0.0024793419566110308
2018-02-26 05:30:00,0.0027794060295164846
2018-02-26 06:00:00,0.004095210663219866
2018-02-26 06:30:00,0.005086674596902729
2018-02-26 07:00:00,0.005080754733177805
2018-02-26 07:30:00,0.005210107580926796
2018-02-26 08:00:00,0.005214450644308722
2018-02-26 08:30:00,0.005298511236679352
2018-02-26 09:00:00,0.005360797131038258
2018-02-26 09:30:00,0.005400087333484352
2018-02-26 10:00:00,0.0054216630007671
2018-02-26 10:30:00,0.005378378658935194
2018-02-26 11:00:00,0.005336628382259606
2018-02-26 11:30:00,0.0052760408514432615
2018-02-26 12:00:00,0.0051933964423376
2018-02-26 12:30:00,0.005051726897639485
2018-02-26 13:00:00,0.004884065636339894
2018-02-26 13:30:00,0.0046858836889919955
2018-02-26 14:00:00,0.004455034452763724
2018-02-26 14:30:00,0.0041824692720604
2018-02-26 15:00:00,0.003913933043114059
2018-02-26 15:30:00,0.003662311785192258
2018-02-26 16:00:00,0.003415471026102561
2018-02-26 16:30:00,0.003214889025854775
2018-02-26 17:00:00,0.0030202972343302127
2018-02-26 17:30:00,0.0028692562793410114
2018-02-26 18:00:00,0.00292286412980845
2018-02-26 18:30:00,0.002941479865228736
2018-02-26 19:00:00,0.0029464093770151436
2018-02-26 19:30:00,0.0029093365225416126
2018-02-26 20:00:00,0.0029060112608529426
2018-02-26 20:30:00,0.002872567055882136
2018-02-26 21:00:00,0.0024673488146427077
2018-02-26 21:30:00,0.002061014576814785
2018-02-26 22:00:00,0.0019534566742727077
2018-02-26 22:30:00,0.0018386397120995139
2018-02-26 23:00:00,0.001836062556263066
2018-02-26 23:30:00,0.001837958429994254
2018-02-27 00:00:00,0.0018361794778131405
2018-02-27 00:30:00,0.001850525295845181
2018-02-27 01:00:00,0.0018607125960767266
2018-02-27 01:30:00,0.0018992378866983085
2018-02-27 02:00:00,0.0019289446835171432
2018-02-27 02:30:00,0.0019244310795306931
2018-02-27 03:00:00,0.0019709487303743107
2018-02-27 03:30:00,0.0020038782724508463
2018-02-27 04:00:00,0.0020455147486855
2018-02-27 04:30:00,0.0021740863588083246
2018-02-27 05:00:00,0.00235297232900039
2018-02-27 05:30:00,0.002658802851112292
2018-02-27 06:00:00,0.0038137406380276007
2018-02-27 06:30:00,0.0046945735770925045
2018-02-27 07:00:00,0.0047907064595581
2018-02-27 07:30:00,0.004949071457271272
2018-02-27 08:00:00,0.005017672715902992
2018-02-27 08:30:00,0.0051217116079044275
2018-02-27 09:00:00,0.005239600461726911
2018-02-27 09:30:00,0.005310803284869119
2018-02-27 10:00:00,0.0053607587173873095
2018-02-27 10:30:00,0.0053523812603145145
2018-02-27 11:00:00,0.005337856098549609
2018-02-27 11:30:00,0.00529651660785385
2018-02-27 12:00:00,0.005223598135026155
2018-02-27 12:30:00,0.00508690051718737
2018-02-27 13:00:00,0.00491354923384103
2018-02-27 13:30:00,0.004701465786357063
2018-02-27 14:00:00,0.004462512950375884
2018-02-27 14:30:00,0.004191630447640983
2018-02-27 15:00:00,0.003921676274804005
2018-02-27 15:30:00,0.0036614903732894756
2018-02-27 16:00:00,0.0034211122308012284
2018-02-27 16:30:00,0.0032072205407272995
2018-02-27 17:00:00,0.0030132351246886474
2018-02-27 17:30:00,0.0028757171353167932
2018-02-27 18:00:00,0.0029244103592875673
2018-02-27 18:30:00,0.0029126294527407346
2018-02-27 19:00:00,0.0029245671350005007
2018-02-27 19:30:00,0.0029157792920900733
2018-02-27 20:00:00,0.002929746095432755
2018-02-27 20:30:00,0.002884939612682015
2018-02-27 21:00:00,0.0025168177542773235
2018-02-27 21:30:00,0.0021279610073750193
2018-02-27 22:00:00,0.0019845117102113958
2018-02-27 22:30:00,0.0018484732066001357
2018-02-27 23:00:00,0.0018521223433833655
2018-02-27 23:30:00,0.0018653716117377048
2018-02-28 00:00:00,0.001869240986786373
2018-02-28 00:30:00,0.0018961404659768267
2018-02-28 01:00:00,0.0019281137482300632
2018-02-28 01:30:00,0.0019494053145526712
2018-02-28 02:00:00,0.001959459367432489
2018-02-28 02:30:00,0.001996389211084676
2018-02-28 03:00:00,0.002035961353723044
2018-02-28 03:30:00,0.0020751875334175576
2018-02-28 04:00:00,0.0021492353675831395
2018-02-28 04:30:00,0.002265531255317851
2018-02-28 05:00:00,0.002484440568490051
2018-02-28 05:30:00,0.002820112895398184
2018-02-28 06:00:00,0.004055790574616502
2018-02-28 06:30:00,0.0049811910315118715
2018-02-28 07:00:00,0.0051222034626934474
2018-02-28 07:30:00,0.005346039566685112
2018-02-28 08:00:00,0.005393222173832337
2018-02-28 08:30:00,0.005452369672908748
2018-02-28 09:00:00,0.0054991661428355
2018-02-28 09:30:00,0.005538370554794477
2018-02-28 10:00:00,0.005562537783032777
2018-02-28 10:30:00,0.005531152629781251
2018-02-28 11:00:00,0.005493054530969592
2018-02-28 11:30:00,0.005406507054842243
2018-02-28 12:00:00,0.005294564234044393
2018-02-28 12:30:00,0.005133311009950529
2018-02-28 13:00:00,0.004932125835354413
2018-02-28 13:30:00,0.004721604863122775
2018-02-28 14:00:00,0.004468933632075048
2018-02-28 14:30:00,0.00419008373799123
2018-02-28 15:00:00,0.003910737507525779
2018-02-28 15:30:00,0.0036478436036762587
2018-02-28 16:00:00,0.0033851645761867315
2018-02-28 16:30:00,0.00317121518560794
2018-02-28 17:00:00,0.002982531413599259
2018-02-28 17:30:00,0.002868797876439692
2018-02-28 18:00:00,0.002983360428203792
2018-02-28 18:30:00,0.003000700190185071
2018-02-28 19:00:00,0.003055342248175859
2018-02-28 19:30:00,0.003050761740414007
2018-02-28 20:00:00,0.0030586807945854827
2018-02-28 20:30:00,0.003036558052890476
2018-02-28 21:00:00,0.002640665845816952
2018-02-28 21:30:00,0.0022217077618891957
2018-02-28 22:00:00,0.002074819642681286
2018-02-28 22:30:00,0.001944797757178276
2018-02-28 23:00:00,0.0019714998062085425
2018-02-28 23:30:00,0.001979662627006662
2018-03-01 00:00:00,0.0019995271261965325
2018-03-01 00:30:00,0.002027646238804602
2018-03-01 01:00:00,0.0020353953925990693
2018-03-01 01:30:00,0.0020630531412535592
2018-03-01 02:00:00,0.0020922163849114725
2018-03-01 02:30:00,0.0021098888251156545
2018-03-01 03:00:00,0.0021576424351785395
2018-03-01 03:30:00,0.0021968372437247787
2018-03-01 04:00:00,0.0022639733416865704
2018-03-01 04:30:00,0.0023968457601752785
2018-03-01 05:00:00,0.002616972065826591
2018-03-01 05:30:00,0.0029780505412445547
2018-03-01 06:00:00,0.004362740374482917
2018-03-01 06:30:00,0.005270836361938815
2018-03-01 07:00:00,0.00533562266486071
2018-03-01 07:30:00,0.005444047355430753
2018-03-01 08:00:00,0.005444637565171889
2018-03-01 08:30:00,0.005461176002388695
2018-03-01 09:00:00,0.00544846372486324
2018-03-01 09:30:00,0.005437434125306209
2018-03-01 10:00:00,0.005430300790353509
2018-03-01 10:30:00,0.005363568755982632
2018-03-01 11:00:00,0.005293522183733974
2018-03-01 11:30:00,0.0051904466740869525
2018-03-01 12:00:00,0.005077009082096568
2018-03-01 12:30:00,0.0049279593947384095
2018-03-01 13:00:00,0.004739570767614516
2018-03-01 13:30:00,0.004536538776720609
2018-03-01 14:00:00,0.004287500756796658
2018-03-01 14:30:00,0.004013825821723119
2018-03-01 15:00:00,0.0037459755965599663
2018-03-01 15:30:00,0.0035076630681230357
2018-03-01 16:00:00,0.0032580373993680105
2018-03-01 16:30:00,0.0030343133351916117
2018-03-01 17:00:00,0.0028525610664112714
2018-03-01 17:30:00,0.0027483007357178056
2018-03-01 18:00:00,0.002861265759773084
2018-03-01 18:30:00,0.002851189939157728
2018-03-01 19:00:00,0.0028803339759901677
2018-03-01 19:30:00,0.002862352465952729
2018-03-01 20:00:00,0.002862497877627257
2018-03-01 20:30:00,0.002834984340220703
2018-03-01 21:00:00,0.0024655716230872625
2018-03-01 21:30:00,0.0020639512204013596
2018-03-01 22:00:00,0.0019522719332547038
2018-03-01 22:30:00,0.0018594067720297956
2018-03-01 23:00:00,0.0018620887651219571
2018-03-01 23:30:00,0.0018723058359329877
2018-03-02 00:00:00,0.001913324492614886
2018-03-02 00:30:00,0.0019061857957567417
2018-03-02 01:00:00,0.0019171675383069663
2018-03-02 01:30:00,0.001934264974173512
2018-03-02 02:00:00,0.0019550198697809934
2018-03-02 02:30:00,0.0019755115518510385
2018-03-02 03:00:00,0.001994861708260396
2018-03-02 03:30:00,0.0020647042880168297
2018-03-02 04:00:00,0.0021198129118097627
2018-03-02 04:30:00,0.0022395513028969772
2018-03-02 05:00:00,0.0024610933916710607
2018-03-02 05:30:00,0.0027533073949198676
2018-03-02 06:00:00,0.003941101337832712
2018-03-02 06:30:00,0.0048166488786408595
2018-03-02 07:00:00,0.004914692840241142
2018-03-02 07:30:00,0.005050177947193426
2018-03-02 08:00:00,0.005027551266415039
2018-03-02 08:30:00,0.005102388100965416
2018-03-02 09:00:00,0.005151287718281598
2018-03-02 09:30:00,0.00518254378566025
2018-03-02 10:00:00,0.005226571991837086
2018-03-02 10:30:00,0.005223174064325371
2018-03-02 11:00:00,0.005205938179258532
2018-03-02 11:30:00,0.005157775543841484
2018-03-02 12:00:00,0.005085736263449873
2018-03-02 12:30:00,0.00496712179176666
2018-03-02 13:00:00,0.004811997225596313
2018-03-02 13:30:00,0.004635909929961165
2018-03-02 14:00:00,0.004399983769560972
2018-03-02 14:30:00,0.004125691975275951
2018-03-02 15:00:00,0.003859654314238492
2018-03-02 15:30:00,0.0036160013279784445
2018-03-02 16:00:00,0.0033664596890848686
2018-03-02 16:30:00,0.003134596652585315
2018-03-02 17:00:00,0.0029302965310394713
2018-03-02 17:30:00,0.0027852412231524426
2018-03-02 18:00:00,0.002867874348248138
2018-03-02 18:30:00,0.002850492811421452
2018-03-02 19:00:00,0.002880087008225944
2018-03-02 19:30:00,0.002861620365788402
2018-03-02 20:00:00,0.0028567738434937314
2018-03-02 20:30:00,0.002824022684808787
2018-03-02 21:00:00,0.0024714721999582723
2018-03-02 21:30:00,0.0020758819401868914
2018-03-02 22:00:00,0.0019461623220997826
2018-03-02 22:30:00,0.0018457236695050565
2018-03-02 23:00:00,0.0018366715726874788
2018-03-02 23:30:00,0.0018557687591996528
2018-03-03 00:00:00,0.0017874756900883556
2018-03-03 00:30:00,0.0017272364430406112
2018-03-03 01:00:00,0.0017407762146302488
2018-03-03 01:30:00,0.0017135787895596255
2018-03-03 02:00:00,0.0017319542796046042
2018-03-03 02:30:00,0.0017403064476905243
2018-03-03 03:00:00,0.001767279713102175
2018-03-03 03:30:00,0.0018072375928188179
2018-03-03 04:00:00,0.0018074128551012706
2018-03-03 04:30:00,0.0018440452330439248
2018-03-03 05:00:00,0.001845974398605935
2018-03-03 05:30:00,0.0018548664385445602
2018-03-03 06:00:00,0.002839550122749692
2018-03-03 06:30:00,0.0034542415238626974
2018-03-03 07:00:00,0.0032610901642202645
2018-03-03 07:30:00,0.003121176683569573
2018-03-03 08:00:00,0.002751030025617697
2018-03-03 08:30:00,0.0025172186967590982
2018-03-03 09:00:00,0.002338843227982451
2018-03-03 09:30:00,0.0022327294386307187
2018-03-03 10:00:00,0.002107468605049019
2018-03-03 10:30:00,0.0020103612963043634
2018-03-03 11:00:00,0.0019764679717312167
2018-03-03 11:30:00,0.0018862611952088246
2018-03-03 12:00:00,0.0018501113887562108
2018-03-03 12:30:00,0.0017979249234023064
2018-03-03 13:00:00,0.0017451764983464008
2018-03-03 13:30:00,0.001742438485346606
2018-03-03 14:00:00,0.0017036446192821427
2018-03-03 14:30:00,0.001705297126528884
2018-03-03 15:00:00,0.0016764627197287775
2018-03-03 15:30:00,0.0016744610484006022
2018-03-03 16:00:00,0.0016998338250511712
2018-03-03 16:30:00,0.0017105483526419852
2018-03-03 17:00:00,0.0017827718585012708
2018-03-03 17:30:00,0.0018802314524365002
2018-03-03 18:00:00,0.0021350518472263566
2018-03-03 18:30:00,0.0023771373164423863
2018-03-03 19:00:00,0.0025252055350188096
2018-03-03 19:30:00,0.0026465389729332213
2018-03-03 20:00:00,0.002715780699166068
2018-03-03 20:30:00,0.0027568549756134026
2018-03-03 21:00:00,0.002390891884363577
2018-03-03 21:30:00,0.001984166627580375
2018-03-03 22:00:00,0.0019168956016696265
2018-03-03 22:30:00,0.0018099375122814219
2018-03-03 23:00:00,0.0018391753424449272
2018-03-03 23:30:00,0.0018688815790646857
2018-03-04 00:00:00,0.0018029535904252247
2018-03-04 00:30:00,0.0017845126371167541
2018-03-04 01:00:00,0.0017712381598039796
2018-03-04 01:30:00,0.0017620537759759484
2018-03-04 02:00:00,0.0018102113696013091
2018-03-04 02:30:00,0.0018226003322312809
2018-03-04 03:00:00,0.001849010837656536
2018-03-04 03:30:00,0.0018550598672827739
2018-03-04 04:00:00,0.0018699806096240106
2018-03-04 04:30:00,0.001906024298365879
2018-03-04 05:00:00,0.0019154354027629463
2018-03-04 05:30:00,0.00194926342412948
2018-03-04 06:00:00,0.0030201011646534964
2018-03-04 06:30:00,0.0035169188373190795
2018-03-04 07:00:00,0.003229773835426687
2018-03-04 07:30:00,0.0029446717195087996
2018-03-04 08:00:00,0.0026152327277230185
2018-03-04 08:30:00,0.0025676657439809908
2018-03-04 09:00:00,0.002319304844683445
2018-03-04 09:30:00,0.002119069207521712
2018-03-04 10:00:00,0.001975393189789053
2018-03-04 10:30:00,0.001837513791984525
2018-03-04 11:00:00,0.0017423912685673151
2018-03-04 11:30:00,0.0016927002500131535
2018-03-04 12:00:00,0.0016219943234516525
2018-03-04 12:30:00,0.0015818246884841559
2018-03-04 13:00:00,0.0015578406453438153
2018-03-04 13:30:00,0.0014902449440541122
2018-03-04 14:00:00,0.0014702681649636565
2018-03-04 14:30:00,0.0014523089828608322
2018-03-04 15:00:00,0.0014343544424074975
2018-03-04 15:30:00,0.0014465826279025616
2018-03-04 16:00:00,0.001454042078746126
2018-03-04 16:30:00,0.0014738036613628303
2018-03-04 17:00:00,0.0015034067413241042
2018-03-04 17:30:00,0.0016012725596181142
2018-03-04 18:00:00,0.0018329037537285061
2018-03-04 18:30:00,0.001989631849740635
2018-03-04 19:00:00,0.0021451217457371906
2018-03-04 19:30:00,0.00220238625566117
2018-03-04 20:00:00,0.0022565050076862247
2018-03-04 20:30:00,0.00230516285908675
2018-03-04 21:00:00,0.0019174211484316657
2018-03-04 21:30:00,0.0015929255933807606
2018-03-04 22:00:00,0.0015575158899364212
2018-03-04 22:30:00,0.0014850591812045023
2018-03-04 23:00:00,0.0015260626324829002
2018-03-04 23:30:00,0.0015496058789786068
2018-03-05 00:00:00,0.0016767504219686942
2018-03-05 00:30:00,0.0018041170438783277
2018-03-05 01:00:00,0.0018362514233802294
2018-03-05 01:30:00,0.001890320477744369
2018-03-05 02:00:00,0.0018969269854799973
2018-03-05 02:30:00,0.0019072694608556872
2018-03-05 03:00:00,0.001941564288109685
2018-03-05 03:30:00,0.001963529293750484
2018-03-05 04:00:00,0.0020490352797664915
2018-03-05 04:30:00,0.0021620400779561897
2018-03-05 05:00:00,0.0023501642110876145
2018-03-05 05:30:00,0.00264367827633571
2018-03-05 06:00:00,0.0036975687943740774
2018-03-05 06:30:00,0.0045968306024530906
2018-03-05 07:00:00,0.0046979469358733
2018-03-05 07:30:00,0.00488815060800451
2018-03-05 08:00:00,0.0049252557939675895
2018-03-05 08:30:00,0.005008104675736112
2018-03-05 09:00:00,0.0050676824877315865
2018-03-05 09:30:00,0.00510328866099484
2018-03-05 10:00:00,0.005120321834024486
2018-03-05 10:30:00,0.005079414897044098
2018-03-05 11:00:00,0.005025812168396784
2018-03-05 11:30:00,0.004942218782055816
2018-03-05 12:00:00,0.004850941305041673
2018-03-05 12:30:00,0.004730046983174667
2018-03-05 13:00:00,0.004574943544512341
2018-03-05 13:30:00,0.004378385934400489
2018-03-05 14:00:00,0.004147363676686069
2018-03-05 14:30:00,0.003902829577307391
2018-03-05 15:00:00,0.003654321665766528
2018-03-05 15:30:00,0.00340607872838877
2018-03-05 16:00:00,0.0031782715332018636
2018-03-05 16:30:00,0.002948457384809776
2018-03-05 17:00:00,0.0027346325985112482
2018-03-05 17:30:00,0.0025802156438027484
2018-03-05 18:00:00,0.0026743626205427452
2018-03-05 18:30:00,0.0026783680439385225
2018-03-05 19:00:00,0.002705019675051919
2018-03-05 19:30:00,0.0026837201058853635
2018-03-05 20:00:00,0.0027199388968528054
2018-03-05 20:30:00,0.0027078490005011556
2018-03-05 21:00:00,0.0023815656901407948
2018-03-05 21:30:00,0.002022633977611776
2018-03-05 22:00:00,0.0018915848470596513
2018-03-05 22:30:00,0.0017867119786904356
2018-03-05 23:00:00,0.0017951961136730512
2018-03-05 23:30:00,0.0018030919595970786
2018-03-06 00:00:00,0.0018029042929065073
2018-03-06 00:30:00,0.0018298938040913716
2018-03-06 01:00:00,0.0018389212521495906
2018-03-06 01:30:00,0.0018552334489679977
2018-03-06 02:00:00,0.0018793610631287583
2018-03-06 02:30:00,0.0018837661485512792
2018-03-06 03:00:00,0.0019217796573024115
2018-03-06 03:30:00,0.0019641804851625007
2018-03-06 04:00:00,0.0020119719486772587
2018-03-06 04:30:00,0.002147295078068042
2018-03-06 05:00:00,0.002336265591975366
2018-03-06 05:30:00,0.002642098114798255
2018-03-06 06:00:00,0.003858074152701037
2018-03-06 06:30:00,0.004632229422029661
2018-03-06 07:00:00,0.0047754575205865716
2018-03-06 07:30:00,0.004968961565561775
2018-03-06 08:00:00,0.004983584602108161
2018-03-06 08:30:00,0.005057742875520219
2018-03-06 09:00:00,0.0051248893771791435
2018-03-06 09:30:00,0.005161978477425888
2018-03-06 10:00:00,0.005193093774779502
2018-03-06 10:30:00,0.005157422218281197
2018-03-06 11:00:00,0.005116032629782327
2018-03-06 11:30:00,0.005043659790854979
2018-03-06 12:00:00,0.004952101814160473
2018-03-06 12:30:00,0.004814096931762846
2018-03-06 13:00:00,0.004645461004098876
2018-03-06 13:30:00,0.004456970900913727
2018-03-06 14:00:00,0.0042379838000983555
2018-03-06 14:30:00,0.003973833049606864
2018-03-06 15:00:00,0.0036988225199069092
2018-03-06 15:30:00,0.0034489381192070578
2018-03-06 16:00:00,0.0032202067556010806
2018-03-06 16:30:00,0.003003284148438874
2018-03-06 17:00:00,0.0028133657776943963
2018-03-06 17:30:00,0.002639763525161859
2018-03-06 18:00:00,0.0027367687176177435
2018-03-06 18:30:00,0.002771554199234169
2018-03-06 19:00:00,0.00278915341341623
2018-03-06 19:30:00,0.002782192939892799
2018-03-06 20:00:00,0.002784149715266428
2018-03-06 20:30:00,0.0027570468037828267
2018-03-06 21:00:00,0.0024380821742409913
2018-03-06 21:30:00,0.002074188618436017
2018-03-06 22:00:00,0.0019481657540536264
2018-03-06 22:30:00,0.0018414625552451531
2018-03-06 23:00:00,0.0018472073167445033
2018-03-06 23:30:00,0.001865391138676937
2018-03-07 00:00:00,0.0018744460364898963
2018-03-07 00:30:00,0.001900845417962064
2018-03-07 01:00:00,0.0019358609013135442
2018-03-07 01:30:00,0.0019622574817903305
2018-03-07 02:00:00,0.0019940726278471622
2018-03-07 02:30:00,0.0020031432912626986
2018-03-07 03:00:00,0.0020339936144532066
2018-03-07 03:30:00,0.002095760364325231
2018-03-07 04:00:00,0.0021567076229770197
2018-03-07 04:30:00,0.0023190419512597663
2018-03-07 05:00:00,0.0025284079530528848
2018-03-07 05:30:00,0.002835005547757164
2018-03-07 06:00:00,0.004099131656611996
2018-03-07 06:30:00,0.005061766785485516
2018-03-07 07:00:00,0.005152585699541461
2018-03-07 07:30:00,0.005282639996562458
2018-03-07 08:00:00,0.005277550988096175
2018-03-07 08:30:00,0.005292752230117776
2018-03-07 09:00:00,0.005325244496801014
2018-03-07 09:30:00,0.005344790882943968
2018-03-07 10:00:00,0.005362167137893649
2018-03-07 10:30:00,0.005340764812210805
2018-03-07 11:00:00,0.005313448384850681
2018-03-07 11:30:00,0.005257149738162738
2018-03-07 12:00:00,0.005186355140090297
2018-03-07 12:30:00,0.005070227392106926
2018-03-07 13:00:00,0.0049158646166519515
2018-03-07 13:30:00,0.004737809901860724
2018-03-07 14:00:00,0.004510171326595793
2018-03-07 14:30:00,0.004237604625352118
2018-03-07 15:00:00,0.003969493027305638
2018-03-07 15:30:00,0.0037323742030719318
2018-03-07 16:00:00,0.0034885263475617602
2018-03-07 16:30:00,0.0032571864569710613
2018-03-07 17:00:00,0.003056947058472673
2018-03-07 17:30:00,0.002871353904768118
2018-03-07 18:00:00,0.0029609766337392145
2018-03-07 18:30:00,0.002939205376950387
2018-03-07 19:00:00,0.002978287665510722
2018-03-07 19:30:00,0.002960888442398912
2018-03-07 20:00:00,0.00296153179102386
2018-03-07 20:30:00,0.00292594354413105
2018-03-07 21:00:00,0.0025318498962063106
2018-03-07 21:30:00,0.00215957160074055
2018-03-07 22:00:00,0.002034206330045334
2018-03-07 22:30:00,0.0019574832251765067
2018-03-07 23:00:00,0.001977106518649796
2018-03-07 23:30:00,0.0019730614811764788
2018-03-08 00:00:00,0.0020185638112084625
2018-03-08 00:30:00,0.0020178116239058276
2018-03-08 01:00:00,0.0020558172098414512
2018-03-08 01:30:00,0.0020807206997229327
2018-03-08 02:00:00,0.002079365978299482
2018-03-08 02:30:00,0.002123095438311753
2018-03-08 03:00:00,0.0021425253830752687
2018-03-08 03:30:00,0.0022156240799486647
2018-03-08 04:00:00,0.002289914800428057
2018-03-08 04:30:00,0.002413273758145607
2018-03-08 05:00:00,0.0026558056259970344
2018-03-08 05:30:00,0.002968094363146216
2018-03-08 06:00:00,0.004192293963432679
2018-03-08 06:30:00,0.004970882488194519
2018-03-08 07:00:00,0.005092393589244569
2018-03-08 07:30:00,0.005317116488374067
2018-03-08 08:00:00,0.0053260322967592175
2018-03-08 08:30:00,0.005395377419735867
2018-03-08 09:00:00,0.00545637757718615
2018-03-08 09:30:00,0.0054923639655653535
2018-03-08 10:00:00,0.005526347402161349
2018-03-08 10:30:00,0.005522196006891968
2018-03-08 11:00:00,0.005504206093868385
2018-03-08 11:30:00,0.005459600882642928
2018-03-08 12:00:00,0.005402405917432852
2018-03-08 12:30:00,0.005286232953381176
2018-03-08 13:00:00,0.005133705470128706
2018-03-08 13:30:00,0.004962787771598394
2018-03-08 14:00:00,0.004752266639309878
2018-03-08 14:30:00,0.0044832672857842894
2018-03-08 15:00:00,0.00420562710159159
2018-03-08 15:30:00,0.003959206491809141
2018-03-08 16:00:00,0.003702115690191349
2018-03-08 16:30:00,0.0034336930216006247
2018-03-08 17:00:00,0.0032103946286937994
2018-03-08 17:30:00,0.002991988934491222
2018-03-08 18:00:00,0.0030812677012294503
2018-03-08 18:30:00,0.0030361828795662125
2018-03-08 19:00:00,0.0030443334560130925
2018-03-08 19:30:00,0.0030032819076425696
2018-03-08 20:00:00,0.003008535374551976
2018-03-08 20:30:00,0.0029670646372154776
2018-03-08 21:00:00,0.002565318429822718
2018-03-08 21:30:00,0.002198585224899815
2018-03-08 22:00:00,0.002067263597511274
2018-03-08 22:30:00,0.0019856155424770898
2018-03-08 23:00:00,0.001981167321725691
2018-03-08 23:30:00,0.001978161933709607
2018-03-09 00:00:00,0.0020240800114846693
2018-03-09 00:30:00,0.002001414837026894
2018-03-09 01:00:00,0.0020442075641550978
2018-03-09 01:30:00,0.002058029516022328
2018-03-09 02:00:00,0.0020644528386599957
2018-03-09 02:30:00,0.00211434969036049
2018-03-09 03:00:00,0.0021159657846672696
2018-03-09 03:30:00,0.002193567761858423
2018-03-09 04:00:00,0.0022576711020778303
2018-03-09 04:30:00,0.0023697391673834604
2018-03-09 05:00:00,0.0026071375309562558
2018-03-09 05:30:00,0.00289251046311333
2018-03-09 06:00:00,0.004046895893739375
2018-03-09 06:30:00,0.00476548501668658
2018-03-09 07:00:00,0.004982914043813791
2018-03-09 07:30:00,0.005184738405556003
2018-03-09 08:00:00,0.005204830585656182
2018-03-09 08:30:00,0.005284951297922966
2018-03-09 09:00:00,0.005344041336579836
2018-03-09 09:30:00,0.005399850209218184
2018-03-09 10:00:00,0.005454496348659386
2018-03-09 10:30:00,0.005460180608658492
2018-03-09 11:00:00,0.0054368712052629345
2018-03-09 11:30:00,0.005366044435757824
2018-03-09 12:00:00,0.005278867375897117
2018-03-09 12:30:00,0.0051484551116663425
2018-03-09 13:00:00,0.0049788782096110125
2018-03-09 13:30:00,0.004782287867867415
2018-03-09 14:00:00,0.004553057206827547
2018-03-09 14:30:00,0.004282088833577088
2018-03-09 15:00:00,0.004002268354579303
2018-03-09 15:30:00,0.0037631441777092062
2018-03-09 16:00:00,0.0035127694427606855
2018-03-09 16:30:00,0.0032714022287889536
2018-03-09 17:00:00,0.0030599729337692635
2018-03-09 17:30:00,0.0028617339261440187
2018-03-09 18:00:00,0.002968853352866207
2018-03-09 18:30:00,0.002951006450663967
2018-03-09 19:00:00,0.00300285567617392
2018-03-09 19:30:00,0.0029937923753748158
2018-03-09 20:00:00,0.0030134076660041577
2018-03-09 20:30:00,0.002980360162007834
2018-03-09 21:00:00,0.0025599732503216724
2018-03-09 21:30:00,0.0021656712083405368
2018-03-09 22:00:00,0.002053077436215988
2018-03-09 22:30:00,0.00195787680504185
2018-03-09 23:00:00,0.001976370577120375
2018-03-09 23:30:00,0.001984262581679307
2018-03-10 00:00:00,0.00195438652471098
2018-03-10 00:30:00,0.0018841029082245944
2018-03-10 01:00:00,0.0018786277625378392
2018-03-10 01:30:00,0.0018901693840506382
2018-03-10 02:00:00,0.0018938495718683846
2018-03-10 02:30:00,0.0019244590894845098
2018-03-10 03:00:00,0.0019384563836626321
2018-03-10 03:30:00,0.0019579762003636794
2018-03-10 04:00:00,0.001959527231549165
2018-03-10 04:30:00,0.0019834453312553776
2018-03-10 05:00:00,0.0020195210313730364
2018-03-10 05:30:00,0.0020082144533869785
2018-03-10 06:00:00,0.003044347861132198
2018-03-10 06:30:00,0.003554408319848523
2018-03-10 07:00:00,0.0033510971897577242
2018-03-10 07:30:00,0.0032682313419600323
2018-03-10 08:00:00,0.0028519038728662943
2018-03-10 08:30:00,0.0025212490089995526
2018-03-10 09:00:00,0.0023230990730274447
2018-03-10 09:30:00,0.0021145363967097876
2018-03-10 10:00:00,0.0019844899424758585
2018-03-10 10:30:00,0.001880853593524987
2018-03-10 11:00:00,0.001792087649026922
2018-03-10 11:30:00,0.001717163183335319
2018-03-10 12:00:00,0.0016693429095823499
2018-03-10 12:30:00,0.0016728308690884747
2018-03-10 13:00:00,0.001605543197262315
2018-03-10 13:30:00,0.0015864618563811573
2018-03-10 14:00:00,0.0015714498015904784
2018-03-10 14:30:00,0.0015182368114434145
2018-03-10 15:00:00,0.0015476202133383266
2018-03-10 15:30:00,0.0015314098927233727
2018-03-10 16:00:00,0.0015180883586881863
2018-03-10 16:30:00,0.001566139194375286
2018-03-10 17:00:00,0.0015915678308766092
2018-03-10 17:30:00,0.0016786442949888953
2018-03-10 18:00:00,0.0019447815114050624
2018-03-10 18:30:00,0.0021562992378503735
2018-03-10 19:00:00,0.0023521194659208936
2018-03-10 19:30:00,0.00248047691993968
2018-03-10 20:00:00,0.002632659480618008
2018-03-10 20:30:00,0.002675137055751555
2018-03-10 21:00:00,0.0022547276560739003
2018-03-10 21:30:00,0.0019000114415942842
2018-03-10 22:00:00,0.0018564112275117669
2018-03-10 22:30:00,0.0017929382713101133
2018-03-10 23:00:00,0.0018304087870994004
2018-03-10 23:30:00,0.0018558584710803056
2018-03-11 00:00:00,0.0018191244570195165
2018-03-11 00:30:00,0.0018052720143168462
2018-03-11 01:00:00,0.0018034728949689847
2018-03-11 01:30:00,0.001821239768731748
2018-03-11 02:00:00,0.0018427042765120638
2018-03-11 02:30:00,0.0018329541716453762
2018-03-11 03:00:00,0.001894624407219392
2018-03-11 03:30:00,0.001903369114800942
2018-03-11 04:00:00,0.0019343816556382683
2018-03-11 04:30:00,0.0019764101911979148
2018-03-11 05:00:00,0.00309382032201815
2018-03-11 05:30:00,0.0037869048614749693
2018-03-11 06:00:00,0.0036307611331278947
2018-03-11 06:30:00,0.003364408640209537
2018-03-11 07:00:00,0.003008677345003606
2018-03-11 07:30:00,0.002827088814410434
2018-03-11 08:00:00,0.0025911811405797593
2018-03-11 08:30:00,0.002320682294183707
2018-03-11 09:00:00,0.0021639417937634594
2018-03-11 09:30:00,0.0019931785501213356
2018-03-11 10:00:00,0.0018390196871301463
2018-03-11 10:30:00,0.0017725519066664188
2018-03-11 11:00:00,0.0016481450565623682
2018-03-11 11:30:00,0.0015726473471587982
2018-03-11 12:00:00,0.001525658168749788
2018-03-11 12:30:00,0.001462997261123498
2018-03-11 13:00:00,0.0014400716741236677
2018-03-11 13:30:00,0.0014060655894792993
2018-03-11 14:00:00,0.0013949517199755
2018-03-11 14:30:00,0.001391543228709775
2018-03-11 15:00:00,0.0014092653665748712
2018-03-11 15:30:00,0.0014389751244459664
2018-03-11 16:00:00,0.0014255554755439825
2018-03-11 16:30:00,0.0014694254654959737
2018-03-11 17:00:00,0.0014919312233023123
2018-03-11 17:30:00,0.001503718051953666
2018-03-11 18:00:00,0.0017707354211471912
2018-03-11 18:30:00,0.0019260709422839971
2018-03-11 19:00:00,0.0020871394607395507
2018-03-11 19:30:00,0.0022064330537601567
2018-03-11 20:00:00,0.0018872298594402427
2018-03-11 20:30:00,0.0015647921556820247
2018-03-11 21:00:00,0.0015297634676380318
2018-03-11 21:30:00,0.00148697498201712
2018-03-11 22:00:00,0.001492641235617344
2018-03-11 22:30:00,0.0015537849640880471
2018-03-11 23:00:00,0.0015608529158056945
2018-03-11 23:30:00,0.0015733884905367863
2018-03-12 00:00:00,0.0017494245679706695
2018-03-12 00:30:00,0.0018517702982781103
2018-03-12 01:00:00,0.0019208133939241775
2018-03-12 01:30:00,0.0019669786795487817
2018-03-12 02:00:00,0.0019907893810892172
2018-03-12 02:30:00,0.0020464109871791924
2018-03-12 03:00:00,0.002079272505082174
2018-03-12 03:30:00,0.0022468601402174473
2018-03-12 04:00:00,0.002448234742129804
2018-03-12 04:30:00,0.0027465485930639163
2018-03-12 05:00:00,0.003882547249635016
2018-03-12 05:30:00,0.0048275511529506845
2018-03-12 06:00:00,0.005166806273065721
2018-03-12 06:30:00,0.005237183922968491
2018-03-12 07:00:00,0.00528490344091616
2018-03-12 07:30:00,0.005299996164373831
2018-03-12 08:00:00,0.005325903771085418
2018-03-12 08:30:00,0.005299634755941157
2018-03-12 09:00:00,0.005257636231046314
2018-03-12 09:30:00,0.005186925662835323
2018-03-12 10:00:00,0.005100846593164227
2018-03-12 10:30:00,0.004990405826146903
2018-03-12 11:00:00,0.004867655084569371
2018-03-12 11:30:00,0.0047165749956732655
2018-03-12 12:00:00,0.004549497301754333
2018-03-12 12:30:00,0.004358331207609983
2018-03-12 13:00:00,0.00413003303794689
2018-03-12 13:30:00,0.0038858988406802737
2018-03-12 14:00:00,0.0036308706120330983
2018-03-12 14:30:00,0.003403772708905267
2018-03-12 15:00:00,0.003181388400834138
2018-03-12 15:30:00,0.0029623410386038418
2018-03-12 16:00:00,0.0027666185252579224
2018-03-12 16:30:00,0.002543846879539728
2018-03-12 17:00:00,0.0024086047389296943
2018-03-12 17:30:00,0.0022717565075678157
2018-03-12 18:00:00,0.002329330007296612
2018-03-12 18:30:00,0.0023896039066586498
2018-03-12 19:00:00,0.0024763680998001
2018-03-12 19:30:00,0.0025145083735993628
2018-03-12 20:00:00,0.002254600650940452
2018-03-12 20:30:00,0.0019387625724720673
2018-03-12 21:00:00,0.0018274688623468075
2018-03-12 21:30:00,0.0017418693230850523
2018-03-12 22:00:00,0.0017638051983738822
2018-03-12 22:30:00,0.001748669339587334
2018-03-12 23:00:00,0.0017553145810876684
2018-03-12 23:30:00,0.0017792968636023408
2018-03-13 00:00:00,0.0017795535148077408
2018-03-13 00:30:00,0.001816116828207127
2018-03-13 01:00:00,0.001832497769455044
2018-03-13 01:30:00,0.001846328924592814
2018-03-13 02:00:00,0.0018947387678594034
2018-03-13 02:30:00,0.0019283073370251558
2018-03-13 03:00:00,0.0019946388290564554
2018-03-13 03:30:00,0.002121609150133804
2018-03-13 04:00:00,0.0023471452982652585
2018-03-13 04:30:00,0.0026573052789243766
2018-03-13 05:00:00,0.0037748356124607052
2018-03-13 05:30:00,0.004775916483686967
2018-03-13 06:00:00,0.005053719045583363
2018-03-13 06:30:00,0.005130641501294926
2018-03-13 07:00:00,0.005187730828964892
2018-03-13 07:30:00,0.005158383759981502
2018-03-13 08:00:00,0.005173499451601301
2018-03-13 08:30:00,0.0051455252704971245
2018-03-13 09:00:00,0.005123633971049082
2018-03-13 09:30:00,0.005087501290682517
2018-03-13 10:00:00,0.005082462219962467
2018-03-13 10:30:00,0.005069649106603272
2018-03-13 11:00:00,0.0050494326423365845
2018-03-13 11:30:00,0.00495545796682678
2018-03-13 12:00:00,0.004828127837885549
2018-03-13 12:30:00,0.00465974063861147
2018-03-13 13:00:00,0.004453698297938231
2018-03-13 13:30:00,0.004215207866280346
2018-03-13 14:00:00,0.0039641029518500456
2018-03-13 14:30:00,0.003716269600025526
2018-03-13 15:00:00,0.003469029178909085
2018-03-13 15:30:00,0.003216468307079396
2018-03-13 16:00:00,0.0029734427437848408
2018-03-13 16:30:00,0.002701335005641562
2018-03-13 17:00:00,0.0025064323836580743
2018-03-13 17:30:00,0.002303957630788241
2018-03-13 18:00:00,0.00231719313425099
2018-03-13 18:30:00,0.0023296873342788732
2018-03-13 19:00:00,0.002387013065959051
2018-03-13 19:30:00,0.0023929002780806686
2018-03-13 20:00:00,0.0021554623804587725
2018-03-13 20:30:00,0.001875953532204307
2018-03-13 21:00:00,0.0017703873774639095
2018-03-13 21:30:00,0.0016727949363191498
2018-03-13 22:00:00,0.0016570168493058065
2018-03-13 22:30:00,0.0016640034121005063
2018-03-13 23:00:00,0.0016594812450710322
2018-03-13 23:30:00,0.0016642302927264213
2018-03-14 00:00:00,0.0016801257014320368
2018-03-14 00:30:00,0.0016923495653913692
2018-03-14 01:00:00,0.0017086962544671904
2018-03-14 01:30:00,0.0017247959757787884
2018-03-14 02:00:00,0.0017517930096369637
2018-03-14 02:30:00,0.0018150805399443515
2018-03-14 03:00:00,0.001876273565933772
2018-03-14 03:30:00,0.001997035360705006
2018-03-14 04:00:00,0.002203091226184515
2018-03-14 04:30:00,0.0025076777862332008
2018-03-14 05:00:00,0.0035645730520601363
2018-03-14 05:30:00,0.00452615356615824
2018-03-14 06:00:00,0.004820377563692928
2018-03-14 06:30:00,0.004914874264713435
2018-03-14 07:00:00,0.0049967907351336225
2018-03-14 07:30:00,0.0050235367998056005
2018-03-14 08:00:00,0.005059352887665599
2018-03-14 08:30:00,0.005102097597730117
2018-03-14 09:00:00,0.005129746623284704
2018-03-14 09:30:00,0.00510702935031283
2018-03-14 10:00:00,0.005079053728696742
2018-03-14 10:30:00,0.005020290606215133
2018-03-14 11:00:00,0.004939475807292773
2018-03-14 11:30:00,0.004812552142795639
2018-03-14 12:00:00,0.004644118847140422
2018-03-14 12:30:00,0.00446705168329233
2018-03-14 13:00:00,0.0042567844012138326
2018-03-14 13:30:00,0.004017447988922245
2018-03-14 14:00:00,0.003755998998547465
2018-03-14 14:30:00,0.003490330988871946
2018-03-14 15:00:00,0.0032380157243230086
2018-03-14 15:30:00,0.0030057819160633622
2018-03-14 16:00:00,0.0027768850536445495
2018-03-14 16:30:00,0.002544409319412366
2018-03-14 17:00:00,0.0024140635588147967
2018-03-14 17:30:00,0.0022604644147293023
2018-03-14 18:00:00,0.002346691537013429
2018-03-14 18:30:00,0.002397024863822826
2018-03-14 19:00:00,0.0024691198440083125
2018-03-14 19:30:00,0.0025052991809550937
2018-03-14 20:00:00,0.002226156302754352
2018-03-14 20:30:00,0.0019060230979392869
2018-03-14 21:00:00,0.0018129546644781093
2018-03-14 21:30:00,0.00175885655979044
2018-03-14 22:00:00,0.001752843703018845
2018-03-14 22:30:00,0.0017513390883282555
2018-03-14 23:00:00,0.0017778177779839443
2018-03-14 23:30:00,0.001767032425224194
2018-03-15 00:00:00,0.0018041267273195042
2018-03-15 00:30:00,0.0018115478445405594
2018-03-15 01:00:00,0.0018164409433870053
2018-03-15 01:30:00,0.0018606051979109498
2018-03-15 02:00:00,0.0018736289461228457
2018-03-15 02:30:00,0.0019429251717229755
2018-03-15 03:00:00,0.00200994018665584
2018-03-15 03:30:00,0.00210959015897953
2018-03-15 04:00:00,0.0023298642771585544
2018-03-15 04:30:00,0.002600898913956899
2018-03-15 05:00:00,0.003694285067445495
2018-03-15 05:30:00,0.004657302492174392
2018-03-15 06:00:00,0.00489778883311281
2018-03-15 06:30:00,0.004996595065599104
2018-03-15 07:00:00,0.005054729484660188
2018-03-15 07:30:00,0.005089211338377241
2018-03-15 08:00:00,0.005131063411227843
2018-03-15 08:30:00,0.005169546846975579
2018-03-15 09:00:00,0.005186883007677082
2018-03-15 09:30:00,0.0051648650232093505
2018-03-15 10:00:00,0.0051270691918135925
2018-03-15 10:30:00,0.005046371394469747
2018-03-15 11:00:00,0.004961112136132644
2018-03-15 11:30:00,0.004847897263289321
2018-03-15 12:00:00,0.004725095623624282
2018-03-15 12:30:00,0.004575809452227472
2018-03-15 13:00:00,0.004390388199610911
2018-03-15 13:30:00,0.004161837300135954
2018-03-15 14:00:00,0.003907172000461802
2018-03-15 14:30:00,0.0036499058565331176
2018-03-15 15:00:00,0.0033881976540428745
2018-03-15 15:30:00,0.0031225955878014834
2018-03-15 16:00:00,0.002878336065998647
2018-03-15 16:30:00,0.002615355811462932
2018-03-15 17:00:00,0.002465818110680849
2018-03-15 17:30:00,0.0023140188862276114
2018-03-15 18:00:00,0.0023735735700040773
2018-03-15 18:30:00,0.002471296137391425
2018-03-15 19:00:00,0.0025295220289588303
2018-03-15 19:30:00,0.0025835551505536455
2018-03-15 20:00:00,0.0023049860762639476
2018-03-15 20:30:00,0.001955950040333024
2018-03-15 21:00:00,0.0018604204122441995
2018-03-15 21:30:00,0.001787869430010578
2018-03-15 22:00:00,0.0017831643179684613
2018-03-15 22:30:00,0.0017839532383248165
2018-03-15 23:00:00,0.0017916391696520977
2018-03-15 23:30:00,0.0018087258817077543
2018-03-16 00:00:00,0.0018497689470636926
2018-03-16 00:30:00,0.0018568058477468235
2018-03-16 01:00:00,0.0018994571646224726
2018-03-16 01:30:00,0.0019273869299427416
2018-03-16 02:00:00,0.001953026041239887
2018-03-16 02:30:00,0.0020209034426365456
2018-03-16 03:00:00,0.002058862131906637
2018-03-16 03:30:00,0.002213456189551697
2018-03-16 04:00:00,0.0024311150583570832
2018-03-16 04:30:00,0.0027089738002179916
2018-03-16 05:00:00,0.0038954197440963017
2018-03-16 05:30:00,0.004916178728276895
2018-03-16 06:00:00,0.005151592306522244
2018-03-16 06:30:00,0.005301931172011923
2018-03-16 07:00:00,0.005358082086200594
2018-03-16 07:30:00,0.005359216889472364
2018-03-16 08:00:00,0.005367533124788958
2018-03-16 08:30:00,0.0053796349453780895
2018-03-16 09:00:00,0.005395306434510052
2018-03-16 09:30:00,0.005374111542542331
2018-03-16 10:00:00,0.005353626902974961
2018-03-16 10:30:00,0.00530927386136229
2018-03-16 11:00:00,0.005249897881091176
2018-03-16 11:30:00,0.005128025131523134
2018-03-16 12:00:00,0.00497119091780026
2018-03-16 12:30:00,0.004774080391200067
2018-03-16 13:00:00,0.004534663790412126
2018-03-16 13:30:00,0.0042596767890733765
2018-03-16 14:00:00,0.0039801583374061734
2018-03-16 14:30:00,0.0037283455714287065
2018-03-16 15:00:00,0.0034648308069457306
2018-03-16 15:30:00,0.0032061311135807118
2018-03-16 16:00:00,0.002964035560781308
2018-03-16 16:30:00,0.002697790946199364
2018-03-16 17:00:00,0.0025208925623301263
2018-03-16 17:30:00,0.0023433913242263153
2018-03-16 18:00:00,0.0023912714592520127
2018-03-16 18:30:00,0.0024519951184439055
2018-03-16 19:00:00,0.0025169452395814086
2018-03-16 19:30:00,0.0025437107511641797
2018-03-16 20:00:00,0.0022751998112047127
2018-03-16 20:30:00,0.001934564520622471
2018-03-16 21:00:00,0.0018270487930679975
2018-03-16 21:30:00,0.0017378733430451333
2018-03-16 22:00:00,0.001745400257863176
2018-03-16 22:30:00,0.0017602869080891956
2018-03-16 23:00:00,0.0017533996605878853
2018-03-16 23:30:00,0.0017692512937371075
2018-03-17 00:00:00,0.001709033574339582
2018-03-17 00:30:00,0.0016240143212924681
2018-03-17 01:00:00,0.0016210621521886353
2018-03-17 01:30:00,0.0015973746144165536
2018-03-17 02:00:00,0.0016251460834835387
2018-03-17 02:30:00,0.0016463317721807195
2018-03-17 03:00:00,0.0016344011324236274
2018-03-17 03:30:00,0.0016687335730441789
2018-03-17 04:00:00,0.0016589653017217302
2018-03-17 04:30:00,0.0016545158005153004
2018-03-17 05:00:00,0.0024796451843682055
2018-03-17 05:30:00,0.0032006309189924007
2018-03-17 06:00:00,0.0030816678434268307
2018-03-17 06:30:00,0.002872636440539162
2018-03-17 07:00:00,0.002605692857566834
2018-03-17 07:30:00,0.002391187669475881
2018-03-17 08:00:00,0.0021866249746201162
2018-03-17 08:30:00,0.0020550271690869437
2018-03-17 09:00:00,0.00193542162520926
2018-03-17 09:30:00,0.0018429817351117274
2018-03-17 10:00:00,0.0018159586119822829
2018-03-17 10:30:00,0.0017218365240869635
2018-03-17 11:00:00,0.0016723210079005726
2018-03-17 11:30:00,0.0016156566312442245
2018-03-17 12:00:00,0.0015786128270942235
2018-03-17 12:30:00,0.0015534297178452128
2018-03-17 13:00:00,0.0015110684240342246
2018-03-17 13:30:00,0.0015099530676732464
2018-03-17 14:00:00,0.0014894979586000429
2018-03-17 14:30:00,0.0014748733214848676
2018-03-17 15:00:00,0.0015114664054637391
2018-03-17 15:30:00,0.0014765064618492557
2018-03-17 16:00:00,0.001496308218742577
2018-03-17 16:30:00,0.0015320168284083592
2018-03-17 17:00:00,0.0015422525458457879
2018-03-17 17:30:00,0.001625615850423263
2018-03-17 18:00:00,0.0018156188112282675
2018-03-17 18:30:00,0.001991715630247713
2018-03-17 19:00:00,0.0021603022603929665
2018-03-17 19:30:00,0.002271938412210744
2018-03-17 20:00:00,0.0020335240875988007
2018-03-17 20:30:00,0.0017154245654877015
2018-03-17 21:00:00,0.0016639028963805246
2018-03-17 21:30:00,0.001625181135940029
2018-03-17 22:00:00,0.001638886566399382
2018-03-17 22:30:00,0.0016502652500094079
2018-03-17 23:00:00,0.0016448679719942628
2018-03-17 23:30:00,0.0016243027437883395
2018-03-18 00:00:00,0.0015942374995890915
2018-03-18 00:30:00,0.0015579728523258298
2018-03-18 01:00:00,0.0015860861228578172
2018-03-18 01:30:00,0.0015938251130404712
2018-03-18 02:00:00,0.0015888385409767174
2018-03-18 02:30:00,0.0016147547907597684
2018-03-18 03:00:00,0.0016156610328083955
2018-03-18 03:30:00,0.0016490205676902366
2018-03-18 04:00:00,0.0016797055521247874
2018-03-18 04:30:00,0.001672129579873346
2018-03-18 05:00:00,0.002743169952406116
2018-03-18 05:30:00,0.0032903492819486707
2018-03-18 06:00:00,0.003056884636289882
2018-03-18 06:30:00,0.002747319747106708
2018-03-18 07:00:00,0.0023952836050367054
2018-03-18 07:30:00,0.0024427394292763005
2018-03-18 08:00:00,0.0021558633229405476
2018-03-18 08:30:00,0.0020497819451068032
2018-03-18 09:00:00,0.0019316934203278276
2018-03-18 09:30:00,0.001747844486461654
2018-03-18 10:00:00,0.0016799654844962058
2018-03-18 10:30:00,0.0016041110083094515
2018-03-18 11:00:00,0.001522602522873713
2018-03-18 11:30:00,0.0014776875215590434
2018-03-18 12:00:00,0.0014259748245668371
2018-03-18 12:30:00,0.0013803320446235722
2018-03-18 13:00:00,0.0013654060204053302
2018-03-18 13:30:00,0.0013505205706059028
2018-03-18 14:00:00,0.001318640441456216
2018-03-18 14:30:00,0.0013217389025474112
2018-03-18 15:00:00,0.0013449817222813245
2018-03-18 15:30:00,0.001316342264759782
2018-03-18 16:00:00,0.0013569592587039498
2018-03-18 16:30:00,0.001405133658301601
2018-03-18 17:00:00,0.0014132256539307838
2018-03-18 17:30:00,0.0014728923775225165
2018-03-18 18:00:00,0.0016406932884489938
2018-03-18 18:30:00,0.0018374395255926913
2018-03-18 19:00:00,0.0020185519669994206
2018-03-18 19:30:00,0.00211194995757436
2018-03-18 20:00:00,0.0018212997900613553
2018-03-18 20:30:00,0.0015302817318120787
2018-03-18 21:00:00,0.0014633999642309414
2018-03-18 21:30:00,0.0014121931270046637
2018-03-18 22:00:00,0.0014440129947394247
2018-03-18 22:30:00,0.0014979110283284036
2018-03-18 23:00:00,0.0015111452513361218
2018-03-18 23:30:00,0.0015043221866432711
2018-03-19 00:00:00,0.0016702413088439082
2018-03-19 00:30:00,0.0018031268519966902
2018-03-19 01:00:00,0.001854723987922293
2018-03-19 01:30:00,0.0019125238080779279
2018-03-19 02:00:00,0.0019189564140145747
2018-03-19 02:30:00,0.001982630641741511
2018-03-19 03:00:00,0.0020402925728959286
2018-03-19 03:30:00,0.0021593344764743823
2018-03-19 04:00:00,0.0023747323818076906
2018-03-19 04:30:00,0.002670246597843612
2018-03-19 05:00:00,0.003890021825853641
2018-03-19 05:30:00,0.004967590038166034
2018-03-19 06:00:00,0.005140564547619321
2018-03-19 06:30:00,0.005217710122620143
2018-03-19 07:00:00,0.005217092143010509
2018-03-19 07:30:00,0.00525168283540525
2018-03-19 08:00:00,0.005271924348573492
2018-03-19 08:30:00,0.0052877597359495005
2018-03-19 09:00:00,0.005280812227033265
2018-03-19 09:30:00,0.005228728838309405
2018-03-19 10:00:00,0.005167799906170256
2018-03-19 10:30:00,0.005103316991062414
2018-03-19 11:00:00,0.005013007297966856
2018-03-19 11:30:00,0.004871429785974138
2018-03-19 12:00:00,0.004709101619881232
2018-03-19 12:30:00,0.004518472596594205
2018-03-19 13:00:00,0.004291976667388115
2018-03-19 13:30:00,0.0040436035237393295
2018-03-19 14:00:00,0.0037841426798864526
2018-03-19 14:30:00,0.0035285620949500134
2018-03-19 15:00:00,0.0032859742071909533
2018-03-19 15:30:00,0.0030621041711409503
2018-03-19 16:00:00,0.0028607651018557213
2018-03-19 16:30:00,0.00264875095900034
2018-03-19 17:00:00,0.0025281647466253165
2018-03-19 17:30:00,0.0023688321250504387
2018-03-19 18:00:00,0.002387543014285262
2018-03-19 18:30:00,0.002509760126228368
2018-03-19 19:00:00,0.0025895103868488175
2018-03-19 19:30:00,0.002623907170334708
2018-03-19 20:00:00,0.0023293323281213573
2018-03-19 20:30:00,0.0019860293695376204
2018-03-19 21:00:00,0.001866833331184735
2018-03-19 21:30:00,0.001782971449429324
2018-03-19 22:00:00,0.0017938473143541216
2018-03-19 22:30:00,0.0017943591762530106
2018-03-19 23:00:00,0.0018190827622025496
2018-03-19 23:30:00,0.0018141659749380192
2018-03-20 00:00:00,0.001846842627145811
2018-03-20 00:30:00,0.0018755733170883562
2018-03-20 01:00:00,0.0018698343976650878
2018-03-20 01:30:00,0.0019105798372546147
2018-03-20 02:00:00,0.0019336887694092844
2018-03-20 02:30:00,0.001992086882178443
2018-03-20 03:00:00,0.0020525042725324607
2018-03-20 03:30:00,0.00215397649242302
2018-03-20 04:00:00,0.0023689139941440226
2018-03-20 04:30:00,0.0026287360063442546
2018-03-20 05:00:00,0.0037753553171466624
2018-03-20 05:30:00,0.0048185443522298504
2018-03-20 06:00:00,0.004971738712468473
2018-03-20 06:30:00,0.00508350338996005
2018-03-20 07:00:00,0.005077757988233185
2018-03-20 07:30:00,0.005142795580455035
2018-03-20 08:00:00,0.005168864844614364
2018-03-20 08:30:00,0.0051503942007548485
2018-03-20 09:00:00,0.005126916017380436
2018-03-20 09:30:00,0.005081604315091283
2018-03-20 10:00:00,0.005024807011196964
2018-03-20 10:30:00,0.004942429656993834
2018-03-20 11:00:00,0.004864216102468205
2018-03-20 11:30:00,0.00476523748872328
2018-03-20 12:00:00,0.0046342548618043605
2018-03-20 12:30:00,0.004468314211953504
2018-03-20 13:00:00,0.004256404986382275
2018-03-20 13:30:00,0.004007407860990896
2018-03-20 14:00:00,0.0037500934599132073
2018-03-20 14:30:00,0.0035234365134868897
2018-03-20 15:00:00,0.0032949718046412476
2018-03-20 15:30:00,0.0030580212802157605
2018-03-20 16:00:00,0.0028461391842855145
2018-03-20 16:30:00,0.002614990161522966
2018-03-20 17:00:00,0.0024710851023965266
2018-03-20 17:30:00,0.0023138158540766604
2018-03-20 18:00:00,0.0023188243539328307
2018-03-20 18:30:00,0.0024069810419211643
2018-03-20 19:00:00,0.002472919834399955
2018-03-20 19:30:00,0.0024864112688121488
2018-03-20 20:00:00,0.0022096744456442555
2018-03-20 20:30:00,0.0019074613690535506
2018-03-20 21:00:00,0.0018328679009876208
2018-03-20 21:30:00,0.0017361891445363594
2018-03-20 22:00:00,0.001746226311415448
2018-03-20 22:30:00,0.001727526546133712
2018-03-20 23:00:00,0.001748084251666324
2018-03-20 23:30:00,0.001754020761306659
2018-03-21 00:00:00,0.001753408703801546
2018-03-21 00:30:00,0.0017824016469402543
2018-03-21 01:00:00,0.0017853995923114675
2018-03-21 01:30:00,0.0018070632108491999
2018-03-21 02:00:00,0.001844017303118548
2018-03-21 02:30:00,0.00186585810462128
2018-03-21 03:00:00,0.001933843464382792
2018-03-21 03:30:00,0.002055635465255401
2018-03-21 04:00:00,0.002252604421546161
2018-03-21 04:30:00,0.002549677991725273
2018-03-21 05:00:00,0.0035712647900838063
2018-03-21 05:30:00,0.004584824095735376
2018-03-21 06:00:00,0.004806967438175241
2018-03-21 06:30:00,0.004913521383944092
2018-03-21 07:00:00,0.004962305360165233
2018-03-21 07:30:00,0.005021282798807757
2018-03-21 08:00:00,0.005080213740926947
2018-03-21 08:30:00,0.005090539970529422
2018-03-21 09:00:00,0.00510467091220147
2018-03-21 09:30:00,0.005082467581867912
2018-03-21 10:00:00,0.005039747040392116
2018-03-21 10:30:00,0.004963824379974927
2018-03-21 11:00:00,0.004880499168934642
2018-03-21 11:30:00,0.00475557493496938
2018-03-21 12:00:00,0.004602199150258463
2018-03-21 12:30:00,0.004415091458336824
2018-03-21 13:00:00,0.004202942227475607
2018-03-21 13:30:00,0.003957666504548304
2018-03-21 14:00:00,0.0037212488094728485
2018-03-21 14:30:00,0.0035079402066089415
2018-03-21 15:00:00,0.003290844097789951
2018-03-21 15:30:00,0.0030757584634274783
2018-03-21 16:00:00,0.0028870362777678486
2018-03-21 16:30:00,0.00267384715736408
2018-03-21 17:00:00,0.0025596935509257027
2018-03-21 17:30:00,0.0024145605354239427
2018-03-21 18:00:00,0.002423176477246376
2018-03-21 18:30:00,0.0025280410226578864
2018-03-21 19:00:00,0.002608923205526285
2018-03-21 19:30:00,0.002632304074318295
2018-03-21 20:00:00,0.0023198758475991067
2018-03-21 20:30:00,0.0019776565541143156
2018-03-21 21:00:00,0.001900274975245479
2018-03-21 21:30:00,0.0018169570467931862
2018-03-21 22:00:00,0.0018313769711601818
2018-03-21 22:30:00,0.0018390450561454601
2018-03-21 23:00:00,0.0018791538694989548
2018-03-21 23:30:00,0.0018831478488278868
2018-03-22 00:00:00,0.0019006546301623532
2018-03-22 00:30:00,0.0019243115970705553
2018-03-22 01:00:00,0.0019247139000358013
2018-03-22 01:30:00,0.0019705914033920496
2018-03-22 02:00:00,0.001995494493131334
2018-03-22 02:30:00,0.002050056922824843
2018-03-22 03:00:00,0.00211974920917194
2018-03-22 03:30:00,0.0022374936116611685
2018-03-22 04:00:00,0.002482920748395961
2018-03-22 04:30:00,0.0027962933907294063
2018-03-22 05:00:00,0.003951989126994992
2018-03-22 05:30:00,0.005057247739565181
2018-03-22 06:00:00,0.005217373763089025
2018-03-22 06:30:00,0.005336620539472538
2018-03-22 07:00:00,0.005349280398370136
2018-03-22 07:30:00,0.005366411126067504
2018-03-22 08:00:00,0.005402412159651131
2018-03-22 08:30:00,0.005386399509281685
2018-03-22 09:00:00,0.005401084887982421
2018-03-22 09:30:00,0.005350818705033745
2018-03-22 10:00:00,0.005283362253228729
2018-03-22 10:30:00,0.005187932340575492
2018-03-22 11:00:00,0.005077134806774984
2018-03-22 11:30:00,0.004926557456535668
2018-03-22 12:00:00,0.004749830493583787
2018-03-22 12:30:00,0.0045454540249066835
2018-03-22 13:00:00,0.004303134952675824
2018-03-22 13:30:00,0.004025367123122159
2018-03-22 14:00:00,0.0037531343005279797
2018-03-22 14:30:00,0.003520415760010426
2018-03-22 15:00:00,0.003294864006333273
2018-03-22 15:30:00,0.0030633671799727615
2018-03-22 16:00:00,0.002867543190565586
2018-03-22 16:30:00,0.0026460393553855727
2018-03-22 17:00:00,0.002524960407908695
2018-03-22 17:30:00,0.0023776142859416637
2018-03-22 18:00:00,0.0023660015991746096
2018-03-22 18:30:00,0.0024885882824512164
2018-03-22 19:00:00,0.0025718164189944166
2018-03-22 19:30:00,0.0026086034919105784
2018-03-22 20:00:00,0.002306675476621287
2018-03-22 20:30:00,0.001960059980870757
2018-03-22 21:00:00,0.0019035962355121749
2018-03-22 21:30:00,0.0018169967408991666
2018-03-22 22:00:00,0.0018178944199047694
2018-03-22 22:30:00,0.0018259360776455224
2018-03-22 23:00:00,0.001838759594701849
2018-03-22 23:30:00,0.00184872153484783
2018-03-23 00:00:00,0.001867922918388202
2018-03-23 00:30:00,0.0018879928505822078
2018-03-23 01:00:00,0.0018972120467814113
2018-03-23 01:30:00,0.0019322220081705675
2018-03-23 02:00:00,0.001956545291865847
2018-03-23 02:30:00,0.0020037086921875966
2018-03-23 03:00:00,0.0020493325854191455
2018-03-23 03:30:00,0.002173681654989894
2018-03-23 04:00:00,0.0023893582993778978
2018-03-23 04:30:00,0.002694372051236507
2018-03-23 05:00:00,0.003822206446497576
2018-03-23 05:30:00,0.004869153056899484
2018-03-23 06:00:00,0.005026521380427421
2018-03-23 06:30:00,0.005159360186971549
2018-03-23 07:00:00,0.0051631376893716985
2018-03-23 07:30:00,0.005197122486451166
2018-03-23 08:00:00,0.005213368339693248
2018-03-23 08:30:00,0.005202069524465819
2018-03-23 09:00:00,0.005192420575546629
2018-03-23 09:30:00,0.005134265749233478
2018-03-23 10:00:00,0.005068063183018175
2018-03-23 10:30:00,0.004994242309506946
2018-03-23 11:00:00,0.00491751144187949
2018-03-23 11:30:00,0.004782067469545097
2018-03-23 12:00:00,0.004626541720807657
2018-03-23 12:30:00,0.0044542507342559354
2018-03-23 13:00:00,0.004248163897770349
2018-03-23 13:30:00,0.003975808951777528
2018-03-23 14:00:00,0.0037066251326989463
2018-03-23 14:30:00,0.0034528584723716718
2018-03-23 15:00:00,0.0032137771907451342
2018-03-23 15:30:00,0.0029869865167964525
2018-03-23 16:00:00,0.002779191713355568
2018-03-23 16:30:00,0.002550149999461303
2018-03-23 17:00:00,0.0024100245234744393
2018-03-23 17:30:00,0.0022411549927956378
2018-03-23 18:00:00,0.002229515976671997
2018-03-23 18:30:00,0.002343712318297053
2018-03-23 19:00:00,0.0024084185127510337
2018-03-23 19:30:00,0.002440518159910203
2018-03-23 20:00:00,0.0021815322848456175
2018-03-23 20:30:00,0.0018686628613395974
2018-03-23 21:00:00,0.001804423392744642
2018-03-23 21:30:00,0.001727116880552034
2018-03-23 22:00:00,0.0017216314111965863
2018-03-23 22:30:00,0.0017248593583028536
2018-03-23 23:00:00,0.00172045163194183
2018-03-23 23:30:00,0.0017141770821731484
2018-03-24 00:00:00,0.0016508422550580303
2018-03-24 00:30:00,0.0015710074844054941
2018-03-24 01:00:00,0.001558734402955884
2018-03-24 01:30:00,0.0015534566874293163
2018-03-24 02:00:00,0.0015590818064116496
2018-03-24 02:30:00,0.0015667476506006227
2018-03-24 03:00:00,0.0015749266371435165
2018-03-24 03:30:00,0.0015857948993665636
2018-03-24 04:00:00,0.001566013949867506
2018-03-24 04:30:00,0.0015473896514041961
2018-03-24 05:00:00,0.002295011891766727
2018-03-24 05:30:00,0.003093698438704828
2018-03-24 06:00:00,0.0028261183095249077
2018-03-24 06:30:00,0.0026322062795652553
2018-03-24 07:00:00,0.002328952273062285
2018-03-24 07:30:00,0.0020844607488134078
2018-03-24 08:00:00,0.0019265650378693226
2018-03-24 08:30:00,0.0017959257329557548
2018-03-24 09:00:00,0.0016965051221396036
2018-03-24 09:30:00,0.0015936525717249609
2018-03-24 10:00:00,0.0015265596090920466
2018-03-24 10:30:00,0.0014725477750621324
2018-03-24 11:00:00,0.0014198004704043797
2018-03-24 11:30:00,0.001395235500821882
2018-03-24 12:00:00,0.0013662024634349965
2018-03-24 12:30:00,0.0013516704192242947
2018-03-24 13:00:00,0.0013722438103310444
2018-03-24 13:30:00,0.0013732566502610536
2018-03-24 14:00:00,0.0013611972447448446
2018-03-24 14:30:00,0.0013755549069859275
2018-03-24 15:00:00,0.0013743311120894596
2018-03-24 15:30:00,0.0013871831992986793
2018-03-24 16:00:00,0.0014230601087726795
2018-03-24 16:30:00,0.0014446448992975274
2018-03-24 17:00:00,0.0014691214374544042
2018-03-24 17:30:00,0.0015282125164809855
2018-03-24 18:00:00,0.001649973626375957
2018-03-24 18:30:00,0.0018733998247006255
2018-03-24 19:00:00,0.002027753316856621
2018-03-24 19:30:00,0.0021327021322149
2018-03-24 20:00:00,0.0019138087447021558
2018-03-24 20:30:00,0.0016647039010312405
2018-03-24 21:00:00,0.0016247442606889292
2018-03-24 21:30:00,0.00157346123638827
2018-03-24 22:00:00,0.0015817504220923223
2018-03-24 22:30:00,0.0015806277031149125
2018-03-24 23:00:00,0.0015674075651125425
2018-03-24 23:30:00,0.0015543518855532954
2018-03-25 00:00:00,0.0015103911433509388
2018-03-25 00:30:00,0.0014617701850610115
2018-03-25 01:00:00,0.0014713729575706238
2018-03-25 01:30:00,0.0014630825714399794
2018-03-25 02:00:00,0.001457871839717253
2018-03-25 02:30:00,0.0014561997255028401
2018-03-25 03:00:00,0.0014705551469476178
2018-03-25 03:30:00,0.0014835462435562074
2018-03-25 04:00:00,0.0015044544736537249
2018-03-25 04:30:00,0.0015146444948522127
2018-03-25 05:00:00,0.002448236102613275
2018-03-25 05:30:00,0.0029393892022758633
2018-03-25 06:00:00,0.0025464073094323258
2018-03-25 06:30:00,0.0022634177842597277
2018-03-25 07:00:00,0.002003302627885695
2018-03-25 07:30:00,0.002205122988205933
2018-03-25 08:00:00,0.0019750873210933758
2018-03-25 08:30:00,0.0018290865572223767
2018-03-25 09:00:00,0.001733162869097572
2018-03-25 09:30:00,0.0016133931868905227
2018-03-25 10:00:00,0.001538236398639121
2018-03-25 10:30:00,0.0014716758652140406
2018-03-25 11:00:00,0.0014211291825850006
2018-03-25 11:30:00,0.0014056860145908643
2018-03-25 12:00:00,0.0013620727558727125
2018-03-25 12:30:00,0.0013350023359355381
2018-03-25 13:00:00,0.00132202012248373
2018-03-25 13:30:00,0.0013008561214936471
2018-03-25 14:00:00,0.0012922579459847777
2018-03-25 14:30:00,0.0013010712379389587
2018-03-25 15:00:00,0.0013284851399383648
2018-03-25 15:30:00,0.0013247388486296112
2018-03-25 16:00:00,0.0013401768147751816
2018-03-25 16:30:00,0.0013883336081161476
2018-03-25 17:00:00,0.0013853582307648666
2018-03-25 17:30:00,0.0014436579085534693
2018-03-25 18:00:00,0.001562221562177614
2018-03-25 18:30:00,0.0017317909415596336
2018-03-25 19:00:00,0.0019251329289448984
2018-03-25 19:30:00,0.002010513110254049
2018-03-25 20:00:00,0.0017699537033503887
2018-03-25 20:30:00,0.0015397689432550875
2018-03-25 21:00:00,0.0014512795770438515
2018-03-25 21:30:00,0.0013870154596895374
2018-03-25 22:00:00,0.0014130636763692841
2018-03-25 22:30:00,0.0014289862947443215
2018-03-25 23:00:00,0.001444121033132717
2018-03-25 23:30:00,0.0014432729717595895
2018-03-26 00:00:00,0.0015833114568327424
2018-03-26 00:30:00,0.001722822874603506
2018-03-26 01:00:00,0.0017590190175225764
2018-03-26 01:30:00,0.001815712844644652
2018-03-26 02:00:00,0.0018435175255140197
2018-03-26 02:30:00,0.001898922654675212
2018-03-26 03:00:00,0.0019760879967005845
2018-03-26 03:30:00,0.0020702228891462202
2018-03-26 04:00:00,0.0022787626773301873
2018-03-26 04:30:00,0.0025705760582109775
2018-03-26 05:00:00,0.0036079793572338023
2018-03-26 05:30:00,0.004583742511375856
2018-03-26 06:00:00,0.004713897004003077
2018-03-26 06:30:00,0.0049136611936278565
2018-03-26 07:00:00,0.0049631644654630075
2018-03-26 07:30:00,0.004998348088565826
2018-03-26 08:00:00,0.005049416156478054
2018-03-26 08:30:00,0.005075318321255757
2018-03-26 09:00:00,0.005094678161106291
2018-03-26 09:30:00,0.00507572398541546
2018-03-26 10:00:00,0.005055953439613535
2018-03-26 10:30:00,0.005011775260141122
2018-03-26 11:00:00,0.004954534598692106
2018-03-26 11:30:00,0.00484605228764564
2018-03-26 12:00:00,0.004717778943516743
2018-03-26 12:30:00,0.0045501580165506475
2018-03-26 13:00:00,0.0043416344741398945
2018-03-26 13:30:00,0.004105548096803869
2018-03-26 14:00:00,0.0038623840843090207
2018-03-26 14:30:00,0.00362288169303396
2018-03-26 15:00:00,0.0033735622130883704
2018-03-26 15:30:00,0.0031149389468830505
2018-03-26 16:00:00,0.0028907543990659068
2018-03-26 16:30:00,0.0026440158362934204
2018-03-26 17:00:00,0.0024765107905076857
2018-03-26 17:30:00,0.002297638185065013
2018-03-26 18:00:00,0.0022068492016454324
2018-03-26 18:30:00,0.0023029221428098596
2018-03-26 19:00:00,0.0023714867484162993
2018-03-26 19:30:00,0.002382518508741196
2018-03-26 20:00:00,0.002173067036574718
2018-03-26 20:30:00,0.0018831111157741678
2018-03-26 21:00:00,0.0017896919976912058
2018-03-26 21:30:00,0.0017218988662413156
2018-03-26 22:00:00,0.0017228732124919366
2018-03-26 22:30:00,0.0017032044628650243
2018-03-26 23:00:00,0.0017256312326016001
2018-03-26 23:30:00,0.0017250206956368373
2018-03-27 00:00:00,0.0017398076304272697
2018-03-27 00:30:00,0.0017679378669884262
2018-03-27 01:00:00,0.001770369291036588
2018-03-27 01:30:00,0.001800484072839872
2018-03-27 02:00:00,0.0018177690153401106
2018-03-27 02:30:00,0.0018692231404443696
2018-03-27 03:00:00,0.0019271948616879989
2018-03-27 03:30:00,0.002032791907406034
2018-03-27 04:00:00,0.0022518222235787216
2018-03-27 04:30:00,0.0025595993574524393
2018-03-27 05:00:00,0.00363218235818455
2018-03-27 05:30:00,0.004614875495014593
2018-03-27 06:00:00,0.004693663093536585
2018-03-27 06:30:00,0.004869463247130893
2018-03-27 07:00:00,0.004904907682917965
2018-03-27 07:30:00,0.00492775012036918
2018-03-27 08:00:00,0.004957981343551901
2018-03-27 08:30:00,0.0049649069246757195
2018-03-27 09:00:00,0.004984482041028445
2018-03-27 09:30:00,0.004965157653776598
2018-03-27 10:00:00,0.004933548821036736
2018-03-27 10:30:00,0.0048793730087343355
2018-03-27 11:00:00,0.004822949197567051
2018-03-27 11:30:00,0.004718595313627838
2018-03-27 12:00:00,0.00459100165103541
2018-03-27 12:30:00,0.004418997966581409
2018-03-27 13:00:00,0.0042159282822925095
2018-03-27 13:30:00,0.003979340046612531
2018-03-27 14:00:00,0.0037370310579650447
2018-03-27 14:30:00,0.0035009673286773915
2018-03-27 15:00:00,0.003256266690116163
2018-03-27 15:30:00,0.0029985591893437686
2018-03-27 16:00:00,0.002778260662490703
2018-03-27 16:30:00,0.002538741705328671
2018-03-27 17:00:00,0.002354547608803037
2018-03-27 17:30:00,0.0021909227419053
2018-03-27 18:00:00,0.002135887344134487
2018-03-27 18:30:00,0.0022528645940028975
2018-03-27 19:00:00,0.002314227280284007
2018-03-27 19:30:00,0.0023236627933551145
2018-03-27 20:00:00,0.002120760608590039
2018-03-27 20:30:00,0.001835166397797813
2018-03-27 21:00:00,0.0017524085083649743
2018-03-27 21:30:00,0.001699267463784999
2018-03-27 22:00:00,0.0016867874287909037
2018-03-27 22:30:00,0.0016725029925719413
2018-03-27 23:00:00,0.001682448046717193
2018-03-27 23:30:00,0.0016696907131803127
2018-03-28 00:00:00,0.0016888452800835913
2018-03-28 00:30:00,0.0016866967565689773
2018-03-28 01:00:00,0.0017072238912377098
2018-03-28 01:30:00,0.0017193047443756985
2018-03-28 02:00:00,0.0017322234152465621
2018-03-28 02:30:00,0.0017954307570575952
2018-03-28 03:00:00,0.0018485032172649392
2018-03-28 03:30:00,0.0019626631459500345
2018-03-28 04:00:00,0.0021635943903076937
2018-03-28 04:30:00,0.0024328161428665866
2018-03-28 05:00:00,0.0033727703316797546
2018-03-28 05:30:00,0.004237258182237627
2018-03-28 06:00:00,0.004337827441245577
2018-03-28 06:30:00,0.004545914188433671
2018-03-28 07:00:00,0.0046135483033743225
2018-03-28 07:30:00,0.004689189663826752
2018-03-28 08:00:00,0.004789622954516033
2018-03-28 08:30:00,0.004883518721984515
2018-03-28 09:00:00,0.004998694531680319
2018-03-28 09:30:00,0.00507365597051096
2018-03-28 10:00:00,0.005131017394875145
2018-03-28 10:30:00,0.005140357353989518
2018-03-28 11:00:00,0.005126951309922244
2018-03-28 11:30:00,0.00505788340545994
2018-03-28 12:00:00,0.004952628321263785
2018-03-28 12:30:00,0.004823116457005557
2018-03-28 13:00:00,0.004642077801820025
2018-03-28 13:30:00,0.004398000824887633
2018-03-28 14:00:00,0.004151737070846559
2018-03-28 14:30:00,0.003924328497316682
2018-03-28 15:00:00,0.003670626259883185
2018-03-28 15:30:00,0.003392411231409729
2018-03-28 16:00:00,0.0031387585315802683
2018-03-28 16:30:00,0.002864698579684409
2018-03-28 17:00:00,0.0026737681692943173
2018-03-28 17:30:00,0.0024533287123593346
2018-03-28 18:00:00,0.002342378324239427
2018-03-28 18:30:00,0.0023879037024619803
2018-03-28 19:00:00,0.0024058539213795836
2018-03-28 19:30:00,0.002387510762824153
2018-03-28 20:00:00,0.0021581432531527812
2018-03-28 20:30:00,0.0018795776200859805
2018-03-28 21:00:00,0.0017801744554696354
2018-03-28 21:30:00,0.0016923479648225798
2018-03-28 22:00:00,0.0016765032141191527
2018-03-28 22:30:00,0.0016664913362269386
2018-03-28 23:00:00,0.0016640089340628304
2018-03-28 23:30:00,0.0016554085977860953
2018-03-29 00:00:00,0.0016552337356458401
2018-03-29 00:30:00,0.0016704994005612185
2018-03-29 01:00:00,0.0016766683127897915
2018-03-29 01:30:00,0.0016932335595338222
2018-03-29 02:00:00,0.0017223771161956245
2018-03-29 02:30:00,0.0017518766393562163
2018-03-29 03:00:00,0.0018056412655365888
2018-03-29 03:30:00,0.0019261550521738864
2018-03-29 04:00:00,0.002112184200816707
2018-03-29 04:30:00,0.002397458217822589
2018-03-29 05:00:00,0.003221263131002165
2018-03-29 05:30:00,0.004079772376960538
2018-03-29 06:00:00,0.004229418596306551
2018-03-29 06:30:00,0.004423692434841075
2018-03-29 07:00:00,0.004511112621100911
2018-03-29 07:30:00,0.0046228079939639
2018-03-29 08:00:00,0.004729046467624337
2018-03-29 08:30:00,0.004831568900726141
2018-03-29 09:00:00,0.004931087946522847
2018-03-29 09:30:00,0.004982994072253267
2018-03-29 10:00:00,0.005030211731856981
2018-03-29 10:30:00,0.005053437105391089
2018-03-29 11:00:00,0.005041807452594866
2018-03-29 11:30:00,0.004955012448504218
2018-03-29 12:00:00,0.004828314064064209
2018-03-29 12:30:00,0.004673112430506647
2018-03-29 13:00:00,0.004466458752584251
2018-03-29 13:30:00,0.0042172682784830965
2018-03-29 14:00:00,0.003961778445797023
2018-03-29 14:30:00,0.0037213618896578277
2018-03-29 15:00:00,0.003457198814786656
2018-03-29 15:30:00,0.0031992858009816864
2018-03-29 16:00:00,0.0029687766856211885
2018-03-29 16:30:00,0.0026914548545607254
2018-03-29 17:00:00,0.002505926203778388
2018-03-29 17:30:00,0.0023153550410531035
2018-03-29 18:00:00,0.002222609682402091
2018-03-29 18:30:00,0.0023076365381509553
2018-03-29 19:00:00,0.0023456752558605226
2018-03-29 19:30:00,0.00233158184752659
2018-03-29 20:00:00,0.0021335352282698455
2018-03-29 20:30:00,0.0018628146230680051
2018-03-29 21:00:00,0.0017610990366929988
2018-03-29 21:30:00,0.0016841295242590246
2018-03-29 22:00:00,0.0016704108090787185
2018-03-29 22:30:00,0.0016501165571688613
2018-03-29 23:00:00,0.0016635374064974374
2018-03-29 23:30:00,0.0016594631586437105
2018-03-30 00:00:00,0.00166927720623354
2018-03-30 00:30:00,0.0016839744291433198
2018-03-30 01:00:00,0.0016850193604775589
2018-03-30 01:30:00,0.0017126334136040944
2018-03-30 02:00:00,0.0017254490878733527
2018-03-30 02:30:00,0.0017659602041920938
2018-03-30 03:00:00,0.001831915082387219
2018-03-30 03:30:00,0.001931905095550242
2018-03-30 04:00:00,0.0021517549029431643
2018-03-30 04:30:00,0.002436144445635957
2018-03-30 05:00:00,0.0033431325193757477
2018-03-30 05:30:00,0.004243438298447726
2018-03-30 06:00:00,0.0043462161022998986
2018-03-30 06:30:00,0.004560861100074616
2018-03-30 07:00:00,0.004652155303032609
2018-03-30 07:30:00,0.004740342481856384
2018-03-30 08:00:00,0.004830302290614553
2018-03-30 08:30:00,0.0049136960860274685
2018-03-30 09:00:00,0.004984376883658974
2018-03-30 09:30:00,0.005016539833313769
2018-03-30 10:00:00,0.005045337827173913
2018-03-30 10:30:00,0.00503315837899849
2018-03-30 11:00:00,0.004993532457248794
2018-03-30 11:30:00,0.004894476295946018
2018-03-30 12:00:00,0.004754324170488808
2018-03-30 12:30:00,0.0045745838166768955
2018-03-30 13:00:00,0.004354296813919116
2018-03-30 13:30:00,0.004095218425978495
2018-03-30 14:00:00,0.0038390173005223584
2018-03-30 14:30:00,0.0035978291901981744
2018-03-30 15:00:00,0.0033481535036684767
2018-03-30 15:30:00,0.0030930151558885817
2018-03-30 16:00:00,0.002860801674852562
2018-03-30 16:30:00,0.00263371313505215
2018-03-30 17:00:00,0.002484295156815523
2018-03-30 17:30:00,0.002308798871205906
2018-03-30 18:00:00,0.002212813641211144
2018-03-30 18:30:00,0.00228980276061279
2018-03-30 19:00:00,0.0023496046522387976
2018-03-30 19:30:00,0.0023568956432172645
2018-03-30 20:00:00,0.0021459554820196522
2018-03-30 20:30:00,0.0018607998270757558
2018-03-30 21:00:00,0.0017677392364016467
2018-03-30 21:30:00,0.0016941024283012136
2018-03-30 22:00:00,0.0016917211820846032
2018-03-30 22:30:00,0.0016794129681500629
2018-03-30 23:00:00,0.0016886708981139727
2018-03-30 23:30:00,0.0016897093471446144
2018-03-31 00:00:00,0.0016129340637332484
2018-03-31 00:30:00,0.0015454057463895844
2018-03-31 01:00:00,0.0015352631820557058
2018-03-31 01:30:00,0.001502522267011015
2018-03-31 02:00:00,0.0015163280531334707
2018-03-31 02:30:00,0.0015367694773435244
2018-03-31 03:00:00,0.0015500395530921277
2018-03-31 03:30:00,0.001540429017823886
2018-03-31 04:00:00,0.0015275660467468975
2018-03-31 04:30:00,0.001519087673811924
2018-03-31 05:00:00,0.0021819126600184473
2018-03-31 05:30:00,0.0029312140570980647
2018-03-31 06:00:00,0.0026354027754948084
2018-03-31 06:30:00,0.002499330739967408
2018-03-31 07:00:00,0.0022512395365108964
2018-03-31 07:30:00,0.0020262919175233485
2018-03-31 08:00:00,0.0019166389504642267
2018-03-31 08:30:00,0.0017756245185716632
2018-03-31 09:00:00,0.001665297712052153
2018-03-31 09:30:00,0.0016102311832183838
2018-03-31 10:00:00,0.0015760887301131481
2018-03-31 10:30:00,0.0015306875560286617
2018-03-31 11:00:00,0.0014562242942337592
2018-03-31 11:30:00,0.0014438604605337831
2018-03-31 12:00:00,0.0014123743113916374
2018-03-31 12:30:00,0.0013905271876421866
2018-03-31 13:00:00,0.0013948570463315998
2018-03-31 13:30:00,0.001344359821278156
2018-03-31 14:00:00,0.0013453528941836145
2018-03-31 14:30:00,0.0013569047593366666
2018-03-31 15:00:00,0.0013610995300202444
2018-03-31 15:30:00,0.0013839005927682498
2018-03-31 16:00:00,0.0013882386143584894
2018-03-31 16:30:00,0.001426972299036467
2018-03-31 17:00:00,0.0014585941764119642
2018-03-31 17:30:00,0.001516325732308726
2018-03-31 18:00:00,0.0015951982410050017
2018-03-31 18:30:00,0.0018179142669577596
2018-03-31 19:00:00,0.0020089435924990446
2018-03-31 19:30:00,0.0021029646845037455
2018-03-31 20:00:00,0.0019167960462909183
2018-03-31 20:30:00,0.0016644588539495649
2018-03-31 21:00:00,0.0016081406002939505
2018-03-31 21:30:00,0.0015236238458183067
2018-03-31 22:00:00,0.0015455407543669805
2018-03-31 22:30:00,0.0015404211750368174
2018-03-31 23:00:00,0.0015133265865109207
2018-03-31 23:30:00,0.001519597054829189
2018-04-01 00:00:00,0.0014506903276439893
2018-04-01 00:30:00,0.0014249222105024084
2018-04-01 01:00:00,0.0014374328963888234
2018-04-01 01:30:00,0.0014205607405794025
2018-04-01 02:00:00,0.0014323149176274498
2018-04-01 02:30:00,0.0014179877462218073
2018-04-01 03:00:00,0.0014463717529645424
2018-04-01 03:30:00,0.0014636113993680374
2018-04-01 04:00:00,0.001468357405942726
2018-04-01 04:30:00,0.0014839398234215507
2018-04-01 05:00:00,0.0023762096267719796
2018-04-01 05:30:00,0.002854158914233851
2018-04-01 06:00:00,0.002474144269523939
2018-04-01 06:30:00,0.0022131795312364286
2018-04-01 07:00:00,0.0019394014395044045
2018-04-01 07:30:00,0.0021136078267265466
2018-04-01 08:00:00,0.0019290343153693565
2018-04-01 08:30:00,0.0017449950738741087
2018-04-01 09:00:00,0.0016172600810575668
2018-04-01 09:30:00,0.001518520832375115
2018-04-01 10:00:00,0.0014140283391787286
2018-04-01 10:30:00,0.0013701362613774424
2018-04-01 11:00:00,0.0012907616542518936
2018-04-01 11:30:00,0.001251716098745278
2018-04-01 12:00:00,0.0012608230150438968
2018-04-01 12:30:00,0.001215005613045695
2018-04-01 13:00:00,0.001239620920516623
2018-04-01 13:30:00,0.001236117835635437
2018-04-01 14:00:00,0.001209998473672996
2018-04-01 14:30:00,0.0012131753626348774
2018-04-01 15:00:00,0.0012293775203490046
2018-04-01 15:30:00,0.0012468412463830327
2018-04-01 16:00:00,0.0012702433227115037
2018-04-01 16:30:00,0.0013271393817001352
2018-04-01 17:00:00,0.0013260637194451373
2018-04-01 17:30:00,0.0013100636335406871
2018-04-01 18:00:00,0.0013892980308402737
2018-04-01 18:30:00,0.0015778920909683021
2018-04-01 19:00:00,0.0017274598824436284
2018-04-01 19:30:00,0.001826183285495064
2018-04-01 20:00:00,0.0016344944455840564
2018-04-01 20:30:00,0.001433596893199417
2018-04-01 21:00:00,0.0013801636647869148
2018-04-01 21:30:00,0.0013218991194832424
2018-04-01 22:00:00,0.001350148918532976
2018-04-01 22:30:00,0.0013514702680971651
2018-04-01 23:00:00,0.0013442993197779122
2018-04-01 23:30:00,0.0013724576463213247
2018-04-02 00:00:00,0.0014845409170304554
2018-04-02 00:30:00,0.001618192092263705
2018-04-02 01:00:00,0.0016770359634407448
2018-04-02 01:30:00,0.0017146460488284784
2018-04-02 02:00:00,0.001750245179589057
2018-04-02 02:30:00,0.0017855031491121496
2018-04-02 03:00:00,0.001835893216085135
2018-04-02 03:30:00,0.0019525584350680281
2018-04-02 04:00:00,0.002136399286061815
2018-04-02 04:30:00,0.002381396029849105
2018-04-02 05:00:00,0.0032661323560494544
2018-04-02 05:30:00,0.004223061457188331
2018-04-02 06:00:00,0.004313772893050059
2018-04-02 06:30:00,0.0044498985476319084
2018-04-02 07:00:00,0.004510005827782956
2018-04-02 07:30:00,0.00454180552835097
2018-04-02 08:00:00,0.0045837113002844595
2018-04-02 08:30:00,0.004622382882893404
2018-04-02 09:00:00,0.004669580135245053
2018-04-02 09:30:00,0.004693854521563812
2018-04-02 10:00:00,0.004727044556210843
2018-04-02 10:30:00,0.004745748562999871
2018-04-02 11:00:00,0.004749913963246161
2018-04-02 11:30:00,0.004703760201716841
2018-04-02 12:00:00,0.0046256117903409446
2018-04-02 12:30:00,0.00449358967402167
2018-04-02 13:00:00,0.004322442133813182
2018-04-02 13:30:00,0.004112079297777951
2018-04-02 14:00:00,0.003873340938014568
2018-04-02 14:30:00,0.003649597987126453
2018-04-02 15:00:00,0.003414481474448439
2018-04-02 15:30:00,0.0031573871515793096
2018-04-02 16:00:00,0.002897911182351373
2018-04-02 16:30:00,0.00264491551601001
2018-04-02 17:00:00,0.0024566311659427542
2018-04-02 17:30:00,0.002238062213723646
2018-04-02 18:00:00,0.002075758296247901
2018-04-02 18:30:00,0.0021660581458454037
2018-04-02 19:00:00,0.0021834078313531786
2018-04-02 19:30:00,0.002191649480164182
2018-04-02 20:00:00,0.0020365649282135727
2018-04-02 20:30:00,0.0017928156677408356
2018-04-02 21:00:00,0.001702874745694383
2018-04-02 21:30:00,0.0016292763512448984
2018-04-02 22:00:00,0.0016129430269184698
2018-04-02 22:30:00,0.0016077471004570464
2018-04-02 23:00:00,0.0015939226677081928
2018-04-02 23:30:00,0.001612760001877388
2018-04-03 00:00:00,0.0016269108706308648
2018-04-03 00:30:00,0.0016235089416971765
2018-04-03 01:00:00,0.0016532439885551466
2018-04-03 01:30:00,0.0016605112110870894
2018-04-03 02:00:00,0.001681494107718638
2018-04-03 02:30:00,0.0017279996742678946
2018-04-03 03:00:00,0.0017802569647907354
2018-04-03 03:30:00,0.001894423695893186
2018-04-03 04:00:00,0.0020784475719280546
2018-04-03 04:30:00,0.0023508111609923388
2018-04-03 05:00:00,0.0032280753918556863
2018-04-03 05:30:00,0.00410495980774528
2018-04-03 06:00:00,0.004223642303602048
2018-04-03 06:30:00,0.0043956154972206105
2018-04-03 07:00:00,0.004479974195528288
2018-04-03 07:30:00,0.004553933838353568
2018-04-03 08:00:00,0.004625431646323685
2018-04-03 08:30:00,0.004689479526834534
2018-04-03 09:00:00,0.004755421280365586
2018-04-03 09:30:00,0.004792622100313839
2018-04-03 10:00:00,0.004817933815265087
2018-04-03 10:30:00,0.004805101895222615
2018-04-03 11:00:00,0.004775641986139565
2018-04-03 11:30:00,0.004699642498420479
2018-04-03 12:00:00,0.0045812662714015875
2018-04-03 12:30:00,0.004427930020739772
2018-04-03 13:00:00,0.004239201192719666
2018-04-03 13:30:00,0.004000930599185021
2018-04-03 14:00:00,0.0037482792952187242
2018-04-03 14:30:00,0.003512726707574005
2018-04-03 15:00:00,0.0032775253647501466
2018-04-03 15:30:00,0.0030347611743389204
2018-04-03 16:00:00,0.002796976913630971
2018-04-03 16:30:00,0.002539531185884102
2018-04-03 17:00:00,0.002370263753804226
2018-04-03 17:30:00,0.002191378023697479
2018-04-03 18:00:00,0.0020718899615689464
2018-04-03 18:30:00,0.002191078237163202
2018-04-03 19:00:00,0.002241053596762822
2018-04-03 19:30:00,0.0022679529959248363
2018-04-03 20:00:00,0.002076324177343436
2018-04-03 20:30:00,0.0018069471696119594
2018-04-03 21:00:00,0.0017232520671244163
2018-04-03 21:30:00,0.0016415386288551794
2018-04-03 22:00:00,0.0016409112058896871
2018-04-03 22:30:00,0.0016302536585477802
2018-04-03 23:00:00,0.0016373425777165703
2018-04-03 23:30:00,0.0016428363700297234
2018-04-04 00:00:00,0.0016437771043357648
2018-04-04 00:30:00,0.001664237815399732
2018-04-04 01:00:00,0.0016699422425655859
2018-04-04 01:30:00,0.0016880183462184852
2018-04-04 02:00:00,0.0017056169201730303
2018-04-04 02:30:00,0.0017456821980554502
2018-04-04 03:00:00,0.0018038662347490096
2018-04-04 03:30:00,0.0019260165229451533
2018-04-04 04:00:00,0.002113536841500731
2018-04-04 04:30:00,0.002395007586948953
2018-04-04 05:00:00,0.003283699958997922
2018-04-04 05:30:00,0.004114750006860146
2018-04-04 06:00:00,0.00422024485626097
2018-04-04 06:30:00,0.00437852934536403
2018-04-04 07:00:00,0.004455397301708309
2018-04-04 07:30:00,0.0045283653921684795
2018-04-04 08:00:00,0.004623988333417733
2018-04-04 08:30:00,0.0047067639091356965
2018-04-04 09:00:00,0.004779102816004707
2018-04-04 09:30:00,0.0048182715352796755
2018-04-04 10:00:00,0.004853815526445456
2018-04-04 10:30:00,0.004843584130543759
2018-04-04 11:00:00,0.004809819651758168
2018-04-04 11:30:00,0.004712964432597863
2018-04-04 12:00:00,0.004586460997436419
2018-04-04 12:30:00,0.004430245883721331
2018-04-04 13:00:00,0.004236916860943261
2018-04-04 13:30:00,0.003991744934901958
2018-04-04 14:00:00,0.0037460585060232632
2018-04-04 14:30:00,0.0035054414786431804
2018-04-04 15:00:00,0.003272035893972725
2018-04-04 15:30:00,0.0030354787093272626
2018-04-04 16:00:00,0.0027942436223091054
2018-04-04 16:30:00,0.0025416356937570045
2018-04-04 17:00:00,0.0023729546300531694
2018-04-04 17:30:00,0.0021913350484254806
2018-04-04 18:00:00,0.0020707413934055855
2018-04-04 18:30:00,0.0021897177536921086
2018-04-04 19:00:00,0.002244559562667829
2018-04-04 19:30:00,0.002279044697550901
2018-04-04 20:00:00,0.0020985507959528824
2018-04-04 20:30:00,0.0018356561718474067
2018-04-04 21:00:00,0.0017493287739286166
2018-04-04 21:30:00,0.0016672615299284563
2018-04-04 22:00:00,0.0016564656934431347
2018-04-04 22:30:00,0.0016530624840544149
2018-04-04 23:00:00,0.0016550539117423375
2018-04-04 23:30:00,0.0016509987906856455
2018-04-05 00:00:00,0.0016671188392208703
2018-04-05 00:30:00,0.0016804748655134707
2018-04-05 01:00:00,0.0016874576669715156
2018-04-05 01:30:00,0.001708614305345167
2018-04-05 02:00:00,0.0017370969871537759
2018-04-05 02:30:00,0.0017750680008035463
2018-04-05 03:00:00,0.0018545121526429998
2018-04-05 03:30:00,0.001960240845143973
2018-04-05 04:00:00,0.0021429049579637038
2018-04-05 04:30:00,0.002425451925865999
2018-04-05 05:00:00,0.003346573742273219
2018-04-05 05:30:00,0.004283158093556928
2018-04-05 06:00:00,0.004400745720333223
2018-04-05 06:30:00,0.004553563706820991
2018-04-05 07:00:00,0.004621851574083723
2018-04-05 07:30:00,0.004669408074100179
2018-04-05 08:00:00,0.004719158793870189
2018-04-05 08:30:00,0.004768928640437235
2018-04-05 09:00:00,0.004809812449198616
2018-04-05 09:30:00,0.004814909860651044
2018-04-05 10:00:00,0.004813921429395076
2018-04-05 10:30:00,0.004795325781113097
2018-04-05 11:00:00,0.0047493888966547585
2018-04-05 11:30:00,0.004650116498508517
2018-04-05 12:00:00,0.0045320111677572515
2018-04-05 12:30:00,0.004386236244142454
2018-04-05 13:00:00,0.0042093071293524565
2018-04-05 13:30:00,0.003978318723667937
2018-04-05 14:00:00,0.0037413397891464355
2018-04-05 14:30:00,0.003517078333998956
2018-04-05 15:00:00,0.0032954426119506854
2018-04-05 15:30:00,0.003062114734894961
2018-04-05 16:00:00,0.0028378654440702816
2018-04-05 16:30:00,0.0025979063304911306
2018-04-05 17:00:00,0.002419642421359113
2018-04-05 17:30:00,0.0022259503095511408
2018-04-05 18:00:00,0.0020775346074905117
2018-04-05 18:30:00,0.002168963178198385
2018-04-05 19:00:00,0.0022220800541896384
2018-04-05 19:30:00,0.002253366132233094
2018-04-05 20:00:00,0.0020758505690386168
2018-04-05 20:30:00,0.0018217676363185323
2018-04-05 21:00:00,0.001736874748177351
2018-04-05 21:30:00,0.0016487116579138588
2018-04-05 22:00:00,0.0016396642827742106
2018-04-05 22:30:00,0.00162788001503292
2018-04-05 23:00:00,0.0016163976145653332
2018-04-05 23:30:00,0.0016199523177899812
2018-04-06 00:00:00,0.0016337119275028596
2018-04-06 00:30:00,0.0016417549457270833
2018-04-06 01:00:00,0.0016581157198082524
2018-04-06 01:30:00,0.0016836597573192998
2018-04-06 02:00:00,0.0017047085173565375
2018-04-06 02:30:00,0.0017434298776548354
2018-04-06 03:00:00,0.0018110169358730751
2018-04-06 03:30:00,0.0019224910301009143
2018-04-06 04:00:00,0.0021003186241809087
2018-04-06 04:30:00,0.0023872845224257545
2018-04-06 05:00:00,0.003309247997930944
2018-04-06 05:30:00,0.004171365005969338
2018-04-06 06:00:00,0.004312735964559767
2018-04-06 06:30:00,0.004456568998090679
2018-04-06 07:00:00,0.004529200729019731
2018-04-06 07:30:00,0.004609226927699494
2018-04-06 08:00:00,0.004673181735135233
2018-04-06 08:30:00,0.004729466376846268
2018-04-06 09:00:00,0.004796981649554296
2018-04-06 09:30:00,0.004822875171260537
2018-04-06 10:00:00,0.00484565366598861
2018-04-06 10:30:00,0.004849841074055755
2018-04-06 11:00:00,0.004839431214734027
2018-04-06 11:30:00,0.004771461220432894
2018-04-06 12:00:00,0.004656635615188237
2018-04-06 12:30:00,0.004510448625138577
2018-04-06 13:00:00,0.0043345036200688174
2018-04-06 13:30:00,0.004098329291477809
2018-04-06 14:00:00,0.003849043983675875
2018-04-06 14:30:00,0.0036074975059997173
2018-04-06 15:00:00,0.0033679402152151762
2018-04-06 15:30:00,0.003123289274314862
2018-04-06 16:00:00,0.002879706472996235
2018-04-06 16:30:00,0.002633432715400226
2018-04-06 17:00:00,0.00245413131757884
2018-04-06 17:30:00,0.002269807254867497
2018-04-06 18:00:00,0.0021383452575961153
2018-04-06 18:30:00,0.002237974342497101
2018-04-06 19:00:00,0.002276373908440266
2018-04-06 19:30:00,0.0023092810425537494
2018-04-06 20:00:00,0.002118769501015874
2018-04-06 20:30:00,0.0018307540297873
2018-04-06 21:00:00,0.0017325837032810838
2018-04-06 21:30:00,0.001644277442139369
2018-04-06 22:00:00,0.001636154075361911
2018-04-06 22:30:00,0.0016334618386294967
2018-04-06 23:00:00,0.0016259530102387758
2018-04-06 23:30:00,0.001639893004054233
2018-04-07 00:00:00,0.0015612429744197008
2018-04-07 00:30:00,0.0014921706683932248
2018-04-07 01:00:00,0.0014834172377117718
2018-04-07 01:30:00,0.0014790736141307688
2018-04-07 02:00:00,0.0014935259500157522
2018-04-07 02:30:00,0.0014916761726657024
2018-04-07 03:00:00,0.0015013159983427921
2018-04-07 03:30:00,0.0015044537533977697
2018-04-07 04:00:00,0.0014918768839919084
2018-04-07 04:30:00,0.0014799422428128425
2018-04-07 05:00:00,0.002221925679329889
2018-04-07 05:30:00,0.0029400299899907485
2018-04-07 06:00:00,0.0026214252483412366
2018-04-07 06:30:00,0.0024273686870198903
2018-04-07 07:00:00,0.0022115667180956674
2018-04-07 07:30:00,0.0019489706800978766
2018-04-07 08:00:00,0.0018543390511284131
2018-04-07 08:30:00,0.001728218311964543
2018-04-07 09:00:00,0.0016208115831446359
2018-04-07 09:30:00,0.001569745996114033
2018-04-07 10:00:00,0.0015189901191442028
2018-04-07 10:30:00,0.001501341927557182
2018-04-07 11:00:00,0.001442575123767358
2018-04-07 11:30:00,0.001420892698546349
2018-04-07 12:00:00,0.00141515081807082
2018-04-07 12:30:00,0.0013806857703260566
2018-04-07 13:00:00,0.0014212357004379436
2018-04-07 13:30:00,0.0013990376519813902
2018-04-07 14:00:00,0.0013967272309337161
2018-04-07 14:30:00,0.0014318163404495137
2018-04-07 15:00:00,0.0014065050256404626
2018-04-07 15:30:00,0.0014430386484888032
2018-04-07 16:00:00,0.0014536001617033393
2018-04-07 16:30:00,0.0014548404424583393
2018-04-07 17:00:00,0.0014681796627786497
2018-04-07 17:30:00,0.0015004380063333
2018-04-07 18:00:00,0.0015274070302376589
2018-04-07 18:30:00,0.001722288124570927
2018-04-07 19:00:00,0.0019042591110763553
2018-04-07 19:30:00,0.0020251439095590644
2018-04-07 20:00:00,0.0018325224182144024
2018-04-07 20:30:00,0.001639414914156803
2018-04-07 21:00:00,0.0015883071521385964
2018-04-07 21:30:00,0.0015440836765694397
2018-04-07 22:00:00,0.001545578847904171
2018-04-07 22:30:00,0.0015380841045187978
2018-04-07 23:00:00,0.001547682635521118
2018-04-07 23:30:00,0.0015401401151573775
2018-04-08 00:00:00,0.001490702306585718
2018-04-08 00:30:00,0.0014721521944858023
2018-04-08 01:00:00,0.0014715543820429163
2018-04-08 01:30:00,0.0014689093620897924
2018-04-08 02:00:00,0.0014789168384178354
2018-04-08 02:30:00,0.0014883841227794146
2018-04-08 03:00:00,0.0015084493332954915
2018-04-08 03:30:00,0.0015177879319263933
2018-04-08 04:00:00,0.0015487919897491352
2018-04-08 04:30:00,0.0015537379073656352
2018-04-08 05:00:00,0.0024704391928615154
2018-04-08 05:30:00,0.0028996055444719597
2018-04-08 06:00:00,0.0024899800570421446
2018-04-08 06:30:00,0.002221859655867321
2018-04-08 07:00:00,0.0019679751936771375
2018-04-08 07:30:00,0.0020587685786608895
2018-04-08 08:00:00,0.001871873522302938
2018-04-08 08:30:00,0.0017115131755083086
2018-04-08 09:00:00,0.0016092367498294542
2018-04-08 09:30:00,0.0015087222302741046
2018-04-08 10:00:00,0.0014784637974219613
2018-04-08 10:30:00,0.0014296631752854102
2018-04-08 11:00:00,0.0013678418460176635
2018-04-08 11:30:00,0.0013716101451472732
2018-04-08 12:00:00,0.0013342010111710642
2018-04-08 12:30:00,0.0013029695125233312
2018-04-08 13:00:00,0.001323606206125706
2018-04-08 13:30:00,0.0012953744134748548
2018-04-08 14:00:00,0.001281969729891053
2018-04-08 14:30:00,0.0013059095173043635
2018-04-08 15:00:00,0.001304449478454562
2018-04-08 15:30:00,0.001317900738590139
2018-04-08 16:00:00,0.0013404537131757686
2018-04-08 16:30:00,0.0013473292765249158
2018-04-08 17:00:00,0.0013451985193238653
2018-04-08 17:30:00,0.0013446264760384903
2018-04-08 18:00:00,0.001349720766381779
2018-04-08 18:30:00,0.0015674141274445792
2018-04-08 19:00:00,0.0017341060042567974
2018-04-08 19:30:00,0.0018459067745745777
2018-04-08 20:00:00,0.0016814544936410974
2018-04-08 20:30:00,0.0014575560474950808
2018-04-08 21:00:00,0.001392336550630301
2018-04-08 21:30:00,0.0013465660452976324
2018-04-08 22:00:00,0.0013650013165869002
2018-04-08 22:30:00,0.0013789966100540352
2018-04-08 23:00:00,0.0013885718527804679
2018-04-08 23:30:00,0.001387114614926048
2018-04-09 00:00:00,0.0015216805152225093
2018-04-09 00:30:00,0.0016833199565652844
2018-04-09 01:00:00,0.001744391339326701
2018-04-09 01:30:00,0.0017741301475213264
2018-04-09 02:00:00,0.0018152854927778498
2018-04-09 02:30:00,0.001844919383688322
2018-04-09 03:00:00,0.0019119441620908026
2018-04-09 03:30:00,0.0020704394461034427
2018-04-09 04:00:00,0.0022624087856948135
2018-04-09 04:30:00,0.002558310899576875
2018-04-09 05:00:00,0.003491153281087563
2018-04-09 05:30:00,0.004399203492276079
2018-04-09 06:00:00,0.004538113736409499
2018-04-09 06:30:00,0.004692285163865686
2018-04-09 07:00:00,0.004755056670795332
2018-04-09 07:30:00,0.0047868235597031605
2018-04-09 08:00:00,0.004841841271188849
2018-04-09 08:30:00,0.004897428304992971
2018-04-09 09:00:00,0.004953904694844989
2018-04-09 09:30:00,0.005001258002653617
2018-04-09 10:00:00,0.005028936398645491
2018-04-09 10:30:00,0.005031433205928705
2018-04-09 11:00:00,0.005031936664841448
2018-04-09 11:30:00,0.004999314832114698
2018-04-09 12:00:00,0.004931226955922217
2018-04-09 12:30:00,0.004794852252836717
2018-04-09 13:00:00,0.004608386068885919
2018-04-09 13:30:00,0.004360385297566016
2018-04-09 14:00:00,0.004109165702381946
2018-04-09 14:30:00,0.0038701855767029054
2018-04-09 15:00:00,0.003612285367448252
2018-04-09 15:30:00,0.0033370421150463007
2018-04-09 16:00:00,0.003084672911329157
2018-04-09 16:30:00,0.0027987652291395033
2018-04-09 17:00:00,0.0026204116081268328
2018-04-09 17:30:00,0.0024116473401701354
2018-04-09 18:00:00,0.0022465603536831703
2018-04-09 18:30:00,0.0023029074976054355
2018-04-09 19:00:00,0.002352069128032463
2018-04-09 19:30:00,0.002370961521768018
2018-04-09 20:00:00,0.0021324451608957418
2018-04-09 20:30:00,0.0018440243456212214
2018-04-09 21:00:00,0.0017583793502058444
2018-04-09 21:30:00,0.0016685331018032915
2018-04-09 22:00:00,0.0016637099478129477
2018-04-09 22:30:00,0.0016601338769949598
2018-04-09 23:00:00,0.001656999323077561
2018-04-09 23:30:00,0.0016657263443739868
2018-04-10 00:00:00,0.0016629819290990338
2018-04-10 00:30:00,0.0016904488899538127
2018-04-10 01:00:00,0.0016967760984356697
2018-04-10 01:30:00,0.0017148677276058268
2018-04-10 02:00:00,0.001744787720187426
2018-04-10 02:30:00,0.0017669715235817528
2018-04-10 03:00:00,0.0018491198363911024
2018-04-10 03:30:00,0.0019539658152046544
2018-04-10 04:00:00,0.0021508002436886548
2018-04-10 04:30:00,0.002440018222248796
2018-04-10 05:00:00,0.0032830193971486177
2018-04-10 05:30:00,0.004133193040908043
2018-04-10 06:00:00,0.004281724944262791
2018-04-10 06:30:00,0.004425303167242409
2018-04-10 07:00:00,0.0045302195710827005
2018-04-10 07:30:00,0.004599886408386045
2018-04-10 08:00:00,0.004691687191365921
2018-04-10 08:30:00,0.004783605696180266
2018-04-10 09:00:00,0.004862096069078045
2018-04-10 09:30:00,0.0049269520767707235
2018-04-10 10:00:00,0.004966845213479831
2018-04-10 10:30:00,0.004959288287996985
2018-04-10 11:00:00,0.0049319148803879526
2018-04-10 11:30:00,0.004851131532642308
2018-04-10 12:00:00,0.00474418160615493
2018-04-10 12:30:00,0.0045920749124372245
2018-04-10 13:00:00,0.004395747864259503
2018-04-10 13:30:00,0.004142571093559606
2018-04-10 14:00:00,0.003885334079982891
2018-04-10 14:30:00,0.003612345148692541
2018-04-10 15:00:00,0.003350849661794425
2018-04-10 15:30:00,0.0030739388567991104
2018-04-10 16:00:00,0.002824171377649334
2018-04-10 16:30:00,0.002565575721255634
2018-04-10 17:00:00,0.0023846207758177933
2018-04-10 17:30:00,0.00220961266368898
2018-04-10 18:00:00,0.0020577815879168314
2018-04-10 18:30:00,0.0021432332346224344
2018-04-10 19:00:00,0.0021968981453672196
2018-04-10 19:30:00,0.002240136951017063
2018-04-10 20:00:00,0.0020664735567567662
2018-04-10 20:30:00,0.001815431624708333
2018-04-10 21:00:00,0.0017160873610234423
2018-04-10 21:30:00,0.0016416476275897458
2018-04-10 22:00:00,0.0016403078714844772
2018-04-10 22:30:00,0.0016247135297681702
2018-04-10 23:00:00,0.0016105974733858657
2018-04-10 23:30:00,0.0016214153977204826
2018-04-11 00:00:00,0.0016282767960358424
2018-04-11 00:30:00,0.0016431471204602093
2018-04-11 01:00:00,0.0016497613909544665
2018-04-11 01:30:00,0.0016613711966976994
2018-04-11 02:00:00,0.0016888274337415882
2018-04-11 02:30:00,0.0017261098026696673
2018-04-11 03:00:00,0.001789927041217947
2018-04-11 03:30:00,0.0019110529653887972
2018-04-11 04:00:00,0.0020826687519966596
2018-04-11 04:30:00,0.002348329158970428
2018-04-11 05:00:00,0.003196160290277949
2018-04-11 05:30:00,0.004049813410528914
2018-04-11 06:00:00,0.004197228116868576
2018-04-11 06:30:00,0.004362101187336822
2018-04-11 07:00:00,0.004428318878927187
2018-04-11 07:30:00,0.004502430335702152
2018-04-11 08:00:00,0.004568326633079581
2018-04-11 08:30:00,0.004645168180038833
2018-04-11 09:00:00,0.004707454794653693
2018-04-11 09:30:00,0.004726035477617489
2018-04-11 10:00:00,0.004741093788846185
2018-04-11 10:30:00,0.0047159097192559
2018-04-11 11:00:00,0.00467100696229247
2018-04-11 11:30:00,0.004576551315861415
2018-04-11 12:00:00,0.004458623248103588
2018-04-11 12:30:00,0.004297537923675746
2018-04-11 13:00:00,0.004107527680282749
2018-04-11 13:30:00,0.0038774737666859914
2018-04-11 14:00:00,0.0036350924323292184
2018-04-11 14:30:00,0.003404588438788847
2018-04-11 15:00:00,0.003169350602996587
2018-04-11 15:30:00,0.0029392781228018703
2018-04-11 16:00:00,0.0027047655047281426
2018-04-11 16:30:00,0.002456068886126995
2018-04-11 17:00:00,0.0022985193782120838
2018-04-11 17:30:00,0.0021198229153646976
2018-04-11 18:00:00,0.0020056997997617613
2018-04-11 18:30:00,0.002092900147898356
2018-04-11 19:00:00,0.002143587680580874
2018-04-11 19:30:00,0.0021954041744590806
2018-04-11 20:00:00,0.0020217547851756924
2018-04-11 20:30:00,0.0017720503684362223
2018-04-11 21:00:00,0.001692799005107467
2018-04-11 21:30:00,0.0016146818048229663
2018-04-11 22:00:00,0.0016056774049553167
2018-04-11 22:30:00,0.0015963523311306863
2018-04-11 23:00:00,0.001594080243705521
2018-04-11 23:30:00,0.0015954607342864831
2018-04-12 00:00:00,0.0016096877901143414
2018-04-12 00:30:00,0.001632994552571396
2018-04-12 01:00:00,0.0016404965785447615
2018-04-12 01:30:00,0.0016888293544241354
2018-04-12 02:00:00,0.0017199997113441089
2018-04-12 02:30:00,0.0017410023750002081
2018-04-12 03:00:00,0.0018261872869170378
2018-04-12 03:30:00,0.001936187497375046
2018-04-12 04:00:00,0.002136188811265993
2018-04-12 04:30:00,0.0024055948693209993
2018-04-12 05:00:00,0.003355499394156424
2018-04-12 05:30:00,0.004223338595674236
2018-04-12 06:00:00,0.004344610251633372
2018-04-12 06:30:00,0.004462031419255556
2018-04-12 07:00:00,0.004515147815076172
2018-04-12 07:30:00,0.004562274722429521
2018-04-12 08:00:00,0.004605655898673193
2018-04-12 08:30:00,0.004652716462450215
2018-04-12 09:00:00,0.004705114843111853
2018-04-12 09:30:00,0.00473683443521195
2018-04-12 10:00:00,0.004761526409927896
2018-04-12 10:30:00,0.004747221326371549
2018-04-12 11:00:00,0.004712480020453714
2018-04-12 11:30:00,0.004621238716294215
2018-04-12 12:00:00,0.00450583530571654
2018-04-12 12:30:00,0.004352692883935137
2018-04-12 13:00:00,0.004161555439972119
2018-04-12 13:30:00,0.003927838384615223
2018-04-12 14:00:00,0.0036921253399493544
2018-04-12 14:30:00,0.0034710169252887913
2018-04-12 15:00:00,0.003246545635573005
2018-04-12 15:30:00,0.0030118311057464793
2018-04-12 16:00:00,0.0027919832990645436
2018-04-12 16:30:00,0.0025501968160983966
2018-04-12 17:00:00,0.002384940329376621
2018-04-12 17:30:00,0.002206989091357636
2018-04-12 18:00:00,0.002068723316247318
2018-04-12 18:30:00,0.0021656495206334395
2018-04-12 19:00:00,0.002228639505202855
2018-04-12 19:30:00,0.0022494814717524863
2018-04-12 20:00:00,0.0020891914699561562
2018-04-12 20:30:00,0.0017984027732144178
2018-04-12 21:00:00,0.0017042472334313976
2018-04-12 21:30:00,0.0016315556412296165
2018-04-12 22:00:00,0.0016245772413357427
2018-04-12 22:30:00,0.0016133799021695698
2018-04-12 23:00:00,0.0016199528779890578
2018-04-12 23:30:00,0.0016234785308901758
2018-04-13 00:00:00,0.001627376556120176
2018-04-13 00:30:00,0.0016562408935566464
2018-04-13 01:00:00,0.0016768896714533825
2018-04-13 01:30:00,0.0016841186403912557
2018-04-13 02:00:00,0.0017250812771655206
2018-04-13 02:30:00,0.0017583110859469711
2018-04-13 03:00:00,0.0018190716382494626
2018-04-13 03:30:00,0.0019513083108149726
2018-04-13 04:00:00,0.002123164262769702
2018-04-13 04:30:00,0.002417517826347902
2018-04-13 05:00:00,0.0033659578307409146
2018-04-13 05:30:00,0.004200339782652285
2018-04-13 06:00:00,0.004326428830554122
2018-04-13 06:30:00,0.004407744687536042
2018-04-13 07:00:00,0.004477942113393112
2018-04-13 07:30:00,0.004525015721805768
2018-04-13 08:00:00,0.004587440785620924
2018-04-13 08:30:00,0.004652012292211266
2018-04-13 09:00:00,0.004708815758295423
2018-04-13 09:30:00,0.004727713273851105
2018-04-13 10:00:00,0.004751739972149687
2018-04-13 10:30:00,0.004754450215280983
2018-04-13 11:00:00,0.004733163610721623
2018-04-13 11:30:00,0.0046681741956203365
2018-04-13 12:00:00,0.004570288770358655
2018-04-13 12:30:00,0.004421216114838367
2018-04-13 13:00:00,0.0042249706156404715
2018-04-13 13:30:00,0.003995929301888404
2018-04-13 14:00:00,0.003755576128273273
2018-04-13 14:30:00,0.0035357688159817122
2018-04-13 15:00:00,0.0033103102154081092
2018-04-13 15:30:00,0.00307158666090603
2018-04-13 16:00:00,0.0028430706538306837
2018-04-13 16:30:00,0.002588803895785123
2018-04-13 17:00:00,0.002431287119501957
2018-04-13 17:30:00,0.002243960069627714
2018-04-13 18:00:00,0.0020930922161530984
2018-04-13 18:30:00,0.0021495843716076947
2018-04-13 19:00:00,0.0022158177487721967
2018-04-13 19:30:00,0.0022266443962067166
2018-04-13 20:00:00,0.002050949800124078
2018-04-13 20:30:00,0.0018011423067545627
2018-04-13 21:00:00,0.0017110392470897312
2018-04-13 21:30:00,0.0016545991901492343
2018-04-13 22:00:00,0.0016247410595513503
2018-04-13 22:30:00,0.0016258682601213706
2018-04-13 23:00:00,0.0016206722536315078
2018-04-13 23:30:00,0.0016232766191373775
2018-04-14 00:00:00,0.0015507385214825115
2018-04-14 00:30:00,0.0014682869008875478
2018-04-14 01:00:00,0.001448260184050859
2018-04-14 01:30:00,0.0014125110799947018
2018-04-14 02:00:00,0.001429424770564211
2018-04-14 02:30:00,0.0014255552354586643
2018-04-14 03:00:00,0.001436663262886382
2018-04-14 03:30:00,0.0014646941041257088
2018-04-14 04:00:00,0.0014153644940042213
2018-04-14 04:30:00,0.0014146091055640066
2018-04-14 05:00:00,0.001979104028499119
2018-04-14 05:30:00,0.0025220897077562485
2018-04-14 06:00:00,0.002360706917618873
2018-04-14 06:30:00,0.0021431686516717773
2018-04-14 07:00:00,0.0019449510916683121
2018-04-14 07:30:00,0.0017550705743757064
2018-04-14 08:00:00,0.001635130271535694
2018-04-14 08:30:00,0.0015658865445918602
2018-04-14 09:00:00,0.001438396758913873
2018-04-14 09:30:00,0.0014235638077707419
2018-04-14 10:00:00,0.001386755047147482
2018-04-14 10:30:00,0.0013354100008062288
2018-04-14 11:00:00,0.0013306006917359146
2018-04-14 11:30:00,0.0012926776151213903
2018-04-14 12:00:00,0.0012979347633390128
2018-04-14 12:30:00,0.0013135931278069
2018-04-14 13:00:00,0.001296641903899277
2018-04-14 13:30:00,0.0013235201755532697
2018-04-14 14:00:00,0.0013146913580818302
2018-04-14 14:30:00,0.0013740550940017065
2018-04-14 15:00:00,0.0013723510484399425
2018-04-14 15:30:00,0.0013691423081591495
2018-04-14 16:00:00,0.0014070811503762506
2018-04-14 16:30:00,0.00141396095523269
2018-04-14 17:00:00,0.0014529107967256921
2018-04-14 17:30:00,0.001467892920880007
2018-04-14 18:00:00,0.0014739218633679366
2018-04-14 18:30:00,0.001671955598045925
2018-04-14 19:00:00,0.001811109208663791
2018-04-14 19:30:00,0.0019190138744341187
2018-04-14 20:00:00,0.001799635931438305
2018-04-14 20:30:00,0.0015914669950428694
2018-04-14 21:00:00,0.0015396324947657808
2018-04-14 21:30:00,0.001487219708985038
2018-04-14 22:00:00,0.0014873989726894644
2018-04-14 22:30:00,0.0014822718706859906
2018-04-14 23:00:00,0.0014468623272985304
2018-04-14 23:30:00,0.001427814678390392
2018-04-15 00:00:00,0.001376607521050356
2018-04-15 00:30:00,0.001322344557777366
2018-04-15 01:00:00,0.00133890924432232
2018-04-15 01:30:00,0.0013045804049815449
2018-04-15 02:00:00,0.0013052692097601155
2018-04-15 02:30:00,0.0013023750612749028
2018-04-15 03:00:00,0.0013078374024113417
2018-04-15 03:30:00,0.0013244756350921745
2018-04-15 04:00:00,0.0013276563654191506
2018-04-15 04:30:00,0.0013503857226853854
2018-04-15 05:00:00,0.0021105886738188723
2018-04-15 05:30:00,0.0023508423720837346
2018-04-15 06:00:00,0.0020976108619312358
2018-04-15 06:30:00,0.0017662367824789228
2018-04-15 07:00:00,0.0015844008039508906
2018-04-15 07:30:00,0.0018043582495949084
2018-04-15 08:00:00,0.0016066468694711296
2018-04-15 08:30:00,0.0015188346238863009
2018-04-15 09:00:00,0.0014568015393677004
2018-04-15 09:30:00,0.0013268968955285228
2018-04-15 10:00:00,0.001318157949994615
2018-04-15 10:30:00,0.001290949641056223
2018-04-15 11:00:00,0.0012335849355260195
2018-04-15 11:30:00,0.0012385151675683823
2018-04-15 12:00:00,0.0012181134374643088
2018-04-15 12:30:00,0.001208855747585717
2018-04-15 13:00:00,0.0012314021598393097
2018-04-15 13:30:00,0.0012585761365771666
2018-04-15 14:00:00,0.0012471903304360275
2018-04-15 14:30:00,0.001289766180493251
2018-04-15 15:00:00,0.0013168009077464196
2018-04-15 15:30:00,0.0013067010785992213
2018-04-15 16:00:00,0.0013718904847707578
2018-04-15 16:30:00,0.0013663049798659649
2018-04-15 17:00:00,0.0013263507014290984
2018-04-15 17:30:00,0.0013614115609057614
2018-04-15 18:00:00,0.0013407859912564733
2018-04-15 18:30:00,0.0014761186440315544
2018-04-15 19:00:00,0.0016445399354208506
2018-04-15 19:30:00,0.0017366340226314069
2018-04-15 20:00:00,0.001620305803407147
2018-04-15 20:30:00,0.001424890039069739
2018-04-15 21:00:00,0.0013594278159480286
2018-04-15 21:30:00,0.0013079429599230107
2018-04-15 22:00:00,0.0013130132417344567
2018-04-15 22:30:00,0.0013247377282314585
2018-04-15 23:00:00,0.0013190491466966207
2018-04-15 23:30:00,0.001324973652071034
2018-04-16 00:00:00,0.0014485053111609743
2018-04-16 00:30:00,0.0015726258195085793
2018-04-16 01:00:00,0.0016110572367706555
2018-04-16 01:30:00,0.0016482831856489042
2018-04-16 02:00:00,0.0016709359556985606
2018-04-16 02:30:00,0.001704625527864801
2018-04-16 03:00:00,0.001756047881678588
2018-04-16 03:30:00,0.0018729820762465605
2018-04-16 04:00:00,0.0020442039628753212
2018-04-16 04:30:00,0.0022937562455513467
2018-04-16 05:00:00,0.0030702204954157343
2018-04-16 05:30:00,0.003822186999586784
2018-04-16 06:00:00,0.003941627124680071
2018-04-16 06:30:00,0.0040879896971259405
2018-04-16 07:00:00,0.004201187283826336
2018-04-16 07:30:00,0.0043193968116058
2018-04-16 08:00:00,0.004428872595699922
2018-04-16 08:30:00,0.004540980435139971
2018-04-16 09:00:00,0.004667532607621056
2018-04-16 09:30:00,0.004767264048896132
2018-04-16 10:00:00,0.004876119372498996
2018-04-16 10:30:00,0.004961797979858954
2018-04-16 11:00:00,0.005026844695322904
2018-04-16 11:30:00,0.005034627140948194
2018-04-16 12:00:00,0.004989258298353257
2018-04-16 12:30:00,0.004869327598925981
2018-04-16 13:00:00,0.004703855435559817
2018-04-16 13:30:00,0.0044945196845168215
2018-04-16 14:00:00,0.0042665088969798875
2018-04-16 14:30:00,0.0040236586759962245
2018-04-16 15:00:00,0.003792217389372709
2018-04-16 15:30:00,0.003526508325107739
2018-04-16 16:00:00,0.0032560958293978816
2018-04-16 16:30:00,0.002953775594726718
2018-04-16 17:00:00,0.0027169680010941354
2018-04-16 17:30:00,0.002462075020509674
2018-04-16 18:00:00,0.0022355742095687744
2018-04-16 18:30:00,0.0021736766932266465
2018-04-16 19:00:00,0.0022482655196430865
2018-04-16 19:30:00,0.0022323789140658136
2018-04-16 20:00:00,0.0020854893543459934
2018-04-16 20:30:00,0.001837268184703773
2018-04-16 21:00:00,0.0017425339592749012
2018-04-16 21:30:00,0.0016600040708661295
2018-04-16 22:00:00,0.0016315473983003503
2018-04-16 22:30:00,0.0016207093868274248
2018-04-16 23:00:00,0.001603481504604533
2018-04-16 23:30:00,0.0016098154354753057
2018-04-17 00:00:00,0.0016179822576953989
2018-04-17 00:30:00,0.0016258796241597762
2018-04-17 01:00:00,0.0016394109127348296
2018-04-17 01:30:00,0.0016536788630952595
2018-04-17 02:00:00,0.001662015825777679
2018-04-17 02:30:00,0.001702348958847025
2018-04-17 03:00:00,0.0017709364525871551
2018-04-17 03:30:00,0.0018801182922230809
2018-04-17 04:00:00,0.002064097672445601
2018-04-17 04:30:00,0.0023430047068352063
2018-04-17 05:00:00,0.00318138047801863
2018-04-17 05:30:00,0.0038257576284708873
2018-04-17 06:00:00,0.003998185623710992
2018-04-17 06:30:00,0.004115235859516205
2018-04-17 07:00:00,0.004248940013576388
2018-04-17 07:30:00,0.004358798573696523
2018-04-17 08:00:00,0.004484135114181968
2018-04-17 08:30:00,0.00462342973491019
2018-04-17 09:00:00,0.00476665967412121
2018-04-17 09:30:00,0.0048761032867826615
2018-04-17 10:00:00,0.0049903065908819535
2018-04-17 10:30:00,0.005079594400833842
2018-04-17 11:00:00,0.005133613357394869
2018-04-17 11:30:00,0.005101701056812513
2018-04-17 12:00:00,0.00501853446213927
2018-04-17 12:30:00,0.004881697754872676
2018-04-17 13:00:00,0.004688520385987414
2018-04-17 13:30:00,0.004432239792290876
2018-04-17 14:00:00,0.004170382976988527
2018-04-17 14:30:00,0.003915289365106299
2018-04-17 15:00:00,0.003655991059013999
2018-04-17 15:30:00,0.0033727113507198607
2018-04-17 16:00:00,0.003092274012510594
2018-04-17 16:30:00,0.0028118641240560674
2018-04-17 17:00:00,0.002618717486091564
2018-04-17 17:30:00,0.002404526089511797
2018-04-17 18:00:00,0.002253894880132712
2018-04-17 18:30:00,0.002227200033661999
2018-04-17 19:00:00,0.0023334040950934594
2018-04-17 19:30:00,0.002335712675487026
2018-04-17 20:00:00,0.0021158480628328
2018-04-17 20:30:00,0.001839975146669051
2018-04-17 21:00:00,0.0017650736491395778
2018-04-17 21:30:00,0.00169795067584186
2018-04-17 22:00:00,0.0016716304424963337
2018-04-17 22:30:00,0.0016860481260670237
2018-04-17 23:00:00,0.0016607545775715361
2018-04-17 23:30:00,0.0016890880863689615
2018-04-18 00:00:00,0.0016993033165258844
2018-04-18 00:30:00,0.0016838411017631527
2018-04-18 01:00:00,0.0017296176092287821
2018-04-18 01:30:00,0.0017203847281664283
2018-04-18 02:00:00,0.0017473496706203735
2018-04-18 02:30:00,0.0018048689910956448
2018-04-18 03:00:00,0.001830474970618847
2018-04-18 03:30:00,0.001960921727107035
2018-04-18 04:00:00,0.0021468966964963304
2018-04-18 04:30:00,0.0024221041761858363
2018-04-18 05:00:00,0.0033308674407700857
2018-04-18 05:30:00,0.004139794186738226
2018-04-18 06:00:00,0.004275654467014773
2018-04-18 06:30:00,0.0043885405830287275
2018-04-18 07:00:00,0.004482187141936681
2018-04-18 07:30:00,0.00458764149694713
2018-04-18 08:00:00,0.0046823315466774105
2018-04-18 08:30:00,0.004745984086697249
2018-04-18 09:00:00,0.004816293712426464
2018-04-18 09:30:00,0.004864714359532382
2018-04-18 10:00:00,0.004915268324749415
2018-04-18 10:30:00,0.0049305738438276524
2018-04-18 11:00:00,0.004919008213783011
2018-04-18 11:30:00,0.004851046302354264
2018-04-18 12:00:00,0.004745999852299826
2018-04-18 12:30:00,0.004581716751487398
2018-04-18 13:00:00,0.00438365244594553
2018-04-18 13:30:00,0.0041447593111802
2018-04-18 14:00:00,0.003891151747390604
2018-04-18 14:30:00,0.003657321771905607
2018-04-18 15:00:00,0.0034159335904827325
2018-04-18 15:30:00,0.0031761583022290587
2018-04-18 16:00:00,0.0029376450624659218
2018-04-18 16:30:00,0.0026813899978415786
2018-04-18 17:00:00,0.0025200296156672555
2018-04-18 17:30:00,0.002327965602431985
2018-04-18 18:00:00,0.002165933781650458
2018-04-18 18:30:00,0.0021422399216316575
2018-04-18 19:00:00,0.002238973177450202
2018-04-18 19:30:00,0.002248720641378387
2018-04-18 20:00:00,0.0020716149838509064
2018-04-18 20:30:00,0.001809243105512088
2018-04-18 21:00:00,0.0017215293749362542
2018-04-18 21:30:00,0.0016414561995625192
2018-04-18 22:00:00,0.0016286962250871364
2018-04-18 22:30:00,0.001616798717103987
2018-04-18 23:00:00,0.001613103243854301
2018-04-18 23:30:00,0.0016118800091569092
2018-04-19 00:00:00,0.0016153201116562274
2018-04-19 00:30:00,0.0016260107907720774
2018-04-19 01:00:00,0.00165977943103652
2018-04-19 01:30:00,0.0016722956388852588
2018-04-19 02:00:00,0.0016952266678189735
2018-04-19 02:30:00,0.0017450471723882074
2018-04-19 03:00:00,0.00178528002982289
2018-04-19 03:30:00,0.001928154882847954
2018-04-19 04:00:00,0.0021253612034901996
2018-04-19 04:30:00,0.0023623718292737333
2018-04-19 05:00:00,0.0032590216691451264
2018-04-19 05:30:00,0.004010802107194395
2018-04-19 06:00:00,0.004103570353979097
2018-04-19 06:30:00,0.004179590569064006
2018-04-19 07:00:00,0.004274866426971252
2018-04-19 07:30:00,0.004359523871443495
2018-04-19 08:00:00,0.004448445071114144
2018-04-19 08:30:00,0.004558291066769282
2018-04-19 09:00:00,0.004689910319924233
2018-04-19 09:30:00,0.00480276570501743
2018-04-19 10:00:00,0.004910910296049306
2018-04-19 10:30:00,0.0049879518340788095
2018-04-19 11:00:00,0.005043605371516135
2018-04-19 11:30:00,0.005032020374589141
2018-04-19 12:00:00,0.004978144989048533
2018-04-19 12:30:00,0.004866327012616266
2018-04-19 13:00:00,0.004708382164210342
2018-04-19 13:30:00,0.00447877176822516
2018-04-19 14:00:00,0.0042414561540587824
2018-04-19 14:30:00,0.004004440086341365
2018-04-19 15:00:00,0.0037560262082168864
2018-04-19 15:30:00,0.0034899021964932327
2018-04-19 16:00:00,0.0032047834346599345
2018-04-19 16:30:00,0.0028847472243135144
2018-04-19 17:00:00,0.00264663084558174
2018-04-19 17:30:00,0.0023990151711125954
2018-04-19 18:00:00,0.0021872011793843443
2018-04-19 18:30:00,0.0021174842442778885
2018-04-19 19:00:00,0.0021790365979605566
2018-04-19 19:30:00,0.0021888392815119797
2018-04-19 20:00:00,0.00202874022757224
2018-04-19 20:30:00,0.0017887082080847265
2018-04-19 21:00:00,0.0016961987732732895
2018-04-19 21:30:00,0.0016150942714000258
2018-04-19 22:00:00,0.0015930679639745882
2018-04-19 22:30:00,0.0015781040863044743
2018-04-19 23:00:00,0.0015540978752863984
2018-04-19 23:30:00,0.0015633121897507941
2018-04-20 00:00:00,0.0015692666257615712
2018-04-20 00:30:00,0.001567151153992461
2018-04-20 01:00:00,0.0015832832868220468
2018-04-20 01:30:00,0.0015963953064026847
2018-04-20 02:00:00,0.0016208729649577138
2018-04-20 02:30:00,0.001659465879610653
2018-04-20 03:00:00,0.0017173157175409603
2018-04-20 03:30:00,0.0018305889311166607
2018-04-20 04:00:00,0.0020146474594658226
2018-04-20 04:30:00,0.002289956575273463
2018-04-20 05:00:00,0.0030061538882500466
2018-04-20 05:30:00,0.003652248529041901
2018-04-20 06:00:00,0.003797937422084261
2018-04-20 06:30:00,0.003945442160418334
2018-04-20 07:00:00,0.004082830103576039
2018-04-20 07:30:00,0.0042134033049986
2018-04-20 08:00:00,0.004335790717460913
2018-04-20 08:30:00,0.004457037884717569
2018-04-20 09:00:00,0.004592667843145303
2018-04-20 09:30:00,0.0047014460993609515
2018-04-20 10:00:00,0.0048131603589356585
2018-04-20 10:30:00,0.004893350856001665
2018-04-20 11:00:00,0.004946679567272212
2018-04-20 11:30:00,0.004939714772213048
2018-04-20 12:00:00,0.00489111702217057
2018-04-20 12:30:00,0.004786055206655751
2018-04-20 13:00:00,0.004628759388893978
2018-04-20 13:30:00,0.004414303098179545
2018-04-20 14:00:00,0.004179432432867601
2018-04-20 14:30:00,0.003954305470147188
2018-04-20 15:00:00,0.003696963139144122
2018-04-20 15:30:00,0.0034216499418860684
2018-04-20 16:00:00,0.0031351057134888227
2018-04-20 16:30:00,0.0028318970030825957
2018-04-20 17:00:00,0.0026040294664523237
2018-04-20 17:30:00,0.002354431407508918
2018-04-20 18:00:00,0.002147671611875777
2018-04-20 18:30:00,0.0020734486754846217
2018-04-20 19:00:00,0.002129773331415394
2018-04-20 19:30:00,0.0021104539059267945
2018-04-20 20:00:00,0.0019817716164721748
2018-04-20 20:30:00,0.0017753933964384562
2018-04-20 21:00:00,0.0016775442240598575
2018-04-20 21:30:00,0.0016010678468699345
2018-04-20 22:00:00,0.0015783444117082207
2018-04-20 22:30:00,0.0015597862967643573
2018-04-20 23:00:00,0.0015452691378433987
2018-04-20 23:30:00,0.001545997236585752
2018-04-21 00:00:00,0.0014678264172468022
2018-04-21 00:30:00,0.0013737981226825489
2018-04-21 01:00:00,0.0013616055498430514
2018-04-21 01:30:00,0.001315977975303287
2018-04-21 02:00:00,0.001335470502306473
2018-04-21 02:30:00,0.001330343720416757
2018-04-21 03:00:00,0.0013162330259398974
2018-04-21 03:30:00,0.0013306280614622155
2018-04-21 04:00:00,0.0012811860113832636
2018-04-21 04:30:00,0.0012859353791524106
2018-04-21 05:00:00,0.0017000662276394098
2018-04-21 05:30:00,0.002069095448490881
2018-04-21 06:00:00,0.001967002608052185
2018-04-21 06:30:00,0.001770817290240775
2018-04-21 07:00:00,0.0016589984334956735
2018-04-21 07:30:00,0.0015372935035652137
2018-04-21 08:00:00,0.0014322501746199137
2018-04-21 08:30:00,0.0013889451054221844
2018-04-21 09:00:00,0.0013252445483386602
2018-04-21 09:30:00,0.0013031244475821568
2018-04-21 10:00:00,0.0013236963981769958
2018-04-21 10:30:00,0.0012987384089282314
2018-04-21 11:00:00,0.0012754530140645167
2018-04-21 11:30:00,0.0012681502589054466
2018-04-21 12:00:00,0.0012846377980347454
2018-04-21 12:30:00,0.0012724857996140625
2018-04-21 13:00:00,0.0013116425946515498
2018-04-21 13:30:00,0.001341225027275439
2018-04-21 14:00:00,0.0013094315689257052
2018-04-21 14:30:00,0.001360763970773521
2018-04-21 15:00:00,0.0013757476954966252
2018-04-21 15:30:00,0.0013556959297583806
2018-04-21 16:00:00,0.0013934896804147117
2018-04-21 16:30:00,0.0013840299987548826
2018-04-21 17:00:00,0.0013571234770617547
2018-04-21 17:30:00,0.0014015747935981
2018-04-21 18:00:00,0.0014125011564682071
2018-04-21 18:30:00,0.0014951875004761543
2018-04-21 19:00:00,0.001725228209380399
2018-04-21 19:30:00,0.0018379213768267766
2018-04-21 20:00:00,0.0017186723596469588
2018-04-21 20:30:00,0.0015613757416007915
2018-04-21 21:00:00,0.0015258133438939322
2018-04-21 21:30:00,0.0014667921296950136
2018-04-21 22:00:00,0.0014673957842139818
2018-04-21 22:30:00,0.0014482105664183839
2018-04-21 23:00:00,0.001409222151217554
2018-04-21 23:30:00,0.0013933113770515592
2018-04-22 00:00:00,0.0013374807366776723
2018-04-22 00:30:00,0.0012812360291579363
2018-04-22 01:00:00,0.001291508239563766
2018-04-22 01:30:00,0.0012734730304434392
2018-04-22 02:00:00,0.0012651790430330185
2018-04-22 02:30:00,0.0012617936799863018
2018-04-22 03:00:00,0.001274150951354241
2018-04-22 03:30:00,0.001278427831216721
2018-04-22 04:00:00,0.0012831879227967577
2018-04-22 04:30:00,0.001295197070452976
2018-04-22 05:00:00,0.0019727185593133236
2018-04-22 05:30:00,0.0021565252381634545
2018-04-22 06:00:00,0.0019216730594210293
2018-04-22 06:30:00,0.0016420104765343304
2018-04-22 07:00:00,0.001506122906559922
2018-04-22 07:30:00,0.0017363444797373825
2018-04-22 08:00:00,0.0015820955847517825
2018-04-22 08:30:00,0.0014535378195489872
2018-04-22 09:00:00,0.001409807639280761
2018-04-22 09:30:00,0.0013080940536167418
2018-04-22 10:00:00,0.001266836432014568
2018-04-22 10:30:00,0.0012922240939548793
2018-04-22 11:00:00,0.0012160513446643289
2018-04-22 11:30:00,0.0012390992951481182
2018-04-22 12:00:00,0.001301135500775858
2018-04-22 12:30:00,0.0012455487870854944
2018-04-22 13:00:00,0.001318250542899089
2018-04-22 13:30:00,0.0013666238131688378
2018-04-22 14:00:00,0.0013178667265033614
2018-04-22 14:30:00,0.0013826888821661426
2018-04-22 15:00:00,0.0014282005755255458
2018-04-22 15:30:00,0.0013983746163603308
2018-04-22 16:00:00,0.001414537400082236
2018-04-22 16:30:00,0.0014590546600527095
2018-04-22 17:00:00,0.0013952659916573226
2018-04-22 17:30:00,0.001361750081204745
2018-04-22 18:00:00,0.0013766955523337797
2018-04-22 18:30:00,0.0013735771641611553
2018-04-22 19:00:00,0.001572817247535806
2018-04-22 19:30:00,0.0016763719674784117
2018-04-22 20:00:00,0.0015138902268101507
2018-04-22 20:30:00,0.0013726029779674133
2018-04-22 21:00:00,0.00131453866381931
2018-04-22 21:30:00,0.001254829365097776
2018-04-22 22:00:00,0.0012593525724969635
2018-04-22 22:30:00,0.0012690613826888816
2018-04-22 23:00:00,0.0012559696903318707
2018-04-22 23:30:00,0.001241981599424288
2018-04-23 00:00:00,0.0013848766196161
2018-04-23 00:30:00,0.0015047964351756064
2018-04-23 01:00:00,0.0015413538264704716
2018-04-23 01:30:00,0.001598158893123419
2018-04-23 02:00:00,0.001594924783827312
2018-04-23 02:30:00,0.0016438828219043123
2018-04-23 03:00:00,0.0017119967873680624
2018-04-23 03:30:00,0.0018171981724813277
2018-04-23 04:00:00,0.002009313644003182
2018-04-23 04:30:00,0.0022723763278315575
2018-04-23 05:00:00,0.003049145726135667
2018-04-23 05:30:00,0.003784921996830071
2018-04-23 06:00:00,0.003950564940886076
2018-04-23 06:30:00,0.004117738028704864
2018-04-23 07:00:00,0.004223175657771462
2018-04-23 07:30:00,0.004348371508260308
2018-04-23 08:00:00,0.004477872568679207
2018-04-23 08:30:00,0.0046401700838797945
2018-04-23 09:00:00,0.004833639876682902
2018-04-23 09:30:00,0.004985766577510476
2018-04-23 10:00:00,0.005120342161248114
2018-04-23 10:30:00,0.00520177766074705
2018-04-23 11:00:00,0.005258767833180505
2018-04-23 11:30:00,0.005248434401018477
2018-04-23 12:00:00,0.0051943217311548225
2018-04-23 12:30:00,0.00509136362322851
2018-04-23 13:00:00,0.00493473356205474
2018-04-23 13:30:00,0.004723992431586105
2018-04-23 14:00:00,0.004494315051797081
2018-04-23 14:30:00,0.004267365681452919
2018-04-23 15:00:00,0.0040026752191655995
2018-04-23 15:30:00,0.0037016717724375754
2018-04-23 16:00:00,0.0033916390369972244
2018-04-23 16:30:00,0.0030577948797604823
2018-04-23 17:00:00,0.0028201998062834547
2018-04-23 17:30:00,0.002558200860472595
2018-04-23 18:00:00,0.0023031442217294057
2018-04-23 18:30:00,0.0021903366936430165
2018-04-23 19:00:00,0.002275850762531411
2018-04-23 19:30:00,0.0022402530722827425
2018-04-23 20:00:00,0.00205618406020801
2018-04-23 20:30:00,0.001809057279475625
2018-04-23 21:00:00,0.0017076328365634324
2018-04-23 21:30:00,0.0016162854947216272
2018-04-23 22:00:00,0.0015903180267373114
2018-04-23 22:30:00,0.001572384693820438
2018-04-23 23:00:00,0.0015769649614969716
2018-04-23 23:30:00,0.0015852839978089486
2018-04-24 00:00:00,0.0015725441905003138
2018-04-24 00:30:00,0.0015908098815263314
2018-04-24 01:00:00,0.0015928603702025873
2018-04-24 01:30:00,0.0016034522942241238
2018-04-24 02:00:00,0.0016358404439076046
2018-04-24 02:30:00,0.0016641579470171347
2018-04-24 03:00:00,0.00172673410452602
2018-04-24 03:30:00,0.001839276658449304
2018-04-24 04:00:00,0.00203241073194881
2018-04-24 04:30:00,0.0023001985349291702
2018-04-24 05:00:00,0.003062944789869207
2018-04-24 05:30:00,0.003776422576415515
2018-04-24 06:00:00,0.0039274396029013135
2018-04-24 06:30:00,0.004044073130622175
2018-04-24 07:00:00,0.0041432772645095435
2018-04-24 07:30:00,0.0042504143775168556
2018-04-24 08:00:00,0.00436515483250191
2018-04-24 08:30:00,0.004531785007387292
2018-04-24 09:00:00,0.004709772178175602
2018-04-24 09:30:00,0.004860112724262509
2018-04-24 10:00:00,0.0050019165566820645
2018-04-24 10:30:00,0.005097134954169767
2018-04-24 11:00:00,0.0051649520941515
2018-04-24 11:30:00,0.005170906930304475
2018-04-24 12:00:00,0.0051201885866727585
2018-04-24 12:30:00,0.005006692653949997
2018-04-24 13:00:00,0.004847230066189409
2018-04-24 13:30:00,0.004621392851068646
2018-04-24 14:00:00,0.004360726698888821
2018-04-24 14:30:00,0.004096890860306667
2018-04-24 15:00:00,0.0038161497341411485
2018-04-24 15:30:00,0.0035254965255474436
2018-04-24 16:00:00,0.00323514086269171
2018-04-24 16:30:00,0.00290517008192561
2018-04-24 17:00:00,0.0026748431112933596
2018-04-24 17:30:00,0.002425458008027399
2018-04-24 18:00:00,0.002198661091860438
2018-04-24 18:30:00,0.002100586479367835
2018-04-24 19:00:00,0.002147730352750353
2018-04-24 19:30:00,0.002147504832607909
2018-04-24 20:00:00,0.0019913138874815433
2018-04-24 20:30:00,0.0017800396875775576
2018-04-24 21:00:00,0.001670808310337596
2018-04-24 21:30:00,0.0015872294891726118
2018-04-24 22:00:00,0.001563621499669369
2018-04-24 22:30:00,0.0015428758873608668
2018-04-24 23:00:00,0.001521911797412595
2018-04-24 23:30:00,0.0015183144390297062
2018-04-25 00:00:00,0.001521849455258243
2018-04-25 00:30:00,0.0015222435953226626
2018-04-25 01:00:00,0.0015326676997066179
2018-04-25 01:30:00,0.0015425755406275133
2018-04-25 02:00:00,0.001564964296855338
2018-04-25 02:30:00,0.0016120189385278396
2018-04-25 03:00:00,0.0016638475167004073
2018-04-25 03:30:00,0.001785183355468003
2018-04-25 04:00:00,0.0019646821834495764
2018-04-25 04:30:00,0.0022159075406812884
2018-04-25 05:00:00,0.002871632963936571
2018-04-25 05:30:00,0.003489193624690112
2018-04-25 06:00:00,0.0036761100486414036
2018-04-25 06:30:00,0.003832819017856498
2018-04-25 07:00:00,0.0039591167799284885
2018-04-25 07:30:00,0.004123881571918123
2018-04-25 08:00:00,0.004286759293304911
2018-04-25 08:30:00,0.0044733874548172105
2018-04-25 09:00:00,0.004679775278263666
2018-04-25 09:30:00,0.004844674277946302
2018-04-25 10:00:00,0.004999505219772211
2018-04-25 10:30:00,0.005123613243683258
2018-04-25 11:00:00,0.005194925785815987
2018-04-25 11:30:00,0.005155955617099359
2018-04-25 12:00:00,0.0050802543953742
2018-04-25 12:30:00,0.004956175901957321
2018-04-25 13:00:00,0.004793279613972573
2018-04-25 13:30:00,0.004573470941197541
2018-04-25 14:00:00,0.004328234352177142
2018-04-25 14:30:00,0.004063771650828572
2018-04-25 15:00:00,0.003802053204698076
2018-04-25 15:30:00,0.0035209859626416933
2018-04-25 16:00:00,0.0032289681891264814
2018-04-25 16:30:00,0.0029146530518613266
2018-04-25 17:00:00,0.0026903086072221096
2018-04-25 17:30:00,0.0024467705418011495
2018-04-25 18:00:00,0.0022304282208535846
2018-04-25 18:30:00,0.0021150754682780983
2018-04-25 19:00:00,0.002166404108789259
2018-04-25 19:30:00,0.002142003597649885
2018-04-25 20:00:00,0.0020012696654376845
2018-04-25 20:30:00,0.001791549057629248
2018-04-25 21:00:00,0.0016783733987212686
2018-04-25 21:30:00,0.0015962801454782786
2018-04-25 22:00:00,0.0015746546204777373
2018-04-25 22:30:00,0.001557849208386839
2018-04-25 23:00:00,0.0015299861867850936
2018-04-25 23:30:00,0.001529087947580414
2018-04-26 00:00:00,0.0015290641791338895
2018-04-26 00:30:00,0.0015253859920271301
2018-04-26 01:00:00,0.0015506737784749755
2018-04-26 01:30:00,0.001567013665133441
2018-04-26 02:00:00,0.0015673220947391817
2018-04-26 02:30:00,0.001608765222264061
2018-04-26 03:00:00,0.001662707031409434
2018-04-26 03:30:00,0.0017879629832563252
2018-04-26 04:00:00,0.0019726111611475467
2018-04-26 04:30:00,0.002210192629789863
2018-04-26 05:00:00,0.0028026953457737334
2018-04-26 05:30:00,0.0034041014657346354
2018-04-26 06:00:00,0.0036440642606220017
2018-04-26 06:30:00,0.003815019732575747
2018-04-26 07:00:00,0.003960768086748638
2018-04-26 07:30:00,0.004132354743004531
2018-04-26 08:00:00,0.004323953630949567
2018-04-26 08:30:00,0.004546592109344473
2018-04-26 09:00:00,0.004772750158479097
2018-04-26 09:30:00,0.004970147346949492
2018-04-26 10:00:00,0.005149551741372483
2018-04-26 10:30:00,0.005271476109283987
2018-04-26 11:00:00,0.005357967565503702
2018-04-26 11:30:00,0.0053677902561649945
2018-04-26 12:00:00,0.005312071975720132
2018-04-26 12:30:00,0.005174554626575794
2018-04-26 13:00:00,0.004995773413611003
2018-04-26 13:30:00,0.004771485068907859
2018-04-26 14:00:00,0.004514328163799059
2018-04-26 14:30:00,0.004242498204369201
2018-04-26 15:00:00,0.0039604010763252
2018-04-26 15:30:00,0.0036697359434940133
2018-04-26 16:00:00,0.0033754512043737634
2018-04-26 16:30:00,0.0030482057921140202
2018-04-26 17:00:00,0.002806477009652735
2018-04-26 17:30:00,0.0025583358684499917
2018-04-26 18:00:00,0.0023377006619520507
2018-04-26 18:30:00,0.002224660331135226
2018-04-26 19:00:00,0.0022502282171212376
2018-04-26 19:30:00,0.0022321995703329474
2018-04-26 20:00:00,0.002061842791134923
2018-04-26 20:30:00,0.0018200918407959036
2018-04-26 21:00:00,0.0017082097615836156
2018-04-26 21:30:00,0.001622457207945582
2018-04-26 22:00:00,0.0016002673223898555
2018-04-26 22:30:00,0.0015756424115061902
2018-04-26 23:00:00,0.0015569186376926114
2018-04-26 23:30:00,0.0015455958939617795
2018-04-27 00:00:00,0.0015461865838735523
2018-04-27 00:30:00,0.0015475120949165941
2018-04-27 01:00:00,0.0015550563759060033
2018-04-27 01:30:00,0.0015683258114270909
2018-04-27 02:00:00,0.001580237484444027
2018-04-27 02:30:00,0.0016208703240192114
2018-04-27 03:00:00,0.0016865812755308132
2018-04-27 03:30:00,0.0017891353198662104
2018-04-27 04:00:00,0.0019802166638931548
2018-04-27 04:30:00,0.0022319069063297834
2018-04-27 05:00:00,0.002844610160920885
2018-04-27 05:30:00,0.003501546734579198
2018-04-27 06:00:00,0.0037013002804215274
2018-04-27 06:30:00,0.0038944149870386796
2018-04-27 07:00:00,0.00406123939094667
2018-04-27 07:30:00,0.004213454043029228
2018-04-27 08:00:00,0.004400855519352184
2018-04-27 08:30:00,0.004632546814820622
2018-04-27 09:00:00,0.0048755242009946125
2018-04-27 09:30:00,0.00513590145050793
2018-04-27 10:00:00,0.0053795265868710395
2018-04-27 10:30:00,0.005556554136641591
2018-04-27 11:00:00,0.005687882006248411
2018-04-27 11:30:00,0.005729053517249708
2018-04-27 12:00:00,0.0056994529981984985
2018-04-27 12:30:00,0.005597734210685913
2018-04-27 13:00:00,0.005424458554214877
2018-04-27 13:30:00,0.005153936739656696
2018-04-27 14:00:00,0.004870718973374712
2018-04-27 14:30:00,0.004606090613156427
2018-04-27 15:00:00,0.004318315147217841
2018-04-27 15:30:00,0.004002912503488646
2018-04-27 16:00:00,0.00367219881871889
2018-04-27 16:30:00,0.0032872040842488216
2018-04-27 17:00:00,0.0030135276286349325
2018-04-27 17:30:00,0.002728876633030372
2018-04-27 18:00:00,0.002488849415249227
2018-04-27 18:30:00,0.0023382963936555107
2018-04-27 19:00:00,0.002385654743255824
2018-04-27 19:30:00,0.0023442732376293416
2018-04-27 20:00:00,0.0021415989738598935
2018-04-27 20:30:00,0.0018530954892073943
2018-04-27 21:00:00,0.0017473322244205677
2018-04-27 21:30:00,0.0016365443740612362
2018-04-27 22:00:00,0.0016158288524459768
2018-04-27 22:30:00,0.0015946564484697486
2018-04-27 23:00:00,0.0015742591999582858
2018-04-27 23:30:00,0.001575186009315858
2018-04-28 00:00:00,0.0014928569122617322
2018-04-28 00:30:00,0.0013880054915142957
2018-04-28 01:00:00,0.001371155103440412
2018-04-28 01:30:00,0.0013336658609962874
2018-04-28 02:00:00,0.001329897721923557
2018-04-28 02:30:00,0.0013421444740165794
2018-04-28 03:00:00,0.001336586578923406
2018-04-28 03:30:00,0.0013478670676381947
2018-04-28 04:00:00,0.0013203218389696084
2018-04-28 04:30:00,0.0013031976736042775
2018-04-28 05:00:00,0.001629973078838977
2018-04-28 05:30:00,0.0020673556302166713
2018-04-28 06:00:00,0.0019544423845617347
2018-04-28 06:30:00,0.0017943638179025003
2018-04-28 07:00:00,0.0016877231213052579
2018-04-28 07:30:00,0.0015779852440718522
2018-04-28 08:00:00,0.0014749785588827784
2018-04-28 08:30:00,0.0014712778837845262
2018-04-28 09:00:00,0.0014453428273181984
2018-04-28 09:30:00,0.0014295288875639696
2018-04-28 10:00:00,0.0015256155936199868
2018-04-28 10:30:00,0.0015052280285497007
2018-04-28 11:00:00,0.0014864527964495386
2018-04-28 11:30:00,0.0015620041249075577
2018-04-28 12:00:00,0.0015562867331345084
2018-04-28 12:30:00,0.0015551219992263735
2018-04-28 13:00:00,0.0016234347553337823
2018-04-28 13:30:00,0.0015938810529196653
2018-04-28 14:00:00,0.0015705904562073845
2018-04-28 14:30:00,0.001601767775601592
2018-04-28 15:00:00,0.0015834883196839847
2018-04-28 15:30:00,0.0015699642336684842
2018-04-28 16:00:00,0.0016041748710041532
2018-04-28 16:30:00,0.0015786429978159057
2018-04-28 17:00:00,0.0015297965193835352
2018-04-28 17:30:00,0.0015712230009930033
2018-04-28 18:00:00,0.0015213906522147267
2018-04-28 18:30:00,0.0015139014307916775
2018-04-28 19:00:00,0.0017900871781253388
2018-04-28 19:30:00,0.0018646383111467857
2018-04-28 20:00:00,0.0017316724994692091
2018-04-28 20:30:00,0.001586545886242607
2018-04-28 21:00:00,0.0015219384468829406
2018-04-28 21:30:00,0.0014626273696762397
2018-04-28 22:00:00,0.0014498040927052314
2018-04-28 22:30:00,0.001436602761386138
2018-04-28 23:00:00,0.0014192248258392283
2018-04-28 23:30:00,0.0013851731249843588
2018-04-29 00:00:00,0.0013387077327117192
2018-04-29 00:30:00,0.0012892701642253784
2018-04-29 01:00:00,0.00128139432541122
2018-04-29 01:30:00,0.0012654175277826574
2018-04-29 02:00:00,0.0012520222875547133
2018-04-29 02:30:00,0.0012635358190852563
2018-04-29 03:00:00,0.0012663871523553492
2018-04-29 03:30:00,0.0012644866369746716
2018-04-29 04:00:00,0.0012800576904150908
2018-04-29 04:30:00,0.0012685079060014651
2018-04-29 05:00:00,0.001900012962134634
2018-04-29 05:30:00,0.0020866700139135835
2018-04-29 06:00:00,0.001842209220585465
2018-04-29 06:30:00,0.0016026438469285366
2018-04-29 07:00:00,0.0014289276338981857
2018-04-29 07:30:00,0.0016964159704580273
2018-04-29 08:00:00,0.0015417390833781094
2018-04-29 08:30:00,0.0013940709269706264
2018-04-29 09:00:00,0.001367302854477792
2018-04-29 09:30:00,0.0012546303343687992
2018-04-29 10:00:00,0.0012729192336422648
2018-04-29 10:30:00,0.0012488789305089725
2018-04-29 11:00:00,0.0011747442654865589
2018-04-29 11:30:00,0.0011980587106738033
2018-04-29 12:00:00,0.0012045703847086528
2018-04-29 12:30:00,0.001198876121154612
2018-04-29 13:00:00,0.0012169598275092613
2018-04-29 13:30:00,0.0012486651745471319
2018-04-29 14:00:00,0.0012610321293562475
2018-04-29 14:30:00,0.0012864092275425482
2018-04-29 15:00:00,0.0013449565933513292
2018-04-29 15:30:00,0.0013174637833105998
2018-04-29 16:00:00,0.0013376567992445195
2018-04-29 16:30:00,0.0013608802520960798
2018-04-29 17:00:00,0.001332213344819797
2018-04-29 17:30:00,0.0013532008030723956
2018-04-29 18:00:00,0.0013361434614540273
2018-04-29 18:30:00,0.001335201046550757
2018-04-29 19:00:00,0.00155025915113005
2018-04-29 19:30:00,0.0016471374184809252
2018-04-29 20:00:00,0.001512553191671824
2018-04-29 20:30:00,0.001384272164812737
2018-04-29 21:00:00,0.0013169294334202178
2018-04-29 21:30:00,0.001265721235710469
2018-04-29 22:00:00,0.001274732598052353
2018-04-29 22:30:00,0.0012759683171863032
2018-04-29 23:00:00,0.0012514704114360866
2018-04-29 23:30:00,0.0012507108615170191
2018-04-30 00:00:00,0.001377561139935153
2018-04-30 00:30:00,0.0015043952526085126
2018-04-30 01:00:00,0.001554537711589759
2018-04-30 01:30:00,0.0015857798540199423
2018-04-30 02:00:00,0.0016041652675914163
2018-04-30 02:30:00,0.0016417628685425917
2018-04-30 03:00:00,0.0016861351970091738
2018-04-30 03:30:00,0.0018060496506632354
2018-04-30 04:00:00,0.0019707594631149495
2018-04-30 04:30:00,0.002216177476607641
2018-04-30 05:00:00,0.0028205182394441305
2018-04-30 05:30:00,0.0035063459600661387
2018-04-30 06:00:00,0.003705509696309529
2018-04-30 06:30:00,0.003886136925287715
2018-04-30 07:00:00,0.0040335549127933955
2018-04-30 07:30:00,0.004187716816865285
2018-04-30 08:00:00,0.004345588839391285
2018-04-30 08:30:00,0.0045185857568076256
2018-04-30 09:00:00,0.004681902834327137
2018-04-30 09:30:00,0.004805158715414643
2018-04-30 10:00:00,0.004927426965530574
2018-04-30 10:30:00,0.005028928555858422
2018-04-30 11:00:00,0.00510376218927122
2018-04-30 11:30:00,0.005116448457553845
2018-04-30 12:00:00,0.0050796131274886795
2018-04-30 12:30:00,0.004992730972427441
2018-04-30 13:00:00,0.0048522167983100425
2018-04-30 13:30:00,0.004636600015194767
2018-04-30 14:00:00,0.0043978053154099936
2018-04-30 14:30:00,0.0041505540104257825
2018-04-30 15:00:00,0.003881878051824117
2018-04-30 15:30:00,0.003592038732459883
2018-04-30 16:00:00,0.0033025277697828195
2018-04-30 16:30:00,0.0029873716936756507
2018-04-30 17:00:00,0.002751743879297824
2018-04-30 17:30:00,0.002487249246601903
2018-04-30 18:00:00,0.00226208090917828
2018-04-30 18:30:00,0.002091106070342182
2018-04-30 19:00:00,0.0021639217866535904
2018-04-30 19:30:00,0.002149362532773467
2018-04-30 20:00:00,0.0020144537906422906
2018-04-30 20:30:00,0.001809322733809367
2018-04-30 21:00:00,0.0017133466270567053
2018-04-30 21:30:00,0.0016226643215469462
2018-04-30 22:00:00,0.0015910725348646918
2018-04-30 22:30:00,0.0015637080904408822
2018-04-30 23:00:00,0.001555628339162939
2018-04-30 23:30:00,0.0015437833298360861
2018-05-01 00:00:00,0.001542624277947154
2018-05-01 00:30:00,0.00154864617793241
2018-05-01 01:00:00,0.0015465430305429788
2018-05-01 01:30:00,0.0015596228786909474
2018-05-01 02:00:00,0.0015738193636549254
2018-05-01 02:30:00,0.0016021364666222583
2018-05-01 03:00:00,0.0016684184210495221
2018-05-01 03:30:00,0.001784747440558177
2018-05-01 04:00:00,0.001969213153607393
2018-05-01 04:30:00,0.0022086247926320877
2018-05-01 05:00:00,0.0028165071340291504
2018-05-01 05:30:00,0.0035042036787698034
2018-05-01 06:00:00,0.0036961378858762447
2018-05-01 06:30:00,0.0038516712373154356
2018-05-01 07:00:00,0.00400024507557247
2018-05-01 07:30:00,0.0041318840157235324
2018-05-01 08:00:00,0.004288116415581546
2018-05-01 08:30:00,0.004469268391037377
2018-05-01 09:00:00,0.004645560559477584
2018-05-01 09:30:00,0.004819985984538571
2018-05-01 10:00:00,0.004975130877932546
2018-05-01 10:30:00,0.005080794267226907
2018-05-01 11:00:00,0.0051479568546021655
2018-05-01 11:30:00,0.005140457469567302
2018-05-01 12:00:00,0.005077834255336006
2018-05-01 12:30:00,0.004970244821588774
2018-05-01 13:00:00,0.004820321943927492
2018-05-01 13:30:00,0.004621084261406025
2018-05-01 14:00:00,0.00440249970364122
2018-05-01 14:30:00,0.004170609777586001
2018-05-01 15:00:00,0.0039014689337794188
2018-05-01 15:30:00,0.0036077313490998665
2018-05-01 16:00:00,0.003302832598108784
2018-05-01 16:30:00,0.002967602188243438
2018-05-01 17:00:00,0.0027268699999389483
2018-05-01 17:30:00,0.00245339049431461
2018-05-01 18:00:00,0.002212626854833407
2018-05-01 18:30:00,0.002017231577776505
2018-05-01 19:00:00,0.0021154199106816034
2018-05-01 19:30:00,0.0021019432815307126
2018-05-01 20:00:00,0.0019898334413796753
2018-05-01 20:30:00,0.0017859431454723888
2018-05-01 21:00:00,0.001688998694602067
2018-05-01 21:30:00,0.0016087929921325594
2018-05-01 22:00:00,0.0015852579085376792
2018-05-01 22:30:00,0.0015592085714597795
2018-05-01 23:00:00,0.0015421992469050966
2018-05-01 23:30:00,0.001542224856005729
2018-05-02 00:00:00,0.0015343874308425193
2018-05-02 00:30:00,0.001539073256030722
2018-05-02 01:00:00,0.00154403934081397
2018-05-02 01:30:00,0.001544961108379855
2018-05-02 02:00:00,0.0015687602057965668
2018-05-02 02:30:00,0.0015987127699530327
2018-05-02 03:00:00,0.001654356383863864
2018-05-02 03:30:00,0.0017863011126821652
2018-05-02 04:00:00,0.001958024057370486
2018-05-02 04:30:00,0.00219920760607362
2018-05-02 05:00:00,0.002723931115556069
2018-05-02 05:30:00,0.0033363086543985025
2018-05-02 06:00:00,0.003596461984338165
2018-05-02 06:30:00,0.0038082197961019047
2018-05-02 07:00:00,0.004008217908855272
2018-05-02 07:30:00,0.004196037453746052
2018-05-02 08:00:00,0.0043869111239725565
2018-05-02 08:30:00,0.00459557967791564
2018-05-02 09:00:00,0.004794745014727819
2018-05-02 09:30:00,0.004963061628918281
2018-05-02 10:00:00,0.005119690569693899
2018-05-02 10:30:00,0.005233558634660225
2018-05-02 11:00:00,0.005313402128412664
2018-05-02 11:30:00,0.005295818839890059
2018-05-02 12:00:00,0.005224115198773609
2018-05-02 12:30:00,0.005091748319937073
2018-05-02 13:00:00,0.0049198377885866194
2018-05-02 13:30:00,0.004682830283912226
2018-05-02 14:00:00,0.004421965341088741
2018-05-02 14:30:00,0.004133883446255402
2018-05-02 15:00:00,0.0038430018364954324
2018-05-02 15:30:00,0.0035436126434200805
2018-05-02 16:00:00,0.003225264793061287
2018-05-02 16:30:00,0.0029211878541151844
2018-05-02 17:00:00,0.002689272479016213
2018-05-02 17:30:00,0.002437096543980404
2018-05-02 18:00:00,0.002225631876390465
2018-05-02 18:30:00,0.002038387015723564
2018-05-02 19:00:00,0.0021558167463887725
2018-05-02 19:30:00,0.0021547331613182667
2018-05-02 20:00:00,0.002004570118310117
2018-05-02 20:30:00,0.0017864746943673888
2018-05-02 21:00:00,0.00170426211872114
2018-05-02 21:30:00,0.0016165340630546398
2018-05-02 22:00:00,0.001601440939454772
2018-05-02 22:30:00,0.0015648383320916027
2018-05-02 23:00:00,0.0015489067505313442
2018-05-02 23:30:00,0.0015471932616137217
2018-05-03 00:00:00,0.0015367329043466838
2018-05-03 00:30:00,0.001555619936176794
2018-05-03 01:00:00,0.0015615365987641384
2018-05-03 01:30:00,0.0015564077361349962
2018-05-03 02:00:00,0.001579714338535172
2018-05-03 02:30:00,0.0015964093914080327
2018-05-03 03:00:00,0.0016618032702424308
2018-05-03 03:30:00,0.001784536485591718
2018-05-03 04:00:00,0.001954397808720946
2018-05-03 04:30:00,0.0022198152493524657
2018-05-03 05:00:00,0.0027981543720609825
2018-05-03 05:30:00,0.0034782331697047883
2018-05-03 06:00:00,0.0037274389292378824
2018-05-03 06:30:00,0.003924297126168407
2018-05-03 07:00:00,0.004116114251667894
2018-05-03 07:30:00,0.004289502108011075
2018-05-03 08:00:00,0.00446427477647095
2018-05-03 08:30:00,0.004643354335458107
2018-05-03 09:00:00,0.004817590573288174
2018-05-03 09:30:00,0.00496400124282617
2018-05-03 10:00:00,0.005085982030787503
2018-05-03 10:30:00,0.005178609347490289
2018-05-03 11:00:00,0.005237448096847201
2018-05-03 11:30:00,0.005212972519031599
2018-05-03 12:00:00,0.005139381807312304
2018-05-03 12:30:00,0.005019785946875797
2018-05-03 13:00:00,0.00485516680664601
2018-05-03 13:30:00,0.0046447463501343555
2018-05-03 14:00:00,0.004396529902170063
2018-05-03 14:30:00,0.004130583313496728
2018-05-03 15:00:00,0.003849781685830966
2018-05-03 15:30:00,0.0035496457473868626
2018-05-03 16:00:00,0.003248750739194328
2018-05-03 16:30:00,0.0029232074518138022
2018-05-03 17:00:00,0.0026932027557073222
2018-05-03 17:30:00,0.002440829550568204
2018-05-03 18:00:00,0.002238271167979118
2018-05-03 18:30:00,0.0020699989695725663
2018-05-03 19:00:00,0.0021948514180276197
2018-05-03 19:30:00,0.0021837348275568777
2018-05-03 20:00:00,0.0020458080529161798
2018-05-03 20:30:00,0.0017913662726734847
2018-05-03 21:00:00,0.0016981030499906224
2018-05-03 21:30:00,0.0016110233847407575
2018-05-03 22:00:00,0.0015900617756741092
2018-05-03 22:30:00,0.0015699364637999863
2018-05-03 23:00:00,0.0015597983810587183
2018-05-03 23:30:00,0.001561313959645516
2018-05-04 00:00:00,0.001572910000497159
2018-05-04 00:30:00,0.001584231943943596
2018-05-04 01:00:00,0.0015848632082741832
2018-05-04 01:30:00,0.001596897804974155
2018-05-04 02:00:00,0.001610580907498894
2018-05-04 02:30:00,0.0016422338359089082
2018-05-04 03:00:00,0.0017106018116395552
2018-05-04 03:30:00,0.0018272038881837023
2018-05-04 04:00:00,0.0020087179923281616
2018-05-04 04:30:00,0.002260965392760423
2018-05-04 05:00:00,0.0029159259041911935
2018-05-04 05:30:00,0.0036603692548808557
2018-05-04 06:00:00,0.0038536180091341306
2018-05-04 06:30:00,0.004048822258306002
2018-05-04 07:00:00,0.004216541780309533
2018-05-04 07:30:00,0.004343410385240307
2018-05-04 08:00:00,0.004492861895393075
2018-05-04 08:30:00,0.004660841669881781
2018-05-04 09:00:00,0.00482202238820948
2018-05-04 09:30:00,0.004968240829435854
2018-05-04 10:00:00,0.005100684215460531
2018-05-04 10:30:00,0.005216341076106026
2018-05-04 11:00:00,0.00529612879003615
2018-05-04 11:30:00,0.005290317444875157
2018-05-04 12:00:00,0.005240301030686084
2018-05-04 12:30:00,0.005152830906680016
2018-05-04 13:00:00,0.0050065686098688085
2018-05-04 13:30:00,0.004797268551509819
2018-05-04 14:00:00,0.004563793422125459
2018-05-04 14:30:00,0.004323343254041684
2018-05-04 15:00:00,0.004052604082241884
2018-05-04 15:30:00,0.0037560599802183457
2018-05-04 16:00:00,0.003448408010823968
2018-05-04 16:30:00,0.0031210431161040877
2018-05-04 17:00:00,0.0028926989300882963
2018-05-04 17:30:00,0.002642609816640265
2018-05-04 18:00:00,0.002404419571658854
2018-05-04 18:30:00,0.002215262911601309
2018-05-04 19:00:00,0.0023035247569591147
2018-05-04 19:30:00,0.0022615980976029206
2018-05-04 20:00:00,0.002090554754422631
2018-05-04 20:30:00,0.0018028122602011098
2018-05-04 21:00:00,0.0016952188250319048
2018-05-04 21:30:00,0.0016268518096425317
2018-05-04 22:00:00,0.0016088136394699442
2018-05-04 22:30:00,0.001591077576656379
2018-05-04 23:00:00,0.001571924770378769
2018-05-04 23:30:00,0.001570167906046951
2018-05-05 00:00:00,0.0014849813135328922
2018-05-05 00:30:00,0.00139800816613597
2018-05-05 01:00:00,0.0013717854874581653
2018-05-05 01:30:00,0.0013481823796897305
2018-05-05 02:00:00,0.0013564942134421543
2018-05-05 02:30:00,0.0013403124629800935
2018-05-05 03:00:00,0.0013473647291236037
2018-05-05 03:30:00,0.001343394038070559
2018-05-05 04:00:00,0.0013207503112345632
2018-05-05 04:30:00,0.0013148313278224738
2018-05-05 05:00:00,0.0016176033230344796
2018-05-05 05:30:00,0.002101031357462883
2018-05-05 06:00:00,0.0019390063390987114
2018-05-05 06:30:00,0.0017953485678502531
2018-05-05 07:00:00,0.0016704457815067695
2018-05-05 07:30:00,0.001483616268440749
2018-05-05 08:00:00,0.0014134411705182927
2018-05-05 08:30:00,0.0013457180639529442
2018-05-05 09:00:00,0.001290415051080523
2018-05-05 09:30:00,0.0012663693860417856
2018-05-05 10:00:00,0.0013141543672529458
2018-05-05 10:30:00,0.001305121077118645
2018-05-05 11:00:00,0.0013107082626206668
2018-05-05 11:30:00,0.0013838254460635815
2018-05-05 12:00:00,0.0013705765778514397
2018-05-05 12:30:00,0.0013748942722180526
2018-05-05 13:00:00,0.001462913231262048
2018-05-05 13:30:00,0.0014467984646038285
2018-05-05 14:00:00,0.0014591255652500854
2018-05-05 14:30:00,0.001521342395065723
2018-05-05 15:00:00,0.0015143662359681544
2018-05-05 15:30:00,0.0015195420752912691
2018-05-05 16:00:00,0.001553451085438553
2018-05-05 16:30:00,0.001546431150784591
2018-05-05 17:00:00,0.001511803965421449
2018-05-05 17:30:00,0.0015414045645010992
2018-05-05 18:00:00,0.0014869296058919372
2018-05-05 18:30:00,0.0014362732843008152
2018-05-05 19:00:00,0.001680635082449302
2018-05-05 19:30:00,0.0017076666885933308
2018-05-05 20:00:00,0.0016476217505966343
2018-05-05 20:30:00,0.001576172199775522
2018-05-05 21:00:00,0.0015005372415982507
2018-05-05 21:30:00,0.001459648471073622
2018-05-05 22:00:00,0.0014461779240841311
2018-05-05 22:30:00,0.0014104137746813526
2018-05-05 23:00:00,0.001379041425980142
2018-05-05 23:30:00,0.0013551490954314405
2018-05-06 00:00:00,0.0012914002011704733
2018-05-06 00:30:00,0.001235401180959929
2018-05-06 01:00:00,0.0012348339393809225
2018-05-06 01:30:00,0.0012132085744372598
2018-05-06 02:00:00,0.0012096994874231134
2018-05-06 02:30:00,0.0012059029382543687
2018-05-06 03:00:00,0.0012023095012650142
2018-05-06 03:30:00,0.0012124397412192132
2018-05-06 04:00:00,0.0012243190827466014
2018-05-06 04:30:00,0.0012333945478685058
2018-05-06 05:00:00,0.0017469808995712675
2018-05-06 05:30:00,0.0019194416264431183
2018-05-06 06:00:00,0.0017017032893973322
2018-05-06 06:30:00,0.0014535075687988654
2018-05-06 07:00:00,0.001345224528566695
2018-05-06 07:30:00,0.0015229329603003096
2018-05-06 08:00:00,0.0014109092307501491
2018-05-06 08:30:00,0.0012882237123507893
2018-05-06 09:00:00,0.001270951574400867
2018-05-06 09:30:00,0.0011563394850327316
2018-05-06 10:00:00,0.00117280421605678
2018-05-06 10:30:00,0.0012034941622545785
2018-05-06 11:00:00,0.0011444462185568748
2018-05-06 11:30:00,0.0012172293632934166
2018-05-06 12:00:00,0.0012370015096641318
2018-05-06 12:30:00,0.0012223445410594082
2018-05-06 13:00:00,0.0012873848542482012
2018-05-06 13:30:00,0.00130141319946084
2018-05-06 14:00:00,0.0013272675072317365
2018-05-06 14:30:00,0.0013588713782083516
2018-05-06 15:00:00,0.0013929627731692012
2018-05-06 15:30:00,0.0013903510450468998
2018-05-06 16:00:00,0.0014111621206188934
2018-05-06 16:30:00,0.0014446870742851315
2018-05-06 17:00:00,0.0013597177589842503
2018-05-06 17:30:00,0.0013721821084042088
2018-05-06 18:00:00,0.0013646285441158202
2018-05-06 18:30:00,0.0012195474670712802
2018-05-06 19:00:00,0.0014734819470361368
2018-05-06 19:30:00,0.0015458343787114182
2018-05-06 20:00:00,0.0014267046839348588
2018-05-06 20:30:00,0.0013718469492996826
2018-05-06 21:00:00,0.001300936309990002
2018-05-06 21:30:00,0.001257999611699181
2018-05-06 22:00:00,0.0012596762075062046
2018-05-06 22:30:00,0.001251935296641003
2018-05-06 23:00:00,0.001239844680033398
2018-05-06 23:30:00,0.0012252234841411205
2018-05-07 00:00:00,0.0013568176883945165
2018-05-07 00:30:00,0.0014862241551979556
2018-05-07 01:00:00,0.0015197302221524774
2018-05-07 01:30:00,0.0015686480059244213
2018-05-07 02:00:00,0.0015731796963381933
2018-05-07 02:30:00,0.0016015644233368835
2018-05-07 03:00:00,0.0016629853703219316
2018-05-07 03:30:00,0.0017623130681198506
2018-05-07 04:00:00,0.0019512981472031591
2018-05-07 04:30:00,0.0021908459946318425
2018-05-07 05:00:00,0.0026819424341592815
2018-05-07 05:30:00,0.0033188655757018593
2018-05-07 06:00:00,0.0034794459206766086
2018-05-07 06:30:00,0.003674757087843621
2018-05-07 07:00:00,0.003880077491964345
2018-05-07 07:30:00,0.004074098280573245
2018-05-07 08:00:00,0.0043114765570077315
2018-05-07 08:30:00,0.004564318488716862
2018-05-07 09:00:00,0.004840161874386444
2018-05-07 09:30:00,0.005080698553213293
2018-05-07 10:00:00,0.0052974478187755945
2018-05-07 10:30:00,0.005439580247967639
2018-05-07 11:00:00,0.005544181739898591
2018-05-07 11:30:00,0.005575039425705532
2018-05-07 12:00:00,0.005542650715822974
2018-05-07 12:30:00,0.0054452112090260536
2018-05-07 13:00:00,0.005299749196609607
2018-05-07 13:30:00,0.005070826565033283
2018-05-07 14:00:00,0.004819019481075019
2018-05-07 14:30:00,0.004553306975587152
2018-05-07 15:00:00,0.0042615880282649435
2018-05-07 15:30:00,0.003934027063868347
2018-05-07 16:00:00,0.0035928035642559556
2018-05-07 16:30:00,0.003239415181644127
2018-05-07 17:00:00,0.0029796442275882807
2018-05-07 17:30:00,0.002700830986529741
2018-05-07 18:00:00,0.002433368979326487
2018-05-07 18:30:00,0.002190904815534857
2018-05-07 19:00:00,0.002242909616331151
2018-05-07 19:30:00,0.0021954855633820277
2018-05-07 20:00:00,0.002043516038409585
2018-05-07 20:30:00,0.001834699912024107
2018-05-07 21:00:00,0.0017136162428693005
2018-05-07 21:30:00,0.0016182855654810133
2018-05-07 22:00:00,0.0015931490327837775
2018-05-07 22:30:00,0.0015611005237974335
2018-05-07 23:00:00,0.0015452844232753387
2018-05-07 23:30:00,0.0015436581653567455
2018-05-08 00:00:00,0.0015364412807132332
2018-05-08 00:30:00,0.001536426795565688
2018-05-08 01:00:00,0.0015457347433042703
2018-05-08 01:30:00,0.0015496907091244515
2018-05-08 02:00:00,0.0015631057964053852
2018-05-08 02:30:00,0.001596453166964426
2018-05-08 03:00:00,0.0016494803310750264
2018-05-08 03:30:00,0.001771063537749043
2018-05-08 04:00:00,0.0019365167343750505
2018-05-08 04:30:00,0.0022046827517603748
2018-05-08 05:00:00,0.0026830353025287666
2018-05-08 05:30:00,0.0033068931610993604
2018-05-08 06:00:00,0.00348854475410284
2018-05-08 06:30:00,0.003668992799405039
2018-05-08 07:00:00,0.00390870878658506
2018-05-08 07:30:00,0.004138596881255225
2018-05-08 08:00:00,0.004375370862943227
2018-05-08 08:30:00,0.004632172681866072
2018-05-08 09:00:00,0.004875907217105945
2018-05-08 09:30:00,0.005077918445254334
2018-05-08 10:00:00,0.005263949914721899
2018-05-08 10:30:00,0.00540682068629655
2018-05-08 11:00:00,0.005523979920836329
2018-05-08 11:30:00,0.005580046645106671
2018-05-08 12:00:00,0.005572700034362767
2018-05-08 12:30:00,0.0054695278503608565
2018-05-08 13:00:00,0.00531657381552598
2018-05-08 13:30:00,0.00510250966416498
2018-05-08 14:00:00,0.004848922907769647
2018-05-08 14:30:00,0.0045719483201080695
2018-05-08 15:00:00,0.004281681088677958
2018-05-08 15:30:00,0.003964645864783451
2018-05-08 16:00:00,0.0036279578169214873
2018-05-08 16:30:00,0.0032641799022115566
2018-05-08 17:00:00,0.0029991489189142673
2018-05-08 17:30:00,0.00273215627850854
2018-05-08 18:00:00,0.0024552553170112817
2018-05-08 18:30:00,0.002224490270701339
2018-05-08 19:00:00,0.002261038298668786
2018-05-08 19:30:00,0.002209613944144012
2018-05-08 20:00:00,0.002051269433711345
2018-05-08 20:30:00,0.0018502499980133833
2018-05-08 21:00:00,0.001711928603137629
2018-05-08 21:30:00,0.0016154945736542854
2018-05-08 22:00:00,0.001586965955521417
2018-05-08 22:30:00,0.0015626006568954121
2018-05-08 23:00:00,0.0015358184993972302
2018-05-08 23:30:00,0.001526721586653546
2018-05-09 00:00:00,0.0015262955952702148
2018-05-09 00:30:00,0.0015183133986599933
2018-05-09 01:00:00,0.0015261583464965139
2018-05-09 01:30:00,0.0015364269556225668
2018-05-09 02:00:00,0.0015465922480332565
2018-05-09 02:30:00,0.0015792400099743976
2018-05-09 03:00:00,0.001630621549284052
2018-05-09 03:30:00,0.0017477618971121146
2018-05-09 04:00:00,0.001924175868837204
2018-05-09 04:30:00,0.0021755129457704248
2018-05-09 05:00:00,0.002660787636439738
2018-05-09 05:30:00,0.0033165682793182593
2018-05-09 06:00:00,0.003484830554198316
2018-05-09 06:30:00,0.0036551501201719846
2018-05-09 07:00:00,0.003891154148243788
2018-05-09 07:30:00,0.004105406926636633
2018-05-09 08:00:00,0.004344314946691705
2018-05-09 08:30:00,0.004613256279598674
2018-05-09 09:00:00,0.00488272515997867
2018-05-09 09:30:00,0.005117435048155705
2018-05-09 10:00:00,0.005326133132592956
2018-05-09 10:30:00,0.005482999757833819
2018-05-09 11:00:00,0.00559677843103325
2018-05-09 11:30:00,0.0056095541711112095
2018-05-09 12:00:00,0.005573348744893161
2018-05-09 12:30:00,0.00549893862198207
2018-05-09 13:00:00,0.005372064495088973
2018-05-09 13:30:00,0.005145763675218323
2018-05-09 14:00:00,0.004905523421731294
2018-05-09 14:30:00,0.004684168839590903
2018-05-09 15:00:00,0.004422104830658748
2018-05-09 15:30:00,0.00411933019450824
2018-05-09 16:00:00,0.003797194998251242
2018-05-09 16:30:00,0.0034390077902946696
2018-05-09 17:00:00,0.003167954666926806
2018-05-09 17:30:00,0.0028749382185153725
2018-05-09 18:00:00,0.0025834965697359488
2018-05-09 18:30:00,0.0023296291536033737
2018-05-09 19:00:00,0.002328443932414733
2018-05-09 19:30:00,0.002253703212020167
2018-05-09 20:00:00,0.002073057416444023
2018-05-09 20:30:00,0.001832526499664816
2018-05-09 21:00:00,0.001706972441880876
2018-05-09 21:30:00,0.0016202741121451145
2018-05-09 22:00:00,0.0015881464550321284
2018-05-09 22:30:00,0.0015582756799408072
2018-05-09 23:00:00,0.0015377931211128628
2018-05-09 23:30:00,0.0015330977725403622
2018-05-10 00:00:00,0.0015272598579374622
2018-05-10 00:30:00,0.0015352984745975148
2018-05-10 01:00:00,0.0015281749831428711
2018-05-10 01:30:00,0.0015438319871272873
2018-05-10 02:00:00,0.0015543715725494065
2018-05-10 02:30:00,0.001575548218032927
2018-05-10 03:00:00,0.0016416307415890164
2018-05-10 03:30:00,0.0017511129279582961
2018-05-10 04:00:00,0.0019338992442051064
2018-05-10 04:30:00,0.00219073331458906
2018-05-10 05:00:00,0.002574882148453866
2018-05-10 05:30:00,0.0031372523963493285
2018-05-10 06:00:00,0.0033756163830728422
2018-05-10 06:30:00,0.0036102423214168676
2018-05-10 07:00:00,0.0038906245200313353
2018-05-10 07:30:00,0.004223080103814728
2018-05-10 08:00:00,0.004563433854346893
2018-05-10 08:30:00,0.00490995043494623
2018-05-10 09:00:00,0.0052403324018343595
2018-05-10 09:30:00,0.005506964674177125
2018-05-10 10:00:00,0.005737346064148219
2018-05-10 10:30:00,0.005911495070979257
2018-05-10 11:00:00,0.0060388030320427544
2018-05-10 11:30:00,0.00606220422805839
2018-05-10 12:00:00,0.006020815920014552
2018-05-10 12:30:00,0.005918119505085328
2018-05-10 13:00:00,0.005767856666613151
2018-05-10 13:30:00,0.005541508549934772
2018-05-10 14:00:00,0.0052890558765552554
2018-05-10 14:30:00,0.005029896339777006
2018-05-10 15:00:00,0.004726946361315605
2018-05-10 15:30:00,0.004397652060948397
2018-05-10 16:00:00,0.004066229964432398
2018-05-10 16:30:00,0.003672910111488953
2018-05-10 17:00:00,0.0033671424917304793
2018-05-10 17:30:00,0.003045991965392794
2018-05-10 18:00:00,0.0027129495330627234
2018-05-10 18:30:00,0.002435637305414997
2018-05-10 19:00:00,0.0024213467070061953
2018-05-10 19:30:00,0.002340643067586267
2018-05-10 20:00:00,0.002140426557221569
2018-05-10 20:30:00,0.0018663336336086464
2018-05-10 21:00:00,0.001732075922832608
2018-05-10 21:30:00,0.0016372991222739347
2018-05-10 22:00:00,0.0016112382611007505
2018-05-10 22:30:00,0.0015760591996189816
2018-05-10 23:00:00,0.0015564454295299895
2018-05-10 23:30:00,0.001544243413334634
2018-05-11 00:00:00,0.0015400505633336036
2018-05-11 00:30:00,0.0015342061664271058
2018-05-11 01:00:00,0.0015467090895548916
2018-05-11 01:30:00,0.001550899938844935
2018-05-11 02:00:00,0.0015529886010868209
2018-05-11 02:30:00,0.0015930118640385157
2018-05-11 03:00:00,0.0016382785103162428
2018-05-11 03:30:00,0.001759715585059776
2018-05-11 04:00:00,0.001940821464134468
2018-05-11 04:30:00,0.0021975696640028635
2018-05-11 05:00:00,0.0026270078722222083
2018-05-11 05:30:00,0.0032020715909598487
2018-05-11 06:00:00,0.0034394353022183504
2018-05-11 06:30:00,0.003685381663468464
2018-05-11 07:00:00,0.004014915969125662
2018-05-11 07:30:00,0.004360771594843367
2018-05-11 08:00:00,0.004706970302481106
2018-05-11 08:30:00,0.00505483760308192
2018-05-11 09:00:00,0.005396967264714498
2018-05-11 09:30:00,0.005671829901858301
2018-05-11 10:00:00,0.005917983056596021
2018-05-11 10:30:00,0.006111697176224849
2018-05-11 11:00:00,0.006253396011331812
2018-05-11 11:30:00,0.006306670143206636
2018-05-11 12:00:00,0.006285925251154089
2018-05-11 12:30:00,0.006186255431777409
2018-05-11 13:00:00,0.006031872329098809
2018-05-11 13:30:00,0.005787995503293546
2018-05-11 14:00:00,0.005518108794431046
2018-05-11 14:30:00,0.00526181747692362
2018-05-11 15:00:00,0.0049461986763794
2018-05-11 15:30:00,0.004563422170194729
2018-05-11 16:00:00,0.004154969499545436
2018-05-11 16:30:00,0.0037244709145030333
2018-05-11 17:00:00,0.00341501134274621
2018-05-11 17:30:00,0.0030865816696391004
2018-05-11 18:00:00,0.0027692235309913077
2018-05-11 18:30:00,0.002478915405028623
2018-05-11 19:00:00,0.0024631060268954443
2018-05-11 19:30:00,0.002348184787665613
2018-05-11 20:00:00,0.0021657964528483172
2018-05-11 20:30:00,0.0019029375214268478
2018-05-11 21:00:00,0.0017551788528543171
2018-05-11 21:30:00,0.0016432701241716838
2018-05-11 22:00:00,0.001625374244564485
2018-05-11 22:30:00,0.0015753762369164928
2018-05-11 23:00:00,0.0015553875335885552
2018-05-11 23:30:00,0.001545590131914137
2018-05-12 00:00:00,0.0014482069651386073
2018-05-12 00:30:00,0.0013498257636943717
2018-05-12 01:00:00,0.001317190486189789
2018-05-12 01:30:00,0.0012790503724474055
2018-05-12 02:00:00,0.0012777233408640134
2018-05-12 02:30:00,0.0012789496166421051
2018-05-12 03:00:00,0.001287639024571977
2018-05-12 03:30:00,0.0012789929120278617
2018-05-12 04:00:00,0.0012461179493470482
2018-05-12 04:30:00,0.0012347982466969162
2018-05-12 05:00:00,0.0013503852425147487
2018-05-12 05:30:00,0.0016619933377861862
2018-05-12 06:00:00,0.0016048933663337693
2018-05-12 06:30:00,0.001488811474646217
2018-05-12 07:00:00,0.0014431875814146684
2018-05-12 07:30:00,0.001342567024177013
2018-05-12 08:00:00,0.001303353408947498
2018-05-12 08:30:00,0.001390035893052243
2018-05-12 09:00:00,0.0013749946278811555
2018-05-12 09:30:00,0.0014351972219036199
2018-05-12 10:00:00,0.0015574996441632075
2018-05-12 10:30:00,0.0015755242895295236
2018-05-12 11:00:00,0.0016146521142719208
2018-05-12 11:30:00,0.001702985024883981
2018-05-12 12:00:00,0.00174254788422337
2018-05-12 12:30:00,0.0017409157042002554
2018-05-12 13:00:00,0.0018084616278006044
2018-05-12 13:30:00,0.0018057753131727112
2018-05-12 14:00:00,0.0017737736208234605
2018-05-12 14:30:00,0.0018133125516594465
2018-05-12 15:00:00,0.0017588443154392
2018-05-12 15:30:00,0.0017131425545360412
2018-05-12 16:00:00,0.0017089116109978205
2018-05-12 16:30:00,0.00161768119070609
2018-05-12 17:00:00,0.00157995906550309
2018-05-12 17:30:00,0.0015741167493360186
2018-05-12 18:00:00,0.0015256921808365655
2018-05-12 18:30:00,0.001475442563774861
2018-05-12 19:00:00,0.001633873024751525
2018-05-12 19:30:00,0.0017303473885683643
2018-05-12 20:00:00,0.0016659695508015548
2018-05-12 20:30:00,0.0015898955566053176
2018-05-12 21:00:00,0.0015285491160974215
2018-05-12 21:30:00,0.001464891614314336
2018-05-12 22:00:00,0.0014593911796407064
2018-05-12 22:30:00,0.0014282360281242332
2018-05-12 23:00:00,0.001388520154408566
2018-05-12 23:30:00,0.001365969580676121
2018-05-13 00:00:00,0.001304755427178679
2018-05-13 00:30:00,0.0012387881445754352
2018-05-13 01:00:00,0.0012439075638487193
2018-05-13 01:30:00,0.0012178278159638185
2018-05-13 02:00:00,0.0012107901950247327
2018-05-13 02:30:00,0.0012020871022317102
2018-05-13 03:00:00,0.0012060628350764417
2018-05-13 03:30:00,0.0012115172533973726
2018-05-13 04:00:00,0.001229410011895432
2018-05-13 04:30:00,0.0012249211366967799
2018-05-13 05:00:00,0.0015810593765174462
2018-05-13 05:30:00,0.0016791967313065986
2018-05-13 06:00:00,0.0015840971760515184
2018-05-13 06:30:00,0.0013939269558080089
2018-05-13 07:00:00,0.0012876831202421285
2018-05-13 07:30:00,0.0014757849254389394
2018-05-13 08:00:00,0.001380400228854006
2018-05-13 08:30:00,0.001282789781310364
2018-05-13 09:00:00,0.001308632725042855
2018-05-13 09:30:00,0.0012374938446237885
2018-05-13 10:00:00,0.0012522706958308471
2018-05-13 10:30:00,0.0013233926102207449
2018-05-13 11:00:00,0.0012489411126064454
2018-05-13 11:30:00,0.0013062284306356755
2018-05-13 12:00:00,0.0013452939132237208
2018-05-13 12:30:00,0.001302177391029397
2018-05-13 13:00:00,0.0013727507104666862
2018-05-13 13:30:00,0.0014160305707059805
2018-05-13 14:00:00,0.0013787173108002638
2018-05-13 14:30:00,0.0014316720491731384
2018-05-13 15:00:00,0.001500145662443894
2018-05-13 15:30:00,0.0014706142079359513
2018-05-13 16:00:00,0.0014786846759149153
2018-05-13 16:30:00,0.0014997047057423807
2018-05-13 17:00:00,0.0014182937749743637
2018-05-13 17:30:00,0.0014080757438220595
2018-05-13 18:00:00,0.001435063254295937
2018-05-13 18:30:00,0.0013242146623510431
2018-05-13 19:00:00,0.001462187853486637
2018-05-13 19:30:00,0.0015993753254034552
2018-05-13 20:00:00,0.0014891244658730078
2018-05-13 20:30:00,0.001386193407559239
2018-05-13 21:00:00,0.0013270671960477279
2018-05-13 21:30:00,0.0012740590787057226
2018-05-13 22:00:00,0.0012753462561262557
2018-05-13 22:30:00,0.001272857691772308
2018-05-13 23:00:00,0.001256315573247286
2018-05-13 23:30:00,0.0012494710609326559
2018-05-14 00:00:00,0.001377352665850318
2018-05-14 00:30:00,0.0014940963927323374
2018-05-14 01:00:00,0.001534370944983987
2018-05-14 01:30:00,0.0015663230197007624
2018-05-14 02:00:00,0.0015949274247658146
2018-05-14 02:30:00,0.0016224279975651733
2018-05-14 03:00:00,0.0016762310373964944
2018-05-14 03:30:00,0.0018065765579087455
2018-05-14 04:00:00,0.0019707282520235537
2018-05-14 04:30:00,0.002225998566700144
2018-05-14 05:00:00,0.002732834199419342
2018-05-14 05:30:00,0.0034383671626366636
2018-05-14 06:00:00,0.003625911249638766
2018-05-14 06:30:00,0.0037803049160713784
2018-05-14 07:00:00,0.003987600742192129
2018-05-14 07:30:00,0.004167008657866457
2018-05-14 08:00:00,0.00434458616307309
2018-05-14 08:30:00,0.004542340758554185
2018-05-14 09:00:00,0.004734094981700245
2018-05-14 09:30:00,0.004895894159808215
2018-05-14 10:00:00,0.005040074276681133
2018-05-14 10:30:00,0.00512426219429897
2018-05-14 11:00:00,0.005187017055313205
2018-05-14 11:30:00,0.005192774621362871
2018-05-14 12:00:00,0.00516781607191503
2018-05-14 12:30:00,0.00509869246765885
2018-05-14 13:00:00,0.004974110755414544
2018-05-14 13:30:00,0.004772968636118867
2018-05-14 14:00:00,0.0045602249540092205
2018-05-14 14:30:00,0.0043504746556497385
2018-05-14 15:00:00,0.004108572691645428
2018-05-14 15:30:00,0.003799149292743247
2018-05-14 16:00:00,0.0034873205590641746
2018-05-14 16:30:00,0.0031459403637672896
2018-05-14 17:00:00,0.002900644393644798
2018-05-14 17:30:00,0.002634355923478022
2018-05-14 18:00:00,0.0023829140893175263
2018-05-14 18:30:00,0.0021685062158089768
2018-05-14 19:00:00,0.0021740472249014205
2018-05-14 19:30:00,0.0021573787414704663
2018-05-14 20:00:00,0.0020029196117743626
2018-05-14 20:30:00,0.0017875401129821339
2018-05-14 21:00:00,0.0016912016374555248
2018-05-14 21:30:00,0.0016004768368444037
2018-05-14 22:00:00,0.0015700807550763614
2018-05-14 22:30:00,0.0015446689245473284
2018-05-14 23:00:00,0.0015286260234277584
2018-05-14 23:30:00,0.001520786357468243
2018-05-15 00:00:00,0.0015166059118753316
2018-05-15 00:30:00,0.0015258174253443457
2018-05-15 01:00:00,0.001526376263937207
2018-05-15 01:30:00,0.0015356323532470092
2018-05-15 02:00:00,0.001548718123499499
2018-05-15 02:30:00,0.001592515047486248
2018-05-15 03:00:00,0.0016586721575479293
2018-05-15 03:30:00,0.0017767956547549558
2018-05-15 04:00:00,0.001957543886733629
2018-05-15 04:30:00,0.002176763470165678
2018-05-15 05:00:00,0.002660791317747954
2018-05-15 05:30:00,0.003333294623310955
2018-05-15 06:00:00,0.0035438368030790523
2018-05-15 06:30:00,0.003733915870929999
2018-05-15 07:00:00,0.003950214736434929
2018-05-15 07:30:00,0.004141923743512684
2018-05-15 08:00:00,0.004357919381260439
2018-05-15 08:30:00,0.004599059474520937
2018-05-15 09:00:00,0.00483185300168628
2018-05-15 09:30:00,0.00503724126992368
2018-05-15 10:00:00,0.005225382449112713
2018-05-15 10:30:00,0.005373742291322588
2018-05-15 11:00:00,0.005492243442735502
2018-05-15 11:30:00,0.005549570054728515
2018-05-15 12:00:00,0.005539864125560418
2018-05-15 12:30:00,0.005440959458093569
2018-05-15 13:00:00,0.005293244725134311
2018-05-15 13:30:00,0.005093556962669232
2018-05-15 14:00:00,0.004864028755891392
2018-05-15 14:30:00,0.004606731801013508
2018-05-15 15:00:00,0.004319447789721747
2018-05-15 15:30:00,0.003990150128160079
2018-05-15 16:00:00,0.0036395922714240786
2018-05-15 16:30:00,0.003235436887889332
2018-05-15 17:00:00,0.0029542240741015423
2018-05-15 17:30:00,0.0026819849292606434
2018-05-15 18:00:00,0.0024203161807910614
2018-05-15 18:30:00,0.002172648007665621
2018-05-15 19:00:00,0.0021605577912002134
2018-05-15 19:30:00,0.002133087789264735
2018-05-15 20:00:00,0.0020005270015193465
2018-05-15 20:30:00,0.0018005735446352063
2018-05-15 21:00:00,0.0016922793004215096
2018-05-15 21:30:00,0.0015986043314175427
2018-05-15 22:00:00,0.0015725610765010432
2018-05-15 22:30:00,0.001542645405455176
2018-05-15 23:00:00,0.001520236001889966
2018-05-15 23:30:00,0.0015137963534506455
2018-05-16 00:00:00,0.0015159338330406114
2018-05-16 00:30:00,0.001515812830040124
2018-05-16 01:00:00,0.0015150862518381208
2018-05-16 01:30:00,0.0015306636275252584
2018-05-16 02:00:00,0.0015373738521184477
2018-05-16 02:30:00,0.001565126354445277
2018-05-16 03:00:00,0.0016346876342369517
2018-05-16 03:30:00,0.001755144520653782
2018-05-16 04:00:00,0.0019156093845903673
2018-05-16 04:30:00,0.002128881574514312
2018-05-16 05:00:00,0.0026309924081952822
2018-05-16 05:30:00,0.0032829717802271294
2018-05-16 06:00:00,0.0034782386916671114
2018-05-16 06:30:00,0.0037016591279441383
2018-05-16 07:00:00,0.00390043312568728
2018-05-16 07:30:00,0.0040723440571799295
2018-05-16 08:00:00,0.004268973372773553
2018-05-16 08:30:00,0.0044906274213344635
2018-05-16 09:00:00,0.004710223778659565
2018-05-16 09:30:00,0.004912015168684713
2018-05-16 10:00:00,0.005103193107038105
2018-05-16 10:30:00,0.005271398481697694
2018-05-16 11:00:00,0.005399134995054587
2018-05-16 11:30:00,0.005443992055779076
2018-05-16 12:00:00,0.005425659140863898
2018-05-16 12:30:00,0.005332855601537387
2018-05-16 13:00:00,0.005192615124682995
2018-05-16 13:30:00,0.004998436359934569
2018-05-16 14:00:00,0.00477759163898208
2018-05-16 14:30:00,0.004544052166732381
2018-05-16 15:00:00,0.004275767787285071
2018-05-16 15:30:00,0.003970405031401907
2018-05-16 16:00:00,0.0036358986388285003
2018-05-16 16:30:00,0.0032656236952881444
2018-05-16 17:00:00,0.002998160727743617
2018-05-16 17:30:00,0.002698928470438077
2018-05-16 18:00:00,0.002423700103325868
2018-05-16 18:30:00,0.0021717961049273985
2018-05-16 19:00:00,0.002132697170451652
2018-05-16 19:30:00,0.002158080910998429
2018-05-16 20:00:00,0.0020152664794451697
2018-05-16 20:30:00,0.0018328130815065797
2018-05-16 21:00:00,0.0017175179494075166
2018-05-16 21:30:00,0.0016092630791860417
2018-05-16 22:00:00,0.00158452612848711
2018-05-16 22:30:00,0.001550111898801414
2018-05-16 23:00:00,0.001535409794156826
2018-05-16 23:30:00,0.0015302748493662833
2018-05-17 00:00:00,0.0015266658868596707
2018-05-17 00:30:00,0.0015297460214382256
2018-05-17 01:00:00,0.0015331537124195563
2018-05-17 01:30:00,0.0015357573576694704
2018-05-17 02:00:00,0.0015593181303934225
2018-05-17 02:30:00,0.0015885853309942153
2018-05-17 03:00:00,0.0016342715663801156
2018-05-17 03:30:00,0.0017564554665208394
2018-05-17 04:00:00,0.0019211376691609344
2018-05-17 04:30:00,0.002135743693085627
2018-05-17 05:00:00,0.0025466600392441913
2018-05-17 05:30:00,0.0030839730626259386
2018-05-17 06:00:00,0.003352152604817535
2018-05-17 06:30:00,0.00361138904892612
2018-05-17 07:00:00,0.003904297458944261
2018-05-17 07:30:00,0.004165788624306645
2018-05-17 08:00:00,0.004449497205007936
2018-05-17 08:30:00,0.004746147744855976
2018-05-17 09:00:00,0.005031642960468572
2018-05-17 09:30:00,0.0052981933637177535
2018-05-17 10:00:00,0.005528846690326187
2018-05-17 10:30:00,0.0057250168027340965
2018-05-17 11:00:00,0.005852359816254085
2018-05-17 11:30:00,0.005853540875963872
2018-05-17 12:00:00,0.005800372541686036
2018-05-17 12:30:00,0.005705858394465723
2018-05-17 13:00:00,0.005560086431903186
2018-05-17 13:30:00,0.005355600084178682
2018-05-17 14:00:00,0.005117018660185112
2018-05-17 14:30:00,0.004854277930768748
2018-05-17 15:00:00,0.004561336629061982
2018-05-17 15:30:00,0.00422483328683833
2018-05-17 16:00:00,0.003886405900872794
2018-05-17 16:30:00,0.003524634139083649
2018-05-17 17:00:00,0.0032555140226428908
2018-05-17 17:30:00,0.0029639640153564166
2018-05-17 18:00:00,0.0026897740972748486
2018-05-17 18:30:00,0.002425109004002844
2018-05-17 19:00:00,0.0023517254859133528
2018-05-17 19:30:00,0.0023622974828534597
2018-05-17 20:00:00,0.0021371998905703334
2018-05-17 20:30:00,0.0018896041431826188
2018-05-17 21:00:00,0.0017459245241701836
2018-05-17 21:30:00,0.0016440226315880772
2018-05-17 22:00:00,0.0016114779462769813
2018-05-17 22:30:00,0.0015768618848669268
2018-05-17 23:00:00,0.0015501133393133245
2018-05-17 23:30:00,0.0015425007140366029
2018-05-18 00:00:00,0.0015443541726948688
2018-05-18 00:30:00,0.0015447006158093607
2018-05-18 01:00:00,0.0015456547148647944
2018-05-18 01:30:00,0.0015527219463264863
2018-05-18 02:00:00,0.0015562423173505991
2018-05-18 02:30:00,0.0015842903647044137
2018-05-18 03:00:00,0.0016406985703259992
2018-05-18 03:30:00,0.0017573855570444303
2018-05-18 04:00:00,0.001941814216926169
2018-05-18 04:30:00,0.00217006677037876
2018-05-18 05:00:00,0.0026433700868152875
2018-05-18 05:30:00,0.0032488883881102272
2018-05-18 06:00:00,0.003532587685512539
2018-05-18 06:30:00,0.0038180276014734543
2018-05-18 07:00:00,0.0041669445550864374
2018-05-18 07:30:00,0.004498510542736613
2018-05-18 08:00:00,0.004822629323894466
2018-05-18 08:30:00,0.005123838363683504
2018-05-18 09:00:00,0.005392381875217837
2018-05-18 09:30:00,0.0056162359856083855
2018-05-18 10:00:00,0.0058109335747299345
2018-05-18 10:30:00,0.005979213215781358
2018-05-18 11:00:00,0.0060843582608732325
2018-05-18 11:30:00,0.006101352219967536
2018-05-18 12:00:00,0.006065294846362516
2018-05-18 12:30:00,0.005980982644578173
2018-05-18 13:00:00,0.005839597761039275
2018-05-18 13:30:00,0.005607654135901169
2018-05-18 14:00:00,0.005347946804454707
2018-05-18 14:30:00,0.005090632723490775
2018-05-18 15:00:00,0.0047714209661278385
2018-05-18 15:30:00,0.004386865107619857
2018-05-18 16:00:00,0.003972625100341413
2018-05-18 16:30:00,0.003522625985451876
2018-05-18 17:00:00,0.0032130143596600484
2018-05-18 17:30:00,0.002901734941189539
2018-05-18 18:00:00,0.0026230312590646426
2018-05-18 18:30:00,0.002370381795752453
2018-05-18 19:00:00,0.0023193679871221914
2018-05-18 19:30:00,0.002328160551710548
2018-05-18 20:00:00,0.0021503105496675006
2018-05-18 20:30:00,0.0018807625211608634
2018-05-18 21:00:00,0.0017456776364344
2018-05-18 21:30:00,0.001646201405852813
2018-05-18 22:00:00,0.0016188441639885562
2018-05-18 22:30:00,0.001576236782726179
2018-05-18 23:00:00,0.0015559330874604638
2018-05-18 23:30:00,0.0015476591071599119
2018-05-19 00:00:00,0.001462044282466217
2018-05-19 00:30:00,0.0013580311596222924
2018-05-19 01:00:00,0.0013285560451357405
2018-05-19 01:30:00,0.0013021140885337715
2018-05-19 02:00:00,0.0012966471857762823
2018-05-19 02:30:00,0.00129969634934876
2018-05-19 03:00:00,0.0012964354305254285
2018-05-19 03:30:00,0.001284991043566593
2018-05-19 04:00:00,0.0012677679630500693
2018-05-19 04:30:00,0.0012075035870723295
2018-05-19 05:00:00,0.0014308819283901913
2018-05-19 05:30:00,0.0018101715954668895
2018-05-19 06:00:00,0.0016487895255854691
2018-05-19 06:30:00,0.0015069463992021309
2018-05-19 07:00:00,0.001468571241933006
2018-05-19 07:30:00,0.0013945932725950867
2018-05-19 08:00:00,0.0013631064031969856
2018-05-19 08:30:00,0.0013695025961936707
2018-05-19 09:00:00,0.001395504796520719
2018-05-19 09:30:00,0.0014080303676968766
2018-05-19 10:00:00,0.0014969077918111316
2018-05-19 10:30:00,0.0015521487826429588
2018-05-19 11:00:00,0.0015427825742004378
2018-05-19 11:30:00,0.0016392055597591335
2018-05-19 12:00:00,0.0016597351753094899
2018-05-19 12:30:00,0.00166304211048552
2018-05-19 13:00:00,0.0017943563752576288
2018-05-19 13:30:00,0.001784034227105566
2018-05-19 14:00:00,0.0018244785997057842
2018-05-19 14:30:00,0.001885386804479109
2018-05-19 15:00:00,0.001850600922720486
2018-05-19 15:30:00,0.0018533470986211074
2018-05-19 16:00:00,0.0018427192418302458
2018-05-19 16:30:00,0.0018481087570867616
2018-05-19 17:00:00,0.0017908626537038617
2018-05-19 17:30:00,0.0017750883280271733
2018-05-19 18:00:00,0.0017597546389382405
2018-05-19 18:30:00,0.0016339697791348513
2018-05-19 19:00:00,0.0017236385244586462
2018-05-19 19:30:00,0.001858970296920893
2018-05-19 20:00:00,0.00171130061997306
2018-05-19 20:30:00,0.0016148963610692017
2018-05-19 21:00:00,0.0015406878297971518
2018-05-19 21:30:00,0.00147106652867587
2018-05-19 22:00:00,0.0014586171445740937
2018-05-19 22:30:00,0.0014343125875336514
2018-05-19 23:00:00,0.0013977876877852135
2018-05-19 23:30:00,0.0013722943082763537
2018-05-20 00:00:00,0.0013147800295927698
2018-05-20 00:30:00,0.001252438435439989
2018-05-20 01:00:00,0.001254015715953623
2018-05-20 01:30:00,0.0012348305781864645
2018-05-20 02:00:00,0.00122060296215953
2018-05-20 02:30:00,0.001220751895085395
2018-05-20 03:00:00,0.0012167879264212665
2018-05-20 03:30:00,0.001217756110482048
2018-05-20 04:00:00,0.0012285518669389302
2018-05-20 04:30:00,0.0011787368043035804
2018-05-20 05:00:00,0.0016488458656068602
2018-05-20 05:30:00,0.001838125289290562
2018-05-20 06:00:00,0.0016233768147436015
2018-05-20 06:30:00,0.0013911299618483202
2018-05-20 07:00:00,0.0013066741890435574
2018-05-20 07:30:00,0.0015299366491810578
2018-05-20 08:00:00,0.0014095575504073981
2018-05-20 08:30:00,0.0013120429769342486
2018-05-20 09:00:00,0.001341464552394791
2018-05-20 09:30:00,0.0012986032408939564
2018-05-20 10:00:00,0.0013380460575741313
2018-05-20 10:30:00,0.0013762614780780617
2018-05-20 11:00:00,0.001339166935897433
2018-05-20 11:30:00,0.001404838193303055
2018-05-20 12:00:00,0.0014379460387427439
2018-05-20 12:30:00,0.0014325039448014924
2018-05-20 13:00:00,0.0014887362479131094
2018-05-20 13:30:00,0.0015186147057346206
2018-05-20 14:00:00,0.0015576336117708906
2018-05-20 14:30:00,0.0015729838667467952
2018-05-20 15:00:00,0.001603108011877498
2018-05-20 15:30:00,0.0016051264091495238
2018-05-20 16:00:00,0.0016004076922726965
2018-05-20 16:30:00,0.0016355280929083293
2018-05-20 17:00:00,0.0015618425474882556
2018-05-20 17:30:00,0.0015561389206067962
2018-05-20 18:00:00,0.0015313302644260939
2018-05-20 18:30:00,0.0013878762455845418
2018-05-20 19:00:00,0.0015022352049986142
2018-05-20 19:30:00,0.0016338732648368433
2018-05-20 20:00:00,0.00146595871352631
2018-05-20 20:30:00,0.0013571781364859169
2018-05-20 21:00:00,0.0013046955659059508
2018-05-20 21:30:00,0.0012529126039438846
2018-05-20 22:00:00,0.0012550733718097386
2018-05-20 22:30:00,0.0012484108441664769
2018-05-20 23:00:00,0.0012333957482950982
2018-05-20 23:30:00,0.0012197201684436697
2018-05-21 00:00:00,0.0013517005099175378
2018-05-21 00:30:00,0.001469233237184352
2018-05-21 01:00:00,0.0015126827577153358
2018-05-21 01:30:00,0.0015592263377733435
2018-05-21 02:00:00,0.001559662332711609
2018-05-21 02:30:00,0.0016037189489844581
2018-05-21 03:00:00,0.0016732366933050577
2018-05-21 03:30:00,0.0017649151928294151
2018-05-21 04:00:00,0.0019472758378066527
2018-05-21 04:30:00,0.0021476591274392186
2018-05-21 05:00:00,0.0026690948285426723
2018-05-21 05:30:00,0.003370046723799065
2018-05-21 06:00:00,0.00360332714399018
2018-05-21 06:30:00,0.003806083917080728
2018-05-21 07:00:00,0.004020100611577118
2018-05-21 07:30:00,0.0042420684516492144
2018-05-21 08:00:00,0.0044782776726398354
2018-05-21 08:30:00,0.0047110899264600145
2018-05-21 09:00:00,0.004931563395481774
2018-05-21 09:30:00,0.0051150816518360336
2018-05-21 10:00:00,0.005276650348038312
2018-05-21 10:30:00,0.005388700807087258
2018-05-21 11:00:00,0.005457459161545668
2018-05-21 11:30:00,0.005450951088790595
2018-05-21 12:00:00,0.00540705741042052
2018-05-21 12:30:00,0.00533123278484169
2018-05-21 13:00:00,0.005207225116593746
2018-05-21 13:30:00,0.005016655074266614
2018-05-21 14:00:00,0.00479964659658885
2018-05-21 14:30:00,0.004573207567603226
2018-05-21 15:00:00,0.004315712542337639
2018-05-21 15:30:00,0.004003091847221512
2018-05-21 16:00:00,0.0036770713502563904
2018-05-21 16:30:00,0.003320046555383208
2018-05-21 17:00:00,0.0030667173305061086
2018-05-21 17:30:00,0.0027631870658300674
2018-05-21 18:00:00,0.002492327691314175
2018-05-21 18:30:00,0.0022695406001071623
2018-05-21 19:00:00,0.002197386718990221
2018-05-21 19:30:00,0.0022011572589161364
2018-05-21 20:00:00,0.002037367853546836
2018-05-21 20:30:00,0.001808979331775575
2018-05-21 21:00:00,0.0016982502222908187
2018-05-21 21:30:00,0.0016169876642495903
2018-05-21 22:00:00,0.001586892809527736
2018-05-21 22:30:00,0.001561324523399527
2018-05-21 23:00:00,0.001538133402037515
2018-05-21 23:30:00,0.0015425729797174498
2018-05-22 00:00:00,0.0015487032382097564
2018-05-22 00:30:00,0.0015454869752556527
2018-05-22 01:00:00,0.0015533713771128347
2018-05-22 01:30:00,0.0015662547554418896
2018-05-22 02:00:00,0.0015735021309208422
2018-05-22 02:30:00,0.0016036066690838732
2018-05-22 03:00:00,0.0016629331917793933
2018-05-22 03:30:00,0.0017846862188019776
2018-05-22 04:00:00,0.0019478498818030145
2018-05-22 04:30:00,0.0021612189861671648
2018-05-22 05:00:00,0.0026785124952717764
2018-05-22 05:30:00,0.0033018079139697327
2018-05-22 06:00:00,0.003533595323593982
2018-05-22 06:30:00,0.0037288166988519024
2018-05-22 07:00:00,0.003982090464020444
2018-05-22 07:30:00,0.004239060422694627
2018-05-22 08:00:00,0.004503769931750542
2018-05-22 08:30:00,0.004785756620548065
2018-05-22 09:00:00,0.005070273168374306
2018-05-22 09:30:00,0.005307531642234897
2018-05-22 10:00:00,0.005521318254967794
2018-05-22 10:30:00,0.005687074679350977
2018-05-22 11:00:00,0.0058156250019089
2018-05-22 11:30:00,0.005859277714647715
2018-05-22 12:00:00,0.005846893633752551
2018-05-22 12:30:00,0.005783584575794944
2018-05-22 13:00:00,0.005662081477588843
2018-05-22 13:30:00,0.00544332237779754
2018-05-22 14:00:00,0.0051890858705021005
2018-05-22 14:30:00,0.004929833900876257
2018-05-22 15:00:00,0.0046432943141285
2018-05-22 15:30:00,0.004326287340273129
2018-05-22 16:00:00,0.003987363057726886
2018-05-22 16:30:00,0.0035853581984177396
2018-05-22 17:00:00,0.0032783064423194327
2018-05-22 17:30:00,0.0029612672170029517
2018-05-22 18:00:00,0.0026682115546561753
2018-05-22 18:30:00,0.0024042715990742628
2018-05-22 19:00:00,0.0022882928640451947
2018-05-22 19:30:00,0.002276417283854462
2018-05-22 20:00:00,0.0020982231595216673
2018-05-22 20:30:00,0.0018499548531285956
2018-05-22 21:00:00,0.0017269901955323432
2018-05-22 21:30:00,0.001630196838355752
2018-05-22 22:00:00,0.0016089191169531736
2018-05-22 22:30:00,0.001564201305713373
2018-05-22 23:00:00,0.0015502509082007839
2018-05-22 23:30:00,0.001534496829719283
2018-05-23 00:00:00,0.0015321454341105972
2018-05-23 00:30:00,0.001528397862346812
2018-05-23 01:00:00,0.0015334783877985105
2018-05-23 01:30:00,0.0015418173511919171
2018-05-23 02:00:00,0.0015542648146111455
2018-05-23 02:30:00,0.001581684318601315
2018-05-23 03:00:00,0.0016384579340775482
2018-05-23 03:30:00,0.0017636789935248282
2018-05-23 04:00:00,0.0019349625020519856
2018-05-23 04:30:00,0.0021418199323812873
2018-05-23 05:00:00,0.002621651168625877
2018-05-23 05:30:00,0.003235613270569937
2018-05-23 06:00:00,0.003493940591606074
2018-05-23 06:30:00,0.003721476570411597
2018-05-23 07:00:00,0.004024481448382479
2018-05-23 07:30:00,0.004333997120075374
2018-05-23 08:00:00,0.004656095423221774
2018-05-23 08:30:00,0.004994679905014001
2018-05-23 09:00:00,0.005319899637413727
2018-05-23 09:30:00,0.005603297387656091
2018-05-23 10:00:00,0.005866376957485197
2018-05-23 10:30:00,0.006063509731991564
2018-05-23 11:00:00,0.0061992143569533295
2018-05-23 11:30:00,0.006220767856358343
2018-05-23 12:00:00,0.006183424265674064
2018-05-23 12:30:00,0.006081159124005177
2018-05-23 13:00:00,0.005920095887426629
2018-05-23 13:30:00,0.005700182137310564
2018-05-23 14:00:00,0.005435786739879595
2018-05-23 14:30:00,0.005135862556686344
2018-05-23 15:00:00,0.0048188793512774965
2018-05-23 15:30:00,0.0044785154371335175
2018-05-23 16:00:00,0.004112080418176103
2018-05-23 16:30:00,0.0037169403984052144
2018-05-23 17:00:00,0.0034144659489311804
2018-05-23 17:30:00,0.0030935426233331684
2018-05-23 18:00:00,0.0027823948516455975
2018-05-23 18:30:00,0.0025047216957358336
2018-05-23 19:00:00,0.0023934161414015317
2018-05-23 19:30:00,0.002358678836905671
2018-05-23 20:00:00,0.002148450768762516
2018-05-23 20:30:00,0.0018862287836908368
2018-05-23 21:00:00,0.0017464804817392237
2018-05-23 21:30:00,0.0016555396043415175
2018-05-23 22:00:00,0.0016164330671640211
2018-05-23 22:30:00,0.0015796456741341016
2018-05-23 23:00:00,0.0015514657399120307
2018-05-23 23:30:00,0.0015475296211448397
2018-05-24 00:00:00,0.001536795966756991
2018-05-24 00:30:00,0.001539991102203073
2018-05-24 01:00:00,0.0015328008670299064
2018-05-24 01:30:00,0.0015445666482016777
2018-05-24 02:00:00,0.0015475440262639455
2018-05-24 02:30:00,0.001576651810213302
2018-05-24 03:00:00,0.0016311374126049144
2018-05-24 03:30:00,0.0017473484701937812
2018-05-24 04:00:00,0.0019291106625006164
2018-05-24 04:30:00,0.0021322843837608347
2018-05-24 05:00:00,0.0025994523198849297
2018-05-24 05:30:00,0.003177345844242444
2018-05-24 06:00:00,0.0034543930176986256
2018-05-24 06:30:00,0.003732843009670383
2018-05-24 07:00:00,0.004050007079352446
2018-05-24 07:30:00,0.0043855445583400625
2018-05-24 08:00:00,0.004727820351903124
2018-05-24 08:30:00,0.005093415472388238
2018-05-24 09:00:00,0.005451640773882001
2018-05-24 09:30:00,0.005728688667594137
2018-05-24 10:00:00,0.005986648498036201
2018-05-24 10:30:00,0.006213239020857752
2018-05-24 11:00:00,0.006375496121696404
2018-05-24 11:30:00,0.006403373228303498
2018-05-24 12:00:00,0.006363653833336494
2018-05-24 12:30:00,0.006267541598208283
2018-05-24 13:00:00,0.00612707696169492
2018-05-24 13:30:00,0.005911645284360154
2018-05-24 14:00:00,0.005657959452756749
2018-05-24 14:30:00,0.005350499151474916
2018-05-24 15:00:00,0.005008491773297858
2018-05-24 15:30:00,0.004638080701381953
2018-05-24 16:00:00,0.004248171660528977
2018-05-24 16:30:00,0.003794918349205027
2018-05-24 17:00:00,0.003467112817897391
2018-05-24 17:30:00,0.0030991477352056325
2018-05-24 18:00:00,0.0027627014532593266
2018-05-24 18:30:00,0.0024813064147148497
2018-05-24 19:00:00,0.0023570412949771116
2018-05-24 19:30:00,0.0023031138109224046
2018-05-24 20:00:00,0.0021142433325644257
2018-05-24 20:30:00,0.001877606519621685
2018-05-24 21:00:00,0.0017385242143433924
2018-05-24 21:30:00,0.0016478242225485087
2018-05-24 22:00:00,0.0016212168471621427
2018-05-24 22:30:00,0.0015803768139571548
2018-05-24 23:00:00,0.0015597692507067491
2018-05-24 23:30:00,0.001552634635299018
2018-05-25 00:00:00,0.0015467483835186744
2018-05-25 00:30:00,0.0015465001352994194
2018-05-25 01:00:00,0.001542385953254394
2018-05-25 01:30:00,0.0015460124419892523
2018-05-25 02:00:00,0.0015549787483197116
2018-05-25 02:30:00,0.0015766858223000791
2018-05-25 03:00:00,0.001633049211995558
2018-05-25 03:30:00,0.0017593297679530618
2018-05-25 04:00:00,0.0019333705763339279
2018-05-25 04:30:00,0.0021393357695915103
2018-05-25 05:00:00,0.002571645478247696
2018-05-25 05:30:00,0.0030907238616379425
2018-05-25 06:00:00,0.0033802257010729056
2018-05-25 06:30:00,0.003686855067067657
2018-05-25 07:00:00,0.004003630678704504
2018-05-25 07:30:00,0.004285005710139112
2018-05-25 08:00:00,0.004591444128277274
2018-05-25 08:30:00,0.004923261565284285
2018-05-25 09:00:00,0.005241372771547548
2018-05-25 09:30:00,0.005487292643384194
2018-05-25 10:00:00,0.005698414629196296
2018-05-25 10:30:00,0.005845615019375042
2018-05-25 11:00:00,0.005942965934689463
2018-05-25 11:30:00,0.005944672701218168
2018-05-25 12:00:00,0.005885001656090704
2018-05-25 12:30:00,0.005777915041028701
2018-05-25 13:00:00,0.00561357439976829
2018-05-25 13:30:00,0.005369773520952092
2018-05-25 14:00:00,0.00510159774009715
2018-05-25 14:30:00,0.004832018260413799
2018-05-25 15:00:00,0.004547763965783721
2018-05-25 15:30:00,0.004234221823215466
2018-05-25 16:00:00,0.0038861137170402666
2018-05-25 16:30:00,0.003497237603255609
2018-05-25 17:00:00,0.0032091068110457503
2018-05-25 17:30:00,0.00288999933073945
2018-05-25 18:00:00,0.002590700329715387
2018-05-25 18:30:00,0.002350962014600751
2018-05-25 19:00:00,0.0022230908133802213
2018-05-25 19:30:00,0.0022167207896832443
2018-05-25 20:00:00,0.002079861674453597
2018-05-25 20:30:00,0.0018561600182402517
2018-05-25 21:00:00,0.0017289982691356769
2018-05-25 21:30:00,0.0016334139015942509
2018-05-25 22:00:00,0.0016041999999341487
2018-05-25 22:30:00,0.0015697187064161718
2018-05-25 23:00:00,0.0015477813105869921
2018-05-25 23:30:00,0.0015360368970085605
2018-05-26 00:00:00,0.0014526782340805748
2018-05-26 00:30:00,0.0013510396350643445
2018-05-26 01:00:00,0.001315116469152327
2018-05-26 01:30:00,0.0012868316976745425
2018-05-26 02:00:00,0.0012789636216190134
2018-05-26 02:30:00,0.0012717424954682087
2018-05-26 03:00:00,0.0012682149218845432
2018-05-26 03:30:00,0.0012506696468706892
2018-05-26 04:00:00,0.0012418449908781024
2018-05-26 04:30:00,0.0011499683409376025
2018-05-26 05:00:00,0.00129895552608453
2018-05-26 05:30:00,0.0015915367798420925
2018-05-26 06:00:00,0.0015318963055785083
2018-05-26 06:30:00,0.001444670668455039
2018-05-26 07:00:00,0.0014145774943304136
2018-05-26 07:30:00,0.0012887218093580884
2018-05-26 08:00:00,0.001259191795362056
2018-05-26 08:30:00,0.0012614612418487183
2018-05-26 09:00:00,0.0012457535798621137
2018-05-26 09:30:00,0.0012479950163949594
2018-05-26 10:00:00,0.001293842829200162
2018-05-26 10:30:00,0.0013529936894710317
2018-05-26 11:00:00,0.0013320451250400183
2018-05-26 11:30:00,0.0013955447307120177
2018-05-26 12:00:00,0.001431801535188211
2018-05-26 12:30:00,0.0014098633390746363
2018-05-26 13:00:00,0.0015274253567502988
2018-05-26 13:30:00,0.0015397539779369055
2018-05-26 14:00:00,0.0015181160485282451
2018-05-26 14:30:00,0.001593077167245128
2018-05-26 15:00:00,0.0015895135808636982
2018-05-26 15:30:00,0.001587255578443881
2018-05-26 16:00:00,0.001622842945023857
2018-05-26 16:30:00,0.0015882374473678129
2018-05-26 17:00:00,0.0015495564214030105
2018-05-26 17:30:00,0.0015704117527020342
2018-05-26 18:00:00,0.0015511624321264163
2018-05-26 18:30:00,0.0014559838087731336
2018-05-26 19:00:00,0.0015702527361927956
2018-05-26 19:30:00,0.001705987371819365
2018-05-26 20:00:00,0.0016407737170306674
2018-05-26 20:30:00,0.0015801862662427623
2018-05-26 21:00:00,0.0015251767176579002
2018-05-26 21:30:00,0.001463435816971827
2018-05-26 22:00:00,0.0014519623796894615
2018-05-26 22:30:00,0.0014174862079916108
2018-05-26 23:00:00,0.0013791191335948733
2018-05-26 23:30:00,0.0013499635726671494
2018-05-27 00:00:00,0.0012888316884054887
2018-05-27 00:30:00,0.001220587276585393
2018-05-27 01:00:00,0.001221772097631836
2018-05-27 01:30:00,0.0012058528404512566
2018-05-27 02:00:00,0.0011974110405131235
2018-05-27 02:30:00,0.0011872928848532852
2018-05-27 03:00:00,0.00118538284608831
2018-05-27 03:30:00,0.0011893833077208397
2018-05-27 04:00:00,0.0011970685988206054
2018-05-27 04:30:00,0.0011245020910697254
2018-05-27 05:00:00,0.0014726875047174578
2018-05-27 05:30:00,0.0015675782657739445
2018-05-27 06:00:00,0.001500370622387261
2018-05-27 06:30:00,0.0012802461573900568
2018-05-27 07:00:00,0.0012092664535371083
2018-05-27 07:30:00,0.0013749873452931632
2018-05-27 08:00:00,0.001263085579084764
2018-05-27 08:30:00,0.0011858581349903584
2018-05-27 09:00:00,0.0011891108108844236
2018-05-27 09:30:00,0.0010911023819112674
2018-05-27 10:00:00,0.001143292528573388
2018-05-27 10:30:00,0.001196781776893523
2018-05-27 11:00:00,0.001152717397862045
2018-05-27 11:30:00,0.0012319756436365951
2018-05-27 12:00:00,0.0013059900259144764
2018-05-27 12:30:00,0.0012972605237364268
2018-05-27 13:00:00,0.0013481109943217179
2018-05-27 13:30:00,0.0013876198344644605
2018-05-27 14:00:00,0.0013857819813518925
2018-05-27 14:30:00,0.0014271701293388517
2018-05-27 15:00:00,0.001485145852004455
2018-05-27 15:30:00,0.0014825398059013564
2018-05-27 16:00:00,0.00149626652392561
2018-05-27 16:30:00,0.0015004813017190568
2018-05-27 17:00:00,0.0014261859395901751
2018-05-27 17:30:00,0.001416943455115084
2018-05-27 18:00:00,0.0013832337958105353
2018-05-27 18:30:00,0.0012852380913592554
2018-05-27 19:00:00,0.0013732130347615394
2018-05-27 19:30:00,0.0015151023375544552
2018-05-27 20:00:00,0.0014370866133312104
2018-05-27 20:30:00,0.0013884576521973355
2018-05-27 21:00:00,0.001317900738590139
2018-05-27 21:30:00,0.0012733839587903025
2018-05-27 22:00:00,0.0012710705766903678
2018-05-27 22:30:00,0.0012591180891692983
2018-05-27 23:00:00,0.0012373064980469753
2018-05-27 23:30:00,0.0012254490843120035
2018-05-28 00:00:00,0.0013500440812772622
2018-05-28 00:30:00,0.0014663626970887853
2018-05-28 01:00:00,0.0014991185774516583
2018-05-28 01:30:00,0.0015432124069488637
2018-05-28 02:00:00,0.0015428387541649498
2018-05-28 02:30:00,0.0015760737647949662
2018-05-28 03:00:00,0.0016405073823840908
2018-05-28 03:30:00,0.001746832686901358
2018-05-28 04:00:00,0.001934499617558056
2018-05-28 04:30:00,0.002109665465741077
2018-05-28 05:00:00,0.002535814905240152
2018-05-28 05:30:00,0.0030482879012929233
2018-05-28 06:00:00,0.0033162645713904473
2018-05-28 06:30:00,0.0035575958525928546
2018-05-28 07:00:00,0.0038198211188305528
2018-05-28 07:30:00,0.004081525159841943
2018-05-28 08:00:00,0.004364289004815219
2018-05-28 08:30:00,0.004677800176377396
2018-05-28 09:00:00,0.004995444096582559
2018-05-28 09:30:00,0.005265767360582402
2018-05-28 10:00:00,0.0055088064486832275
2018-05-28 10:30:00,0.005728408968198168
2018-05-28 11:00:00,0.00590846695488636
2018-05-28 11:30:00,0.0059909534678809365
2018-05-28 12:00:00,0.005990711301823081
2018-05-28 12:30:00,0.005911192563478037
2018-05-28 13:00:00,0.00577091479337085
2018-05-28 13:30:00,0.005564447261598677
2018-05-28 14:00:00,0.0053211908162562336
2018-05-28 14:30:00,0.00506053354723319
2018-05-28 15:00:00,0.0047735207523228115
2018-05-28 15:30:00,0.004449654060749309
2018-05-28 16:00:00,0.004109496780036058
2018-05-28 16:30:00,0.00372798920478772
2018-05-28 17:00:00,0.003439477957376591
2018-05-28 17:30:00,0.0031117226839289473
2018-05-28 18:00:00,0.0028102422677016453
2018-05-28 18:30:00,0.0025245211318044103
2018-05-28 19:00:00,0.0023866458154502956
2018-05-28 19:30:00,0.002364008650946337
2018-05-28 20:00:00,0.0021374385353768515
2018-05-28 20:30:00,0.0018935019283273006
2018-05-28 21:00:00,0.0017654173712871274
2018-05-28 21:30:00,0.0016600913818935982
2018-05-28 22:00:00,0.0016262779257030487
2018-05-28 22:30:00,0.0015776312782840496
2018-05-28 23:00:00,0.001560745917782115
2018-05-28 23:30:00,0.0015484791585792233
2018-05-29 00:00:00,0.0015447781633672131
2018-05-29 00:30:00,0.0015353415298979527
2018-05-29 01:00:00,0.0015285315898691764
2018-05-29 01:30:00,0.0015395665513316527
2018-05-29 02:00:00,0.0015411132609814064
2018-05-29 02:30:00,0.0015749789757429338
2018-05-29 03:00:00,0.0016228147750131613
2018-05-29 03:30:00,0.0017373295497988934
2018-05-29 04:00:00,0.0019327682022699916
2018-05-29 04:30:00,0.002125674514830748
2018-05-29 05:00:00,0.0025440414286760945
2018-05-29 05:30:00,0.003091727898439609
2018-05-29 06:00:00,0.0034062824807956763
2018-05-29 06:30:00,0.003710662807555833
2018-05-29 07:00:00,0.004096384520370101
2018-05-29 07:30:00,0.004494305848526541
2018-05-29 08:00:00,0.004895397903455024
2018-05-29 08:30:00,0.005333639240016735
2018-05-29 09:00:00,0.005757971553769068
2018-05-29 09:30:00,0.006111204601179874
2018-05-29 10:00:00,0.006418211141209877
2018-05-29 10:30:00,0.006654275910867243
2018-05-29 11:00:00,0.006816417290582412
2018-05-29 11:30:00,0.006852541567962833
2018-05-29 12:00:00,0.006813963058428999
2018-05-29 12:30:00,0.006730865528299024
2018-05-29 13:00:00,0.006585224012092834
2018-05-29 13:30:00,0.006337445399720917
2018-05-29 14:00:00,0.006052247489760975
2018-05-29 14:30:00,0.0057582512531650365
2018-05-29 15:00:00,0.005429586376474307
2018-05-29 15:30:00,0.005051901679751301
2018-05-29 16:00:00,0.004649215138194699
2018-05-29 16:30:00,0.004183697388492599
2018-05-29 17:00:00,0.003837403607068763
2018-05-29 17:30:00,0.003468788293306262
2018-05-29 18:00:00,0.0030999567427002963
2018-05-29 18:30:00,0.002774789108814671
2018-05-29 19:00:00,0.002590115801993454
2018-05-29 19:30:00,0.0025434463372001506
2018-05-29 20:00:00,0.0022540795857710232
2018-05-29 20:30:00,0.0019454288614519843
2018-05-29 21:00:00,0.0017907567760784347
2018-05-29 21:30:00,0.0016764452735289718
2018-05-29 22:00:00,0.001645580385162479
2018-05-29 22:30:00,0.0016052771827294967
2018-05-29 23:00:00,0.001570824699449731
2018-05-29 23:30:00,0.0015621837887541813
2018-05-30 00:00:00,0.0015485949597311452
2018-05-30 00:30:00,0.0015483980897700342
2018-05-30 01:00:00,0.0015377728739176754
2018-05-30 01:30:00,0.0015540251294349147
2018-05-30 02:00:00,0.0015608718825458503
2018-05-30 02:30:00,0.0015744008502961585
2018-05-30 03:00:00,0.0016360142656781465
2018-05-30 03:30:00,0.001745363124667259
2018-05-30 04:00:00,0.0019377508529402109
2018-05-30 04:30:00,0.002126438866456184
2018-05-30 05:00:00,0.0025642903844892086
2018-05-30 05:30:00,0.0031661114519087935
2018-05-30 06:00:00,0.0034604815813739647
2018-05-30 06:30:00,0.003808696445487424
2018-05-30 07:00:00,0.0042343456272113346
2018-05-30 07:30:00,0.004650996091086799
2018-05-30 08:00:00,0.00507310609510332
2018-05-30 08:30:00,0.0055262021505437
2018-05-30 09:00:00,0.005953519845202248
2018-05-30 09:30:00,0.006301925897257615
2018-05-30 10:00:00,0.006607420459980598
2018-05-30 10:30:00,0.006826114096508409
2018-05-30 11:00:00,0.0069725610989579264
2018-05-30 11:30:00,0.006994057378028714
2018-05-30 12:00:00,0.006951320030580629
2018-05-30 12:30:00,0.006878147387429158
2018-05-30 13:00:00,0.0067151649088150935
2018-05-30 13:30:00,0.006429378949881883
2018-05-30 14:00:00,0.006106580637975386
2018-05-30 14:30:00,0.005793804127487598
2018-05-30 15:00:00,0.005460746889896223
2018-05-30 15:30:00,0.005126289474727777
2018-05-30 16:00:00,0.0047707812187826664
2018-05-30 16:30:00,0.004326223397549987
2018-05-30 17:00:00,0.003989082628805908
2018-05-30 17:30:00,0.003637411176334598
2018-05-30 18:00:00,0.003277924386549374
2018-05-30 18:30:00,0.0029251983193026485
2018-05-30 19:00:00,0.002689642930662548
2018-05-30 19:30:00,0.0026283115355012735
2018-05-30 20:00:00,0.002333636417653259
2018-05-30 20:30:00,0.0020003162866382065
2018-05-30 21:00:00,0.0018184862302146952
2018-05-30 21:30:00,0.0016906496012800186
2018-05-30 22:00:00,0.0016655994992974172
2018-05-30 22:30:00,0.001612667889143551
2018-05-30 23:00:00,0.0015864396885034225
2018-05-30 23:30:00,0.0015747330483484236
2018-05-31 00:00:00,0.0015594237679335307
2018-05-31 00:30:00,0.0015545226662431375
2018-05-31 01:00:00,0.001549882217180118
2018-05-31 01:30:00,0.0015588983011999308
2018-05-31 02:00:00,0.001577312845123374
2018-05-31 02:30:00,0.0015962014775222737
2018-05-31 03:00:00,0.001652393606357274
2018-05-31 03:30:00,0.0017590531896662326
2018-05-31 04:00:00,0.0019560640808592776
2018-05-31 04:30:00,0.00213490923654721
2018-05-31 05:00:00,0.0026453441483318438
2018-05-31 05:30:00,0.00324351135729027
2018-05-31 06:00:00,0.0035634909875299804
2018-05-31 06:30:00,0.003937329757537085
2018-05-31 07:00:00,0.004377032493432069
2018-05-31 07:30:00,0.004817732703796683
2018-05-31 08:00:00,0.005255280273816578
2018-05-31 08:30:00,0.005679572253235414
2018-05-31 09:00:00,0.006091777937582377
2018-05-31 09:30:00,0.00644431945924767
2018-05-31 10:00:00,0.006755614723349196
2018-05-31 10:30:00,0.006978788672032636
2018-05-31 11:00:00,0.007135538055609665
2018-05-31 11:30:00,0.007179602514669583
2018-05-31 12:00:00,0.00714548727123377
2018-05-31 12:30:00,0.007048974973936618
2018-05-31 13:00:00,0.006882814325905644
2018-05-31 13:30:00,0.006587312034107203
2018-05-31 14:00:00,0.006256271673247505
2018-05-31 14:30:00,0.005943568548838716
2018-05-31 15:00:00,0.005616861007720693
2018-05-31 15:30:00,0.005277540264285285
2018-05-31 16:00:00,0.004899125868251137
2018-05-31 16:30:00,0.004435730632820822
2018-05-31 17:00:00,0.0040899572763389
2018-05-31 17:30:00,0.0037289115325526813
2018-05-31 18:00:00,0.0033447290067148564
2018-05-31 18:30:00,0.0029814164573804787
2018-05-31 19:00:00,0.0027462661727010052
2018-05-31 19:30:00,0.0026820455908177663
2018-05-31 20:00:00,0.002371667052490439
2018-05-31 20:30:00,0.0020041277210966933
2018-05-31 21:00:00,0.0018316670742532827
2018-05-31 21:30:00,0.0016944481511597504
2018-05-31 22:00:00,0.0016565320370194603
2018-05-31 22:30:00,0.0016015479374783513
2018-05-31 23:00:00,0.0015699427860467047
2018-05-31 23:30:00,0.001553198435655127
2018-06-01 00:00:00,0.0015403722776602975
2018-06-01 00:30:00,0.001535423078877779
2018-06-01 01:00:00,0.0015296345418220358
2018-06-01 01:30:00,0.0015315356174017895
2018-06-01 02:00:00,0.0015360224918894547
2018-06-01 02:30:00,0.001555989267424976
2018-06-01 03:00:00,0.0016158024430609499
2018-06-01 03:30:00,0.0017170822745830087
2018-06-01 04:00:00,0.00190984581640774
2018-06-01 04:30:00,0.0020963159217520736
2018-06-01 05:00:00,0.0025138422968976034
2018-06-01 05:30:00,0.0030336122060333624
2018-06-01 06:00:00,0.0033527403336770473
2018-06-01 06:30:00,0.003665201292027981
2018-06-01 07:00:00,0.00404363849616738
2018-06-01 07:30:00,0.0044547070564178275
2018-06-01 08:00:00,0.00485496809603079
2018-06-01 08:30:00,0.005287705796781294
2018-06-01 09:00:00,0.005671223366315512
2018-06-01 09:30:00,0.005993909878492061
2018-06-01 10:00:00,0.006276786243451241
2018-06-01 10:30:00,0.006495334948475161
2018-06-01 11:00:00,0.006650755299757812
2018-06-01 11:30:00,0.006697003734931033
2018-06-01 12:00:00,0.006671342055613955
2018-06-01 12:30:00,0.006579831535784056
2018-06-01 13:00:00,0.006431901846436366
2018-06-01 13:30:00,0.006197228451227731
2018-06-01 14:00:00,0.005938790290802919
2018-06-01 14:30:00,0.005655437036372902
2018-06-01 15:00:00,0.005330161284065545
2018-06-01 15:30:00,0.004958199341021033
2018-06-01 16:00:00,0.00455632244718661
2018-06-01 16:30:00,0.004087438621291708
2018-06-01 17:00:00,0.0037313655246207756
2018-06-01 17:30:00,0.0033784550718494975
2018-06-01 18:00:00,0.0030340984588316192
2018-06-01 18:30:00,0.002715575586275691
2018-06-01 19:00:00,0.002499269438182769
2018-06-01 19:30:00,0.002465932951491497
2018-06-01 20:00:00,0.002226064029963636
2018-06-01 20:30:00,0.0019416213483870312
2018-06-01 21:00:00,0.0017866876500448345
2018-06-01 21:30:00,0.0016570139682819851
2018-06-01 22:00:00,0.0016234485202253723
2018-06-01 22:30:00,0.0015897078899147462
2018-06-01 23:00:00,0.0015596792187123386
2018-06-01 23:30:00,0.0015535275125982525
2018-06-02 00:00:00,0.0014546815860059792
2018-06-02 00:30:00,0.0013537989356290398
2018-06-02 01:00:00,0.0013197181844506406
2018-06-02 01:30:00,0.001280658543938677
2018-06-02 02:00:00,0.0012751542678999524
2018-06-02 02:30:00,0.0012674744987625107
2018-06-02 03:00:00,0.0012571529908379639
2018-06-02 03:30:00,0.001245961573776312
2018-06-02 04:00:00,0.0012275913656083384
2018-06-02 04:30:00,0.0011261237073388291
2018-06-02 05:00:00,0.0012218192343826876
2018-06-02 05:30:00,0.0014521887801447393
2018-06-02 06:00:00,0.001425287940470814
2018-06-02 06:30:00,0.0013618109028187468
2018-06-02 07:00:00,0.0013671356750677268
2018-06-02 07:30:00,0.0012976493018954016
2018-06-02 08:00:00,0.0013252139774747808
2018-06-02 08:30:00,0.0013430486353257802
2018-06-02 09:00:00,0.0013988551071109452
2018-06-02 09:30:00,0.00144907567384912
2018-06-02 10:00:00,0.0015794198338779
2018-06-02 10:30:00,0.0016943922913089959
2018-06-02 11:00:00,0.0017226640981795856
2018-06-02 11:30:00,0.0018633197625779782
2018-06-02 12:00:00,0.0019440040351155524
2018-06-02 12:30:00,0.0019419020881527136
2018-06-02 13:00:00,0.0020579122743584954
2018-06-02 13:30:00,0.002099765227521932
2018-06-02 14:00:00,0.002115770115132751
2018-06-02 14:30:00,0.002165015615364349
2018-06-02 15:00:00,0.0021834111925476364
2018-06-02 15:30:00,0.002150811927840818
2018-06-02 16:00:00,0.0021340226014662546
2018-06-02 16:30:00,0.002114419475159713
2018-06-02 17:00:00,0.0020177071867923113
2018-06-02 17:30:00,0.001968015287925315
2018-06-02 18:00:00,0.0019134282895008864
2018-06-02 18:30:00,0.0017769429871120315
2018-06-02 19:00:00,0.0017559477661008033
2018-06-02 19:30:00,0.0019096503069301004
2018-06-02 20:00:00,0.0017639971065717456
2018-06-02 20:30:00,0.0016731641075104532
2018-06-02 21:00:00,0.0015603388131105
2018-06-02 21:30:00,0.0014919833218164113
2018-06-02 22:00:00,0.0014804861160875216
2018-06-02 22:30:00,0.0014299836891855117
2018-06-02 23:00:00,0.001389373737744018
2018-06-02 23:30:00,0.0013608830530914616
2018-06-03 00:00:00,0.0012928233469096761
2018-06-03 00:30:00,0.001229041160817887
2018-06-03 01:00:00,0.0012295417387068095
2018-06-03 01:30:00,0.0011994198343724123
2018-06-03 02:00:00,0.0011947726629204765
2018-06-03 02:30:00,0.0011968193902600769
2018-06-03 03:00:00,0.0011750944699377062
2018-06-03 03:30:00,0.0011795245242333433
2018-06-03 04:00:00,0.0011949504861129923
2018-06-03 04:30:00,0.0010885545164836677
2018-06-03 05:00:00,0.0013420976573794861
2018-06-03 05:30:00,0.0013953728296240229
2018-06-03 06:00:00,0.0013574436708480985
2018-06-03 06:30:00,0.0011605317748346854
2018-06-03 07:00:00,0.0011503120630851522
2018-06-03 07:30:00,0.0013853495876934036
2018-06-03 08:00:00,0.0013233109011840396
2018-06-03 08:30:00,0.0012896441371230498
2018-06-03 09:00:00,0.001379838429208884
2018-06-03 09:30:00,0.001292377348416476
2018-06-03 10:00:00,0.001388866757579937
2018-06-03 10:30:00,0.0014849909969740689
2018-06-03 11:00:00,0.0014513308752735557
2018-06-03 11:30:00,0.00157011612764661
2018-06-03 12:00:00,0.0016426446218887388
2018-06-03 12:30:00,0.001646260866983344
2018-06-03 13:00:00,0.001732822828258238
2018-06-03 13:30:00,0.0018153306288177142
2018-06-03 14:00:00,0.0018134192295692678
2018-06-03 14:30:00,0.0018564528423002944
2018-06-03 15:00:00,0.0019524401530344828
2018-06-03 15:30:00,0.001890817374325076
2018-06-03 16:00:00,0.0018853409481832894
2018-06-03 16:30:00,0.0019232724277839586
2018-06-03 17:00:00,0.001771849417024698
2018-06-03 17:30:00,0.0017607396289713118
2018-06-03 18:00:00,0.0017296649060365124
2018-06-03 18:30:00,0.00153106513020611
2018-06-03 19:00:00,0.0015176285953033965
2018-06-03 19:30:00,0.001676292339181133
2018-06-03 20:00:00,0.0015036593911075301
2018-06-03 20:30:00,0.001452563953469003
2018-06-03 21:00:00,0.0013478071263370271
2018-06-03 21:30:00,0.0012864126687654458
2018-06-03 22:00:00,0.0012855168304139507
2018-06-03 22:30:00,0.001265686983538373
2018-06-03 23:00:00,0.0012460119116647424
2018-06-03 23:30:00,0.0012336973754834835
2018-06-04 00:00:00,0.0013521923647065578
2018-06-04 00:30:00,0.001470960651050443
2018-06-04 01:00:00,0.0015018743567650167
2018-06-04 01:30:00,0.0015308595371450956
2018-06-04 02:00:00,0.0015391076682596968
2018-06-04 02:30:00,0.0015628657110869572
2018-06-04 03:00:00,0.0016150113619367288
2018-06-04 03:30:00,0.0017357123350939612
2018-06-04 04:00:00,0.0019191206323723796
2018-06-04 04:30:00,0.0021087100862306114
2018-06-04 05:00:00,0.0025413771218690574
2018-06-04 05:30:00,0.0030592768464027
2018-06-04 06:00:00,0.0033918411888353406
2018-06-04 06:30:00,0.0037205891350462466
2018-06-04 07:00:00,0.004111907316661516
2018-06-04 07:30:00,0.004470141101169864
2018-06-04 08:00:00,0.004841176314885242
2018-06-04 08:30:00,0.0052090624095072376
2018-06-04 09:00:00,0.005549894009851514
2018-06-04 09:30:00,0.005864465078066114
2018-06-04 10:00:00,0.006108485795005553
2018-06-04 10:30:00,0.006225186466587134
2018-06-04 11:00:00,0.0062869146427513315
2018-06-04 11:30:00,0.0062778733497730835
2018-06-04 12:00:00,0.006209608290615603
2018-06-04 12:30:00,0.006116175247584172
2018-06-04 13:00:00,0.005946925261704102
2018-06-04 13:30:00,0.00564887710518905
2018-06-04 14:00:00,0.005344882675564046
2018-06-04 14:30:00,0.005080750331613634
2018-06-04 15:00:00,0.0047850038730463534
2018-06-04 15:30:00,0.004450126948798172
2018-06-04 16:00:00,0.004082101044492413
2018-06-04 16:30:00,0.0036540307623890325
2018-06-04 17:00:00,0.003356600025284538
2018-06-04 17:30:00,0.003041415859195113
2018-06-04 18:00:00,0.0027460922709020234
2018-06-04 18:30:00,0.0024730736490606283
2018-06-04 19:00:00,0.00226799829202158
2018-06-04 19:30:00,0.0023013511845429444
2018-06-04 20:00:00,0.0021270288361120017
2018-06-04 20:30:00,0.001895362189402922
2018-06-04 21:00:00,0.0017476877907771598
2018-06-04 21:30:00,0.001629032744675133
2018-06-04 22:00:00,0.0015994230223533826
2018-06-04 22:30:00,0.0015662865267323614
2018-06-04 23:00:00,0.0015394824414417631
2018-06-04 23:30:00,0.001532486675376523
2018-06-05 00:00:00,0.0015288264146402061
2018-06-05 00:30:00,0.001523567745882234
2018-06-05 01:00:00,0.0015216166525278073
2018-06-05 01:30:00,0.0015298249294795488
2018-06-05 02:00:00,0.0015397386124765258
2018-06-05 02:30:00,0.0015673822761256679
2018-06-05 03:00:00,0.0016241962259353972
2018-06-05 03:30:00,0.0017341113661622424
2018-06-05 04:00:00,0.0019096887205810485
2018-06-05 04:30:00,0.002078599786019938
2018-06-05 05:00:00,0.002495790922032502
2018-06-05 05:30:00,0.0030156887966429837
2018-06-05 06:00:00,0.0033010009071860564
2018-06-05 06:30:00,0.0035979698801947733
2018-06-05 07:00:00,0.003941446740577491
2018-06-05 07:30:00,0.004259171169392766
2018-06-05 08:00:00,0.00459852000281043
2018-06-05 08:30:00,0.004959533094993342
2018-06-05 09:00:00,0.00529927382767912
2018-06-05 09:30:00,0.005589285288216666
2018-06-05 10:00:00,0.005843475379017209
2018-06-05 10:30:00,0.006029218025846705
2018-06-05 11:00:00,0.0061651372870831465
2018-06-05 11:30:00,0.0061910712231513215
2018-06-05 12:00:00,0.006146570609096259
2018-06-05 12:30:00,0.006045125038676045
2018-06-05 13:00:00,0.0058970346522218865
2018-06-05 13:30:00,0.0056808696742962
2018-06-05 14:00:00,0.005432869143061615
2018-06-05 14:30:00,0.005175825478194673
2018-06-05 15:00:00,0.004901336013664147
2018-06-05 15:30:00,0.004599693779932226
2018-06-05 16:00:00,0.004257516661435038
2018-06-05 16:30:00,0.003841878797404265
2018-06-05 17:00:00,0.0035324521973645055
2018-06-05 17:30:00,0.0032009442303329496
2018-06-05 18:00:00,0.002874763676488875
2018-06-05 18:30:00,0.002581989554192175
2018-06-05 19:00:00,0.002363143223401843
2018-06-05 19:30:00,0.002388500554563593
2018-06-05 20:00:00,0.0021680410905187417
2018-06-05 20:30:00,0.001907194314151019
2018-06-05 21:00:00,0.0017587997395984122
2018-06-05 21:30:00,0.001651714164906122
2018-06-05 22:00:00,0.0016253336701456704
2018-06-05 22:30:00,0.0015930866106009863
2018-06-05 23:00:00,0.001563358046046614
2018-06-05 23:30:00,0.0015584966384622006
2018-06-06 00:00:00,0.0015505911891254363
2018-06-06 00:30:00,0.0015458266959812283
2018-06-06 01:00:00,0.0015458735926467612
2018-06-06 01:30:00,0.0015532276460355357
2018-06-06 02:00:00,0.0015570265960574649
2018-06-06 02:30:00,0.0015909882649179237
2018-06-06 03:00:00,0.0016435539850465056
2018-06-06 03:30:00,0.0017472683617258656
2018-06-06 04:00:00,0.0019329541083348942
2018-06-06 04:30:00,0.0020970114489195606
2018-06-06 05:00:00,0.00254594386473932
2018-06-06 05:30:00,0.0030995325119426336
2018-06-06 06:00:00,0.0033981279829552622
2018-06-06 06:30:00,0.0037229002763498756
2018-06-06 07:00:00,0.0041019441760889435
2018-06-06 07:30:00,0.004486159273501636
2018-06-06 08:00:00,0.0048731979343159225
2018-06-06 08:30:00,0.005278981016281173
2018-06-06 09:00:00,0.005657301378898937
2018-06-06 09:30:00,0.005975442115656367
2018-06-06 10:00:00,0.0062360854597309405
2018-06-06 10:30:00,0.006437051676516651
2018-06-06 11:00:00,0.0065822028584741725
2018-06-06 11:30:00,0.006608093499156591
2018-06-06 12:00:00,0.0065660179068745324
2018-06-06 12:30:00,0.006464941187531863
2018-06-06 13:00:00,0.006312166256344533
2018-06-06 13:30:00,0.00608632904122377
2018-06-06 14:00:00,0.005822460791123628
2018-06-06 14:30:00,0.00552217423915643
2018-06-06 15:00:00,0.005192598318710705
2018-06-06 15:30:00,0.004826221880570986
2018-06-06 16:00:00,0.0044372067573869595
2018-06-06 16:30:00,0.004018147037341068
2018-06-06 17:00:00,0.0037059419299111393
2018-06-06 17:30:00,0.003364143425961113
2018-06-06 18:00:00,0.0030434746708290746
2018-06-06 18:30:00,0.002747727411977399
2018-06-06 19:00:00,0.002534285961903962
2018-06-06 19:30:00,0.002518526201403258
2018-06-06 20:00:00,0.0022816925184994063
2018-06-06 20:30:00,0.001978209310545777
2018-06-06 21:00:00,0.0018206850115893
2018-06-06 21:30:00,0.001688168319514063
2018-06-06 22:00:00,0.0016641108102662837
2018-06-06 22:30:00,0.0016234902150423394
2018-06-06 23:00:00,0.0015970838710959367
2018-06-06 23:30:00,0.0015891706590005434
2018-06-07 00:00:00,0.0015746124454901335
2018-06-07 00:30:00,0.0015760196655698806
2018-06-07 01:00:00,0.0015769355110312445
2018-06-07 01:30:00,0.0015798980838322091
2018-06-07 02:00:00,0.0015893503228471672
2018-06-07 02:30:00,0.0016204144820279555
2018-06-07 03:00:00,0.0016724838657749064
2018-06-07 03:30:00,0.0017950439796096075
2018-06-07 04:00:00,0.001979642779953672
2018-06-07 04:30:00,0.0021363988859196175
2018-06-07 05:00:00,0.0025821724992048174
2018-06-07 05:30:00,0.0031231838768600723
2018-06-07 06:00:00,0.003481379327745911
2018-06-07 06:30:00,0.0038899468392058524
2018-06-07 07:00:00,0.004321220979855217
2018-06-07 07:30:00,0.004772780649314537
2018-06-07 08:00:00,0.005228059640498505
2018-06-07 08:30:00,0.005672999117359046
2018-06-07 09:00:00,0.006080553148661464
2018-06-07 09:30:00,0.006396888603881192
2018-06-07 10:00:00,0.006674495976413706
2018-06-07 10:30:00,0.006916566720396871
2018-06-07 11:00:00,0.007090968056897578
2018-06-07 11:30:00,0.007151445628638082
2018-06-07 12:00:00,0.007128975723572628
2018-06-07 12:30:00,0.007016541128014198
2018-06-07 13:00:00,0.0068366127873979565
2018-06-07 13:30:00,0.006569394306736027
2018-06-07 14:00:00,0.006276899083550901
2018-06-07 14:30:00,0.006000900602765614
2018-06-07 15:00:00,0.005677418607900673
2018-06-07 15:30:00,0.005311622536004035
2018-06-07 16:00:00,0.004912290786630269
2018-06-07 16:30:00,0.004447233920711113
2018-06-07 17:00:00,0.004086754298105749
2018-06-07 17:30:00,0.003691540011943026
2018-06-07 18:00:00,0.0033126017497440673
2018-06-07 18:30:00,0.0029768682811081746
2018-06-07 19:00:00,0.0026887971901141646
2018-06-07 19:30:00,0.0026556062751543
2018-06-07 20:00:00,0.0023555009876025153
2018-06-07 20:30:00,0.002008269512953338
2018-06-07 21:00:00,0.0018421072643535724
2018-06-07 21:30:00,0.0016941006676755455
2018-06-07 22:00:00,0.001661338545094393
2018-06-07 22:30:00,0.0016258094392183557
2018-06-07 23:00:00,0.00158804537911307
2018-06-07 23:30:00,0.0015810328070755403
2018-06-08 00:00:00,0.0015730390063415944
2018-06-08 00:30:00,0.0015671588367226507
2018-06-08 01:00:00,0.0015684229659526146
2018-06-08 01:30:00,0.001566177527997795
2018-06-08 02:00:00,0.0015754296959140629
2018-06-08 02:30:00,0.0016080408048299237
2018-06-08 03:00:00,0.0016595680759278638
2018-06-08 03:30:00,0.0017676971414424822
2018-06-08 04:00:00,0.001959106121900642
2018-06-08 04:30:00,0.0021232945490691694
2018-06-08 05:00:00,0.0025720167301784254
2018-06-08 05:30:00,0.0031353572428740955
2018-06-08 06:00:00,0.003492980650474559
2018-06-08 06:30:00,0.003910688850234578
2018-06-08 07:00:00,0.0043825372496414305
2018-06-08 07:30:00,0.004815562092432774
2018-06-08 08:00:00,0.005279700231866745
2018-06-08 08:30:00,0.005746786619011013
2018-06-08 09:00:00,0.0061696982679057665
2018-06-08 09:30:00,0.006547925477419981
2018-06-08 10:00:00,0.006853845551355656
2018-06-08 10:30:00,0.007067717794518794
2018-06-08 11:00:00,0.007193265049885377
2018-06-08 11:30:00,0.007163596586689052
2018-06-08 12:00:00,0.007071887836414572
2018-06-08 12:30:00,0.006931533879233004
2018-06-08 13:00:00,0.006725497460664288
2018-06-08 13:30:00,0.006429296520589222
2018-06-08 14:00:00,0.0061143625234016
2018-06-08 14:30:00,0.0058219284419442335
2018-06-08 15:00:00,0.0054953719144915005
2018-06-08 15:30:00,0.005119920971571151
2018-06-08 16:00:00,0.004719404321122502
2018-06-08 16:30:00,0.004246465694284668
2018-06-08 17:00:00,0.0038939493815778083
2018-06-08 17:30:00,0.003520377426387917
2018-06-08 18:00:00,0.0031453702411644623
2018-06-08 18:30:00,0.002829081362496509
2018-06-08 19:00:00,0.002557979741894323
2018-06-08 19:30:00,0.0025293839799007344
2018-06-08 20:00:00,0.0022858815271353415
2018-06-08 20:30:00,0.001957981002070048
2018-06-08 21:00:00,0.001790479077393453
2018-06-08 21:30:00,0.0016683934521764057
2018-06-08 22:00:00,0.0016405447556653262
2018-06-08 22:30:00,0.0015973585287002187
2018-06-08 23:00:00,0.0015657641811079013
2018-06-08 23:30:00,0.0015538260186774983
2018-06-09 00:00:00,0.001457367660548554
2018-06-09 00:30:00,0.0013657716703452966
2018-06-09 01:00:00,0.0013345099209474416
2018-06-09 01:30:00,0.0012961376447021382
2018-06-09 02:00:00,0.0012934314830212548
2018-06-09 02:30:00,0.0012867073334795966
2018-06-09 03:00:00,0.0012796745942753188
2018-06-09 03:30:00,0.001272444024768656
2018-06-09 04:00:00,0.0012446484671413886
2018-06-09 04:30:00,0.0011218669146146575
2018-06-09 05:00:00,0.001276453129472649
2018-06-09 05:30:00,0.0015738358495134576
2018-06-09 06:00:00,0.0014790239964982937
2018-06-09 06:30:00,0.0013932880887756714
2018-06-09 07:00:00,0.001417483727109987
2018-06-09 07:30:00,0.001298520651544417
2018-06-09 08:00:00,0.0013503175384549518
2018-06-09 08:30:00,0.0014061911541008376
2018-06-09 09:00:00,0.0014653483366184258
2018-06-09 09:30:00,0.0015796306287874803
2018-06-09 10:00:00,0.0017226911477921285
2018-06-09 10:30:00,0.0018412269515193356
2018-06-09 11:00:00,0.0019359957492340611
2018-06-09 11:30:00,0.002096207963387221
2018-06-09 12:00:00,0.002220029485484943
2018-06-09 12:30:00,0.002234440606723596
2018-06-09 13:00:00,0.0023442359443765458
2018-06-09 13:30:00,0.002398228171438788
2018-06-09 14:00:00,0.0024330430234925015
2018-06-09 14:30:00,0.002520315397224625
2018-06-09 15:00:00,0.0025038063304451065
2018-06-09 15:30:00,0.0024763869865118164
2018-06-09 16:00:00,0.0025121920304471673
2018-06-09 16:30:00,0.002457497073657885
2018-06-09 17:00:00,0.002389953790996039
2018-06-09 17:30:00,0.00233358736021986
2018-06-09 18:00:00,0.0022267319473195032
2018-06-09 18:30:00,0.002083371881865896
2018-06-09 19:00:00,0.001984078676325391
2018-06-09 19:30:00,0.002110822596947461
2018-06-09 20:00:00,0.0018792458221759127
2018-06-09 20:30:00,0.0017146403668092756
2018-06-09 21:00:00,0.001626559545781565
2018-06-09 21:30:00,0.0015222014203350588
2018-06-09 22:00:00,0.001508694700490925
2018-06-09 22:30:00,0.0014585696076810449
2018-06-09 23:00:00,0.0014158914012497316
2018-06-09 23:30:00,0.0013804816978053927
2018-06-10 00:00:00,0.0013212024719176031
2018-06-10 00:30:00,0.0012435929720531385
2018-06-10 01:00:00,0.0012450999875969126
2018-06-10 01:30:00,0.0012160803149594192
2018-06-10 02:00:00,0.0012035953182020762
2018-06-10 02:30:00,0.0011901198894777774
2018-06-10 03:00:00,0.0011856366162698885
2018-06-10 03:30:00,0.0011838919962893104
2018-06-10 04:00:00,0.0011901503803132176
2018-06-10 04:30:00,0.0010746805461307781
2018-06-10 05:00:00,0.0013911218789759334
2018-06-10 05:30:00,0.0014807080349501886
2018-06-10 06:00:00,0.001415757353613609
2018-06-10 06:30:00,0.0012710283216743243
2018-06-10 07:00:00,0.0012732533523770774
2018-06-10 07:30:00,0.0014456839085272453
2018-06-10 08:00:00,0.0014168552637747814
2018-06-10 08:30:00,0.001388605304668169
2018-06-10 09:00:00,0.0015178465127440896
2018-06-10 09:30:00,0.001461259603617154
2018-06-10 10:00:00,0.001601015988441154
2018-06-10 10:30:00,0.001755423419765356
2018-06-10 11:00:00,0.0017265956553257264
2018-06-10 11:30:00,0.0018973917906564745
2018-06-10 12:00:00,0.0019777608311709527
2018-06-10 12:30:00,0.001920900865008525
2018-06-10 13:00:00,0.002044869239292686
2018-06-10 13:30:00,0.0020782419788670406
2018-06-10 14:00:00,0.0020992822558896936
2018-06-10 14:30:00,0.002157169387072797
2018-06-10 15:00:00,0.0021890690431617156
2018-06-10 15:30:00,0.0021151753437705645
2018-06-10 16:00:00,0.0020888583115626176
2018-06-10 16:30:00,0.0021106843078040464
2018-06-10 17:00:00,0.0019613468381775323
2018-06-10 17:30:00,0.0018950550402522127
2018-06-10 18:00:00,0.001844853520282633
2018-06-10 18:30:00,0.0016189476407607985
2018-06-10 19:00:00,0.0016027149121827914
2018-06-10 19:30:00,0.0017326006693102526
2018-06-10 20:00:00,0.0015204767274359101
2018-06-10 20:30:00,0.0014708847040613802
2018-06-10 21:00:00,0.0013721164850838382
2018-06-10 21:30:00,0.001299443379451576
2018-06-10 22:00:00,0.0013063653592956192
2018-06-10 22:30:00,0.0012776854874121412
2018-06-10 23:00:00,0.0012531426857073785
2018-06-10 23:30:00,0.0012429581864712147
2018-06-11 00:00:00,0.0013628470310246435
2018-06-11 00:30:00,0.0014809018638305997
2018-06-11 01:00:00,0.0015147298051686943
2018-06-11 01:30:00,0.0015489539673106349
2018-06-11 02:00:00,0.0015561811756228394
2018-06-11 02:30:00,0.0015815132177977149
2018-06-11 03:00:00,0.001635538096463264
2018-06-11 03:30:00,0.001750499990140349
2018-06-11 04:00:00,0.0019297353644991669
2018-06-11 04:30:00,0.0020876045060013457
2018-06-11 05:00:00,0.0024749586389240475
2018-06-11 05:30:00,0.00298670737759956
2018-06-11 06:00:00,0.0033018209586053674
2018-06-11 06:30:00,0.0036695986146918725
2018-06-11 07:00:00,0.004100169065272925
2018-06-11 07:30:00,0.00454544074018573
2018-06-11 08:00:00,0.004979617032164256
2018-06-11 08:30:00,0.0053865655682935965
2018-06-11 09:00:00,0.005774844910005081
2018-06-11 09:30:00,0.00610818704884099
2018-06-11 10:00:00,0.006387839308058996
2018-06-11 10:30:00,0.006573507288354461
2018-06-11 11:00:00,0.0066879546791941535
2018-06-11 11:30:00,0.006682940897460979
2018-06-11 12:00:00,0.006613796485810534
2018-06-11 12:30:00,0.006473393311138689
2018-06-11 13:00:00,0.006279840768929162
2018-06-11 13:30:00,0.006018171060118307
2018-06-11 14:00:00,0.0057307236307531356
2018-06-11 14:30:00,0.005440712890471544
2018-06-11 15:00:00,0.005127711900211026
2018-06-11 15:30:00,0.004789868641825224
2018-06-11 16:00:00,0.004425741643062299
2018-06-11 16:30:00,0.004008924720032725
2018-06-11 17:00:00,0.0037148233260673146
2018-06-11 17:30:00,0.0033753319619989437
2018-06-11 18:00:00,0.003055595938328999
2018-06-11 18:30:00,0.002762969868645329
2018-06-11 19:00:00,0.0025196962171883984
2018-06-11 19:30:00,0.0025079542844915906
2018-06-11 20:00:00,0.002271266413404464
2018-06-11 20:30:00,0.0019795184957871657
2018-06-11 21:00:00,0.0018065343028927023
2018-06-11 21:30:00,0.001671569300768574
2018-06-11 22:00:00,0.001642377566986207
2018-06-11 22:30:00,0.0015964550876469735
2018-06-11 23:00:00,0.0015701901539531252
2018-06-11 23:30:00,0.001560975679431851
2018-06-12 00:00:00,0.001550290522278325
2018-06-12 00:30:00,0.0015479325643376015
2018-06-12 01:00:00,0.0015437461166117297
2018-06-12 01:30:00,0.0015417241980883668
2018-06-12 02:00:00,0.0015500854093879475
2018-06-12 02:30:00,0.0015765801047315313
2018-06-12 03:00:00,0.0016322038715893723
2018-06-12 03:30:00,0.0017493547831714464
2018-06-12 04:00:00,0.0019339568646815296
2018-06-12 04:30:00,0.002077996611671607
2018-06-12 05:00:00,0.002490845964757276
2018-06-12 05:30:00,0.003034185449745329
2018-06-12 06:00:00,0.0033986958647617845
2018-06-12 06:30:00,0.0038183132229739443
2018-06-12 07:00:00,0.004280659125505848
2018-06-12 07:30:00,0.004756017252154363
2018-06-12 08:00:00,0.005250778994209806
2018-06-12 08:30:00,0.005715156578734689
2018-06-12 09:00:00,0.006138823536041218
2018-06-12 09:30:00,0.00647646960435215
2018-06-12 10:00:00,0.00676615054743466
2018-06-12 10:30:00,0.0069667482332565825
2018-06-12 11:00:00,0.007109865972595456
2018-06-12 11:30:00,0.007172986883691855
2018-06-12 12:00:00,0.007150568596969864
2018-06-12 12:30:00,0.0070265606086081615
2018-06-12 13:00:00,0.006847621019361647
2018-06-12 13:30:00,0.00660425821622314
2018-06-12 14:00:00,0.006336785325152118
2018-06-12 14:30:00,0.006060442882133962
2018-06-12 15:00:00,0.005740560326391336
2018-06-12 15:30:00,0.0053767357551011905
2018-06-12 16:00:00,0.004983842053597955
2018-06-12 16:30:00,0.004532065347010777
2018-06-12 17:00:00,0.004189810200785101
2018-06-12 17:30:00,0.0037879202623150414
2018-06-12 18:00:00,0.0033995069529958745
2018-06-12 18:30:00,0.0030416665882959915
2018-06-12 19:00:00,0.002735764520759198
2018-06-12 19:30:00,0.002677776313657036
2018-06-12 20:00:00,0.002370294724810303
2018-06-12 20:30:00,0.002024070568128811
2018-06-12 21:00:00,0.0018353807939871694
2018-06-12 21:30:00,0.001689017021114707
2018-06-12 22:00:00,0.0016537207179691056
2018-06-12 22:30:00,0.0016167815910179393
2018-06-12 23:00:00,0.0015788111375672452
2018-06-12 23:30:00,0.0015699411854779152
2018-06-13 00:00:00,0.001556222230212291
2018-06-13 00:30:00,0.0015516812564995398
2018-06-13 01:00:00,0.0015547357819774622
2018-06-13 01:30:00,0.0015538464259295646
2018-06-13 02:00:00,0.0015557204518967757
2018-06-13 02:30:00,0.0015861424628792085
2018-06-13 03:00:00,0.0016476940963059208
2018-06-13 03:30:00,0.0017522996696872869
2018-06-13 04:00:00,0.001942659957474552
2018-06-13 04:30:00,0.002082995348058161
2018-06-13 05:00:00,0.002537122329855873
2018-06-13 05:30:00,0.0030331829334840125
2018-06-13 06:00:00,0.003418806691488362
2018-06-13 06:30:00,0.00384534843039775
2018-06-13 07:00:00,0.004339435932850608
2018-06-13 07:30:00,0.00481214879946068
2018-06-13 08:00:00,0.0053093794989024
2018-06-13 08:30:00,0.005786043449597846
2018-06-13 09:00:00,0.006203303890238996
2018-06-13 09:30:00,0.006570980230321125
2018-06-13 10:00:00,0.006877885214261433
2018-06-13 10:30:00,0.007096739067725075
2018-06-13 11:00:00,0.007249690221536131
2018-06-13 11:30:00,0.007283515201821966
2018-06-13 12:00:00,0.00724121617013689
2018-06-13 12:30:00,0.007128083006330272
2018-06-13 13:00:00,0.00695115325131276
2018-06-13 13:30:00,0.0066730492222848575
2018-06-13 14:00:00,0.006375504924824747
2018-06-13 14:30:00,0.006100533929173892
2018-06-13 15:00:00,0.00575967119776666
2018-06-13 15:30:00,0.00533276476925858
2018-06-13 16:00:00,0.004879780273462829
2018-06-13 16:30:00,0.004393038421412601
2018-06-13 17:00:00,0.00403380011993195
2018-06-13 17:30:00,0.003662527221751328
2018-06-13 18:00:00,0.0033116114778339906
2018-06-13 18:30:00,0.0029789362159842363
2018-06-13 19:00:00,0.0026938025688611955
2018-06-13 19:30:00,0.00265467146295278
2018-06-13 20:00:00,0.002367726532159077
2018-06-13 20:30:00,0.0020393572004953325
2018-06-13 21:00:00,0.0018533328535588803
2018-06-13 21:30:00,0.0016922480893301135
2018-06-13 22:00:00,0.0016626322048185235
2018-06-13 22:30:00,0.0016180376373755164
2018-06-13 23:00:00,0.0015872376520734382
2018-06-13 23:30:00,0.001582984780742801
2018-06-14 00:00:00,0.001573562952534844
2018-06-14 00:30:00,0.0015687403587435768
2018-06-14 01:00:00,0.0015732977382864203
2018-06-14 01:30:00,0.0015702685818238119
2018-06-14 02:00:00,0.001579107322821746
2018-06-14 02:30:00,0.0016103835573671463
2018-06-14 03:00:00,0.0016615715078817078
2018-06-14 03:30:00,0.0017806513449404732
2018-06-14 04:00:00,0.00197401133872462
2018-06-14 04:30:00,0.002127845286251537
2018-06-14 05:00:00,0.002590687845278829
2018-06-14 05:30:00,0.0031248178975372947
2018-06-14 06:00:00,0.0035495635581795203
2018-06-14 06:30:00,0.00400062216957928
2018-06-14 07:00:00,0.004481398541694083
2018-06-14 07:30:00,0.004930340080755944
2018-06-14 08:00:00,0.005395550521250453
2018-06-14 08:30:00,0.00584842281717406
2018-06-14 09:00:00,0.006251714533789981
2018-06-14 09:30:00,0.006611076879351819
2018-06-14 10:00:00,0.006918917555806481
2018-06-14 10:30:00,0.007131746868346365
2018-06-14 11:00:00,0.007277984276312896
2018-06-14 11:30:00,0.007312523030250416
2018-06-14 12:00:00,0.007274458063212701
2018-06-14 12:30:00,0.007184191185332262
2018-06-14 13:00:00,0.007023694790190523
2018-06-14 13:30:00,0.006768140374553792
2018-06-14 14:00:00,0.00647936695397494
2018-06-14 14:30:00,0.006145302798558079
2018-06-14 15:00:00,0.005790955835298206
2018-06-14 15:30:00,0.005404230885966665
2018-06-14 16:00:00,0.004983607010071214
2018-06-14 16:30:00,0.004510989297275678
2018-06-14 17:00:00,0.004152847305387409
2018-06-14 17:30:00,0.00376500715975177
2018-06-14 18:00:00,0.003395917757513812
2018-06-14 18:30:00,0.0030498021193962493
2018-06-14 19:00:00,0.00274414533902645
2018-06-14 19:30:00,0.002684490059501563
2018-06-14 20:00:00,0.0023869206331114563
2018-06-14 20:30:00,0.002026326169695444
2018-06-14 21:00:00,0.0018504714367054136
2018-06-14 21:30:00,0.0017138726539893815
2018-06-14 22:00:00,0.0016763349943393739
2018-06-14 22:30:00,0.0016333044226890473
2018-06-14 23:00:00,0.0016016338079939093
2018-06-14 23:30:00,0.0015921931731026754
2018-06-15 00:00:00,0.0015788121779369583
2018-06-15 00:30:00,0.0015728627837178681
2018-06-15 01:00:00,0.001576414125748058
2018-06-15 01:30:00,0.001575261956304921
2018-06-15 02:00:00,0.001584676421896446
2018-06-15 02:30:00,0.0016169978278614038
2018-06-15 03:00:00,0.0016641032075645332
2018-06-15 03:30:00,0.0017837326799456203
2018-06-15 04:00:00,0.001983726711248575
2018-06-15 04:30:00,0.00213514604069962
2018-06-15 05:00:00,0.0026137878142482775
2018-06-15 05:30:00,0.003159196034396787
2018-06-15 06:00:00,0.0035854726390861904
2018-06-15 06:30:00,0.004033646385299717
2018-06-15 07:00:00,0.0045409040880087116
2018-06-15 07:30:00,0.00499708908115599
2018-06-15 08:00:00,0.005481333805809245
2018-06-15 08:30:00,0.005965391263914127
2018-06-15 09:00:00,0.006412022541985193
2018-06-15 09:30:00,0.006800977483782734
2018-06-15 10:00:00,0.007125058411488715
2018-06-15 10:30:00,0.007352264353009837
2018-06-15 11:00:00,0.007509822103854014
2018-06-15 11:30:00,0.007569385750815703
2018-06-15 12:00:00,0.007545414672282556
2018-06-15 12:30:00,0.007462973615441603
2018-06-15 13:00:00,0.007325382320019188
2018-06-15 13:30:00,0.007117469394601637
2018-06-15 14:00:00,0.006876163882556742
2018-06-15 14:30:00,0.00658799067527396
2018-06-15 15:00:00,0.006239382951551113
2018-06-15 15:30:00,0.005829939368764227
2018-06-15 16:00:00,0.0053987846305465605
2018-06-15 16:30:00,0.004912022531301146
2018-06-15 17:00:00,0.004503915663538828
2018-06-15 17:30:00,0.0040395011859033466
2018-06-15 18:00:00,0.003598347934542858
2018-06-15 18:30:00,0.0032111799477703776
2018-06-15 19:00:00,0.0028937249747108193
2018-06-15 19:30:00,0.002805123408627437
2018-06-15 20:00:00,0.002449906856344217
2018-06-15 20:30:00,0.0020475834838459563
2018-06-15 21:00:00,0.0018618335544284678
2018-06-15 21:30:00,0.0017134426611840766
2018-06-15 22:00:00,0.0016843717703453184
2018-06-15 22:30:00,0.001635899344839059
2018-06-15 23:00:00,0.0015997830703025856
2018-06-15 23:30:00,0.0015903723660477158
2018-06-16 00:00:00,0.0014894803523433579
2018-06-16 00:30:00,0.0013879919667080243
2018-06-16 01:00:00,0.0013499962242704555
2018-06-16 01:30:00,0.0013111633043275278
2018-06-16 02:00:00,0.0013067761452754496
2018-06-16 02:30:00,0.0012995761466326667
2018-06-16 03:00:00,0.0012877668299898204
2018-06-16 03:30:00,0.001274415205261391
2018-06-16 04:00:00,0.0012519968385109601
2018-06-16 04:30:00,0.0011149182052718294
2018-06-16 05:00:00,0.001225491339328047
2018-06-16 05:30:00,0.0014254828897493777
2018-06-16 06:00:00,0.0013684178907250122
2018-06-16 06:30:00,0.001271346994920318
2018-06-16 07:00:00,0.0013552633760430125
2018-06-16 07:30:00,0.0013182625471650103
2018-06-16 08:00:00,0.00137191761441174
2018-06-16 08:30:00,0.001522414936211581
2018-06-16 09:00:00,0.0016303945086012582
2018-06-16 09:30:00,0.001762877428675036
2018-06-16 10:00:00,0.001975631514481813
2018-06-16 10:30:00,0.00212959678867791
2018-06-16 11:00:00,0.0021974341758548305
2018-06-16 11:30:00,0.002371015861078422
2018-06-16 12:00:00,0.0024395635006556927
2018-06-16 12:30:00,0.002428836008457684
2018-06-16 13:00:00,0.002564667958666656
2018-06-16 13:30:00,0.002596464698182409
2018-06-16 14:00:00,0.0026000554942332606
2018-06-16 14:30:00,0.0027004763004859836
2018-06-16 15:00:00,0.0026960321611849986
2018-06-16 15:30:00,0.002651494573990898
2018-06-16 16:00:00,0.0026683077488404254
2018-06-16 16:30:00,0.0026148002540360895
2018-06-16 17:00:00,0.0024794179036000934
2018-06-16 17:30:00,0.002431454378940462
2018-06-16 18:00:00,0.0023177274841413714
2018-06-16 18:30:00,0.002110552981134866
2018-06-16 19:00:00,0.0020529793213491907
2018-06-16 19:30:00,0.002130408277054197
2018-06-16 20:00:00,0.0018834730844059177
2018-06-16 20:30:00,0.0017671475061201605
2018-06-16 21:00:00,0.001645252108503748
2018-06-16 21:30:00,0.0015363227585943689
2018-06-16 22:00:00,0.0015236011977699348
2018-06-16 22:30:00,0.0014676526755046998
2018-06-16 23:00:00,0.0014306439238111895
2018-06-16 23:30:00,0.00141503629737393
2018-06-17 00:00:00,0.0013624766594067484
2018-06-17 00:30:00,0.0012992817220038345
2018-06-17 01:00:00,0.001316042558253944
2018-06-17 01:30:00,0.0012929343463552296
2018-06-17 02:00:00,0.0012687284643806613
2018-06-17 02:30:00,0.0012556217266770286
2018-06-17 03:00:00,0.0012474344171764294
2018-06-17 03:30:00,0.0012468321231409326
2018-06-17 04:00:00,0.001265058600231607
2018-06-17 04:30:00,0.0011349880574373955
2018-06-17 05:00:00,0.0013496275332497893
2018-06-17 05:30:00,0.0013743607226120655
2018-06-17 06:00:00,0.0013491745722823548
2018-06-17 06:30:00,0.0012220460349801627
2018-06-17 07:00:00,0.0012339429027357959
2018-06-17 07:30:00,0.0014591421311370568
2018-06-17 08:00:00,0.0014507312221765612
2018-06-17 08:30:00,0.0014760679860293662
2018-06-17 09:00:00,0.0016645569688163624
2018-06-17 09:30:00,0.0016481351330358733
2018-06-17 10:00:00,0.0018181563529871747
2018-06-17 10:30:00,0.0020117216197185774
2018-06-17 11:00:00,0.002023112467651404
2018-06-17 11:30:00,0.0021911039262922736
2018-06-17 12:00:00,0.0023196669733720745
2018-06-17 12:30:00,0.00234877795845901
2018-06-17 13:00:00,0.0024773274807325385
2018-06-17 13:30:00,0.0025464140318212417
2018-06-17 14:00:00,0.002546309354622407
2018-06-17 14:30:00,0.0025645629613540635
2018-06-17 15:00:00,0.002597039622491605
2018-06-17 15:30:00,0.0025004326515505534
2018-06-17 16:00:00,0.0024326374393612367
2018-06-17 16:30:00,0.0024177157366787267
2018-06-17 17:00:00,0.0022251181738374686
2018-06-17 17:30:00,0.0021380870858503653
2018-06-17 18:00:00,0.0020687366009682706
2018-06-17 18:30:00,0.0018400477324636557
2018-06-17 19:00:00,0.001766082327590734
2018-06-17 19:30:00,0.001857939610648881
2018-06-17 20:00:00,0.001620867923166027
2018-06-17 20:30:00,0.0015210449293561901
2018-06-17 21:00:00,0.0014125817451067593
2018-06-17 21:30:00,0.0013228272092958462
2018-06-17 22:00:00,0.0013399779441030835
2018-06-17 22:30:00,0.001328361255914056
2018-06-17 23:00:00,0.0013046934851665246
2018-06-17 23:30:00,0.0013000048589829401
2018-06-18 00:00:00,0.0013012993189914655
2018-06-18 00:30:00,0.0012944132719167473
2018-06-18 01:00:00,0.001298657980346558
2018-06-18 01:30:00,0.0012964551175215396
2018-06-18 02:00:00,0.001306795192044045
2018-06-18 02:30:00,0.0013279001320457948
2018-06-18 03:00:00,0.0013789492332178656
2018-06-18 03:30:00,0.0014765014200575684
2018-06-18 04:00:00,0.001628590907660786
2018-06-18 04:30:00,0.0017214650320709153
2018-06-18 05:00:00,0.0020662861301515133
2018-06-18 05:30:00,0.002524948323614333
2018-06-18 06:00:00,0.0027853603854988227
2018-06-18 06:30:00,0.0030617464440164926
2018-06-18 07:00:00,0.0034545854860955653
2018-06-18 07:30:00,0.003840407394516058
2018-06-18 08:00:00,0.004287763650220336
2018-06-18 08:30:00,0.004766322274220378
2018-06-18 09:00:00,0.005205251775333146
2018-06-18 09:30:00,0.005603312352974274
2018-06-18 10:00:00,0.0059440392761197156
2018-06-18 10:30:00,0.00621834875668986
2018-06-18 11:00:00,0.006432545275089754
2018-06-18 11:30:00,0.0065422163285761975
2018-06-18 12:00:00,0.006587389421608176
2018-06-18 12:30:00,0.0065845799432119306
2018-06-18 13:00:00,0.0065347774450415785
2018-06-18 13:30:00,0.006402708992255847
2018-06-18 14:00:00,0.006217968941716107
2018-06-18 14:30:00,0.0059917828826276665
2018-06-18 15:00:00,0.005717745258666421
2018-06-18 15:30:00,0.005392554016391151
2018-06-18 16:00:00,0.004992721128929386
2018-06-18 16:30:00,0.004439590564513634
2018-06-18 17:00:00,0.004007815285776269
2018-06-18 17:30:00,0.0036022926163530727
2018-06-18 18:00:00,0.0032079180686057727
2018-06-18 18:30:00,0.0028436291723097874
2018-06-18 19:00:00,0.0025319795422782615
2018-06-18 19:30:00,0.002448008181617647
2018-06-18 20:00:00,0.002124966743312022
2018-06-18 20:30:00,0.0017745494965441813
2018-06-18 21:00:00,0.0016070953488459534
2018-06-18 21:30:00,0.0014470375095525434
2018-06-18 22:00:00,0.0014129358709514409
2018-06-18 22:30:00,0.0013568088852661743
2018-06-18 23:00:00,0.001323089222406691
2018-06-18 23:30:00,0.0013161702036149085
2018-06-19 00:00:00,0.0013077392875445442
2018-06-19 00:30:00,0.0012954552421987255
2018-06-19 01:00:00,0.0012997470073509482
2018-06-19 01:30:00,0.0013027010971373284
2018-06-19 02:00:00,0.001304103195396949
2018-06-19 02:30:00,0.0013272630256391258
2018-06-19 03:00:00,0.001375771143829392
2018-06-19 03:30:00,0.0014840993201014267
2018-06-19 04:00:00,0.0016258537749738256
2018-06-19 04:30:00,0.001727652991068084
2018-06-19 05:00:00,0.002041761895044709
2018-06-19 05:30:00,0.002533015910569477
2018-06-19 06:00:00,0.002786503671785177
2018-06-19 06:30:00,0.003149358938616389
2018-06-19 07:00:00,0.0035625928283537405
2018-06-19 07:30:00,0.003978773205175722
2018-06-19 08:00:00,0.00439896516758332
2018-06-19 08:30:00,0.004841966515696629
2018-06-19 09:00:00,0.005262058922725519
2018-06-19 09:30:00,0.005602350091018013
2018-06-19 10:00:00,0.005909779901464405
2018-06-19 10:30:00,0.0061735534779206475
2018-06-19 11:00:00,0.006387941904518404
2018-06-19 11:30:00,0.006504807514713745
2018-06-19 12:00:00,0.006555875902739731
2018-06-19 12:30:00,0.006575421008427652
2018-06-19 13:00:00,0.006525386267725941
2018-06-19 13:30:00,0.006327923936105812
2018-06-19 14:00:00,0.0060754221252644555
2018-06-19 14:30:00,0.005777549391088735
2018-06-19 15:00:00,0.0054297556366237985
2018-06-19 15:30:00,0.005020843282618155
2018-06-19 16:00:00,0.004562412851516057
2018-06-19 16:30:00,0.004077492126634547
2018-06-19 17:00:00,0.003712123646690029
2018-06-19 17:30:00,0.00334785811869837
2018-06-19 18:00:00,0.002996312230848598
2018-06-19 18:30:00,0.002682805941021228
2018-06-19 19:00:00,0.0024003463641748407
2018-06-19 19:30:00,0.0023373042810913257
2018-06-19 20:00:00,0.002099226876209576
2018-06-19 20:30:00,0.0017812108237608504
2018-06-19 21:00:00,0.001600755255785341
2018-06-19 21:30:00,0.0014408990881594108
2018-06-19 22:00:00,0.0014096954394086153
2018-06-19 22:30:00,0.0013577935551854878
2018-06-19 23:00:00,0.0013219129644032716
2018-06-19 23:30:00,0.0013036119008070055
2018-06-20 00:00:00,0.001295145131995756
2018-06-20 00:30:00,0.0012846958186533658
2018-06-20 01:00:00,0.0012908234362071693
2018-06-20 01:30:00,0.001283370387638763
2018-06-20 02:00:00,0.001289200379426155
2018-06-20 02:30:00,0.00131819996492534
2018-06-20 03:00:00,0.0013672172240475526
2018-06-20 03:30:00,0.0014575533265281384
2018-06-20 04:00:00,0.0015949729609478764
2018-06-20 04:30:00,0.0016930569367678984
2018-06-20 05:00:00,0.001987600567889854
2018-06-20 05:30:00,0.002405048595193136
2018-06-20 06:00:00,0.002685806367274065
2018-06-20 06:30:00,0.0029944764584754566
2018-06-20 07:00:00,0.0033429379702393817
2018-06-20 07:30:00,0.0037286680060113556
2018-06-20 08:00:00,0.004139438700410074
2018-06-20 08:30:00,0.004545486276367793
2018-06-20 09:00:00,0.004917320974193538
2018-06-20 09:30:00,0.00523621717941962
2018-06-20 10:00:00,0.005511362797125411
2018-06-20 10:30:00,0.00573234036528743
2018-06-20 11:00:00,0.005926612363167846
2018-06-20 11:30:00,0.0060779633483315785
2018-06-20 12:00:00,0.006158523496759525
2018-06-20 12:30:00,0.006164587011533308
2018-06-20 13:00:00,0.00611581351903774
2018-06-20 13:30:00,0.005963053553168593
2018-06-20 14:00:00,0.005760664430728998
2018-06-20 14:30:00,0.005508533951846811
2018-06-20 15:00:00,0.005219969965694068
2018-06-20 15:30:00,0.004907365276265835
2018-06-20 16:00:00,0.004544904869755
2018-06-20 16:30:00,0.0041190530560223345
2018-06-20 17:00:00,0.00378381928496253
2018-06-20 17:30:00,0.0034042330324891333
2018-06-20 18:00:00,0.0030402469638081252
2018-06-20 18:30:00,0.0027189924805275613
2018-06-20 19:00:00,0.0024502863512042127
2018-06-20 19:30:00,0.0023725692130886528
2018-06-20 20:00:00,0.0020865664571129016
2018-06-20 20:30:00,0.001774123825274608
2018-06-20 21:00:00,0.0016021430289542954
2018-06-20 21:30:00,0.0014283488682238948
2018-06-20 22:00:00,0.001400041368669299
2018-06-20 22:30:00,0.0013473872171150963
2018-06-20 23:00:00,0.0013168622095310581
2018-06-20 23:30:00,0.0013022379725580804
2018-06-21 00:00:00,0.0012907966266799448
2018-06-21 00:30:00,0.0012863042302299558
2018-06-21 01:00:00,0.0012887576620989735
2018-06-21 01:30:00,0.0012879781050700373
2018-06-21 02:00:00,0.001298149479642127
2018-06-21 02:30:00,0.0013218933574356
2018-06-21 03:00:00,0.001374455956455042
2018-06-21 03:30:00,0.0014658850873619919
2018-06-21 04:00:00,0.0016058806771915856
2018-06-21 04:30:00,0.0017046720243881367
2018-06-21 05:00:00,0.0020571673696438524
2018-06-21 05:30:00,0.002526846358113388
2018-06-21 06:00:00,0.002746774753433876
2018-06-21 06:30:00,0.0030692809615362852
2018-06-21 07:00:00,0.0034460208425028363
2018-06-21 07:30:00,0.003825639746579539
2018-06-21 08:00:00,0.004236327611543399
2018-06-21 08:30:00,0.004635470973970639
2018-06-21 09:00:00,0.0050325346373412145
2018-06-21 09:30:00,0.005386150300721155
2018-06-21 10:00:00,0.005694052038875137
2018-06-21 10:30:00,0.0059327687909598616
2018-06-21 11:00:00,0.006123752500290645
2018-06-21 11:30:00,0.006241434560625522
2018-06-21 12:00:00,0.006304585002216087
2018-06-21 12:30:00,0.006332060286028571
2018-06-21 13:00:00,0.006296046287837748
2018-06-21 13:30:00,0.006147269017287566
2018-06-21 14:00:00,0.005961427855449076
2018-06-21 14:30:00,0.0057601282401845075
2018-06-21 15:00:00,0.005497476582421282
2018-06-21 15:30:00,0.005179190353960885
2018-06-21 16:00:00,0.004836506575413374
2018-06-21 16:30:00,0.004427128455889979
2018-06-21 17:00:00,0.004092907684817064
2018-06-21 17:30:00,0.00369102014720019
2018-06-21 18:00:00,0.0032952406201694475
2018-06-21 18:30:00,0.002923781495810164
2018-06-21 19:00:00,0.0026083798124222424
2018-06-21 19:30:00,0.0025000541970602716
2018-06-21 20:00:00,0.002165556527586768
2018-06-21 20:30:00,0.0018006798224028306
2018-06-21 21:00:00,0.0016191706800216185
2018-06-21 21:30:00,0.0014560510326622937
2018-06-21 22:00:00,0.0014303302923568827
2018-06-21 22:30:00,0.0013649509786984695
2018-06-21 23:00:00,0.0013315226993871184
2018-06-21 23:30:00,0.0013166847064523003
2018-06-22 00:00:00,0.001304722855603812
2018-06-22 00:30:00,0.001296761786501612
2018-06-22 01:00:00,0.0012995972741406884
2018-06-22 01:30:00,0.0013097503222001382
2018-06-22 02:00:00,0.0013049797468945303
2018-06-22 02:30:00,0.0013299754295382884
2018-06-22 03:00:00,0.0013764211348148165
2018-06-22 03:30:00,0.0014655710557654876
2018-06-22 04:00:00,0.0016129728775263945
2018-06-22 04:30:00,0.001717391104330947
2018-06-22 05:00:00,0.002031324986110438
2018-06-22 05:30:00,0.0024987049175707048
2018-06-22 06:00:00,0.002782642059495139
2018-06-22 06:30:00,0.0031812492313778888
2018-06-22 07:00:00,0.0036438088098431935
2018-06-22 07:30:00,0.004077371603804695
2018-06-22 08:00:00,0.004525309026036449
2018-06-22 08:30:00,0.004963412553625384
2018-06-22 09:00:00,0.005385979279945994
2018-06-22 09:30:00,0.005755566218992174
2018-06-22 10:00:00,0.0060745454937384345
2018-06-22 10:30:00,0.006298386639521786
2018-06-22 11:00:00,0.006485928725812902
2018-06-22 11:30:00,0.006606757504387978
2018-06-22 12:00:00,0.006664176389171706
2018-06-22 12:30:00,0.006678359269300973
2018-06-22 13:00:00,0.006635672179712878
2018-06-22 13:30:00,0.006470995018864469
2018-06-22 14:00:00,0.006266497467158439
2018-06-22 14:30:00,0.006043242049523613
2018-06-22 15:00:00,0.005753064129831955
2018-06-22 15:30:00,0.005392955439043563
2018-06-22 16:00:00,0.004997686493456678
2018-06-22 16:30:00,0.004528277120799738
2018-06-22 17:00:00,0.004150445972032491
2018-06-22 17:30:00,0.0037131383272741457
2018-06-22 18:00:00,0.0033149972410229044
2018-06-22 18:30:00,0.0029542496832021745
2018-06-22 19:00:00,0.0026510591392517086
2018-06-22 19:30:00,0.0025353882736293054
2018-06-22 20:00:00,0.0021823773851664847
2018-06-22 20:30:00,0.0018089021043314808
2018-06-22 21:00:00,0.0016211561856050195
2018-06-22 21:30:00,0.0014623376667253362
2018-06-22 22:00:00,0.001426498930816966
2018-06-22 22:30:00,0.001369871447271216
2018-06-22 23:00:00,0.0013353090049156103
2018-06-22 23:30:00,0.001318318647101083
2018-06-23 00:00:00,0.0013427542106969478
2018-06-23 00:30:00,0.001343479108301722
2018-06-23 01:00:00,0.0013569815066101242
2018-06-23 01:30:00,0.0013480364878445655
2018-06-23 02:00:00,0.001335361583600346
2018-06-23 02:30:00,0.0013161623608278399
2018-06-23 03:00:00,0.0013009741634418743
2018-06-23 03:30:00,0.001292911058079342
2018-06-23 04:00:00,0.001288268208163138
2018-06-23 04:30:00,0.0011623286533862416
2018-06-23 05:00:00,0.0012170309727919555
2018-06-23 05:30:00,0.0013935812329494723
2018-06-23 06:00:00,0.0013696866616044658
2018-06-23 06:30:00,0.0012855301151349038
2018-06-23 07:00:00,0.0013303288351270146
2018-06-23 07:30:00,0.0012575458504473515
2018-06-23 08:00:00,0.0013026383548407792
2018-06-23 08:30:00,0.001433546955453184
2018-06-23 09:00:00,0.001518328043864417
2018-06-23 09:30:00,0.0016320990343336589
2018-06-23 10:00:00,0.0018451019285587668
2018-06-23 10:30:00,0.0019529983513998286
2018-06-23 11:00:00,0.0020405877978091555
2018-06-23 11:30:00,0.002231832960051708
2018-06-23 12:00:00,0.0023463958319295654
2018-06-23 12:30:00,0.0024113055387051325
2018-06-23 13:00:00,0.002579255702671233
2018-06-23 13:30:00,0.0026399066160116423
2018-06-23 14:00:00,0.0026922184059017668
2018-06-23 14:30:00,0.002807170296023917
2018-06-23 15:00:00,0.0027806607153905904
2018-06-23 15:30:00,0.0027331171799813295
2018-06-23 16:00:00,0.002745206356077024
2018-06-23 16:30:00,0.0026705226159313648
2018-06-23 17:00:00,0.002550277804879146
2018-06-23 17:30:00,0.002494434760097141
2018-06-23 18:00:00,0.002360029716964027
2018-06-23 18:30:00,0.0021570613486795046
2018-06-23 19:00:00,0.0020791086868665663
2018-06-23 19:30:00,0.0021076217794821763
2018-06-23 20:00:00,0.0018874548994120494
2018-06-23 20:30:00,0.00171412490363061
2018-06-23 21:00:00,0.0015943721074242905
2018-06-23 21:30:00,0.0015005895001692284
2018-06-23 22:00:00,0.001506850605160078
2018-06-23 22:30:00,0.0014764437995811457
2018-06-23 23:00:00,0.0014439033557773423
2018-06-23 23:30:00,0.0014105955992958423
2018-06-24 00:00:00,0.0013632007567271277
2018-06-24 00:30:00,0.0012918814121770429
2018-06-24 01:00:00,0.0013117195019818864
2018-06-24 01:30:00,0.0012828503628390475
2018-06-24 02:00:00,0.0012651145401108008
2018-06-24 02:30:00,0.0012446330216525697
2018-06-24 03:00:00,0.001240877847187034
2018-06-24 03:30:00,0.0012372189469341882
2018-06-24 04:00:00,0.0012523039876616692
2018-06-24 04:30:00,0.0011587436994114717
2018-06-24 05:00:00,0.0013382679764367984
2018-06-24 05:30:00,0.0013721130438609406
2018-06-24 06:00:00,0.0013408925891378555
2018-06-24 06:30:00,0.0011447214363602331
2018-06-24 07:00:00,0.001177899066599145
2018-06-24 07:30:00,0.0014669232963073148
2018-06-24 08:00:00,0.0014485318806028804
2018-06-24 08:30:00,0.0014964205786716016
2018-06-24 09:00:00,0.0016784069306374093
2018-06-24 09:30:00,0.0016735840967608236
2018-06-24 10:00:00,0.0019069973641614685
2018-06-24 10:30:00,0.002067103460603882
2018-06-24 11:00:00,0.0020985817669589594
2018-06-24 11:30:00,0.0022893353945262493
2018-06-24 12:00:00,0.002354154269023012
2018-06-24 12:30:00,0.002388832352473661
2018-06-24 13:00:00,0.0025264363724179515
2018-06-24 13:30:00,0.002559909307598531
2018-06-24 14:00:00,0.0025571722549400096
2018-06-24 14:30:00,0.0025941900498471808
2018-06-24 15:00:00,0.0026587257036966372
2018-06-24 15:30:00,0.002540274490029956
2018-06-24 16:00:00,0.0025260044589300997
2018-06-24 16:30:00,0.002543063481145697
2018-06-24 17:00:00,0.002365650754495947
2018-06-24 17:30:00,0.002339280743461066
2018-06-24 18:00:00,0.002234344652624664
2018-06-24 18:30:00,0.0019839791209466827
2018-06-24 19:00:00,0.0019232426572044735
2018-06-24 19:30:00,0.00194486129975922
2018-06-24 20:00:00,0.001680800021063062
2018-06-24 20:30:00,0.0015557464611396054
2018-06-24 21:00:00,0.0014145411614188913
2018-06-24 21:30:00,0.0013332549149595778
2018-06-24 22:00:00,0.0013470867903533031
2018-06-24 22:30:00,0.0013294949387876738
2018-06-24 23:00:00,0.0013182192517792537
2018-06-24 23:30:00,0.0013052355177870958
2018-06-25 00:00:00,0.0013093188088544832
2018-06-25 00:30:00,0.0013018527956788818
2018-06-25 01:00:00,0.001303385580380167
2018-06-25 01:30:00,0.0012992184195082088
2018-06-25 02:00:00,0.0013130392509772863
2018-06-25 02:30:00,0.001329554319889765
2018-06-25 03:00:00,0.001380918813141811
2018-06-25 03:30:00,0.0014707857889101877
2018-06-25 04:00:00,0.0016096809876969857
2018-06-25 04:30:00,0.0017271099180777997
2018-06-25 05:00:00,0.0020532943132869686
2018-06-25 05:30:00,0.0025026780094769335
2018-06-25 06:00:00,0.0028031767968656213
2018-06-25 06:30:00,0.00313355412210426
2018-06-25 07:00:00,0.003554507715170352
2018-06-25 07:30:00,0.003973429066044389
2018-06-25 08:00:00,0.0044155431388492265
2018-06-25 08:30:00,0.004890971610496042
2018-06-25 09:00:00,0.005322352028913031
2018-06-25 09:30:00,0.005714512109711589
2018-06-25 10:00:00,0.006038795269284124
2018-06-25 10:30:00,0.006258070952652246
2018-06-25 11:00:00,0.006446516640053486
2018-06-25 11:30:00,0.006603571892326193
2018-06-25 12:00:00,0.006688977682735976
2018-06-25 12:30:00,0.006693778668848585
2018-06-25 13:00:00,0.006635790541774864
2018-06-25 13:30:00,0.006463037551042047
2018-06-25 14:00:00,0.00626483535649896
2018-06-25 14:30:00,0.006055058728782892
2018-06-25 15:00:00,0.005779155721925899
2018-06-25 15:30:00,0.005414003478824845
2018-06-25 16:00:00,0.0049861544753566165
2018-06-25 16:30:00,0.004499938970352823
2018-06-25 17:00:00,0.004137275131548838
2018-06-25 17:30:00,0.0037249995823742123
2018-06-25 18:00:00,0.0033312294094018356
2018-06-25 18:30:00,0.0029680240981763556
2018-06-25 19:00:00,0.0026568718448961737
2018-06-25 19:30:00,0.002532287571741805
2018-06-25 20:00:00,0.0021926375112779535
2018-06-25 20:30:00,0.0018148531791478
2018-06-25 21:00:00,0.0016158906344012525
2018-06-25 21:30:00,0.0014491901945460103
2018-06-25 22:00:00,0.001412766770858828
2018-06-25 22:30:00,0.0013537576409542703
2018-06-25 23:00:00,0.001325586910002739
2018-06-25 23:30:00,0.0013184063582707488
2018-06-26 00:00:00,0.0013005623370923305
2018-06-26 00:30:00,0.0012912135748496152
2018-06-26 01:00:00,0.0013070287150304363
2018-06-26 01:30:00,0.0012918794114660558
2018-06-26 02:00:00,0.00130361734274089
2018-06-26 02:30:00,0.001323124034777863
2018-06-26 03:00:00,0.0013736122966460855
2018-06-26 03:30:00,0.0014589768724095388
2018-06-26 04:00:00,0.001608561149743397
2018-06-26 04:30:00,0.001738436423145287
2018-06-26 05:00:00,0.002047850298663169
2018-06-26 05:30:00,0.0025064315833736796
2018-06-26 06:00:00,0.0028142831436961105
2018-06-26 06:30:00,0.0032010152955872038
2018-06-26 07:00:00,0.0036809299214657287
2018-06-26 07:30:00,0.004104301173688393
2018-06-26 08:00:00,0.004573826107411937
2018-06-26 08:30:00,0.005028018952615338
2018-06-26 09:00:00,0.005446666446169486
2018-06-26 09:30:00,0.0058046816730096245
2018-06-26 10:00:00,0.006109161715205369
2018-06-26 10:30:00,0.006345578930110188
2018-06-26 11:00:00,0.006539507846070569
2018-06-26 11:30:00,0.006647022693312209
2018-06-26 12:00:00,0.006695173404491774
2018-06-26 12:30:00,0.006686866532502597
2018-06-26 13:00:00,0.006627043913510766
2018-06-26 13:30:00,0.006495271085780459
2018-06-26 14:00:00,0.0063053077390529955
2018-06-26 14:30:00,0.006058799578157761
2018-06-26 15:00:00,0.005772717914140685
2018-06-26 15:30:00,0.005462063037611847
2018-06-26 16:00:00,0.005078464799410637
2018-06-26 16:30:00,0.0045708858625455855
2018-06-26 17:00:00,0.004183430093504749
2018-06-26 17:30:00,0.0037718780814514274
2018-06-26 18:00:00,0.003376901719839267
2018-06-26 18:30:00,0.0030195118352251945
2018-06-26 19:00:00,0.002705202940178319
2018-06-26 19:30:00,0.0025930463634186284
2018-06-26 20:00:00,0.0022271094414685116
2018-06-26 20:30:00,0.001825462469340703
2018-06-26 21:00:00,0.001628302965335551
2018-06-26 21:30:00,0.0014510498954225552
2018-06-26 22:00:00,0.0014121222218072878
2018-06-26 22:30:00,0.0013535796577048755
2018-06-26 23:00:00,0.0013217592297710382
2018-06-26 23:30:00,0.0013111474586965117
2018-06-27 00:00:00,0.0013051098731371186
2018-06-27 00:30:00,0.0012932995161245588
2018-06-27 01:00:00,0.0012974650764277277
2018-06-27 01:30:00,0.0012975332606581613
2018-06-27 02:00:00,0.001297895309318351
2018-06-27 02:30:00,0.0013109517891619926
2018-06-27 03:00:00,0.0013513134923842317
2018-06-27 03:30:00,0.0013816990904267027
2018-06-27 04:00:00,0.0014383994798808151
2018-06-27 04:30:00,0.001441578129468365
2018-06-27 05:00:00,0.0017030420051328877
2018-06-27 05:30:00,0.0022745331743038773
2018-06-27 06:00:00,0.002508112980887072
2018-06-27 06:30:00,0.0028440157096724567
2018-06-27 07:00:00,0.0033439691366820307
2018-06-27 07:30:00,0.0037767608566291805
2018-06-27 08:00:00,0.004301760304170943
2018-06-27 08:30:00,0.004806953513226773
2018-06-27 09:00:00,0.005218062727924475
2018-06-27 09:30:00,0.00561722489703499
2018-06-27 10:00:00,0.005937963036824056
2018-06-27 10:30:00,0.006240408435974559
2018-06-27 11:00:00,0.006461961488644851
2018-06-27 11:30:00,0.00671064730340667
2018-06-27 12:00:00,0.006824689510257295
2018-06-27 12:30:00,0.006823503808898018
2018-06-27 13:00:00,0.006802619747389222
2018-06-27 13:30:00,0.0066900667897688065
2018-06-27 14:00:00,0.0065509628768118545
2018-06-27 14:30:00,0.006347075221843071
2018-06-27 15:00:00,0.0060101018725943756
2018-06-27 15:30:00,0.005572400567942247
2018-06-27 16:00:00,0.005157475597250327
2018-06-27 16:30:00,0.004728725873695796
2018-06-27 17:00:00,0.004298958508504886
2018-06-27 17:30:00,0.0038998529195010782
2018-06-27 18:00:00,0.003522984032690092
2018-06-27 18:30:00,0.003132823542480283
2018-06-27 19:00:00,0.002838658846019247
2018-06-27 19:30:00,0.0027029657451527653
2018-06-27 20:00:00,0.0022692643419340913
2018-06-27 20:30:00,0.0018522636736074804
2018-06-27 21:00:00,0.0016821315342390648
2018-06-27 21:30:00,0.001494116159756888
2018-06-27 22:00:00,0.0014355298200980824
2018-06-27 22:30:00,0.0013815845697298123
2018-06-27 23:00:00,0.0013380477381713602
2018-06-27 23:30:00,0.0013188225861844637
2018-06-28 00:00:00,0.0013223545613323007
2018-06-28 00:30:00,0.0013123736544461639
2018-06-28 01:00:00,0.001302684211136599
2018-06-28 01:30:00,0.0013033992652433176
2018-06-28 02:00:00,0.0013085410924796549
2018-06-28 02:30:00,0.0013292298845961293
2018-06-28 03:00:00,0.0013559921150128815
2018-06-28 03:30:00,0.0013904838122279907
2018-06-28 04:00:00,0.0014525708359147977
2018-06-28 04:30:00,0.0014470431915717466
2018-06-28 05:00:00,0.0017069957301567634
2018-06-28 05:30:00,0.002275827074113326
2018-06-28 06:00:00,0.0025627635218924446
2018-06-28 06:30:00,0.0028854068187116762
2018-06-28 07:00:00,0.003418399586816748
2018-06-28 07:30:00,0.0038632968086612447
2018-06-28 08:00:00,0.00439916219760131
2018-06-28 08:30:00,0.004931573799178907
2018-06-28 09:00:00,0.0053570850919015985
2018-06-28 09:30:00,0.0057285291709142615
2018-06-28 10:00:00,0.0060507922526175425
2018-06-28 10:30:00,0.006326437327814103
2018-06-28 11:00:00,0.006532161235326666
2018-06-28 11:30:00,0.006740214050456421
2018-06-28 12:00:00,0.0068109242985536535
2018-06-28 12:30:00,0.006807158960476305
2018-06-28 13:00:00,0.006797484002314285
2018-06-28 13:30:00,0.006702511772306413
2018-06-28 14:00:00,0.006571509858533577
2018-06-28 14:30:00,0.006364390094979674
2018-06-28 15:00:00,0.006046252879473581
2018-06-28 15:30:00,0.005643302404123586
2018-06-28 16:00:00,0.005251535903190371
2018-06-28 16:30:00,0.004839942836547598
2018-06-28 17:00:00,0.0044260346271792214
2018-06-28 17:30:00,0.004016835131132737
2018-06-28 18:00:00,0.0036226886644379432
2018-06-28 18:30:00,0.0032096837360659335
2018-06-28 19:00:00,0.0029062238163881913
2018-06-28 19:30:00,0.002742433370649178
2018-06-28 20:00:00,0.002296623424452456
2018-06-28 20:30:00,0.0018786422476853842
2018-06-28 21:00:00,0.001702948051744943
2018-06-28 21:30:00,0.0015035310254906107
2018-06-28 22:00:00,0.0014504041459444228
2018-06-28 22:30:00,0.0013869153441117528
2018-06-28 23:00:00,0.0013545150301054716
2018-06-28 23:30:00,0.0013400560518600122
2018-06-29 00:00:00,0.001327406836744864
2018-06-29 00:30:00,0.0013193751025306066
2018-06-29 01:00:00,0.0013204206740923615
2018-06-29 01:30:00,0.001311383382536087
2018-06-29 02:00:00,0.0013158634546063968
2018-06-29 02:30:00,0.001328324282775018
2018-06-29 03:00:00,0.0013712730653601998
2018-06-29 03:30:00,0.00140119441842527
2018-06-29 04:00:00,0.0014745522473856897
2018-06-29 04:30:00,0.0014625627066971428
2018-06-29 05:00:00,0.0017253292052710175
2018-06-29 05:30:00,0.0022650838963411803
2018-06-29 06:00:00,0.0025685383740850377
2018-06-29 06:30:00,0.002879639249107075
2018-06-29 07:00:00,0.003363192768128577
2018-06-29 07:30:00,0.003796446572285262
2018-06-29 08:00:00,0.004299387300883598
2018-06-29 08:30:00,0.004822451900844148
2018-06-29 09:00:00,0.005222251896617289
2018-06-29 09:30:00,0.0056187895330551876
2018-06-29 10:00:00,0.005992315952063017
2018-06-29 10:30:00,0.006318615508196592
2018-06-29 11:00:00,0.006556133914428601
2018-06-29 11:30:00,0.006777228804282892
2018-06-29 12:00:00,0.006873834174655154
2018-06-29 12:30:00,0.006908895194188696
2018-06-29 13:00:00,0.006937633246747673
2018-06-29 13:30:00,0.00687739832123566
2018-06-29 14:00:00,0.006779790434602082
2018-06-29 14:30:00,0.006621545319491244
2018-06-29 15:00:00,0.006318561488999945
2018-06-29 15:30:00,0.005860780888826393
2018-06-29 16:00:00,0.005413580208408457
2018-06-29 16:30:00,0.0049404634382643475
2018-06-29 17:00:00,0.0044666149680981084
2018-06-29 17:30:00,0.004054186164461886
2018-06-29 18:00:00,0.0036504876632881085
2018-06-29 18:30:00,0.0032311903388054135
2018-06-29 19:00:00,0.0029400470360483565
2018-06-29 19:30:00,0.002784244949109405
2018-06-29 20:00:00,0.0023214304800643687
2018-06-29 20:30:00,0.0018774727920993206
2018-06-29 21:00:00,0.0017175235513982798
2018-06-29 21:30:00,0.0014976559776917935
2018-06-29 22:00:00,0.0014413890222658833
2018-06-29 22:30:00,0.0013774544620253314
2018-06-29 23:00:00,0.001348347718445688
2018-06-29 23:30:00,0.0013235982032817587
2018-06-30 00:00:00,0.001346924012507409
2018-06-30 00:30:00,0.0013564586007865876
2018-06-30 01:00:00,0.0013700411075629054
2018-06-30 01:30:00,0.0013524166043939697
2018-06-30 02:00:00,0.0013423395833520222
2018-06-30 02:30:00,0.0013278638791627121
2018-06-30 03:00:00,0.0013048537021023558
2018-06-30 03:30:00,0.0012948727952162191
2018-06-30 04:00:00,0.0012892052611609634
2018-06-30 04:30:00,0.0012012124714166762
2018-06-30 05:00:00,0.0012314713044110173
2018-06-30 05:30:00,0.0014801306297593689
2018-06-30 06:00:00,0.0014856116975506452
2018-06-30 06:30:00,0.0013814454803020028
2018-06-30 07:00:00,0.0014782920563908455
2018-06-30 07:30:00,0.0014461387901772275
2018-06-30 08:00:00,0.0015326936289210085
2018-06-30 08:30:00,0.0016759634222948865
2018-06-30 09:00:00,0.0018047364639998723
2018-06-30 09:30:00,0.0019474825512658194
2018-06-30 10:00:00,0.0021565836589242716
2018-06-30 10:30:00,0.002309058483463566
2018-06-30 11:00:00,0.002421373196419662
2018-06-30 11:30:00,0.0026164975772089375
2018-06-30 12:00:00,0.0027248242329406223
2018-06-30 12:30:00,0.002715456984128387
2018-06-30 13:00:00,0.0028630010964546823
2018-06-30 13:30:00,0.0028908089784616293
2018-06-30 14:00:00,0.002936330675375967
2018-06-30 14:30:00,0.0030410003515373533
2018-06-30 15:00:00,0.003012685249281007
2018-06-30 15:30:00,0.002984969880150095
2018-06-30 16:00:00,0.0029842312176537305
2018-06-30 16:30:00,0.0029088972464373286
2018-06-30 17:00:00,0.0027996769131220147
2018-06-30 17:30:00,0.002682108253085876
2018-06-30 18:00:00,0.00254035179750249
2018-06-30 18:30:00,0.002314357406526595
2018-06-30 19:00:00,0.002208497227299563
2018-06-30 19:30:00,0.002258908901951207
2018-06-30 20:00:00,0.001957321727785644
2018-06-30 20:30:00,0.001730510246442698
2018-06-30 21:00:00,0.0016183430259005568
2018-06-30 21:30:00,0.001519352087775953
2018-06-30 22:00:00,0.0015225693910997698
2018-06-30 22:30:00,0.0014932473710179358
2018-06-30 23:00:00,0.0014587843239841592
2018-06-30 23:30:00,0.0014420230075634127
2018-07-01 00:00:00,0.0013779726461709387
2018-07-01 00:30:00,0.0013090383892025593
2018-07-01 01:00:00,0.001320649235315505
2018-07-01 01:30:00,0.0012975473456635091
2018-07-01 02:00:00,0.0012741699981228365
2018-07-01 02:30:00,0.001256629764900669
2018-07-01 03:00:00,0.001246716882188087
2018-07-01 03:30:00,0.0012456140902921068
2018-07-01 04:00:00,0.0012605134650400032
2018-07-01 04:30:00,0.0011754133832690182
2018-07-01 05:00:00,0.0010359860753881439
2018-07-01 05:30:00,0.0009547964232552782
2018-07-01 06:00:00,0.0010849555575319896
2018-07-01 06:30:00,0.001164030058009503
2018-07-01 07:00:00,0.0012665062346732896
2018-07-01 07:30:00,0.0015534827767005855
2018-07-01 08:00:00,0.0015788429888861566
2018-07-01 08:30:00,0.001584389760026243
2018-07-01 09:00:00,0.001711166972479135
2018-07-01 09:30:00,0.0017597022203103838
2018-07-01 10:00:00,0.0019392743543425169
2018-07-01 10:30:00,0.0020574974069282517
2018-07-01 11:00:00,0.0021510021554414526
2018-07-01 11:30:00,0.002297963660728362
2018-07-01 12:00:00,0.002389773727007218
2018-07-01 12:30:00,0.002447912867746231
2018-07-01 13:00:00,0.00251999232241446
2018-07-01 13:30:00,0.002572082833669433
2018-07-01 14:00:00,0.002609386250077094
2018-07-01 14:30:00,0.0026587992498325157
2018-07-01 15:00:00,0.0026906402450752984
2018-07-01 15:30:00,0.0026514461567850155
2018-07-01 16:00:00,0.0026161459322458793
2018-07-01 16:30:00,0.002505494930518052
2018-07-01 17:00:00,0.0019613983764925546
2018-07-01 17:30:00,0.0015201554932798532
2018-07-01 18:00:00,0.001274515080753857
2018-07-01 18:30:00,0.001060961430808275
2018-07-01 19:00:00,0.0010738959473101549
2018-07-01 19:30:00,0.0012421026824532154
2018-07-01 20:00:00,0.0013154365829102313
2018-07-01 20:30:00,0.0013725776889805387
2018-07-01 21:00:00,0.0013907709542688306
2018-07-01 21:30:00,0.0013551344502270167
2018-07-01 22:00:00,0.001350123069347025
2018-07-01 22:30:00,0.0013335082049705195
2018-07-01 23:00:00,0.0013170866893037884
2018-07-01 23:30:00,0.0013086029544633702
2018-07-02 00:00:00,0.0013096519672480223
2018-07-02 00:30:00,0.0013022835887685816
2018-07-02 01:00:00,0.0013042735759445936
2018-07-02 01:30:00,0.0013050250429912738
2018-07-02 02:00:00,0.0013061549645282365
2018-07-02 02:30:00,0.0013307012874843361
2018-07-02 03:00:00,0.0013516488115456362
2018-07-02 03:30:00,0.0013976349134942536
2018-07-02 04:00:00,0.0014609854261835092
2018-07-02 04:30:00,0.0014564802251832037
2018-07-02 05:00:00,0.0014695956059582998
2018-07-02 05:30:00,0.0015795289926693456
2018-07-02 06:00:00,0.0021638080662410948
2018-07-02 06:30:00,0.002636617127035418
2018-07-02 07:00:00,0.0030507903105669
2018-07-02 07:30:00,0.0034772638652458537
2018-07-02 08:00:00,0.003852760824518902
2018-07-02 08:30:00,0.0042765658308835264
2018-07-02 09:00:00,0.004658613998240526
2018-07-02 09:30:00,0.0049946932697633945
2018-07-02 10:00:00,0.005325519394490615
2018-07-02 10:30:00,0.0055133916781230086
2018-07-02 11:00:00,0.005737608157287503
2018-07-02 11:30:00,0.005981420800284305
2018-07-02 12:00:00,0.006094749313511684
2018-07-02 12:30:00,0.006152927268043843
2018-07-02 13:00:00,0.006144305804259086
2018-07-02 13:30:00,0.006047757814277929
2018-07-02 14:00:00,0.005948272220368924
2018-07-02 14:30:00,0.0057894259316207414
2018-07-02 15:00:00,0.005468020514703326
2018-07-02 15:30:00,0.005042314992958024
2018-07-02 16:00:00,0.004645961742044677
2018-07-02 16:30:00,0.004246910092209077
2018-07-02 17:00:00,0.0033172471605703345
2018-07-02 17:30:00,0.0024911274247789135
2018-07-02 18:00:00,0.0020615971838541707
2018-07-02 18:30:00,0.0016829138122349437
2018-07-02 19:00:00,0.0015965146288059436
2018-07-02 19:30:00,0.0016825557649967275
2018-07-02 20:00:00,0.0016880250686074011
2018-07-02 20:30:00,0.0016430790962866544
2018-07-02 21:00:00,0.001598129122543934
2018-07-02 21:30:00,0.0015070273879828804
2018-07-02 22:00:00,0.0014574953059095183
2018-07-02 22:30:00,0.0013941233455984831
2018-07-02 23:00:00,0.0013584164165299302
2018-07-02 23:30:00,0.0013316110507843003
2018-07-03 00:00:00,0.0013248448062834774
2018-07-03 00:30:00,0.001323622611955799
2018-07-03 01:00:00,0.0013302862599972132
2018-07-03 01:30:00,0.00132568142358976
2018-07-03 02:00:00,0.0013275966642033016
2018-07-03 02:30:00,0.0013413103375919206
2018-07-03 03:00:00,0.0013705141556686483
2018-07-03 03:30:00,0.001414934661255795
2018-07-03 04:00:00,0.001474928381051227
2018-07-03 04:30:00,0.0014791922162780725
2018-07-03 05:00:00,0.001489319175066253
2018-07-03 05:30:00,0.0016021590346421905
2018-07-03 06:00:00,0.002226793329132581
2018-07-03 06:30:00,0.0027511709556996148
2018-07-03 07:00:00,0.0031812041753664635
2018-07-03 07:30:00,0.0035682199480470606
2018-07-03 08:00:00,0.003973241559410696
2018-07-03 08:30:00,0.004348718831687633
2018-07-03 09:00:00,0.0047157455809265355
2018-07-03 09:30:00,0.00506518159899796
2018-07-03 10:00:00,0.005417272880662761
2018-07-03 10:30:00,0.005642395841961202
2018-07-03 11:00:00,0.005839123352450061
2018-07-03 11:30:00,0.00605092405945736
2018-07-03 12:00:00,0.006163154262381369
2018-07-03 12:30:00,0.006228877458244211
2018-07-03 13:00:00,0.006233618823169409
2018-07-03 13:30:00,0.006159022714164977
2018-07-03 14:00:00,0.00606392131825579
2018-07-03 14:30:00,0.005898092788248639
2018-07-03 15:00:00,0.005558115091353572
2018-07-03 15:30:00,0.005136714779538325
2018-07-03 16:00:00,0.00473104389744522
2018-07-03 16:30:00,0.004309426628530552
2018-07-03 17:00:00,0.0033146279097747227
2018-07-03 17:30:00,0.0024534152231024085
2018-07-03 18:00:00,0.0020798784003974473
2018-07-03 18:30:00,0.0017173108358061525
2018-07-03 19:00:00,0.0016233063897168627
2018-07-03 19:30:00,0.0016996194288618149
2018-07-03 20:00:00,0.0016936937230608092
2018-07-03 20:30:00,0.0016553203264173533
2018-07-03 21:00:00,0.0016021887251932365
2018-07-03 21:30:00,0.001521187940177534
2018-07-03 22:00:00,0.001462109345587511
2018-07-03 22:30:00,0.0014011141499004755
2018-07-03 23:00:00,0.001363962467414061
2018-07-03 23:30:00,0.0013355449287551853
2018-07-04 00:00:00,0.00132808715850885
2018-07-04 00:30:00,0.0013212026319744821
2018-07-04 01:00:00,0.0013155719910298248
2018-07-04 01:30:00,0.0013158596932697415
2018-07-04 02:00:00,0.0013199851593247327
2018-07-04 02:30:00,0.0013303680490623577
2018-07-04 03:00:00,0.001363588254431071
2018-07-04 03:30:00,0.0014097030421103655
2018-07-04 04:00:00,0.0014648639244742774
2018-07-04 04:30:00,0.0014769915942493596
2018-07-04 05:00:00,0.0014910940457969531
2018-07-04 05:30:00,0.0015955079510657742
2018-07-04 06:00:00,0.0022223381459069488
2018-07-04 06:30:00,0.002786514715709825
2018-07-04 07:00:00,0.0031868503418283796
2018-07-04 07:30:00,0.003586643775269483
2018-07-04 08:00:00,0.004016808481662391
2018-07-04 08:30:00,0.004453534159608866
2018-07-04 09:00:00,0.004856258154475144
2018-07-04 09:30:00,0.0052201298625161405
2018-07-04 10:00:00,0.005571960651610449
2018-07-04 10:30:00,0.005784146375440065
2018-07-04 11:00:00,0.005982791527395651
2018-07-04 11:30:00,0.006194418732746166
2018-07-04 12:00:00,0.006278116476172211
2018-07-04 12:30:00,0.006335452611549523
2018-07-04 13:00:00,0.0063291686984534214
2018-07-04 13:30:00,0.006231372424873316
2018-07-04 14:00:00,0.006126984368790446
2018-07-04 14:30:00,0.005961281643490152
2018-07-04 15:00:00,0.005655629024599206
2018-07-04 15:30:00,0.0052816133917408595
2018-07-04 16:00:00,0.004913449518405442
2018-07-04 16:30:00,0.00452081967066716
2018-07-04 17:00:00,0.00349137664046214
2018-07-04 17:30:00,0.0025760019864074545
2018-07-04 18:00:00,0.002163087410143613
2018-07-04 18:30:00,0.0017801041104713359
2018-07-04 19:00:00,0.0016888207913811116
2018-07-04 19:30:00,0.0017323308134123392
2018-07-04 20:00:00,0.0017317844592560363
2018-07-04 20:30:00,0.0016630556352917915
2018-07-04 21:00:00,0.0016264366220985296
2018-07-04 21:30:00,0.0015362517733685539
2018-07-04 22:00:00,0.0014794557499292673
2018-07-04 22:30:00,0.001402033596641616
2018-07-04 23:00:00,0.0013620556297866647
2018-07-04 23:30:00,0.0013442618664682372
2018-07-05 00:00:00,0.0013340865705026134
2018-07-05 00:30:00,0.0013282791467351535
2018-07-05 01:00:00,0.001320680846549098
2018-07-05 01:30:00,0.0013217739550039017
2018-07-05 02:00:00,0.0013232826511449045
2018-07-05 02:30:00,0.0013355440484423514
2018-07-05 03:00:00,0.0013673537525652991
2018-07-05 03:30:00,0.0014057455557498347
2018-07-05 04:00:00,0.0014671765062898173
2018-07-05 04:30:00,0.0014724563025558114
2018-07-05 05:00:00,0.0014809741295114466
2018-07-05 05:30:00,0.0016008331234569511
2018-07-05 06:00:00,0.0022126218130417196
2018-07-05 06:30:00,0.0027572594393465146
2018-07-05 07:00:00,0.003149557249089411
2018-07-05 07:30:00,0.003516069255405602
2018-07-05 08:00:00,0.003920089791019831
2018-07-05 08:30:00,0.004315433483169187
2018-07-05 09:00:00,0.004686523356308728
2018-07-05 09:30:00,0.00504450897262626
2018-07-05 10:00:00,0.005404001764544444
2018-07-05 10:30:00,0.005668234384129521
2018-07-05 11:00:00,0.005888582368558182
2018-07-05 11:30:00,0.006083645767676576
2018-07-05 12:00:00,0.006192987824248333
2018-07-05 12:30:00,0.006277038733177788
2018-07-05 13:00:00,0.006296859856953462
2018-07-05 13:30:00,0.006219150481596531
2018-07-05 14:00:00,0.0061315035747676605
2018-07-05 14:30:00,0.005968384087465214
2018-07-05 15:00:00,0.005657472719787855
2018-07-05 15:30:00,0.005270029835325775
2018-07-05 16:00:00,0.004897905914719764
2018-07-05 16:30:00,0.004511598153643211
2018-07-05 17:00:00,0.0035098468841794584
2018-07-05 17:30:00,0.002626515057091915
2018-07-05 18:00:00,0.002180078008043458
2018-07-05 18:30:00,0.0017719320063742374
2018-07-05 19:00:00,0.00167657387923121
2018-07-05 19:30:00,0.0017325996289405394
2018-07-05 20:00:00,0.0017387350892814116
2018-07-05 20:30:00,0.0016657845250494857
2018-07-05 21:00:00,0.001618543577169884
2018-07-05 21:30:00,0.0015276956928188487
2018-07-05 22:00:00,0.0014553617477130864
2018-07-05 22:30:00,0.001385940757775813
2018-07-05 23:00:00,0.001351137509845824
2018-07-05 23:30:00,0.001330264732346994
2018-07-06 00:00:00,0.0013103469342164325
2018-07-06 00:30:00,0.0013146122099551884
2018-07-06 01:00:00,0.0013035329127372426
2018-07-06 01:30:00,0.0013034987405935864
2018-07-06 02:00:00,0.0013143922918035082
2018-07-06 02:30:00,0.0013310711789315944
2018-07-06 03:00:00,0.001357084023041093
2018-07-06 03:30:00,0.0013951570729511956
2018-07-06 04:00:00,0.001454280243382007
2018-07-06 04:30:00,0.001466718903672893
2018-07-06 05:00:00,0.001474133458561911
2018-07-06 05:30:00,0.001589917884539931
2018-07-06 06:00:00,0.0021711906097543225
2018-07-06 06:30:00,0.00269777478045459
2018-07-06 07:00:00,0.0031535908424958833
2018-07-06 07:30:00,0.003583520425333611
2018-07-06 08:00:00,0.004040344925740742
2018-07-06 08:30:00,0.004507385296532313
2018-07-06 09:00:00,0.004954931299666589
2018-07-06 09:30:00,0.005370283382139993
2018-07-06 10:00:00,0.00575662083376759
2018-07-06 10:30:00,0.006006591185011439
2018-07-06 11:00:00,0.00623881971139408
2018-07-06 11:30:00,0.006461037640339539
2018-07-06 12:00:00,0.006567432489570712
2018-07-06 12:30:00,0.006633009793588388
2018-07-06 13:00:00,0.006649074542471935
2018-07-06 13:30:00,0.006619660649741583
2018-07-06 14:00:00,0.0065613762573849205
2018-07-06 14:30:00,0.006406932173035439
2018-07-06 15:00:00,0.006098669986790055
2018-07-06 15:30:00,0.005705855193328144
2018-07-06 16:00:00,0.005310094793094437
2018-07-06 16:30:00,0.004864548940747986
2018-07-06 17:00:00,0.0037256712610667353
2018-07-06 17:30:00,0.0027708260204633763
2018-07-06 18:00:00,0.002321937540256889
2018-07-06 18:30:00,0.0018605993558348678
2018-07-06 19:00:00,0.0017318061469631342
2018-07-06 19:30:00,0.001764927597237534
2018-07-06 20:00:00,0.0017411196166640403
2018-07-06 20:30:00,0.0016828699566501103
2018-07-06 21:00:00,0.0016233690519849725
2018-07-06 21:30:00,0.0015458890381355801
2018-07-06 22:00:00,0.0014751885535079637
2018-07-06 22:30:00,0.001387771328300389
2018-07-06 23:00:00,0.0013565692000899435
2018-07-06 23:30:00,0.0013298352997407653
2018-07-07 00:00:00,0.0013460364971136193
2018-07-07 00:30:00,0.0013573342719713347
2018-07-07 01:00:00,0.0013707188684168282
2018-07-07 01:30:00,0.001357780110407656
2018-07-07 02:00:00,0.001346588693346004
2018-07-07 02:30:00,0.0013273001588350428
2018-07-07 03:00:00,0.001310211686153718
2018-07-07 03:30:00,0.001305294658803869
2018-07-07 04:00:00,0.0012891192305885264
2018-07-07 04:30:00,0.0012147813733582832
2018-07-07 05:00:00,0.001077697298185268
2018-07-07 05:30:00,0.0010339632765519469
2018-07-07 06:00:00,0.0013015383639401806
2018-07-07 06:30:00,0.0014598111688910766
2018-07-07 07:00:00,0.0015403202591746383
2018-07-07 07:30:00,0.0015117396225561102
2018-07-07 08:00:00,0.001620208328767865
2018-07-07 08:30:00,0.0017747037113470514
2018-07-07 09:00:00,0.0018993921015011787
2018-07-07 09:30:00,0.0021243907786331127
2018-07-07 10:00:00,0.002403850169311982
2018-07-07 10:30:00,0.0025053558410902425
2018-07-07 11:00:00,0.002666775444309777
2018-07-07 11:30:00,0.002832344922258343
2018-07-07 12:00:00,0.0028574277558726905
2018-07-07 12:30:00,0.0029983546366524672
2018-07-07 13:00:00,0.0031186546673279245
2018-07-07 13:30:00,0.003106967634140597
2018-07-07 14:00:00,0.0031836280767413155
2018-07-07 14:30:00,0.003235396393498957
2018-07-07 15:00:00,0.0032204363571939378
2018-07-07 15:30:00,0.0032785904632511333
2018-07-07 16:00:00,0.0033087132478983646
2018-07-07 16:30:00,0.003175625472879027
2018-07-07 17:00:00,0.002507381921092458
2018-07-07 17:30:00,0.0018831925046971147
2018-07-07 18:00:00,0.001635880218042024
2018-07-07 18:30:00,0.001401887144597375
2018-07-07 19:00:00,0.0013931798102970604
2018-07-07 19:30:00,0.0015391223134641207
2018-07-07 20:00:00,0.0016101766838511004
2018-07-07 20:30:00,0.0016302436549928457
2018-07-07 21:00:00,0.0016265573850136991
2018-07-07 21:30:00,0.001583210380913684
2018-07-07 22:00:00,0.0015708956846755462
2018-07-07 22:30:00,0.0015295207413811005
2018-07-07 23:00:00,0.0014760891935658273
2018-07-07 23:30:00,0.0014445786357496415
2018-07-08 00:00:00,0.001392908273801918
2018-07-08 00:30:00,0.0013292707791287015
2018-07-08 01:00:00,0.0013337262824680922
2018-07-08 01:30:00,0.0013128070084459267
2018-07-08 02:00:00,0.0012905553409349245
2018-07-08 02:30:00,0.0012676004635262458
2018-07-08 03:00:00,0.0012616302619128917
2018-07-08 03:30:00,0.0012562906043741694
2018-07-08 04:00:00,0.001270577761560074
2018-07-08 04:30:00,0.001203529374767948
2018-07-08 05:00:00,0.0010546741565177166
2018-07-08 05:30:00,0.0009806312040869425
2018-07-08 06:00:00,0.0011915523185159595
2018-07-08 06:30:00,0.0013395777218772637
2018-07-08 07:00:00,0.0014394753021926918
2018-07-08 07:30:00,0.0016477826877884208
2018-07-08 08:00:00,0.0016800307877028182
2018-07-08 08:30:00,0.0017672476216979453
2018-07-08 09:00:00,0.0019450511272176574
2018-07-08 09:30:00,0.002008269032782701
2018-07-08 10:00:00,0.0022521276121037622
2018-07-08 10:30:00,0.0023963253352333657
2018-07-08 11:00:00,0.002522777312108227
2018-07-08 11:30:00,0.0027252175727206463
2018-07-08 12:00:00,0.0028316420324744247
2018-07-08 12:30:00,0.0029785643238259907
2018-07-08 13:00:00,0.0030721050051085164
2018-07-08 13:30:00,0.0030840118764190842
2018-07-08 14:00:00,0.0031196238117299794
2018-07-08 14:30:00,0.003085102423963825
2018-07-08 15:00:00,0.003105215011316071
2018-07-08 15:30:00,0.003077600157905141
2018-07-08 16:00:00,0.00304529755862346
2018-07-08 16:30:00,0.002953528466905616
2018-07-08 17:00:00,0.002286584737033018
2018-07-08 17:30:00,0.0017004467628691186
2018-07-08 18:00:00,0.0014392710696151491
2018-07-08 18:30:00,0.0011986490004433788
2018-07-08 19:00:00,0.0011856481403651731
2018-07-08 19:30:00,0.0013441589498950713
2018-07-08 20:00:00,0.0014203884393492103
2018-07-08 20:30:00,0.0014518508200448317
2018-07-08 21:00:00,0.0014403127197833696
2018-07-08 21:30:00,0.0013946023158087474
2018-07-08 22:00:00,0.0013856437722369174
2018-07-08 22:30:00,0.001367241312607835
2018-07-08 23:00:00,0.0013431056956031266
2018-07-08 23:30:00,0.0013280134523160929
2018-07-09 00:00:00,0.0013340128643098558
2018-07-09 00:30:00,0.0013243019733785114
2018-07-09 01:00:00,0.0013226671524168942
2018-07-09 01:30:00,0.001323857975596298
2018-07-09 02:00:00,0.001337236249795073
2018-07-09 02:30:00,0.001338829375939723
2018-07-09 03:00:00,0.0013710818774182916
2018-07-09 03:30:00,0.0014174722030147024
2018-07-09 04:00:00,0.001472085210681961
2018-07-09 04:30:00,0.0014898448818851714
2018-07-09 05:00:00,0.0015120967094530526
2018-07-09 05:30:00,0.0016283000042832904
2018-07-09 06:00:00,0.0022991154300293017
2018-07-09 06:30:00,0.0029393477475442146
2018-07-09 07:00:00,0.0034442905476129246
2018-07-09 07:30:00,0.00394905216329466
2018-07-09 08:00:00,0.0044539276594457704
2018-07-09 08:30:00,0.0049285993821688995
2018-07-09 09:00:00,0.005358252386719798
2018-07-09 09:30:00,0.005784494499151787
2018-07-09 10:00:00,0.0061911738196107294
2018-07-09 10:30:00,0.00643561148471984
2018-07-09 11:00:00,0.006661450380437832
2018-07-09 11:30:00,0.006914181632815167
2018-07-09 12:00:00,0.007018896445016418
2018-07-09 12:30:00,0.007119614076751157
2018-07-09 13:00:00,0.007135892981738742
2018-07-09 13:30:00,0.006975376099316498
2018-07-09 14:00:00,0.0068031636206639014
2018-07-09 14:30:00,0.006509591534797186
2018-07-09 15:00:00,0.006075909818574622
2018-07-09 15:30:00,0.0056694559382296835
2018-07-09 16:00:00,0.005295596440856754
2018-07-09 16:30:00,0.004902168709576896
2018-07-09 17:00:00,0.003698012311985653
2018-07-09 17:30:00,0.002628495600912068
2018-07-09 18:00:00,0.0022270590235516415
2018-07-09 18:30:00,0.001842454987923096
2018-07-09 19:00:00,0.0017402357025500274
2018-07-09 19:30:00,0.0017754032399365117
2018-07-09 20:00:00,0.0017408063853519313
2018-07-09 20:30:00,0.0016661979519678194
2018-07-09 21:00:00,0.0016256860353646837
2018-07-09 21:30:00,0.0015363592515627701
2018-07-09 22:00:00,0.001473483547604926
2018-07-09 22:30:00,0.0014015710322614445
2018-07-09 23:00:00,0.0013515917512682898
2018-07-09 23:30:00,0.0013323401898963664
2018-07-10 00:00:00,0.0013301558136408673
2018-07-10 00:30:00,0.001326348220547475
2018-07-10 01:00:00,0.0013234359856349408
2018-07-10 01:30:00,0.0013124919364797096
2018-07-10 02:00:00,0.0013226365015245748
2018-07-10 02:30:00,0.0013373346847756285
2018-07-10 03:00:00,0.0013617166293170442
2018-07-10 03:30:00,0.001408319270363385
2018-07-10 04:00:00,0.0014655179969101152
2018-07-10 04:30:00,0.0014833725818425444
2018-07-10 05:00:00,0.0014976823870768206
2018-07-10 05:30:00,0.0016152014294804845
2018-07-10 06:00:00,0.0023051976714579224
2018-07-10 06:30:00,0.002898575018256826
2018-07-10 07:00:00,0.003344502526231139
2018-07-10 07:30:00,0.0037667489787369664
2018-07-10 08:00:00,0.004195587533859318
2018-07-10 08:30:00,0.004627679725217007
2018-07-10 09:00:00,0.00500522741325163
2018-07-10 09:30:00,0.005367067199214329
2018-07-10 10:00:00,0.005733003640993807
2018-07-10 10:30:00,0.00601896790329017
2018-07-10 11:00:00,0.0062359351663216055
2018-07-10 11:30:00,0.006412772568519963
2018-07-10 12:00:00,0.006474462811203847
2018-07-10 12:30:00,0.006498676135823287
2018-07-10 13:00:00,0.006471951918915286
2018-07-10 13:30:00,0.0063730463711356026
2018-07-10 14:00:00,0.006261369004671494
2018-07-10 14:30:00,0.006097106551196451
2018-07-10 15:00:00,0.0057795513825306686
2018-07-10 15:30:00,0.005370305790103046
2018-07-10 16:00:00,0.0049876021097983
2018-07-10 16:30:00,0.004590293319317609
2018-07-10 17:00:00,0.003502337335532782
2018-07-10 17:30:00,0.00252875831756091
2018-07-10 18:00:00,0.0021583702138071354
2018-07-10 18:30:00,0.0017752459040245015
2018-07-10 19:00:00,0.0016815037111313751
2018-07-10 19:30:00,0.001744042495359025
2018-07-10 20:00:00,0.001700528711991142
2018-07-10 20:30:00,0.0016305641688929473
2018-07-10 21:00:00,0.0015848958598774898
2018-07-10 21:30:00,0.0015049479290115346
2018-07-10 22:00:00,0.0014545460978579463
2018-07-10 22:30:00,0.0013756461394069301
2018-07-10 23:00:00,0.0013389700659363218
2018-07-10 23:30:00,0.0013164457415320247
2018-07-11 00:00:00,0.00131858946334027
2018-07-11 00:30:00,0.0013064080144538598
2018-07-11 01:00:00,0.0013028689167749099
2018-07-11 01:30:00,0.0012990217896324161
2018-07-11 02:00:00,0.001304664995042071
2018-07-11 02:30:00,0.001320949101878222
2018-07-11 03:00:00,0.0013492774088270814
2018-07-11 03:30:00,0.0013866101956720304
2018-07-11 04:00:00,0.0014488547153277268
2018-07-11 04:30:00,0.0014670200506906417
2018-07-11 05:00:00,0.0014691924226802192
2018-07-11 05:30:00,0.00158754440108195
2018-07-11 06:00:00,0.002147645362547629
2018-07-11 06:30:00,0.002640832785141699
2018-07-11 07:00:00,0.00308658335023633
2018-07-11 07:30:00,0.003490874221919109
2018-07-11 08:00:00,0.0038957328153515322
2018-07-11 08:30:00,0.0043003778128789935
2018-07-11 09:00:00,0.004682485921537161
2018-07-11 09:30:00,0.005032454768958616
2018-07-11 10:00:00,0.005377192317348402
2018-07-11 10:30:00,0.005608738441227631
2018-07-11 11:00:00,0.005820020804032443
2018-07-11 11:30:00,0.006067220330616311
2018-07-11 12:00:00,0.00619166567439975
2018-07-11 12:30:00,0.006226159132240527
2018-07-11 13:00:00,0.006213304804235002
2018-07-11 13:30:00,0.006149986543006856
2018-07-11 14:00:00,0.006066316409392428
2018-07-11 14:30:00,0.005879142453922903
2018-07-11 15:00:00,0.005561622257685171
2018-07-11 15:30:00,0.00520365808898942
2018-07-11 16:00:00,0.004861179263275407
2018-07-11 16:30:00,0.004498722938214983
2018-07-11 17:00:00,0.0034649670953781587
2018-07-11 17:30:00,0.002542827637334561
2018-07-11 18:00:00,0.002135923917131327
2018-07-11 18:30:00,0.001771754583323919
2018-07-11 19:00:00,0.0016417448621437092
2018-07-11 19:30:00,0.0017087153012357859
2018-07-11 20:00:00,0.0016978795305591656
2018-07-11 20:30:00,0.0016108612471223789
2018-07-11 21:00:00,0.0015793939846919494
2018-07-11 21:30:00,0.0014927728023718429
2018-07-11 22:00:00,0.0014377228394250449
2018-07-11 22:30:00,0.0013790008515613275
2018-07-11 23:00:00,0.0013423471860537725
2018-07-11 23:30:00,0.001314373405091792
2018-07-12 00:00:00,0.001309279915032898
2018-07-12 00:30:00,0.0013094837474682435
2018-07-12 01:00:00,0.001303889839577306
2018-07-12 01:30:00,0.0013053095440936113
2018-07-12 02:00:00,0.001318497350606433
2018-07-12 02:30:00,0.0013252662360457583
2018-07-12 03:00:00,0.0013600990144699144
2018-07-12 03:30:00,0.0014007770701134022
2018-07-12 04:00:00,0.001455263232704091
2018-07-12 04:30:00,0.001492097042228907
2018-07-12 05:00:00,0.0014822876362885673
2018-07-12 05:30:00,0.001601038876574844
2018-07-12 06:00:00,0.0021690745777861358
2018-07-12 06:30:00,0.0026770846278546447
2018-07-12 07:00:00,0.0031211831658731707
2018-07-12 07:30:00,0.003570884735024735
2018-07-12 08:00:00,0.003996464051920983
2018-07-12 08:30:00,0.004447075704486268
2018-07-12 09:00:00,0.004855251716820292
2018-07-12 09:30:00,0.005229098329614466
2018-07-12 10:00:00,0.005582918945827906
2018-07-12 10:30:00,0.005822880940430878
2018-07-12 11:00:00,0.006036974302172286
2018-07-12 11:30:00,0.006261031524742224
2018-07-12 12:00:00,0.006353558885924104
2018-07-12 12:30:00,0.006408135320594522
2018-07-12 13:00:00,0.006398821770865176
2018-07-12 13:30:00,0.006305053488700779
2018-07-12 14:00:00,0.006199940855126893
2018-07-12 14:30:00,0.006012960968623098
2018-07-12 15:00:00,0.005689535153722669
2018-07-12 15:30:00,0.005306133065226613
2018-07-12 16:00:00,0.004943515802974405
2018-07-12 16:30:00,0.004524460404464244
2018-07-12 17:00:00,0.003452390626114495
2018-07-12 17:30:00,0.0025355863440170087
2018-07-12 18:00:00,0.0021165986495666465
2018-07-12 18:30:00,0.0017527171780560334
2018-07-12 19:00:00,0.0016489295753545521
2018-07-12 19:30:00,0.0017307384075236445
2018-07-12 20:00:00,0.0017138590491546707
2018-07-12 20:30:00,0.0016315306723564999
2018-07-12 21:00:00,0.001591656022216912
2018-07-12 21:30:00,0.001504251921673411
2018-07-12 22:00:00,0.0014494998245783435
2018-07-12 22:30:00,0.0014025756292621876
2018-07-12 23:00:00,0.0013462275249986485
2018-07-12 23:30:00,0.0013274901463503589
2018-07-13 00:00:00,0.0013299492602385794
2018-07-13 00:30:00,0.001318622915227971
2018-07-13 01:00:00,0.0013156668247306042
2018-07-13 01:30:00,0.0013119410207023561
2018-07-13 02:00:00,0.0013196015029858844
2018-07-13 02:30:00,0.0013459494261714691
2018-07-13 03:00:00,0.0013681731637570946
2018-07-13 03:30:00,0.0014089273264465242
2018-07-13 04:00:00,0.001464923545661687
2018-07-13 04:30:00,0.001493424073812299
2018-07-13 05:00:00,0.0014961583254754383
2018-07-13 05:30:00,0.0016237145347581907
2018-07-13 06:00:00,0.0022776111481145663
2018-07-13 06:30:00,0.002817584796995135
2018-07-13 07:00:00,0.003301208180844299
2018-07-13 07:30:00,0.0037667435368030824
2018-07-13 08:00:00,0.0041965723638355094
2018-07-13 08:30:00,0.004634378025572714
2018-07-13 09:00:00,0.005013251784849455
2018-07-13 09:30:00,0.005384211291661089
2018-07-13 10:00:00,0.0057640706811984185
2018-07-13 10:30:00,0.006063013475638372
2018-07-13 11:00:00,0.006306628048247472
2018-07-13 11:30:00,0.006512969455199031
2018-07-13 12:00:00,0.006629820980389025
2018-07-13 12:30:00,0.006709042973280493
2018-07-13 13:00:00,0.006710129039232623
2018-07-13 13:30:00,0.0065727693461140515
2018-07-13 14:00:00,0.00643068853526547
2018-07-13 14:30:00,0.0062729341545455
2018-07-13 15:00:00,0.005958704327596825
2018-07-13 15:30:00,0.005548244863799231
2018-07-13 16:00:00,0.005171177346401464
2018-07-13 16:30:00,0.004755590860628835
2018-07-13 17:00:00,0.0035867259644768246
2018-07-13 17:30:00,0.0025717281476256744
2018-07-13 18:00:00,0.0022050291148464282
2018-07-13 18:30:00,0.001840750622247574
2018-07-13 19:00:00,0.0017079836012136563
2018-07-13 19:30:00,0.001784523040813886
2018-07-13 20:00:00,0.0017427994936370828
2018-07-13 20:30:00,0.001658536589371457
2018-07-13 21:00:00,0.0016210333419504242
2018-07-13 21:30:00,0.0015323262983838132
2018-07-13 22:00:00,0.0014739501134070714
2018-07-13 22:30:00,0.001405446249386194
2018-07-13 23:00:00,0.0013625092309816154
2018-07-13 23:30:00,0.0013362134063101291
2018-07-14 00:00:00,0.0013613769886199078
2018-07-14 00:30:00,0.0013715185926125124
2018-07-14 01:00:00,0.0013808487882572694
2018-07-14 01:30:00,0.0013689962562571057
2018-07-14 02:00:00,0.0013548493889256026
2018-07-14 02:30:00,0.0013302742557312918
2018-07-14 03:00:00,0.001317740361597429
2018-07-14 03:30:00,0.0013007094293640874
2018-07-14 04:00:00,0.0012963119466433168
2018-07-14 04:30:00,0.0012312527467428077
2018-07-14 05:00:00,0.0010977858770056716
2018-07-14 05:30:00,0.0010456212594157441
2018-07-14 06:00:00,0.0013344023627247857
2018-07-14 06:30:00,0.0015235461382035753
2018-07-14 07:00:00,0.0015879029284908029
2018-07-14 07:30:00,0.001539887545402391
2018-07-14 08:00:00,0.0016191692395097078
2018-07-14 08:30:00,0.0017521204059828604
2018-07-14 09:00:00,0.0018249361222942688
2018-07-14 09:30:00,0.001972277362526492
2018-07-14 10:00:00,0.0022017408262967955
2018-07-14 10:30:00,0.0022686888574258188
2018-07-14 11:00:00,0.002404109541484324
2018-07-14 11:30:00,0.002623788488158965
2018-07-14 12:00:00,0.002670174492219644
2018-07-14 12:30:00,0.0027900482914264514
2018-07-14 13:00:00,0.0029323410175827666
2018-07-14 13:30:00,0.00290419397504932
2018-07-14 14:00:00,0.0029706904857228194
2018-07-14 14:30:00,0.0030165741512689073
2018-07-14 15:00:00,0.0029436045402683863
2018-07-14 15:30:00,0.0029315495363163484
2018-07-14 16:00:00,0.002942961831870954
2018-07-14 16:30:00,0.0028570017644893595
2018-07-14 17:00:00,0.0022838293578618567
2018-07-14 17:30:00,0.0017556579030930208
2018-07-14 18:00:00,0.0015322835631971332
2018-07-14 18:30:00,0.0013505297738764426
2018-07-14 19:00:00,0.0013653175889797094
2018-07-14 19:30:00,0.0015371902668782896
2018-07-14 20:00:00,0.0016025367688765175
2018-07-14 20:30:00,0.0016214383658826122
2018-07-14 21:00:00,0.001608477920166342
2018-07-14 21:30:00,0.0015542729775119722
2018-07-14 22:00:00,0.0015472630464129448
2018-07-14 22:30:00,0.0015134980074282788
2018-07-14 23:00:00,0.0014688350156695194
2018-07-14 23:30:00,0.0014403656185818631
2018-07-15 00:00:00,0.0013789633182232134
2018-07-15 00:30:00,0.0013206634003492923
2018-07-15 01:00:00,0.001324635291828929
2018-07-15 01:30:00,0.0012981834917289044
2018-07-15 02:00:00,0.0012822379852201766
2018-07-15 02:30:00,0.0012684977423896516
2018-07-15 03:00:00,0.0012543774445000547
2018-07-15 03:30:00,0.001249787973552981
2018-07-15 04:00:00,0.0012685585640036536
2018-07-15 04:30:00,0.0012173825377265737
2018-07-15 05:00:00,0.0010704020656995088
2018-07-15 05:30:00,0.000996265880136745
2018-07-15 06:00:00,0.001178727521004601
2018-07-15 06:30:00,0.001295378975095905
2018-07-15 07:00:00,0.0013654516366158316
2018-07-15 07:30:00,0.001549903584773458
2018-07-15 08:00:00,0.0016013561093089273
2018-07-15 08:30:00,0.0016335725979897315
2018-07-15 09:00:00,0.0017718345317349555
2018-07-15 09:30:00,0.001835676098928836
2018-07-15 10:00:00,0.002048406016146891
2018-07-15 10:30:00,0.002183676246739181
2018-07-15 11:00:00,0.0022546713160525094
2018-07-15 11:30:00,0.002416203199172629
2018-07-15 12:00:00,0.0025099763630718323
2018-07-15 12:30:00,0.0025898775573291338
2018-07-15 13:00:00,0.0027087421979141483
2018-07-15 13:30:00,0.002772145049202821
2018-07-15 14:00:00,0.0028163738066489833
2018-07-15 14:30:00,0.002872484386504157
2018-07-15 15:00:00,0.0029215115691528654
2018-07-15 15:30:00,0.002857768677024858
2018-07-15 16:00:00,0.002778083239440385
2018-07-15 16:30:00,0.002720101834755579
2018-07-15 17:00:00,0.0020502982085698635
2018-07-15 17:30:00,0.001529333554861166
2018-07-15 18:00:00,0.0013719507461856834
2018-07-15 18:30:00,0.0011568593497755682
2018-07-15 19:00:00,0.0011699735301240722
2018-07-15 19:30:00,0.0013626372764847768
2018-07-15 20:00:00,0.0014041630733876349
2018-07-15 20:30:00,0.0014211495898370672
2018-07-15 21:00:00,0.0014253019454477224
2018-07-15 21:30:00,0.001386126343726958
2018-07-15 22:00:00,0.0013848138773195507
2018-07-15 22:30:00,0.0013724762929477226
2018-07-15 23:00:00,0.001340758061331096
2018-07-15 23:30:00,0.00132661471525093
2018-07-16 00:00:00,0.0013263394174191324
2018-07-16 00:30:00,0.0013161306695658073
2018-07-16 01:00:00,0.0013156973155660444
2018-07-16 01:30:00,0.0013141878191406469
2018-07-16 02:00:00,0.0013169645659051477
2018-07-16 02:30:00,0.0013311315203749594
2018-07-16 03:00:00,0.0013615934655486904
2018-07-16 03:30:00,0.0014030785279758552
2018-07-16 04:00:00,0.0014610064736630913
2018-07-16 04:30:00,0.001492549282940386
2018-07-16 05:00:00,0.0015047236893241224
2018-07-16 05:30:00,0.0016189259530537006
2018-07-16 06:00:00,0.0021968241190607044
2018-07-16 06:30:00,0.002745089594583828
2018-07-16 07:00:00,0.003176742909979431
2018-07-16 07:30:00,0.0036031312343703424
2018-07-16 08:00:00,0.00409935869729479
2018-07-16 08:30:00,0.0045838240603556825
2018-07-16 09:00:00,0.00502774501526701
2018-07-16 09:30:00,0.005438871756192957
2018-07-16 10:00:00,0.005813668306563711
2018-07-16 10:30:00,0.006061623141559355
2018-07-16 11:00:00,0.006267453326839541
2018-07-16 11:30:00,0.006490424563485788
2018-07-16 12:00:00,0.006588694605427593
2018-07-16 12:30:00,0.006615986063914599
2018-07-16 13:00:00,0.006595956145940333
2018-07-16 13:30:00,0.006514749447749857
2018-07-16 14:00:00,0.006411030909591645
2018-07-16 14:30:00,0.006249975515800166
2018-07-16 15:00:00,0.0059352493524698615
2018-07-16 15:30:00,0.005518586004015641
2018-07-16 16:00:00,0.0051264866648026465
2018-07-16 16:30:00,0.0046943534988839455
2018-07-16 17:00:00,0.0035874734301015315
2018-07-16 17:30:00,0.002635355958857715
2018-07-16 18:00:00,0.002215218895959597
2018-07-16 18:30:00,0.0018207467935445758
2018-07-16 19:00:00,0.0017253841848089376
2018-07-16 19:30:00,0.0018146848793395818
2018-07-16 20:00:00,0.0017747651731885692
2018-07-16 20:30:00,0.0016828982867176851
2018-07-16 21:00:00,0.0016205575728777386
2018-07-16 21:30:00,0.0015295672379044363
2018-07-16 22:00:00,0.0014709277593618186
2018-07-16 22:30:00,0.001392959732088501
2018-07-16 23:00:00,0.0013525139189763727
2018-07-16 23:30:00,0.0013311399233611044
2018-07-17 00:00:00,0.0013307968414410704
2018-07-17 00:30:00,0.0013203870621477816
2018-07-17 01:00:00,0.001315805514016216
2018-07-17 01:30:00,0.0013142251924218823
2018-07-17 02:00:00,0.0013233432326735881
2018-07-17 02:30:00,0.001334552496077243
2018-07-17 03:00:00,0.0013642337638238849
2018-07-17 03:30:00,0.0014094501522416212
2018-07-17 04:00:00,0.0014689437743187674
2018-07-17 04:30:00,0.0015023558878853442
2018-07-17 05:00:00,0.001525255545670784
2018-07-17 05:30:00,0.0016245279438170254
2018-07-17 06:00:00,0.0022474621141391864
2018-07-17 06:30:00,0.0028263990492905892
2018-07-17 07:00:00,0.0032737726711662344
2018-07-17 07:30:00,0.0037736588742866483
2018-07-17 08:00:00,0.0042512176229638765
2018-07-17 08:30:00,0.00475436346445259
2018-07-17 09:00:00,0.0052095242536314545
2018-07-17 09:30:00,0.005605638859738282
2018-07-17 10:00:00,0.006017545317750044
2018-07-17 10:30:00,0.0062939282551585755
2018-07-17 11:00:00,0.006526245292995277
2018-07-17 11:30:00,0.006744033647815735
2018-07-17 12:00:00,0.006838670958804402
2018-07-17 12:30:00,0.006925075184025088
2018-07-17 13:00:00,0.006965481383059677
2018-07-17 13:30:00,0.00692957158189705
2018-07-17 14:00:00,0.006850619124789739
2018-07-17 14:30:00,0.006649862982657654
2018-07-17 15:00:00,0.006293554922488419
2018-07-17 15:30:00,0.005896123608466891
2018-07-17 16:00:00,0.005511187054672322
2018-07-17 16:30:00,0.005057832107230237
2018-07-17 17:00:00,0.0038081172796709355
2018-07-17 17:30:00,0.002740450586032719
2018-07-17 18:00:00,0.0023118266671850432
2018-07-17 18:30:00,0.0019119414411238604
2018-07-17 19:00:00,0.0018121651038942384
2018-07-17 19:30:00,0.001880906012152844
2018-07-17 20:00:00,0.0018456397997004856
2018-07-17 20:30:00,0.0017575739439909571
2018-07-17 21:00:00,0.001661922192503492
2018-07-17 21:30:00,0.001558808029120202
2018-07-17 22:00:00,0.0014995868238510328
2018-07-17 22:30:00,0.0014217235538049895
2018-07-17 23:00:00,0.0013700375062831289
2018-07-17 23:30:00,0.001345669486690182
2018-07-18 00:00:00,0.0013479571796610446
2018-07-18 00:30:00,0.001338142011673063
2018-07-18 01:00:00,0.001333854568056572
2018-07-18 01:30:00,0.0013424325763986933
2018-07-18 02:00:00,0.0013439610395642471
2018-07-18 02:30:00,0.0013471114391126618
2018-07-18 03:00:00,0.001385810951646983
2018-07-18 03:30:00,0.00142919732973922
2018-07-18 04:00:00,0.0014835310381527069
2018-07-18 04:30:00,0.0015115666810984025
2018-07-18 05:00:00,0.0015400800938277703
2018-07-18 05:30:00,0.0016525037254899928
2018-07-18 06:00:00,0.0023145329889228054
2018-07-18 06:30:00,0.0029154926302198698
2018-07-18 07:00:00,0.0034016610785012518
2018-07-18 07:30:00,0.003902594853894408
2018-07-18 08:00:00,0.004412311590463184
2018-07-18 08:30:00,0.004884340454001055
2018-07-18 09:00:00,0.005336480409675015
2018-07-18 09:30:00,0.0057555250843742845
2018-07-18 10:00:00,0.006165175780762534
2018-07-18 10:30:00,0.0064163440777169015
2018-07-18 11:00:00,0.006626385919681394
2018-07-18 11:30:00,0.006842345064460747
2018-07-18 12:00:00,0.006949732186312983
2018-07-18 12:30:00,0.007053629908147183
2018-07-18 13:00:00,0.007099470038222196
2018-07-18 13:30:00,0.00704066386044015
2018-07-18 14:00:00,0.006942413985665094
2018-07-18 14:30:00,0.006756523206194128
2018-07-18 15:00:00,0.006417332188859111
2018-07-18 15:30:00,0.0060168886844041425
2018-07-18 16:00:00,0.005615918912931181
2018-07-18 16:30:00,0.00519961017049228
2018-07-18 17:00:00,0.00394060684210519
2018-07-18 17:30:00,0.002822932137264047
2018-07-18 18:00:00,0.002361625484047179
2018-07-18 18:30:00,0.00191792916896546
2018-07-18 19:00:00,0.0018111702703631112
2018-07-18 19:30:00,0.0018971863576523395
2018-07-18 20:00:00,0.0018549249393338175
2018-07-18 20:30:00,0.0017675835010584262
2018-07-18 21:00:00,0.0016793690325367905
2018-07-18 21:30:00,0.001565905031161379
2018-07-18 22:00:00,0.0015096236706163635
2018-07-18 22:30:00,0.0014281076625073138
2018-07-18 23:00:00,0.001389765396926814
2018-07-18 23:30:00,0.0013618456351614798
2018-07-19 00:00:00,0.0013509629678193267
2018-07-19 00:30:00,0.0013474943751955548
2018-07-19 01:00:00,0.001340167131334005
2018-07-19 01:30:00,0.0013381811455799668
2018-07-19 02:00:00,0.0013470979943348298
2018-07-19 02:30:00,0.0013501761282023977
2018-07-19 03:00:00,0.0013822045500504333
2018-07-19 03:30:00,0.0014235662886523655
2018-07-19 04:00:00,0.0014768658695709425
2018-07-19 04:30:00,0.0015200224860134441
2018-07-19 05:00:00,0.0015444029900429492
2018-07-19 05:30:00,0.0016471322166323591
2018-07-19 06:00:00,0.0023846707135640266
2018-07-19 06:30:00,0.0030362745921578517
2018-07-19 07:00:00,0.003585513773704081
2018-07-19 07:30:00,0.0041041182286757506
2018-07-19 08:00:00,0.004619770994714223
2018-07-19 08:30:00,0.005159788499179626
2018-07-19 09:00:00,0.005640822802954859
2018-07-19 09:30:00,0.006104941975648674
2018-07-19 10:00:00,0.006542771325803963
2018-07-19 10:30:00,0.0067832194131483125
2018-07-19 11:00:00,0.007026005291266637
2018-07-19 11:30:00,0.007280373525373454
2018-07-19 12:00:00,0.007393659943641668
2018-07-19 12:30:00,0.007451022408375566
2018-07-19 13:00:00,0.0074487964973599784
2018-07-19 13:30:00,0.007380890525810427
2018-07-19 14:00:00,0.00726102288879346
2018-07-19 14:30:00,0.007017016496944684
2018-07-19 15:00:00,0.006659244716617433
2018-07-19 15:30:00,0.0062279274406391895
2018-07-19 16:00:00,0.00581422450421807
2018-07-19 16:30:00,0.0053685955823514426
2018-07-19 17:00:00,0.00404087535423759
2018-07-19 17:30:00,0.0028867488156132503
2018-07-19 18:00:00,0.0023895160354321047
2018-07-19 18:30:00,0.001923556768829417
2018-07-19 19:00:00,0.0018062517224729123
2018-07-19 19:30:00,0.0018667360166023325
2018-07-19 20:00:00,0.0018136641165940647
2018-07-19 20:30:00,0.001710259209890158
2018-07-19 21:00:00,0.0016481433759651394
2018-07-19 21:30:00,0.001549023592052979
2018-07-19 22:00:00,0.0015027966845299783
2018-07-19 22:30:00,0.0014091077905775428
2018-07-19 23:00:00,0.0013817088538963184
2018-07-19 23:30:00,0.0013477980831233664
2018-07-20 00:00:00,0.0013406677892513672
2018-07-20 00:30:00,0.001344540845608251
2018-07-20 01:00:00,0.0013247981497032629
2018-07-20 01:30:00,0.0013253120123131387
2018-07-20 02:00:00,0.0013333659944335706
2018-07-20 02:30:00,0.0013439861684942426
2018-07-20 03:00:00,0.001368330259583786
2018-07-20 03:30:00,0.001411038316623024
2018-07-20 04:00:00,0.0014724583032667982
2018-07-20 04:30:00,0.0015555426287042597
2018-07-20 05:00:00,0.001548926597584334
2018-07-20 05:30:00,0.0016659397802220696
2018-07-20 06:00:00,0.0023934958497272498
2018-07-20 06:30:00,0.0030341971338974927
2018-07-20 07:00:00,0.0035658007683501383
2018-07-20 07:30:00,0.004081660327876218
2018-07-20 08:00:00,0.004594723293584806
2018-07-20 08:30:00,0.005095976862622109
2018-07-20 09:00:00,0.0055773364019753744
2018-07-20 09:30:00,0.006038827440716795
2018-07-20 10:00:00,0.006464080961835935
2018-07-20 10:30:00,0.006736418061486753
2018-07-20 11:00:00,0.006969869502453027
2018-07-20 11:30:00,0.007165808892869928
2018-07-20 12:00:00,0.007255438504286818
2018-07-20 12:30:00,0.007389170028073303
2018-07-20 13:00:00,0.007451510901970128
2018-07-20 13:30:00,0.0074139702812678595
2018-07-20 14:00:00,0.007335142028298614
2018-07-20 14:30:00,0.007144172964172254
2018-07-20 15:00:00,0.006795877831534
2018-07-20 15:30:00,0.00636229799151489
2018-07-20 16:00:00,0.005940243127093167
2018-07-20 16:30:00,0.005491804166631219
2018-07-20 17:00:00,0.004141519119722693
2018-07-20 17:30:00,0.002974319935509938
2018-07-20 18:00:00,0.0024845750162683705
2018-07-20 18:30:00,0.001981390200929632
2018-07-20 19:00:00,0.001845277430926538
2018-07-20 19:30:00,0.001933085034861877
2018-07-20 20:00:00,0.001880451130502862
2018-07-20 20:30:00,0.0018118329858704128
2018-07-20 21:00:00,0.001729629853580022
2018-07-20 21:30:00,0.0016366068762724666
2018-07-20 22:00:00,0.001553002606063729
2018-07-20 22:30:00,0.0014792207864309653
2018-07-20 23:00:00,0.0014165471542827985
2018-07-20 23:30:00,0.0014017221259551753
2018-07-21 00:00:00,0.001400411020031239
2018-07-21 00:30:00,0.001400776990084963
2018-07-21 01:00:00,0.0014121971284266374
2018-07-21 01:30:00,0.0013945362123177403
2018-07-21 02:00:00,0.001378297081464575
2018-07-21 02:30:00,0.0013535146746120209
2018-07-21 03:00:00,0.0013340090229447608
2018-07-21 03:30:00,0.0013225451090466932
2018-07-21 04:00:00,0.0013126214224947817
2018-07-21 04:30:00,0.00129162676168263
2018-07-21 05:00:00,0.0011437642962240993
2018-07-21 05:30:00,0.001089506854913433
2018-07-21 06:00:00,0.001404142746164008
2018-07-21 06:30:00,0.00160015968413876
2018-07-21 07:00:00,0.00175609950002205
2018-07-21 07:30:00,0.0017507508792981063
2018-07-21 08:00:00,0.0018980201739632406
2018-07-21 08:30:00,0.0020946603734246323
2018-07-21 09:00:00,0.002242181277503479
2018-07-21 09:30:00,0.0024981948963259237
2018-07-21 10:00:00,0.0028228697951096955
2018-07-21 10:30:00,0.0029667601290032704
2018-07-21 11:00:00,0.0031604769695990414
2018-07-21 11:30:00,0.0034680968475891884
2018-07-21 12:00:00,0.0035417655870369725
2018-07-21 12:30:00,0.003661343681159916
2018-07-21 13:00:00,0.0038632984892584743
2018-07-21 13:30:00,0.0038500625856535274
2018-07-21 14:00:00,0.003955764788741034
2018-07-21 14:30:00,0.0040296207147087525
2018-07-21 15:00:00,0.003922903670980249
2018-07-21 15:30:00,0.003933822031006409
2018-07-21 16:00:00,0.003927436561820614
2018-07-21 16:30:00,0.0037520658408325344
2018-07-21 17:00:00,0.002868877184623213
2018-07-21 17:30:00,0.0020884856991484164
2018-07-21 18:00:00,0.001761411387692274
2018-07-21 18:30:00,0.0014764121083191133
2018-07-21 19:00:00,0.0014750170525621665
2018-07-21 19:30:00,0.001630424119123864
2018-07-21 20:00:00,0.0017001673835869073
2018-07-21 20:30:00,0.0017348865216270074
2018-07-21 21:00:00,0.0016975844657028173
2018-07-21 21:30:00,0.001631260576373268
2018-07-21 22:00:00,0.0016076683524726021
2018-07-21 22:30:00,0.0015550560557922454
2018-07-21 23:00:00,0.001512956454978344
2018-07-21 23:30:00,0.0014921888348489861
2018-07-22 00:00:00,0.0014200564813822635
2018-07-22 00:30:00,0.0013523283330252275
2018-07-22 01:00:00,0.0013574630377304517
2018-07-22 01:30:00,0.001337070350840039
2018-07-22 02:00:00,0.0013041424893607315
2018-07-22 02:30:00,0.0012835270833232572
2018-07-22 03:00:00,0.0012745716608605667
2018-07-22 03:30:00,0.0012742099323141349
2018-07-22 04:00:00,0.0012864712495831423
2018-07-22 04:30:00,0.0012773212779840855
2018-07-22 05:00:00,0.0011160561296527398
2018-07-22 05:30:00,0.001035638111733302
2018-07-22 06:00:00,0.001295629944282102
2018-07-22 06:30:00,0.00145346563389658
2018-07-22 07:00:00,0.0015715042209293222
2018-07-22 07:30:00,0.0017981458018952604
2018-07-22 08:00:00,0.0018745086187295665
2018-07-22 08:30:00,0.0019442730907290712
2018-07-22 09:00:00,0.0021561907993148835
2018-07-22 09:30:00,0.002256800152571012
2018-07-22 10:00:00,0.002546031495880546
2018-07-22 10:30:00,0.0027050932211877977
2018-07-22 11:00:00,0.0028297527210752738
2018-07-22 11:30:00,0.003088955153097082
2018-07-22 12:00:00,0.003172764136053999
2018-07-22 12:30:00,0.003310828879724354
2018-07-22 13:00:00,0.0034392843685814994
2018-07-22 13:30:00,0.003439058048154661
2018-07-22 14:00:00,0.003516884665175423
2018-07-22 14:30:00,0.0035416090514093575
2018-07-22 15:00:00,0.0035506954003990308
2018-07-22 15:30:00,0.0034651712479272616
2018-07-22 16:00:00,0.003372227738860107
2018-07-22 16:30:00,0.003265058294363246
2018-07-22 17:00:00,0.00242223342211559
2018-07-22 17:30:00,0.0017421223730106758
2018-07-22 18:00:00,0.0015051201502132867
2018-07-22 18:30:00,0.0012112675646662073
2018-07-22 19:00:00,0.0012030147919021169
2018-07-22 19:30:00,0.0013820069598333672
2018-07-22 20:00:00,0.0014470802447392238
2018-07-22 20:30:00,0.0014638507644305103
2018-07-22 21:00:00,0.0014697234914045824
2018-07-22 21:30:00,0.001412131345049388
2018-07-22 22:00:00,0.001420319614891261
2018-07-22 22:30:00,0.0013927219675948176
2018-07-22 23:00:00,0.0013805383579405415
2018-07-22 23:30:00,0.0013682752800458658
2018-07-23 00:00:00,0.0013517749363662506
2018-07-23 00:30:00,0.0013416254895865774
2018-07-23 01:00:00,0.001338554398221683
2018-07-23 01:30:00,0.0013350341872544495
2018-07-23 02:00:00,0.0013406891568447073
2018-07-23 02:30:00,0.0013522864781513818
2018-07-23 03:00:00,0.0013935798724660012
2018-07-23 03:30:00,0.0014234008698679685
2018-07-23 04:00:00,0.0014912493009695369
2018-07-23 04:30:00,0.0015662289862843782
2018-07-23 05:00:00,0.0015593329356547257
2018-07-23 05:30:00,0.0016950442029769679
2018-07-23 06:00:00,0.0024057617286173073
2018-07-23 06:30:00,0.0030559876775402336
2018-07-23 07:00:00,0.003558522822007306
2018-07-23 07:30:00,0.00401478336200145
2018-07-23 08:00:00,0.004509928280225104
2018-07-23 08:30:00,0.004967390607294861
2018-07-23 09:00:00,0.0054178728538735125
2018-07-23 09:30:00,0.005844218763191502
2018-07-23 10:00:00,0.006246728201811545
2018-07-23 10:30:00,0.006529302939582338
2018-07-23 11:00:00,0.006767428681641532
2018-07-23 11:30:00,0.007026424160118855
2018-07-23 12:00:00,0.00714033047867925
2018-07-23 12:30:00,0.0071845022558765055
2018-07-23 13:00:00,0.007181677892190517
2018-07-23 13:30:00,0.007113300713189329
2018-07-23 14:00:00,0.007005153401190511
2018-07-23 14:30:00,0.006777966186324224
2018-07-23 15:00:00,0.006403027185331203
2018-07-23 15:30:00,0.005930565287907327
2018-07-23 16:00:00,0.0054281429835399166
2018-07-23 16:30:00,0.004871750459931119
2018-07-23 17:00:00,0.0035944563916164556
2018-07-23 17:30:00,0.0025355130379664487
2018-07-23 18:00:00,0.0021198385209103953
2018-07-23 18:30:00,0.0017307518523014763
2018-07-23 19:00:00,0.0016081863765613307
2018-07-23 19:30:00,0.001707515754956479
2018-07-23 20:00:00,0.0016756058552273075
2018-07-23 20:30:00,0.0016314791340414773
2018-07-23 21:00:00,0.0015903696450807739
2018-07-23 21:30:00,0.00151197034454712
2018-07-23 22:00:00,0.0014550442748936846
2018-07-23 22:30:00,0.0013985822101323319
2018-07-23 23:00:00,0.001353039625795291
2018-07-23 23:30:00,0.0013299937560509283
2018-07-24 00:00:00,0.0013260558766580689
2018-07-24 00:30:00,0.0013315898432478387
2018-07-24 01:00:00,0.0013159718131134472
2018-07-24 01:30:00,0.001321588769194954
2018-07-24 02:00:00,0.001326926666108008
2018-07-24 02:30:00,0.0013367076619523334
2018-07-24 03:00:00,0.0013720551832991997
2018-07-24 03:30:00,0.0014157595944099145
2018-07-24 04:00:00,0.0014732468234809558
2018-07-24 04:30:00,0.0015425302445307696
2018-07-24 05:00:00,0.0015329069847406515
2018-07-24 05:30:00,0.0016487198208146854
2018-07-24 06:00:00,0.002315371446883196
2018-07-24 06:30:00,0.002882230489948871
2018-07-24 07:00:00,0.003306791364924347
2018-07-24 07:30:00,0.003697467318312821
2018-07-24 08:00:00,0.004119871826986614
2018-07-24 08:30:00,0.004546457501509274
2018-07-24 09:00:00,0.004929626627218015
2018-07-24 09:30:00,0.0053367792358680185
2018-07-24 10:00:00,0.005723878638267867
2018-07-24 10:30:00,0.005965723702051711
2018-07-24 11:00:00,0.006171340531512255
2018-07-24 11:30:00,0.0063917764671959
2018-07-24 12:00:00,0.006466022611834503
2018-07-24 12:30:00,0.006521806755685054
2018-07-24 13:00:00,0.006523684142846724
2018-07-24 13:30:00,0.0064433720025527125
2018-07-24 14:00:00,0.006342366348464299
2018-07-24 14:30:00,0.006156261572946173
2018-07-24 15:00:00,0.005810040137231624
2018-07-24 15:30:00,0.005394526557367357
2018-07-24 16:00:00,0.004977044838091056
2018-07-24 16:30:00,0.004537707752136037
2018-07-24 17:00:00,0.003388759853830194
2018-07-24 17:30:00,0.002417915567692098
2018-07-24 18:00:00,0.0020803240787768892
2018-07-24 18:30:00,0.0017219090298531288
2018-07-24 19:00:00,0.0016355005631251496
2018-07-24 19:30:00,0.0017455354258974509
2018-07-24 20:00:00,0.001716005491929858
2018-07-24 20:30:00,0.0016519779386426352
2018-07-24 21:00:00,0.0016002749250916056
2018-07-24 21:30:00,0.0014994442131718863
2018-07-24 22:00:00,0.0014537148424571085
2018-07-24 22:30:00,0.001396519957275473
2018-07-24 23:00:00,0.0013548886028609461
2018-07-24 23:30:00,0.0013371788694039684
2018-07-25 00:00:00,0.0013414602308590593
2018-07-25 00:30:00,0.001326337496736585
2018-07-25 01:00:00,0.0013269972511916256
2018-07-25 01:30:00,0.0013334521850628864
2018-07-25 02:00:00,0.0013324260604119244
2018-07-25 02:30:00,0.001344393033080539
2018-07-25 03:00:00,0.001375698237921029
2018-07-25 03:30:00,0.00141645224055358
2018-07-25 04:00:00,0.001471815274755608
2018-07-25 04:30:00,0.0015505082796621389
2018-07-25 05:00:00,0.001545121085230368
2018-07-25 05:30:00,0.001676686319188674
2018-07-25 06:00:00,0.0023877251590135097
2018-07-25 06:30:00,0.0029282135508167887
2018-07-25 07:00:00,0.0033094720775614767
2018-07-25 07:30:00,0.0036595908182500718
2018-07-25 08:00:00,0.004020233058644451
2018-07-25 08:30:00,0.004471281826546155
2018-07-25 09:00:00,0.0048462111440980005
2018-07-25 09:30:00,0.005230877201767141
2018-07-25 10:00:00,0.005616246309277077
2018-07-25 10:30:00,0.005856691115455408
2018-07-25 11:00:00,0.006089364599961537
2018-07-25 11:30:00,0.006302454645157234
2018-07-25 12:00:00,0.00640555120228384
2018-07-25 12:30:00,0.0064669568638369476
2018-07-25 13:00:00,0.006451737775473344
2018-07-25 13:30:00,0.0063719496614010225
2018-07-25 14:00:00,0.006262482280293046
2018-07-25 14:30:00,0.006076060272040837
2018-07-25 15:00:00,0.0057290297488031845
2018-07-25 15:30:00,0.005294468119888582
2018-07-25 16:00:00,0.004881669824947298
2018-07-25 16:30:00,0.004419662282657499
2018-07-25 17:00:00,0.0033540118255234435
2018-07-25 17:30:00,0.0024482924426346662
2018-07-25 18:00:00,0.0020750914992901863
2018-07-25 18:30:00,0.0017244827444666791
2018-07-25 19:00:00,0.001656197998313087
2018-07-25 19:30:00,0.0017448256536677378
2018-07-25 20:00:00,0.0017108997575197246
2018-07-25 20:30:00,0.0016586627141920711
2018-07-25 21:00:00,0.0016022852394912445
2018-07-25 21:30:00,0.0015231605611821797
2018-07-25 22:00:00,0.001471351509948844
2018-07-25 22:30:00,0.0014133324918974843
2018-07-25 23:00:00,0.0013637860047050164
2018-07-25 23:30:00,0.0013455365594522122
2018-07-26 00:00:00,0.0013506281288285585
2018-07-26 00:30:00,0.0013316311379226085
2018-07-26 01:00:00,0.0013362630239426043
2018-07-26 01:30:00,0.0013303235532500092
2018-07-26 02:00:00,0.001331328150250752
2018-07-26 02:30:00,0.0013459236570139577
2018-07-26 03:00:00,0.001382524183637701
2018-07-26 03:30:00,0.0014142621822788779
2018-07-26 04:00:00,0.0014771130774204845
2018-07-26 04:30:00,0.0015561670105890522
2018-07-26 05:00:00,0.0015618092556574333
2018-07-26 05:30:00,0.0016609772166901586
2018-07-26 06:00:00,0.0023425133322168227
2018-07-26 06:30:00,0.0029026831181404515
2018-07-26 07:00:00,0.003296175832513165
2018-07-26 07:30:00,0.003736484623780302
2018-07-26 08:00:00,0.004157528568954563
2018-07-26 08:30:00,0.004591136819069686
2018-07-26 09:00:00,0.005000114396253503
2018-07-26 09:30:00,0.005325770843847449
2018-07-26 10:00:00,0.005680309235134549
2018-07-26 10:30:00,0.005924914959966559
2018-07-26 11:00:00,0.006084698541797884
2018-07-26 11:30:00,0.006205721789480887
2018-07-26 12:00:00,0.0062367290484412075
2018-07-26 12:30:00,0.006296959332303731
2018-07-26 13:00:00,0.006309294675879254
2018-07-26 13:30:00,0.006221008261790529
2018-07-26 14:00:00,0.006105543389371337
2018-07-26 14:30:00,0.005919844518098234
2018-07-26 15:00:00,0.005576294111579638
2018-07-26 15:30:00,0.005153191914970491
2018-07-26 16:00:00,0.004765430517319296
2018-07-26 16:30:00,0.004342993116956878
2018-07-26 17:00:00,0.0033470706388539252
2018-07-26 17:30:00,0.0024596973755728405
2018-07-26 18:00:00,0.0020790887597851365
2018-07-26 18:30:00,0.0017166346755210192
2018-07-26 19:00:00,0.0016722182513842854
2018-07-26 19:30:00,0.0017343211207021092
2018-07-26 20:00:00,0.0016978597635346152
2018-07-26 20:30:00,0.0016313801388618452
2018-07-26 21:00:00,0.001575261156020526
2018-07-26 21:30:00,0.0014923210418310007
2018-07-26 22:00:00,0.0014534829200395067
2018-07-26 22:30:00,0.0013724922186071783
2018-07-26 23:00:00,0.0013443265294473341
2018-07-26 23:30:00,0.0013309687425290652
2018-07-27 00:00:00,0.0013143586798589281
2018-07-27 00:30:00,0.001318058074502149
2018-07-27 01:00:00,0.0013108660787033138
2018-07-27 01:30:00,0.00130834174163692
2018-07-27 02:00:00,0.0013241159072567294
2018-07-27 02:30:00,0.001336584338127101
2018-07-27 03:00:00,0.0013599398379037964
2018-07-27 03:30:00,0.001402848206127043
2018-07-27 04:00:00,0.0014605363065811694
2018-07-27 04:30:00,0.0015454223923049952
2018-07-27 05:00:00,0.001533170678448725
2018-07-27 05:30:00,0.0016447796205970814
2018-07-27 06:00:00,0.002218493899788276
2018-07-27 06:30:00,0.0027027623128596176
2018-07-27 07:00:00,0.003097284913219948
2018-07-27 07:30:00,0.0034511599487722314
2018-07-27 08:00:00,0.003834386134758318
2018-07-27 08:30:00,0.004222600493376948
2018-07-27 09:00:00,0.0045693777266036595
2018-07-27 09:30:00,0.0049132135945658675
2018-07-27 10:00:00,0.005231476614778816
2018-07-27 10:30:00,0.005481144058379248
2018-07-27 11:00:00,0.0056948305555343595
2018-07-27 11:30:00,0.005883417573159715
2018-07-27 12:00:00,0.005967154370464226
2018-07-27 12:30:00,0.006020398171560488
2018-07-27 13:00:00,0.0060238416352542635
2018-07-27 13:30:00,0.00596366793149845
2018-07-27 14:00:00,0.0058874442841203925
2018-07-27 14:30:00,0.005733412266205772
2018-07-27 15:00:00,0.005424348835224356
2018-07-27 15:30:00,0.005037460947990041
2018-07-27 16:00:00,0.004660530039138461
2018-07-27 16:30:00,0.00424892896965174
2018-07-27 17:00:00,0.003256555912896429
2018-07-27 17:30:00,0.002405501956302768
2018-07-27 18:00:00,0.0020637755579767094
2018-07-27 18:30:00,0.0017343945868095482
2018-07-27 19:00:00,0.00166955370449193
2018-07-27 19:30:00,0.0017324233262883736
2018-07-27 20:00:00,0.0017075267988811266
2018-07-27 20:30:00,0.0016239209281035997
2018-07-27 21:00:00,0.0015768425179845734
2018-07-27 21:30:00,0.0015016481963950573
2018-07-27 22:00:00,0.0014488293463124128
2018-07-27 22:30:00,0.0013906235418833157
2018-07-27 23:00:00,0.0013437455229767378
2018-07-27 23:30:00,0.001326953075493035
2018-07-28 00:00:00,0.0013517890213715984
2018-07-28 00:30:00,0.0013532577032928633
2018-07-28 01:00:00,0.0013784813869606883
2018-07-28 01:30:00,0.0013551078807851106
2018-07-28 02:00:00,0.00133853807242003
2018-07-28 02:30:00,0.0013215841275454644
2018-07-28 03:00:00,0.0013220950291030794
2018-07-28 03:30:00,0.0013072547953719561
2018-07-28 04:00:00,0.0012988471675774793
2018-07-28 04:30:00,0.0012890112722236731
2018-07-28 05:00:00,0.0011389857981029834
2018-07-28 05:30:00,0.0010841022943102957
2018-07-28 06:00:00,0.0013725191881912816
2018-07-28 06:30:00,0.001500002411537232
2018-07-28 07:00:00,0.001559712270457842
2018-07-28 07:30:00,0.0014956195740208856
2018-07-28 08:00:00,0.0015150319925561558
2018-07-28 08:30:00,0.001621961751876786
2018-07-28 09:00:00,0.0017101118775330825
2018-07-28 09:30:00,0.001818780894928846
2018-07-28 10:00:00,0.0020550869503312323
2018-07-28 10:30:00,0.0021539350376913718
2018-07-28 11:00:00,0.0022631579319167486
2018-07-28 11:30:00,0.0024673726631176717
2018-07-28 12:00:00,0.002491082448795928
2018-07-28 12:30:00,0.002591792317772038
2018-07-28 13:00:00,0.0027355397208727096
2018-07-28 13:30:00,0.002753337005442474
2018-07-28 14:00:00,0.0028212460180727255
2018-07-28 14:30:00,0.0028878601705522545
2018-07-28 15:00:00,0.002905888577255226
2018-07-28 15:30:00,0.0029299364830902685
2018-07-28 16:00:00,0.0029348361442687516
2018-07-28 16:30:00,0.002840078790620871
2018-07-28 17:00:00,0.0022058478858107077
2018-07-28 17:30:00,0.001673309839298739
2018-07-28 18:00:00,0.0015096227102750896
2018-07-28 18:30:00,0.0013017613231725608
2018-07-28 19:00:00,0.0013980334551228443
2018-07-28 19:30:00,0.0015192252426993833
2018-07-28 20:00:00,0.0015768233111590991
2018-07-28 20:30:00,0.0016209200216801259
2018-07-28 21:00:00,0.0015916920350146763
2018-07-28 21:30:00,0.0015403198590324407
2018-07-28 22:00:00,0.0015323041305060781
2018-07-28 22:30:00,0.0015124284273346812
2018-07-28 23:00:00,0.0014722532704048606
2018-07-28 23:30:00,0.0014440002702175477
2018-07-29 00:00:00,0.001392659625440466
2018-07-29 00:30:00,0.0013230259999395047
2018-07-29 01:00:00,0.0013352332179834264
2018-07-29 01:30:00,0.0013125209868032391
2018-07-29 02:00:00,0.001289471195665342
2018-07-29 02:30:00,0.001274851280228096
2018-07-29 03:00:00,0.001269857585633229
2018-07-29 03:30:00,0.0012634414655551141
2018-07-29 04:00:00,0.0012843609796625978
2018-07-29 04:30:00,0.001274014422836495
2018-07-29 05:00:00,0.0011200522697495377
2018-07-29 05:30:00,0.0010412535472744588
2018-07-29 06:00:00,0.0011950540429136744
2018-07-29 06:30:00,0.001265504038525731
2018-07-29 07:00:00,0.0013498451305767247
2018-07-29 07:30:00,0.0015129493324472305
2018-07-29 08:00:00,0.0015345614126699401
2018-07-29 08:30:00,0.0015514354891619088
2018-07-29 09:00:00,0.0016700431584277652
2018-07-29 09:30:00,0.0016821990782419829
2018-07-29 10:00:00,0.0018716591261135817
2018-07-29 10:30:00,0.0020077654138130783
2018-07-29 11:00:00,0.002065594364320682
2018-07-29 11:30:00,0.002207322249751175
2018-07-29 12:00:00,0.0022579672073038915
2018-07-29 12:30:00,0.0023287849335953403
2018-07-29 13:00:00,0.0024267306202719477
2018-07-29 13:30:00,0.0024768601146459984
2018-07-29 14:00:00,0.0025305836062084804
2018-07-29 14:30:00,0.0025851321109535215
2018-07-29 15:00:00,0.002634672836098347
2018-07-29 15:30:00,0.0026025322944066053
2018-07-29 16:00:00,0.0025779042624138005
2018-07-29 16:30:00,0.0025207956478899207
2018-07-29 17:00:00,0.0019271712532983535
2018-07-29 17:30:00,0.0015060243115224874
2018-07-29 18:00:00,0.0013274610159983895
2018-07-29 18:30:00,0.0010871393735884126
2018-07-29 19:00:00,0.0011877208769476033
2018-07-29 19:30:00,0.0013230257598541863
2018-07-29 20:00:00,0.0013808422259252323
2018-07-29 20:30:00,0.0014279762558096942
2018-07-29 21:00:00,0.0014025565824935923
2018-07-29 21:30:00,0.001352250385325178
2018-07-29 22:00:00,0.001371286670194911
2018-07-29 22:30:00,0.0013460244128192583
2018-07-29 23:00:00,0.0013228915521611851
2018-07-29 23:30:00,0.0013152893305815954
2018-07-30 00:00:00,0.001317825271771713
2018-07-30 00:30:00,0.0013116177858353124
2018-07-30 01:00:00,0.0013195986219620634
2018-07-30 01:30:00,0.001309409000905773
2018-07-30 02:00:00,0.001313998711938165
2018-07-30 02:30:00,0.0013297008519624458
2018-07-30 03:00:00,0.0013606556922949099
2018-07-30 03:30:00,0.0013950878483510488
2018-07-30 04:00:00,0.0014554441770057466
2018-07-30 04:30:00,0.0015502902821930061
2018-07-30 05:00:00,0.0015567411346138534
2018-07-30 05:30:00,0.001661271481262112
2018-07-30 06:00:00,0.0022274106685146997
2018-07-30 06:30:00,0.0027232046173825053
2018-07-30 07:00:00,0.0030805893001480114
2018-07-30 07:30:00,0.0034621553761856063
2018-07-30 08:00:00,0.0038777501048875016
2018-07-30 08:30:00,0.004260005785988062
2018-07-30 09:00:00,0.004647487084101091
2018-07-30 09:30:00,0.004999227521087229
2018-07-30 10:00:00,0.005356039760425164
2018-07-30 10:30:00,0.0056594479817310035
2018-07-30 11:00:00,0.005879430076134381
2018-07-30 11:30:00,0.0060743583872469396
2018-07-30 12:00:00,0.006163887963114485
2018-07-30 12:30:00,0.006222358981792007
2018-07-30 13:00:00,0.00623342019258263
2018-07-30 13:30:00,0.006183901955429297
2018-07-30 14:00:00,0.006120385463756569
2018-07-30 14:30:00,0.00597291209657077
2018-07-30 15:00:00,0.005657413658799522
2018-07-30 15:30:00,0.005255148386948322
2018-07-30 16:00:00,0.004880821363431974
2018-07-30 16:30:00,0.004474194141487129
2018-07-30 17:00:00,0.0034382872942540664
2018-07-30 17:30:00,0.0025458142186673685
2018-07-30 18:00:00,0.002145819753786301
2018-07-30 18:30:00,0.001742273546732846
2018-07-30 19:00:00,0.0017016378261338408
2018-07-30 19:30:00,0.0017582192132984524
2018-07-30 20:00:00,0.0017242179303604529
2018-07-30 20:30:00,0.0016429507306697346
2018-07-30 21:00:00,0.0015817891558570283
2018-07-30 21:30:00,0.0015049550515426478
2018-07-30 22:00:00,0.0014464313741519518
2018-07-30 22:30:00,0.0013801908744563367
2018-07-30 23:00:00,0.00135594041664098
2018-07-30 23:30:00,0.0013200635871954193
2018-07-31 00:00:00,0.001314103629222318
2018-07-31 00:30:00,0.0013170589194352903
2018-07-31 01:00:00,0.0013141302786926637
2018-07-31 01:30:00,0.0013082544306094518
2018-07-31 02:00:00,0.0013137552654252788
2018-07-31 02:30:00,0.0013368785226706148
2018-07-31 03:00:00,0.0013561940267656798
2018-07-31 03:30:00,0.0013989416178540187
2018-07-31 04:00:00,0.0014587305448728314
2018-07-31 04:30:00,0.0015401622830351124
2018-07-31 05:00:00,0.0015797051352646322
2018-07-31 05:30:00,0.0016672667317770222
2018-07-31 06:00:00,0.002282930398401222
2018-07-31 06:30:00,0.0027747986321989687
2018-07-31 07:00:00,0.003173229741514871
2018-07-31 07:30:00,0.0035372839143978734
2018-07-31 08:00:00,0.003972537149086428
2018-07-31 08:30:00,0.0043987330050804
2018-07-31 09:00:00,0.004772013416665279
2018-07-31 09:30:00,0.005120141369893468
2018-07-31 10:00:00,0.00549141746921167
2018-07-31 10:30:00,0.0057450746506337415
2018-07-31 11:00:00,0.005980261188196297
2018-07-31 11:30:00,0.0062213530243077925
2018-07-31 12:00:00,0.006327324202980376
2018-07-31 12:30:00,0.006391537902417822
2018-07-31 13:00:00,0.006402846881257064
2018-07-31 13:30:00,0.006333736561721837
2018-07-31 14:00:00,0.006237908027411569
2018-07-31 14:30:00,0.006034826658970507
2018-07-31 15:00:00,0.0056874710602117014
2018-07-31 15:30:00,0.005280046915066555
2018-07-31 16:00:00,0.004898762859249674
2018-07-31 16:30:00,0.004493095738493223
2018-07-31 17:00:00,0.0034366430299365915
2018-07-31 17:30:00,0.0025187634056978653
2018-07-31 18:00:00,0.002116805683139571
2018-07-31 18:30:00,0.0017676235152781642
2018-07-31 19:00:00,0.0017355648426800067
2018-07-31 19:30:00,0.0017732703219675956
2018-07-31 20:00:00,0.0017342826270227213
2018-07-31 20:30:00,0.0016330997099408676
2018-07-31 21:00:00,0.001566661780085065
2018-07-31 21:30:00,0.0014960285993750478
2018-07-31 22:00:00,0.00144364102255274
2018-07-31 22:30:00,0.0013817729566763391
2018-07-31 23:00:00,0.0013526479666124951
2018-07-31 23:30:00,0.0013340017403567685
2018-08-01 00:00:00,0.0013273510569225494
2018-08-01 00:30:00,0.0013188862087938472
2018-08-01 01:00:00,0.0013204307576757356
2018-08-01 01:30:00,0.0013278726822910545
2018-08-01 02:00:00,0.001332219266924318
2018-08-01 02:30:00,0.0013364863833171823
2018-08-01 03:00:00,0.0013665776367592602
2018-08-01 03:30:00,0.001405652162560966
2018-08-01 04:00:00,0.001474513833734741
2018-08-01 04:30:00,0.0015401659643433283
2018-08-01 05:00:00,0.0015676486107722442
2018-08-01 05:30:00,0.00167376944262665
2018-08-01 06:00:00,0.002255462317148291
2018-08-01 06:30:00,0.0028009377611859596
2018-08-01 07:00:00,0.0031939947207057263
2018-08-01 07:30:00,0.0036222232990623907
2018-08-01 08:00:00,0.00407278701459243
2018-08-01 08:30:00,0.004530336572661215
2018-08-01 09:00:00,0.004955271260477483
2018-08-01 09:30:00,0.005357652573565925
2018-08-01 10:00:00,0.005754283203050495
2018-08-01 10:30:00,0.0059986034664388935
2018-08-01 11:00:00,0.006227249679785269
2018-08-01 11:30:00,0.006476621178216517
2018-08-01 12:00:00,0.0065842222160874715
2018-08-01 12:30:00,0.006638308876708296
2018-08-01 13:00:00,0.006644284280170216
2018-08-01 13:30:00,0.006592491874852292
2018-08-01 14:00:00,0.006508501707508401
2018-08-01 14:30:00,0.006324055201284659
2018-08-01 15:00:00,0.005983162059070425
2018-08-01 15:30:00,0.005547652573318668
2018-08-01 16:00:00,0.005127565208081466
2018-08-01 16:30:00,0.004675028711489901
2018-08-01 17:00:00,0.003518405365582348
2018-08-01 17:30:00,0.0025172799185152975
2018-08-01 18:00:00,0.0021353175416454167
2018-08-01 18:30:00,0.0017568118331618263
2018-08-01 19:00:00,0.0017371320396102666
2018-08-01 19:30:00,0.001775630040533987
2018-08-01 20:00:00,0.0017545451076421063
2018-08-01 20:30:00,0.001681139741788638
2018-08-01 21:00:00,0.0015972564924398869
2018-08-01 21:30:00,0.0015187109799473099
2018-08-01 22:00:00,0.0014698712239038553
2018-08-01 22:30:00,0.001386844118800619
2018-08-01 23:00:00,0.0013579668167569535
2018-08-01 23:30:00,0.0013354887487906733
2018-08-02 00:00:00,0.0013282609802793923
2018-08-02 00:30:00,0.0013366558835519924
2018-08-02 01:00:00,0.0013198960876715958
2018-08-02 01:30:00,0.001320870593979096
2018-08-02 02:00:00,0.0013330176306365314
2018-08-02 02:30:00,0.0013436907034956968
2018-08-02 03:00:00,0.0013710817173614126
2018-08-02 03:30:00,0.0014121491113629518
2018-08-02 04:00:00,0.0014758719163526501
2018-08-02 04:30:00,0.001557110705947354
2018-08-02 05:00:00,0.001584141671863867
2018-08-02 05:30:00,0.0016849229262079902
2018-08-02 06:00:00,0.00231895279957819
2018-08-02 06:30:00,0.002845317852411172
2018-08-02 07:00:00,0.0032619202191945104
2018-08-02 07:30:00,0.0037128751937651485
2018-08-02 08:00:00,0.004177513270860526
2018-08-02 08:30:00,0.004635402789740206
2018-08-02 09:00:00,0.00505947196998354
2018-08-02 09:30:00,0.005429111727799774
2018-08-02 10:00:00,0.0058081748343643165
2018-08-02 10:30:00,0.006032318167535129
2018-08-02 11:00:00,0.006253796953813587
2018-08-02 11:30:00,0.006484292064197177
2018-08-02 12:00:00,0.006606923883513648
2018-08-02 12:30:00,0.006692701325996359
2018-08-02 13:00:00,0.006709986268496598
2018-08-02 13:30:00,0.006594500508654701
2018-08-02 14:00:00,0.006464628036248194
2018-08-02 14:30:00,0.006279823242700917
2018-08-02 15:00:00,0.0059320573381329185
2018-08-02 15:30:00,0.005492456558469827
2018-08-02 16:00:00,0.005071549461927071
2018-08-02 16:30:00,0.0046260004084430414
2018-08-02 17:00:00,0.00352645014443224
2018-08-02 17:30:00,0.0025746788762175963
2018-08-02 18:00:00,0.0021395668116962778
2018-08-02 18:30:00,0.0017314212101692543
2018-08-02 19:00:00,0.0017173838217429543
2018-08-02 19:30:00,0.0017570805686615868
2018-08-02 20:00:00,0.001744023848732627
2018-08-02 20:30:00,0.00166445501258447
2018-08-02 21:00:00,0.0016052579759040222
2018-08-02 21:30:00,0.0015249888909104497
2018-08-02 22:00:00,0.0014608737064820006
2018-08-02 22:30:00,0.0014054730589134186
2018-08-02 23:00:00,0.0013578506154628342
2018-08-02 23:30:00,0.001341732327553278
2018-08-03 00:00:00,0.0013333836006902554
2018-08-03 00:30:00,0.001327943027289354
2018-08-03 01:00:00,0.001325094334957764
2018-08-03 01:30:00,0.001330280177835813
2018-08-03 02:00:00,0.0013383568880330561
2018-08-03 02:30:00,0.0013468554281347777
2018-08-03 03:00:00,0.0013783501403199475
2018-08-03 03:30:00,0.0014173348742125614
2018-08-03 04:00:00,0.0014795788336691815
2018-08-03 04:30:00,0.0015639365716355862
2018-08-03 05:00:00,0.0015862449793101771
2018-08-03 05:30:00,0.001686148721815445
2018-08-03 06:00:00,0.00231420391197968
2018-08-03 06:30:00,0.002812332770597639
2018-08-03 07:00:00,0.003282626057368593
2018-08-03 07:30:00,0.003734324976312601
2018-08-03 08:00:00,0.00418890283833832
2018-08-03 08:30:00,0.004634979279238498
2018-08-03 09:00:00,0.005096140440752397
2018-08-03 09:30:00,0.005537738890321692
2018-08-03 10:00:00,0.00597674601902075
2018-08-03 10:30:00,0.006258581213982346
2018-08-03 11:00:00,0.006514629084976886
2018-08-03 11:30:00,0.006760678522857044
2018-08-03 12:00:00,0.006861944749544392
2018-08-03 12:30:00,0.006945020671995709
2018-08-03 13:00:00,0.006961675070421315
2018-08-03 13:30:00,0.006878743039104177
2018-08-03 14:00:00,0.006769697407872238
2018-08-03 14:30:00,0.006578388462963425
2018-08-03 15:00:00,0.006228151200155966
2018-08-03 15:30:00,0.005801359052259458
2018-08-03 16:00:00,0.005400180246502583
2018-08-03 16:30:00,0.0049402214322633725
2018-08-03 17:00:00,0.00372648306955678
2018-08-03 17:30:00,0.0026864630806484055
2018-08-03 18:00:00,0.0022630077185358524
2018-08-03 18:30:00,0.0018410519293222015
2018-08-03 19:00:00,0.0018130520590889515
2018-08-03 19:30:00,0.0018373494935982808
2018-08-03 20:00:00,0.001789779788889311
2018-08-03 20:30:00,0.0017021201575385628
2018-08-03 21:00:00,0.0016415451911872166
2018-08-03 21:30:00,0.0015354112346687367
2018-08-03 22:00:00,0.0014748159410937632
2018-08-03 22:30:00,0.0014145450828124259
2018-08-03 23:00:00,0.0013620131346853029
2018-08-03 23:30:00,0.0013434813490980273
2018-08-04 00:00:00,0.0013685212074403758
2018-08-04 00:30:00,0.0013701950022520178
2018-08-04 01:00:00,0.001388806416136572
2018-08-04 01:30:00,0.001374763585776388
2018-08-04 02:00:00,0.0013604200885690924
2018-08-04 02:30:00,0.001344824626454633
2018-08-04 03:00:00,0.0013279403863508512
2018-08-04 03:30:00,0.0013226064908597713
2018-08-04 04:00:00,0.0013150270773854323
2018-08-04 04:30:00,0.001299645131147495
2018-08-04 05:00:00,0.0012030512048420785
2018-08-04 05:30:00,0.0011090549216536153
2018-08-04 06:00:00,0.0013901217635678008
2018-08-04 06:30:00,0.0014983668703196593
2018-08-04 07:00:00,0.0015727917184636133
2018-08-04 07:30:00,0.0015861127723281628
2018-08-04 08:00:00,0.00168362766591507
2018-08-04 08:30:00,0.0017977799918984152
2018-08-04 09:00:00,0.0019738335155321043
2018-08-04 09:30:00,0.002165660804643405
2018-08-04 10:00:00,0.002440768088726687
2018-08-04 10:30:00,0.0025795020302079403
2018-08-04 11:00:00,0.002721740897224488
2018-08-04 11:30:00,0.002960109125455294
2018-08-04 12:00:00,0.0030212859856999395
2018-08-04 12:30:00,0.0031685347130561287
2018-08-04 13:00:00,0.003321351979287941
2018-08-04 13:30:00,0.0033092083038249636
2018-08-04 14:00:00,0.003399121055860721
2018-08-04 14:30:00,0.0034186831275778116
2018-08-04 15:00:00,0.003398919144107923
2018-08-04 15:30:00,0.003389755007475079
2018-08-04 16:00:00,0.003351697963252872
2018-08-04 16:30:00,0.003267474673064786
2018-08-04 17:00:00,0.002505533984396516
2018-08-04 17:30:00,0.001829416114336139
2018-08-04 18:00:00,0.001613216083953962
2018-08-04 18:30:00,0.0013971007236607508
2018-08-04 19:00:00,0.001476597614241819
2018-08-04 19:30:00,0.0015862933164876205
2018-08-04 20:00:00,0.0016623244954687383
2018-08-04 20:30:00,0.0016699230357401118
2018-08-04 21:00:00,0.001632136887785531
2018-08-04 21:30:00,0.0015950117747410225
2018-08-04 22:00:00,0.0015777632451807458
2018-08-04 22:30:00,0.0015300415664652109
2018-08-04 23:00:00,0.001498776615929777
2018-08-04 23:30:00,0.0014689036800705896
2018-08-05 00:00:00,0.0014102081015918992
2018-08-05 00:30:00,0.0013420906949052516
2018-08-05 01:00:00,0.001356103434572193
2018-08-05 01:30:00,0.001332995702844115
2018-08-05 02:00:00,0.0013104332048741877
2018-08-05 02:30:00,0.001289787868200349
2018-08-05 03:00:00,0.0012861685820250437
2018-08-05 03:30:00,0.0012792105093547969
2018-08-05 04:00:00,0.0012924612982494863
2018-08-05 04:30:00,0.0012972246709955415
2018-08-05 05:00:00,0.0012005305490839007
2018-08-05 05:30:00,0.0010809659797672289
2018-08-05 06:00:00,0.0012935363202769684
2018-08-05 06:30:00,0.0014060475030519778
2018-08-05 07:00:00,0.0015114624840702048
2018-08-05 07:30:00,0.0016406728811969274
2018-08-05 08:00:00,0.0017028524977882084
2018-08-05 08:30:00,0.0017707176548336274
2018-08-05 09:00:00,0.0018780543587689933
2018-08-05 09:30:00,0.0019652467840900797
2018-08-05 10:00:00,0.002215380873521097
2018-08-05 10:30:00,0.0023307690786952707
2018-08-05 11:00:00,0.002441571334173708
2018-08-05 11:30:00,0.0026732773548750104
2018-08-05 12:00:00,0.002671770579416555
2018-08-05 12:30:00,0.002761260141064362
2018-08-05 13:00:00,0.0029054869145174952
2018-08-05 13:30:00,0.002828327574625084
2018-08-05 14:00:00,0.0028717131524329262
2018-08-05 14:30:00,0.0029073970333109104
2018-08-05 15:00:00,0.0028369862516341975
2018-08-05 15:30:00,0.0027977297411611226
2018-08-05 16:00:00,0.0028013300605962722
2018-08-05 16:30:00,0.002681991011422043
2018-08-05 17:00:00,0.0020859443960528543
2018-08-05 17:30:00,0.0015834867191151952
2018-08-05 18:00:00,0.0013343729922874982
2018-08-05 18:30:00,0.0011096356080104535
2018-08-05 19:00:00,0.0012481758806681751
2018-08-05 19:30:00,0.0013796253935029988
2018-08-05 20:00:00,0.0014089578172819645
2018-08-05 20:30:00,0.0014391558286623036
2018-08-05 21:00:00,0.0014205981938890772
2018-08-05 21:30:00,0.0013750300804798435
2018-08-05 22:00:00,0.0013889798377649172
2018-08-05 22:30:00,0.0013654412329186997
2018-08-05 23:00:00,0.0013451867551432623
2018-08-05 23:30:00,0.0013351155761773964
2018-08-06 00:00:00,0.0013280577880715628
2018-08-06 00:30:00,0.0013258029067608848
2018-08-06 01:00:00,0.001318024782671327
2018-08-06 01:30:00,0.0013166537354462227
2018-08-06 02:00:00,0.0013437259960375056
2018-08-06 02:30:00,0.0013320464054950498
2018-08-06 03:00:00,0.0013672372311574216
2018-08-06 03:30:00,0.001409756581136375
2018-08-06 04:00:00,0.0014617377735430238
2018-08-06 04:30:00,0.0015448836408504425
2018-08-06 05:00:00,0.0016299717183555062
2018-08-06 05:30:00,0.0016813460551056074
2018-08-06 06:00:00,0.002258695065960926
2018-08-06 06:30:00,0.0027358784812570123
2018-08-06 07:00:00,0.003103849806167049
2018-08-06 07:30:00,0.003458158355775974
2018-08-06 08:00:00,0.003839613112254258
2018-08-06 08:30:00,0.0042167806652013695
2018-08-06 09:00:00,0.004584066146385096
2018-08-06 09:30:00,0.00493000916315871
2018-08-06 10:00:00,0.005279406767579186
2018-08-06 10:30:00,0.005543181944604217
2018-08-06 11:00:00,0.005778962533273004
2018-08-06 11:30:00,0.006008496822212243
2018-08-06 12:00:00,0.006125511925532526
2018-08-06 12:30:00,0.0062214477779801314
2018-08-06 13:00:00,0.006248860639609824
2018-08-06 13:30:00,0.006165773113034783
2018-08-06 14:00:00,0.006055659342221159
2018-08-06 14:30:00,0.0058464401926144795
2018-08-06 15:00:00,0.00549260741207824
2018-08-06 15:30:00,0.00509378632417677
2018-08-06 16:00:00,0.0047181062598342
2018-08-06 16:30:00,0.004315419158078521
2018-08-06 17:00:00,0.0033288154315534793
2018-08-06 17:30:00,0.0024655589785938254
2018-08-06 18:00:00,0.00205721658713413
2018-08-06 18:30:00,0.0016954693940759045
2018-08-06 19:00:00,0.0017008542676829304
2018-08-06 19:30:00,0.001726763875105505
2018-08-06 20:00:00,0.0017058301159357946
2018-08-06 20:30:00,0.0016131146078927064
2018-08-06 21:00:00,0.0015554579586152945
2018-08-06 21:30:00,0.0014826203945399086
2018-08-06 22:00:00,0.0014360798555626013
2018-08-06 22:30:00,0.0013682873643402268
2018-08-06 23:00:00,0.0013338852989773309
2018-08-06 23:30:00,0.0013149938655830497
2018-08-07 00:00:00,0.00131193741942258
2018-08-07 00:30:00,0.00130724199082164
2018-08-07 01:00:00,0.0013054375895967729
2018-08-07 01:30:00,0.0013040226867868361
2018-08-07 02:00:00,0.0013101961606364594
2018-08-07 02:30:00,0.0013274811831651375
2018-08-07 03:00:00,0.0013576634289428997
2018-08-07 03:30:00,0.0013952073308111867
2018-08-07 04:00:00,0.0014546373302789489
2018-08-07 04:30:00,0.0015318342835379142
2018-08-07 05:00:00,0.001619204532051517
2018-08-07 05:30:00,0.0016682837331858842
2018-08-07 06:00:00,0.0022379811449144567
2018-08-07 06:30:00,0.002697870894610401
2018-08-07 07:00:00,0.003029678888261553
2018-08-07 07:30:00,0.003398404081071455
2018-08-07 08:00:00,0.003768904704811133
2018-08-07 08:30:00,0.004168322644814215
2018-08-07 09:00:00,0.0045489357421945285
2018-08-07 09:30:00,0.0049261571542814075
2018-08-07 10:00:00,0.00530105029897861
2018-08-07 10:30:00,0.005544156610968596
2018-08-07 11:00:00,0.005751425867647441
2018-08-07 11:30:00,0.0059823652959270016
2018-08-07 12:00:00,0.006101235058332143
2018-08-07 12:30:00,0.006173576766196534
2018-08-07 13:00:00,0.006172255496660784
2018-08-07 13:30:00,0.006088598887852629
2018-08-07 14:00:00,0.005988991570687181
2018-08-07 14:30:00,0.005800486262098531
2018-08-07 15:00:00,0.005481020254383379
2018-08-07 15:30:00,0.005120735501028139
2018-08-07 16:00:00,0.0047551214938313085
2018-08-07 16:30:00,0.004355579029576402
2018-08-07 17:00:00,0.0033551295827376057
2018-08-07 17:30:00,0.0024759112174391313
2018-08-07 18:00:00,0.0020637528298998982
2018-08-07 18:30:00,0.0017087061779936853
2018-08-07 19:00:00,0.0016979052196882376
2018-08-07 19:30:00,0.0017448186911935035
2018-08-07 20:00:00,0.0017057869005784774
2018-08-07 20:30:00,0.001625348555435413
2018-08-07 21:00:00,0.0015753843197888798
2018-08-07 21:30:00,0.0014978426840410912
2018-08-07 22:00:00,0.0014563776287237955
2018-08-07 22:30:00,0.0013933745995187452
2018-08-07 23:00:00,0.0013528980554858576
2018-08-07 23:30:00,0.0013447282722135038
2018-08-08 00:00:00,0.0013280984425188165
2018-08-08 00:30:00,0.0013251664405817317
2018-08-08 01:00:00,0.001321849982021404
2018-08-08 01:30:00,0.001321690805455286
2018-08-08 02:00:00,0.0013373447683590024
2018-08-08 02:30:00,0.0013453908276639262
2018-08-08 03:00:00,0.001375021117294622
2018-08-08 03:30:00,0.001410990939786854
2018-08-08 04:00:00,0.0014859755068365034
2018-08-08 04:30:00,0.0015538244981371484
2018-08-08 05:00:00,0.0016457091509215955
2018-08-08 05:30:00,0.001701369250690959
2018-08-08 06:00:00,0.002350558351152034
2018-08-08 06:30:00,0.00288262471004173
2018-08-08 07:00:00,0.00324105056280482
2018-08-08 07:30:00,0.0036209755756625188
2018-08-08 08:00:00,0.004045027949933564
2018-08-08 08:30:00,0.004480258616602187
2018-08-08 09:00:00,0.004891814550049043
2018-08-08 09:30:00,0.005277404135909737
2018-08-08 10:00:00,0.005668199011559273
2018-08-08 10:30:00,0.005949183744294555
2018-08-08 11:00:00,0.006180860154473252
2018-08-08 11:30:00,0.006380647072174842
2018-08-08 12:00:00,0.006472196005655687
2018-08-08 12:30:00,0.006528796199503577
2018-08-08 13:00:00,0.006513509086966418
2018-08-08 13:30:00,0.006395412799428814
2018-08-08 14:00:00,0.006274486866328214
2018-08-08 14:30:00,0.006088951573185401
2018-08-08 15:00:00,0.005754296247686129
2018-08-08 15:30:00,0.005329198061768011
2018-08-08 16:00:00,0.0049165054843952755
2018-08-08 16:30:00,0.004511094694730468
2018-08-08 17:00:00,0.0034537090146264235
2018-08-08 17:30:00,0.00251190592877604
2018-08-08 18:00:00,0.0020988240930736933
2018-08-08 18:30:00,0.0017067762121472808
2018-08-08 19:00:00,0.0017566950716686306
2018-08-08 19:30:00,0.0017596512421944371
2018-08-08 20:00:00,0.0017464940865739348
2018-08-08 20:30:00,0.0016437791050467514
2018-08-08 21:00:00,0.001578083038824892
2018-08-08 21:30:00,0.0015074837901732125
2018-08-08 22:00:00,0.0014619626534579512
2018-08-08 22:30:00,0.001398758432756058
2018-08-08 23:00:00,0.00135924735181701
2018-08-08 23:30:00,0.001339368847650231
2018-08-09 00:00:00,0.0013316154523484711
2018-08-09 00:30:00,0.0013253568282392452
2018-08-09 01:00:00,0.001315240833347273
2018-08-09 01:30:00,0.0013149976269197052
2018-08-09 02:00:00,0.0013228076023281746
2018-08-09 02:30:00,0.0013307744334780172
2018-08-09 03:00:00,0.0013658770678000869
2018-08-09 03:30:00,0.0014033495843003606
2018-08-09 04:00:00,0.0014633431440389134
2018-08-09 04:30:00,0.0015459615439017457
2018-08-09 05:00:00,0.0016439009883600735
2018-08-09 05:30:00,0.0016802932809842999
2018-08-09 06:00:00,0.002277758000301005
2018-08-09 06:30:00,0.0027556441453241293
2018-08-09 07:00:00,0.0031122013340254533
2018-08-09 07:30:00,0.0034873804203369024
2018-08-09 08:00:00,0.0038794010915938933
2018-08-09 08:30:00,0.004272531117078902
2018-08-09 09:00:00,0.004681392572997038
2018-08-09 09:30:00,0.005047875128847502
2018-08-09 10:00:00,0.00544894037424876
2018-08-09 10:30:00,0.005705490503729451
2018-08-09 11:00:00,0.005968858496054429
2018-08-09 11:30:00,0.006230199928206553
2018-08-09 12:00:00,0.006347668472664907
2018-08-09 12:30:00,0.006431613103826736
2018-08-09 13:00:00,0.006453335703324362
2018-08-09 13:30:00,0.00634560742023464
2018-08-09 14:00:00,0.006230071882703391
2018-08-09 14:30:00,0.006081636973817289
2018-08-09 15:00:00,0.0057604601981514555
2018-08-09 15:30:00,0.005325006332165134
2018-08-09 16:00:00,0.004939443315746346
2018-08-09 16:30:00,0.004548913014117718
2018-08-09 17:00:00,0.003470012808458685
2018-08-09 17:30:00,0.002520387182734835
2018-08-09 18:00:00,0.0021076162575198523
2018-08-09 18:30:00,0.0017185471151391785
2018-08-09 19:00:00,0.0017898625382957293
2018-08-09 19:30:00,0.0017590485480167431
2018-08-09 20:00:00,0.0017203756849527674
2018-08-09 20:30:00,0.0016289909698297268
2018-08-09 21:00:00,0.0015786285126683608
2018-08-09 21:30:00,0.0014943561650468768
2018-08-09 22:00:00,0.00144507377170468
2018-08-09 22:30:00,0.0013870581948762174
2018-08-09 23:00:00,0.0013503788402395907
2018-08-09 23:30:00,0.0013274363672390308
2018-08-10 00:00:00,0.0013226013690396448
2018-08-10 00:30:00,0.001314659746848237
2018-08-10 01:00:00,0.0013151437588501886
2018-08-10 01:30:00,0.001315118629920193
2018-08-10 02:00:00,0.0013207383069686418
2018-08-10 02:30:00,0.0013386096178449216
2018-08-10 03:00:00,0.0013695985502926028
2018-08-10 03:30:00,0.0014118815762897833
2018-08-10 04:00:00,0.001472114821204567
2018-08-10 04:30:00,0.0015480915008184012
2018-08-10 05:00:00,0.0016476136677242475
2018-08-10 05:30:00,0.0016899471916667372
2018-08-10 06:00:00,0.002302944710829792
2018-08-10 06:30:00,0.002783150320114251
2018-08-10 07:00:00,0.0031017973167798063
2018-08-10 07:30:00,0.0034720280846215713
2018-08-10 08:00:00,0.0038971015417518916
2018-08-10 08:30:00,0.004314218411372622
2018-08-10 09:00:00,0.004742093103969922
2018-08-10 09:30:00,0.0051401325541030295
2018-08-10 10:00:00,0.0055220362701267735
2018-08-10 10:30:00,0.00577274624420826
2018-08-10 11:00:00,0.00600792773997913
2018-08-10 11:30:00,0.006254414453252585
2018-08-10 12:00:00,0.0063585845118663215
2018-08-10 12:30:00,0.006442497371737679
2018-08-10 13:00:00,0.006458857425562892
2018-08-10 13:30:00,0.006380009245512217
2018-08-10 14:00:00,0.006256799780919608
2018-08-10 14:30:00,0.006031280598817322
2018-08-10 15:00:00,0.005657573315536277
2018-08-10 15:30:00,0.005220137145104133
2018-08-10 16:00:00,0.004820479519924821
2018-08-10 16:30:00,0.004392450452467771
2018-08-10 17:00:00,0.0033283652715814264
2018-08-10 17:30:00,0.002410329831971041
2018-08-10 18:00:00,0.002006285447881847
2018-08-10 18:30:00,0.0016577891237467503
2018-08-10 19:00:00,0.001715877686512015
2018-08-10 19:30:00,0.0017294991671383576
2018-08-10 20:00:00,0.0016979555575766681
2018-08-10 20:30:00,0.0016117947788688671
2018-08-10 21:00:00,0.0015620306943494636
2018-08-10 21:30:00,0.001482738756601894
2018-08-10 22:00:00,0.0014313561769225265
2018-08-10 22:30:00,0.001367653299014258
2018-08-10 23:00:00,0.0013380342933935283
2018-08-10 23:30:00,0.001332367399565788
2018-08-11 00:00:00,0.0013473447220137343
2018-08-11 00:30:00,0.0013559541815325697
2018-08-11 01:00:00,0.0013719483453324991
2018-08-11 01:30:00,0.001359177727074666
2018-08-11 02:00:00,0.0013499108339255347
2018-08-11 02:30:00,0.0013308410171396614
2018-08-11 03:00:00,0.00131461501095057
2018-08-11 03:30:00,0.0013060663730457365
2018-08-11 04:00:00,0.0012961041127859977
2018-08-11 04:30:00,0.0012892089424691791
2018-08-11 05:00:00,0.0012412543009663296
2018-08-11 05:30:00,0.0011152660088697924
2018-08-11 06:00:00,0.001379503910331874
2018-08-11 06:30:00,0.0014939200900801718
2018-08-11 07:00:00,0.0014813176916021174
2018-08-11 07:30:00,0.0014198873012612112
2018-08-11 08:00:00,0.0014943621671798374
2018-08-11 08:30:00,0.0015546460700968097
2018-08-11 09:00:00,0.0016397855258600167
2018-08-11 09:30:00,0.0018001291467107956
2018-08-11 10:00:00,0.0020423189730119024
2018-08-11 10:30:00,0.002109790470163538
2018-08-11 11:00:00,0.002264872221118766
2018-08-11 11:30:00,0.0024710195591045956
2018-08-11 12:00:00,0.002499097857208532
2018-08-11 12:30:00,0.0026638861775593724
2018-08-11 13:00:00,0.002810035954384676
2018-08-11 13:30:00,0.002792446343615352
2018-08-11 14:00:00,0.002878167926247308
2018-08-11 14:30:00,0.002927914484538466
2018-08-11 15:00:00,0.0028990542285524095
2018-08-11 15:30:00,0.0028884305332404006
2018-08-11 16:00:00,0.0029022536855342227
2018-08-11 16:30:00,0.0027767522064350188
2018-08-11 17:00:00,0.0021762009502646006
2018-08-11 17:30:00,0.0016759908720496268
2018-08-11 18:00:00,0.0014519802260314647
2018-08-11 18:30:00,0.0012783337978003366
2018-08-11 19:00:00,0.0014714333790424282
2018-08-11 19:30:00,0.0015351561840321263
2018-08-11 20:00:00,0.00157895398833171
2018-08-11 20:30:00,0.0016017155970590538
2018-08-11 21:00:00,0.0015773110044692662
2018-08-11 21:30:00,0.001539134557815361
2018-08-11 22:00:00,0.0015377937613403787
2018-08-11 22:30:00,0.0014990565554110643
2018-08-11 23:00:00,0.0014626133646993313
2018-08-11 23:30:00,0.001446424491706157
2018-08-12 00:00:00,0.0013762310672710608
2018-08-12 00:30:00,0.0013178603242282034
2018-08-12 01:00:00,0.0013306230996989682
2018-08-12 01:30:00,0.0013005449709209641
2018-08-12 02:00:00,0.0012826943073820693
2018-08-12 02:30:00,0.0012673034779873502
2018-08-12 03:00:00,0.0012559391994964302
2018-08-12 03:30:00,0.0012528345762153957
2018-08-12 04:00:00,0.0012664454130592879
2018-08-12 04:30:00,0.0012641674035296017
2018-08-12 05:00:00,0.001208680725388583
2018-08-12 05:30:00,0.0010655452197361455
2018-08-12 06:00:00,0.0011861503188228856
2018-08-12 06:30:00,0.0012153838274506588
2018-08-12 07:00:00,0.0012829560804075955
2018-08-12 07:30:00,0.0014927107003028096
2018-08-12 08:00:00,0.0015352319709643102
2018-08-12 08:30:00,0.0015564280633586231
2018-08-12 09:00:00,0.0016358825388667689
2018-08-12 09:30:00,0.0016722889164963429
2018-08-12 10:00:00,0.001860804468725245
2018-08-12 10:30:00,0.0020183992727369
2018-08-12 11:00:00,0.0021195725864060163
2018-08-12 11:30:00,0.0022818370498610997
2018-08-12 12:00:00,0.002354738396602748
2018-08-12 12:30:00,0.0024473137748483136
2018-08-12 13:00:00,0.002544983923607804
2018-08-12 13:30:00,0.0025893224800729274
2018-08-12 14:00:00,0.002660353722240899
2018-08-12 14:30:00,0.0026905526939625113
2018-08-12 15:00:00,0.002708645923701458
2018-08-12 15:30:00,0.002662556264952159
2018-08-12 16:00:00,0.0025968502752038046
2018-08-12 16:30:00,0.002525038915807821
2018-08-12 17:00:00,0.0019532740493738232
2018-08-12 17:30:00,0.00147922158671536
2018-08-12 18:00:00,0.0012946788863073683
2018-08-12 18:30:00,0.0010926976688237834
2018-08-12 19:00:00,0.0012721305533712284
2018-08-12 19:30:00,0.0013635360758885325
2018-08-12 20:00:00,0.0014006683914925939
2018-08-12 20:30:00,0.0014271657277746806
2018-08-12 21:00:00,0.001408057017167222
2018-08-12 21:30:00,0.0013686070779559334
2018-08-12 22:00:00,0.0013729214911565278
2018-08-12 22:30:00,0.0013562826982766191
2018-08-12 23:00:00,0.0013369468669579274
2018-08-12 23:30:00,0.0013263732694490308
2018-08-13 00:00:00,0.0013295431959366778
2018-08-13 00:30:00,0.0013268995364670254
2018-08-13 01:00:00,0.0013192031214141727
2018-08-13 01:30:00,0.0013205676863356792
2018-08-13 02:00:00,0.001329255253611443
2018-08-13 02:30:00,0.0013356872193205742
2018-08-13 03:00:00,0.001373198229500236
2018-08-13 03:30:00,0.001414770042755793
2018-08-13 04:00:00,0.0014741876378154364
2018-08-13 04:30:00,0.0015569981859614506
2018-08-13 05:00:00,0.0016509446914605597
2018-08-13 05:30:00,0.001702302542352129
2018-08-13 06:00:00,0.0023478773984295857
2018-08-13 06:30:00,0.002830308998758072
2018-08-13 07:00:00,0.0031672960328699177
2018-08-13 07:30:00,0.0034932525871118987
2018-08-13 08:00:00,0.003871239071080169
2018-08-13 08:30:00,0.004270908700525402
2018-08-13 09:00:00,0.004670338884879725
2018-08-13 09:30:00,0.005014122814384712
2018-08-13 10:00:00,0.005381623972212828
2018-08-13 10:30:00,0.005674438508871464
2018-08-13 11:00:00,0.005917212942922943
2018-08-13 11:30:00,0.006136124656948327
2018-08-13 12:00:00,0.006252409020587753
2018-08-13 12:30:00,0.006309976998354227
2018-08-13 13:00:00,0.006324709913948012
2018-08-13 13:30:00,0.0062567852157436234
2018-08-13 14:00:00,0.006154063511827524
2018-08-13 14:30:00,0.0059586988856629415
2018-08-13 15:00:00,0.005612395500826368
2018-08-13 15:30:00,0.0052236836854279555
2018-08-13 16:00:00,0.004870433992101738
2018-08-13 16:30:00,0.004445907369298358
2018-08-13 17:00:00,0.0033930560205465876
2018-08-13 17:30:00,0.0024821652799273067
2018-08-13 18:00:00,0.0020931183854528074
2018-08-13 18:30:00,0.0017226047971059338
2018-08-13 19:00:00,0.0018138845149163817
2018-08-13 19:30:00,0.0017865477603326307
2018-08-13 20:00:00,0.001758692661546393
2018-08-13 20:30:00,0.0016667500681717645
2018-08-13 21:00:00,0.0016040129734710932
2018-08-13 21:30:00,0.0015166572101050358
2018-08-13 22:00:00,0.0014831431403065664
2018-08-13 22:30:00,0.001412153032756486
2018-08-13 23:00:00,0.0013761839305202095
2018-08-13 23:30:00,0.0013518415200278948
2018-08-14 00:00:00,0.0013444705006099514
2018-08-14 00:30:00,0.0013308151679537106
2018-08-14 01:00:00,0.001330521223495515
2018-08-14 01:30:00,0.0013202774231856993
2018-08-14 02:00:00,0.0013264144040669216
2018-08-14 02:30:00,0.0013453043169208527
2018-08-14 03:00:00,0.0013705043121705928
2018-08-14 03:30:00,0.001413330571214937
2018-08-14 04:00:00,0.0014757168212369454
2018-08-14 04:30:00,0.001554576045212268
2018-08-14 05:00:00,0.0016677336176929257
2018-08-14 05:30:00,0.0017068760876397466
2018-08-14 06:00:00,0.0023323344349714227
2018-08-14 06:30:00,0.0028220857564881484
2018-08-14 07:00:00,0.0031691032350901665
2018-08-14 07:30:00,0.003538232331434104
2018-08-14 08:00:00,0.0039415173256611095
2018-08-14 08:30:00,0.004349395312086525
2018-08-14 09:00:00,0.004735318776596713
2018-08-14 09:30:00,0.005121936167705598
2018-08-14 10:00:00,0.005514901014491528
2018-08-14 10:30:00,0.005798990690621603
2018-08-14 11:00:00,0.006036114076476358
2018-08-14 11:30:00,0.006254131632747476
2018-08-14 12:00:00,0.006337111601099861
2018-08-14 12:30:00,0.006387991522150879
2018-08-14 13:00:00,0.00637439092894724
2018-08-14 13:30:00,0.006265691100602278
2018-08-14 14:00:00,0.006144589184963271
2018-08-14 14:30:00,0.0059680864616988025
2018-08-14 15:00:00,0.005621700807626448
2018-08-14 15:30:00,0.0051595923494744695
2018-08-14 16:00:00,0.004740374573260613
2018-08-14 16:30:00,0.004310378166675923
2018-08-14 17:00:00,0.003284961607346262
2018-08-14 17:30:00,0.002363889408571518
2018-08-14 18:00:00,0.0019789716614602255
2018-08-14 18:30:00,0.0016399966408833545
2018-08-14 19:00:00,0.0017459792636227854
2018-08-14 19:30:00,0.0017338756824079853
2018-08-14 20:00:00,0.0017047789423832766
2018-08-14 20:30:00,0.001614465087808865
2018-08-14 21:00:00,0.0015676281234917385
2018-08-14 21:30:00,0.0014901095359345186
2018-08-14 22:00:00,0.0014390685976632745
2018-08-14 22:30:00,0.001374775189900112
2018-08-14 23:00:00,0.0013382065946237203
2018-08-14 23:30:00,0.0013305458722548736
2018-08-15 00:00:00,0.0013179758052663678
2018-08-15 00:30:00,0.0013138091245650462
2018-08-15 01:00:00,0.0013190010496044954
2018-08-15 01:30:00,0.0013156966753385285
2018-08-15 02:00:00,0.001318779610912465
2018-08-15 02:30:00,0.0013434040416254933
2018-08-15 03:00:00,0.0013705790587330634
2018-08-15 03:30:00,0.0014084253880741302
2018-08-15 04:00:00,0.0014750100100594929
2018-08-15 04:30:00,0.0015576646628054076
2018-08-15 05:00:00,0.0016716683759766453
2018-08-15 05:30:00,0.0017072428579778657
2018-08-15 06:00:00,0.002281640419985307
2018-08-15 06:30:00,0.0027172775510980285
2018-08-15 07:00:00,0.0030487819168498083
2018-08-15 07:30:00,0.0033669709907846817
2018-08-15 08:00:00,0.0037687732180850743
2018-08-15 08:30:00,0.004148696870459302
2018-08-15 09:00:00,0.004526242717839817
2018-08-15 09:30:00,0.00489621267299733
2018-08-15 10:00:00,0.005245863727485626
2018-08-15 10:30:00,0.005498617707939772
2018-08-15 11:00:00,0.005702145955186868
2018-08-15 11:30:00,0.005902062198846652
2018-08-15 12:00:00,0.006009035573666796
2018-08-15 12:30:00,0.00610979233930844
2018-08-15 13:00:00,0.006156396020724493
2018-08-15 13:30:00,0.006053550592840964
2018-08-15 14:00:00,0.00594428288268948
2018-08-15 14:30:00,0.005770901428621458
2018-08-15 15:00:00,0.005439868590435071
2018-08-15 15:30:00,0.005060346680827013
2018-08-15 16:00:00,0.004688586009307784
2018-08-15 16:30:00,0.004267138640770125
2018-08-15 17:00:00,0.003230144687215219
2018-08-15 17:30:00,0.002342880182583382
2018-08-15 18:00:00,0.0019860464155952284
2018-08-15 18:30:00,0.0016302866302648443
2018-08-15 19:00:00,0.001734810974780142
2018-08-15 19:30:00,0.0017279783066745545
2018-08-15 20:00:00,0.0017004394802811263
2018-08-15 20:30:00,0.0016217002989650175
2018-08-15 21:00:00,0.0015761661176141215
2018-08-15 21:30:00,0.0014947791153495076
2018-08-15 22:00:00,0.001447315608379723
2018-08-15 22:30:00,0.0013839242811863346
2018-08-15 23:00:00,0.0013514334550150063
2018-08-15 23:30:00,0.0013239634530795275
2018-08-16 00:00:00,0.0013303908571676085
2018-08-16 00:30:00,0.0013171851242843441
2018-08-16 01:00:00,0.0013217875598386128
2018-08-16 01:30:00,0.001314620692969773
2018-08-16 02:00:00,0.0013206088209535695
2018-08-16 02:30:00,0.001343414205237307
2018-08-16 03:00:00,0.001363465410776475
2018-08-16 03:30:00,0.00140987038157731
2018-08-16 04:00:00,0.0014789373256983412
2018-08-16 04:30:00,0.001549732323912979
2018-08-16 05:00:00,0.001684238843107349
2018-08-16 05:30:00,0.0017055975532906773
2018-08-16 06:00:00,0.0023086278504307455
2018-08-16 06:30:00,0.0027428982558540945
2018-08-16 07:00:00,0.0031195616296325066
2018-08-16 07:30:00,0.003468299319541063
2018-08-16 08:00:00,0.0038822505842098782
2018-08-16 08:30:00,0.004276074696350462
2018-08-16 09:00:00,0.004655787473786669
2018-08-16 09:30:00,0.0050482366973370555
2018-08-16 10:00:00,0.005414518541861313
2018-08-16 10:30:00,0.005661284794473859
2018-08-16 11:00:00,0.0058938730486919454
2018-08-16 11:30:00,0.006111560647707103
2018-08-16 12:00:00,0.006207082673094177
2018-08-16 12:30:00,0.006266846631239873
2018-08-16 13:00:00,0.006263381159725241
2018-08-16 13:30:00,0.006156894437845551
2018-08-16 14:00:00,0.006035596612586706
2018-08-16 14:30:00,0.005851016138755281
2018-08-16 15:00:00,0.005518793597787643
2018-08-16 15:30:00,0.0051216219760522146
2018-08-16 16:00:00,0.004754101051199548
2018-08-16 16:30:00,0.004366379747796531
2018-08-16 17:00:00,0.0033515723986313334
2018-08-16 17:30:00,0.0024524068647650095
2018-08-16 18:00:00,0.002055210914383981
2018-08-16 18:30:00,0.001695171768309493
2018-08-16 19:00:00,0.0018030120912144816
2018-08-16 19:30:00,0.001773175568295256
2018-08-16 20:00:00,0.0017301613224465825
2018-08-16 20:30:00,0.0016463116050139716
2018-08-16 21:00:00,0.0015809103635631419
2018-08-16 21:30:00,0.001504147644616774
2018-08-16 22:00:00,0.0014566486050198615
2018-08-16 22:30:00,0.0013965401244422208
2018-08-16 23:00:00,0.0013535334812952977
2018-08-16 23:30:00,0.0013329618508142165
2018-08-17 00:00:00,0.0013280637902045233
2018-08-17 00:30:00,0.0013199277789336284
2018-08-17 01:00:00,0.0013169083059121963
2018-08-17 01:30:00,0.0013197603594382445
2018-08-17 02:00:00,0.0013263319747742611
2018-08-17 02:30:00,0.0013488373324384026
2018-08-17 03:00:00,0.0013713431702731807
2018-08-17 03:30:00,0.0014080872679173438
2018-08-17 04:00:00,0.0014720878516204633
2018-08-17 04:30:00,0.0015552939003143685
2018-08-17 05:00:00,0.0016694141348934837
2018-08-17 05:30:00,0.0017168334661646777
2018-08-17 06:00:00,0.0024009845109512224
2018-08-17 06:30:00,0.002941908097408372
2018-08-17 07:00:00,0.003324725978296252
2018-08-17 07:30:00,0.0036585570908973593
2018-08-17 08:00:00,0.004056120291787144
2018-08-17 08:30:00,0.004474235676247218
2018-08-17 09:00:00,0.004899351388393581
2018-08-17 09:30:00,0.005322763295063498
2018-08-17 10:00:00,0.005719770218270486
2018-08-17 10:30:00,0.006009443878765003
2018-08-17 11:00:00,0.006255802466506857
2018-08-17 11:30:00,0.006517108606117173
2018-08-17 12:00:00,0.006653378712032277
2018-08-17 12:30:00,0.00669961290214327
2018-08-17 13:00:00,0.006684117475578156
2018-08-17 13:30:00,0.006557214698503726
2018-08-17 14:00:00,0.006429397436451402
2018-08-17 14:30:00,0.006262036121742967
2018-08-17 15:00:00,0.005913483377558039
2018-08-17 15:30:00,0.00548972038612414
2018-08-17 16:00:00,0.005081247548308099
2018-08-17 16:30:00,0.00470484482715706
2018-08-17 17:00:00,0.0036352106343343245
2018-08-17 17:30:00,0.002686705806905336
2018-08-17 18:00:00,0.0022307089606192665
2018-08-17 18:30:00,0.0017883488003630397
2018-08-17 19:00:00,0.0019114132534233186
2018-08-17 19:30:00,0.0018643999064255866
2018-08-17 20:00:00,0.001799973251310696
2018-08-17 20:30:00,0.0017106840808753365
2018-08-17 21:00:00,0.0016418821909458502
2018-08-17 21:30:00,0.0015565697937249354
2018-08-17 22:00:00,0.0014957066449630355
2018-08-17 22:30:00,0.0014290990548155435
2018-08-17 23:00:00,0.0013788423152227254
2018-08-17 23:30:00,0.001355996036406416
2018-08-18 00:00:00,0.0013784265674796473
2018-08-18 00:30:00,0.0013794246821767927
2018-08-18 01:00:00,0.001395471184576139
2018-08-18 01:30:00,0.0013773717126189132
2018-08-18 02:00:00,0.0013651476886027017
2018-08-18 02:30:00,0.0013496109673628179
2018-08-18 03:00:00,0.0013232862524246809
2018-08-18 03:30:00,0.001315926196902946
2018-08-18 04:00:00,0.001306729968865872
2018-08-18 04:30:00,0.0012898089156799311
2018-08-18 05:00:00,0.0012655127616256338
2018-08-18 05:30:00,0.0011372079663200224
2018-08-18 06:00:00,0.0014616945581857064
2018-08-18 06:30:00,0.0015870793558201547
2018-08-18 07:00:00,0.00161254888685405
2018-08-18 07:30:00,0.0015551015919743074
2018-08-18 08:00:00,0.001577320527853564
2018-08-18 08:30:00,0.001664452131560649
2018-08-18 09:00:00,0.0017267005726098795
2018-08-18 09:30:00,0.0018718491936573372
2018-08-18 10:00:00,0.0021367359657066907
2018-08-18 10:30:00,0.0022124821634148337
2018-08-18 11:00:00,0.002383170660494487
2018-08-18 11:30:00,0.0025725140269013294
2018-08-18 12:00:00,0.002602062207353123
2018-08-18 12:30:00,0.0027476136115364637
2018-08-18 13:00:00,0.002856687092665339
2018-08-18 13:30:00,0.002844926433313694
2018-08-18 14:00:00,0.002892848583270116
2018-08-18 14:30:00,0.002950844473102468
2018-08-18 15:00:00,0.002911852536650301
2018-08-18 15:30:00,0.0028392658617326727
2018-08-18 16:00:00,0.002841095311859096
2018-08-18 16:30:00,0.002712740658835691
2018-08-18 17:00:00,0.002158572045531494
2018-08-18 17:30:00,0.0017130251528153298
2018-08-18 18:00:00,0.0014619791393164834
2018-08-18 18:30:00,0.0012422063192823367
2018-08-18 19:00:00,0.0014946523503013777
2018-08-18 19:30:00,0.0015369110476529577
2018-08-18 20:00:00,0.001574372680285463
2018-08-18 20:30:00,0.0015986637925480733
2018-08-18 21:00:00,0.0015601574686666475
2018-08-18 21:30:00,0.001522414776154702
2018-08-18 22:00:00,0.0015233844007273942
2018-08-18 22:30:00,0.0014901424276231433
2018-08-18 23:00:00,0.0014504489618705294
2018-08-18 23:30:00,0.0014230830769348091
2018-08-19 00:00:00,0.001362215686665617
2018-08-19 00:30:00,0.0013016348782381886
2018-08-19 01:00:00,0.0013228092829254035
2018-08-19 01:30:00,0.0012917540869298366
2018-08-19 02:00:00,0.0012754377286325767
2018-08-19 02:30:00,0.001263326144573829
2018-08-19 03:00:00,0.001249425524750594
2018-08-19 03:30:00,0.0012561516750032391
2018-08-19 04:00:00,0.001267348854112533
2018-08-19 04:30:00,0.0012723834432399727
2018-08-19 05:00:00,0.001224109408235174
2018-08-19 05:30:00,0.0010859931262497968
2018-08-19 06:00:00,0.0011924858502624478
2018-08-19 06:30:00,0.0012399214273068556
2018-08-19 07:00:00,0.0012637666211047054
2018-08-19 07:30:00,0.0014310636729762414
2018-08-19 08:00:00,0.001418161167850152
2018-08-19 08:30:00,0.0014306323997159047
2018-08-19 09:00:00,0.0015133733231195749
2018-08-19 09:30:00,0.0015642467618669957
2018-08-19 10:00:00,0.0017501424230727698
2018-08-19 10:30:00,0.0018835957680036347
2018-08-19 11:00:00,0.001978532785498139
2018-08-19 11:30:00,0.0021880229914293236
2018-08-19 12:00:00,0.002287619424727004
2018-08-19 12:30:00,0.0023719894070446485
2018-08-19 13:00:00,0.002518413121218279
2018-08-19 13:30:00,0.002560627802928147
2018-08-19 14:00:00,0.0026460433568075464
2018-08-19 14:30:00,0.0027082283353042722
2018-08-19 15:00:00,0.0027320593640683347
2018-08-19 15:30:00,0.002723305133102487
2018-08-19 16:00:00,0.0026769052040933397
2018-08-19 16:30:00,0.002619071051737169
2018-08-19 17:00:00,0.0020281558599071856
2018-08-19 17:30:00,0.001509340369940618
2018-08-19 18:00:00,0.0012817321254542484
2018-08-19 18:30:00,0.001070579808863585
2018-08-19 19:00:00,0.0012860947157754073
2018-08-19 19:30:00,0.0013389374143330157
2018-08-19 20:00:00,0.0013655566339284245
2018-08-19 20:30:00,0.001387999649438214
2018-08-19 21:00:00,0.001379738393659539
2018-08-19 21:30:00,0.001343240383466765
2018-08-19 22:00:00,0.0013565210229693789
2018-08-19 22:30:00,0.0013362852718487787
2018-08-19 23:00:00,0.0013202715010811779
2018-08-19 23:30:00,0.0013062696452820057
2018-08-20 00:00:00,0.001305011438156563
2018-08-20 00:30:00,0.0013031073214961088
2018-08-20 01:00:00,0.001310686094742932
2018-08-20 01:30:00,0.0013083862374492687
2018-08-20 02:00:00,0.0013056921600627465
2018-08-20 02:30:00,0.0013251311480399228
2018-08-20 03:00:00,0.0013495397420516843
2018-08-20 03:30:00,0.0013955448907688964
2018-08-20 04:00:00,0.0014650347851925586
2018-08-20 04:30:00,0.0015235995171727057
2018-08-20 05:00:00,0.0016544518577921588
2018-08-20 05:30:00,0.0016997700423849087
2018-08-20 06:00:00,0.00223348226616087
2018-08-20 06:30:00,0.0026292065735683736
2018-08-20 07:00:00,0.0029331240158346006
2018-08-20 07:30:00,0.003247486689992804
2018-08-20 08:00:00,0.0036066423220954763
2018-08-20 08:30:00,0.004000691474207866
2018-08-20 09:00:00,0.004398430257493861
2018-08-20 09:30:00,0.00476273716018873
2018-08-20 10:00:00,0.005139227112338797
2018-08-20 10:30:00,0.0054506196910227254
2018-08-20 11:00:00,0.005710852649259667
2018-08-20 11:30:00,0.005954606071211256
2018-08-20 12:00:00,0.006081410733418889
2018-08-20 12:30:00,0.006188652683681916
2018-08-20 13:00:00,0.006221497875783244
2018-08-20 13:30:00,0.006116103382045522
2018-08-20 14:00:00,0.005990630313042332
2018-08-20 14:30:00,0.005806519846235951
2018-08-20 15:00:00,0.005481408952513913
2018-08-20 15:30:00,0.005077499896515874
2018-08-20 16:00:00,0.004677725269758047
2018-08-20 16:30:00,0.004253784615188511
2018-08-20 17:00:00,0.0032880910394435343
2018-08-20 17:30:00,0.002429016712674021
2018-08-20 18:00:00,0.0020019431847843154
2018-08-20 18:30:00,0.0016797044317266349
2018-08-20 19:00:00,0.001770174101672706
2018-08-20 19:30:00,0.0017454674017238964
2018-08-20 20:00:00,0.0016907530780522614
2018-08-20 20:30:00,0.0015981660956829718
2018-08-20 21:00:00,0.0015326430509472592
2018-08-20 21:30:00,0.001480027233015566
2018-08-20 22:00:00,0.0014304006373551824
2018-08-20 22:30:00,0.0013627265882232321
2018-08-20 23:00:00,0.0013332014559620077
2018-08-20 23:30:00,0.0013140348047643686
2018-08-21 00:00:00,0.0013069314004480333
2018-08-21 00:30:00,0.0013049648616047878
2018-08-21 01:00:00,0.0013030192902126854
2018-08-21 01:30:00,0.001302548402874808
2018-08-21 02:00:00,0.001310433124845748
2018-08-21 02:30:00,0.0013322371132663212
2018-08-21 03:00:00,0.0013532909951236853
2018-08-21 03:30:00,0.001401070294315643
2018-08-21 04:00:00,0.0014641912054120412
2018-08-21 04:30:00,0.0015386295783622666
2018-08-21 05:00:00,0.0016954120136848001
2018-08-21 05:30:00,0.0017133395845540314
2018-08-21 06:00:00,0.002223235824912552
2018-08-21 06:30:00,0.0026240300139893035
2018-08-21 07:00:00,0.0029469770987647866
2018-08-21 07:30:00,0.003274722688771255
2018-08-21 08:00:00,0.003647669861934156
2018-08-21 08:30:00,0.004044056084564566
2018-08-21 09:00:00,0.004461268508142031
2018-08-21 09:30:00,0.00484652141435785
2018-08-21 10:00:00,0.00523606912680659
2018-08-21 10:30:00,0.00552304967025586
2018-08-21 11:00:00,0.005779856370913512
2018-08-21 11:30:00,0.006031729878476541
2018-08-21 12:00:00,0.006174439472774086
2018-08-21 12:30:00,0.006270323226707592
2018-08-21 13:00:00,0.006294121203726152
2018-08-21 13:30:00,0.00624213296881683
2018-08-21 14:00:00,0.006148169817402309
2018-08-21 14:30:00,0.005937306803620352
2018-08-21 15:00:00,0.005574968600536596
2018-08-21 15:30:00,0.005149969009655912
2018-08-21 16:00:00,0.004756570968927098
2018-08-21 16:30:00,0.004329519849000447
2018-08-21 17:00:00,0.003346633283432189
2018-08-21 17:30:00,0.0025059635770596236
2018-08-21 18:00:00,0.002052881046425514
2018-08-21 18:30:00,0.0017001110435655162
2018-08-21 19:00:00,0.0017990443612136977
2018-08-21 19:30:00,0.0017556495001068758
2018-08-21 20:00:00,0.0017316877048727097
2018-08-21 20:30:00,0.0016302470161873037
2018-08-21 21:00:00,0.0015563733239060216
2018-08-21 21:30:00,0.0014843524500554896
2018-08-21 22:00:00,0.00143235917335448
2018-08-21 22:30:00,0.0013708156228001546
2018-08-21 23:00:00,0.0013331488772772722
2018-08-21 23:30:00,0.0013162239026977968
2018-08-22 00:00:00,0.0013087995043107232
2018-08-22 00:30:00,0.0013089895718544787
2018-08-22 01:00:00,0.0013048610647187877
2018-08-22 01:30:00,0.0013076186046578142
2018-08-22 02:00:00,0.0013158660155164598
2018-08-22 02:30:00,0.0013257834598500923
2018-08-22 03:00:00,0.0013570920258850405
2018-08-22 03:30:00,0.001405043786364069
2018-08-22 04:00:00,0.0014574708172070388
2018-08-22 04:30:00,0.001535251097761345
2018-08-22 05:00:00,0.0016996195889186936
2018-08-22 05:30:00,0.0017118678615520666
2018-08-22 06:00:00,0.0021984765462790064
2018-08-22 06:30:00,0.002568322217270013
2018-08-22 07:00:00,0.0029114656791738736
2018-08-22 07:30:00,0.003290770631682512
2018-08-22 08:00:00,0.003670745022087367
2018-08-22 08:30:00,0.004037135385175555
2018-08-22 09:00:00,0.0044090570739150105
2018-08-22 09:30:00,0.004746614070572804
2018-08-22 10:00:00,0.00510993918437218
2018-08-22 10:30:00,0.00535836810784328
2018-08-22 11:00:00,0.005597578235257374
2018-08-22 11:30:00,0.0058412733164765855
2018-08-22 12:00:00,0.005950783192685924
2018-08-22 12:30:00,0.006045521579593649
2018-08-22 13:00:00,0.006088528942996527
2018-08-22 13:30:00,0.006041063515344195
2018-08-22 14:00:00,0.005959085743139369
2018-08-22 14:30:00,0.005741708494412499
2018-08-22 15:00:00,0.005371779433787559
2018-08-22 15:30:00,0.004942824277228891
2018-08-22 16:00:00,0.0045377556891712835
2018-08-22 16:30:00,0.004155225190409562
2018-08-22 17:00:00,0.0032315157344403236
2018-08-22 17:30:00,0.0023805017920663996
2018-08-22 18:00:00,0.0019705380244229194
2018-08-22 18:30:00,0.0017024976516875716
2018-08-22 19:00:00,0.001793055913116143
2018-08-22 19:30:00,0.0017524311564133459
2018-08-22 20:00:00,0.0017091869088296182
2018-08-22 20:30:00,0.0016126404393888107
2018-08-22 21:00:00,0.0015452989884513232
2018-08-22 21:30:00,0.0014805889526322484
2018-08-22 22:00:00,0.0014411999950918407
2018-08-22 22:30:00,0.0013712335313110988
2018-08-22 23:00:00,0.0013327905899537377
2018-08-22 23:30:00,0.0013200468612515686
2018-08-23 00:00:00,0.0013106195911097274
2018-08-23 00:30:00,0.001299230023631933
2018-08-23 01:00:00,0.001294034497312707
2018-08-23 01:30:00,0.0013060362023240542
2018-08-23 02:00:00,0.0013045191832253456
2018-08-23 02:30:00,0.0013112725431474125
2018-08-23 03:00:00,0.0013476799611466996
2018-08-23 03:30:00,0.0013814834938107542
2018-08-23 04:00:00,0.0014425623992454814
2018-08-23 04:30:00,0.0015202704941473803
2018-08-23 05:00:00,0.001694194461006611
2018-08-23 05:30:00,0.0017015078599481315
2018-08-23 06:00:00,0.0022165740175252454
2018-08-23 06:30:00,0.0025674795978307694
2018-08-23 07:00:00,0.0028052831453926315
2018-08-23 07:30:00,0.0031012218322715337
2018-08-23 08:00:00,0.0034364094269217606
2018-08-23 08:30:00,0.003790754389470647
2018-08-23 09:00:00,0.0041830243493166065
2018-08-23 09:30:00,0.004526176294235051
2018-08-23 10:00:00,0.004880935483986666
2018-08-23 10:30:00,0.005135390709007193
2018-08-23 11:00:00,0.005352070990054666
2018-08-23 11:30:00,0.005588723328514665
2018-08-23 12:00:00,0.005698231764212093
2018-08-23 12:30:00,0.005755603032074333
2018-08-23 13:00:00,0.0057650759184266764
2018-08-23 13:30:00,0.005698220720287446
2018-08-23 14:00:00,0.005607494799278171
2018-08-23 14:30:00,0.0054386023804656805
2018-08-23 15:00:00,0.0051196323890184
2018-08-23 15:30:00,0.004745929107159329
2018-08-23 16:00:00,0.004392071357749973
2018-08-23 16:30:00,0.004015195188350994
2018-08-23 17:00:00,0.0031370599279523883
2018-08-23 17:30:00,0.0023304540867574927
2018-08-23 18:00:00,0.001954191975574614
2018-08-23 18:30:00,0.0016517324113903226
2018-08-23 19:00:00,0.0017186000139376724
2018-08-23 19:30:00,0.0016926150997535509
2018-08-23 20:00:00,0.0016587899594108382
2018-08-23 20:30:00,0.001568985485853692
2018-08-23 21:00:00,0.0015206789593024662
2018-08-23 21:30:00,0.0014441672895707345
2018-08-23 22:00:00,0.001402763456009638
2018-08-23 22:30:00,0.0013461727055176075
2018-08-23 23:00:00,0.0013135714400998022
2018-08-23 23:30:00,0.0012930323811935877
2018-08-24 00:00:00,0.0012962271164974723
2018-08-24 00:30:00,0.0012864606058006918
2018-08-24 01:00:00,0.0012831732775923335
2018-08-24 01:30:00,0.0012905070837859205
2018-08-24 02:00:00,0.0012907106761359476
2018-08-24 02:30:00,0.0013057766700948332
2018-08-24 03:00:00,0.0013407829501757731
2018-08-24 03:30:00,0.0013775911505999566
2018-08-24 04:00:00,0.0014484268032618481
2018-08-24 04:30:00,0.0015088566780524244
2018-08-24 05:00:00,0.0016819838817682315
2018-08-24 05:30:00,0.001708338447314293
2018-08-24 06:00:00,0.0022510832409685998
2018-08-24 06:30:00,0.002637674702863094
2018-08-24 07:00:00,0.0029066239585855717
2018-08-24 07:30:00,0.0031787491429286566
2018-08-24 08:00:00,0.0035026327205028886
2018-08-24 08:30:00,0.003844194340272066
2018-08-24 09:00:00,0.004216319461304669
2018-08-24 09:30:00,0.0045609304847316415
2018-08-24 10:00:00,0.004927657367407827
2018-08-24 10:30:00,0.005185761409097826
2018-08-24 11:00:00,0.0054197109470714
2018-08-24 11:30:00,0.005651659373915874
2018-08-24 12:00:00,0.005781034789684797
2018-08-24 12:30:00,0.0058954360841433524
2018-08-24 13:00:00,0.005931221361054152
2018-08-24 13:30:00,0.00587219614543326
2018-08-24 14:00:00,0.005771953082344613
2018-08-24 14:30:00,0.005575668849382011
2018-08-24 15:00:00,0.005240213639630177
2018-08-24 15:30:00,0.004862748701001972
2018-08-24 16:00:00,0.00449711356629712
2018-08-24 16:30:00,0.004081940987613461
2018-08-24 17:00:00,0.003185155019366518
2018-08-24 17:30:00,0.002374783680037395
2018-08-24 18:00:00,0.0019818226746165604
2018-08-24 18:30:00,0.0016946213327027762
2018-08-24 19:00:00,0.001759357697878439
2018-08-24 19:30:00,0.0017284187832054304
2018-08-24 20:00:00,0.0016777138043231072
2018-08-24 20:30:00,0.00157955732273692
2018-08-24 21:00:00,0.0015152276620906749
2018-08-24 21:30:00,0.0014505924528625102
2018-08-24 22:00:00,0.0014062728631375426
2018-08-24 22:30:00,0.001342787182414012
2018-08-24 23:00:00,0.0013121218049471327
2018-08-24 23:30:00,0.0012950952742779623
2018-08-25 00:00:00,0.001313963099282598
2018-08-25 00:30:00,0.0013349874506457954
2018-08-25 01:00:00,0.0013420553223350033
2018-08-25 01:30:00,0.0013293845795696365
2018-08-25 02:00:00,0.001312871751453463
2018-08-25 02:30:00,0.0013049518169691533
2018-08-25 03:00:00,0.0012804022128470353
2018-08-25 03:30:00,0.0012792454017544084
2018-08-25 04:00:00,0.0012690959549747354
2018-08-25 04:30:00,0.001249601507289002
2018-08-25 05:00:00,0.001280628613302313
2018-08-25 05:30:00,0.0011446619752297025
2018-08-25 06:00:00,0.0014074525623638593
2018-08-25 06:30:00,0.0014508643094714104
2018-08-25 07:00:00,0.0014604090613624023
2018-08-25 07:30:00,0.0014042842364450016
2018-08-25 08:00:00,0.0013926905164181036
2018-08-25 08:30:00,0.001425417666571205
2018-08-25 09:00:00,0.0014792243877107419
2018-08-25 09:30:00,0.0015674631048495388
2018-08-25 10:00:00,0.0017546749937993758
2018-08-25 10:30:00,0.0018410320822692112
2018-08-25 11:00:00,0.001988161407193702
2018-08-25 11:30:00,0.0021939705449943066
2018-08-25 12:00:00,0.0022069193065584127
2018-08-25 12:30:00,0.0023590632935289136
2018-08-25 13:00:00,0.0024737365246248083
2018-08-25 13:30:00,0.002463735770685682
2018-08-25 14:00:00,0.002551713355026468
2018-08-25 14:30:00,0.0025610573955912545
2018-08-25 15:00:00,0.0025463404056569237
2018-08-25 15:30:00,0.0025390261264025688
2018-08-25 16:00:00,0.002532289412395913
2018-08-25 16:30:00,0.002450507869924682
2018-08-25 17:00:00,0.0019997884190514218
2018-08-25 17:30:00,0.00157319394140042
2018-08-25 18:00:00,0.0013953566638792488
2018-08-25 18:30:00,0.0012766381552247177
2018-08-25 19:00:00,0.0014546653402327655
2018-08-25 19:30:00,0.001504026801673165
2018-08-25 20:00:00,0.001530231874094285
2018-08-25 20:30:00,0.0015482581200293901
2018-08-25 21:00:00,0.0015325587810004911
2018-08-25 21:30:00,0.0015004496904854636
2018-08-25 22:00:00,0.0015024358362963806
2018-08-25 22:30:00,0.0014733588632962224
2018-08-25 23:00:00,0.0014358814650611402
2018-08-25 23:30:00,0.0013920629333957326
2018-08-26 00:00:00,0.0013437506447968642
2018-08-26 00:30:00,0.0012898459688474085
2018-08-26 01:00:00,0.001302608904375052
2018-08-26 01:30:00,0.0012809380032493274
2018-08-26 02:00:00,0.0012598828409369318
2018-08-26 02:30:00,0.0012485232040955014
2018-08-26 03:00:00,0.0012315622967467013
2018-08-26 03:30:00,0.001239018786538005
2018-08-26 04:00:00,0.001250689173809921
2018-08-26 04:30:00,0.001248432531873575
2018-08-26 05:00:00,0.0012639273182111733
2018-08-26 05:30:00,0.001096355848820674
2018-08-26 06:00:00,0.0012222276195093338
2018-08-26 06:30:00,0.0012307199173927762
2018-08-26 07:00:00,0.0012362052266913452
2018-08-26 07:30:00,0.00146947948469262
2018-08-26 08:00:00,0.001414450329140086
2018-08-26 08:30:00,0.0013721681834557397
2018-08-26 09:00:00,0.0014728947783757007
2018-08-26 09:30:00,0.001461667908715361
2018-08-26 10:00:00,0.0016475152327436917
2018-08-26 10:30:00,0.0018084098494002632
2018-08-26 11:00:00,0.0019225673772321743
2018-08-26 11:30:00,0.002133059699282479
2018-08-26 12:00:00,0.002224255867402114
2018-08-26 12:30:00,0.002342259321949926
2018-08-26 13:00:00,0.002458941586990428
2018-08-26 13:30:00,0.0025285493633054384
2018-08-26 14:00:00,0.002592672070407199
2018-08-26 14:30:00,0.0025913766500573997
2018-08-26 15:00:00,0.002629382716163661
2018-08-26 15:30:00,0.0025376895714348787
2018-08-26 16:00:00,0.002467700859747963
2018-08-26 16:30:00,0.0024029031927876613
2018-08-26 17:00:00,0.0018604433804063293
2018-08-26 17:30:00,0.001451984307481878
2018-08-26 18:00:00,0.001239480230520024
2018-08-26 18:30:00,0.0011003227785370629
2018-08-26 19:00:00,0.0012607199384138516
2018-08-26 19:30:00,0.0013366802922260327
2018-08-26 20:00:00,0.001356800242194711
2018-08-26 20:30:00,0.0013639679093479453
2018-08-26 21:00:00,0.0013740832640124021
2018-08-26 21:30:00,0.001338762152050563
2018-08-26 22:00:00,0.0013547765630456796
2018-08-26 22:30:00,0.0013434843901787275
2018-08-26 23:00:00,0.001325518485686987
2018-08-26 23:30:00,0.0013095943467715996
2018-08-27 00:00:00,0.001424140092563409
2018-08-27 00:30:00,0.0015322957275199333
2018-08-27 01:00:00,0.001558980010236636
2018-08-27 01:30:00,0.0015845599004885688
2018-08-27 02:00:00,0.0015889469795122076
2018-08-27 02:30:00,0.0016141375314060894
2018-08-27 03:00:00,0.0016515176950872084
2018-08-27 03:30:00,0.0017286972821748074
2018-08-27 04:00:00,0.001824139999378361
2018-08-27 04:30:00,0.001965877968392228
2018-08-27 05:00:00,0.0021763682097031057
2018-08-27 05:30:00,0.0022774875041755758
2018-08-27 06:00:00,0.0028625390122451475
2018-08-27 06:30:00,0.003311553777329128
2018-08-27 07:00:00,0.003675953513013788
2018-08-27 07:30:00,0.004082391307642393
2018-08-27 08:00:00,0.004519071689492124
2018-08-27 08:30:00,0.004956161336781336
2018-08-27 09:00:00,0.005395869194496448
2018-08-27 09:30:00,0.005780362070622561
2018-08-27 10:00:00,0.006143850442438467
2018-08-27 10:30:00,0.00638971293388401
2018-08-27 11:00:00,0.006610017462870035
2018-08-27 11:30:00,0.006832742852150212
2018-08-27 12:00:00,0.006925127282539187
2018-08-27 12:30:00,0.006954942357836634
2018-08-27 13:00:00,0.006916769032291867
2018-08-27 13:30:00,0.006828002207480968
2018-08-27 14:00:00,0.006677409811895029
2018-08-27 14:30:00,0.006403435970600047
2018-08-27 15:00:00,0.005993066218683105
2018-08-27 15:30:00,0.005560092113922389
2018-08-27 16:00:00,0.005153268982357706
2018-08-27 16:30:00,0.004690411778125991
2018-08-27 17:00:00,0.003689607325129679
2018-08-27 17:30:00,0.002826074213854756
2018-08-27 18:00:00,0.0023503612411056047
2018-08-27 18:30:00,0.002027183994538188
2018-08-27 19:00:00,0.002104869921562352
2018-08-27 19:30:00,0.0020635541192846794
2018-08-27 20:00:00,0.0020091545474655035
2018-08-27 20:30:00,0.001894059086322933
2018-08-27 21:00:00,0.0018332630814217538
2018-08-27 21:30:00,0.0017666341236809214
2018-08-27 22:00:00,0.0017176964928559877
2018-08-27 22:30:00,0.0016434588312319682
2018-08-27 23:00:00,0.0016214361250863072
2018-08-27 23:30:00,0.001602790138915899
2018-08-28 00:00:00,0.0015916288125474901
2018-08-28 00:30:00,0.001593867608141833
2018-08-28 01:00:00,0.001591381524669509
2018-08-28 01:30:00,0.0015868478335447503
2018-08-28 02:00:00,0.0015952646646097668
2018-08-28 02:30:00,0.0016141288883346262
2018-08-28 03:00:00,0.001654030267972999
2018-08-28 03:30:00,0.001722301249235001
2018-08-28 04:00:00,0.0018254622292553846
2018-08-28 04:30:00,0.0019516789225181865
2018-08-28 05:00:00,0.0021820773585468885
2018-08-28 05:30:00,0.0022796740411989407
2018-08-28 06:00:00,0.002878909229682175
2018-08-28 06:30:00,0.003356446290652305
2018-08-28 07:00:00,0.0037607354017094165
2018-08-28 07:30:00,0.004164860134351844
2018-08-28 08:00:00,0.004600095042527759
2018-08-28 08:30:00,0.005037634369618386
2018-08-28 09:00:00,0.005468907549926478
2018-08-28 09:30:00,0.0058976614349598635
2018-08-28 10:00:00,0.0063113217162227425
2018-08-28 10:30:00,0.006577424760495254
2018-08-28 11:00:00,0.006812541993429223
2018-08-28 11:30:00,0.007050816268272084
2018-08-28 12:00:00,0.007138660205118946
2018-08-28 12:30:00,0.007158246525453197
2018-08-28 13:00:00,0.00710618722528962
2018-08-28 13:30:00,0.00695889896388433
2018-08-28 14:00:00,0.006785498463047712
2018-08-28 14:30:00,0.0065538147702810245
2018-08-28 15:00:00,0.0061646082190697695
2018-08-28 15:30:00,0.005700661587691466
2018-08-28 16:00:00,0.005265506787983466
2018-08-28 16:30:00,0.0047904525293196425
2018-08-28 17:00:00,0.0037506082028359172
2018-08-28 17:30:00,0.002846983484321987
2018-08-28 18:00:00,0.0023804584166522034
2018-08-28 18:30:00,0.0020636538347202664
2018-08-28 19:00:00,0.0021286939878521803
2018-08-28 19:30:00,0.002061222730785863
2018-08-28 20:00:00,0.0019931052440707755
2018-08-28 20:30:00,0.0018834951722552134
2018-08-28 21:00:00,0.0018344154109217697
2018-08-28 21:30:00,0.0017722140265949509
2018-08-28 22:00:00,0.0017198907126095423
2018-08-28 22:30:00,0.0016603806046738643
2018-08-28 23:00:00,0.0016174624729810019
2018-08-28 23:30:00,0.001609013310426437
2018-08-29 00:00:00,0.0016055014224169088
2018-08-29 00:30:00,0.0015982285978942026
2018-08-29 01:00:00,0.0015951871970803539
2018-08-29 01:30:00,0.0015953939905679602
2018-08-29 02:00:00,0.0016092461131568727
2018-08-29 02:30:00,0.001624196065878518
2018-08-29 03:00:00,0.001690672729499027
2018-08-29 03:30:00,0.0018188646847049775
2018-08-29 04:00:00,0.0020120206859968997
2018-08-29 04:30:00,0.002302876846713116
2018-08-29 05:00:00,0.0026422532099139593
2018-08-29 05:30:00,0.002834420940006792
2018-08-29 06:00:00,0.0034221580424483016
2018-08-29 06:30:00,0.0038282098599133133
2018-08-29 07:00:00,0.004217044118824124
2018-08-29 07:30:00,0.004583699215990099
2018-08-29 08:00:00,0.00496233465057408
2018-08-29 08:30:00,0.005345917043144275
2018-08-29 09:00:00,0.00576614909980005
2018-08-29 09:30:00,0.006134098576946111
2018-08-29 10:00:00,0.006457866113283103
2018-08-29 10:30:00,0.006717571684103896
2018-08-29 11:00:00,0.006926878704937122
2018-08-29 11:30:00,0.007059112176365052
2018-08-29 12:00:00,0.007119852721557674
2018-08-29 12:30:00,0.007110139829915343
2018-08-29 13:00:00,0.007027486297567581
2018-08-29 13:30:00,0.006841744130908722
2018-08-29 14:00:00,0.006622020768450171
2018-08-29 14:30:00,0.0063728430988993345
2018-08-29 15:00:00,0.006046461673672174
2018-08-29 15:30:00,0.0056452825478015434
2018-08-29 16:00:00,0.005214625826562735
2018-08-29 16:30:00,0.004686983919977913
2018-08-29 17:00:00,0.003695943416768318
2018-08-29 17:30:00,0.002759956797899055
2018-08-29 18:00:00,0.0023141686994663105
2018-08-29 18:30:00,0.002042859725177442
2018-08-29 19:00:00,0.00210102719598403
2018-08-29 19:30:00,0.002061845272016547
2018-08-29 20:00:00,0.0020023823008317202
2018-08-29 20:30:00,0.0019036178431908338
2018-08-29 21:00:00,0.0018006055560109966
2018-08-29 21:30:00,0.0017329367087276126
2018-08-29 22:00:00,0.0016954061716087181
2018-08-29 22:30:00,0.0016451791225669458
2018-08-29 23:00:00,0.0016060558594455988
2018-08-29 23:30:00,0.0016020122624841916
2018-08-30 00:00:00,0.0015856919827933976
2018-08-30 00:30:00,0.0015790446605536365
2018-08-30 01:00:00,0.0015762716751257905
2018-08-30 01:30:00,0.0015815472298844925
2018-08-30 02:00:00,0.001587641235493716
2018-08-30 02:30:00,0.0016129735177539102
2018-08-30 03:00:00,0.0016660462180465728
2018-08-30 03:30:00,0.0017898708612534347
2018-08-30 04:00:00,0.0019982233028605885
2018-08-30 04:30:00,0.0022600905218600705
2018-08-30 05:00:00,0.0025985245501860834
2018-08-30 05:30:00,0.0027781273351105366
2018-08-30 06:00:00,0.0033645099562139135
2018-08-30 06:30:00,0.0037773793164094516
2018-08-30 07:00:00,0.004108136376593404
2018-08-30 07:30:00,0.004436751635651659
2018-08-30 08:00:00,0.004785748377618799
2018-08-30 08:30:00,0.005158315015551992
2018-08-30 09:00:00,0.005547244988476417
2018-08-30 09:30:00,0.005918348706535986
2018-08-30 10:00:00,0.006254828040227797
2018-08-30 10:30:00,0.006513880098811829
2018-08-30 11:00:00,0.006717117922852067
2018-08-30 11:30:00,0.006852745880568816
2018-08-30 12:00:00,0.006916443636656958
2018-08-30 12:30:00,0.0068873621820641885
2018-08-30 13:00:00,0.006792445811907069
2018-08-30 13:30:00,0.0066013250938879026
2018-08-30 14:00:00,0.006364366326533149
2018-08-30 14:30:00,0.006112028814078038
2018-08-30 15:00:00,0.0057967679807435935
2018-08-30 15:30:00,0.005400884576798412
2018-08-30 16:00:00,0.00497029884078542
2018-08-30 16:30:00,0.004474636058529916
2018-08-30 17:00:00,0.0035657473893810077
2018-08-30 17:30:00,0.0027241859261073606
2018-08-30 18:00:00,0.0022838073500410006
2018-08-30 18:30:00,0.0020596837038662982
2018-08-30 19:00:00,0.002100374724116981
2018-08-30 19:30:00,0.0020426009132041762
2018-08-30 20:00:00,0.001993443044113804
2018-08-30 20:30:00,0.0018847879516665097
2018-08-30 21:00:00,0.0017990791735848697
2018-08-30 21:30:00,0.001735209676465612
2018-08-30 22:00:00,0.001697396799012246
2018-08-30 22:30:00,0.001650043571232059
2018-08-30 23:00:00,0.0016149346946917106
2018-08-30 23:30:00,0.0015983033444566732
2018-08-31 00:00:00,0.0015866045470887432
2018-08-31 00:30:00,0.0015850557566995625
2018-08-31 01:00:00,0.001578858194289657
2018-08-31 01:30:00,0.0015812459228098652
2018-08-31 02:00:00,0.0015794191936503842
2018-08-31 02:30:00,0.0016122214905081537
2018-08-31 03:00:00,0.0016806506079665605
2018-08-31 03:30:00,0.0017900508452138165
2018-08-31 04:00:00,0.0019922312534832575
2018-08-31 04:30:00,0.002281455794375436
2018-08-31 05:00:00,0.002599175341455903
2018-08-31 05:30:00,0.002790097508916729
2018-08-31 06:00:00,0.0033522106254361547
2018-08-31 06:30:00,0.0037211525352601584
2018-08-31 07:00:00,0.004070860409940483
2018-08-31 07:30:00,0.004404562596725595
2018-08-31 08:00:00,0.004772901492258145
2018-08-31 08:30:00,0.005146851501796121
2018-08-31 09:00:00,0.005520027076125287
2018-08-31 09:30:00,0.00588102928444043
2018-08-31 10:00:00,0.006195520004101796
2018-08-31 10:30:00,0.006430860756467221
2018-08-31 11:00:00,0.006621673044880648
2018-08-31 11:30:00,0.006757612393255397
2018-08-31 12:00:00,0.006823151203593687
2018-08-31 12:30:00,0.006807227624877375
2018-08-31 13:00:00,0.006723127338400765
2018-08-31 13:30:00,0.006530049284808893
2018-08-31 14:00:00,0.006296509972616073
2018-08-31 14:30:00,0.0060446969665532875
2018-08-31 15:00:00,0.005726580238327701
2018-08-31 15:30:00,0.005355442028010716
2018-08-31 16:00:00,0.0049494014945556716
2018-08-31 16:30:00,0.004457282931799244
2018-08-31 17:00:00,0.0035397409475466674
2018-08-31 17:30:00,0.0026945989318624213
2018-08-31 18:00:00,0.0022661321088414373
2018-08-31 18:30:00,0.0020558363366384863
2018-08-31 19:00:00,0.0020875808976117006
2018-08-31 19:30:00,0.0020244973597965373
2018-08-31 20:00:00,0.0019781639344205936
2018-08-31 20:30:00,0.0018757301728297292
2018-08-31 21:00:00,0.0017908853017522333
2018-08-31 21:30:00,0.0017164797404621932
2018-08-31 22:00:00,0.0016811729535910207
2018-08-31 22:30:00,0.0016428269266738653
2018-08-31 23:00:00,0.0016041102880534962
2018-08-31 23:30:00,0.0015924054085241657
2018-09-01 00:00:00,0.0015028050074876837
2018-09-01 00:30:00,0.0013890901969829542
2018-09-01 01:00:00,0.0013556653588945007
2018-09-01 01:30:00,0.001315727486287727
2018-09-01 02:00:00,0.0013046064142243745
2018-09-01 02:30:00,0.0013029681520398601
2018-09-01 03:00:00,0.0012838808890541808
2018-09-01 03:30:00,0.0012694100665996788
2018-09-01 04:00:00,0.0012558650931614754
2018-09-01 04:30:00,0.0012390171859692155
2018-09-01 05:00:00,0.0014668205397910276
2018-09-01 05:30:00,0.0016354243760507683
2018-09-01 06:00:00,0.0015535268723707368
2018-09-01 06:30:00,0.001380359574406752
2018-09-01 07:00:00,0.0013719032893210739
2018-09-01 07:30:00,0.0012634485880862276
2018-09-01 08:00:00,0.0012649516022080276
2018-09-01 08:30:00,0.0013374594491127715
2018-09-01 09:00:00,0.001436616366220849
2018-09-01 09:30:00,0.001552791811154149
2018-09-01 10:00:00,0.0016955073275562163
2018-09-01 10:30:00,0.0018439854517996361
2018-09-01 11:00:00,0.0019482212137621833
2018-09-01 11:30:00,0.0021114852324263227
2018-09-01 12:00:00,0.0022122221510149764
2018-09-01 12:30:00,0.0022932544672358323
2018-09-01 13:00:00,0.0024208381262733245
2018-09-01 13:30:00,0.002448960359990534
2018-09-01 14:00:00,0.002463744413757145
2018-09-01 14:30:00,0.0025049942726006894
2018-09-01 15:00:00,0.0025053107050503776
2018-09-01 15:30:00,0.0024744616623149007
2018-09-01 16:00:00,0.002470274014162437
2018-09-01 16:30:00,0.002408708855929453
2018-09-01 17:00:00,0.0022705451170794665
2018-09-01 17:30:00,0.002207980883808063
2018-09-01 18:00:00,0.002079988679587045
2018-09-01 18:30:00,0.002063623023771068
2018-09-01 19:00:00,0.0021018760576415525
2018-09-01 19:30:00,0.0020772923614042174
2018-09-01 20:00:00,0.0018719533906855351
2018-09-01 20:30:00,0.001704926114683473
2018-09-01 21:00:00,0.0016021433490680534
2018-09-01 21:30:00,0.0015125182992722125
2018-09-01 22:00:00,0.0015061214660480114
2018-09-01 22:30:00,0.001456484466690496
2018-09-01 23:00:00,0.0014168078869386115
2018-09-01 23:30:00,0.0013909447760393728
2018-09-02 00:00:00,0.0013213990217649562
2018-09-02 00:30:00,0.0012562382657747523
2018-09-02 01:00:00,0.0012608982417770041
2018-09-02 01:30:00,0.0012295030049421032
2018-09-02 02:00:00,0.0012113539953808416
2018-09-02 02:30:00,0.001210111793943294
2018-09-02 03:00:00,0.001201891752810949
2018-09-02 03:30:00,0.0012020636538989438
2018-09-02 04:00:00,0.0011980516681711294
2018-09-02 04:30:00,0.0012059925701065819
2018-09-02 05:00:00,0.001610791702408474
2018-09-02 05:30:00,0.001646352019375907
2018-09-02 06:00:00,0.0015744080528557114
2018-09-02 06:30:00,0.001281771899588668
2018-09-02 07:00:00,0.0012076185879398565
2018-09-02 07:30:00,0.0013768015900160857
2018-09-02 08:00:00,0.0013113668966775551
2018-09-02 08:30:00,0.0012634866015949786
2018-09-02 09:00:00,0.0013750087128865033
2018-09-02 09:30:00,0.0013302790574376605
2018-09-02 10:00:00,0.0014880147915312327
2018-09-02 10:30:00,0.0016608385274045467
2018-09-02 11:00:00,0.001691713899496611
2018-09-02 11:30:00,0.0018571901443131876
2018-09-02 12:00:00,0.001995272334183348
2018-09-02 12:30:00,0.002009815982517773
2018-09-02 13:00:00,0.0021498916808152828
2018-09-02 13:30:00,0.00221578669773768
2018-09-02 14:00:00,0.002204645138393822
2018-09-02 14:30:00,0.002247437465379828
2018-09-02 15:00:00,0.0022769768427032787
2018-09-02 15:30:00,0.0022004398039562334
2018-09-02 16:00:00,0.0021592329203846874
2018-09-02 16:30:00,0.00215712000952564
2018-09-02 17:00:00,0.0020137003228846233
2018-09-02 17:30:00,0.0019109795793097978
2018-09-02 18:00:00,0.0018304310350055748
2018-09-02 18:30:00,0.001802017817882431
2018-09-02 19:00:00,0.0018341047405197235
2018-09-02 19:30:00,0.0018633095989661647
2018-09-02 20:00:00,0.0016081189926152918
2018-09-02 20:30:00,0.0015109482213181316
2018-09-02 21:00:00,0.0013933328246733385
2018-09-02 21:30:00,0.0013122467293411547
2018-09-02 22:00:00,0.0013179303491127451
2018-09-02 22:30:00,0.0012963249112505123
2018-09-02 23:00:00,0.0012714427089339313
2018-09-02 23:30:00,0.0012580533908105088
2018-09-03 00:00:00,0.0013811871484993741
2018-09-03 00:30:00,0.0014976659012182884
2018-09-03 01:00:00,0.001536364773525094
2018-09-03 01:30:00,0.0015672931244440913
2018-09-03 02:00:00,0.0015708698354895954
2018-09-03 02:30:00,0.0015990523306217298
2018-09-03 03:00:00,0.0016617793417390272
2018-09-03 03:30:00,0.0017759855268621395
2018-09-03 04:00:00,0.0019625024488435666
2018-09-03 04:30:00,0.002217794211141937
2018-09-03 05:00:00,0.0028142804227291682
2018-09-03 05:30:00,0.003345630046914917
2018-09-03 06:00:00,0.003584092948789623
2018-09-03 06:30:00,0.003770913098528225
2018-09-03 07:00:00,0.004048917332092101
2018-09-03 07:30:00,0.004370195903932947
2018-09-03 08:00:00,0.004745219494986495
2018-09-03 08:30:00,0.005138885310873795
2018-09-03 09:00:00,0.0055364422695453
2018-09-03 09:30:00,0.005880998553519671
2018-09-03 10:00:00,0.006202875337945602
2018-09-03 10:30:00,0.0064659891599468024
2018-09-03 11:00:00,0.006675939769490293
2018-09-03 11:30:00,0.006790500000429648
2018-09-03 12:00:00,0.006831987783823755
2018-09-03 12:30:00,0.006814195781130996
2018-09-03 13:00:00,0.0067290312764662335
2018-09-03 13:30:00,0.006522803429870289
2018-09-03 14:00:00,0.0062722165395287174
2018-09-03 14:30:00,0.006005425890904229
2018-09-03 15:00:00,0.005691926403494213
2018-09-03 15:30:00,0.0052984238456234446
2018-09-03 16:00:00,0.004862021402544013
2018-09-03 16:30:00,0.004354734409426171
2018-09-03 17:00:00,0.003965302097987155
2018-09-03 17:30:00,0.0035537435236017954
2018-09-03 18:00:00,0.003167999242767594
2018-09-03 18:30:00,0.0030161952966364274
2018-09-03 19:00:00,0.0028591736563083007
2018-09-03 19:30:00,0.0026835679718219194
2018-09-03 20:00:00,0.0023481739838262837
2018-09-03 20:30:00,0.0019935229925248407
2018-09-03 21:00:00,0.0018205528046072856
2018-09-03 21:30:00,0.0016923486050500957
2018-09-03 22:00:00,0.0016683232672349852
2018-09-03 22:30:00,0.0016122715883112658
2018-09-03 23:00:00,0.0015890502962275714
2018-09-03 23:30:00,0.001583507206395701
2018-09-04 00:00:00,0.0015729783447844714
2018-09-04 00:30:00,0.0015708423057064157
2018-09-04 01:00:00,0.0015719465381143064
2018-09-04 01:30:00,0.0015660555646560337
2018-09-04 02:00:00,0.0015744001300402033
2018-09-04 02:30:00,0.00160240504206514
2018-09-04 03:00:00,0.0016681941813621102
2018-09-04 03:30:00,0.001778515545947736
2018-09-04 04:00:00,0.001970903594334446
2018-09-04 04:30:00,0.002228721374296439
2018-09-04 05:00:00,0.002819310210150239
2018-09-04 05:30:00,0.0033600768608375766
2018-09-04 06:00:00,0.0035877955445704226
2018-09-04 06:30:00,0.0037991851454841326
2018-09-04 07:00:00,0.0041267956474847645
2018-09-04 07:30:00,0.00449116705310185
2018-09-04 08:00:00,0.004885084158289105
2018-09-04 08:30:00,0.005289037149900417
2018-09-04 09:00:00,0.005684183812031783
2018-09-04 09:30:00,0.006019689599757367
2018-09-04 10:00:00,0.006329103875417447
2018-09-04 10:30:00,0.0066037252268162285
2018-09-04 11:00:00,0.006830053576470058
2018-09-04 11:30:00,0.006962717440845492
2018-09-04 12:00:00,0.007020939090905605
2018-09-04 12:30:00,0.006995516776651001
2018-09-04 13:00:00,0.006893757254662722
2018-09-04 13:30:00,0.006655576052894971
2018-09-04 14:00:00,0.006385530807693869
2018-09-04 14:30:00,0.006094562527133947
2018-09-04 15:00:00,0.005760242120653883
2018-09-04 15:30:00,0.005380627137970714
2018-09-04 16:00:00,0.0049698597247380145
2018-09-04 16:30:00,0.004483834527363295
2018-09-04 17:00:00,0.00409025194105305
2018-09-04 17:30:00,0.003643377296497539
2018-09-04 18:00:00,0.0032283923044760117
2018-09-04 18:30:00,0.003072987078568422
2018-09-04 19:00:00,0.002915361383579129
2018-09-04 19:30:00,0.002737002320632574
2018-09-04 20:00:00,0.0024081244882643987
2018-09-04 20:30:00,0.0020308371327433915
2018-09-04 21:00:00,0.0018522271006106397
2018-09-04 21:30:00,0.001701563399685128
2018-09-04 22:00:00,0.0016695897973181334
2018-09-04 22:30:00,0.0016184559460286575
2018-09-04 23:00:00,0.0015950872415594485
2018-09-04 23:30:00,0.0015856881414283027
2018-09-05 00:00:00,0.0015746396551595552
2018-09-05 00:30:00,0.001567132507366063
2018-09-05 01:00:00,0.001570801811316041
2018-09-05 01:30:00,0.0015665168485811736
2018-09-05 02:00:00,0.0015744764771714634
2018-09-05 02:30:00,0.001599357319004573
2018-09-05 03:00:00,0.0016670268065154727
2018-09-05 03:30:00,0.001775512558784836
2018-09-05 04:00:00,0.0019655905862660692
2018-09-05 04:30:00,0.002219884553981052
2018-09-05 05:00:00,0.0028756623958641914
2018-09-05 05:30:00,0.003379214061569489
2018-09-05 06:00:00,0.003575726935783673
2018-09-05 06:30:00,0.0037738024453070687
2018-09-05 07:00:00,0.004045972125462502
2018-09-05 07:30:00,0.004337469954206438
2018-09-05 08:00:00,0.004672880268003726
2018-09-05 08:30:00,0.005063118785942025
2018-09-05 09:00:00,0.00544224999670856
2018-09-05 09:30:00,0.005800029619822881
2018-09-05 10:00:00,0.006115527737480371
2018-09-05 10:30:00,0.006356447912589189
2018-09-05 11:00:00,0.006556611764240713
2018-09-05 11:30:00,0.006691241687288755
2018-09-05 12:00:00,0.006745780108450422
2018-09-05 12:30:00,0.006718990428278929
2018-09-05 13:00:00,0.00663437187762827
2018-09-05 13:30:00,0.006449215759231696
2018-09-05 14:00:00,0.006207394543922815
2018-09-05 14:30:00,0.005929948508724286
2018-09-05 15:00:00,0.005606132075010773
2018-09-05 15:30:00,0.0052249155631968105
2018-09-05 16:00:00,0.00481909414760905
2018-09-05 16:30:00,0.004342447322999652
2018-09-05 17:00:00,0.00397473945171237
2018-09-05 17:30:00,0.003571979444048328
2018-09-05 18:00:00,0.0031925606110703155
2018-09-05 18:30:00,0.0030571362457035944
2018-09-05 19:00:00,0.0029027345764270347
2018-09-05 19:30:00,0.0027178363096624506
2018-09-05 20:00:00,0.0023985056300384515
2018-09-05 20:30:00,0.0020500578831661167
2018-09-05 21:00:00,0.001857243363225439
2018-09-05 21:30:00,0.0017046369719316457
2018-09-05 22:00:00,0.0016770549301809005
2018-09-05 22:30:00,0.0016327394219063465
2018-09-05 23:00:00,0.001604461612902796
2018-09-05 23:30:00,0.0015916834719716523
2018-09-06 00:00:00,0.0015902682490479575
2018-09-06 00:30:00,0.0015855099981220287
2018-09-06 01:00:00,0.001580040294369158
2018-09-06 01:30:00,0.0015811067533536161
2018-09-06 02:00:00,0.0015934388157631202
2018-09-06 02:30:00,0.0016169820622588269
2018-09-06 03:00:00,0.0016757738349217678
2018-09-06 03:30:00,0.0017937431973543633
2018-09-06 04:00:00,0.0019824012802339723
2018-09-06 04:30:00,0.0022316989924440252
2018-09-06 05:00:00,0.002931620281456845
2018-09-06 05:30:00,0.00347720640482631
2018-09-06 06:00:00,0.003678669678249606
2018-09-06 06:30:00,0.0038572955560133744
2018-09-06 07:00:00,0.004111778871016158
2018-09-06 07:30:00,0.0043986621799114636
2018-09-06 08:00:00,0.004726597837461688
2018-09-06 08:30:00,0.005110077393487155
2018-09-06 09:00:00,0.005495524208611824
2018-09-06 09:30:00,0.005851898372272065
2018-09-06 10:00:00,0.006175634537460783
2018-09-06 10:30:00,0.006435265121633787
2018-09-06 11:00:00,0.00664219121636416
2018-09-06 11:30:00,0.006765453579755262
2018-09-06 12:00:00,0.006816994135574155
2018-09-06 12:30:00,0.006797196700216566
2018-09-06 13:00:00,0.006714629278469679
2018-09-06 13:30:00,0.006553081469690105
2018-09-06 14:00:00,0.006342444456221228
2018-09-06 14:30:00,0.0060944577699066724
2018-09-06 15:00:00,0.005794171538053233
2018-09-06 15:30:00,0.0054398649091268545
2018-09-06 16:00:00,0.0050273171032011316
2018-09-06 16:30:00,0.004514850669480397
2018-09-06 17:00:00,0.004108889124095116
2018-09-06 17:30:00,0.003659239173287014
2018-09-06 18:00:00,0.00325267453358184
2018-09-06 18:30:00,0.003112403565892009
2018-09-06 19:00:00,0.0029353211166119764
2018-09-06 19:30:00,0.0027500231878206487
2018-09-06 20:00:00,0.0024097544274912074
2018-09-06 20:30:00,0.0020463352002470085
2018-09-06 21:00:00,0.0018544544521381374
2018-09-06 21:30:00,0.0017112211517326605
2018-09-06 22:00:00,0.0016777505373768266
2018-09-06 22:30:00,0.0016346004832663624
2018-09-06 23:00:00,0.0016093800007361166
2018-09-06 23:30:00,0.0015965447194991864
2018-09-07 00:00:00,0.001588052421615744
2018-09-07 00:30:00,0.0015792580163732795
2018-09-07 01:00:00,0.0015846011951633388
2018-09-07 01:30:00,0.001581274973133395
2018-09-07 02:00:00,0.001591858254083468
2018-09-07 02:30:00,0.0016190847294776211
2018-09-07 03:00:00,0.001675540231906937
2018-09-07 03:30:00,0.0017949448243730964
2018-09-07 04:00:00,0.0019887496962522904
2018-09-07 04:30:00,0.0022402339454857083
2018-09-07 05:00:00,0.002837118938786848
2018-09-07 05:30:00,0.003382901211861469
2018-09-07 06:00:00,0.0035630273827800957
2018-09-07 06:30:00,0.003765325913026203
2018-09-07 07:00:00,0.00407279469732262
2018-09-07 07:30:00,0.004376146018407993
2018-09-07 08:00:00,0.0047492201166759035
2018-09-07 08:30:00,0.005165650422314368
2018-09-07 09:00:00,0.005608050116619696
2018-09-07 09:30:00,0.006003625811215093
2018-09-07 10:00:00,0.006350942836266071
2018-09-07 10:30:00,0.006615620173889315
2018-09-07 11:00:00,0.006836381505207871
2018-09-07 11:30:00,0.006982171554197728
2018-09-07 12:00:00,0.007040076771808153
2018-09-07 12:30:00,0.006996053847508324
2018-09-07 13:00:00,0.006890596611474053
2018-09-07 13:30:00,0.006694417695937802
2018-09-07 14:00:00,0.006454992372049957
2018-09-07 14:30:00,0.006204267912820926
2018-09-07 15:00:00,0.005885533044928825
2018-09-07 15:30:00,0.0055147672069407235
2018-09-07 16:00:00,0.005086749983692716
2018-09-07 16:30:00,0.004567797405009325
2018-09-07 17:00:00,0.004160332285303167
2018-09-07 17:30:00,0.0036912612728883312
2018-09-07 18:00:00,0.0032707908115113564
2018-09-07 18:30:00,0.0030972956370308386
2018-09-07 19:00:00,0.0028978866136204536
2018-09-07 19:30:00,0.002705068492399999
2018-09-07 20:00:00,0.002383539351515153
2018-09-07 20:30:00,0.0020150316760037474
2018-09-07 21:00:00,0.0018322989788113852
2018-09-07 21:30:00,0.0017077504783694626
2018-09-07 22:00:00,0.0016771490436257245
2018-09-07 22:30:00,0.001631004565395384
2018-09-07 23:00:00,0.0016024881115853163
2018-09-07 23:30:00,0.0015946438039763115
2018-09-08 00:00:00,0.0014928934852585726
2018-09-08 00:30:00,0.0013915910857165814
2018-09-08 01:00:00,0.0013497816680242203
2018-09-08 01:30:00,0.0013165645837646465
2018-09-08 02:00:00,0.0013080214678221369
2018-09-08 02:30:00,0.0012997755775038412
2018-09-08 03:00:00,0.0012879801057810243
2018-09-08 03:30:00,0.0012733294594230193
2018-09-08 04:00:00,0.00125225957187776
2018-09-08 04:30:00,0.0012385101257766952
2018-09-08 05:00:00,0.001523953723045827
2018-09-08 05:30:00,0.00179758984432622
2018-09-08 06:00:00,0.0016488348216822126
2018-09-08 06:30:00,0.0014444737184654882
2018-09-08 07:00:00,0.0014352611646267612
2018-09-08 07:30:00,0.0012893136996964534
2018-09-08 08:00:00,0.001303707134649982
2018-09-08 08:30:00,0.001365248284351123
2018-09-08 09:00:00,0.0013619534334694539
2018-09-08 09:30:00,0.001419848407439626
2018-09-08 10:00:00,0.001567013104934365
2018-09-08 10:30:00,0.0016389410657666652
2018-09-08 11:00:00,0.001665612383876173
2018-09-08 11:30:00,0.0018170399562564836
2018-09-08 12:00:00,0.0018851479996157127
2018-09-08 12:30:00,0.0019166203838662682
2018-09-08 13:00:00,0.002047476405793937
2018-09-08 13:30:00,0.002049148680065229
2018-09-08 14:00:00,0.0020561714957430125
2018-09-08 14:30:00,0.002133184143505864
2018-09-08 15:00:00,0.0020821153553376823
2018-09-08 15:30:00,0.002054928814134828
2018-09-08 16:00:00,0.002067299450252159
2018-09-08 16:30:00,0.0019677643987675575
2018-09-08 17:00:00,0.0018789750059367261
2018-09-08 17:30:00,0.0018381338523335857
2018-09-08 18:00:00,0.0017872853024308419
2018-09-08 18:30:00,0.0018541665898413422
2018-09-08 19:00:00,0.0019344737683721054
2018-09-08 19:30:00,0.0019418445477047304
2018-09-08 20:00:00,0.001762848698465264
2018-09-08 20:30:00,0.0016568812811293338
2018-09-08 21:00:00,0.001568578861352714
2018-09-08 21:30:00,0.0014988618462178191
2018-09-08 22:00:00,0.0014847657169169436
2018-09-08 22:30:00,0.0014502765005834585
2018-09-08 23:00:00,0.00140791984842196
2018-09-08 23:30:00,0.0013813460049517342
2018-09-09 00:00:00,0.001316167242562648
2018-09-09 00:30:00,0.0012490669173133018
2018-09-09 01:00:00,0.001244301223742502
2018-09-09 01:30:00,0.0012207518150569557
2018-09-09 02:00:00,0.0012061320596765887
2018-09-09 02:30:00,0.0011979124186864412
2018-09-09 03:00:00,0.0011928162876890447
2018-09-09 03:30:00,0.001189265345801052
2018-09-09 04:00:00,0.0011952862054165944
2018-09-09 04:30:00,0.0011996639211128142
2018-09-09 05:00:00,0.0016392109216645787
2018-09-09 05:30:00,0.0017148574039371346
2018-09-09 06:00:00,0.0015855532134793461
2018-09-09 06:30:00,0.0013253186546736153
2018-09-09 07:00:00,0.0012290626884681058
2018-09-09 07:30:00,0.0014362236666683398
2018-09-09 08:00:00,0.0013433736308184926
2018-09-09 08:30:00,0.0013016496034710522
2018-09-09 09:00:00,0.0013937278450505924
2018-09-09 09:30:00,0.001311420195618246
2018-09-09 10:00:00,0.0013953044053082709
2018-09-09 10:30:00,0.001523367914868862
2018-09-09 11:00:00,0.0015012554968425482
2018-09-09 11:30:00,0.0016517230480629038
2018-09-09 12:00:00,0.0017519437832169368
2018-09-09 12:30:00,0.001740644807932629
2018-09-09 13:00:00,0.0018205647288447673
2018-09-09 13:30:00,0.0019121840873523518
2018-09-09 14:00:00,0.0019037915049044964
2018-09-09 14:30:00,0.0019339421394486656
2018-09-09 15:00:00,0.0020170647985086367
2018-09-09 15:30:00,0.0019301081369702464
2018-09-09 16:00:00,0.0019255459557210343
2018-09-09 16:30:00,0.0019647313209114146
2018-09-09 17:00:00,0.001752902043751223
2018-09-09 17:30:00,0.0016948805448182395
2018-09-09 18:00:00,0.0016752777386254553
2018-09-09 18:30:00,0.0016805214420652459
2018-09-09 19:00:00,0.0017625722802353137
2018-09-09 19:30:00,0.0017554050932527161
2018-09-09 20:00:00,0.0015473079423674908
2018-09-09 20:30:00,0.0014521734947127993
2018-09-09 21:00:00,0.0013605956709653029
2018-09-09 21:30:00,0.0012934767791179982
2018-09-09 22:00:00,0.0013046206592866013
2018-09-09 22:30:00,0.00128232761707239
2018-09-09 23:00:00,0.001261686281820525
2018-09-09 23:30:00,0.0012440296872473595
2018-09-10 00:00:00,0.001368273119278
2018-09-10 00:30:00,0.0014954833656168971
2018-09-10 01:00:00,0.0015186443962856664
2018-09-10 01:30:00,0.0015583569088068753
2018-09-10 02:00:00,0.0015577017960013244
2018-09-10 02:30:00,0.0015880767502613447
2018-09-10 03:00:00,0.0016512385558903157
2018-09-10 03:30:00,0.0017667754539050363
2018-09-10 04:00:00,0.0019337518318195918
2018-09-10 04:30:00,0.002183391505551526
2018-09-10 05:00:00,0.0027455322318825706
2018-09-10 05:30:00,0.0032658726637633546
2018-09-10 06:00:00,0.0034271999941921727
2018-09-10 06:30:00,0.003597921623045769
2018-09-10 07:00:00,0.0038053566986512087
2018-09-10 07:30:00,0.004040778199712066
2018-09-10 08:00:00,0.004311355874121002
2018-09-10 08:30:00,0.004658221698830214
2018-09-10 09:00:00,0.005029030672147194
2018-09-10 09:30:00,0.005387121045692
2018-09-10 10:00:00,0.005717668671449843
2018-09-10 10:30:00,0.005982458048888355
2018-09-10 11:00:00,0.006202535777276905
2018-09-10 11:30:00,0.006339253962424635
2018-09-10 12:00:00,0.006393771736248917
2018-09-10 12:30:00,0.006357039962984434
2018-09-10 13:00:00,0.006262468195287698
2018-09-10 13:30:00,0.006079809124259654
2018-09-10 14:00:00,0.00583795797831441
2018-09-10 14:30:00,0.005561898115716045
2018-09-10 15:00:00,0.005238876924605608
2018-09-10 15:30:00,0.004845440230140528
2018-09-10 16:00:00,0.004428818176361078
2018-09-10 16:30:00,0.003965460874411075
2018-09-10 17:00:00,0.0036068933713101128
2018-09-10 17:30:00,0.003192154226654656
2018-09-10 18:00:00,0.002866841021037623
2018-09-10 18:30:00,0.002724637286506006
2018-09-10 19:00:00,0.002579982681015434
2018-09-10 19:30:00,0.00241841782617825
2018-09-10 20:00:00,0.0021757551918567195
2018-09-10 20:30:00,0.0018795572928623537
2018-09-10 21:00:00,0.0017481868481257325
2018-09-10 21:30:00,0.0016543442195410636
2018-09-10 22:00:00,0.0016168557773813337
2018-09-10 22:30:00,0.0015817691487471596
2018-09-10 23:00:00,0.0015576536188807596
2018-09-10 23:30:00,0.0015511190567122203
2018-09-11 00:00:00,0.0015385593133924068
2018-09-11 00:30:00,0.0015371719403656494
2018-09-11 01:00:00,0.0015368989633585965
2018-09-11 01:30:00,0.0015388075616116614
2018-09-11 02:00:00,0.001547330030216786
2018-09-11 02:30:00,0.0015734629169854991
2018-09-11 03:00:00,0.0016290199401248172
2018-09-11 03:30:00,0.001748098016557914
2018-09-11 04:00:00,0.0019226426039652819
2018-09-11 04:30:00,0.002170644575711777
2018-09-11 05:00:00,0.002695438670277844
2018-09-11 05:30:00,0.003200581461416804
2018-09-11 06:00:00,0.0033337675913882587
2018-09-11 06:30:00,0.003465472394945011
2018-09-11 07:00:00,0.003671410938732248
2018-09-11 07:30:00,0.0038960541295360285
2018-09-11 08:00:00,0.004186048303930648
2018-09-11 08:30:00,0.004526901351896704
2018-09-11 09:00:00,0.004913934330691789
2018-09-11 09:30:00,0.00529776609187939
2018-09-11 10:00:00,0.0056450578279434935
2018-09-11 10:30:00,0.0059146628366990375
2018-09-11 11:00:00,0.006141608925877183
2018-09-11 11:30:00,0.006281139790558739
2018-09-11 12:00:00,0.006349581792595901
2018-09-11 12:30:00,0.006343369104810934
2018-09-11 13:00:00,0.006269575360940689
2018-09-11 13:30:00,0.006092917782645835
2018-09-11 14:00:00,0.005861017853035682
2018-09-11 14:30:00,0.005571035522850104
2018-09-11 15:00:00,0.005249598734784413
2018-09-11 15:30:00,0.004880461955710286
2018-09-11 16:00:00,0.0044753388682853956
2018-09-11 16:30:00,0.004017094583333518
2018-09-11 17:00:00,0.003662664470525029
2018-09-11 17:30:00,0.0032580333179175972
2018-09-11 18:00:00,0.0029480466788583846
2018-09-11 18:30:00,0.0027971997928349117
2018-09-11 19:00:00,0.002652281253550948
2018-09-11 19:30:00,0.002466184400848331
2018-09-11 20:00:00,0.002220761185507073
2018-09-11 20:30:00,0.001930250107421877
2018-09-11 21:00:00,0.001776241457811584
2018-09-11 21:30:00,0.0016563931876769694
2018-09-11 22:00:00,0.001621620030440223
2018-09-11 22:30:00,0.0015819682595045758
2018-09-11 23:00:00,0.0015637998030325218
2018-09-11 23:30:00,0.0015495683456404924
2018-09-12 00:00:00,0.0015441721079950607
2018-09-12 00:30:00,0.0015392982159740892
2018-09-12 01:00:00,0.0015413895991829175
2018-09-12 01:30:00,0.0015407179204903947
2018-09-12 02:00:00,0.0015529628319293095
2018-09-12 02:30:00,0.0015773538997128256
2018-09-12 03:00:00,0.0016330201616720284
2018-09-12 03:30:00,0.0017460171971030967
2018-09-12 04:00:00,0.0019309121827016623
2018-09-12 04:30:00,0.0021854390331755204
2018-09-12 05:00:00,0.002687851253959557
2018-09-12 05:30:00,0.003187225435124204
2018-09-12 06:00:00,0.0033097605000573485
2018-09-12 06:30:00,0.003456756017431035
2018-09-12 07:00:00,0.003656988133341431
2018-09-12 07:30:00,0.003939545104798661
2018-09-12 08:00:00,0.004268407571706457
2018-09-12 08:30:00,0.004617017936367807
2018-09-12 09:00:00,0.004973544954347448
2018-09-12 09:30:00,0.0053494559007379065
2018-09-12 10:00:00,0.005688624029939233
2018-09-12 10:30:00,0.005967110354822513
2018-09-12 11:00:00,0.006190682124878589
2018-09-12 11:30:00,0.006339434906726291
2018-09-12 12:00:00,0.00641191138248276
2018-09-12 12:30:00,0.006398015804451212
2018-09-12 13:00:00,0.006315784662207005
2018-09-12 13:30:00,0.0061352738746082575
2018-09-12 14:00:00,0.0059146202615692365
2018-09-12 14:30:00,0.005654614504071967
2018-09-12 15:00:00,0.005342273748437126
2018-09-12 15:30:00,0.004960986731567986
2018-09-12 16:00:00,0.004559774633980289
2018-09-12 16:30:00,0.0040928547860185705
2018-09-12 17:00:00,0.003730417667783621
2018-09-12 17:30:00,0.0033157914432562653
2018-09-12 18:00:00,0.0030002522710093236
2018-09-12 18:30:00,0.0028552029652552558
2018-09-12 19:00:00,0.002691750559644589
2018-09-12 19:30:00,0.002525426653597082
2018-09-12 20:00:00,0.002269850790338572
2018-09-12 20:30:00,0.001967808174323951
2018-09-12 21:00:00,0.0017881248807893853
2018-09-12 21:30:00,0.0016710364714185423
2018-09-12 22:00:00,0.00164185322065076
2018-09-12 22:30:00,0.00160233933871633
2018-09-12 23:00:00,0.001574106265610447
2018-09-12 23:30:00,0.0015641798580915934
2018-09-13 00:00:00,0.0015562801708024715
2018-09-13 00:30:00,0.0015588281962869498
2018-09-13 01:00:00,0.0015547001693218955
2018-09-13 01:30:00,0.0015581273072140184
2018-09-13 02:00:00,0.001568731475586795
2018-09-13 02:30:00,0.0015927897851189697
2018-09-13 03:00:00,0.0016522595587211515
2018-09-13 03:30:00,0.0017638083194830216
2018-09-13 04:00:00,0.0019517113340361742
2018-09-13 04:30:00,0.0022191293255977166
2018-09-13 05:00:00,0.002723581631360877
2018-09-13 05:30:00,0.0032437468009592083
2018-09-13 06:00:00,0.003392368816336807
2018-09-13 06:30:00,0.003547427839215223
2018-09-13 07:00:00,0.003793715121617504
2018-09-13 07:30:00,0.004109398425083942
2018-09-13 08:00:00,0.0044543827011526305
2018-09-13 08:30:00,0.004843520187820617
2018-09-13 09:00:00,0.0052510029938119
2018-09-13 09:30:00,0.005632066491249586
2018-09-13 10:00:00,0.005977547583870542
2018-09-13 10:30:00,0.006252957295426603
2018-09-13 11:00:00,0.006471874211300554
2018-09-13 11:30:00,0.006611471739672194
2018-09-13 12:00:00,0.006670979846896885
2018-09-13 12:30:00,0.00664705302409077
2018-09-13 13:00:00,0.0065569278765766435
2018-09-13 13:30:00,0.006368537968997718
2018-09-13 14:00:00,0.0061250677676934345
2018-09-13 14:30:00,0.005842683657665472
2018-09-13 15:00:00,0.005505224775874475
2018-09-13 15:30:00,0.005119224804176149
2018-09-13 16:00:00,0.004688382577014635
2018-09-13 16:30:00,0.004185490985878137
2018-09-13 17:00:00,0.0037992655740658058
2018-09-13 17:30:00,0.0033799796136215164
2018-09-13 18:00:00,0.003066662030854431
2018-09-13 18:30:00,0.0029124300218695606
2018-09-13 19:00:00,0.0027710143273814635
2018-09-13 19:30:00,0.0025890475823833275
2018-09-13 20:00:00,0.0023031564660806456
2018-09-13 20:30:00,0.0019635589042730902
2018-09-13 21:00:00,0.001796860625185714
2018-09-13 21:30:00,0.0016833406839311088
2018-09-13 22:00:00,0.001649854944200214
2018-09-13 22:30:00,0.0016151851036788315
2018-09-13 23:00:00,0.0015833709979917125
2018-09-13 23:30:00,0.0015760600799318157
2018-09-14 00:00:00,0.0015710219695530393
2018-09-14 00:30:00,0.0015621792271331312
2018-09-14 01:00:00,0.0015653456323694414
2018-09-14 01:30:00,0.001570707857928096
2018-09-14 02:00:00,0.0015782392543387492
2018-09-14 02:30:00,0.0016031482661825543
2018-09-14 03:00:00,0.0016693287445485624
2018-09-14 03:30:00,0.0017867739207025903
2018-09-14 04:00:00,0.0019768707548671
2018-09-14 04:30:00,0.002237672395194958
2018-09-14 05:00:00,0.002852243193449673
2018-09-14 05:30:00,0.003470278022707109
2018-09-14 06:00:00,0.003640081325217717
2018-09-14 06:30:00,0.003824052222425652
2018-09-14 07:00:00,0.004065025776503601
2018-09-14 07:30:00,0.004317102316217581
2018-09-14 08:00:00,0.004631354711186187
2018-09-14 08:30:00,0.0049700573949835215
2018-09-14 09:00:00,0.005323974685551847
2018-09-14 09:30:00,0.005638589849436598
2018-09-14 10:00:00,0.005928487109391013
2018-09-14 10:30:00,0.006182213515413232
2018-09-14 11:00:00,0.006389222759692219
2018-09-14 11:30:00,0.006491242694222552
2018-09-14 12:00:00,0.0065242853164840684
2018-09-14 12:30:00,0.006493114719478776
2018-09-14 13:00:00,0.006400580715936421
2018-09-14 13:30:00,0.006218481843984709
2018-09-14 14:00:00,0.005974507783625484
2018-09-14 14:30:00,0.005654306714693743
2018-09-14 15:00:00,0.005306512880200367
2018-09-14 15:30:00,0.004918869444468959
2018-09-14 16:00:00,0.004501698555651583
2018-09-14 16:30:00,0.004040846223885621
2018-09-14 17:00:00,0.003676853672901015
2018-09-14 17:30:00,0.003283270766477012
2018-09-14 18:00:00,0.003001558335141573
2018-09-14 18:30:00,0.0028523986086791357
2018-09-14 19:00:00,0.0027277355875403217
2018-09-14 19:30:00,0.0025594082495389706
2018-09-14 20:00:00,0.002270782161317194
2018-09-14 20:30:00,0.0019298153129102035
2018-09-14 21:00:00,0.0017808738240022168
2018-09-14 21:30:00,0.0016683778466307078
2018-09-14 22:00:00,0.0016369041819251204
2018-09-14 22:30:00,0.0016049477056441737
2018-09-14 23:00:00,0.0015752079371082746
2018-09-14 23:30:00,0.0015648379319494051
2018-09-15 00:00:00,0.001471052283613643
2018-09-15 00:30:00,0.0013666419796245987
2018-09-15 01:00:00,0.001330006480572805
2018-09-15 01:30:00,0.0012928344708627634
2018-09-15 02:00:00,0.0012853971078684945
2018-09-15 02:30:00,0.001274906899993532
2018-09-15 03:00:00,0.0012675777354494346
2018-09-15 03:30:00,0.001258374144795929
2018-09-15 04:00:00,0.0012351075566154912
2018-09-15 04:30:00,0.0012256518763776357
2018-09-15 05:00:00,0.0015164868295573914
2018-09-15 05:30:00,0.0018812075593127896
2018-09-15 06:00:00,0.0017250035695507895
2018-09-15 06:30:00,0.0015088037792539309
2018-09-15 07:00:00,0.0014462156174791243
2018-09-15 07:30:00,0.0012907258015110086
2018-09-15 08:00:00,0.0012764015911576265
2018-09-15 08:30:00,0.0012779106074123873
2018-09-15 09:00:00,0.00128319520538475
2018-09-15 09:30:00,0.00132059657660233
2018-09-15 10:00:00,0.0014142825895309442
2018-09-15 10:30:00,0.0014811055362090662
2018-09-15 11:00:00,0.001477315789457677
2018-09-15 11:30:00,0.0016157751533630886
2018-09-15 12:00:00,0.0016497522677123664
2018-09-15 12:30:00,0.001685609410161816
2018-09-15 13:00:00,0.0018044726102349198
2018-09-15 13:30:00,0.0017979951883721663
2018-09-15 14:00:00,0.0018374947452159296
2018-09-15 14:30:00,0.0018911983096969822
2018-09-15 15:00:00,0.001882628864397885
2018-09-15 15:30:00,0.0018837191718573067
2018-09-15 16:00:00,0.0018614070028460604
2018-09-15 16:30:00,0.0018186131553197043
2018-09-15 17:00:00,0.001732258147589295
2018-09-15 17:30:00,0.0016894687816555495
2018-09-15 18:00:00,0.0017354980989614836
2018-09-15 18:30:00,0.0017809829027652228
2018-09-15 19:00:00,0.0019083208744935236
2018-09-15 19:30:00,0.0019092916994928079
2018-09-15 20:00:00,0.0017454582784817963
2018-09-15 20:30:00,0.001638951469463797
2018-09-15 21:00:00,0.001566780462260808
2018-09-15 21:30:00,0.0014995680171677557
2018-09-15 22:00:00,0.0014932628165067548
2018-09-15 22:30:00,0.0014461002964978394
2018-09-15 23:00:00,0.0014087066880388887
2018-09-15 23:30:00,0.0013821930259551491
2018-09-16 00:00:00,0.001315296132998951
2018-09-16 00:30:00,0.001249685937292649
2018-09-16 01:00:00,0.001255697433580773
2018-09-16 01:30:00,0.0012273642448971053
2018-09-16 02:00:00,0.0012152995575038907
2018-09-16 02:30:00,0.0012077601582492898
2018-09-16 03:00:00,0.0012046216829383568
2018-09-16 03:30:00,0.0012039207138369859
2018-09-16 04:00:00,0.0012122059781475036
2018-09-16 04:30:00,0.0012112484378691726
2018-09-16 05:00:00,0.0017367205333744804
2018-09-16 05:30:00,0.001958385625860039
2018-09-16 06:00:00,0.0016923866185588467
2018-09-16 06:30:00,0.0013565868063466283
2018-09-16 07:00:00,0.0013042881411205783
2018-09-16 07:30:00,0.0015129621369975466
2018-09-16 08:00:00,0.0013672241064933478
2018-09-16 08:30:00,0.0012790354071292233
2018-09-16 09:00:00,0.0013131284826873022
2018-09-16 09:30:00,0.0012380559643826684
2018-09-16 10:00:00,0.0013031605404083607
2018-09-16 10:30:00,0.0013695055572459313
2018-09-16 11:00:00,0.0013419837769101115
2018-09-16 11:30:00,0.001467390822450734
2018-09-16 12:00:00,0.0015447455117639066
2018-09-16 12:30:00,0.0015512002855782884
2018-09-16 13:00:00,0.0016240138411218311
2018-09-16 13:30:00,0.0016918056120882505
2018-09-16 14:00:00,0.0016964810335793213
2018-09-16 14:30:00,0.0017516914535472686
2018-09-16 15:00:00,0.0018116349154827095
2018-09-16 15:30:00,0.0017397744986533269
2018-09-16 16:00:00,0.001737083542375944
2018-09-16 16:30:00,0.0017174808962400392
2018-09-16 17:00:00,0.0015846297653162316
2018-09-16 17:30:00,0.001561730507672989
2018-09-16 18:00:00,0.0016135004249994206
2018-09-16 18:30:00,0.0016148845968885985
2018-09-16 19:00:00,0.0017141875658987199
2018-09-16 19:30:00,0.0017317344414813636
2018-09-16 20:00:00,0.0015669826140989245
2018-09-16 20:30:00,0.001454611481092998
2018-09-16 21:00:00,0.001378956755891176
2018-09-16 21:30:00,0.0013122949064617194
2018-09-16 22:00:00,0.0013157744629816994
2018-09-16 22:30:00,0.0012993060506494352
2018-09-16 23:00:00,0.001278859504619255
2018-09-16 23:30:00,0.0012696383077090644
2018-09-17 00:00:00,0.001397331205566442
2018-09-17 00:30:00,0.0015177755275182746
2018-09-17 01:00:00,0.0015450216899085387
2018-09-17 01:30:00,0.0015854337310192083
2018-09-17 02:00:00,0.0016033869910175112
2018-09-17 02:30:00,0.0016186729031280774
2018-09-17 03:00:00,0.001674712497757436
2018-09-17 03:30:00,0.0017861671450744823
2018-09-17 04:00:00,0.001960871389218605
2018-09-17 04:30:00,0.0022202468427265603
2018-09-17 05:00:00,0.0028548621241315272
2018-09-17 05:30:00,0.0035111145346607593
2018-09-17 06:00:00,0.0036466662252746867
2018-09-17 06:30:00,0.0038042162133602353
2018-09-17 07:00:00,0.004013702017727249
2018-09-17 07:30:00,0.004264389023646606
2018-09-17 08:00:00,0.00453130867811553
2018-09-17 08:30:00,0.004851392825497197
2018-09-17 09:00:00,0.005165283732004689
2018-09-17 09:30:00,0.005467922239779649
2018-09-17 10:00:00,0.005745800908721987
2018-09-17 10:30:00,0.005964128095025438
2018-09-17 11:00:00,0.006123329790073332
2018-09-17 11:30:00,0.006189391906377356
2018-09-17 12:00:00,0.006180373581561236
2018-09-17 12:30:00,0.00609921161926843
2018-09-17 13:00:00,0.005957030132642987
2018-09-17 13:30:00,0.005736184771462981
2018-09-17 14:00:00,0.005484615371969962
2018-09-17 14:30:00,0.005222282947651805
2018-09-17 15:00:00,0.004920547560816333
2018-09-17 15:30:00,0.00458194859387656
2018-09-17 16:00:00,0.00420147394569654
2018-09-17 16:30:00,0.00374402898479815
2018-09-17 17:00:00,0.003385185303552556
2018-09-17 17:30:00,0.003000250270298337
2018-09-17 18:00:00,0.002805268580216647
2018-09-17 18:30:00,0.0026589409801988277
2018-09-17 19:00:00,0.002534802625509219
2018-09-17 19:30:00,0.002412730044927807
2018-09-17 20:00:00,0.0021762768972536633
2018-09-17 20:30:00,0.0019244806971631682
2018-09-17 21:00:00,0.0017768856067209272
2018-09-17 21:30:00,0.0016603629984171797
2018-09-17 22:00:00,0.0016411656162987815
2018-09-17 22:30:00,0.0015952082445599364
2018-09-17 23:00:00,0.0015773214881948377
2018-09-17 23:30:00,0.0015732321949944895
2018-09-18 00:00:00,0.0015594887510263855
2018-09-18 00:30:00,0.0015603190460859496
2018-09-18 01:00:00,0.0015626477936462636
2018-09-18 01:30:00,0.0015632843398538563
2018-09-18 02:00:00,0.0015779469904777825
2018-09-18 02:30:00,0.0016038585185829046
2018-09-18 03:00:00,0.0016587265768867729
2018-09-18 03:30:00,0.0017671888808233698
2018-09-18 04:00:00,0.0019498757217199113
2018-09-18 04:30:00,0.0022105408335300236
2018-09-18 05:00:00,0.002819744684548155
2018-09-18 05:30:00,0.003479789642824158
2018-09-18 06:00:00,0.0036513565320555
2018-09-18 06:30:00,0.0038447348523522867
2018-09-18 07:00:00,0.004078387724900723
2018-09-18 07:30:00,0.004299396344097259
2018-09-18 08:00:00,0.004576314511709006
2018-09-18 08:30:00,0.0049095529336873524
2018-09-18 09:00:00,0.0052269317196725305
2018-09-18 09:30:00,0.005497299079342524
2018-09-18 10:00:00,0.005770988579592047
2018-09-18 10:30:00,0.005997808623978017
2018-09-18 11:00:00,0.006170838593139861
2018-09-18 11:30:00,0.006239899775213249
2018-09-18 12:00:00,0.006229216858856029
2018-09-18 12:30:00,0.006136485825295683
2018-09-18 13:00:00,0.005985821404114216
2018-09-18 13:30:00,0.005746021387072742
2018-09-18 14:00:00,0.005476972095800921
2018-09-18 14:30:00,0.005194997491297758
2018-09-18 15:00:00,0.004876443487678875
2018-09-18 15:30:00,0.004499643745439595
2018-09-18 16:00:00,0.004098989366046608
2018-09-18 16:30:00,0.003645095347036211
2018-09-18 17:00:00,0.0033109405994258627
2018-09-18 17:30:00,0.0029467375736454346
2018-09-18 18:00:00,0.002776883693161078
2018-09-18 18:30:00,0.002627504928859794
2018-09-18 19:00:00,0.002508602914993544
2018-09-18 19:30:00,0.0023634731806578026
2018-09-18 20:00:00,0.002147407277940188
2018-09-18 20:30:00,0.0018838529794081107
2018-09-18 21:00:00,0.0017586443243689494
2018-09-18 21:30:00,0.001648696372481919
2018-09-18 22:00:00,0.0016229234536339697
2018-09-18 22:30:00,0.001583629089709023
2018-09-18 23:00:00,0.001558662777502553
2018-09-18 23:30:00,0.0015462918212714634
2018-09-19 00:00:00,0.0015446789281022629
2018-09-19 00:30:00,0.0015402634389826099
2018-09-19 01:00:00,0.0015370523778770724
2018-09-19 01:30:00,0.0015389294449249837
2018-09-19 02:00:00,0.0015471542877636968
2018-09-19 02:30:00,0.0015640039555816251
2018-09-19 03:00:00,0.0016234067453799656
2018-09-19 03:30:00,0.0017333447737405009
2018-09-19 04:00:00,0.001906521034889707
2018-09-19 04:30:00,0.0021695216166490493
2018-09-19 05:00:00,0.0027386645913489317
2018-09-19 05:30:00,0.0033346447831133553
2018-09-19 06:00:00,0.003522638709973753
2018-09-19 06:30:00,0.003719117572101161
2018-09-19 07:00:00,0.0039405510622828755
2018-09-19 07:30:00,0.004179798883091963
2018-09-19 08:00:00,0.004499253926910907
2018-09-19 08:30:00,0.004866918422783993
2018-09-19 09:00:00,0.005231716620068804
2018-09-19 09:30:00,0.005587648386515622
2018-09-19 10:00:00,0.005927952119273114
2018-09-19 10:30:00,0.006191172379098818
2018-09-19 11:00:00,0.0063838630950436275
2018-09-19 11:30:00,0.006457174267423833
2018-09-19 12:00:00,0.0064487508740267785
2018-09-19 12:30:00,0.006363190068529731
2018-09-19 13:00:00,0.006206351133128927
2018-09-19 13:30:00,0.005943638173581062
2018-09-19 14:00:00,0.005640849692510523
2018-09-19 14:30:00,0.005312830725354805
2018-09-19 15:00:00,0.004954439124763811
2018-09-19 15:30:00,0.004572570781310315
2018-09-19 16:00:00,0.0041633630423345645
2018-09-19 16:30:00,0.0037224580391933314
2018-09-19 17:00:00,0.0033802834816062076
2018-09-19 17:30:00,0.003015049209354691
2018-09-19 18:00:00,0.0028406161015635135
2018-09-19 18:30:00,0.0026745917419649648
2018-09-19 19:00:00,0.002534240745835658
2018-09-19 19:30:00,0.0023945144517049013
2018-09-19 20:00:00,0.002164391393536436
2018-09-19 20:30:00,0.0019145206776997347
2018-09-19 21:00:00,0.001757181404495327
2018-09-19 21:30:00,0.0016393059954506763
2018-09-19 22:00:00,0.0016149327740091633
2018-09-19 22:30:00,0.0015766246805723194
2018-09-19 23:00:00,0.0015556072916833568
2018-09-19 23:30:00,0.0015463380777094803
2018-09-20 00:00:00,0.0015402487137497465
2018-09-20 00:30:00,0.001535524074768398
2018-09-20 01:00:00,0.0015421328233003314
2018-09-20 01:30:00,0.001537548394144945
2018-09-20 02:00:00,0.0015462033898458421
2018-09-20 02:30:00,0.0015703265224139924
2018-09-20 03:00:00,0.0016255076519730914
2018-09-20 03:30:00,0.001729812078336709
2018-09-20 04:00:00,0.0019033230184198038
2018-09-20 04:30:00,0.002180715354535446
2018-09-20 05:00:00,0.0027365947357903225
2018-09-20 05:30:00,0.003372942392824628
2018-09-20 06:00:00,0.0035666632348423724
2018-09-20 06:30:00,0.0037660043141076417
2018-09-20 07:00:00,0.004002141909644931
2018-09-20 07:30:00,0.004274576323878151
2018-09-20 08:00:00,0.0045924086310298404
2018-09-20 08:30:00,0.004943773014378879
2018-09-20 09:00:00,0.005292923651035133
2018-09-20 09:30:00,0.005634723515468631
2018-09-20 10:00:00,0.005952230026843213
2018-09-20 10:30:00,0.006179084483458155
2018-09-20 11:00:00,0.006347009198380502
2018-09-20 11:30:00,0.006404776767075029
2018-09-20 12:00:00,0.006373873785171345
2018-09-20 12:30:00,0.006257612149608729
2018-09-20 13:00:00,0.0060894719981273125
2018-09-20 13:30:00,0.005840492158878861
2018-09-20 14:00:00,0.005553449433332117
2018-09-20 14:30:00,0.0052462190537569
2018-09-20 15:00:00,0.0049129856735702394
2018-09-20 15:30:00,0.004545247471504395
2018-09-20 16:00:00,0.004145925485600246
2018-09-20 16:30:00,0.003701188480691579
2018-09-20 17:00:00,0.00336821159165344
2018-09-20 17:30:00,0.002987130247873751
2018-09-20 18:00:00,0.0028196472099088726
2018-09-20 18:30:00,0.0026626781482654814
2018-09-20 19:00:00,0.002527611109881021
2018-09-20 19:30:00,0.0024094425566625697
2018-09-20 20:00:00,0.002170105584171906
2018-09-20 20:30:00,0.001882457283423648
2018-09-20 21:00:00,0.0017440317715481351
2018-09-20 21:30:00,0.0016396655632292421
2018-09-20 22:00:00,0.0016129275814296508
2018-09-20 22:30:00,0.0015734327462638166
2018-09-20 23:00:00,0.001552647359820895
2018-09-20 23:30:00,0.0015460407720568267
2018-09-21 00:00:00,0.0015382261549988677
2018-09-21 00:30:00,0.001539231072113369
2018-09-21 01:00:00,0.0015327838209722978
2018-09-21 01:30:00,0.001537417067475765
2018-09-21 02:00:00,0.0015507619698152779
2018-09-21 02:30:00,0.0015777544420524032
2018-09-21 03:00:00,0.0016227237026490374
2018-09-21 03:30:00,0.0017385996811618179
2018-09-21 04:00:00,0.001920350509430248
2018-09-21 04:30:00,0.002202627461377751
2018-09-21 05:00:00,0.0027733450756527644
2018-09-21 05:30:00,0.003436178144731675
2018-09-21 06:00:00,0.0035872047746302103
2018-09-21 06:30:00,0.0037825489935427265
2018-09-21 07:00:00,0.004013089800165257
2018-09-21 07:30:00,0.0042629361073279175
2018-09-21 08:00:00,0.004545668981295116
2018-09-21 08:30:00,0.0048740140643417
2018-09-21 09:00:00,0.005185860644362775
2018-09-21 09:30:00,0.0054577952809914685
2018-09-21 10:00:00,0.005705771003409815
2018-09-21 10:30:00,0.005909051162494537
2018-09-21 11:00:00,0.0060626337406930585
2018-09-21 11:30:00,0.0061279516725383934
2018-09-21 12:00:00,0.006122810405501134
2018-09-21 12:30:00,0.006054942207375014
2018-09-21 13:00:00,0.00591182294749579
2018-09-21 13:30:00,0.0056659235629396495
2018-09-21 14:00:00,0.005389089265132473
2018-09-21 14:30:00,0.005107313051130773
2018-09-21 15:00:00,0.004776075180082448
2018-09-21 15:30:00,0.004394095276984322
2018-09-21 16:00:00,0.003991728128929668
2018-09-21 16:30:00,0.0035547966978653
2018-09-21 17:00:00,0.0032343336158227147
2018-09-21 17:30:00,0.0028709441591580004
2018-09-21 18:00:00,0.002737675679922326
2018-09-21 18:30:00,0.002603415728349982
2018-09-21 19:00:00,0.0025164121701460587
2018-09-21 19:30:00,0.0024021287575788515
2018-09-21 20:00:00,0.0021789083924005155
2018-09-21 20:30:00,0.0018910203264475875
2018-09-21 21:00:00,0.0017603963869943988
2018-09-21 21:30:00,0.0016603900480297226
2018-09-21 22:00:00,0.0016295876618744602
2018-09-21 22:30:00,0.0015949171811255618
2018-09-21 23:00:00,0.0015699715162564767
2018-09-21 23:30:00,0.001563003039889098
2018-09-22 00:00:00,0.001476498939175945
2018-09-22 00:30:00,0.0013772332634186197
2018-09-22 01:00:00,0.0013512798804396517
2018-09-22 01:30:00,0.001313817047380554
2018-09-22 02:00:00,0.0013081823249854836
2018-09-22 02:30:00,0.0013138886728338854
2018-09-22 03:00:00,0.001301471060022581
2018-09-22 03:30:00,0.0012969745020937392
2018-09-22 04:00:00,0.0012729474036529604
2018-09-22 04:30:00,0.0012612000290222684
2018-09-22 05:00:00,0.0015911148699091749
2018-09-22 05:30:00,0.0021113482237379395
2018-09-22 06:00:00,0.0019302460259714637
2018-09-22 06:30:00,0.0017298990692504197
2018-09-22 07:00:00,0.0016190693640172418
2018-09-22 07:30:00,0.0014509891538369928
2018-09-22 08:00:00,0.0013730567392192426
2018-09-22 08:30:00,0.0013559902743587736
2018-09-22 09:00:00,0.0013089775675885575
2018-09-22 09:30:00,0.001289572031499082
2018-09-22 10:00:00,0.0013244363411283916
2018-09-22 10:30:00,0.0013955119190518324
2018-09-22 11:00:00,0.0013867474444457322
2018-09-22 11:30:00,0.001496335588468878
2018-09-22 12:00:00,0.0015131427611854444
2018-09-22 12:30:00,0.0015236823466075636
2018-09-22 13:00:00,0.001638099006526498
2018-09-22 13:30:00,0.001639873317058122
2018-09-22 14:00:00,0.0016432048209650712
2018-09-22 14:30:00,0.001711076700399406
2018-09-22 15:00:00,0.001689974561393038
2018-09-22 15:30:00,0.0016521040634632491
2018-09-22 16:00:00,0.0016659463425541066
2018-09-22 16:30:00,0.0016394880601504841
2018-09-22 17:00:00,0.001564775509766614
2018-09-22 17:30:00,0.0015317836255357258
2018-09-22 18:00:00,0.0016982305352947077
2018-09-22 18:30:00,0.0017352512912541395
2018-09-22 19:00:00,0.0018659370126626034
2018-09-22 19:30:00,0.0018804082352593026
2018-09-22 20:00:00,0.0017360611790616372
2018-09-22 20:30:00,0.001611773411275527
2018-09-22 21:00:00,0.0015486044831154427
2018-09-22 21:30:00,0.0014649184238415605
2018-09-22 22:00:00,0.0014559338710269007
2018-09-22 22:30:00,0.0014287066753767923
2018-09-22 23:00:00,0.0013965826195435828
2018-09-22 23:30:00,0.0013756892747358077
2018-09-23 00:00:00,0.0013136673141702943
2018-09-23 00:30:00,0.0012542955754064706
2018-09-23 01:00:00,0.0012547049208743908
2018-09-23 01:30:00,0.0012275757600626405
2018-09-23 02:00:00,0.0012283866882398515
2018-09-23 02:30:00,0.0012142940001618739
2018-09-23 03:00:00,0.0012160795146750245
2018-09-23 03:30:00,0.0012216822256943044
2018-09-23 04:00:00,0.0012171649403996381
2018-09-23 04:30:00,0.0012324003545648948
2018-09-23 05:00:00,0.0018039052886274737
2018-09-23 05:30:00,0.002024166522227743
2018-09-23 06:00:00,0.0018584989294123792
2018-09-23 06:30:00,0.0015637039289620293
2018-09-23 07:00:00,0.0013919324870393865
2018-09-23 07:30:00,0.0015829206779627806
2018-09-23 08:00:00,0.0014048616416358214
2018-09-23 08:30:00,0.0013108468718778395
2018-09-23 09:00:00,0.0012921198168982422
2018-09-23 09:30:00,0.0011951407137136272
2018-09-23 10:00:00,0.0012480167041020573
2018-09-23 10:30:00,0.0012548691392321957
2018-09-23 11:00:00,0.0012218710127830283
2018-09-23 11:30:00,0.0012894038117193033
2018-09-23 12:00:00,0.001351956520895422
2018-09-23 12:30:00,0.0013504715932009435
2018-09-23 13:00:00,0.0013951349851019
2018-09-23 13:30:00,0.0014611729328172015
2018-09-23 14:00:00,0.0014470339883012068
2018-09-23 14:30:00,0.0014717324453207502
2018-09-23 15:00:00,0.001538924643218615
2018-09-23 15:30:00,0.0014263137450080184
2018-09-23 16:00:00,0.001436229908886619
2018-09-23 16:30:00,0.00147069535677358
2018-09-23 17:00:00,0.001330929208479964
2018-09-23 17:30:00,0.0013279253410042298
2018-09-23 18:00:00,0.001547491047437012
2018-09-23 18:30:00,0.001533568739906679
2018-09-23 19:00:00,0.001627965725491599
2018-09-23 19:30:00,0.0016873083339034537
2018-09-23 20:00:00,0.0015162966019567567
2018-09-23 20:30:00,0.0014099945056869376
2018-09-23 21:00:00,0.00133883897935246
2018-09-23 21:30:00,0.0012686267482340868
2018-09-23 22:00:00,0.0012717956343520208
2018-09-23 22:30:00,0.0012669930476706226
2018-09-23 23:00:00,0.0012502061221492436
2018-09-23 23:30:00,0.0012478377605113888
2018-09-24 00:00:00,0.0013797961741928407
2018-09-24 00:30:00,0.0015045392237711301
2018-09-24 01:00:00,0.001530759901737948
2018-09-24 01:30:00,0.0015636816010274157
2018-09-24 02:00:00,0.0015827440551968571
2018-09-24 02:30:00,0.0016012146990563732
2018-09-24 03:00:00,0.001666897560585719
2018-09-24 03:30:00,0.0017674310468812242
2018-09-24 04:00:00,0.0019446107307152204
2018-09-24 04:30:00,0.0021935423928431093
2018-09-24 05:00:00,0.002823042736567403
2018-09-24 05:30:00,0.003582990477007401
2018-09-24 06:00:00,0.003725365392371057
2018-09-24 06:30:00,0.003909906012039623
2018-09-24 07:00:00,0.0040446302085893684
2018-09-24 07:30:00,0.0042008949399369305
2018-09-24 08:00:00,0.0043866861640291886
2018-09-24 08:30:00,0.004597725080321115
2018-09-24 09:00:00,0.004813756010610678
2018-09-24 09:30:00,0.005023681011053537
2018-09-24 10:00:00,0.005216332112920804
2018-09-24 10:30:00,0.005343882320070596
2018-09-24 11:00:00,0.005439237566189803
2018-09-24 11:30:00,0.005493028361669884
2018-09-24 12:00:00,0.005483092670852049
2018-09-24 12:30:00,0.005384670494846803
2018-09-24 13:00:00,0.0052266203290145296
2018-09-24 13:30:00,0.004984561749354163
2018-09-24 14:00:00,0.00470945486541308
2018-09-24 14:30:00,0.0044176865405437145
2018-09-24 15:00:00,0.004102939889932905
2018-09-24 15:30:00,0.0037640957958830165
2018-09-24 16:00:00,0.003417093602712938
2018-09-24 16:30:00,0.0030261818855417673
2018-09-24 17:00:00,0.0027477392561864418
2018-09-24 17:30:00,0.0024626267365714222
2018-09-24 18:00:00,0.002430243708708068
2018-09-24 18:30:00,0.002321887762567535
2018-09-24 19:00:00,0.002279635227405795
2018-09-24 19:30:00,0.002215156473776806
2018-09-24 20:00:00,0.0020207061725332374
2018-09-24 20:30:00,0.0018024124381174874
2018-09-24 21:00:00,0.0017046072813806002
2018-09-24 21:30:00,0.0016191068173269166
2018-09-24 22:00:00,0.0015930670036333147
2018-09-24 22:30:00,0.0015665572629431092
2018-09-24 23:00:00,0.0015439259405152323
2018-09-24 23:30:00,0.0015367115367533439
2018-09-25 00:00:00,0.001539964372704288
2018-09-25 00:30:00,0.0015308204832666316
2018-09-25 01:00:00,0.001533257749390875
2018-09-25 01:30:00,0.0015390315612137549
2018-09-25 02:00:00,0.001555297181480387
2018-09-25 02:30:00,0.0015699128554103406
2018-09-25 03:00:00,0.0016295027517001762
2018-09-25 03:30:00,0.0017383721603083878
2018-09-25 04:00:00,0.0019198478508018987
2018-09-25 04:30:00,0.0021768158887935348
2018-09-25 05:00:00,0.0027750668875280923
2018-09-25 05:30:00,0.0034859256633641067
2018-09-25 06:00:00,0.0036314989953398643
2018-09-25 06:30:00,0.003781678204092788
2018-09-25 07:00:00,0.003965207664428573
2018-09-25 07:30:00,0.004150198444069192
2018-09-25 08:00:00,0.004357870803997677
2018-09-25 08:30:00,0.004591357297420442
2018-09-25 09:00:00,0.004813554659056956
2018-09-25 09:30:00,0.005025186185943203
2018-09-25 10:00:00,0.005231020772787561
2018-09-25 10:30:00,0.005406832370448714
2018-09-25 11:00:00,0.00554567867185899
2018-09-25 11:30:00,0.00558715845240915
2018-09-25 12:00:00,0.005563591037324723
2018-09-25 12:30:00,0.005482646912444169
2018-09-25 13:00:00,0.005343984596416247
2018-09-25 13:30:00,0.005117933065134564
2018-09-25 14:00:00,0.004869751909712082
2018-09-25 14:30:00,0.004590867763456168
2018-09-25 15:00:00,0.004302534899436631
2018-09-25 15:30:00,0.003988010647859126
2018-09-25 16:00:00,0.003642609583677645
2018-09-25 16:30:00,0.003259092174200305
2018-09-25 17:00:00,0.002968488183096877
2018-09-25 17:30:00,0.0026730932094357757
2018-09-25 18:00:00,0.0026133349333092824
2018-09-25 18:30:00,0.0024728771792417144
2018-09-25 19:00:00,0.002393322188013587
2018-09-25 19:30:00,0.0022896453446723405
2018-09-25 20:00:00,0.0020954528950607636
2018-09-25 20:30:00,0.0018578963952915637
2018-09-25 21:00:00,0.001742104446640233
2018-09-25 21:30:00,0.0016449210308496355
2018-09-25 22:00:00,0.001620385511732865
2018-09-25 22:30:00,0.0015896390654567966
2018-09-25 23:00:00,0.0015711601786680147
2018-09-25 23:30:00,0.0015576084828408951
2018-09-26 00:00:00,0.0015587207981211729
2018-09-26 00:30:00,0.0015546052555926765
2018-09-26 01:00:00,0.0015518049804669697
2018-09-26 01:30:00,0.0015575245330078848
2018-09-26 02:00:00,0.0015671686001922668
2018-09-26 02:30:00,0.0015951811949473935
2018-09-26 03:00:00,0.0016416742770600915
2018-09-26 03:30:00,0.0017606187860277028
2018-09-26 04:00:00,0.0019279961064240334
2018-09-26 04:30:00,0.002197025950785063
2018-09-26 05:00:00,0.002792019151805429
2018-09-26 05:30:00,0.003515818606333163
2018-09-26 06:00:00,0.0036625730780471474
2018-09-26 06:30:00,0.003796132620717197
2018-09-26 07:00:00,0.0039616752091100995
2018-09-26 07:30:00,0.004130708477976069
2018-09-26 08:00:00,0.00435380744001172
2018-09-26 08:30:00,0.004598946634421276
2018-09-26 09:00:00,0.004867242617992311
2018-09-26 09:30:00,0.005136673564891994
2018-09-26 10:00:00,0.005398782949949331
2018-09-26 10:30:00,0.005618643161039385
2018-09-26 11:00:00,0.005795352037563944
2018-09-26 11:30:00,0.005884617919723416
2018-09-26 12:00:00,0.005897210634760294
2018-09-26 12:30:00,0.00582874902575546
2018-09-26 13:00:00,0.005693802350143972
2018-09-26 13:30:00,0.005447321478946598
2018-09-26 14:00:00,0.005172742622649178
2018-09-26 14:30:00,0.0048778319010753446
2018-09-26 15:00:00,0.004557789768624403
2018-09-26 15:30:00,0.004218745123305188
2018-09-26 16:00:00,0.0038396678517068593
2018-09-26 16:30:00,0.003411686241114419
2018-09-26 17:00:00,0.003089756397833116
2018-09-26 17:30:00,0.002794781093308627
2018-09-26 18:00:00,0.0026958453748072613
2018-09-26 18:30:00,0.002554367178107934
2018-09-26 19:00:00,0.0024703521219193655
2018-09-26 19:30:00,0.002355502348085986
2018-09-26 20:00:00,0.0021300610336553107
2018-09-26 20:30:00,0.0018639286989739511
2018-09-26 21:00:00,0.001749080205595604
2018-09-26 21:30:00,0.0016505968878625966
2018-09-26 22:00:00,0.0016239231688999047
2018-09-26 22:30:00,0.001583228387312566
2018-09-26 23:00:00,0.0015664377804829712
2018-09-26 23:30:00,0.001560186839103935
2018-09-27 00:00:00,0.001559175039543639
2018-09-27 00:30:00,0.0015526470397071368
2018-09-27 01:00:00,0.0015560087143357687
2018-09-27 01:30:00,0.0015566228525803081
2018-09-27 02:00:00,0.0015678653277863455
2018-09-27 02:30:00,0.0016005551046582114
2018-09-27 03:00:00,0.001652841125390824
2018-09-27 03:30:00,0.001766183163424474
2018-09-27 04:00:00,0.0019629101137142576
2018-09-27 04:30:00,0.0022212489588456794
2018-09-27 05:00:00,0.0028148548668677272
2018-09-27 05:30:00,0.0035747765980648953
2018-09-27 06:00:00,0.003693062472975619
2018-09-27 06:30:00,0.0038787393364278656
2018-09-27 07:00:00,0.0040579455804347145
2018-09-27 07:30:00,0.004239087792420928
2018-09-27 08:00:00,0.004467719680676637
2018-09-27 08:30:00,0.004735439619540322
2018-09-27 09:00:00,0.004998775760546387
2018-09-27 09:30:00,0.0052529103116099336
2018-09-27 10:00:00,0.0054989155737915005
2018-09-27 10:30:00,0.005704147306401286
2018-09-27 11:00:00,0.005872838693773813
2018-09-27 11:30:00,0.0059626915845368425
2018-09-27 12:00:00,0.005976320667864935
2018-09-27 12:30:00,0.005902767009313118
2018-09-27 13:00:00,0.005768798681374225
2018-09-27 13:30:00,0.005533013371027509
2018-09-27 14:00:00,0.005263613075020144
2018-09-27 14:30:00,0.004974513858664186
2018-09-27 15:00:00,0.004670292708470147
2018-09-27 15:30:00,0.004325519547424795
2018-09-27 16:00:00,0.003940926795806215
2018-09-27 16:30:00,0.003477969716082033
2018-09-27 17:00:00,0.0031399267067113
2018-09-27 17:30:00,0.0028330073176518864
2018-09-27 18:00:00,0.0027016152652366066
2018-09-27 18:30:00,0.0025436901038267947
2018-09-27 19:00:00,0.002441408716384693
2018-09-27 19:30:00,0.002300248392646964
2018-09-27 20:00:00,0.0021105645852585904
2018-09-27 20:30:00,0.0018599448032283932
2018-09-27 21:00:00,0.0017484173300314236
2018-09-27 21:30:00,0.0016488044108752117
2018-09-27 22:00:00,0.00161963636551093
2018-09-27 22:30:00,0.0015927432085671943
2018-09-27 23:00:00,0.0015716378684232472
2018-09-27 23:30:00,0.0015639928316285381
2018-09-28 00:00:00,0.001562250132330507
2018-09-28 00:30:00,0.0015560509693518117
2018-09-28 01:00:00,0.0015633373186807894
2018-09-28 01:30:00,0.0015686669726645772
2018-09-28 02:00:00,0.0015742391928484168
2018-09-28 02:30:00,0.0016009261165036226
2018-09-28 03:00:00,0.001653228783151646
2018-09-28 03:30:00,0.0017701111993192777
2018-09-28 04:00:00,0.0019448034391974789
2018-09-28 04:30:00,0.0022076987835589097
2018-09-28 05:00:00,0.0028108590468846873
2018-09-28 05:30:00,0.0035224263144953832
2018-09-28 06:00:00,0.0036832573085425714
2018-09-28 06:30:00,0.0038528487757738864
2018-09-28 07:00:00,0.004040560522356691
2018-09-28 07:30:00,0.004221640632273872
2018-09-28 08:00:00,0.004442876692295398
2018-09-28 08:30:00,0.0046872802652892925
2018-09-28 09:00:00,0.0049437844584457255
2018-09-28 09:30:00,0.0052013930440669275
2018-09-28 10:00:00,0.00546644355430345
2018-09-28 10:30:00,0.005708341276800468
2018-09-28 11:00:00,0.005902428809127892
2018-09-28 11:30:00,0.005994650621727852
2018-09-28 12:00:00,0.00599852751944983
2018-09-28 12:30:00,0.005899913755360477
2018-09-28 13:00:00,0.005739570454623456
2018-09-28 13:30:00,0.005501189581899213
2018-09-28 14:00:00,0.005237240102933003
2018-09-28 14:30:00,0.00496066053564868
2018-09-28 15:00:00,0.004637894155089535
2018-09-28 15:30:00,0.004244538929575841
2018-09-28 16:00:00,0.0038276643060414046
2018-09-28 16:30:00,0.0033833324851218058
2018-09-28 17:00:00,0.0030622848753572873
2018-09-28 17:30:00,0.002770166426065215
2018-09-28 18:00:00,0.0026575206354550063
2018-09-28 18:30:00,0.0025195982623784797
2018-09-28 19:00:00,0.0024225713822154976
2018-09-28 19:30:00,0.00230726464599271
2018-09-28 20:00:00,0.0020968439493957367
2018-09-28 20:30:00,0.0018520511981006712
2018-09-28 21:00:00,0.0017404021617041375
2018-09-28 21:30:00,0.0016533036897709956
2018-09-28 22:00:00,0.0016213913091602003
2018-09-28 22:30:00,0.0015887943652781267
2018-09-28 23:00:00,0.001574872137776233
2018-09-28 23:30:00,0.0015554088211534563
2018-09-29 00:00:00,0.0014756246284746686
2018-09-29 00:30:00,0.001363700854445414
2018-09-29 01:00:00,0.0013385689633976677
2018-09-29 01:30:00,0.0012960775433440916
2018-09-29 02:00:00,0.0012976136892398349
2018-09-29 02:30:00,0.0012874733657022616
2018-09-29 03:00:00,0.0012782421652371367
2018-09-29 03:30:00,0.0012835297242617598
2018-09-29 04:00:00,0.00126077667857744
2018-09-29 04:30:00,0.0012422933902244868
2018-09-29 05:00:00,0.0015872699035345472
2018-09-29 05:30:00,0.00206460337215465
2018-09-29 06:00:00,0.0019312547844510593
2018-09-29 06:30:00,0.0017220661256798202
2018-09-29 07:00:00,0.0016130665108005813
2018-09-29 07:30:00,0.0014477411195924171
2018-09-29 08:00:00,0.0013919720210884875
2018-09-29 08:30:00,0.0013596190839183764
2018-09-29 09:00:00,0.0013356349607495962
2018-09-29 09:30:00,0.0013250951352421585
2018-09-29 10:00:00,0.001356906199848577
2018-09-29 10:30:00,0.0014013723216462254
2018-09-29 11:00:00,0.0013832353163508852
2018-09-29 11:30:00,0.0014328761570734955
2018-09-29 12:00:00,0.001494992311112272
2018-09-29 12:30:00,0.0014988015848028935
2018-09-29 13:00:00,0.0015713208757744826
2018-09-29 13:30:00,0.001601217179937997
2018-09-29 14:00:00,0.0016131134874945536
2018-09-29 14:30:00,0.0016756980479895836
2018-09-29 15:00:00,0.0016631539902439076
2018-09-29 15:30:00,0.0016283309752893678
2018-09-29 16:00:00,0.0016477010587801553
2018-09-29 16:30:00,0.0016246561493770662
2018-09-29 17:00:00,0.0015675209654112798
2018-09-29 17:30:00,0.0015963267220300537
2018-09-29 18:00:00,0.001744172621601613
2018-09-29 18:30:00,0.0017774323610194273
2018-09-29 19:00:00,0.0018576078927672528
2018-09-29 19:30:00,0.0019319395077792168
2018-09-29 20:00:00,0.001745308945413734
2018-09-29 20:30:00,0.001592723441542644
2018-09-29 21:00:00,0.0015336254000418283
2018-09-29 21:30:00,0.001483947906293938
2018-09-29 22:00:00,0.0014725957921258182
2018-09-29 22:30:00,0.001435729010883938
2018-09-29 23:00:00,0.0014114262944976037
2018-09-29 23:30:00,0.0013821386866447447
2018-09-30 00:00:00,0.0013173763122262523
2018-09-30 00:30:00,0.001263407853610534
2018-09-30 01:00:00,0.0012587991758379864
2018-09-30 01:30:00,0.0012426061413659591
2018-09-30 02:00:00,0.0012394495796277049
2018-09-30 02:30:00,0.0012236618091731844
2018-09-30 03:00:00,0.0012345130253386236
2018-09-30 03:30:00,0.0012429803543489494
2018-09-30 04:00:00,0.001249413600513112
2018-09-30 04:30:00,0.0012667504014421311
2018-09-30 05:00:00,0.001852569382246279
2018-09-30 05:30:00,0.0021109114285152797
2018-09-30 06:00:00,0.0018815957772726883
2018-09-30 06:30:00,0.0015761067365120305
2018-09-30 07:00:00,0.001427199579804579
2018-09-30 07:30:00,0.001617319622216537
2018-09-30 08:00:00,0.0014660088913578612
2018-09-30 08:30:00,0.0013540629494508715
2018-09-30 09:00:00,0.0013479570996326054
2018-09-30 09:30:00,0.0012329038935060782
2018-09-30 10:00:00,0.0012655587779783325
2018-09-30 10:30:00,0.0012996749817554198
2018-09-30 11:00:00,0.00123202534129751
2018-09-30 11:30:00,0.0012941516589481
2018-09-30 12:00:00,0.0013375873345590544
2018-09-30 12:30:00,0.00133522657562295
2018-09-30 13:00:00,0.0013955999503352562
2018-09-30 13:30:00,0.0014467132343157865
2018-09-30 14:00:00,0.0014240706278779436
2018-09-30 14:30:00,0.001466250577245079
2018-09-30 15:00:00,0.001542785615281138
2018-09-30 15:30:00,0.001466493623615768
2018-09-30 16:00:00,0.0014874401073073549
2018-09-30 16:30:00,0.0014990248641490317
2018-09-30 17:00:00,0.0013732294405916319
2018-09-30 17:30:00,0.0014438166849773896
2018-09-30 18:00:00,0.0015805588786569633
2018-09-30 18:30:00,0.0016107870607589845
2018-09-30 19:00:00,0.001710360205780777
2018-09-30 19:30:00,0.0017298293644796357
2018-09-30 20:00:00,0.001536901044098023
2018-09-30 20:30:00,0.001400437429416266
2018-09-30 21:00:00,0.0013244753149784165
2018-09-30 21:30:00,0.00128067030811928
2018-09-30 22:00:00,0.0012804252610376043
2018-09-30 22:30:00,0.0012727827051245187
2018-09-30 23:00:00,0.0012550965800571866
2018-09-30 23:30:00,0.001248996652343442
2018-10-01 00:00:00,0.001388235333192471
2018-10-01 00:30:00,0.0015070914107344615
2018-10-01 01:00:00,0.0015269177363587021
2018-10-01 01:30:00,0.0015759345953387173
2018-10-01 02:00:00,0.0015812949002148244
2018-10-01 02:30:00,0.00160698586994075
2018-10-01 03:00:00,0.00166445501258447
2018-10-01 03:30:00,0.001764739690461644
2018-10-01 04:00:00,0.0019474044435088904
2018-10-01 04:30:00,0.0022102367254600145
2018-10-01 05:00:00,0.0029057336421964
2018-10-01 05:30:00,0.0036358414184942747
2018-10-01 06:00:00,0.0037825269056934313
2018-10-01 06:30:00,0.003906237668430919
2018-10-01 07:00:00,0.004037211172107738
2018-10-01 07:30:00,0.004168739993126083
2018-10-01 08:00:00,0.004320682468485983
2018-10-01 08:30:00,0.004526708403329128
2018-10-01 09:00:00,0.004745064239813911
2018-10-01 09:30:00,0.004945508591145798
2018-10-01 10:00:00,0.005160697542223634
2018-10-01 10:30:00,0.005362981027123121
2018-10-01 11:00:00,0.005528395890126618
2018-10-01 11:30:00,0.005606158724481119
2018-10-01 12:00:00,0.005612001920961025
2018-10-01 12:30:00,0.0055542389138875485
2018-10-01 13:00:00,0.00542818827963666
2018-10-01 13:30:00,0.005198745543232181
2018-10-01 14:00:00,0.004927965236814491
2018-10-01 14:30:00,0.004646505775376236
2018-10-01 15:00:00,0.0043295625041586865
2018-10-01 15:30:00,0.003968797180024393
2018-10-01 16:00:00,0.003616762558494741
2018-10-01 16:30:00,0.0032045718394659597
2018-10-01 17:00:00,0.00289881126221016
2018-10-01 17:30:00,0.0026521556089009702
2018-10-01 18:00:00,0.0025252789210978097
2018-10-01 18:30:00,0.002420568910602927
2018-10-01 19:00:00,0.002313520549134994
2018-10-01 19:30:00,0.0021868909891529353
2018-10-01 20:00:00,0.0020169974945910374
2018-10-01 20:30:00,0.0017992344287574534
2018-10-01 21:00:00,0.001702695241904638
2018-10-01 21:30:00,0.001625826485275964
2018-10-01 22:00:00,0.0015960368590222714
2018-10-01 22:30:00,0.0015663113355485992
2018-10-01 23:00:00,0.0015427425599806998
2018-10-01 23:30:00,0.00153231149312251
2018-10-02 00:00:00,0.0015381647731857898
2018-10-02 00:30:00,0.0015451872687498147
2018-10-02 01:00:00,0.0015416498516680934
2018-10-02 01:30:00,0.0015530255742258587
2018-10-02 02:00:00,0.0015674174886390374
2018-10-02 02:30:00,0.0015833977274904974
2018-10-02 03:00:00,0.001647357256604166
2018-10-02 03:30:00,0.0017509360651070541
2018-10-02 04:00:00,0.0019257684347827775
2018-10-02 04:30:00,0.00219015438885789
2018-10-02 05:00:00,0.0028762474037567613
2018-10-02 05:30:00,0.0035634162409675096
2018-10-02 06:00:00,0.0037165151272778385
2018-10-02 06:30:00,0.0038514084239201964
2018-10-02 07:00:00,0.004013585336262493
2018-10-02 07:30:00,0.004135822935486105
2018-10-02 08:00:00,0.004321863368138891
2018-10-02 08:30:00,0.0045504385162310115
2018-10-02 09:00:00,0.004825118688532809
2018-10-02 09:30:00,0.005098966805149374
2018-10-02 10:00:00,0.005380250284049221
2018-10-02 10:30:00,0.005612575164672992
2018-10-02 11:00:00,0.005794575761701026
2018-10-02 11:30:00,0.005863312588509219
2018-10-02 12:00:00,0.005866488997300462
2018-10-02 12:30:00,0.005813230631028216
2018-10-02 13:00:00,0.005693966968643974
2018-10-02 13:30:00,0.005477748931862916
2018-10-02 14:00:00,0.005228136307743525
2018-10-02 14:30:00,0.004955507024260179
2018-10-02 15:00:00,0.004645862346722848
2018-10-02 15:30:00,0.004310430905417538
2018-10-02 16:00:00,0.003935499587154707
2018-10-02 16:30:00,0.003481079301126315
2018-10-02 17:00:00,0.0031261455693482026
2018-10-02 17:30:00,0.0028123759859549563
2018-10-02 18:00:00,0.0026494020703839174
2018-10-02 18:30:00,0.0025132949023715864
2018-10-02 19:00:00,0.002387649772223523
2018-10-02 19:30:00,0.0022512264118468225
2018-10-02 20:00:00,0.002079618948196666
2018-10-02 20:30:00,0.0018272332586209898
2018-10-02 21:00:00,0.0017110883845515698
2018-10-02 21:30:00,0.0016307320685589682
2018-10-02 22:00:00,0.001612960873260473
2018-10-02 22:30:00,0.0015775679757884238
2018-10-02 23:00:00,0.0015562439979478282
2018-10-02 23:30:00,0.0015567077627545922
2018-10-03 00:00:00,0.0015491126637061157
2018-10-03 00:30:00,0.0015576719453933997
2018-10-03 01:00:00,0.0015545721238187336
2018-10-03 01:30:00,0.0015580748885861617
2018-10-03 02:00:00,0.001572672316031915
2018-10-03 02:30:00,0.0015926055596512956
2018-10-03 03:00:00,0.0016456700170146923
2018-10-03 03:30:00,0.001763375205568577
2018-10-03 04:00:00,0.0019425315918576323
2018-10-03 04:30:00,0.0022144847150558436
2018-10-03 05:00:00,0.002866042337211652
2018-10-03 05:30:00,0.003533870941539537
2018-10-03 06:00:00,0.0037544112343082595
2018-10-03 06:30:00,0.003928226922688879
2018-10-03 07:00:00,0.004084409784942858
2018-10-03 07:30:00,0.004229406111869992
2018-10-03 08:00:00,0.004447565638592742
2018-10-03 08:30:00,0.00472266564008803
2018-10-03 09:00:00,0.005005238697261595
2018-10-03 09:30:00,0.00529168681150303
2018-10-03 10:00:00,0.005553753381345247
2018-10-03 10:30:00,0.005739948909113739
2018-10-03 11:00:00,0.005876829391936726
2018-10-03 11:30:00,0.005938447528996645
2018-10-03 12:00:00,0.005923755748020749
2018-10-03 12:30:00,0.0058081831573220215
2018-10-03 13:00:00,0.0056426068769561
2018-10-03 13:30:00,0.005418595110539784
2018-10-03 14:00:00,0.0051649624978486325
2018-10-03 14:30:00,0.004863645019524104
2018-10-03 15:00:00,0.004539602745554391
2018-10-03 15:30:00,0.004180754342630867
2018-10-03 16:00:00,0.0037907647131393395
2018-10-03 16:30:00,0.0033910503477964384
2018-10-03 17:00:00,0.003068787186064718
2018-10-03 17:30:00,0.0027883845801981834
2018-10-03 18:00:00,0.0026492524972305366
2018-10-03 18:30:00,0.0025354427729965883
2018-10-03 19:00:00,0.0024187273761821435
2018-10-03 19:30:00,0.0022989878646967766
2018-10-03 20:00:00,0.002092903108950617
2018-10-03 20:30:00,0.0018231815787871954
2018-10-03 21:00:00,0.0017099987973481028
2018-10-03 21:30:00,0.0016277483682499818
2018-10-03 22:00:00,0.0016110065787684675
2018-10-03 22:30:00,0.0015790148899741513
2018-10-03 23:00:00,0.0015626569969168034
2018-10-03 23:30:00,0.001560312243668594
2018-10-04 00:00:00,0.001550073405122026
2018-10-04 00:30:00,0.0015530467817623198
2018-10-04 01:00:00,0.0015547968436767825
2018-10-04 01:30:00,0.0015622434099415911
2018-10-04 02:00:00,0.0015723772511755667
2018-10-04 02:30:00,0.001596799770135797
2018-10-04 03:00:00,0.0016528790588711357
2018-10-04 03:30:00,0.001759314322464243
2018-10-04 04:00:00,0.001939502675480342
2018-10-04 04:30:00,0.0022108144507645925
2018-10-04 05:00:00,0.00284623457818537
2018-10-04 05:30:00,0.003569529853544405
2018-10-04 06:00:00,0.003768720319286581
2018-10-04 06:30:00,0.0039372313225565295
2018-10-04 07:00:00,0.0041177496328285886
2018-10-04 07:30:00,0.0042953107322051265
2018-10-04 08:00:00,0.004519477993879344
2018-10-04 08:30:00,0.004745217574303948
2018-10-04 09:00:00,0.004966352078235779
2018-10-04 09:30:00,0.005190376169031773
2018-10-04 10:00:00,0.005401802502999202
2018-10-04 10:30:00,0.005557590825046564
2018-10-04 11:00:00,0.005664756908348967
2018-10-04 11:30:00,0.005677526326180208
2018-10-04 12:00:00,0.0056378598300116985
2018-10-04 12:30:00,0.005540737796034178
2018-10-04 13:00:00,0.0053704574439958535
2018-10-04 13:30:00,0.005112898636064005
2018-10-04 14:00:00,0.004831306727558417
2018-10-04 14:30:00,0.004531290511659769
2018-10-04 15:00:00,0.004209646770049594
2018-10-04 15:30:00,0.0038565106370789934
2018-10-04 16:00:00,0.0034840680432269883
2018-10-04 16:30:00,0.003105293759300516
2018-10-04 17:00:00,0.002812627195226471
2018-10-04 17:30:00,0.0025910595773801955
2018-10-04 18:00:00,0.0024931057278027614
2018-10-04 18:30:00,0.0024043831587188926
2018-10-04 19:00:00,0.0023272688748379056
2018-10-04 19:30:00,0.0022303521138076427
2018-10-04 20:00:00,0.0020485874406191837
2018-10-04 20:30:00,0.0018049827115081403
2018-10-04 21:00:00,0.0017014771290273728
2018-10-04 21:30:00,0.0016210204573716682
2018-10-04 22:00:00,0.0016042304107411498
2018-10-04 22:30:00,0.001567834836950905
2018-10-04 23:00:00,0.0015500124234511454
2018-10-04 23:30:00,0.0015467428615563504
2018-10-05 00:00:00,0.001536716898658789
2018-10-05 00:30:00,0.0015450040036234145
2018-10-05 01:00:00,0.0015470187195872247
2018-10-05 01:30:00,0.0015464329114102597
2018-10-05 02:00:00,0.001562729742768287
2018-10-05 02:30:00,0.0015841714424433522
2018-10-05 03:00:00,0.001644335062615792
2018-10-05 03:30:00,0.0017425908594953686
2018-10-05 04:00:00,0.001929894220951527
2018-10-05 04:30:00,0.002175571286502803
2018-10-05 05:00:00,0.0027866097094674832
2018-10-05 05:30:00,0.0034809021981897542
2018-10-05 06:00:00,0.003693169791112956
2018-10-05 06:30:00,0.0038477673700093532
2018-10-05 07:00:00,0.004003510075846214
2018-10-05 07:30:00,0.004134227328459831
2018-10-05 08:00:00,0.0042956974296246755
2018-10-05 08:30:00,0.004476349147305341
2018-10-05 09:00:00,0.004650858602227779
2018-10-05 09:30:00,0.004799137055514706
2018-10-05 10:00:00,0.004922705767772123
2018-10-05 10:30:00,0.005012348903995286
2018-10-05 11:00:00,0.005074847273861
2018-10-05 11:30:00,0.005077931089747772
2018-10-05 12:00:00,0.005037073610342977
2018-10-05 12:30:00,0.00494766799852818
2018-10-05 13:00:00,0.004809734661555445
2018-10-05 13:30:00,0.004601057144427139
2018-10-05 14:00:00,0.004369097033430501
2018-10-05 14:30:00,0.004120951570692026
2018-10-05 15:00:00,0.0038468729721697686
2018-10-05 15:30:00,0.0035322033889461746
2018-10-05 16:00:00,0.0032107102608590924
2018-10-05 16:30:00,0.0028582137952052247
2018-10-05 17:00:00,0.0026077925637333675
2018-10-05 17:30:00,0.0024801025468998107
2018-10-05 18:00:00,0.00237720542064438
2018-10-05 18:30:00,0.0023011238237463927
2018-10-05 19:00:00,0.0022646536634505564
2018-10-05 19:30:00,0.0021946786366267906
2018-10-05 20:00:00,0.0020289935175831814
2018-10-05 20:30:00,0.0017983877278677962
2018-10-05 21:00:00,0.0017074234021373237
2018-10-05 21:30:00,0.0016232917445124385
2018-10-05 22:00:00,0.001592386921954647
2018-10-05 22:30:00,0.0015795841322641443
2018-10-05 23:00:00,0.0015667282837182697
2018-10-05 23:30:00,0.001562766875964204
2018-10-06 00:00:00,0.0014797519351837682
2018-10-06 00:30:00,0.0013909519785989255
2018-10-06 01:00:00,0.001362752597466062
2018-10-06 01:30:00,0.001332716643675662
2018-10-06 02:00:00,0.0013544744556866573
2018-10-06 02:30:00,0.0013396976044795991
2018-10-06 03:00:00,0.0013416735066502628
2018-10-06 03:30:00,0.0013512538711968219
2018-10-06 04:00:00,0.0013158953859537478
2018-10-06 04:30:00,0.0012960612175424383
2018-10-06 05:00:00,0.0017446118977058971
2018-10-06 05:30:00,0.00233852711564652
2018-10-06 06:00:00,0.0022008353045041237
2018-10-06 06:30:00,0.00204432176473823
2018-10-06 07:00:00,0.0018032402522954278
2018-10-06 07:30:00,0.0015948794877305686
2018-10-06 08:00:00,0.0015218712229937803
2018-10-06 08:30:00,0.001415416432461441
2018-10-06 09:00:00,0.0013874955502979542
2018-10-06 09:30:00,0.0013478264932193802
2018-10-06 10:00:00,0.0013415469816874513
2018-10-06 10:30:00,0.0013767963081390802
2018-10-06 11:00:00,0.001345256459914046
2018-10-06 11:30:00,0.001376188091999062
2018-10-06 12:00:00,0.0014089625389598936
2018-10-06 12:30:00,0.0013877156285065134
2018-10-06 13:00:00,0.0014600950297658983
2018-10-06 13:30:00,0.0014387103903681798
2018-10-06 14:00:00,0.0014389604792415427
2018-10-06 14:30:00,0.0014384386938161584
2018-10-06 15:00:00,0.001418465836119237
2018-10-06 15:30:00,0.001430934827188685
2018-10-06 16:00:00,0.0014145426819592417
2018-10-06 16:30:00,0.001389006247149944
2018-10-06 17:00:00,0.0013517772571909955
2018-10-06 17:30:00,0.0014925234337544355
2018-10-06 18:00:00,0.0016590198010890133
2018-10-06 18:30:00,0.0017236369238898567
2018-10-06 19:00:00,0.0018255736288431352
2018-10-06 19:30:00,0.0018855386184287951
2018-10-06 20:00:00,0.0017202624447109087
2018-10-06 20:30:00,0.0015766141168183086
2018-10-06 21:00:00,0.0015265246366639954
2018-10-06 21:30:00,0.0014626735460858172
2018-10-06 22:00:00,0.0014667741232961317
2018-10-06 22:30:00,0.0014486206321422592
2018-10-06 23:00:00,0.0014191832110507006
2018-10-06 23:30:00,0.0014133410549405081
2018-10-07 00:00:00,0.001352328333025228
2018-10-07 00:30:00,0.001305479924641256
2018-10-07 01:00:00,0.0013236166898512778
2018-10-07 01:30:00,0.0013088940979261838
2018-10-07 02:00:00,0.0012994814729887665
2018-10-07 02:30:00,0.001299401684634609
2018-10-07 03:00:00,0.0013134976538786052
2018-10-07 03:30:00,0.0013106502420020464
2018-10-07 04:00:00,0.0013266404844084413
2018-10-07 04:30:00,0.00135428158714752
2018-10-07 05:00:00,0.002105078555704066
2018-10-07 05:30:00,0.0025014748619178505
2018-10-07 06:00:00,0.0022823039357770035
2018-10-07 06:30:00,0.0019343279565553798
2018-10-07 07:00:00,0.0017074630162148643
2018-10-07 07:30:00,0.0018918564635832331
2018-10-07 08:00:00,0.001671383714817429
2018-10-07 08:30:00,0.0015327959052666585
2018-10-07 09:00:00,0.0014558853737925781
2018-10-07 09:30:00,0.0013252917651179513
2018-10-07 10:00:00,0.0012916492496741227
2018-10-07 10:30:00,0.0012863815377024896
2018-10-07 11:00:00,0.001209521744259037
2018-10-07 11:30:00,0.001218070622249189
2018-10-07 12:00:00,0.001226238084696798
2018-10-07 12:30:00,0.0011875013589381204
2018-10-07 13:00:00,0.0012228077456670958
2018-10-07 13:30:00,0.0012210630456580781
2018-10-07 14:00:00,0.0012016306200129387
2018-10-07 14:30:00,0.0012373778033865483
2018-10-07 15:00:00,0.001264423494535925
2018-10-07 15:30:00,0.001239458862926684
2018-10-07 16:00:00,0.001251741467760592
2018-10-07 16:30:00,0.0012603995845706286
2018-10-07 17:00:00,0.001218748223046233
2018-10-07 17:30:00,0.0013950767243979616
2018-10-07 18:00:00,0.0015636427072058304
2018-10-07 18:30:00,0.0016283184108243699
2018-10-07 19:00:00,0.0017393049717989207
2018-10-07 19:30:00,0.0018115438431185855
2018-10-07 20:00:00,0.001593763651198954
2018-10-07 20:30:00,0.0013994982956790144
2018-10-07 21:00:00,0.0013580032296969151
2018-10-07 21:30:00,0.0013169640057060718
2018-10-07 22:00:00,0.0013134780469109336
2018-10-07 22:30:00,0.0013309501759311065
2018-10-07 23:00:00,0.0013128040473936661
2018-10-07 23:30:00,0.0013164846353536101
2018-10-08 00:00:00,0.0014662446551405577
2018-10-08 00:30:00,0.0015783139208727804
2018-10-08 01:00:00,0.0016328432988207862
2018-10-08 01:30:00,0.0016804700638071023
2018-10-08 02:00:00,0.0017004713316000376
2018-10-08 02:30:00,0.0017377056834644309
2018-10-08 03:00:00,0.0017928997776307251
2018-10-08 03:30:00,0.0019121052593394682
2018-10-08 04:00:00,0.0020650203203243203
2018-10-08 04:30:00,0.002344789981263038
2018-10-08 05:00:00,0.0032367407912537154
2018-10-08 05:30:00,0.004245811461791949
2018-10-08 06:00:00,0.0043710798980754004
2018-10-08 06:30:00,0.004452145266041759
2018-10-08 07:00:00,0.004475138717158265
2018-10-08 07:30:00,0.004485226942181739
2018-10-08 08:00:00,0.004495203207418386
2018-10-08 08:30:00,0.004515101078467519
2018-10-08 09:00:00,0.004564107053579765
2018-10-08 09:30:00,0.004612979221141208
2018-10-08 10:00:00,0.004673938083916721
2018-10-08 10:30:00,0.00471046450420551
2018-10-08 11:00:00,0.004733641780647491
2018-10-08 11:30:00,0.004714888556368186
2018-10-08 12:00:00,0.004664604927219703
2018-10-08 12:30:00,0.004571119545588856
2018-10-08 13:00:00,0.00442396357119402
2018-10-08 13:30:00,0.00422789589518864
2018-10-08 14:00:00,0.0040096731459987045
2018-10-08 14:30:00,0.0037840145543548516
2018-10-08 15:00:00,0.0035384134357926388
2018-10-08 15:30:00,0.0032590078242250974
2018-10-08 16:00:00,0.002987097916384203
2018-10-08 16:30:00,0.0026665687308506103
2018-10-08 17:00:00,0.002447937036334953
2018-10-08 17:30:00,0.0024030716526527588
2018-10-08 18:00:00,0.0023352242619209033
2018-10-08 18:30:00,0.0023156246568656986
2018-10-08 19:00:00,0.0022931270619601864
2018-10-08 19:30:00,0.002262362529256796
2018-10-08 20:00:00,0.002072416148558501
2018-10-08 20:30:00,0.0018063808083457872
2018-10-08 21:00:00,0.0017242220118108662
2018-10-08 21:30:00,0.00166062413121519
2018-10-08 22:00:00,0.0016390372599509157
2018-10-08 22:30:00,0.0016200157003140462
2018-10-08 23:00:00,0.0016202909981458437
2018-10-08 23:30:00,0.0016076450641967146
2018-10-09 00:00:00,0.0016184056881686666
2018-10-09 00:30:00,0.0016205928654195476
2018-10-09 01:00:00,0.001626587155593184
2018-10-09 01:30:00,0.0016469007743853945
2018-10-09 02:00:00,0.0016543477407924005
2018-10-09 02:30:00,0.0016882478677829023
2018-10-09 03:00:00,0.001745246443202503
2018-10-09 03:30:00,0.0018573337153336075
2018-10-09 04:00:00,0.0020401986195079836
2018-10-09 04:30:00,0.002298781791465126
2018-10-09 05:00:00,0.003102829843705927
2018-10-09 05:30:00,0.004016867062480088
2018-10-09 06:00:00,0.0041757874575632245
2018-10-09 06:30:00,0.004263959991182575
2018-10-09 07:00:00,0.004312318216105702
2018-10-09 07:30:00,0.004359896803971454
2018-10-09 08:00:00,0.0044353732258101235
2018-10-09 08:30:00,0.004540039860890809
2018-10-09 09:00:00,0.004660470497979491
2018-10-09 09:30:00,0.004754853558615942
2018-10-09 10:00:00,0.00485453578240074
2018-10-09 10:30:00,0.0049386260653224165
2018-10-09 11:00:00,0.005012449899885906
2018-10-09 11:30:00,0.005047683860877155
2018-10-09 12:00:00,0.005026411981550657
2018-10-09 12:30:00,0.004934667058421535
2018-10-09 13:00:00,0.004779721675927174
2018-10-09 13:30:00,0.0045441059458437095
2018-10-09 14:00:00,0.004290808092114885
2018-10-09 14:30:00,0.00403883622959974
2018-10-09 15:00:00,0.0037633042345881582
2018-10-09 15:30:00,0.003453579848725109
2018-10-09 16:00:00,0.0031403357320654622
2018-10-09 16:30:00,0.002782100587073644
2018-10-09 17:00:00,0.0025510199886268473
2018-10-09 17:30:00,0.0024889322446840847
2018-10-09 18:00:00,0.002412975812265438
2018-10-09 18:30:00,0.0023613178547258334
2018-10-09 19:00:00,0.002331868189283035
2018-10-09 19:30:00,0.002254667794801172
2018-10-09 20:00:00,0.0020577830284287417
2018-10-09 20:30:00,0.0018328130815065797
2018-10-09 21:00:00,0.001727130165272987
2018-10-09 21:30:00,0.0016612184224067393
2018-10-09 22:00:00,0.0016458101468122147
2018-10-09 22:30:00,0.0016188682525488383
2018-10-09 23:00:00,0.001620892491896946
2018-10-09 23:30:00,0.001608763701723711
2018-10-10 00:00:00,0.001618643292605471
2018-10-10 00:30:00,0.001619253669513355
2018-10-10 01:00:00,0.001625881224728566
2018-10-10 01:30:00,0.0016406997707525913
2018-10-10 02:00:00,0.0016441926920219639
2018-10-10 02:30:00,0.0016842483664916464
2018-10-10 03:00:00,0.0017355833292495254
2018-10-10 03:30:00,0.0018518636114385392
2018-10-10 04:00:00,0.002033387399024176
2018-10-10 04:30:00,0.002291112986223892
2018-10-10 05:00:00,0.003050249878515118
2018-10-10 05:30:00,0.0038703172234858434
2018-10-10 06:00:00,0.004088749247045009
2018-10-10 06:30:00,0.004175030788667978
2018-10-10 07:00:00,0.004256347766048051
2018-10-10 07:30:00,0.004357946911043619
2018-10-10 08:00:00,0.0044769002231395735
2018-10-10 08:30:00,0.00459626696215386
2018-10-10 09:00:00,0.004694329010181466
2018-10-10 09:30:00,0.004748579569046337
2018-10-10 10:00:00,0.004815056152638407
2018-10-10 10:30:00,0.004856590752669606
2018-10-10 11:00:00,0.004887088150442026
2018-10-10 11:30:00,0.004860471731841998
2018-10-10 12:00:00,0.004796562460588322
2018-10-10 12:30:00,0.004684285841169417
2018-10-10 13:00:00,0.00452796364940231
2018-10-10 13:30:00,0.004314954512958923
2018-10-10 14:00:00,0.004069575393287816
2018-10-10 14:30:00,0.0038175976086681496
2018-10-10 15:00:00,0.0035564564076715943
2018-10-10 15:30:00,0.0032694705823453196
2018-10-10 16:00:00,0.0029837496065049634
2018-10-10 16:30:00,0.0026928910449355633
2018-10-10 17:00:00,0.002473789023281105
2018-10-10 17:30:00,0.002422916945017155
2018-10-10 18:00:00,0.00237509747154858
2018-10-10 18:30:00,0.002343312256128113
2018-10-10 19:00:00,0.002312658722870276
2018-10-10 19:30:00,0.0022541849832258135
2018-10-10 20:00:00,0.002050989574258497
2018-10-10 20:30:00,0.0018165759513644013
2018-10-10 21:00:00,0.0017232912810597593
2018-10-10 21:30:00,0.0016406815242683908
2018-10-10 22:00:00,0.0016189296343619166
2018-10-10 22:30:00,0.0016072638087110507
2018-10-10 23:00:00,0.0015754986004004518
2018-10-10 23:30:00,0.0015751349511714725
2018-10-11 00:00:00,0.0015856378035398722
2018-10-11 00:30:00,0.001589305106778863
2018-10-11 01:00:00,0.001601993535829354
2018-10-11 01:30:00,0.0016131075653900324
2018-10-11 02:00:00,0.0016224985026203516
2018-10-11 02:30:00,0.0016590558138867776
2018-10-11 03:00:00,0.0017128374861247585
2018-10-11 03:30:00,0.0018259110287439663
2018-10-11 04:00:00,0.0020132797734351768
2018-10-11 04:30:00,0.0022801584533430896
2018-10-11 05:00:00,0.0030214363591377154
2018-10-11 05:30:00,0.0038531689695602304
2018-10-11 06:00:00,0.004110188545866889
2018-10-11 06:30:00,0.004170391780116869
2018-10-11 07:00:00,0.004280616950518244
2018-10-11 07:30:00,0.004377727620457359
2018-10-11 08:00:00,0.004495603909814843
2018-10-11 08:30:00,0.0046323468237503725
2018-10-11 09:00:00,0.0047501767766414005
2018-10-11 09:30:00,0.004835438355803248
2018-10-11 10:00:00,0.004928985439360932
2018-10-11 10:30:00,0.004998626667563644
2018-10-11 11:00:00,0.005057007974360511
2018-10-11 11:30:00,0.005067289147951563
2018-10-11 12:00:00,0.0050372605567775945
2018-10-11 12:30:00,0.0049561778226398685
2018-10-11 13:00:00,0.0048174921383076184
2018-10-11 13:30:00,0.004611660112373324
2018-10-11 14:00:00,0.004366430565855598
2018-10-11 14:30:00,0.004087729524669204
2018-10-11 15:00:00,0.0037809227356241336
2018-10-11 15:30:00,0.003443613507014957
2018-10-11 16:00:00,0.0031062103250178354
2018-10-11 16:30:00,0.0027606879377221087
2018-10-11 17:00:00,0.0025058736250936522
2018-10-11 17:30:00,0.002427505055480758
2018-10-11 18:00:00,0.002342294454434856
2018-10-11 18:30:00,0.002298209268009114
2018-10-11 19:00:00,0.0022442456110997643
2018-10-11 19:30:00,0.0021865410247871057
2018-10-11 20:00:00,0.0020419285942841377
2018-10-11 20:30:00,0.0018031551020358252
2018-10-11 21:00:00,0.001699339409352088
2018-10-11 21:30:00,0.0016176318931873728
2018-10-11 22:00:00,0.0015973430832114
2018-10-11 22:30:00,0.0015721511708340467
2018-10-11 23:00:00,0.0015592450644281808
2018-10-11 23:30:00,0.0015615557255611733
2018-10-12 00:00:00,0.001561597180292822
2018-10-12 00:30:00,0.0015562958563766086
2018-10-12 01:00:00,0.0015691694712360476
2018-10-12 01:30:00,0.0015842106563786955
2018-10-12 02:00:00,0.0015973468445480553
2018-10-12 02:30:00,0.001633602128483898
2018-10-12 03:00:00,0.0016940359246680092
2018-10-12 03:30:00,0.0018032266474607168
2018-10-12 04:00:00,0.001986627822208022
2018-10-12 04:30:00,0.0022367024505085082
2018-10-12 05:00:00,0.0029843783099254874
2018-10-12 05:30:00,0.003877081547304119
2018-10-12 06:00:00,0.004100452285920231
2018-10-12 06:30:00,0.004179478129106542
2018-10-12 07:00:00,0.004233764300626981
2018-10-12 07:30:00,0.004251577350799321
2018-10-12 08:00:00,0.004315196118817701
2018-10-12 08:30:00,0.004413616854311037
2018-10-12 09:00:00,0.004511787500931012
2018-10-12 09:30:00,0.004609929497369655
2018-10-12 10:00:00,0.004731411308010854
2018-10-12 10:30:00,0.0048676306758953305
2018-10-12 11:00:00,0.004987421725695719
2018-10-12 11:30:00,0.0050313794268173765
2018-10-12 12:00:00,0.00502118316340061
2018-10-12 12:30:00,0.004942580590630687
2018-10-12 13:00:00,0.004804499761243997
2018-10-12 13:30:00,0.0045888332804678075
2018-10-12 14:00:00,0.004340149706502294
2018-10-12 14:30:00,0.0040829213359970425
2018-10-12 15:00:00,0.00379914433098
2018-10-12 15:30:00,0.0034660064247216344
2018-10-12 16:00:00,0.0031434261903127095
2018-10-12 16:30:00,0.0028052758628046397
2018-10-12 17:00:00,0.0025481380844928746
2018-10-12 17:30:00,0.0024608216150905997
2018-10-12 18:00:00,0.002359966734582159
2018-10-12 18:30:00,0.002307276090059555
2018-10-12 19:00:00,0.002247164248287457
2018-10-12 19:30:00,0.0021799902968737926
2018-10-12 20:00:00,0.001990151714483472
2018-10-12 20:30:00,0.0017966483897642236
2018-10-12 21:00:00,0.0017080332188461312
2018-10-12 21:30:00,0.001621080078559078
2018-10-12 22:00:00,0.0015985682385913388
2018-10-12 22:30:00,0.0015789196561311746
2018-10-12 23:00:00,0.0015628311388011034
2018-10-12 23:30:00,0.0015634038223139941
2018-10-13 00:00:00,0.0014803155754829981
2018-10-13 00:30:00,0.0013810051638280057
2018-10-13 01:00:00,0.0013596348495209533
2018-10-13 01:30:00,0.0013359345071985553
2018-10-13 02:00:00,0.0013278718820066598
2018-10-13 02:30:00,0.0013296669999325473
2018-10-13 03:00:00,0.001335187281659167
2018-10-13 03:30:00,0.0013253235364084233
2018-10-13 04:00:00,0.0013022951128638662
2018-10-13 04:30:00,0.0012853523719708274
2018-10-13 05:00:00,0.0017356728810732993
2018-10-13 05:30:00,0.0024089589448028155
2018-10-13 06:00:00,0.002300933035946682
2018-10-13 06:30:00,0.0020766480524379957
2018-10-13 07:00:00,0.0018773547501510935
2018-10-13 07:30:00,0.0016593252696424936
2018-10-13 08:00:00,0.0015537675979166807
2018-10-13 08:30:00,0.0014535106899080047
2018-10-13 09:00:00,0.0014196561791280041
2018-10-13 09:30:00,0.0013824439951413458
2018-10-13 10:00:00,0.0013396662333313243
2018-10-13 10:30:00,0.00136419783105456
2018-10-13 11:00:00,0.0012973495153611242
2018-10-13 11:30:00,0.0013465898137441567
2018-10-13 12:00:00,0.0013756525416820883
2018-10-13 12:30:00,0.0013390324080906736
2018-10-13 13:00:00,0.0014254805689246331
2018-10-13 13:30:00,0.0014038288746243829
2018-10-13 14:00:00,0.0014154991818678595
2018-10-13 14:30:00,0.0014503085119592488
2018-10-13 15:00:00,0.0014209769684931173
2018-10-13 15:30:00,0.0014256125358213293
2018-10-13 16:00:00,0.0014108568121222924
2018-10-13 16:30:00,0.0013824215871782925
2018-10-13 17:00:00,0.0013684533433237001
2018-10-13 17:30:00,0.0015640952680310671
2018-10-13 18:00:00,0.001702956454731088
2018-10-13 18:30:00,0.0017882847776114585
2018-10-13 19:00:00,0.0018912336822672305
2018-10-13 19:30:00,0.0019360143158320196
2018-10-13 20:00:00,0.0017485264087944295
2018-10-13 20:30:00,0.0016081194727859288
2018-10-13 21:00:00,0.0015421348240113185
2018-10-13 21:30:00,0.0014959448896273556
2018-10-13 22:00:00,0.0014890932547816122
2018-10-13 22:30:00,0.0014658825264519287
2018-10-13 23:00:00,0.0014340811452866866
2018-10-13 23:30:00,0.0014255172219499132
2018-10-14 00:00:00,0.0013679610083640432
2018-10-14 00:30:00,0.0013165039222075236
2018-10-14 01:00:00,0.0013222696511580167
2018-10-14 01:30:00,0.0013057362557328976
2018-10-14 02:00:00,0.0013004686237897039
2018-10-14 02:30:00,0.0012983457093757222
2018-10-14 03:00:00,0.0013015893420561268
2018-10-14 03:30:00,0.0013041993095527598
2018-10-14 04:00:00,0.0013238209224288205
2018-10-14 04:30:00,0.0013313175864967412
2018-10-14 05:00:00,0.002104044988408233
2018-10-14 05:30:00,0.0024850198143349786
2018-10-14 06:00:00,0.0022914680724098473
2018-10-14 06:30:00,0.0019449531724077384
2018-10-14 07:00:00,0.0017206553043202966
2018-10-14 07:30:00,0.0019356024894824758
2018-10-14 08:00:00,0.0017277659912246241
2018-10-14 08:30:00,0.001553073911403302
2018-10-14 09:00:00,0.0015036072125649918
2018-10-14 09:30:00,0.0013679000266931625
2018-10-14 10:00:00,0.001301332690850727
2018-10-14 10:30:00,0.001300560096296025
2018-10-14 11:00:00,0.0012196064480311743
2018-10-14 11:30:00,0.0012544776401062787
2018-10-14 12:00:00,0.0012682170026239695
2018-10-14 12:30:00,0.0012213970843644513
2018-10-14 13:00:00,0.0012786804009717076
2018-10-14 13:30:00,0.001261602572072833
2018-10-14 14:00:00,0.0012664234052384318
2018-10-14 14:30:00,0.001292109013058913
2018-10-14 15:00:00,0.0012908917004660423
2018-10-14 15:30:00,0.0012780177654928458
2018-10-14 16:00:00,0.0012585292399116335
2018-10-14 16:30:00,0.0013007327976684144
2018-10-14 17:00:00,0.0012874770470104775
2018-10-14 17:30:00,0.0014646918633294038
2018-10-14 18:00:00,0.0016329280489381912
2018-10-14 18:30:00,0.0016761097943106882
2018-10-14 19:00:00,0.0017885833637191438
2018-10-14 19:30:00,0.0018529005399288306
2018-10-14 20:00:00,0.0015919070714315484
2018-10-14 20:30:00,0.0013969883637317266
2018-10-14 21:00:00,0.0013490050720475445
2018-10-14 21:30:00,0.0012913378590161213
2018-10-14 22:00:00,0.0013052914576662895
2018-10-14 22:30:00,0.0013122949064617194
2018-10-14 23:00:00,0.0012999140267041347
2018-10-14 23:30:00,0.0013013419741497063
2018-10-15 00:00:00,0.0014328528687976082
2018-10-15 00:30:00,0.0015745600268622763
2018-10-15 01:00:00,0.0016015909927787897
2018-10-15 01:30:00,0.0016424360677754642
2018-10-15 02:00:00,0.001670355749512359
2018-10-15 02:30:00,0.0016871940532918817
2018-10-15 03:00:00,0.0017577047904895004
2018-10-15 03:30:00,0.0018762810886070827
2018-10-15 04:00:00,0.002041589033615441
2018-10-15 04:30:00,0.002286478859407591
2018-10-15 05:00:00,0.0031860066820194226
2018-10-15 05:30:00,0.00416700977826461
2018-10-15 06:00:00,0.0043440907870327325
2018-10-15 06:30:00,0.004437946220167718
2018-10-15 07:00:00,0.0044569875468291375
2018-10-15 07:30:00,0.00445557424458799
2018-10-15 08:00:00,0.004473039491162369
2018-10-15 08:30:00,0.004488964670447469
2018-10-15 09:00:00,0.004515645031770639
2018-10-15 09:30:00,0.00453417281593594
2018-10-15 10:00:00,0.004574750996086962
2018-10-15 10:30:00,0.004619012885307067
2018-10-15 11:00:00,0.004654944774318987
2018-10-15 11:30:00,0.004630925278579959
2018-10-15 12:00:00,0.004573548168641636
2018-10-15 12:30:00,0.004478978241599009
2018-10-15 13:00:00,0.0043356950034472985
2018-10-15 13:30:00,0.004131083891385651
2018-10-15 14:00:00,0.00391335395732601
2018-10-15 14:30:00,0.0036815506220423053
2018-10-15 15:00:00,0.0034369686656568195
2018-10-15 15:30:00,0.0031605734038686094
2018-10-15 16:00:00,0.002869628811726772
2018-10-15 16:30:00,0.00256812862847492
2018-10-15 17:00:00,0.0023952188620291696
2018-10-15 17:30:00,0.0023410799428373675
2018-10-15 18:00:00,0.002290642579056652
2018-10-15 18:30:00,0.002270813212351711
2018-10-15 19:00:00,0.002236445079047153
2018-10-15 19:30:00,0.002199131098885481
2018-10-15 20:00:00,0.0020232942922658935
2018-10-15 20:30:00,0.0017806085297253534
2018-10-15 21:00:00,0.001687312975552943
2018-10-15 21:30:00,0.00160360866979486
2018-10-15 22:00:00,0.0015803835363460712
2018-10-15 22:30:00,0.0015660575653670202
2018-10-15 23:00:00,0.0015537040553357368
2018-10-15 23:30:00,0.0015709108100506073
2018-10-16 00:00:00,0.0015755585417016192
2018-10-16 00:30:00,0.0015748732581743856
2018-10-16 01:00:00,0.0015854701439591697
2018-10-16 01:30:00,0.0015969397398764404
2018-10-16 02:00:00,0.001628600831187281
2018-10-16 02:30:00,0.0016658409450993165
2018-10-16 03:00:00,0.0017117652650926584
2018-10-16 03:30:00,0.0018332632414786326
2018-10-16 04:00:00,0.0019876751543954456
2018-10-16 04:30:00,0.002247240595418717
2018-10-16 05:00:00,0.003071052871214725
2018-10-16 05:30:00,0.0040546352040357865
2018-10-16 06:00:00,0.00428720249080273
2018-10-16 06:30:00,0.004361978263653787
2018-10-16 07:00:00,0.004413185741107581
2018-10-16 07:30:00,0.00445211765623014
2018-10-16 08:00:00,0.004478197003972843
2018-10-16 08:30:00,0.004527432980820144
2018-10-16 09:00:00,0.004583606062886549
2018-10-16 09:30:00,0.004639339548734912
2018-10-16 10:00:00,0.0047230046405576515
2018-10-16 10:30:00,0.004805098854141916
2018-10-16 11:00:00,0.0048901869316469795
2018-10-16 11:30:00,0.0049276524856730185
2018-10-16 12:00:00,0.004928689894333947
2018-10-16 12:30:00,0.004868451687655916
2018-10-16 13:00:00,0.00474591662272277
2018-10-16 13:30:00,0.004529951715895774
2018-10-16 14:00:00,0.004282083551700082
2018-10-16 14:30:00,0.0040142987898004225
2018-10-16 15:00:00,0.00372397505829204
2018-10-16 15:30:00,0.0033827505183099357
2018-10-16 16:00:00,0.003065331638076581
2018-10-16 16:30:00,0.0027196275862232436
2018-10-16 17:00:00,0.0025074524261476366
2018-10-16 17:30:00,0.0024285801575366795
2018-10-16 18:00:00,0.002334046083234937
2018-10-16 18:30:00,0.0022900308416652967
2018-10-16 19:00:00,0.0022734599129020636
2018-10-16 19:30:00,0.002218774559525519
2018-10-16 20:00:00,0.0020600283863551217
2018-10-16 20:30:00,0.001826346223397837
2018-10-16 21:00:00,0.0017169757567300661
2018-10-16 21:30:00,0.0016250788595943786
2018-10-16 22:00:00,0.001607267570047706
2018-10-16 22:30:00,0.0016057847230926542
2018-10-16 23:00:00,0.0015779675577867278
2018-10-16 23:30:00,0.0016014582255976986
2018-10-17 00:00:00,0.0016027790949912513
2018-10-17 00:30:00,0.0016084706375783498
2018-10-17 01:00:00,0.0016377806533942622
2018-10-17 01:30:00,0.0016364372159807775
2018-10-17 02:00:00,0.0016571494564300183
2018-10-17 02:30:00,0.0016840847883613573
2018-10-17 03:00:00,0.001733497548031461
2018-10-17 03:30:00,0.0018620111375356652
2018-10-17 04:00:00,0.0020311270757796132
2018-10-17 04:30:00,0.0023139239724983924
2018-10-17 05:00:00,0.00309104501576556
2018-10-17 05:30:00,0.0039571893749921466
2018-10-17 06:00:00,0.004295475350705129
2018-10-17 06:30:00,0.004379459115773863
2018-10-17 07:00:00,0.0044582717631974095
2018-10-17 07:30:00,0.004528514885293421
2018-10-17 08:00:00,0.004593943416442111
2018-10-17 08:30:00,0.004664713925954271
2018-10-17 09:00:00,0.004743033518162206
2018-10-17 09:30:00,0.004811991143434913
2018-10-17 10:00:00,0.004896453638628591
2018-10-17 10:30:00,0.004953209567819701
2018-10-17 11:00:00,0.0049953481424836275
2018-10-17 11:30:00,0.0049899643892747534
2018-10-17 12:00:00,0.004939794400510328
2018-10-17 12:30:00,0.004841887447598427
2018-10-17 13:00:00,0.004685040029183039
2018-10-17 13:30:00,0.004451145070605188
2018-10-17 14:00:00,0.004192205451978619
2018-10-17 14:30:00,0.003933681901208887
2018-10-17 15:00:00,0.003646909831844452
2018-10-17 15:30:00,0.0033286733010449696
2018-10-17 16:00:00,0.003018508838793241
2018-10-17 16:30:00,0.0026947873988373877
2018-10-17 17:00:00,0.002516803589243536
2018-10-17 17:30:00,0.0024527978036918505
2018-10-17 18:00:00,0.0023770075903419953
2018-10-17 18:30:00,0.0023221517763893666
2018-10-17 19:00:00,0.002284301765740084
2018-10-17 19:30:00,0.0022504677422405892
2018-10-17 20:00:00,0.0020639680263736496
2018-10-17 20:30:00,0.0018183403383695302
2018-10-17 21:00:00,0.0017184006630949374
2018-10-17 21:30:00,0.0016360195475551517
2018-10-17 22:00:00,0.0016221392549555435
2018-10-17 22:30:00,0.0016034563756745371
2018-10-17 23:00:00,0.0015961281714717136
2018-10-17 23:30:00,0.0015971517352126126
2018-10-18 00:00:00,0.0016052553349655198
2018-10-18 00:30:00,0.0016109816098953508
2018-10-18 01:00:00,0.0016289952913654585
2018-10-18 01:30:00,0.0016447774598292155
2018-10-18 02:00:00,0.0016572587752783424
2018-10-18 02:30:00,0.0016888385576946752
2018-10-18 03:00:00,0.0017497478028377133
2018-10-18 03:30:00,0.0018566002546858093
2018-10-18 04:00:00,0.002047497213188201
2018-10-18 04:30:00,0.0023081334347316625
2018-10-18 05:00:00,0.003111992219713102
2018-10-18 05:30:00,0.003961086439880874
2018-10-18 06:00:00,0.004302048086439299
2018-10-18 06:30:00,0.004435096087324218
2018-10-18 07:00:00,0.0045109870564793726
2018-10-18 07:30:00,0.004598549373247718
2018-10-18 08:00:00,0.004668571616850775
2018-10-18 08:30:00,0.004725281689746064
2018-10-18 09:00:00,0.004784160053180518
2018-10-18 09:30:00,0.004817648273793036
2018-10-18 10:00:00,0.004863172051446801
2018-10-18 10:30:00,0.004908566503142371
2018-10-18 11:00:00,0.004940283774417723
2018-10-18 11:30:00,0.004942792986109057
2018-10-18 12:00:00,0.004909309727259785
2018-10-18 12:30:00,0.004822405884491449
2018-10-18 13:00:00,0.004669480739923223
2018-10-18 13:30:00,0.004436094762220439
2018-10-18 14:00:00,0.004179752706682385
2018-10-18 14:30:00,0.003914199537817515
2018-10-18 15:00:00,0.003614867244962629
2018-10-18 15:30:00,0.0032934213336548385
2018-10-18 16:00:00,0.0029678127430676996
2018-10-18 16:30:00,0.0026341228806622675
2018-10-18 17:00:00,0.0024754885872502576
2018-10-18 17:30:00,0.002407041943563606
2018-10-18 18:00:00,0.0023391635818256736
2018-10-18 18:30:00,0.002313258536024149
2018-10-18 19:00:00,0.0023084508275226243
2018-10-18 19:30:00,0.0022474174582699587
2018-10-18 20:00:00,0.0020773173302773337
2018-10-18 20:30:00,0.00181234964947567
2018-10-18 21:00:00,0.001724231055024527
2018-10-18 21:30:00,0.0016610211523034307
2018-10-18 22:00:00,0.0016269182332472967
2018-10-18 22:30:00,0.0016282389425839702
2018-10-18 23:00:00,0.0016143700140227675
2018-10-18 23:30:00,0.0016086948772657617
2018-10-19 00:00:00,0.001625309181443191
2018-10-19 00:30:00,0.0016217775264091119
2018-10-19 01:00:00,0.001641902998340114
2018-10-19 01:30:00,0.0016470058517264264
2018-10-19 02:00:00,0.0016707693364875712
2018-10-19 02:30:00,0.0017018676678120161
2018-10-19 03:00:00,0.0017457289346641041
2018-10-19 03:30:00,0.0018645077047335606
2018-10-19 04:00:00,0.0020298955981529554
2018-10-19 04:30:00,0.002319002817352862
2018-10-19 05:00:00,0.0031917561651967023
2018-10-19 05:30:00,0.004080628121063856
2018-10-19 06:00:00,0.004346007628215064
2018-10-19 06:30:00,0.004407290045971379
2018-10-19 07:00:00,0.004468874651115155
2018-10-19 07:30:00,0.004501907990077691
2018-10-19 08:00:00,0.004532427875841604
2018-10-19 08:30:00,0.004569269528153488
2018-10-19 09:00:00,0.004608830946980965
2018-10-19 09:30:00,0.00461169740562612
2018-10-19 10:00:00,0.004631560064161883
2018-10-19 10:30:00,0.004651684575751611
2018-10-19 11:00:00,0.004678629991266324
2018-10-19 11:30:00,0.0046762950014877305
2018-10-19 12:00:00,0.004630189497107416
2018-10-19 12:30:00,0.004537679582125341
2018-10-19 13:00:00,0.004390927991435178
2018-10-19 13:30:00,0.004182283686109255
2018-10-19 14:00:00,0.003952166229931553
2018-10-19 14:30:00,0.0037189127793245415
2018-10-19 15:00:00,0.0034776764918797924
2018-10-19 15:30:00,0.003193919654029498
2018-10-19 16:00:00,0.0029103240734847475
2018-10-19 16:30:00,0.002586237143645807
2018-10-19 17:00:00,0.002435695646147375
2018-10-19 17:30:00,0.0023783307805602927
2018-10-19 18:00:00,0.002312005690804151
2018-10-19 18:30:00,0.0022544040210646593
2018-10-19 19:00:00,0.0022404312155890165
2018-10-19 19:30:00,0.0022025410306631167
2018-10-19 20:00:00,0.0020270869200411036
2018-10-19 20:30:00,0.0017798937157039534
2018-10-19 21:00:00,0.0016909509083546462
2018-10-19 21:30:00,0.0016104332550280608
2018-10-19 22:00:00,0.0015946009087327525
2018-10-19 22:30:00,0.001587762558607962
2018-10-19 23:00:00,0.001575998057891222
2018-10-19 23:30:00,0.0015714530027280574
2018-10-20 00:00:00,0.0015006091871653396
2018-10-20 00:30:00,0.0014015687914651393
2018-10-20 01:00:00,0.0013815972142232494
2018-10-20 01:30:00,0.0013605220448009848
2018-10-20 02:00:00,0.001352749202588432
2018-10-20 02:30:00,0.0013686146006292445
2018-10-20 03:00:00,0.0013585800746886588
2018-10-20 03:30:00,0.001363352890790572
2018-10-20 04:00:00,0.0013609314702973444
2018-10-20 04:30:00,0.0013294426001882564
2018-10-20 05:00:00,0.0019394500967956064
2018-10-20 05:30:00,0.002632522471929625
2018-10-20 06:00:00,0.0025754224204487686
2018-10-20 06:30:00,0.002321427839125866
2018-10-20 07:00:00,0.0020758997865288945
2018-10-20 07:30:00,0.0018656513911621132
2018-10-20 08:00:00,0.001715529882914052
2018-10-20 08:30:00,0.0016152959430675057
2018-10-20 09:00:00,0.0015395788757113318
2018-10-20 09:30:00,0.0014633401829866528
2018-10-20 10:00:00,0.0014566484449629827
2018-10-20 10:30:00,0.0014334882145786085
2018-10-20 11:00:00,0.0013957248747292783
2018-10-20 11:30:00,0.0014091285979718066
2018-10-20 12:00:00,0.0013696980256428714
2018-10-20 12:30:00,0.001362241775936886
2018-10-20 13:00:00,0.0013981715041809406
2018-10-20 13:30:00,0.001382979225344562
2018-10-20 14:00:00,0.0013832538829488437
2018-10-20 14:30:00,0.0014036956272726552
2018-10-20 15:00:00,0.0013889566295174688
2018-10-20 15:30:00,0.0014234900215495448
2018-10-20 16:00:00,0.0014147289881663418
2018-10-20 16:30:00,0.0014063745792841167
2018-10-20 17:00:00,0.001484182069507845
2018-10-20 17:30:00,0.001678581232578588
2018-10-20 18:00:00,0.0018339869386568147
2018-10-20 18:30:00,0.0019333520097359691
2018-10-20 19:00:00,0.002017937748726442
2018-10-20 19:30:00,0.002055157935557048
2018-10-20 20:00:00,0.001849243800443851
2018-10-20 20:30:00,0.001607707806493264
2018-10-20 21:00:00,0.0015477739479705602
2018-10-20 21:30:00,0.0014879969451892295
2018-10-20 22:00:00,0.0014920630301421293
2018-10-20 22:30:00,0.0014753654163592058
2018-10-20 23:00:00,0.0014686171782572653
2018-10-20 23:30:00,0.0014703335481987085
2018-10-21 00:00:00,0.001408069261518462
2018-10-21 00:30:00,0.0013578930305357564
2018-10-21 01:00:00,0.0013601728807195509
2018-10-21 01:30:00,0.0013558431820870165
2018-10-21 02:00:00,0.001357685836905953
2018-10-21 02:30:00,0.0013532364957564021
2018-10-21 03:00:00,0.0013684615862529662
2018-10-21 03:30:00,0.0013640985957896097
2018-10-21 04:00:00,0.0013990368516969953
2018-10-21 04:30:00,0.0014108650550515582
2018-10-21 05:00:00,0.0022763502200221814
2018-10-21 05:30:00,0.0027416115586041986
2018-10-21 06:00:00,0.002518326930588963
2018-10-21 06:30:00,0.0020976902501431962
2018-10-21 07:00:00,0.001892931245525397
2018-10-21 07:30:00,0.0020980958342744606
2018-10-21 08:00:00,0.0018689222335119397
2018-10-21 08:30:00,0.0017098473835406142
2018-10-21 09:00:00,0.0016296117504347426
2018-10-21 09:30:00,0.0014872104256860585
2018-10-21 10:00:00,0.001441437679557085
2018-10-21 10:30:00,0.0014212097712235534
2018-10-21 11:00:00,0.0013280521860807993
2018-10-21 11:30:00,0.001352939990388143
2018-10-21 12:00:00,0.001340207465667501
2018-10-21 12:30:00,0.0013226862792139289
2018-10-21 13:00:00,0.0013833972939123846
2018-10-21 13:30:00,0.0013697777339685894
2018-10-21 14:00:00,0.0013438855727458208
2018-10-21 14:30:00,0.0013789899676935587
2018-10-21 15:00:00,0.0013748285688692428
2018-10-21 15:30:00,0.0013445426862623588
2018-10-21 16:00:00,0.0013499595712451757
2018-10-21 16:30:00,0.0013453801038530366
2018-10-21 17:00:00,0.0013658825097339709
2018-10-21 17:30:00,0.0015607099049843509
2018-10-21 18:00:00,0.0016930106003014416
2018-10-21 18:30:00,0.0017518376655061914
2018-10-21 19:00:00,0.0018228872341868024
2018-10-21 19:30:00,0.0018709014168486224
2018-10-21 20:00:00,0.0016271199049147761
2018-10-21 20:30:00,0.0014067864056336605
2018-10-21 21:00:00,0.0013443563800552586
2018-10-21 21:30:00,0.0013016900978614272
2018-10-21 22:00:00,0.0013255172052319556
2018-10-21 22:30:00,0.001322163853561029
2018-10-21 23:00:00,0.0013140680965951907
2018-10-21 23:30:00,0.0013281192499130802
2018-10-22 00:00:00,0.0014643522226322674
2018-10-22 00:30:00,0.0015739027532888595
2018-10-22 01:00:00,0.0016368564849751927
2018-10-22 01:30:00,0.0016783967670255958
2018-10-22 02:00:00,0.001674520829644891
2018-10-22 02:30:00,0.0017356474320295461
2018-10-22 03:00:00,0.001772424501390773
2018-10-22 03:30:00,0.001877791785459072
2018-10-22 04:00:00,0.0020757957495575754
2018-10-22 04:30:00,0.0022956542000219615
2018-10-22 05:00:00,0.0031861865859513653
2018-10-22 05:30:00,0.0041559396843172045
2018-10-22 06:00:00,0.004372160682150524
2018-10-22 06:30:00,0.004394521348396093
2018-10-22 07:00:00,0.0044662454767930475
2018-10-22 07:30:00,0.0044434272079305545
2018-10-22 08:00:00,0.004463626466082754
2018-10-22 08:30:00,0.004486256027884963
2018-10-22 09:00:00,0.004537356347258298
2018-10-22 09:30:00,0.0045902681903876134
2018-10-22 10:00:00,0.00466217526379721
2018-10-22 10:30:00,0.004719138706731881
2018-10-22 11:00:00,0.004769780623203898
2018-10-22 11:30:00,0.0047728573965879935
2018-10-22 12:00:00,0.004739889040718312
2018-10-22 12:30:00,0.0046547051691711964
2018-10-22 13:00:00,0.004505722545645319
2018-10-22 13:30:00,0.004292949413069946
2018-10-22 14:00:00,0.0040665092636861695
2018-10-22 14:30:00,0.003828948202295919
2018-10-22 15:00:00,0.003565783082065015
2018-10-22 15:30:00,0.0032721549762906657
2018-10-22 16:00:00,0.0029732106613103606
2018-10-22 16:30:00,0.0026434786854076567
2018-10-22 17:00:00,0.0024879506958739106
2018-10-22 17:30:00,0.00240440644699478
2018-10-22 18:00:00,0.00234356162474552
2018-10-22 18:30:00,0.00229647465158347
2018-10-22 19:00:00,0.0022431835536794774
2018-10-22 19:30:00,0.0022178248620342562
2018-10-22 20:00:00,0.0020169037812884107
2018-10-22 20:30:00,0.001789194140769225
2018-10-22 21:00:00,0.0016902738677566785
2018-10-22 21:30:00,0.0016235448744665014
2018-10-22 22:00:00,0.0016022545885989252
2018-10-22 22:30:00,0.0015870090108218552
2018-10-22 23:00:00,0.0015865754167367738
2018-10-22 23:30:00,0.0015926679018056474
2018-10-23 00:00:00,0.0016087468157229817
2018-10-23 00:30:00,0.0016119523548661955
2018-10-23 01:00:00,0.001622673524817486
2018-10-23 01:30:00,0.001644232226071065
2018-10-23 02:00:00,0.0016588904751308202
2018-10-23 02:30:00,0.0016953235022307395
2018-10-23 03:00:00,0.0017594955068512168
2018-10-23 03:30:00,0.0018742230772575159
2018-10-23 04:00:00,0.002070998684838501
2018-10-23 04:30:00,0.002339860709561949
2018-10-23 05:00:00,0.0032046848396225
2018-10-23 05:30:00,0.004177281828613561
2018-10-23 06:00:00,0.004414366160589853
2018-10-23 06:30:00,0.0044622844691811795
2018-10-23 07:00:00,0.004519007666740543
2018-10-23 07:30:00,0.00453243907982313
2018-10-23 08:00:00,0.004574249777970523
2018-10-23 08:30:00,0.0046326111576859615
2018-10-23 09:00:00,0.004694504912691434
2018-10-23 09:30:00,0.0047221871500484035
2018-10-23 10:00:00,0.0047540260645517595
2018-10-23 10:30:00,0.004768261283280444
2018-10-23 11:00:00,0.004774263576298028
2018-10-23 11:30:00,0.004732149330279703
2018-10-23 12:00:00,0.004654011162544059
2018-10-23 12:30:00,0.004523919252156507
2018-10-23 13:00:00,0.004346509486559017
2018-10-23 13:30:00,0.004142626393211285
2018-10-23 14:00:00,0.003916319891321433
2018-10-23 14:30:00,0.0036717395355047363
2018-10-23 15:00:00,0.0034065785860217376
2018-10-23 15:30:00,0.003137860372404028
2018-10-23 16:00:00,0.0028693491123308033
2018-10-23 16:30:00,0.0026026293689036897
2018-10-23 17:00:00,0.0025037227807542936
2018-10-23 17:30:00,0.002467644439698132
2018-10-23 18:00:00,0.0024419176172313212
2018-10-23 18:30:00,0.002400532990495699
2018-10-23 19:00:00,0.0023738379039396668
2018-10-23 19:30:00,0.002333016837474835
2018-10-23 20:00:00,0.002115363730717091
2018-10-23 20:30:00,0.001853307884685764
2018-10-23 21:00:00,0.0017486297255097931
2018-10-23 21:30:00,0.0016778984299329783
2018-10-23 22:00:00,0.0016657937283200256
2018-10-23 22:30:00,0.0016578397817489385
2018-10-23 23:00:00,0.0016508109639381953
2018-10-23 23:30:00,0.0016617980683938643
2018-10-24 00:00:00,0.0016771361590469688
2018-10-24 00:30:00,0.0016929778686696959
2018-10-24 01:00:00,0.0017153267707346615
2018-10-24 01:30:00,0.0017225575002982035
2018-10-24 02:00:00,0.0017547412573472622
2018-10-24 02:30:00,0.0017871416513819825
2018-10-24 03:00:00,0.0018259376782143117
2018-10-24 03:30:00,0.0019379727718028782
2018-10-24 04:00:00,0.0021062164800849763
2018-10-24 04:30:00,0.0023685962812393024
2018-10-24 05:00:00,0.0032419968190731847
2018-10-24 05:30:00,0.004226780218713904
2018-10-24 06:00:00,0.004463149336526598
2018-10-24 06:30:00,0.0045075074999593925
2018-10-24 07:00:00,0.00456107885745843
2018-10-24 07:30:00,0.004565036263790522
2018-10-24 08:00:00,0.004613610005301158
2018-10-24 08:30:00,0.004676451377058468
2018-10-24 09:00:00,0.004735266037855098
2018-10-24 09:30:00,0.004776051411635923
2018-10-24 10:00:00,0.004817689968610003
2018-10-24 10:30:00,0.004839964444226257
2018-10-24 11:00:00,0.004831942313424736
2018-10-24 11:30:00,0.004771758125943351
2018-10-24 12:00:00,0.004676034829030994
2018-10-24 12:30:00,0.0045349895061607935
2018-10-24 13:00:00,0.004355917709932264
2018-10-24 13:30:00,0.004142617510054502
2018-10-24 14:00:00,0.003903046214293053
2018-10-24 14:30:00,0.003652620501228585
2018-10-24 15:00:00,0.0033970045437218973
2018-10-24 15:30:00,0.0031184634793860163
2018-10-24 16:00:00,0.002844409049452481
2018-10-24 16:30:00,0.0025656052517498
2018-10-24 17:00:00,0.002504521464580265
2018-10-24 17:30:00,0.002441035783856734
2018-10-24 18:00:00,0.0024200169544558612
2018-10-24 18:30:00,0.0023881011326221677
2018-10-24 19:00:00,0.0023575202651873756
2018-10-24 19:30:00,0.002327475668325512
2018-10-24 20:00:00,0.002089134969877886
2018-10-24 20:30:00,0.001819345735654668
2018-10-24 21:00:00,0.0017397340842913913
2018-10-24 21:30:00,0.0016574897373546702
2018-10-24 22:00:00,0.0016395295148821328
2018-10-24 22:30:00,0.001641924365933454
2018-10-24 23:00:00,0.0016380868422036978
2018-10-24 23:30:00,0.0016468784464507805
2018-10-25 00:00:00,0.0016673853339243257
2018-10-25 00:30:00,0.0016693997297743779
2018-10-25 01:00:00,0.0017010406539184702
2018-10-25 01:30:00,0.001715527322003989
2018-10-25 02:00:00,0.001749018663725647
2018-10-25 02:30:00,0.0017953063928626495
2018-10-25 03:00:00,0.0018581710528958457
2018-10-25 03:30:00,0.001974854758448258
2018-10-25 04:00:00,0.002138730194389995
2018-10-25 04:30:00,0.0024181871842156796
2018-10-25 05:00:00,0.003316818928390698
2018-10-25 05:30:00,0.004310482123618802
2018-10-25 06:00:00,0.004554111101347008
2018-10-25 06:30:00,0.004629501092471042
2018-10-25 07:00:00,0.004697886434373056
2018-10-25 07:30:00,0.00468770841744049
2018-10-25 08:00:00,0.0047139452611520815
2018-10-25 08:30:00,0.004752075771481728
2018-10-25 09:00:00,0.0047906177080187205
2018-10-25 09:30:00,0.004790898207699084
2018-10-25 10:00:00,0.0047915893333024
2018-10-25 10:30:00,0.004774720538687436
2018-10-25 11:00:00,0.004754011019205138
2018-10-25 11:30:00,0.0046946942599792344
2018-10-25 12:00:00,0.0046009016491692385
2018-10-25 12:30:00,0.004465173415817826
2018-10-25 13:00:00,0.004297529680746481
2018-10-25 13:30:00,0.004069058809710998
2018-10-25 14:00:00,0.0038278460506274547
2018-10-25 14:30:00,0.0035817333102516717
2018-10-25 15:00:00,0.003335024277973351
2018-10-25 15:30:00,0.0030611309452884816
2018-10-25 16:00:00,0.0027856509687625604
2018-10-25 16:30:00,0.00250716624444807
2018-10-25 17:00:00,0.0024716100089310503
2018-10-25 17:30:00,0.0024066005066914558
2018-10-25 18:00:00,0.00237741165393291
2018-10-25 18:30:00,0.0023602451535230957
2018-10-25 19:00:00,0.002335016107949826
2018-10-25 19:30:00,0.002293675656912795
2018-10-25 20:00:00,0.002097765396847864
2018-10-25 20:30:00,0.001833878580149764
2018-10-25 21:00:00,0.0017319579609128203
2018-10-25 21:30:00,0.0016546301611553116
2018-10-25 22:00:00,0.0016370418308410194
2018-10-25 22:30:00,0.0016205435679008304
2018-10-25 23:00:00,0.0016129307825672298
2018-10-25 23:30:00,0.001627730441879539
2018-10-26 00:00:00,0.0016263266630226895
2018-10-26 00:30:00,0.0016363248560517531
2018-10-26 01:00:00,0.001658108597277139
2018-10-26 01:30:00,0.001674413431479114
2018-10-26 02:00:00,0.001691256857078763
2018-10-26 02:30:00,0.0017266560767975306
2018-10-26 03:00:00,0.0017847918563420862
2018-10-26 03:30:00,0.0018896972162577297
2018-10-26 04:00:00,0.0020778816908325194
2018-10-26 04:30:00,0.0023162244700195714
2018-10-26 05:00:00,0.0031675061875519822
2018-10-26 05:30:00,0.0041110403685766725
2018-10-26 06:00:00,0.004376716621181457
2018-10-26 06:30:00,0.004463835500366666
2018-10-26 07:00:00,0.0045244347953636126
2018-10-26 07:30:00,0.0045318078955209826
2018-10-26 08:00:00,0.004557730227465433
2018-10-26 08:30:00,0.004594218394160152
2018-10-26 09:00:00,0.004607762967456158
2018-10-26 09:30:00,0.00460941843575516
2018-10-26 10:00:00,0.004610821654412933
2018-10-26 10:30:00,0.004599826467084877
2018-10-26 11:00:00,0.004583834944223451
2018-10-26 11:30:00,0.0045261836568514825
2018-10-26 12:00:00,0.00443044163328429
2018-10-26 12:30:00,0.004304170360625765
2018-10-26 13:00:00,0.004129565511803471
2018-10-26 13:30:00,0.003913322346092417
2018-10-26 14:00:00,0.0036832891598614827
2018-10-26 14:30:00,0.003441060759852549
2018-10-26 15:00:00,0.003193874197875875
2018-10-26 15:30:00,0.0029291628481658534
2018-10-26 16:00:00,0.002694090031015793
2018-10-26 16:30:00,0.0024568580465686688
2018-10-26 17:00:00,0.0024585396041389394
2018-10-26 17:30:00,0.0024194926081204135
2018-10-26 18:00:00,0.002397947271616227
2018-10-26 18:30:00,0.002392028528289456
2018-10-26 19:00:00,0.002375247124730401
2018-10-26 19:30:00,0.002350494008286695
2018-10-26 20:00:00,0.0021417031708880914
2018-10-26 20:30:00,0.0018697924627628024
2018-10-26 21:00:00,0.0017833310972363296
2018-10-26 21:30:00,0.0016952330700941314
2018-10-26 22:00:00,0.0016603253050221866
2018-10-26 22:30:00,0.0016620829696383994
2018-10-26 23:00:00,0.00165331681443507
2018-10-26 23:30:00,0.0016555829797557137
2018-10-27 00:00:00,0.001585852439814547
2018-10-27 00:30:00,0.0014803652731439128
2018-10-27 01:00:00,0.0014772040697561685
2018-10-27 01:30:00,0.0014429229273653212
2018-10-27 02:00:00,0.001441525150641432
2018-10-27 02:30:00,0.0014600652591864132
2018-10-27 03:00:00,0.001464986287958236
2018-10-27 03:30:00,0.0014686730381080195
2018-10-27 04:00:00,0.001445677266166769
2018-10-27 04:30:00,0.0014301353430783191
2018-10-27 05:00:00,0.002065651024455831
2018-10-27 05:30:00,0.0028205476098814176
2018-10-27 06:00:00,0.002800551703993928
2018-10-27 06:30:00,0.002503679645425416
2018-10-27 07:00:00,0.0022507924176195437
2018-10-27 07:30:00,0.0020126539510384738
2018-10-27 08:00:00,0.0018476143413876786
2018-10-27 08:30:00,0.0017591847564207314
2018-10-27 09:00:00,0.0016443100137142359
2018-10-27 09:30:00,0.0015632178362206517
2018-10-27 10:00:00,0.0015412103354784908
2018-10-27 10:30:00,0.001484240250183344
2018-10-27 11:00:00,0.0014292992059426733
2018-10-27 11:30:00,0.0014068509085558782
2018-10-27 12:00:00,0.001393517610340089
2018-10-27 12:30:00,0.0013760185917642517
2018-10-27 13:00:00,0.0014047781719734478
2018-10-27 13:30:00,0.0014133187270058945
2018-10-27 14:00:00,0.0013824139044481027
2018-10-27 14:30:00,0.0014154991818678595
2018-10-27 15:00:00,0.0014069627883142655
2018-10-27 15:30:00,0.0013954241278537273
2018-10-27 16:00:00,0.0014365553845499682
2018-10-27 16:30:00,0.0014347436207086694
2018-10-27 17:00:00,0.0016091967356097162
2018-10-27 17:30:00,0.0017950034051907931
2018-10-27 18:00:00,0.0019435358687446174
2018-10-27 18:30:00,0.002034401279323898
2018-10-27 19:00:00,0.002114308315657281
2018-10-27 19:30:00,0.0021667868848152727
2018-10-27 20:00:00,0.0019318588391122249
2018-10-27 20:30:00,0.001671555855990742
2018-10-27 21:00:00,0.0016138178177903828
2018-10-27 21:30:00,0.0015332868797428444
2018-10-27 22:00:00,0.0015363955844742926
2018-10-27 22:30:00,0.0015249693639712175
2018-10-27 23:00:00,0.001503397618082004
2018-10-27 23:30:00,0.001507438494076469
2018-10-28 00:00:00,0.0014404518892396183
2018-10-28 00:30:00,0.0013938632531701857
2018-10-28 01:00:00,0.00142170362672356
2018-10-28 01:30:00,0.0013846034825521682
2018-10-28 02:00:00,0.0014032885226010403
2018-10-28 02:30:00,0.0014144393652438777
2018-10-28 03:00:00,0.0014345840440003542
2018-10-28 03:30:00,0.0014504604059373746
2018-10-28 04:00:00,0.0014580788732901778
2018-10-28 04:30:00,0.0014826326388911485
2018-10-28 05:00:00,0.00229880860099235
2018-10-28 05:30:00,0.0027662772039635567
2018-10-28 06:00:00,0.0026222472204430955
2018-10-28 06:30:00,0.00226343571063017
2018-10-28 07:00:00,0.0020401372376949055
2018-10-28 07:30:00,0.002184567763554944
2018-10-28 08:00:00,0.0019416427159803717
2018-10-28 08:30:00,0.0017363554436335908
2018-10-28 09:00:00,0.00162936318210173
2018-10-28 09:30:00,0.0015326677797350575
2018-10-28 10:00:00,0.001466767801049413
2018-10-28 10:30:00,0.0014457170403011886
2018-10-28 11:00:00,0.0013766310494115622
2018-10-28 11:30:00,0.0013626745697375726
2018-10-28 12:00:00,0.0013593470672525973
2018-10-28 12:30:00,0.0013002033295128408
2018-10-28 13:00:00,0.001325166280524853
2018-10-28 13:30:00,0.001308745485114077
2018-10-28 14:00:00,0.0012830103396895603
2018-10-28 14:30:00,0.001302745753006556
2018-10-28 15:00:00,0.001305483125778835
2018-10-28 15:30:00,0.001314254402802291
2018-10-28 16:00:00,0.0013244420231475944
2018-10-28 16:30:00,0.0013454663745107918
2018-10-28 17:00:00,0.0015202259983350317
2018-10-28 17:30:00,0.0016632479436318524
2018-10-28 18:00:00,0.0018298485079946284
2018-10-28 18:30:00,0.0018954100464097286
2018-10-28 19:00:00,0.0019680064847969725
2018-10-28 19:30:00,0.0020321900135127345
2018-10-28 20:00:00,0.0017240288231579709
2018-10-28 20:30:00,0.0014789895842693191
2018-10-28 21:00:00,0.0014230525860993684
2018-10-28 21:30:00,0.001356670996264957
2018-10-28 22:00:00,0.0013789139406760564
2018-10-28 22:30:00,0.001399414185789125
2018-10-28 23:00:00,0.0013935105678374148
2018-10-28 23:30:00,0.0013944590649020852
2018-10-29 00:00:00,0.0015417278793965826
2018-10-29 00:30:00,0.0016729954075600376
2018-10-29 01:00:00,0.0017228816955065208
2018-10-29 01:30:00,0.0017884232268117522
2018-10-29 02:00:00,0.0018053806929376548
2018-10-29 02:30:00,0.001832631577005848
2018-10-29 03:00:00,0.001915142178560706
2018-10-29 03:30:00,0.0020185133132631537
2018-10-29 04:00:00,0.002216172995015031
2018-10-29 04:30:00,0.002477663600178338
2018-10-29 05:00:00,0.0034547668305394182
2018-10-29 05:30:00,0.004571747848867182
2018-10-29 06:00:00,0.0047807474804643785
2018-10-29 06:30:00,0.004861234722983963
2018-10-29 07:00:00,0.0048810848170547285
2018-10-29 07:30:00,0.004848601833670469
2018-10-29 08:00:00,0.004837647220761227
2018-10-29 08:30:00,0.004786893424530822
2018-10-29 09:00:00,0.004747297113303733
2018-10-29 09:30:00,0.0047078912697625964
2018-10-29 10:00:00,0.004680129564165227
2018-10-29 10:30:00,0.004648274964087732
2018-10-29 11:00:00,0.0046020398936639055
2018-10-29 11:30:00,0.004532926292962661
2018-10-29 12:00:00,0.004440851812719775
2018-10-29 12:30:00,0.004322047273492807
2018-10-29 13:00:00,0.004170019727901745
2018-10-29 13:30:00,0.00397527708276877
2018-10-29 14:00:00,0.00376611155221654
2018-10-29 14:30:00,0.0035556728492206844
2018-10-29 15:00:00,0.003325883189531076
2018-10-29 15:30:00,0.0030687846251546544
2018-10-29 16:00:00,0.002815014123462285
2018-10-29 16:30:00,0.0025220993111689863
2018-10-29 17:00:00,0.0025159712134445456
2018-10-29 17:30:00,0.0024665699778697262
2018-10-29 18:00:00,0.0024430792300303163
2018-10-29 18:30:00,0.0024136446099341396
2018-10-29 19:00:00,0.0024118460507853543
2018-10-29 19:30:00,0.002386889181934742
2018-10-29 20:00:00,0.0021353702003585923
2018-10-29 20:30:00,0.0018344403797948862
2018-10-29 21:00:00,0.0017589622773589878
2018-10-29 21:30:00,0.001689679736622008
2018-10-29 22:00:00,0.0016796432899988752
2018-10-29 22:30:00,0.001676563475534078
2018-10-29 23:00:00,0.0016651559016574013
2018-10-29 23:30:00,0.0016792851627322198
2018-10-30 00:00:00,0.0016864273008132613
2018-10-30 00:30:00,0.0016977127512912975
2018-10-30 01:00:00,0.0017140683235239004
2018-10-30 01:30:00,0.0017127332090681215
2018-10-30 02:00:00,0.00175341574630422
2018-10-30 02:30:00,0.0017764037554868417
2018-10-30 03:00:00,0.0018366754940810134
2018-10-30 03:30:00,0.0019600631019798965
2018-10-30 04:00:00,0.0021322487711052675
2018-10-30 04:30:00,0.0024105913649112485
2018-10-30 05:00:00,0.0033589904747716886
2018-10-30 05:30:00,0.004385403708286585
2018-10-30 06:00:00,0.004615713072662149
2018-10-30 06:30:00,0.004677948148961988
2018-10-30 07:00:00,0.004720082482118622
2018-10-30 07:30:00,0.004707207986946349
2018-10-30 08:00:00,0.004711529602706497
2018-10-30 08:30:00,0.004701065644159682
2018-10-30 09:00:00,0.004700710477945287
2018-10-30 09:30:00,0.00467808531770725
2018-10-30 10:00:00,0.004679493978298907
2018-10-30 10:30:00,0.004669473857477428
2018-10-30 11:00:00,0.004660551566788681
2018-10-30 11:30:00,0.004624630081473891
2018-10-30 12:00:00,0.004551081144600003
2018-10-30 12:30:00,0.0044426397280861105
2018-10-30 13:00:00,0.004289541562031736
2018-10-30 13:30:00,0.004095752615811998
2018-10-30 14:00:00,0.0038792273498517906
2018-10-30 14:30:00,0.0036508335462035243
2018-10-30 15:00:00,0.003401301350665807
2018-10-30 15:30:00,0.0031188791471006548
2018-10-30 16:00:00,0.0028433195422774542
2018-10-30 16:30:00,0.0025606762201340295
2018-10-30 17:00:00,0.002525891058631362
2018-10-30 17:30:00,0.002434528511386056
2018-10-30 18:00:00,0.0023873654311780644
2018-10-30 18:30:00,0.0023481098810462634
2018-10-30 19:00:00,0.002354062716488251
2018-10-30 19:30:00,0.0023096324474314884
2018-10-30 20:00:00,0.0020844560271354785
2018-10-30 20:30:00,0.0018184807082523712
2018-10-30 21:00:00,0.0017184105866214325
2018-10-30 21:30:00,0.0016506741153066913
2018-10-30 22:00:00,0.0016362721173101384
2018-10-30 22:30:00,0.0016331064323297836
2018-10-30 23:00:00,0.0016187851830286623
2018-10-30 23:30:00,0.0016270857327711202
2018-10-31 00:00:00,0.001640457524666297
2018-10-31 00:30:00,0.0016448518062494887
2018-10-31 01:00:00,0.0016560492254441013
2018-10-31 01:30:00,0.0016639546747808656
2018-10-31 02:00:00,0.0016891214582282232
2018-10-31 02:30:00,0.0017251160895366928
2018-10-31 03:00:00,0.0017743977626229345
2018-10-31 03:30:00,0.0018986332718380666
2018-10-31 04:00:00,0.002075223386158443
2018-10-31 04:30:00,0.0023294242007698756
2018-10-31 05:00:00,0.0032443065198649043
2018-10-31 05:30:00,0.004241920399036184
2018-10-31 06:00:00,0.004430156011783799
2018-10-31 06:30:00,0.004537990412584267
2018-10-31 07:00:00,0.004552473479390008
2018-10-31 07:30:00,0.004579847447198115
2018-10-31 08:00:00,0.004583707618976245
2018-10-31 08:30:00,0.004616711267387735
2018-10-31 09:00:00,0.004651426243948983
2018-10-31 09:30:00,0.004673700399451477
2018-10-31 10:00:00,0.004713179549043174
2018-10-31 10:30:00,0.004739975231347627
2018-10-31 11:00:00,0.004755250019505107
2018-10-31 11:30:00,0.004735377037300651
2018-10-31 12:00:00,0.004680215034538587
2018-10-31 12:30:00,0.004571329300128723
2018-10-31 13:00:00,0.0044127999240008665
2018-10-31 13:30:00,0.004206322548730637
2018-10-31 14:00:00,0.003969520317003499
2018-10-31 14:30:00,0.0037177052302012873
2018-10-31 15:00:00,0.0034530639053758066
2018-10-31 15:30:00,0.003170678754978132
2018-10-31 16:00:00,0.0028988763253314544
2018-10-31 16:30:00,0.002587883568731148
2018-10-31 17:00:00,0.002581791963975109
2018-10-31 17:30:00,0.0024948956438800834
2018-10-31 18:00:00,0.0024236075904498335
2018-10-31 18:30:00,0.0023838800325820027
2018-10-31 19:00:00,0.00234397257078223
2018-10-31 19:30:00,0.002302949432507721
2018-10-31 20:00:00,0.002092505927805497
2018-10-31 20:30:00,0.0018229901507599688
2018-10-31 21:00:00,0.0017244676991200573
2018-10-31 21:30:00,0.0016414158652290232
2018-10-31 22:00:00,0.001622827659591917
2018-10-31 22:30:00,0.0016083865276884605
2018-10-31 23:00:00,0.0015872883100756267
2018-10-31 23:30:00,0.001598604411445982
2018-11-01 00:00:00,0.0015949627173076236
2018-11-01 00:30:00,0.001587962629706652
2018-11-01 01:00:00,0.0016049613104788848
2018-11-01 01:30:00,0.0015957254683642702
2018-11-01 02:00:00,0.0016243648458573732
2018-11-01 02:30:00,0.001652816236546147
2018-11-01 03:00:00,0.0016962595148588516
2018-11-01 03:30:00,0.0018292445333619024
2018-11-01 04:00:00,0.0019848305435142682
2018-11-01 04:30:00,0.0022352068790315793
2018-11-01 05:00:00,0.0030566833647645993
2018-11-01 05:30:00,0.003960519038244988
2018-11-01 06:00:00,0.004242348471158942
2018-11-01 06:30:00,0.004333089197429519
2018-11-01 07:00:00,0.004390307851057679
2018-11-01 07:30:00,0.00444789583593402
2018-11-01 08:00:00,0.004488930018133176
2018-11-01 08:30:00,0.004575972550187124
2018-11-01 09:00:00,0.004654777434852042
2018-11-01 09:30:00,0.004696608540251501
2018-11-01 10:00:00,0.004744253471693579
2018-11-01 10:30:00,0.004761458385754341
2018-11-01 11:00:00,0.004761639810226634
2018-11-01 11:30:00,0.004707041527792239
2018-11-01 12:00:00,0.004621398773173167
2018-11-01 12:30:00,0.004488318040656502
2018-11-01 13:00:00,0.004315228050165052
2018-11-01 13:30:00,0.004082228689853378
2018-11-01 14:00:00,0.0038307493223547675
2018-11-01 14:30:00,0.0035692989714965163
2018-11-01 15:00:00,0.0032957100669954147
2018-11-01 15:30:00,0.0030104691017350358
2018-11-01 16:00:00,0.002749491638925649
2018-11-01 16:30:00,0.0024798194062809445
2018-11-01 17:00:00,0.0024811486786606423
2018-11-01 17:30:00,0.0024282428376642875
2018-11-01 18:00:00,0.002399183150807056
2018-11-01 18:30:00,0.002366561718222503
2018-11-01 19:00:00,0.002352476072647199
2018-11-01 19:30:00,0.0023066813186973694
2018-11-01 20:00:00,0.002105060469276745
2018-11-01 20:30:00,0.0018392512094055507
2018-11-01 21:00:00,0.0017334050351554267
2018-11-01 21:30:00,0.0016576871675148578
2018-11-01 22:00:00,0.0016395136692511165
2018-11-01 22:30:00,0.0016276184020642729
2018-11-01 23:00:00,0.0016266724659096655
2018-11-01 23:30:00,0.0016355250518276293
2018-11-02 00:00:00,0.0016386607261431806
2018-11-02 00:30:00,0.001646365624210618
2018-11-02 01:00:00,0.001654515080259345
2018-11-02 01:30:00,0.0016605559469847564
2018-11-02 02:00:00,0.0016839426578528478
2018-11-02 02:30:00,0.0017240811617573882
2018-11-02 03:00:00,0.0017735539427570987
2018-11-02 03:30:00,0.0018950380742230437
2018-11-02 04:00:00,0.0020680157848139095
2018-11-02 04:30:00,0.0023451241800262904
2018-11-02 05:00:00,0.0032090397472134694
2018-11-02 05:30:00,0.004169197595743007
2018-11-02 06:00:00,0.00445386043555661
2018-11-02 06:30:00,0.004628131565786288
2018-11-02 07:00:00,0.004612210227866283
2018-11-02 07:30:00,0.004667268033600149
2018-11-02 08:00:00,0.0047016770614372785
2018-11-02 08:30:00,0.004742332308975516
2018-11-02 09:00:00,0.004774705413312375
2018-11-02 09:30:00,0.0047833882589102105
2018-11-02 10:00:00,0.004795450305364922
2018-11-02 10:30:00,0.004790950546298502
2018-11-02 11:00:00,0.004780234498167338
2018-11-02 11:30:00,0.004723728177678955
2018-11-02 12:00:00,0.004628041773877196
2018-11-02 12:30:00,0.004494119862433199
2018-11-02 13:00:00,0.004319401853397487
2018-11-02 13:30:00,0.0040927218587806
2018-11-02 14:00:00,0.003848703462665905
2018-11-02 14:30:00,0.0036094714874878343
2018-11-02 15:00:00,0.0033569202190708823
2018-11-02 15:30:00,0.003103627567190624
2018-11-02 16:00:00,0.0028587104517006122
2018-11-02 16:30:00,0.002606908969733112
2018-11-02 17:00:00,0.0026299545993921565
2018-11-02 17:30:00,0.002557376567545992
2018-11-02 18:00:00,0.002532523895723578
2018-11-02 18:30:00,0.0025073928849886663
2018-11-02 19:00:00,0.0024611321254357672
2018-11-02 19:30:00,0.00242128484502248
2018-11-02 20:00:00,0.0021885173270999674
2018-11-02 20:30:00,0.0018586899572974086
2018-11-02 21:00:00,0.001775717111476137
2018-11-02 21:30:00,0.0016928398196115997
2018-11-02 22:00:00,0.0016828634743465132
2018-11-02 22:30:00,0.001678932397371009
2018-11-02 23:00:00,0.0016697991517158027
2018-11-02 23:30:00,0.0016680604538397458
2018-11-03 00:00:00,0.0015844757905986797
2018-11-03 00:30:00,0.001502162059004933
2018-11-03 01:00:00,0.0014858957985107854
2018-11-03 01:30:00,0.0014682977847553164
2018-11-03 02:00:00,0.0014725588990152196
2018-11-03 02:30:00,0.0014766316263285961
2018-11-03 03:00:00,0.0014860241641277052
2018-11-03 03:30:00,0.0014918767239350292
2018-11-03 04:00:00,0.0014810713640654102
2018-11-03 04:30:00,0.0014771398069192692
2018-11-03 05:00:00,0.0021152451285697876
2018-11-03 05:30:00,0.0029590392252479385
2018-11-03 06:00:00,0.00284323615264352
2018-11-03 06:30:00,0.0026809830532268423
2018-11-03 07:00:00,0.002357819411494137
2018-11-03 07:30:00,0.0021331907058379012
2018-11-03 08:00:00,0.001975378704641508
2018-11-03 08:30:00,0.001841360518984821
2018-11-03 09:00:00,0.0017591016869005552
2018-11-03 09:30:00,0.0016488884407366616
2018-11-03 10:00:00,0.0015923638737640779
2018-11-03 10:30:00,0.0015698226633590513
2018-11-03 11:00:00,0.0014850572605219548
2018-11-03 11:30:00,0.0014855499155953696
2018-11-03 12:00:00,0.001459515543835652
2018-11-03 12:30:00,0.0014058009354299523
2018-11-03 13:00:00,0.001442730939139018
2018-11-03 13:30:00,0.001419515088989208
2018-11-03 14:00:00,0.0014174185839602536
2018-11-03 14:30:00,0.0014411262888990835
2018-11-03 15:00:00,0.0014294246905357717
2018-11-03 15:30:00,0.0014229908841725326
2018-11-03 16:00:00,0.0014302881173692788
2018-11-03 16:30:00,0.0014670150088989544
2018-11-03 17:00:00,0.0016480969594702432
2018-11-03 17:30:00,0.0017847571239993534
2018-11-03 18:00:00,0.0019624404268029725
2018-11-03 18:30:00,0.0020243276194764083
2018-11-03 19:00:00,0.0021307662442639737
2018-11-03 19:30:00,0.0021929725903540396
2018-11-03 20:00:00,0.0019003301948687173
2018-11-03 20:30:00,0.001666144973140886
2018-11-03 21:00:00,0.0016313373236467256
2018-11-03 21:30:00,0.0015805641605339685
2018-11-03 22:00:00,0.0015751289490385117
2018-11-03 22:30:00,0.0015645933650383663
2018-11-03 23:00:00,0.0015522450568556485
2018-11-03 23:30:00,0.001552091642337173
2018-11-04 00:00:00,0.0015037679896998993
2018-11-04 00:30:00,0.0014673905823654157
2018-11-04 01:00:00,0.0014785200574149132
2018-11-04 01:30:00,0.0014623495909628181
2018-11-04 02:00:00,0.001481412605331336
2018-11-04 02:30:00,0.001486543788785223
2018-11-04 03:00:00,0.001500754678868307
2018-11-04 03:30:00,0.0015215702360329114
2018-11-04 04:00:00,0.001523925312949813
2018-11-04 04:30:00,0.001558953120680972
2018-11-04 05:00:00,0.0025167422874588976
2018-11-04 05:30:00,0.003075807200747119
2018-11-04 06:00:00,0.002861432138898754
2018-11-04 06:30:00,0.0025529687611565294
2018-11-04 07:00:00,0.002265371278467338
2018-11-04 07:30:00,0.002391418871637527
2018-11-04 08:00:00,0.0021297178717068366
2018-11-04 08:30:00,0.0019358848298169475
2018-11-04 09:00:00,0.0017771499406565164
2018-11-04 09:30:00,0.0016226904108182154
2018-11-04 10:00:00,0.0015372362032025487
2018-11-04 10:30:00,0.0014879973453314269
2018-11-04 11:00:00,0.0013999899103827157
2018-11-04 11:30:00,0.0013596165230083132
2018-11-04 12:00:00,0.0013479001193836986
2018-11-04 12:30:00,0.0013185521700874742
2018-11-04 13:00:00,0.0013183728263546084
2018-11-04 13:30:00,0.0013109806794286433
2018-11-04 14:00:00,0.0012855626066813311
2018-11-04 14:30:00,0.0012913259347786395
2018-11-04 15:00:00,0.0013191025256657511
2018-11-04 15:30:00,0.0013168713327731583
2018-11-04 16:00:00,0.0013185823408091565
2018-11-04 16:30:00,0.0013572348766495053
2018-11-04 17:00:00,0.001555835612821182
2018-11-04 17:30:00,0.0017109275273882228
2018-11-04 18:00:00,0.001872017413437116
2018-11-04 18:30:00,0.0019305717417201313
2018-11-04 19:00:00,0.001979654224020517
2018-11-04 19:30:00,0.002040064411814982
2018-11-04 20:00:00,0.001752683005912377
2018-11-04 20:30:00,0.0014683408400557544
2018-11-04 21:00:00,0.0014007975573939082
2018-11-04 21:30:00,0.0013737861184166273
2018-11-04 22:00:00,0.0013733863763614443
2018-11-04 22:30:00,0.0013977137415071375
2018-11-04 23:00:00,0.0014032321825796492
2018-11-04 23:30:00,0.0014012409949770454
2018-11-05 00:00:00,0.0015480193951944335
2018-11-05 00:30:00,0.0016690480047828805
2018-11-05 01:00:00,0.0017224112883392805
2018-11-05 01:30:00,0.0017607055368560947
2018-11-05 02:00:00,0.0017762871540505248
2018-11-05 02:30:00,0.0018124916199273007
2018-11-05 03:00:00,0.0018169051083359662
2018-11-05 03:30:00,0.0018817222222070602
2018-11-05 04:00:00,0.0019421428136986575
2018-11-05 04:30:00,0.002045102042023122
2018-11-05 05:00:00,0.0022554217427294765
2018-11-05 05:30:00,0.0025073892837088898
2018-11-05 06:00:00,0.0035101461105146595
2018-11-05 06:30:00,0.004465403257496002
2018-11-05 07:00:00,0.0044269076574254655
2018-11-05 07:30:00,0.0045308023381789644
2018-11-05 08:00:00,0.004542655670463524
2018-11-05 08:30:00,0.004519859489450326
2018-11-05 09:00:00,0.0045499898767993084
2018-11-05 09:30:00,0.00460134428646798
2018-11-05 10:00:00,0.004649321335933883
2018-11-05 10:30:00,0.004677274949729115
2018-11-05 11:00:00,0.004704714460829154
2018-11-05 11:30:00,0.0047124825013353374
2018-11-05 12:00:00,0.004696985874343631
2018-11-05 12:30:00,0.004633095729886989
2018-11-05 13:00:00,0.004536256596443017
2018-11-05 13:30:00,0.004416354947339272
2018-11-05 14:00:00,0.00424205860815116
2018-11-05 14:30:00,0.004023680043589564
2018-11-05 15:00:00,0.003778441293801299
2018-11-05 15:30:00,0.0035123951497492557
2018-11-05 16:00:00,0.0032546081007080218
2018-11-05 16:30:00,0.003018389276304664
2018-11-05 17:00:00,0.002941974040842501
2018-11-05 17:30:00,0.0028217234677426397
2018-11-05 18:00:00,0.0027614564508263973
2018-11-05 18:30:00,0.0026753275234375085
2018-11-05 19:00:00,0.002573812648388708
2018-11-05 19:30:00,0.0025254056861459396
2018-11-05 20:00:00,0.0025168872189627886
2018-11-05 20:30:00,0.002461590848450844
2018-11-05 21:00:00,0.002198741520442112
2018-11-05 21:30:00,0.0018797631260086861
2018-11-05 22:00:00,0.0017810828582861284
2018-11-05 22:30:00,0.0016776104876077434
2018-11-05 23:00:00,0.0016541394267644443
2018-11-05 23:30:00,0.0016514489506576982
2018-11-06 00:00:00,0.0016533479454980261
2018-11-06 00:30:00,0.0016586255809961543
2018-11-06 01:00:00,0.0016713321765024064
2018-11-06 01:30:00,0.0016937679894526432
2018-11-06 02:00:00,0.0016839242513117685
2018-11-06 02:30:00,0.001717022973509357
2018-11-06 03:00:00,0.0017401557541389906
2018-11-06 03:30:00,0.0017705992127432027
2018-11-06 04:00:00,0.0018381200074135563
2018-11-06 04:30:00,0.0019422105977868935
2018-11-06 05:00:00,0.00214440701174423
2018-11-06 05:30:00,0.0023945757534895398
2018-11-06 06:00:00,0.003339304038859652
2018-11-06 06:30:00,0.004267131038068374
2018-11-06 07:00:00,0.004312656416290928
2018-11-06 07:30:00,0.004426219652931289
2018-11-06 08:00:00,0.004449506488306915
2018-11-06 08:30:00,0.004505693015151151
2018-11-06 09:00:00,0.004574938582749093
2018-11-06 09:30:00,0.004662857266158426
2018-11-06 10:00:00,0.0047420006711223275
2018-11-06 10:30:00,0.004785622732968823
2018-11-06 11:00:00,0.0048261613790707425
2018-11-06 11:30:00,0.004834925693619964
2018-11-06 12:00:00,0.004826056541815029
2018-11-06 12:30:00,0.004758079745096542
2018-11-06 13:00:00,0.004648755774952105
2018-11-06 13:30:00,0.004508022162853663
2018-11-06 14:00:00,0.004311705678429952
2018-11-06 14:30:00,0.00405128649401435
2018-11-06 15:00:00,0.0037806509590436726
2018-11-06 15:30:00,0.003505791923179646
2018-11-06 16:00:00,0.0032458259398167964
2018-11-06 16:30:00,0.0030142542868653753
2018-11-06 17:00:00,0.0029207969952167834
2018-11-06 17:30:00,0.0028190317912093017
2018-11-06 18:00:00,0.002776991491469052
2018-11-06 18:30:00,0.0026946152576640746
2018-11-06 19:00:00,0.002609800157166064
2018-11-06 19:30:00,0.0025491926992682904
2018-11-06 20:00:00,0.002552562456769309
2018-11-06 20:30:00,0.002495380216081111
2018-11-06 21:00:00,0.002237896474825491
2018-11-06 21:30:00,0.001915041182670087
2018-11-06 22:00:00,0.00178935531804633
2018-11-06 22:30:00,0.001685431907083058
2018-11-06 23:00:00,0.0016656667231865771
2018-11-06 23:30:00,0.001665905207936216
2018-11-07 00:00:00,0.0016584535998797204
2018-11-07 00:30:00,0.001661405768983553
2018-11-07 01:00:00,0.0016705906329822213
2018-11-07 01:30:00,0.0016845534349029293
2018-11-07 02:00:00,0.0017068067830111606
2018-11-07 02:30:00,0.0017140073418530199
2018-11-07 03:00:00,0.0017359104855101037
2018-11-07 03:30:00,0.0017864583685657358
2018-11-07 04:00:00,0.0018392432065616028
2018-11-07 04:30:00,0.0019459498465929734
2018-11-07 05:00:00,0.002128067205114204
2018-11-07 05:30:00,0.002402703201717411
2018-11-07 06:00:00,0.003368653988866863
2018-11-07 06:30:00,0.004277114425836135
2018-11-07 07:00:00,0.004365897176306491
2018-11-07 07:30:00,0.004567213277429589
2018-11-07 08:00:00,0.004569089624221546
2018-11-07 08:30:00,0.00460552033049672
2018-11-07 09:00:00,0.004641680940788663
2018-11-07 09:30:00,0.004680533707784581
2018-11-07 10:00:00,0.004718902462778547
2018-11-07 10:30:00,0.0047299829604230854
2018-11-07 11:00:00,0.004736709350761049
2018-11-07 11:30:00,0.004723114919747249
2018-11-07 12:00:00,0.004698353560374277
2018-11-07 12:30:00,0.004637676237648842
2018-11-07 13:00:00,0.004545747329137363
2018-11-07 13:30:00,0.004414685153949605
2018-11-07 14:00:00,0.00422727271373044
2018-11-07 14:30:00,0.003987382504637678
2018-11-07 15:00:00,0.003726792459503795
2018-11-07 15:30:00,0.0034677365595546673
2018-11-07 16:00:00,0.003205796114533065
2018-11-07 16:30:00,0.0029929734443536566
2018-11-07 17:00:00,0.0029191422471737368
2018-11-07 17:30:00,0.0027940866865392927
2018-11-07 18:00:00,0.0027499458003196753
2018-11-07 18:30:00,0.0026506194630052274
2018-11-07 19:00:00,0.002574684798322118
2018-11-07 19:30:00,0.0025177060699555073
2018-11-07 20:00:00,0.002521640107983272
2018-11-07 20:30:00,0.0024823134125687768
2018-11-07 21:00:00,0.0022291434442862357
2018-11-07 21:30:00,0.0019062708659879045
2018-11-07 22:00:00,0.001797398416298993
2018-11-07 22:30:00,0.0017009475808433595
2018-11-07 23:00:00,0.001684679319638225
2018-11-07 23:30:00,0.0016850729795320077
2018-11-08 00:00:00,0.0016784079710071226
2018-11-08 00:30:00,0.0016850503314836361
2018-11-08 01:00:00,0.0016923873388148022
2018-11-08 01:30:00,0.0016951560827353556
2018-11-08 02:00:00,0.0017099188489370664
2018-11-08 02:30:00,0.0017200875825706535
2018-11-08 03:00:00,0.001742519794241114
2018-11-08 03:30:00,0.0017818889847569708
2018-11-08 04:00:00,0.0018344643082982897
2018-11-08 04:30:00,0.0019451276344057966
2018-11-08 05:00:00,0.0021201854441955242
2018-11-08 05:30:00,0.0023649702726750814
2018-11-08 06:00:00,0.0033578583924668602
2018-11-08 06:30:00,0.004237684013564079
2018-11-08 07:00:00,0.0042789974149885675
2018-11-08 07:30:00,0.004408890374675581
2018-11-08 08:00:00,0.004431828606168849
2018-11-08 08:30:00,0.004509253560451881
2018-11-08 09:00:00,0.004576021927734281
2018-11-08 09:30:00,0.004652683410704712
2018-11-08 10:00:00,0.004744481472717646
2018-11-08 10:30:00,0.00479383301063155
2018-11-08 11:00:00,0.0048347312245120375
2018-11-08 11:30:00,0.004844206031546928
2018-11-08 12:00:00,0.004834769157992349
2018-11-08 12:30:00,0.0047743667329565136
2018-11-08 13:00:00,0.004667873768858543
2018-11-08 13:30:00,0.004524465686341251
2018-11-08 14:00:00,0.004318107713502719
2018-11-08 14:30:00,0.004057846665283521
2018-11-08 15:00:00,0.0037920560520387256
2018-11-08 15:30:00,0.0035314664070470398
2018-11-08 16:00:00,0.003269683778108084
2018-11-08 16:30:00,0.0030323408742438454
2018-11-08 17:00:00,0.0029445520769917823
2018-11-08 17:30:00,0.00282048318698764
2018-11-08 18:00:00,0.0027622240836178515
2018-11-08 18:30:00,0.0026637067537980674
2018-11-08 19:00:00,0.002583949210589626
2018-11-08 19:30:00,0.0025333565916363264
2018-11-08 20:00:00,0.002526603791913336
2018-11-08 20:30:00,0.0024737197186525182
2018-11-08 21:00:00,0.002224649287210578
2018-11-08 21:30:00,0.0018958448409214022
2018-11-08 22:00:00,0.0017744458597150595
2018-11-08 22:30:00,0.001672945069671607
2018-11-08 23:00:00,0.0016570986383709508
2018-11-08 23:30:00,0.0016598818674390496
2018-11-09 00:00:00,0.0016565873366711382
2018-11-09 00:30:00,0.0016528500885760453
2018-11-09 01:00:00,0.0016781707667125156
2018-11-09 01:30:00,0.0016715857065986667
2018-11-09 02:00:00,0.0016861083074535097
2018-11-09 02:30:00,0.0017078214635952776
2018-11-09 03:00:00,0.0017240541921732847
2018-11-09 03:30:00,0.0017737508127182097
2018-11-09 04:00:00,0.0018220700637913124
2018-11-09 04:30:00,0.0019508848003132653
2018-11-09 05:00:00,0.0021347997576420066
2018-11-09 05:30:00,0.002395632529032821
2018-11-09 06:00:00,0.00325825899811692
2018-11-09 06:30:00,0.004120668670158477
2018-11-09 07:00:00,0.00422850699235248
2018-11-09 07:30:00,0.0043669405871003784
2018-11-09 08:00:00,0.0044176490072056
2018-11-09 08:30:00,0.004513497388568858
2018-11-09 09:00:00,0.004603834131276959
2018-11-09 09:30:00,0.004711260066922341
2018-11-09 10:00:00,0.004809033852510953
2018-11-09 10:30:00,0.004869524468887092
2018-11-09 11:00:00,0.004912164021582138
2018-11-09 11:30:00,0.0049122337263529225
2018-11-09 12:00:00,0.004884914177883658
2018-11-09 12:30:00,0.004787794464730884
2018-11-09 13:00:00,0.0046585450937541364
2018-11-09 13:30:00,0.004501910470959315
2018-11-09 14:00:00,0.004294910429950867
2018-11-09 14:30:00,0.004028513041077964
2018-11-09 15:00:00,0.003752423647985432
2018-11-09 15:30:00,0.003491039480646627
2018-11-09 16:00:00,0.003231502769833128
2018-11-09 16:30:00,0.0030114748991623714
2018-11-09 17:00:00,0.002961909445229747
2018-11-09 17:30:00,0.0028615700278999713
2018-11-09 18:00:00,0.0028146283063555707
2018-11-09 18:30:00,0.0027137100433230646
2018-11-09 19:00:00,0.002620720037732574
2018-11-09 19:30:00,0.0025616958624813946
2018-11-09 20:00:00,0.002550167445661109
2018-11-09 20:30:00,0.002526104254394126
2018-11-09 21:00:00,0.002265178089814443
2018-11-09 21:30:00,0.00193568892019711
2018-11-09 22:00:00,0.001837453770654918
2018-11-09 22:30:00,0.0017323528212331953
2018-11-09 23:00:00,0.0017314440983029443
2018-11-09 23:30:00,0.0017386499390218092
2018-11-10 00:00:00,0.0016380567515104547
2018-11-10 00:30:00,0.0015816316598881396
2018-11-10 01:00:00,0.0015799704295414957
2018-11-10 01:30:00,0.0015528974486942577
2018-11-10 02:00:00,0.0015710774292615965
2018-11-10 02:30:00,0.0015525366804890993
2018-11-10 03:00:00,0.0015669990999574565
2018-11-10 03:30:00,0.001573688677213261
2018-11-10 04:00:00,0.0015800979948740203
2018-11-10 04:30:00,0.001607167534498361
2018-11-10 05:00:00,0.0015666902702095183
2018-11-10 05:30:00,0.0015743930875375292
2018-11-10 06:00:00,0.0022936438055938834
2018-11-10 06:30:00,0.0029660603603284923
2018-11-10 07:00:00,0.002681261792281537
2018-11-10 07:30:00,0.0024967006853324663
2018-11-10 08:00:00,0.002198979444992674
2018-11-10 08:30:00,0.0019994498987524383
2018-11-10 09:00:00,0.0018524699869244495
2018-11-10 09:30:00,0.0017728073574452266
2018-11-10 10:00:00,0.0016957676600698316
2018-11-10 10:30:00,0.001635788265365066
2018-11-10 11:00:00,0.0016182817241159183
2018-11-10 11:30:00,0.0015857440012790568
2018-11-10 12:00:00,0.0015535000628435123
2018-11-10 12:30:00,0.0015249802478389865
2018-11-10 13:00:00,0.001520193826902362
2018-11-10 13:30:00,0.001495119876444797
2018-11-10 14:00:00,0.0014870626931867857
2018-11-10 14:30:00,0.0015022257616427559
2018-11-10 15:00:00,0.0014775457911927314
2018-11-10 15:30:00,0.0014888423656238547
2018-11-10 16:00:00,0.0015200245667528704
2018-11-10 16:30:00,0.0015883245983384022
2018-11-10 17:00:00,0.0018082640375835378
2018-11-10 17:30:00,0.0019613437170683925
2018-11-10 18:00:00,0.0020957270724944093
2018-11-10 18:30:00,0.0022050484817287812
2018-11-10 19:00:00,0.002275274957909381
2018-11-10 19:30:00,0.0023339262006326017
2018-11-10 20:00:00,0.002384261688209864
2018-11-10 20:30:00,0.0024301972121847323
2018-11-10 21:00:00,0.002122914413981658
2018-11-10 21:30:00,0.0017946203090510211
2018-11-10 22:00:00,0.0017308083523797464
2018-11-10 22:30:00,0.0016106286844772616
2018-11-10 23:00:00,0.0016272461897922695
2018-11-10 23:30:00,0.0016436025623092674
2018-11-11 00:00:00,0.001564894031885478
2018-11-11 00:30:00,0.0015398651374393378
2018-11-11 01:00:00,0.0015207203340056753
2018-11-11 01:30:00,0.001511006642078949
2018-11-11 02:00:00,0.0015660527636606521
2018-11-11 02:30:00,0.0015656865535216094
2018-11-11 03:00:00,0.0015833404271278328
2018-11-11 03:30:00,0.001591075255831634
2018-11-11 04:00:00,0.001603971278654126
2018-11-11 04:30:00,0.0016280435931632091
2018-11-11 05:00:00,0.0016361066985257412
2018-11-11 05:30:00,0.0016807923383328725
2018-11-11 06:00:00,0.0026481044892662526
2018-11-11 06:30:00,0.0031233825074468515
2018-11-11 07:00:00,0.0028379711616388294
2018-11-11 07:30:00,0.0024758233462125866
2018-11-11 08:00:00,0.0021788460502461635
2018-11-11 08:30:00,0.0022704069879929305
2018-11-11 09:00:00,0.0020180084938669386
2018-11-11 09:30:00,0.0018771582003037403
2018-11-11 10:00:00,0.0017648918245250882
2018-11-11 10:30:00,0.0016461763569512572
2018-11-11 11:00:00,0.0015839764931647885
2018-11-11 11:30:00,0.0015464873307491035
2018-11-11 12:00:00,0.001456768887764394
2018-11-11 12:30:00,0.0014234508076142014
2018-11-11 13:00:00,0.0014323693369662936
2018-11-11 13:30:00,0.0013692713940320245
2018-11-11 14:00:00,0.001365226116473388
2018-11-11 14:30:00,0.0013963683834111054
2018-11-11 15:00:00,0.0013510216286654626
2018-11-11 15:30:00,0.0013967280312181106
2018-11-11 16:00:00,0.0014305319640243626
2018-11-11 16:30:00,0.0014897203576333467
2018-11-11 17:00:00,0.0017193050644894565
2018-11-11 17:30:00,0.0018829670645831105
2018-11-11 18:00:00,0.002009358139815531
2018-11-11 18:30:00,0.0021097679821720453
2018-11-11 19:00:00,0.0021950281208219825
2018-11-11 19:30:00,0.0022277172574663327
2018-11-11 20:00:00,0.002270360651526474
2018-11-11 20:30:00,0.0023550565896781044
2018-11-11 21:00:00,0.001954944162877249
2018-11-11 21:30:00,0.0016370113400055789
2018-11-11 22:00:00,0.001576470465769449
2018-11-11 22:30:00,0.001464559656347389
2018-11-11 23:00:00,0.0015156590954078905
2018-11-11 23:30:00,0.001522532097846974
2018-11-12 00:00:00,0.00165233614593773
2018-11-12 00:30:00,0.0017830680437557714
2018-11-12 01:00:00,0.001818352422663891
2018-11-12 01:30:00,0.001871296917396513
2018-11-12 02:00:00,0.0018892021603311305
2018-11-12 02:30:00,0.0019208370823422622
2018-11-12 03:00:00,0.0019407593620654347
2018-11-12 03:30:00,0.0019739738053865057
2018-11-12 04:00:00,0.0020538529117945115
2018-11-12 04:30:00,0.002136983093527793
2018-11-12 05:00:00,0.00236148335353867
2018-11-12 05:30:00,0.002642882793647318
2018-11-12 06:00:00,0.0037553221180063757
2018-11-12 06:30:00,0.0047331352006256084
2018-11-12 07:00:00,0.004711637000872273
2018-11-12 07:30:00,0.004849404518918413
2018-11-12 08:00:00,0.004835752947598828
2018-11-12 08:30:00,0.0048372850120441575
2018-11-12 09:00:00,0.00486336900143635
2018-11-12 09:30:00,0.004868135815405303
2018-11-12 10:00:00,0.004890251514597635
2018-11-12 10:30:00,0.0048743988410787
2018-11-12 11:00:00,0.004867555049020025
2018-11-12 11:30:00,0.004834725142350637
2018-11-12 12:00:00,0.004786679188398346
2018-11-12 12:30:00,0.004692203534857421
2018-11-12 13:00:00,0.004558447682425336
2018-11-12 13:30:00,0.004388557308972579
2018-11-12 14:00:00,0.004168866518088895
2018-11-12 14:30:00,0.00393151385075504
2018-11-12 15:00:00,0.0036752537443390096
2018-11-12 15:30:00,0.0034377471022876034
2018-11-12 16:00:00,0.003202434439904433
2018-11-12 16:30:00,0.0030352292606814152
2018-11-12 17:00:00,0.0030004284936330497
2018-11-12 17:30:00,0.002893609493672655
2018-11-12 18:00:00,0.00285988702981779
2018-11-12 18:30:00,0.0027679546800834145
2018-11-12 19:00:00,0.0027083979955959616
2018-11-12 19:30:00,0.00266529027652998
2018-11-12 20:00:00,0.0026601366851130397
2018-11-12 20:30:00,0.002635047449223534
2018-11-12 21:00:00,0.0023245953647603288
2018-11-12 21:30:00,0.0019579012937443294
2018-11-12 22:00:00,0.00187434616099743
2018-11-12 22:30:00,0.0017735921163227288
2018-11-12 23:00:00,0.0017710813840910462
2018-11-12 23:30:00,0.0017721097495383138
2018-11-13 00:00:00,0.0017834689862375468
2018-11-13 00:30:00,0.001773063928622187
2018-11-13 01:00:00,0.0017843633040486918
2018-11-13 01:30:00,0.0018039432221077856
2018-11-13 02:00:00,0.001805520102479222
2018-11-13 02:30:00,0.001845758561904668
2018-11-13 03:00:00,0.001862230975658906
2018-11-13 03:30:00,0.0018791224983506804
2018-11-13 04:00:00,0.0019474811107539087
2018-11-13 04:30:00,0.0020584234960298684
2018-11-13 05:00:00,0.002238608007680873
2018-11-13 05:30:00,0.0025151166697678197
2018-11-13 06:00:00,0.0035693531507500417
2018-11-13 06:30:00,0.004552752298473143
2018-11-13 07:00:00,0.004563134868097011
2018-11-13 07:30:00,0.004715574160009178
2018-11-13 08:00:00,0.004720916458486402
2018-11-13 08:30:00,0.004766594370914597
2018-11-13 09:00:00,0.004804542096288481
2018-11-13 09:30:00,0.004813421491733668
2018-11-13 10:00:00,0.004837286692641387
2018-11-13 10:30:00,0.004842621468445302
2018-11-13 11:00:00,0.004844063020725584
2018-11-13 11:30:00,0.004821912028991442
2018-11-13 12:00:00,0.004780976201744402
2018-11-13 12:30:00,0.004690755980444177
2018-11-13 13:00:00,0.0045679202486639215
2018-11-13 13:30:00,0.0044167896618225065
2018-11-13 14:00:00,0.004220137137981435
2018-11-13 14:30:00,0.0039828687405943485
2018-11-13 15:00:00,0.003735427448094823
2018-11-13 15:30:00,0.0034979810674583426
2018-11-13 16:00:00,0.0032519535573706003
2018-11-13 16:30:00,0.003070583024246561
2018-11-13 17:00:00,0.0030217450288287746
2018-11-13 17:30:00,0.0029237247556465756
2018-11-13 18:00:00,0.0028771486040137014
2018-11-13 18:30:00,0.002786468139158051
2018-11-13 19:00:00,0.002721053773043146
2018-11-13 19:30:00,0.0026591756235833713
2018-11-13 20:00:00,0.002661691157521423
2018-11-13 20:30:00,0.002624895601590677
2018-11-13 21:00:00,0.002315059095883921
2018-11-13 21:30:00,0.0019919309867783433
2018-11-13 22:00:00,0.0018628256669926528
2018-11-13 22:30:00,0.0017691505379318069
2018-11-13 23:00:00,0.0017529919156887546
2018-11-13 23:30:00,0.0017646232490822064
2018-11-14 00:00:00,0.001757670298232086
2018-11-14 00:30:00,0.0017557107218630751
2018-11-14 01:00:00,0.0017776630029819975
2018-11-14 01:30:00,0.0017817417324283347
2018-11-14 02:00:00,0.0017947565174550094
2018-11-14 02:30:00,0.0018142469637187687
2018-11-14 03:00:00,0.0018472394881771728
2018-11-14 03:30:00,0.001878588548602496
2018-11-14 04:00:00,0.001938900701558603
2018-11-14 04:30:00,0.0020686501702536367
2018-11-14 05:00:00,0.00225751832778687
2018-11-14 05:30:00,0.0025694424553657984
2018-11-14 06:00:00,0.0036030443234850718
2018-11-14 06:30:00,0.00455366158160247
2018-11-14 07:00:00,0.004635930017099474
2018-11-14 07:30:00,0.004783268776450073
2018-11-14 08:00:00,0.004811089382978896
2018-11-14 08:30:00,0.004866013301133519
2018-11-14 09:00:00,0.004915546583633473
2018-11-14 09:30:00,0.0049447507218239595
2018-11-14 10:00:00,0.00497383329681488
2018-11-14 10:30:00,0.004987200527089008
2018-11-14 11:00:00,0.004992681434823405
2018-11-14 11:30:00,0.004992008395647412
2018-11-14 12:00:00,0.004963945222918537
2018-11-14 12:30:00,0.004877687609798969
2018-11-14 13:00:00,0.004750893751430667
2018-11-14 13:30:00,0.004588699232831684
2018-11-14 14:00:00,0.004382725636587957
2018-11-14 14:30:00,0.004119938730762016
2018-11-14 15:00:00,0.003843173417469669
2018-11-14 15:30:00,0.003584344958345533
2018-11-14 16:00:00,0.003324999435473942
2018-11-14 16:30:00,0.0031314004767695196
2018-11-14 17:00:00,0.003079545009041288
2018-11-14 17:30:00,0.002979433912849338
2018-11-14 18:00:00,0.0029338649191272695
2018-11-14 18:30:00,0.00283418757707728
2018-11-14 19:00:00,0.0027621573398993286
2018-11-14 19:30:00,0.002695658348344206
2018-11-14 20:00:00,0.002690282277865522
2018-11-14 20:30:00,0.0026477847756505458
2018-11-14 21:00:00,0.0023199809249401385
2018-11-14 21:30:00,0.0019768271393675856
2018-11-14 22:00:00,0.0018723432892426626
2018-11-14 22:30:00,0.0017762934762972436
2018-11-14 23:00:00,0.0017629751433996363
2018-11-14 23:30:00,0.0017540021947087007
2018-11-15 00:00:00,0.001770664115807618
2018-11-15 00:30:00,0.0017627836353439701
2018-11-15 01:00:00,0.0017765427648862115
2018-11-15 01:30:00,0.0017907237243329314
2018-11-15 02:00:00,0.0017934303661844512
2018-11-15 02:30:00,0.0018289445067423066
2018-11-15 03:00:00,0.001846643916530592
2018-11-15 03:30:00,0.0018745996110652507
2018-11-15 04:00:00,0.0019329789971795712
2018-11-15 04:30:00,0.0020585222511241823
2018-11-15 05:00:00,0.0022677317172896854
2018-11-15 05:30:00,0.0025561569341283766
2018-11-15 06:00:00,0.003531651352770669
2018-11-15 06:30:00,0.004501221666180746
2018-11-15 07:00:00,0.004537245667926503
2018-11-15 07:30:00,0.004692451943133554
2018-11-15 08:00:00,0.004681348877469084
2018-11-15 08:30:00,0.004754054314590894
2018-11-15 09:00:00,0.0047948556140311755
2018-11-15 09:30:00,0.0048601581804161315
2018-11-15 10:00:00,0.004934092214140778
2018-11-15 10:30:00,0.004969950476988381
2018-11-15 11:00:00,0.0049866095170634775
2018-11-15 11:30:00,0.0049714657354614205
2018-11-15 12:00:00,0.004937856031677778
2018-11-15 12:30:00,0.00486342726214029
2018-11-15 13:00:00,0.004747215564323907
2018-11-15 13:30:00,0.004583226808111872
2018-11-15 14:00:00,0.004361977383340952
2018-11-15 14:30:00,0.004095773583263141
2018-11-15 15:00:00,0.0038209600035527366
2018-11-15 15:30:00,0.003566034611450288
2018-11-15 16:00:00,0.0033016308910616115
2018-11-15 16:30:00,0.0030983774614756756
2018-11-15 17:00:00,0.00302612946691391
2018-11-15 17:30:00,0.0029184956974112096
2018-11-15 18:00:00,0.0028647646831754165
2018-11-15 18:30:00,0.0027485210540116826
2018-11-15 19:00:00,0.002680079772230476
2018-11-15 19:30:00,0.002617456077828542
2018-11-15 20:00:00,0.002617191983978271
2018-11-15 20:30:00,0.0025858845383414757
2018-11-15 21:00:00,0.0022898966339722953
2018-11-15 21:30:00,0.001961683357765529
2018-11-15 22:00:00,0.00185928848999625
2018-11-15 22:30:00,0.0017433057535452081
2018-11-15 23:00:00,0.0017395387348706302
2018-11-15 23:30:00,0.0017295546268469146
2018-11-16 00:00:00,0.0017175822122444157
2018-11-16 00:30:00,0.0017327726504266865
2018-11-16 01:00:00,0.0017363151093000948
2018-11-16 01:30:00,0.0017485768267112994
2018-11-16 02:00:00,0.0017825164877509026
2018-11-16 02:30:00,0.0017831873661590305
2018-11-16 03:00:00,0.0018053308352198611
2018-11-16 03:30:00,0.00184045339662336
2018-11-16 04:00:00,0.001896502594665456
2018-11-16 04:30:00,0.002032170086431305
2018-11-16 05:00:00,0.0022358813587194837
2018-11-16 05:30:00,0.002534454901939696
2018-11-16 06:00:00,0.0035075005303624603
2018-11-16 06:30:00,0.004442493596155627
2018-11-16 07:00:00,0.004517274650883689
2018-11-16 07:30:00,0.004700450785659187
2018-11-16 08:00:00,0.0047233002656130755
2018-11-16 08:30:00,0.004796127586048209
2018-11-16 09:00:00,0.004846986459619645
2018-11-16 09:30:00,0.00488758088554388
2018-11-16 10:00:00,0.004925265877550963
2018-11-16 10:30:00,0.004932803836293654
2018-11-16 11:00:00,0.004915587158052287
2018-11-16 11:30:00,0.004868425118214009
2018-11-16 12:00:00,0.004793930965441469
2018-11-16 12:30:00,0.00464782176303498
2018-11-16 13:00:00,0.004496789611174121
2018-11-16 13:30:00,0.0043329835598894095
2018-11-16 14:00:00,0.004122255153942651
2018-11-16 14:30:00,0.0038813348187769535
2018-11-16 15:00:00,0.003638805911977787
2018-11-16 15:30:00,0.003421489564893358
2018-11-16 16:00:00,0.0031932513365314336
2018-11-16 16:30:00,0.0030258288000667988
2018-11-16 17:00:00,0.0029928653259319246
2018-11-16 17:30:00,0.0029277394623413323
2018-11-16 18:00:00,0.00291709495963506
2018-11-16 18:30:00,0.0028198818532934166
2018-11-16 19:00:00,0.0027595003957087234
2018-11-16 19:30:00,0.002721486086673196
2018-11-16 20:00:00,0.002714980654856626
2018-11-16 20:30:00,0.0026845576035044805
2018-11-16 21:00:00,0.002370932791558246
2018-11-16 21:30:00,0.0019912217747477066
2018-11-16 22:00:00,0.0018821476533913148
2018-11-16 22:30:00,0.0017728212823936954
2018-11-16 23:00:00,0.001777885001873104
2018-11-16 23:30:00,0.0017991618429628485
2018-11-17 00:00:00,0.0017396799850663055
2018-11-17 00:30:00,0.0016503358350930257
2018-11-17 01:00:00,0.0016524325802072988
2018-11-17 01:30:00,0.0016462186119673005
2018-11-17 02:00:00,0.0016592614069477914
2018-11-17 02:30:00,0.0016625228059417598
2018-11-17 03:00:00,0.0016671865432806672
2018-11-17 03:30:00,0.0016820445433253545
2018-11-17 04:00:00,0.0016886162386898105
2018-11-17 04:30:00,0.0017220121865116132
2018-11-17 05:00:00,0.0017113045413665946
2018-11-17 05:30:00,0.0017070426268222965
2018-11-17 06:00:00,0.0025210117246765064
2018-11-17 06:30:00,0.0033574150349121633
2018-11-17 07:00:00,0.0030308276965102317
2018-11-17 07:30:00,0.0028402827831130956
2018-11-17 08:00:00,0.0024924301277167047
2018-11-17 08:30:00,0.002269899287572894
2018-11-17 09:00:00,0.002099655188417652
2018-11-17 09:30:00,0.0019490597517510136
2018-11-17 10:00:00,0.0018576837597278758
2018-11-17 10:30:00,0.0017568709741785991
2018-11-17 11:00:00,0.0017118568976558584
2018-11-17 11:30:00,0.0016606408571590407
2018-11-17 12:00:00,0.001606977466954605
2018-11-17 12:30:00,0.0015937878197876754
2018-11-17 13:00:00,0.0015526031841223038
2018-11-17 13:30:00,0.0015303697630955023
2018-11-17 14:00:00,0.0015273086752855426
2018-11-17 14:30:00,0.0015168612826256997
2018-11-17 15:00:00,0.0015292013478791517
2018-11-17 15:30:00,0.0015239097874325544
2018-11-17 16:00:00,0.0015479865035058086
2018-11-17 16:30:00,0.0016608521322392575
2018-11-17 17:00:00,0.0018596522192536689
2018-11-17 17:30:00,0.002058243512069487
2018-11-17 18:00:00,0.0021597129309646646
2018-11-17 18:30:00,0.0022605349197844815
2018-11-17 19:00:00,0.0023431733267571826
2018-11-17 19:30:00,0.0024001121209324943
2018-11-17 20:00:00,0.0024773934241666667
2018-11-17 20:30:00,0.002506336029416945
2018-11-17 21:00:00,0.0021565819783270425
2018-11-17 21:30:00,0.0018314517177226524
2018-11-17 22:00:00,0.0017635150152523417
2018-11-17 22:30:00,0.0017174154329765475
2018-11-17 23:00:00,0.0017233838739642332
2018-11-17 23:30:00,0.0017221270273222616
2018-11-18 00:00:00,0.001666016527495527
2018-11-18 00:30:00,0.0016109296714381309
2018-11-18 01:00:00,0.0016211369787795453
2018-11-18 01:30:00,0.0016000974220128478
2018-11-18 02:00:00,0.001635101541325922
2018-11-18 02:30:00,0.0016481821097298456
2018-11-18 03:00:00,0.0016448301985708303
2018-11-18 03:30:00,0.0016811789557239815
2018-11-18 04:00:00,0.0016851793373280715
2018-11-18 04:30:00,0.0016957243646840753
2018-11-18 05:00:00,0.0017268310989946647
2018-11-18 05:30:00,0.0017273171117076032
2018-11-18 06:00:00,0.002826756616358169
2018-11-18 06:30:00,0.0034104782918489675
2018-11-18 07:00:00,0.002932379591290594
2018-11-18 07:30:00,0.002546177867896348
2018-11-18 08:00:00,0.0021873723602163836
2018-11-18 08:30:00,0.0023793618669745026
2018-11-18 09:00:00,0.002107637385027874
2018-11-18 09:30:00,0.0019229674394011151
2018-11-18 10:00:00,0.0018201913961746119
2018-11-18 10:30:00,0.0016687180475269208
2018-11-18 11:00:00,0.001622036578467696
2018-11-18 11:30:00,0.0015569440067079252
2018-11-18 12:00:00,0.0014792072616246939
2018-11-18 12:30:00,0.0014568269083830142
2018-11-18 13:00:00,0.0014274603924888316
2018-11-18 13:30:00,0.001398518987665146
2018-11-18 14:00:00,0.001388095123366509
2018-11-18 14:30:00,0.001376570868025076
2018-11-18 15:00:00,0.0013599136686040878
2018-11-18 15:30:00,0.001363852508338221
2018-11-18 16:00:00,0.0014025476993368105
2018-11-18 16:30:00,0.001504448471520764
2018-11-18 17:00:00,0.0017230882489088087
2018-11-18 17:30:00,0.0019019648557734555
2018-11-18 18:00:00,0.0020031967502602685
2018-11-18 18:30:00,0.0021091173509591053
2018-11-18 19:00:00,0.002168924044291481
2018-11-18 19:30:00,0.0022014462416110846
2018-11-18 20:00:00,0.002268861878911966
2018-11-18 20:30:00,0.0022989742598620655
2018-11-18 21:00:00,0.0019517798383803654
2018-11-18 21:30:00,0.0016023361375787511
2018-11-18 22:00:00,0.0015337520850615186
2018-11-18 22:30:00,0.001473012340153291
2018-11-18 23:00:00,0.0015193425643916553
2018-11-18 23:30:00,0.0015664278569564763
2018-11-19 00:00:00,0.0016816239938759075
2018-11-19 00:30:00,0.0018213490875800724
2018-11-19 01:00:00,0.0018579468932368732
2018-11-19 01:30:00,0.0018936058052417407
2018-11-19 02:00:00,0.001923821022736567
2018-11-19 02:30:00,0.0019178928360539377
2018-11-19 03:00:00,0.001941677048180907
2018-11-19 03:30:00,0.001988388687961814
2018-11-19 04:00:00,0.0020325649467516803
2018-11-19 04:30:00,0.002153536816176539
2018-11-19 05:00:00,0.002340847540249129
2018-11-19 05:30:00,0.002607461566107694
2018-11-19 06:00:00,0.0036725795940339167
2018-11-19 06:30:00,0.004820072415253206
2018-11-19 07:00:00,0.004770777857588208
2018-11-19 07:30:00,0.004886307553043376
2018-11-19 08:00:00,0.0049312138312581424
2018-11-19 08:30:00,0.004910724790126601
2018-11-19 09:00:00,0.0049054003379913795
2018-11-19 09:30:00,0.004903669082760194
2018-11-19 10:00:00,0.0049050268452643445
2018-11-19 10:30:00,0.004881495042835483
2018-11-19 11:00:00,0.004846663544866358
2018-11-19 11:30:00,0.004792060780839352
2018-11-19 12:00:00,0.004719703307372385
2018-11-19 12:30:00,0.004607568578376671
2018-11-19 13:00:00,0.004463537874600253
2018-11-19 13:30:00,0.004299870112458958
2018-11-19 14:00:00,0.004094496169312224
2018-11-19 14:30:00,0.0038534431469938756
2018-11-19 15:00:00,0.0036021341600429102
2018-11-19 15:30:00,0.0033747956914260153
2018-11-19 16:00:00,0.0031430871898430893
2018-11-19 16:30:00,0.0030224796899031648
2018-11-19 17:00:00,0.0030041751850840015
2018-11-19 17:30:00,0.002948885456932533
2018-11-19 18:00:00,0.002931882374596129
2018-11-19 18:30:00,0.002840921169974796
2018-11-19 19:00:00,0.002755605251502544
2018-11-19 19:30:00,0.002708841513207538
2018-11-19 20:00:00,0.002681190246856646
2018-11-19 20:30:00,0.0026471471090448
2018-11-19 21:00:00,0.0023227880024832013
2018-11-19 21:30:00,0.001959724261567155
2018-11-19 22:00:00,0.0018640408188176573
2018-11-19 22:30:00,0.001779583285387226
2018-11-19 23:00:00,0.0017644257388935796
2018-11-19 23:30:00,0.0017654757920479449
2018-11-20 00:00:00,0.0017807899541976459
2018-11-20 00:30:00,0.0017872586529604968
2018-11-20 01:00:00,0.0017898142011182857
2018-11-20 01:30:00,0.0018075861967011757
2018-11-20 02:00:00,0.0018103557409061238
2018-11-20 02:30:00,0.001832245919956013
2018-11-20 03:00:00,0.0018604477819705004
2018-11-20 03:30:00,0.0018849855418835758
2018-11-20 04:00:00,0.001938479431853201
2018-11-20 04:30:00,0.002054218481706038
2018-11-20 05:00:00,0.0022318376017011975
2018-11-20 05:30:00,0.0024930701151471947
2018-11-20 06:00:00,0.0034619375387733528
2018-11-20 06:30:00,0.0044751705684771765
2018-11-20 07:00:00,0.004528276000401585
2018-11-20 07:30:00,0.0047002689610446974
2018-11-20 08:00:00,0.004691846047818282
2018-11-20 08:30:00,0.004719985247564659
2018-11-20 09:00:00,0.004735861049302603
2018-11-20 09:30:00,0.004728371667822674
2018-11-20 10:00:00,0.004747418436417978
2018-11-20 10:30:00,0.004719635843397906
2018-11-20 11:00:00,0.004698647344775594
2018-11-20 11:30:00,0.00467320502341112
2018-11-20 12:00:00,0.00463873045228206
2018-11-20 12:30:00,0.004559490372963271
2018-11-20 13:00:00,0.004441030436196687
2018-11-20 13:30:00,0.004283945653429813
2018-11-20 14:00:00,0.004079570145093982
2018-11-20 14:30:00,0.0038410513033400825
2018-11-20 15:00:00,0.0035997720406233348
2018-11-20 15:30:00,0.003372927107392688
2018-11-20 16:00:00,0.003145582476585953
2018-11-20 16:30:00,0.0030076088052797215
2018-11-20 17:00:00,0.0029517773646214403
2018-11-20 17:30:00,0.0028807066684328076
2018-11-20 18:00:00,0.00285158680018909
2018-11-20 18:30:00,0.0027601660722682856
2018-11-20 19:00:00,0.002676160459435575
2018-11-20 19:30:00,0.002624177106261061
2018-11-20 20:00:00,0.002616856504759987
2018-11-20 20:30:00,0.0025861223028351586
2018-11-20 21:00:00,0.002290995984645378
2018-11-20 21:30:00,0.0019574334474871525
2018-11-20 22:00:00,0.0018738463033644626
2018-11-20 22:30:00,0.0017744067258081558
2018-11-20 23:00:00,0.001774988612591586
2018-11-20 23:30:00,0.0017864024286865419
2018-11-21 00:00:00,0.0017752226957770537
2018-11-21 00:30:00,0.0017883411176328498
2018-11-21 01:00:00,0.0017887663087317862
2018-11-21 01:30:00,0.0018323971737066228
2018-11-21 02:00:00,0.0018401676950944306
2018-11-21 02:30:00,0.0018401364840030347
2018-11-21 03:00:00,0.001896993649170081
2018-11-21 03:30:00,0.0019161188456360717
2018-11-21 04:00:00,0.0019796985597759866
2018-11-21 04:30:00,0.002105103444548743
2018-11-21 05:00:00,0.002274968929156824
2018-11-21 05:30:00,0.002586970924407363
2018-11-21 06:00:00,0.0036249413849807548
2018-11-21 06:30:00,0.004594311227149944
2018-11-21 07:00:00,0.004652631392219052
2018-11-21 07:30:00,0.004812785185611394
2018-11-21 08:00:00,0.004840791138006045
2018-11-21 08:30:00,0.004913229680282202
2018-11-21 09:00:00,0.004971079038041872
2018-11-21 09:30:00,0.0049921016287794015
2018-11-21 10:00:00,0.005015665362555614
2018-11-21 10:30:00,0.00500306440458947
2018-11-21 11:00:00,0.004975920758630174
2018-11-21 11:30:00,0.004928353694859708
2018-11-21 12:00:00,0.0048678937293758886
2018-11-21 12:30:00,0.004759735213395542
2018-11-21 13:00:00,0.004612984182904456
2018-11-21 13:30:00,0.004440456872370961
2018-11-21 14:00:00,0.004224620651274642
2018-11-21 14:30:00,0.003991017156273362
2018-11-21 15:00:00,0.0037460921179678433
2018-11-21 15:30:00,0.0035265902742297626
2018-11-21 16:00:00,0.0032996777169677586
2018-11-21 16:30:00,0.003210104765686017
2018-11-21 17:00:00,0.003167869916809401
2018-11-21 17:30:00,0.003116154578878692
2018-11-21 18:00:00,0.00310138429000367
2018-11-21 18:30:00,0.0029912076168366174
2018-11-21 19:00:00,0.0029240434288925698
2018-11-21 19:30:00,0.0028832016350619134
2018-11-21 20:00:00,0.002866221120745442
2018-11-21 20:30:00,0.0028308510313786433
2018-11-21 21:00:00,0.0024455383439185366
2018-11-21 21:30:00,0.0020537132621676257
2018-11-21 22:00:00,0.0019647815787714054
2018-11-21 22:30:00,0.0018743779322879022
2018-11-21 23:00:00,0.0018935381812103835
2018-11-21 23:30:00,0.0019074448031665791
2018-11-22 00:00:00,0.0019152643819877859
2018-11-22 00:30:00,0.0019241078446636493
2018-11-22 01:00:00,0.0019347716342238354
2018-11-22 01:30:00,0.001969270934140695
2018-11-22 02:00:00,0.0019749238229915264
2018-11-22 02:30:00,0.001997910311633798
2018-11-22 03:00:00,0.002025726676655329
2018-11-22 03:30:00,0.002067814753373946
2018-11-22 04:00:00,0.0021338240509079145
2018-11-22 04:30:00,0.0022345689723405155
2018-11-22 05:00:00,0.0024413259669782746
2018-11-22 05:30:00,0.0027467323383609534
2018-11-22 06:00:00,0.003959879851098893
2018-11-22 06:30:00,0.005014427002483161
2018-11-22 07:00:00,0.005022758043061059
2018-11-22 07:30:00,0.005144494264111354
2018-11-22 08:00:00,0.005163789120869034
2018-11-22 08:30:00,0.005208381847657933
2018-11-22 09:00:00,0.005228920666478829
2018-11-22 09:30:00,0.005233345759011219
2018-11-22 10:00:00,0.005234914236396511
2018-11-22 10:30:00,0.005195030543043262
2018-11-22 11:00:00,0.0051519229840341595
2018-11-22 11:30:00,0.005091637800662156
2018-11-22 12:00:00,0.005015829100742782
2018-11-22 12:30:00,0.004898008831292931
2018-11-22 13:00:00,0.004745907019310033
2018-11-22 13:30:00,0.004564289278336452
2018-11-22 14:00:00,0.004341038582379555
2018-11-22 14:30:00,0.004094601886880772
2018-11-22 15:00:00,0.0038378456841684293
2018-11-22 15:30:00,0.003617064345740005
2018-11-22 16:00:00,0.0033801040578449017
2018-11-22 16:30:00,0.003319295328421846
2018-11-22 17:00:00,0.003289693608944043
2018-11-22 17:30:00,0.0032369242164369946
2018-11-22 18:00:00,0.0032315920815715834
2018-11-22 18:30:00,0.0031293254993907844
2018-11-22 19:00:00,0.003075783512329034
2018-11-22 19:30:00,0.003029764438663353
2018-11-22 20:00:00,0.0029949616709040007
2018-11-22 20:30:00,0.002961143493035522
2018-11-22 21:00:00,0.0025308617850640994
2018-11-22 21:30:00,0.0020819644217008305
2018-11-22 22:00:00,0.0020068521292617774
2018-11-22 22:30:00,0.0019356224965923448
2018-11-22 23:00:00,0.0019440699785496806
2018-11-22 23:30:00,0.0019524201459246136
2018-11-23 00:00:00,0.0019630563256731806
2018-11-23 00:30:00,0.0019624832420180923
2018-11-23 01:00:00,0.0019868112473913012
2018-11-23 01:30:00,0.0019952021492419276
2018-11-23 02:00:00,0.002031285292004458
2018-11-23 02:30:00,0.002046424752070782
2018-11-23 03:00:00,0.0020635089032163753
2018-11-23 03:30:00,0.002118940601819474
2018-11-23 04:00:00,0.002148784247269813
2018-11-23 04:30:00,0.002284025267481694
2018-11-23 05:00:00,0.002500073643971064
2018-11-23 05:30:00,0.0028069780677122957
2018-11-23 06:00:00,0.003996212362478831
2018-11-23 06:30:00,0.004964605137430456
2018-11-23 07:00:00,0.004945813899642399
2018-11-23 07:30:00,0.005108902575995646
2018-11-23 08:00:00,0.00515324257297268
2018-11-23 08:30:00,0.005197852745961386
2018-11-23 09:00:00,0.005244039799321527
2018-11-23 09:30:00,0.005263878049183251
2018-11-23 10:00:00,0.00526042890347027
2018-11-23 10:30:00,0.005216725852843027
2018-11-23 11:00:00,0.005166302013868583
2018-11-23 11:30:00,0.005098643970424528
2018-11-23 12:00:00,0.005016294306061457
2018-11-23 12:30:00,0.004892694462741083
2018-11-23 13:00:00,0.0047410499332613525
2018-11-23 13:30:00,0.0045601817386519035
2018-11-23 14:00:00,0.004331434449386471
2018-11-23 14:30:00,0.004058969784403129
2018-11-23 15:00:00,0.0037938430870922265
2018-11-23 15:30:00,0.0035652016754522207
2018-11-23 16:00:00,0.0033245755248300377
2018-11-23 16:30:00,0.0032598835754382837
2018-11-23 17:00:00,0.003217440412533712
2018-11-23 17:30:00,0.0031539028733814007
2018-11-23 18:00:00,0.0031412787071678086
2018-11-23 18:30:00,0.0030266853444545112
2018-11-23 19:00:00,0.002967114334876392
2018-11-23 19:30:00,0.002923469224839329
2018-11-23 20:00:00,0.0028909923236164693
2018-11-23 20:30:00,0.0028676071332887276
2018-11-23 21:00:00,0.0024847524393186893
2018-11-23 21:30:00,0.002071880998383725
2018-11-23 22:00:00,0.001991837513561035
2018-11-23 22:30:00,0.0019167555519005433
2018-11-23 23:00:00,0.0018993290390908715
2018-11-23 23:30:00,0.001920161082114008
2018-11-24 00:00:00,0.0018232200724665835
2018-11-24 00:30:00,0.0017707463850433992
2018-11-24 01:00:00,0.0017615453552999568
2018-11-24 01:30:00,0.0017253476918405364
2018-11-24 02:00:00,0.001759476860224819
2018-11-24 02:30:00,0.0017290410843507965
2018-11-24 03:00:00,0.0017613400023242611
2018-11-24 03:30:00,0.0017762908353587408
2018-11-24 04:00:00,0.001756264758749568
2018-11-24 04:30:00,0.0018108398329365148
2018-11-24 05:00:00,0.0017830145847582018
2018-11-24 05:30:00,0.0017890211993115174
2018-11-24 06:00:00,0.0026479564366532217
2018-11-24 06:30:00,0.0033501876665430787
2018-11-24 07:00:00,0.003129587032330992
2018-11-24 07:30:00,0.00294960691331441
2018-11-24 08:00:00,0.002642017446131263
2018-11-24 08:30:00,0.0023848046811717092
2018-11-24 09:00:00,0.0021749120922468384
2018-11-24 09:30:00,0.0020500983775564915
2018-11-24 10:00:00,0.0018867307220632305
2018-11-24 10:30:00,0.0017912267831034778
2018-11-24 11:00:00,0.0017424503295556486
2018-11-24 11:30:00,0.0016574252344324527
2018-11-24 12:00:00,0.001636422330691035
2018-11-24 12:30:00,0.0015879433428527385
2018-11-24 13:00:00,0.0015557256537453417
2018-11-24 13:30:00,0.001547327149192965
2018-11-24 14:00:00,0.00151281656526614
2018-11-24 14:30:00,0.0015189601084793993
2018-11-24 15:00:00,0.0015121003907612686
2018-11-24 15:30:00,0.001524366589765084
2018-11-24 16:00:00,0.0015670799286813275
2018-11-24 16:30:00,0.0017251946774642583
2018-11-24 17:00:00,0.001925258813680194
2018-11-24 17:30:00,0.0020967536773160078
2018-11-24 18:00:00,0.0022559531315675973
2018-11-24 18:30:00,0.0023670628563105017
2018-11-24 19:00:00,0.0024250192921221915
2018-11-24 19:30:00,0.002543869047417463
2018-11-24 20:00:00,0.0026023596730626554
2018-11-24 20:30:00,0.0026538383668978337
2018-11-24 21:00:00,0.0022896608701895985
2018-11-24 21:30:00,0.001908974146644967
2018-11-24 22:00:00,0.0018527503265479339
2018-11-24 22:30:00,0.001756461788767558
2018-11-24 23:00:00,0.0018000071833690343
2018-11-24 23:30:00,0.0018229963129498083
2018-11-25 00:00:00,0.0017596716494465035
2018-11-25 00:30:00,0.001735462406277477
2018-11-25 01:00:00,0.0016922062344562677
2018-11-25 01:30:00,0.0017015926900939764
2018-11-25 02:00:00,0.0017396554963638258
2018-11-25 02:30:00,0.0017221638404044206
2018-11-25 03:00:00,0.0017624571993393474
2018-11-25 03:30:00,0.001751758037208913
2018-11-25 04:00:00,0.0017718607810631036
2018-11-25 04:30:00,0.0018008009854601974
2018-11-25 05:00:00,0.0017963351584521143
2018-11-25 05:30:00,0.0018298400249800438
2018-11-25 06:00:00,0.002838745116677002
2018-11-25 06:30:00,0.0034551404833233317
2018-11-25 07:00:00,0.0031411981985576963
2018-11-25 07:30:00,0.002862137749649615
2018-11-25 08:00:00,0.002559602158447821
2018-11-25 08:30:00,0.0025374721341648223
2018-11-25 09:00:00,0.002317583032808117
2018-11-25 09:30:00,0.002123465969986527
2018-11-25 10:00:00,0.0019495945017835923
2018-11-25 10:30:00,0.0018641050016261172
2018-11-25 11:00:00,0.0017567915059381993
2018-11-25 11:30:00,0.0016724461723799135
2018-11-25 12:00:00,0.0016271503957502168
2018-11-25 12:30:00,0.0015713609700226602
2018-11-25 13:00:00,0.0015369252126867451
2018-11-25 13:30:00,0.001505211782776487
2018-11-25 14:00:00,0.0014895959934384008
2018-11-25 14:30:00,0.0014790223159010648
2018-11-25 15:00:00,0.0014799765750133774
2018-11-25 15:30:00,0.0015084372490011305
2018-11-25 16:00:00,0.0015123889733140192
2018-11-25 16:30:00,0.001706564937067064
2018-11-25 17:00:00,0.0018922954195737594
2018-11-25 17:30:00,0.0020352310942128252
2018-11-25 18:00:00,0.0021765413912461316
2018-11-25 18:30:00,0.002225803617421581
2018-11-25 19:00:00,0.0022737483353979355
2018-11-25 19:30:00,0.0023356039968662175
2018-11-25 20:00:00,0.0023660314497825343
2018-11-25 20:30:00,0.0024101187969761424
2018-11-25 21:00:00,0.0020428263533181805
2018-11-25 21:30:00,0.0016879740904914547
2018-11-25 22:00:00,0.0015950328222206047
2018-11-25 22:30:00,0.001481588267755986
2018-11-25 23:00:00,0.0015232667589213642
2018-11-25 23:30:00,0.001532921149774439
2018-11-26 00:00:00,0.0016723553401011078
2018-11-26 00:30:00,0.0018048754733992426
2018-11-26 01:00:00,0.0018413387512492838
2018-11-26 01:30:00,0.001893560269059679
2018-11-26 02:00:00,0.0018963843126319103
2018-11-26 02:30:00,0.001902814677772252
2018-11-26 03:00:00,0.001921873690718796
2018-11-26 03:30:00,0.0019532384367182565
2018-11-26 04:00:00,0.002014687793799318
2018-11-26 04:30:00,0.0021150670652919533
2018-11-26 05:00:00,0.002298076180714265
2018-11-26 05:30:00,0.0025411134281609835
2018-11-26 06:00:00,0.003580638201085881
2018-11-26 06:30:00,0.004592219123685161
2018-11-26 07:00:00,0.0046718072466872314
2018-11-26 07:30:00,0.0048452293552025075
2018-11-26 08:00:00,0.004830931714291032
2018-11-26 08:30:00,0.004844661873538183
2018-11-26 09:00:00,0.0048976924788716805
2018-11-26 09:30:00,0.004924617567162767
2018-11-26 10:00:00,0.004947391740355109
2018-11-26 10:30:00,0.0049234846045451055
2018-11-26 11:00:00,0.004889491804621689
2018-11-26 11:30:00,0.004826907644268857
2018-11-26 12:00:00,0.004745877568844306
2018-11-26 12:30:00,0.004622897625816114
2018-11-26 13:00:00,0.004470095084817165
2018-11-26 13:30:00,0.004297376986483959
2018-11-26 14:00:00,0.0040894927112477405
2018-11-26 14:30:00,0.0038510581394406093
2018-11-26 15:00:00,0.003596901900669965
2018-11-26 15:30:00,0.003356822904488479
2018-11-26 16:00:00,0.0031222929202433854
2018-11-26 16:30:00,0.0030635662107017384
2018-11-26 17:00:00,0.003002870961605859
2018-11-26 17:30:00,0.0029462898945550055
2018-11-26 18:00:00,0.002918954900596923
2018-11-26 18:30:00,0.0028226965335382296
2018-11-26 19:00:00,0.002773795715795454
2018-11-26 19:30:00,0.002722149362379574
2018-11-26 20:00:00,0.0027075397706110204
2018-11-26 20:30:00,0.002665710025695032
2018-11-26 21:00:00,0.0023435462592851404
2018-11-26 21:30:00,0.0019935071468938246
2018-11-26 22:00:00,0.0018834461948502535
2018-11-26 22:30:00,0.001777482858964737
2018-11-26 23:00:00,0.001777616986629299
2018-11-26 23:30:00,0.0017782313649591566
2018-11-27 00:00:00,0.0017943880665196614
2018-11-27 00:30:00,0.0017869267750219892
2018-11-27 01:00:00,0.0018087610141926842
2018-11-27 01:30:00,0.0018173956826699547
2018-11-27 02:00:00,0.001816497363436836
2018-11-27 02:30:00,0.0018527787366439483
2018-11-27 03:00:00,0.0018625778189155953
2018-11-27 03:30:00,0.0018877722922030116
2018-11-27 04:00:00,0.0019531141525517502
2018-11-27 04:30:00,0.0020593487048186513
2018-11-27 05:00:00,0.0022445489188853787
2018-11-27 05:30:00,0.0025157871480337504
2018-11-27 06:00:00,0.0035535913895383513
2018-11-27 06:30:00,0.004533304507367624
2018-11-27 07:00:00,0.004666926552248905
2018-11-27 07:30:00,0.00479639624151953
2018-11-27 08:00:00,0.004804207737468349
2018-11-27 08:30:00,0.004844503977427098
2018-11-27 09:00:00,0.004910773207332483
2018-11-27 09:30:00,0.004941423459424303
2018-11-27 10:00:00,0.004975353677108047
2018-11-27 10:30:00,0.0049812644976193095
2018-11-27 11:00:00,0.004965526344797265
2018-11-27 11:30:00,0.004922772751575965
2018-11-27 12:00:00,0.004855961409021567
2018-11-27 12:30:00,0.004748127728477056
2018-11-27 13:00:00,0.0046113329561127455
2018-11-27 13:30:00,0.00444598019517828
2018-11-27 14:00:00,0.00423920831525078
2018-11-27 14:30:00,0.003988504743444451
2018-11-27 15:00:00,0.0037343333792987455
2018-11-27 15:30:00,0.0034883169131356517
2018-11-27 16:00:00,0.003278357500463818
2018-11-27 16:30:00,0.0032238486097963186
2018-11-27 17:00:00,0.0031526445061990788
2018-11-27 17:30:00,0.00307258869699671
2018-11-27 18:00:00,0.00302456691163314
2018-11-27 18:30:00,0.0029115622735003217
2018-11-27 19:00:00,0.0028380028529008615
2018-11-27 19:30:00,0.002778068354150642
2018-11-27 20:00:00,0.0027473151854856583
2018-11-27 20:30:00,0.002697331662985211
2018-11-27 21:00:00,0.0023898570366127124
2018-11-27 21:30:00,0.0020297164144769684
2018-11-27 22:00:00,0.0019026307724183357
2018-11-27 22:30:00,0.0017973598425911658
2018-11-27 23:00:00,0.0017984657555962856
2018-11-27 23:30:00,0.00179714080475232
2018-11-28 00:00:00,0.0018082262641601053
2018-11-28 00:30:00,0.0018110519083011263
2018-11-28 01:00:00,0.0018132141166788906
2018-11-28 01:30:00,0.001837625351629155
2018-11-28 02:00:00,0.0018554042296578396
2018-11-28 02:30:00,0.00187126226508222
2018-11-28 03:00:00,0.001890518468103633
2018-11-28 03:30:00,0.001913450777492379
2018-11-28 04:00:00,0.0019582472566881844
2018-11-28 04:30:00,0.0020755575048932553
2018-11-28 05:00:00,0.002286152903573605
2018-11-28 05:30:00,0.002580840585886617
2018-11-28 06:00:00,0.0034933788719893914
2018-11-28 06:30:00,0.0044498514909094965
2018-11-28 07:00:00,0.004646266890484399
2018-11-28 07:30:00,0.00478662508917326
2018-11-28 08:00:00,0.004843932894482996
2018-11-28 08:30:00,0.004919399632880488
2018-11-28 09:00:00,0.005005652284236808
2018-11-28 09:30:00,0.005094639987540661
2018-11-28 10:00:00,0.0051496477754998556
2018-11-28 10:30:00,0.005166349070590995
2018-11-28 11:00:00,0.005174256600667186
2018-11-28 11:30:00,0.005145977911350801
2018-11-28 12:00:00,0.005100937505471473
2018-11-28 12:30:00,0.005017006959314991
2018-11-28 13:00:00,0.004882302929931994
2018-11-28 13:30:00,0.0046982051076190495
2018-11-28 14:00:00,0.004484236270129465
2018-11-28 14:30:00,0.004236458938212579
2018-11-28 15:00:00,0.00396029279784659
2018-11-28 15:30:00,0.0036991225465265046
2018-11-28 16:00:00,0.0034531395322511113
2018-11-28 16:30:00,0.0033683421980666645
2018-11-28 17:00:00,0.0032966608048563897
2018-11-28 17:30:00,0.0032141319568173314
2018-11-28 18:00:00,0.0031685373539946313
2018-11-28 18:30:00,0.0030468205798551296
2018-11-28 19:00:00,0.0029805441473901894
2018-11-28 19:30:00,0.0029060285469958698
2018-11-28 20:00:00,0.002908117129209316
2018-11-28 20:30:00,0.0028457035094610066
2018-11-28 21:00:00,0.0025021603855304025
2018-11-28 21:30:00,0.0021400257747966733
2018-11-28 22:00:00,0.001983581139517168
2018-11-28 22:30:00,0.0018515942357112628
2018-11-28 23:00:00,0.0018674173787360314
2018-11-28 23:30:00,0.0018529303105083157
2018-11-29 00:00:00,0.0018809914825262046
2018-11-29 00:30:00,0.0018852279480267489
2018-11-29 01:00:00,0.0018819287756093482
2018-11-29 01:30:00,0.0019123386222689802
2018-11-29 02:00:00,0.0019324301621416445
2018-11-29 02:30:00,0.0019449773409964603
2018-11-29 03:00:00,0.0019796439003518245
2018-11-29 03:30:00,0.002021122400446952
2018-11-29 04:00:00,0.0020673232186986835
2018-11-29 04:30:00,0.002189369149809751
2018-11-29 05:00:00,0.0024238712841579075
2018-11-29 05:30:00,0.0027249563598941966
2018-11-29 06:00:00,0.003841186951544994
2018-11-29 06:30:00,0.004856905744607384
2018-11-29 07:00:00,0.005050248932419241
2018-11-29 07:30:00,0.0052038465559643855
2018-11-29 08:00:00,0.0052267116414639716
2018-11-29 08:30:00,0.005272297681243649
2018-11-29 09:00:00,0.0053320642002994065
2018-11-29 09:30:00,0.005359665048733428
2018-11-29 10:00:00,0.005370669039189828
2018-11-29 10:30:00,0.005337894432172118
2018-11-29 11:00:00,0.005313682147922391
2018-11-29 11:30:00,0.005257314996890257
2018-11-29 12:00:00,0.005180904082963825
2018-11-29 12:30:00,0.005054437220799221
2018-11-29 13:00:00,0.004891322535203144
2018-11-29 13:30:00,0.004695966392053146
2018-11-29 14:00:00,0.004469517919711664
2018-11-29 14:30:00,0.0042195987866690795
2018-11-29 15:00:00,0.003950607195902119
2018-11-29 15:30:00,0.003717881612881892
2018-11-29 16:00:00,0.0034863394904246373
2018-11-29 16:30:00,0.0034391338350868448
2018-11-29 17:00:00,0.003400605583413002
2018-11-29 17:30:00,0.003337754608242956
2018-11-29 18:00:00,0.0033234488844590933
2018-11-29 18:30:00,0.0032091206559657797
2018-11-29 19:00:00,0.003162093944218655
2018-11-29 19:30:00,0.003117160296277588
2018-11-29 20:00:00,0.0030955542982162784
2018-11-29 20:30:00,0.0030581396422777454
2018-11-29 21:00:00,0.002645040040261835
2018-11-29 21:30:00,0.002188814632752621
2018-11-29 22:00:00,0.002053813217688531
2018-11-29 22:30:00,0.0019359223631550617
2018-11-29 23:00:00,0.0019584906231726314
2018-11-29 23:30:00,0.0019582565399871637
2018-11-30 00:00:00,0.0019801683267157114
2018-11-30 00:30:00,0.001988926319018214
2018-11-30 01:00:00,0.0020162972457456216
2018-11-30 01:30:00,0.0020435636553310732
2018-11-30 02:00:00,0.00206047462493364
2018-11-30 02:30:00,0.002080862590146124
2018-11-30 03:00:00,0.0021174709595569354
2018-11-30 03:30:00,0.002172622478593428
2018-11-30 04:00:00,0.0022274936580064363
2018-11-30 04:30:00,0.0023503257084784767
2018-11-30 05:00:00,0.0025806595615565225
2018-11-30 05:30:00,0.0028804726652757796
2018-11-30 06:00:00,0.00410728319340015
2018-11-30 06:30:00,0.0051650073938031785
2018-11-30 07:00:00,0.005312926119254661
2018-11-30 07:30:00,0.005405596411229445
2018-11-30 08:00:00,0.005394724547726621
2018-11-30 08:30:00,0.005402935065474668
2018-11-30 09:00:00,0.0054131947914439395
2018-11-30 09:30:00,0.005418457461623886
2018-11-30 10:00:00,0.005401750564541983
2018-11-30 10:30:00,0.005349548733727699
2018-11-30 11:00:00,0.005298013939956448
2018-11-30 11:30:00,0.005222924455622646
2018-11-30 12:00:00,0.00512124544224448
2018-11-30 12:30:00,0.004968674183435617
2018-11-30 13:00:00,0.004788910061177181
2018-11-30 13:30:00,0.004593419710334181
2018-11-30 14:00:00,0.00435814538157352
2018-11-30 14:30:00,0.004084774714626869
2018-11-30 15:00:00,0.0038117379263297117
2018-11-30 15:30:00,0.0035875857100021165
2018-11-30 16:00:00,0.0033599655412782656
2018-11-30 16:30:00,0.0033203470621734404
2018-11-30 17:00:00,0.0032830270798788076
2018-11-30 17:30:00,0.003221474085968624
2018-11-30 18:00:00,0.003216554897850909
2018-11-30 18:30:00,0.0031233727439772363
2018-11-30 19:00:00,0.003078304888343167
2018-11-30 19:30:00,0.0030500822989628553
2018-11-30 20:00:00,0.003036622395755815
2018-11-30 20:30:00,0.002997250804386774
2018-11-30 21:00:00,0.0025838626998465524
2018-11-30 21:30:00,0.002137919266212784
2018-11-30 22:00:00,0.0019977541761483798
2018-11-30 22:30:00,0.0018730945962324639
2018-11-30 23:00:00,0.001869784459918855
2018-11-30 23:30:00,0.0018697746964492388
2018-12-01 00:00:00,0.0018165042458826307
2018-12-01 00:30:00,0.0017443592479224712
2018-12-01 01:00:00,0.0017243147647722189
2018-12-01 01:30:00,0.0017253796231878876
2018-12-01 02:00:00,0.0017195942072412834
2018-12-01 02:30:00,0.0017208730617041112
2018-12-01 03:00:00,0.0017563725570575422
2018-12-01 03:30:00,0.0017549292441515914
2018-12-01 04:00:00,0.0017605798922061175
2018-12-01 04:30:00,0.0017893319497420033
2018-12-01 05:00:00,0.0017824225343629576
2018-12-01 05:30:00,0.0017921057354542435
2018-12-01 06:00:00,0.0026569573952979738
2018-12-01 06:30:00,0.0034782286080837378
2018-12-01 07:00:00,0.003283166569448814
2018-12-01 07:30:00,0.003096666453439677
2018-12-01 08:00:00,0.0027872386529733256
2018-12-01 08:30:00,0.00251202813220312
2018-12-01 09:00:00,0.0023591103502513255
2018-12-01 09:30:00,0.002212184377591544
2018-12-01 10:00:00,0.0020869632381158238
2018-12-01 10:30:00,0.002032675225941278
2018-12-01 11:00:00,0.0019409719176006835
2018-12-01 11:30:00,0.0018641028408582514
2018-12-01 12:00:00,0.001811397471102784
2018-12-01 12:30:00,0.0017637078037630398
2018-12-01 13:00:00,0.0017311288662798482
2018-12-01 13:30:00,0.0017062352999248618
2018-12-01 14:00:00,0.001683035615519826
2018-12-01 14:30:00,0.0016620407146223561
2018-12-01 15:00:00,0.0016780075887244238
2018-12-01 15:30:00,0.0016943928515080722
2018-12-01 16:00:00,0.0016943763656495402
2018-12-01 16:30:00,0.0019023063371247
2018-12-01 17:00:00,0.002067653015897765
2018-12-01 17:30:00,0.002251077238835639
2018-12-01 18:00:00,0.002430691867969134
2018-12-01 18:30:00,0.0025196598042484366
2018-12-01 19:00:00,0.002599533068580361
2018-12-01 19:30:00,0.0026967660219749936
2018-12-01 20:00:00,0.0027724519582682117
2018-12-01 20:30:00,0.002841821890061099
2018-12-01 21:00:00,0.002419873783577638
2018-12-01 21:30:00,0.0020324268176651443
2018-12-01 22:00:00,0.0019280435632886427
2018-12-01 22:30:00,0.001817974528372685
2018-12-01 23:00:00,0.0018353654285267898
2018-12-01 23:30:00,0.0018655868882398955
2018-12-02 00:00:00,0.0018338007925065933
2018-12-02 00:30:00,0.00178335550591037
2018-12-02 01:00:00,0.0017885432694709665
2018-12-02 01:30:00,0.0017885490315186089
2018-12-02 02:00:00,0.0018253953254799824
2018-12-02 02:30:00,0.001845249180887403
2018-12-02 03:00:00,0.0018634227591795836
2018-12-02 03:30:00,0.0018884582159577612
2018-12-02 04:00:00,0.0018952235001173101
2018-12-02 04:30:00,0.001928953886787683
2018-12-02 05:00:00,0.001943290181435426
2018-12-02 05:30:00,0.0019514755702534775
2018-12-02 06:00:00,0.0031048660072915163
2018-12-02 06:30:00,0.0037249104306926357
2018-12-02 07:00:00,0.003519237181182262
2018-12-02 07:30:00,0.003234389075531272
2018-12-02 08:00:00,0.0028476873344471794
2018-12-02 08:30:00,0.002801092536187907
2018-12-02 09:00:00,0.0024959695455094126
2018-12-02 09:30:00,0.002268767045211187
2018-12-02 10:00:00,0.0021122122907989626
2018-12-02 10:30:00,0.001971036121430218
2018-12-02 11:00:00,0.001879890371227453
2018-12-02 11:30:00,0.001781630813011221
2018-12-02 12:00:00,0.0017124933638350116
2018-12-02 12:30:00,0.001647775005058231
2018-12-02 13:00:00,0.0015950140955657672
2018-12-02 13:30:00,0.0015785371201904792
2018-12-02 14:00:00,0.0015410460370922467
2018-12-02 14:30:00,0.0015422246159204106
2018-12-02 15:00:00,0.0015541877472239301
2018-12-02 15:30:00,0.0015421296221627525
2018-12-02 16:00:00,0.0015755695055978277
2018-12-02 16:30:00,0.0017631859383092164
2018-12-02 17:00:00,0.0019384144487603464
2018-12-02 17:30:00,0.0021443942872223535
2018-12-02 18:00:00,0.002278727624873697
2018-12-02 18:30:00,0.002358848097055162
2018-12-02 19:00:00,0.002411562269938972
2018-12-02 19:30:00,0.0024873582453364693
2018-12-02 20:00:00,0.0025398267309110875
2018-12-02 20:30:00,0.0025813690136724777
2018-12-02 21:00:00,0.0021860020332472347
2018-12-02 21:30:00,0.0017655120449310275
2018-12-02 22:00:00,0.0016845671997945191
2018-12-02 22:30:00,0.0015728063636680375
2018-12-02 23:00:00,0.0016186873082471832
2018-12-02 23:30:00,0.0016808093043620413
2018-12-03 00:00:00,0.0018159577316694488
2018-12-03 00:30:00,0.0019576221545474374
2018-12-03 01:00:00,0.0020159704095988017
2018-12-03 01:30:00,0.002056761145285072
2018-12-03 02:00:00,0.0020904894512160186
2018-12-03 02:30:00,0.002121289676603415
2018-12-03 03:00:00,0.0021578946848197686
2018-12-03 03:30:00,0.0021968598117447103
2018-12-03 04:00:00,0.002280887752512035
2018-12-03 04:30:00,0.002406397554568945
2018-12-03 05:00:00,0.002603732801027186
2018-12-03 05:30:00,0.002937199063972722
2018-12-03 06:00:00,0.004209023348506075
2018-12-03 06:30:00,0.005264408317623218
2018-12-03 07:00:00,0.005434112865039512
2018-12-03 07:30:00,0.005501021122034116
2018-12-03 08:00:00,0.005486427535953457
2018-12-03 08:30:00,0.0054721933575944855
2018-12-03 09:00:00,0.005463125175060575
2018-12-03 09:30:00,0.005408508806198858
2018-12-03 10:00:00,0.005362201630151062
2018-12-03 10:30:00,0.005286064173402322
2018-12-03 11:00:00,0.005206134649077445
2018-12-03 11:30:00,0.005101592298163265
2018-12-03 12:00:00,0.004980824101116874
2018-12-03 12:30:00,0.004832805500172925
2018-12-03 13:00:00,0.00465974512020408
2018-12-03 13:30:00,0.004478877405765269
2018-12-03 14:00:00,0.004251610562601704
2018-12-03 14:30:00,0.0040086178909957745
2018-12-03 15:00:00,0.0037564976557538403
2018-12-03 15:30:00,0.0035228833569132313
2018-12-03 16:00:00,0.0033163724497268614
2018-12-03 16:30:00,0.003295056394701773
2018-12-03 17:00:00,0.003271846946827122
2018-12-03 17:30:00,0.0032083873553748607
2018-12-03 18:00:00,0.0031956285813260696
2018-12-03 18:30:00,0.003125822334481159
2018-12-03 19:00:00,0.003098574731578984
2018-12-03 19:30:00,0.0030524419375008074
2018-12-03 20:00:00,0.003042468553287981
2018-12-03 20:30:00,0.003021758553635046
2018-12-03 21:00:00,0.0026080778651200996
2018-12-03 21:30:00,0.0021873391484140007
2018-12-03 22:00:00,0.002040488962686403
2018-12-03 22:30:00,0.0019126400894004865
2018-12-03 23:00:00,0.0019067471152312268
2018-12-03 23:30:00,0.0019305795044787608
2018-12-04 00:00:00,0.0019383986831577698
2018-12-04 00:30:00,0.0019596501552322
2018-12-04 01:00:00,0.001982233860738589
2018-12-04 01:30:00,0.001999317211599787
2018-12-04 02:00:00,0.0020321788095312076
2018-12-04 02:30:00,0.002034817587266052
2018-12-04 03:00:00,0.002069116095828266
2018-12-04 03:30:00,0.0021016072421133525
2018-12-04 04:00:00,0.0021502352429059535
2018-12-04 04:30:00,0.002295904288895324
2018-12-04 05:00:00,0.0025137716317855455
2018-12-04 05:30:00,0.002805777561091715
2018-12-04 06:00:00,0.004018060526597995
2018-12-04 06:30:00,0.0049651235616613824
2018-12-04 07:00:00,0.005193054160701961
2018-12-04 07:30:00,0.005310093832753163
2018-12-04 08:00:00,0.005289978444405536
2018-12-04 08:30:00,0.005306869646983551
2018-12-04 09:00:00,0.005322541856371469
2018-12-04 09:30:00,0.005312916115699726
2018-12-04 10:00:00,0.005305084692669477
2018-12-04 10:30:00,0.005268720490027507
2018-12-04 11:00:00,0.005227333382410262
2018-12-04 11:30:00,0.005151069560755587
2018-12-04 12:00:00,0.005068087991834412
2018-12-04 12:30:00,0.004959199216343848
2018-12-04 13:00:00,0.004811526498315314
2018-12-04 13:30:00,0.004641230940873489
2018-12-04 14:00:00,0.004421486290850038
2018-12-04 14:30:00,0.004179197069227102
2018-12-04 15:00:00,0.003917705263637203
2018-12-04 15:30:00,0.003666002776849334
2018-12-04 16:00:00,0.003425233295292049
2018-12-04 16:30:00,0.003379106423318393
2018-12-04 17:00:00,0.003304636839276772
2018-12-04 17:30:00,0.0032623639768914053
2018-12-04 18:00:00,0.0032460276915127163
2018-12-04 18:30:00,0.003137581953463091
2018-12-04 19:00:00,0.0030863190963291796
2018-12-04 19:30:00,0.0030280405460485988
2018-12-04 20:00:00,0.003036344777099272
2018-12-04 20:30:00,0.003017611800015154
2018-12-04 21:00:00,0.0026322298879549004
2018-12-04 21:30:00,0.002204738451554251
2018-12-04 22:00:00,0.0020340730826936063
2018-12-04 22:30:00,0.0018950322321469619
2018-12-04 23:00:00,0.0019117861059228373
2018-12-04 23:30:00,0.0019204699918903855
2018-12-05 00:00:00,0.0019193811249428741
2018-12-05 00:30:00,0.001962198820944194
2018-12-05 01:00:00,0.00198036855787128
2018-12-05 01:30:00,0.0019751310166213295
2018-12-05 02:00:00,0.0020145361399065112
2018-12-05 02:30:00,0.0020039539793545906
2018-12-05 03:00:00,0.0020347715709133534
2018-12-05 03:30:00,0.0020859423953418672
2018-12-05 04:00:00,0.0021044726603887927
2018-12-05 04:30:00,0.002237006878692275
2018-12-05 05:00:00,0.0024414700181693318
2018-12-05 05:30:00,0.0027331223018014555
2018-12-05 06:00:00,0.00395632274702106
2018-12-05 06:30:00,0.0048950976367501085
2018-12-05 07:00:00,0.00514894432551686
2018-12-05 07:30:00,0.005289497713569602
2018-12-05 08:00:00,0.005292595774518599
2018-12-05 08:30:00,0.005334390066835901
2018-12-05 09:00:00,0.005425285888222182
2018-12-05 09:30:00,0.005452000661774325
2018-12-05 10:00:00,0.005473707655726252
2018-12-05 10:30:00,0.0054495129777332105
2018-12-05 11:00:00,0.005410508556844486
2018-12-05 11:30:00,0.0053535237463164746
2018-12-05 12:00:00,0.005275690807048993
2018-12-05 12:30:00,0.005166685110008354
2018-12-05 13:00:00,0.0050118664125336845
2018-12-05 13:30:00,0.004832003695237813
2018-12-05 14:00:00,0.00461289799227514
2018-12-05 14:30:00,0.004367028698412242
2018-12-05 15:00:00,0.004078831962768255
2018-12-05 15:30:00,0.0038063178402093162
2018-12-05 16:00:00,0.0035497520251544868
2018-12-05 16:30:00,0.0035073684834373243
2018-12-05 17:00:00,0.0034334189241954187
2018-12-05 17:30:00,0.0033477691270736723
2018-12-05 18:00:00,0.003341640069007959
2018-12-05 18:30:00,0.0032322146228022674
2018-12-05 19:00:00,0.0031655445304435447
2018-12-05 19:30:00,0.003097480502726028
2018-12-05 20:00:00,0.00309527451879187
2018-12-05 20:30:00,0.0030749392122925616
2018-12-05 21:00:00,0.002678671831894773
2018-12-05 21:30:00,0.0022648266049082643
2018-12-05 22:00:00,0.0020959770013108925
2018-12-05 22:30:00,0.0019380407159479934
2018-12-05 23:00:00,0.0019649185874597887
2018-12-05 23:30:00,0.001971227709514324
2018-12-06 00:00:00,0.001970210147906386
2018-12-06 00:30:00,0.002000225934530038
2018-12-06 01:00:00,0.0019903243358274213
2018-12-06 01:30:00,0.0020336493321065807
2018-12-06 02:00:00,0.002067582590871026
2018-12-06 02:30:00,0.002058190533242554
2018-12-06 03:00:00,0.002121054873161992
2018-12-06 03:30:00,0.0021364380198265216
2018-12-06 04:00:00,0.0022080823598693185
2018-12-06 04:30:00,0.0023497199732200828
2018-12-06 05:00:00,0.0025056264972725508
2018-12-06 05:30:00,0.0028209326267037375
2018-12-06 06:00:00,0.003959817669001419
2018-12-06 06:30:00,0.005038353825289277
2018-12-06 07:00:00,0.005239490982821707
2018-12-06 07:30:00,0.005338066333260112
2018-12-06 08:00:00,0.005355521896393314
2018-12-06 08:30:00,0.005397991068540715
2018-12-06 09:00:00,0.005471551049339251
2018-12-06 09:30:00,0.005499005445729033
2018-12-06 10:00:00,0.005529236348797996
2018-12-06 10:30:00,0.005520119268887564
2018-12-06 11:00:00,0.005491323675880603
2018-12-06 11:30:00,0.005437940625299653
2018-12-06 12:00:00,0.005355083660658743
2018-12-06 12:30:00,0.00522156597286254
2018-12-06 13:00:00,0.005051650230394467
2018-12-06 13:30:00,0.004871001633822942
2018-12-06 14:00:00,0.004648072492135858
2018-12-06 14:30:00,0.004381622204464461
2018-12-06 15:00:00,0.004100439321313036
2018-12-06 15:30:00,0.0038509512214454696
2018-12-06 16:00:00,0.0036131828063685366
2018-12-06 16:30:00,0.00357804471944778
2018-12-06 17:00:00,0.003512285830900931
2018-12-06 17:30:00,0.0034495336908536385
2018-12-06 18:00:00,0.003448423856454984
2018-12-06 18:30:00,0.0033603772875993696
2018-12-06 19:00:00,0.0033090848999712914
2018-12-06 19:30:00,0.0032722876634433164
2018-12-06 20:00:00,0.0032966728091223113
2018-12-06 20:30:00,0.00327382220877027
2018-12-06 21:00:00,0.0027900731002426893
2018-12-06 21:30:00,0.0023205357621110265
2018-12-06 22:00:00,0.0021715007199572924
2018-12-06 22:30:00,0.0020249689673903695
2018-12-06 23:00:00,0.0020747855505660693
2018-12-06 23:30:00,0.0020988398586762698
2018-12-07 00:00:00,0.0020871349791469398
2018-12-07 00:30:00,0.00214683259371631
2018-12-07 01:00:00,0.0021474163211538484
2018-12-07 01:30:00,0.002200047024375285
2018-12-07 02:00:00,0.002231641612052921
2018-12-07 02:30:00,0.002221729849738491
2018-12-07 03:00:00,0.002294264586198899
2018-12-07 03:30:00,0.0023077020814428863
2018-12-07 04:00:00,0.002382971149594873
2018-12-07 04:30:00,0.0025154934436608734
2018-12-07 05:00:00,0.0026805344137951397
2018-12-07 05:30:00,0.0030076916347145793
2018-12-07 06:00:00,0.00423034428526597
2018-12-07 06:30:00,0.005290097606751915
2018-12-07 07:00:00,0.005449549390673172
2018-12-07 07:30:00,0.0055049473973032515
2018-12-07 08:00:00,0.005538328059693114
2018-12-07 08:30:00,0.0055105033717138775
2018-12-07 09:00:00,0.0055809468850223365
2018-12-07 09:30:00,0.0055854646504876395
2018-12-07 10:00:00,0.005604829212016103
2018-12-07 10:30:00,0.005565789978756206
2018-12-07 11:00:00,0.0055073879445935135
2018-12-07 11:30:00,0.0054337628206452444
2018-12-07 12:00:00,0.005338701038813598
2018-12-07 12:30:00,0.0051993592013060835
2018-12-07 13:00:00,0.005021010462028221
2018-12-07 13:30:00,0.004830423853814117
2018-12-07 14:00:00,0.004598433412038917
2018-12-07 14:30:00,0.004326939251941101
2018-12-07 15:00:00,0.004045524446372073
2018-12-07 15:30:00,0.0037934949633805053
2018-12-07 16:00:00,0.003555354416060009
2018-12-07 16:30:00,0.0035049298568296094
2018-12-07 17:00:00,0.003437716451395284
2018-12-07 17:30:00,0.003361889905133907
2018-12-07 18:00:00,0.003354681903647176
2018-12-07 18:30:00,0.0032618376298449705
2018-12-07 19:00:00,0.003227272626579302
2018-12-07 19:30:00,0.0031741059728986943
2018-12-07 20:00:00,0.00316300354746174
2018-12-07 20:30:00,0.00311956723162327
2018-12-07 21:00:00,0.002696929440048404
2018-12-07 21:30:00,0.002276072841450957
2018-12-07 22:00:00,0.0021193569097616286
2018-12-07 22:30:00,0.0019726060393274202
2018-12-07 23:00:00,0.0019941830670936393
2018-12-07 23:30:00,0.002014062691658571
2018-12-08 00:00:00,0.0019524395928354065
2018-12-08 00:30:00,0.001904739841912288
2018-12-08 01:00:00,0.0018861389917817447
2018-12-08 01:30:00,0.0018934771995395027
2018-12-08 02:00:00,0.0018988731170711767
2018-12-08 02:30:00,0.0018933146617789267
2018-12-08 03:00:00,0.0019362550413779638
2018-12-08 03:30:00,0.0019276642284855264
2018-12-08 04:00:00,0.0019458523719536917
2018-12-08 04:30:00,0.0019683961432687817
2018-12-08 05:00:00,0.0019396055920535083
2018-12-08 05:30:00,0.0019692113929817246
2018-12-08 06:00:00,0.002980592724652951
2018-12-08 06:30:00,0.0037975134314119172
2018-12-08 07:00:00,0.003613673300674086
2018-12-08 07:30:00,0.0033939388142624483
2018-12-08 08:00:00,0.0030525053200248725
2018-12-08 08:30:00,0.0027165889063763375
2018-12-08 09:00:00,0.002577412087511023
2018-12-08 09:30:00,0.002403061088898748
2018-12-08 10:00:00,0.0022889316510490932
2018-12-08 10:30:00,0.0022439086913695703
2018-12-08 11:00:00,0.0021136069464137127
2018-12-08 11:30:00,0.0020596645770692636
2018-12-08 12:00:00,0.0019868472601890655
2018-12-08 12:30:00,0.0019380486387635012
2018-12-08 13:00:00,0.0019275398642905803
2018-12-08 13:30:00,0.001858214828452239
2018-12-08 14:00:00,0.0018464073524635007
2018-12-08 14:30:00,0.0018165297749548237
2018-12-08 15:00:00,0.0018195465270093138
2018-12-08 15:30:00,0.0018573638860552902
2018-12-08 16:00:00,0.0018476103399657046
2018-12-08 16:30:00,0.002092056248004081
2018-12-08 17:00:00,0.002233323249651631
2018-12-08 17:30:00,0.0024316909430075534
2018-12-08 18:00:00,0.002621254707736713
2018-12-08 18:30:00,0.002653231751326605
2018-12-08 19:00:00,0.0027532552964057693
2018-12-08 19:30:00,0.002808225791112167
2018-12-08 20:00:00,0.0028622252207339623
2018-12-08 20:30:00,0.0029380181550507593
2018-12-08 21:00:00,0.0024663470986657854
2018-12-08 21:30:00,0.0020591709616545753
2018-12-08 22:00:00,0.0019561681178305963
2018-12-08 22:30:00,0.001836624676021946
2018-12-08 23:00:00,0.0018922281956845997
2018-12-08 23:30:00,0.001881843705378185
2018-12-09 00:00:00,0.0018607426867699698
2018-12-09 00:30:00,0.0018265330898040136
2018-12-09 01:00:00,0.0018038970456982079
2018-12-09 01:30:00,0.0018285348411606287
2018-12-09 02:00:00,0.0018293036743786753
2018-12-09 02:30:00,0.0018345609026247372
2018-12-09 03:00:00,0.0018534917100112404
2018-12-09 03:30:00,0.0018415308195040261
2018-12-09 04:00:00,0.0018692963664664903
2018-12-09 04:30:00,0.0018853258228082282
2018-12-09 05:00:00,0.0019250392156422718
2018-12-09 05:30:00,0.0019434128650331426
2018-12-09 06:00:00,0.002995129970712218
2018-12-09 06:30:00,0.003616394747786909
2018-12-09 07:00:00,0.0033723042460482456
2018-12-09 07:30:00,0.003147509641436976
2018-12-09 08:00:00,0.0028152225175186807
2018-12-09 08:30:00,0.002777471902191227
2018-12-09 09:00:00,0.0026216348428242248
2018-12-09 09:30:00,0.002400382697086363
2018-12-09 10:00:00,0.002272278373021639
2018-12-09 10:30:00,0.002127815915814249
2018-12-09 11:00:00,0.002036777083606624
2018-12-09 11:30:00,0.0020080425522989837
2018-12-09 12:00:00,0.0019058251876084625
2018-12-09 12:30:00,0.0018831888233888988
2018-12-09 13:00:00,0.0018335451016424675
2018-12-09 13:30:00,0.001803814536377108
2018-12-09 14:00:00,0.0018153609595962755
2018-12-09 14:30:00,0.0017552884918163995
2018-12-09 15:00:00,0.0017834361745773617
2018-12-09 15:30:00,0.001783857844424961
2018-12-09 16:00:00,0.0018210726693501222
2018-12-09 16:30:00,0.002083306818744602
2018-12-09 17:00:00,0.0022004374831314883
2018-12-09 17:30:00,0.002414107094285871
2018-12-09 18:00:00,0.0025462843057208508
2018-12-09 18:30:00,0.002616514543238106
2018-12-09 19:00:00,0.0027252565465706717
2018-12-09 19:30:00,0.00273074497697838
2018-12-09 20:00:00,0.0028019205904511657
2018-12-09 20:30:00,0.0028340180768424697
2018-12-09 21:00:00,0.0023304612092886062
2018-12-09 21:30:00,0.001903472831658503
2018-12-09 22:00:00,0.0017794270698733687
2018-12-09 22:30:00,0.0016689302029199717
2018-12-09 23:00:00,0.0017375406648222312
2018-12-09 23:30:00,0.0017747782178242036
2018-12-10 00:00:00,0.001954110666680106
2018-12-10 00:30:00,0.002073345998996774
2018-12-10 01:00:00,0.0021344154610756427
2018-12-10 01:30:00,0.0021793492690735895
2018-12-10 02:00:00,0.0021762008702361614
2018-12-10 02:30:00,0.0022386566649720743
2018-12-10 03:00:00,0.00225149258643652
2018-12-10 03:30:00,0.0022845188028679433
2018-12-10 04:00:00,0.0023488693509368915
2018-12-10 04:30:00,0.0024430747484377054
2018-12-10 05:00:00,0.0026475867852912816
2018-12-10 05:30:00,0.0029371278386615875
2018-12-10 06:00:00,0.0041212115830918826
2018-12-10 06:30:00,0.005216905196575893
2018-12-10 07:00:00,0.005406993787811136
2018-12-10 07:30:00,0.005557709667279186
2018-12-10 08:00:00,0.0055411459410755065
2018-12-10 08:30:00,0.005605956812728321
2018-12-10 09:00:00,0.005661679894879552
2018-12-10 09:30:00,0.0056902718955364855
2018-12-10 10:00:00,0.005700254483019851
2018-12-10 10:30:00,0.005667727243908561
2018-12-10 11:00:00,0.005603948899181866
2018-12-10 11:30:00,0.0055219013421778165
2018-12-10 12:00:00,0.005415032404471189
2018-12-10 12:30:00,0.005262331579618813
2018-12-10 13:00:00,0.005071748892798245
2018-12-10 13:30:00,0.004863403093551568
2018-12-10 14:00:00,0.004624966841147207
2018-12-10 14:30:00,0.004363530735351184
2018-12-10 15:00:00,0.004087468231814315
2018-12-10 15:30:00,0.003853710682067044
2018-12-10 16:00:00,0.003633513311161477
2018-12-10 16:30:00,0.0036232724719039216
2018-12-10 17:00:00,0.00357906188091352
2018-12-10 17:30:00,0.003523537589405948
2018-12-10 18:00:00,0.0035068880727151495
2018-12-10 18:30:00,0.0033831853128216093
2018-12-10 19:00:00,0.003343086823136807
2018-12-10 19:30:00,0.0032750149526322215
2018-12-10 20:00:00,0.003278331731306307
2018-12-10 20:30:00,0.0032336475320110863
2018-12-10 21:00:00,0.002745446361367012
2018-12-10 21:30:00,0.0022656872307463896
2018-12-10 22:00:00,0.0021251262399918976
2018-12-10 22:30:00,0.002023560226770272
2018-12-10 23:00:00,0.002067829958777446
2018-12-10 23:30:00,0.0020607042265264972
2018-12-11 00:00:00,0.0020680814881627197
2018-12-11 00:30:00,0.0020866952228720185
2018-12-11 01:00:00,0.0021352840097292767
2018-12-11 01:30:00,0.002145669460376965
2018-12-11 02:00:00,0.0021592803772492964
2018-12-11 02:30:00,0.0021882319456847958
2018-12-11 03:00:00,0.002189489512582723
2018-12-11 03:30:00,0.0022636872400154436
2018-12-11 04:00:00,0.0023154103407047816
2018-12-11 04:30:00,0.002403448106432054
2018-12-11 05:00:00,0.002617634861362332
2018-12-11 05:30:00,0.0029232009695102047
2018-12-11 06:00:00,0.004152371296229406
2018-12-11 06:30:00,0.005319377932016782
2018-12-11 07:00:00,0.005513700187757188
2018-12-11 07:30:00,0.005614558829602286
2018-12-11 08:00:00,0.005595622260168139
2018-12-11 08:30:00,0.005707732180347617
2018-12-11 09:00:00,0.005790558414067767
2018-12-11 09:30:00,0.0058447950479841694
2018-12-11 10:00:00,0.005879197753574581
2018-12-11 10:30:00,0.005846432269798972
2018-12-11 11:00:00,0.005775988836518951
2018-12-11 11:30:00,0.005679311760664919
2018-12-11 12:00:00,0.005559570328497005
2018-12-11 12:30:00,0.005403601942460822
2018-12-11 13:00:00,0.005210883456647516
2018-12-11 13:30:00,0.005012840358642108
2018-12-11 14:00:00,0.00477939868114545
2018-12-11 14:30:00,0.004515986193008124
2018-12-11 15:00:00,0.004234612041886351
2018-12-11 15:30:00,0.003999183658379698
2018-12-11 16:00:00,0.0037631449779936014
2018-12-11 16:30:00,0.0037424067283015313
2018-12-11 17:00:00,0.003706919717384658
2018-12-11 17:30:00,0.0036599964824097758
2018-12-11 18:00:00,0.003654027001052377
2018-12-11 18:30:00,0.0035299701153141557
2018-12-11 19:00:00,0.003474299931961418
2018-12-11 19:30:00,0.0034112190350847576
2018-12-11 20:00:00,0.0033919774772677687
2018-12-11 20:30:00,0.0033414755305363956
2018-12-11 21:00:00,0.00278626806805936
2018-12-11 21:30:00,0.0022645055308090863
2018-12-11 22:00:00,0.0021792536350884154
2018-12-11 22:30:00,0.0020767940243116003
2018-12-11 23:00:00,0.002123699092830721
2018-12-11 23:30:00,0.0021478459938453955
2018-12-12 00:00:00,0.0021455438157269874
2018-12-12 00:30:00,0.0021840321332095313
2018-12-12 01:00:00,0.002181999730960597
2018-12-12 01:30:00,0.002223314172754799
2018-12-12 02:00:00,0.002236283261542533
2018-12-12 02:30:00,0.0022351233293407668
2018-12-12 03:00:00,0.0022797208578360347
2018-12-12 03:30:00,0.002298389331997935
2018-12-12 04:00:00,0.00236108321134129
2018-12-12 04:30:00,0.0024924299676598255
2018-12-12 05:00:00,0.002685804206506199
2018-12-12 05:30:00,0.0030187124311432684
2018-12-12 06:00:00,0.004365253667624663
2018-12-12 06:30:00,0.005502924518438614
2018-12-12 07:00:00,0.00565521895887533
2018-12-12 07:30:00,0.0057183241043691525
2018-12-12 08:00:00,0.005698409747461488
2018-12-12 08:30:00,0.0057683075468411595
2018-12-12 09:00:00,0.005825051871908545
2018-12-12 09:30:00,0.0058424832664530245
2018-12-12 10:00:00,0.005829681197018478
2018-12-12 10:30:00,0.005761729209116226
2018-12-12 11:00:00,0.005675539860255533
2018-12-12 11:30:00,0.005577216119230842
2018-12-12 12:00:00,0.00545783769606439
2018-12-12 12:30:00,0.005295602843131913
2018-12-12 13:00:00,0.005095326551522926
2018-12-12 13:30:00,0.00488702332740605
2018-12-12 14:00:00,0.004641195648331681
2018-12-12 14:30:00,0.004368273300702974
2018-12-12 15:00:00,0.004077293095905569
2018-12-12 15:30:00,0.0038312613443105357
2018-12-12 16:00:00,0.003590012012230152
2018-12-12 16:30:00,0.003580463739087823
2018-12-12 17:00:00,0.003541346238014118
2018-12-12 17:30:00,0.0034808917944926226
2018-12-12 18:00:00,0.0034688480745505503
2018-12-12 18:30:00,0.003346325333997085
2018-12-12 19:00:00,0.0032937263220376815
2018-12-12 19:30:00,0.003226576299127421
2018-12-12 20:00:00,0.003199538210679794
2018-12-12 20:30:00,0.0031517621126254157
2018-12-12 21:00:00,0.0026661240928408814
2018-12-12 21:30:00,0.0021858794296779572
2018-12-12 22:00:00,0.0020777069887491432
2018-12-12 22:30:00,0.001983945428973663
2018-12-12 23:00:00,0.002005824243985146
2018-12-12 23:30:00,0.0020233319056324472
2018-12-13 00:00:00,0.0020282502134373274
2018-12-13 00:30:00,0.0020484336259585104
2018-12-13 01:00:00,0.002075412653417804
2018-12-13 01:30:00,0.002072472648636771
2018-12-13 02:00:00,0.0021014255775557416
2018-12-13 02:30:00,0.0020976593591655584
2018-12-13 03:00:00,0.0021278521686973317
2018-12-13 03:30:00,0.0021834768958964466
2018-12-13 04:00:00,0.0022173878267262776
2018-12-13 04:30:00,0.002358448755142177
2018-12-13 05:00:00,0.0025350212632058683
2018-12-13 05:30:00,0.00284944675968906
2018-12-13 06:00:00,0.004118821773832248
2018-12-13 06:30:00,0.0051309163189560865
2018-12-13 07:00:00,0.005441490526817932
2018-12-13 07:30:00,0.005532824583938785
2018-12-13 08:00:00,0.005536955411899221
2018-12-13 08:30:00,0.005595546393207517
2018-12-13 09:00:00,0.0056530757972661615
2018-12-13 09:30:00,0.005700648302970512
2018-12-13 10:00:00,0.005708999670772038
2018-12-13 10:30:00,0.00565180510570416
2018-12-13 11:00:00,0.0055784882513047526
2018-12-13 11:30:00,0.005479141346681359
2018-12-13 12:00:00,0.005350297559835876
2018-12-13 12:30:00,0.005192833362237447
2018-12-13 13:00:00,0.005000053254525743
2018-12-13 13:30:00,0.00479808708238878
2018-12-13 14:00:00,0.00456180447531916
2018-12-13 14:30:00,0.004307868714899272
2018-12-13 15:00:00,0.0040421173155898195
2018-12-13 15:30:00,0.003817734377271214
2018-12-13 16:00:00,0.003594467755654861
2018-12-13 16:30:00,0.003594381565025545
2018-12-13 17:00:00,0.003563608789392889
2018-12-13 17:30:00,0.003508847408998842
2018-12-13 18:00:00,0.0035067609875532616
2018-12-13 18:30:00,0.0033963473501769197
2018-12-13 19:00:00,0.003346345741249151
2018-12-13 19:30:00,0.0032953808299954097
2018-12-13 20:00:00,0.003285270997293277
2018-12-13 20:30:00,0.003233456664182936
2018-12-13 21:00:00,0.00272839566210912
2018-12-13 21:30:00,0.0022566547408964842
2018-12-13 22:00:00,0.0021378391577448683
2018-12-13 22:30:00,0.0020444811813896666
2018-12-13 23:00:00,0.002056343156745688
2018-12-13 23:30:00,0.0020593110914520975
2018-12-14 00:00:00,0.0020707902107536657
2018-12-14 00:30:00,0.0020964278815389006
2018-12-14 01:00:00,0.0021001109503804684
2018-12-14 01:30:00,0.0021122542257012485
2018-12-14 02:00:00,0.0021433888899372155
2018-12-14 02:30:00,0.002143503970833182
2018-12-14 03:00:00,0.0021946871996698144
2018-12-14 03:30:00,0.002241676137993506
2018-12-14 04:00:00,0.0022743935246769915
2018-12-14 04:30:00,0.0024177851213357526
2018-12-14 05:00:00,0.0026226536848871942
2018-12-14 05:30:00,0.0029369905898878864
2018-12-14 06:00:00,0.004228133819739202
2018-12-14 06:30:00,0.0052236032568462815
2018-12-14 07:00:00,0.005520221625261654
2018-12-14 07:30:00,0.005595712932390065
2018-12-14 08:00:00,0.005590156557837242
2018-12-14 08:30:00,0.005628411432361834
2018-12-14 09:00:00,0.005679163067824372
2018-12-14 09:30:00,0.00569846296637374
2018-12-14 10:00:00,0.005694070365387777
2018-12-14 10:30:00,0.00564693249413822
2018-12-14 11:00:00,0.005577176185039542
2018-12-14 11:30:00,0.005497557011002956
2018-12-14 12:00:00,0.005393634880494715
2018-12-14 12:30:00,0.00523960982505433
2018-12-14 13:00:00,0.005042280740785928
2018-12-14 13:30:00,0.0048244298037257985
2018-12-14 14:00:00,0.004584074309285924
2018-12-14 14:30:00,0.004327772508052926
2018-12-14 15:00:00,0.004049846862416615
2018-12-14 15:30:00,0.003805671930674305
2018-12-14 16:00:00,0.003582344727529268
2018-12-14 16:30:00,0.0035782759216094256
2018-12-14 17:00:00,0.0035416715536205883
2018-12-14 17:30:00,0.0034837899443998085
2018-12-14 18:00:00,0.0034762737533926558
2018-12-14 18:30:00,0.0033688870316826176
2018-12-14 19:00:00,0.0033334674847402233
2018-12-14 19:30:00,0.003290485410324219
2018-12-14 20:00:00,0.003281520784590989
2018-12-14 20:30:00,0.003261348496022893
2018-12-14 21:00:00,0.0027723992195265966
2018-12-14 21:30:00,0.0022999465253732603
2018-12-14 22:00:00,0.0021654382455532223
2018-12-14 22:30:00,0.0020647729524179
2018-12-14 23:00:00,0.002081662794512445
2018-12-14 23:30:00,0.002076104979447711
2018-12-15 00:00:00,0.0020377634341231664
2018-12-15 00:30:00,0.0019613958155824916
2018-12-15 01:00:00,0.001964753248703831
2018-12-15 01:30:00,0.0019524853691027866
2018-12-15 02:00:00,0.001958563048910357
2018-12-15 02:30:00,0.0019663267678808093
2018-12-15 03:00:00,0.001976380580675309
2018-12-15 03:30:00,0.0020137672266600255
2018-12-15 04:00:00,0.002004432069252021
2018-12-15 04:30:00,0.0020237777440687684
2018-12-15 05:00:00,0.0020346103936362487
2018-12-15 05:30:00,0.002015802910074978
2018-12-15 06:00:00,0.0031122631960091686
2018-12-15 06:30:00,0.003953347129584462
2018-12-15 07:00:00,0.0038510984737741053
2018-12-15 07:30:00,0.003597637522085629
2018-12-15 08:00:00,0.003201107008178844
2018-12-15 08:30:00,0.0029279605809196044
2018-12-15 09:00:00,0.0026825842622438794
2018-12-15 09:30:00,0.0024858811604290595
2018-12-15 10:00:00,0.002317307414862562
2018-12-15 10:30:00,0.0021580550618124786
2018-12-15 11:00:00,0.00206598122179711
2018-12-15 11:30:00,0.0019179547780660922
2018-12-15 12:00:00,0.0018603649525356426
2018-12-15 12:30:00,0.0018196995413855917
2018-12-15 13:00:00,0.0017421929580942936
2018-12-15 13:30:00,0.0017532166355468035
2018-12-15 14:00:00,0.0017118189641755466
2018-12-15 14:30:00,0.0016766965628289268
2018-12-15 15:00:00,0.0017085684490493473
2018-12-15 15:30:00,0.001715109973692121
2018-12-15 16:00:00,0.0017579712051645161
2018-12-15 16:30:00,0.0019678440270648363
2018-12-15 17:00:00,0.002138280514588579
2018-12-15 17:30:00,0.002330807972516856
2018-12-15 18:00:00,0.0024643613529970656
2018-12-15 18:30:00,0.002585999619237442
2018-12-15 19:00:00,0.002628558183151738
2018-12-15 19:30:00,0.002714783624838636
2018-12-15 20:00:00,0.0028057702785037227
2018-12-15 20:30:00,0.0028112406224841094
2018-12-15 21:00:00,0.0024325733365812164
2018-12-15 21:30:00,0.0020416179238820914
2018-12-15 22:00:00,0.001931057354290872
2018-12-15 22:30:00,0.001849800238183528
2018-12-15 23:00:00,0.0018825225866302604
2018-12-15 23:30:00,0.0019038022287153865
2018-12-16 00:00:00,0.0018542345339864572
2018-12-16 00:30:00,0.0018319699818966995
2018-12-16 01:00:00,0.0018280614729411278
2018-12-16 01:30:00,0.0018604495425961686
2018-12-16 02:00:00,0.0019110260758331333
2018-12-16 02:30:00,0.001889563808849123
2018-12-16 03:00:00,0.0019511937901180822
2018-12-16 03:30:00,0.0019591950334968996
2018-12-16 04:00:00,0.0019707457782517993
2018-12-16 04:30:00,0.0020268903701937506
2018-12-16 05:00:00,0.0020183358902128353
2018-12-16 05:30:00,0.002036179991419693
2018-12-16 06:00:00,0.003256858580454528
2018-12-16 06:30:00,0.003977314926951588
2018-12-16 07:00:00,0.003770292558008527
2018-12-16 07:30:00,0.003341848863206552
2018-12-16 08:00:00,0.003011642798828392
2018-12-16 08:30:00,0.00299708186435104
2018-12-16 09:00:00,0.0026717448902874833
2018-12-16 09:30:00,0.0024050189046420905
2018-12-16 10:00:00,0.0021638170294263157
2018-12-16 10:30:00,0.0020166962675448492
2018-12-16 11:00:00,0.0019020871392289747
2018-12-16 11:30:00,0.0017940196155843136
2018-12-16 12:00:00,0.0017464223010637248
2018-12-16 12:30:00,0.00168585165624811
2018-12-16 13:00:00,0.0016349473265230515
2018-12-16 13:30:00,0.0016393547327703168
2018-12-16 14:00:00,0.0016155638782828718
2018-12-16 14:30:00,0.0015803503245436885
2018-12-16 15:00:00,0.001580050217895653
2018-12-16 15:30:00,0.0015911480817115574
2018-12-16 16:00:00,0.0016197828175551709
2018-12-16 16:30:00,0.0018409746218496677
2018-12-16 17:00:00,0.0020189564307325322
2018-12-16 17:30:00,0.002181467541838081
2018-12-16 18:00:00,0.00234723060858174
2018-12-16 18:30:00,0.002426874351349247
2018-12-16 19:00:00,0.002475864800944235
2018-12-16 19:30:00,0.0025489656585854963
2018-12-16 20:00:00,0.0025837100856124715
2018-12-16 20:30:00,0.0026190742528747484
2018-12-16 21:00:00,0.0022370848263923247
2018-12-16 21:30:00,0.001817365511948272
2018-12-16 22:00:00,0.0016995411610480071
2018-12-16 22:30:00,0.0015819373685269384
2018-12-16 23:00:00,0.001631447202694126
2018-12-16 23:30:00,0.0016655976586433092
2018-12-17 00:00:00,0.0018137206166723347
2018-12-17 00:30:00,0.0019612098294891495
2018-12-17 01:00:00,0.001992903412346417
2018-12-17 01:30:00,0.0020479861869533997
2018-12-17 02:00:00,0.002075751573858985
2018-12-17 02:30:00,0.002070016255715493
2018-12-17 03:00:00,0.002128353546870649
2018-12-17 03:30:00,0.0021528021551021487
2018-12-17 04:00:00,0.002205297050061794
2018-12-17 04:30:00,0.0023435902749268525
2018-12-17 05:00:00,0.002520411271295117
2018-12-17 05:30:00,0.0028213133219903252
2018-12-17 06:00:00,0.004039599220741705
2018-12-17 06:30:00,0.0051544107481037126
2018-12-17 07:00:00,0.005493089023227007
2018-12-17 07:30:00,0.005508992114662811
2018-12-17 08:00:00,0.005542322119050486
2018-12-17 08:30:00,0.005588737013377816
2018-12-17 09:00:00,0.005638822492110156
2018-12-17 09:30:00,0.005631771186307919
2018-12-17 10:00:00,0.005619114048377264
2018-12-17 10:30:00,0.005542341806046597
2018-12-17 11:00:00,0.005461670658173097
2018-12-17 11:30:00,0.005354742739506575
2018-12-17 12:00:00,0.005231859550861709
2018-12-17 12:30:00,0.005067407109871349
2018-12-17 13:00:00,0.0048689342591459565
2018-12-17 13:30:00,0.004661672605168862
2018-12-17 14:00:00,0.004414545024152081
2018-12-17 14:30:00,0.004158044752389183
2018-12-17 15:00:00,0.0038968891462735225
2018-12-17 15:30:00,0.0036613741719953566
2018-12-17 16:00:00,0.0034432044816607946
2018-12-17 16:30:00,0.0034234706689125886
2018-12-17 17:00:00,0.0034024728869912965
2018-12-17 17:30:00,0.0033654989476689587
2018-12-17 18:00:00,0.003364007537670883
2018-12-17 18:30:00,0.003258888101679641
2018-12-17 19:00:00,0.0032111823486235622
2018-12-17 19:30:00,0.0031702638075194484
2018-12-17 20:00:00,0.003167623829358012
2018-12-17 20:30:00,0.003128999783642117
2018-12-17 21:00:00,0.0027054225382162414
2018-12-17 21:30:00,0.0022738063560165554
2018-12-17 22:00:00,0.002138980363291797
2018-12-17 22:30:00,0.002005481402150431
2018-12-17 23:00:00,0.0020282546150014987
2018-12-17 23:30:00,0.0020496209278865777
2018-12-18 00:00:00,0.00206154540545383
2018-12-18 00:30:00,0.002081934571092906
2018-12-18 01:00:00,0.0020983127913738807
2018-12-18 01:30:00,0.0021247477054731757
2018-12-18 02:00:00,0.0021530058274806148
2018-12-18 02:30:00,0.0021790210724432976
2018-12-18 03:00:00,0.002213650578631185
2018-12-18 03:30:00,0.00224922730142871
2018-12-18 04:00:00,0.002297610095082757
2018-12-18 04:30:00,0.002420331146109244
2018-12-18 05:00:00,0.002643317428102112
2018-12-18 05:30:00,0.0029641447996011927
2018-12-18 06:00:00,0.004300579164432715
2018-12-18 06:30:00,0.00531943771326107
2018-12-18 07:00:00,0.005637310034632496
2018-12-18 07:30:00,0.005705466575226048
2018-12-18 08:00:00,0.005690028368995159
2018-12-18 08:30:00,0.005713280231942734
2018-12-18 09:00:00,0.005737443218673742
2018-12-18 09:30:00,0.005735539982326123
2018-12-18 10:00:00,0.0057203179329102585
2018-12-18 10:30:00,0.005646774678055574
2018-12-18 11:00:00,0.005560451921786273
2018-12-18 11:30:00,0.005447867432960704
2018-12-18 12:00:00,0.005313737847716266
2018-12-18 12:30:00,0.005150130346989896
2018-12-18 13:00:00,0.0049603572278630655
2018-12-18 13:30:00,0.004758229398278361
2018-12-18 14:00:00,0.004520167678970748
2018-12-18 14:30:00,0.00426123574307437
2018-12-18 15:00:00,0.003994570258929221
2018-12-18 15:30:00,0.003754520953298781
2018-12-18 16:00:00,0.0035179155115043154
2018-12-18 16:30:00,0.003488801165222921
2018-12-18 17:00:00,0.0034485382170949958
2018-12-18 17:30:00,0.003404302497174599
2018-12-18 18:00:00,0.003421421540719803
2018-12-18 18:30:00,0.0033145127488503163
2018-12-18 19:00:00,0.0032661129091386618
2018-12-18 19:30:00,0.0032201487349824607
2018-12-18 20:00:00,0.003207659016547189
2018-12-18 20:30:00,0.003175437406046258
2018-12-18 21:00:00,0.002732657176511221
2018-12-18 21:30:00,0.002286474297786541
2018-12-18 22:00:00,0.0021293827126023113
2018-12-18 22:30:00,0.001993147819200577
2018-12-18 23:00:00,0.0020021702254671087
2018-12-18 23:30:00,0.002043524361367291
2018-12-19 00:00:00,0.00205656283481205
2018-12-19 00:30:00,0.0020726122182352174
2018-12-19 01:00:00,0.0020971835900928737
2018-12-19 01:30:00,0.002105456209909954
2018-12-19 02:00:00,0.0021451741643650473
2018-12-19 02:30:00,0.0021653320478140373
2018-12-19 03:00:00,0.002213476436746885
2018-12-19 03:30:00,0.0022635235018282755
2018-12-19 04:00:00,0.00229755303480541
2018-12-19 04:30:00,0.0024573216513185535
2018-12-19 05:00:00,0.002670122233648666
2018-12-19 05:30:00,0.0029992015776274424
2018-12-19 06:00:00,0.004298910811554958
2018-12-19 06:30:00,0.005363892791134071
2018-12-19 07:00:00,0.005708260848218794
2018-12-19 07:30:00,0.005773656967849498
2018-12-19 08:00:00,0.005732431597708433
2018-12-19 08:30:00,0.005768030088241496
2018-12-19 09:00:00,0.005815657493455328
2018-12-19 09:30:00,0.005835452447931294
2018-12-19 10:00:00,0.005842338414977572
2018-12-19 10:30:00,0.005781997531811693
2018-12-19 11:00:00,0.005704800738609607
2018-12-19 11:30:00,0.0056202144394200595
2018-12-19 12:00:00,0.00552149319713649
2018-12-19 12:30:00,0.00538147391888881
2018-12-19 13:00:00,0.00519088378942337
2018-12-19 13:30:00,0.004992225352746831
2018-12-19 14:00:00,0.004761735604268687
2018-12-19 14:30:00,0.0045149176532842394
2018-12-19 15:00:00,0.004256807129290644
2018-12-19 15:30:00,0.00401582957379072
2018-12-19 16:00:00,0.0038004375105334933
2018-12-19 16:30:00,0.0037892868279475354
2018-12-19 17:00:00,0.003775475920004953
2018-12-19 17:30:00,0.003720089517498598
2018-12-19 18:00:00,0.0037325123321584677
2018-12-19 18:30:00,0.0036414687782729133
2018-12-19 19:00:00,0.0036120101496448943
2018-12-19 19:30:00,0.003557596332763492
2018-12-19 20:00:00,0.003561382158121347
2018-12-19 20:30:00,0.003514170020479956
2018-12-19 21:00:00,0.0029834703072511926
2018-12-19 21:30:00,0.002487143849147113
2018-12-19 22:00:00,0.002311888529168758
2018-12-19 22:30:00,0.0021892199767985674
2018-12-19 23:00:00,0.00221747153647397
2018-12-19 23:30:00,0.002243374901678265
2018-12-20 00:00:00,0.0023006294080473097
2018-12-20 00:30:00,0.0022880010003264255
2018-12-20 01:00:00,0.0023261260687221876
2018-12-20 01:30:00,0.0023475013447924876
2018-12-20 02:00:00,0.002364069152446581
2018-12-20 02:30:00,0.0024039749336491247
2018-12-20 03:00:00,0.002411607005836639
2018-12-20 03:30:00,0.002485619707517291
2018-12-20 04:00:00,0.002524653498843304
2018-12-20 04:30:00,0.0026574944661552982
2018-12-20 05:00:00,0.0029475877957864287
2018-12-20 05:30:00,0.0032805990170251035
2018-12-20 06:00:00,0.004735802068342709
2018-12-20 06:30:00,0.005791594542273664
2018-12-20 07:00:00,0.006120635632658371
2018-12-20 07:30:00,0.006216482653538158
2018-12-20 08:00:00,0.006172180910155194
2018-12-20 08:30:00,0.006215524793146068
2018-12-20 09:00:00,0.006216236886200527
2018-12-20 09:30:00,0.00619793270149512
2018-12-20 10:00:00,0.0061772829632571104
2018-12-20 10:30:00,0.006103485938220847
2018-12-20 11:00:00,0.006021113545780964
2018-12-20 11:30:00,0.005910215336203594
2018-12-20 12:00:00,0.00576501733760898
2018-12-20 12:30:00,0.005580279367808666
2018-12-20 13:00:00,0.005369337846127583
2018-12-20 13:30:00,0.005151359583820248
2018-12-20 14:00:00,0.0049024394457876435
2018-12-20 14:30:00,0.004622962048709892
2018-12-20 15:00:00,0.004329883818343184
2018-12-20 15:30:00,0.00408087044717859
2018-12-20 16:00:00,0.0038559722057381982
2018-12-20 16:30:00,0.003837524049870175
2018-12-20 17:00:00,0.0038206305264674133
2018-12-20 17:30:00,0.0037832342770699598
2018-12-20 18:00:00,0.003773074266536276
2018-12-20 18:30:00,0.0036929102588837354
2018-12-20 19:00:00,0.0036429144120036093
2018-12-20 19:30:00,0.0035729839610206316
2018-12-20 20:00:00,0.0035955094058230815
2018-12-20 20:30:00,0.003531720657399255
2018-12-20 21:00:00,0.0029690791130939686
2018-12-20 21:30:00,0.002447523369331301
2018-12-20 22:00:00,0.0022944062365367716
2018-12-20 22:30:00,0.0021624455020305753
2018-12-20 23:00:00,0.0021993097223623912
2018-12-20 23:30:00,0.002230033680646968
2018-12-21 00:00:00,0.002236959581884545
2018-12-21 00:30:00,0.0022703854603427116
2018-12-21 01:00:00,0.0022804279891272448
2018-12-21 01:30:00,0.0023193001230055158
2018-12-21 02:00:00,0.002359835407912979
2018-12-21 02:30:00,0.0023721248151642423
2018-12-21 03:00:00,0.002445139642233067
2018-12-21 03:30:00,0.0024741486710881102
2018-12-21 04:00:00,0.0025346218412644426
2018-12-21 04:30:00,0.0026831049272711105
2018-12-21 05:00:00,0.0028937360186354665
2018-12-21 05:30:00,0.003248635018070846
2018-12-21 06:00:00,0.004603899514512011
2018-12-21 06:30:00,0.0056865273648534
2018-12-21 07:00:00,0.005917775222738701
2018-12-21 07:30:00,0.005995180890167821
2018-12-21 08:00:00,0.005962822991234462
2018-12-21 08:30:00,0.005949049536601554
2018-12-21 09:00:00,0.005953118902720473
2018-12-21 09:30:00,0.005914161698611038
2018-12-21 10:00:00,0.005885679096830869
2018-12-21 10:30:00,0.005799992406598524
2018-12-21 11:00:00,0.005705649920380888
2018-12-21 11:30:00,0.005593526235309822
2018-12-21 12:00:00,0.005451247594158855
2018-12-21 12:30:00,0.0052659068501524076
2018-12-21 13:00:00,0.0050554776705408495
2018-12-21 13:30:00,0.004833122252736371
2018-12-21 14:00:00,0.00458249702877229
2018-12-21 14:30:00,0.004312053161914157
2018-12-21 15:00:00,0.004038079160562296
2018-12-21 15:30:00,0.0038098498953855926
2018-12-21 16:00:00,0.0036009682257081834
2018-12-21 16:30:00,0.0035907179430947705
2018-12-21 17:00:00,0.0036032132635208055
2018-12-21 17:30:00,0.003577532857548891
2018-12-21 18:00:00,0.0036069298642785142
2018-12-21 18:30:00,0.003540315151599908
2018-12-21 19:00:00,0.0035059061237627783
2018-12-21 19:30:00,0.0034819236811912267
2018-12-21 20:00:00,0.0034870022059319385
2018-12-21 20:30:00,0.003466535412706571
2018-12-21 21:00:00,0.0029028405340809013
2018-12-21 21:30:00,0.002352949120752942
2018-12-21 22:00:00,0.002236051259096491
2018-12-21 22:30:00,0.002125517979203133
2018-12-21 23:00:00,0.00217926363864335
2018-12-21 23:30:00,0.0021926514362264225
2018-12-22 00:00:00,0.0021351940577633054
2018-12-22 00:30:00,0.0020907723517495664
2018-12-22 01:00:00,0.0020864137628503815
2018-12-22 01:30:00,0.0020943382589557412
2018-12-22 02:00:00,0.0021056783688579396
2018-12-22 02:30:00,0.0021161490497936695
2018-12-22 03:00:00,0.002134595845178222
2018-12-22 03:30:00,0.002166681487360483
2018-12-22 04:00:00,0.0021973022089581346
2018-12-22 04:30:00,0.0022074843873695535
2018-12-22 05:00:00,0.0022360436563947416
2018-12-22 05:30:00,0.002235102441918063
2018-12-22 06:00:00,0.003383629550689141
2018-12-22 06:30:00,0.004267792393092205
2018-12-22 07:00:00,0.0040968289983229515
2018-12-22 07:30:00,0.003810547103150308
2018-12-22 08:00:00,0.003435900285989814
2018-12-22 08:30:00,0.003115325164131962
2018-12-22 09:00:00,0.0029421102492464893
2018-12-22 09:30:00,0.002734316326118439
2018-12-22 10:00:00,0.0025589231971673066
2018-12-22 10:30:00,0.0024105110963864537
2018-12-22 11:00:00,0.0022765837430085726
2018-12-22 11:30:00,0.0021864209020994525
2018-12-22 12:00:00,0.0020970765920692936
2018-12-22 12:30:00,0.002054956103832689
2018-12-22 13:00:00,0.001990990412529181
2018-12-22 13:30:00,0.001951845301643857
2018-12-22 14:00:00,0.0019616573485226993
2018-12-22 14:30:00,0.0019244007487521316
2018-12-22 15:00:00,0.0019375816728191585
2018-12-22 15:30:00,0.001964558299425267
2018-12-22 16:00:00,0.001966355097948384
2018-12-22 16:30:00,0.0021922789838691005
2018-12-22 17:00:00,0.0023778716574030185
2018-12-22 17:30:00,0.0025746940015926576
2018-12-22 18:00:00,0.0027465544351399983
2018-12-22 18:30:00,0.0028271211458999823
2018-12-22 19:00:00,0.002917940139984367
2018-12-22 19:30:00,0.002990538979224795
2018-12-22 20:00:00,0.0030794846675979235
2018-12-22 20:30:00,0.003107159382281582
2018-12-22 21:00:00,0.0025649048428475056
2018-12-22 21:30:00,0.002097104201880913
2018-12-22 22:00:00,0.002014367519984535
2018-12-22 22:30:00,0.0019609963936410664
2018-12-22 23:00:00,0.0019844581711853863
2018-12-22 23:30:00,0.002010859633396981
2018-12-23 00:00:00,0.0019867108116997587
2018-12-23 00:30:00,0.0019381987721159583
2018-12-23 01:00:00,0.0019700357659367673
2018-12-23 01:30:00,0.00195801277336052
2018-12-23 02:00:00,0.001999004700543633
2018-12-23 02:30:00,0.0020059393248811133
2018-12-23 03:00:00,0.0020062223054431007
2018-12-23 03:30:00,0.002046058301846421
2018-12-23 04:00:00,0.002027393188878978
2018-12-23 04:30:00,0.0020639147274329585
2018-12-23 05:00:00,0.002087155786541203
2018-12-23 05:30:00,0.0020599119449756843
2018-12-23 06:00:00,0.0032660453651357432
2018-12-23 06:30:00,0.003939514293849463
2018-12-23 07:00:00,0.0037511004577671344
2018-12-23 07:30:00,0.003408072797015195
2018-12-23 08:00:00,0.0030382869072684776
2018-12-23 08:30:00,0.0030832520063862594
2018-12-23 09:00:00,0.0028165019321805844
2018-12-23 09:30:00,0.002676239607562217
2018-12-23 10:00:00,0.0025292520930324776
2018-12-23 10:30:00,0.0023499771045961196
2018-12-23 11:00:00,0.002277561210368333
2018-12-23 11:30:00,0.0021479947667143815
2018-12-23 12:00:00,0.002080067027429292
2018-12-23 12:30:00,0.002026587622607212
2018-12-23 13:00:00,0.0019312050067617054
2018-12-23 13:30:00,0.0019419280173671037
2018-12-23 14:00:00,0.0018954967972381206
2018-12-23 14:30:00,0.0018812514148976228
2018-12-23 15:00:00,0.0019035357340119311
2018-12-23 15:30:00,0.0018770427192655761
2018-12-23 16:00:00,0.001933817615196841
2018-12-23 16:30:00,0.0021083238689816996
2018-12-23 17:00:00,0.0022829055895849846
2018-12-23 17:30:00,0.002472186933951233
2018-12-23 18:00:00,0.0025779151462815694
2018-12-23 18:30:00,0.0026913258487162896
2018-12-23 19:00:00,0.0027107769209878275
2018-12-23 19:30:00,0.002761699097054889
2018-12-23 20:00:00,0.002811184442519597
2018-12-23 20:30:00,0.0028044975062022953
2018-12-23 21:00:00,0.00235635257022698
2018-12-23 21:30:00,0.001875070818516886
2018-12-23 22:00:00,0.0017832784385231543
2018-12-23 22:30:00,0.0017042067390410226
2018-12-23 23:00:00,0.0017581370240911105
2018-12-23 23:30:00,0.0018162395118048438
2018-12-24 00:00:00,0.001941557325635451
2018-12-24 00:30:00,0.002080460767351515
2018-12-24 01:00:00,0.002127396886905152
2018-12-24 01:30:00,0.0021649016548665355
2018-12-24 02:00:00,0.0022143088925743147
2018-12-24 02:30:00,0.0022172904321154352
2018-12-24 03:00:00,0.0022413113683663745
2018-12-24 03:30:00,0.0022932175741252336
2018-12-24 04:00:00,0.0023309455414043155
2018-12-24 04:30:00,0.0024687095381991193
2018-12-24 05:00:00,0.0026689443750764572
2018-12-24 05:30:00,0.002978614261572224
2018-12-24 06:00:00,0.004223712408515028
2018-12-24 06:30:00,0.005257409030306642
2018-12-24 07:00:00,0.005538672982267257
2018-12-24 07:30:00,0.005576303554935495
2018-12-24 08:00:00,0.005629687645886159
2018-12-24 08:30:00,0.0056977237436782995
2018-12-24 09:00:00,0.005783944863829465
2018-12-24 09:30:00,0.0058423738675762605
2018-12-24 10:00:00,0.005892860448847254
2018-12-24 10:30:00,0.005892120745981177
2018-12-24 11:00:00,0.005859718671349227
2018-12-24 11:30:00,0.0058022656144218416
2018-12-24 12:00:00,0.0057129746033323745
2018-12-24 12:30:00,0.005578399819879133
2018-12-24 13:00:00,0.005408005427314554
2018-12-24 13:30:00,0.005219869530002526
2018-12-24 14:00:00,0.004979754360966397
2018-12-24 14:30:00,0.00470031593773867
2018-12-24 15:00:00,0.004404482008087042
2018-12-24 15:30:00,0.004163251882832133
2018-12-24 16:00:00,0.003936418153583012
2018-12-24 16:30:00,0.003882056595272588
2018-12-24 17:00:00,0.0038413095551142716
2018-12-24 17:30:00,0.0037712942739854495
2018-12-24 18:00:00,0.003756426030300509
2018-12-24 18:30:00,0.0036336074246063003
2018-12-24 19:00:00,0.0035651535783600957
2018-12-24 19:30:00,0.0034771558268525612
2018-12-24 20:00:00,0.003457533653777424
2018-12-24 20:30:00,0.0033948793885116104
2018-12-24 21:00:00,0.002875411986877071
2018-12-24 21:30:00,0.0023861730874583107
2018-12-24 22:00:00,0.0022505400079214366
2018-12-24 22:30:00,0.0021113277364574337
2018-12-24 23:00:00,0.002163034591373558
2018-12-24 23:30:00,0.00220451093070082
2018-12-25 00:00:00,0.0022066250419864597
2018-12-25 00:30:00,0.0022490699655167007
2018-12-25 01:00:00,0.0022659005065375935
2018-12-25 01:30:00,0.002295940221664649
2018-12-25 02:00:00,0.0023254300613840644
2018-12-25 02:30:00,0.0023390784315660707
2018-12-25 03:00:00,0.002380183759047922
2018-12-25 03:30:00,0.0024171916304285977
2018-12-25 04:00:00,0.0024974185404345664
2018-12-25 04:30:00,0.0026178929530796423
2018-12-25 05:00:00,0.0028343962912474336
2018-12-25 05:30:00,0.0031917854556055497
2018-12-25 06:00:00,0.004504532842864067
2018-12-25 06:30:00,0.005671399028740163
2018-12-25 07:00:00,0.005989531122426128
2018-12-25 07:30:00,0.0060353694118470335
2018-12-25 08:00:00,0.006068518391904613
2018-12-25 08:30:00,0.006101016820777691
2018-12-25 09:00:00,0.0061522872005849135
2018-12-25 09:30:00,0.006194650735192207
2018-12-25 10:00:00,0.0062525624351062285
2018-12-25 10:30:00,0.006201399533493223
2018-12-25 11:00:00,0.006121072347852592
2018-12-25 11:30:00,0.006009416028868066
2018-12-25 12:00:00,0.005869852592611642
2018-12-25 12:30:00,0.005691546108349823
2018-12-25 13:00:00,0.0054753489589914675
2018-12-25 13:30:00,0.005258932691765826
2018-12-25 14:00:00,0.004998898684229422
2018-12-25 14:30:00,0.0047198402360323286
2018-12-25 15:00:00,0.004424674383793447
2018-12-25 15:30:00,0.004171196386047362
2018-12-25 16:00:00,0.003956816762577947
2018-12-25 16:30:00,0.003940951924736211
2018-12-25 17:00:00,0.003942031028214107
2018-12-25 17:30:00,0.003883590020201389
2018-12-25 18:00:00,0.0039042303951119803
2018-12-25 18:30:00,0.003812749885946887
2018-12-25 19:00:00,0.0037684169314725264
2018-12-25 19:30:00,0.003716914549219264
2018-12-25 20:00:00,0.0037192936346680085
2018-12-25 20:30:00,0.003675578099604206
2018-12-25 21:00:00,0.0030713468156729207
2018-12-25 21:30:00,0.002520188872261813
2018-12-25 22:00:00,0.0023892214507463937
2018-12-25 22:30:00,0.00225392881219105
2018-12-25 23:00:00,0.002307683354788049
2018-12-25 23:30:00,0.002332794758555289
2018-12-26 00:00:00,0.0023410572147605562
2018-12-26 00:30:00,0.002372773845808393
2018-12-26 01:00:00,0.0023916558358468157
2018-12-26 01:30:00,0.0024287249289836913
2018-12-26 02:00:00,0.002464948681714381
2018-12-26 02:30:00,0.0024884230237236984
2018-12-26 03:00:00,0.0025403699639582515
2018-12-26 03:30:00,0.002582139287402435
2018-12-26 04:00:00,0.0026446403782350914
2018-12-26 04:30:00,0.0027773599424044003
2018-12-26 05:00:00,0.003010363384166488
2018-12-26 05:30:00,0.0033891770420851827
2018-12-26 06:00:00,0.00498421402578464
2018-12-26 06:30:00,0.0060638685795141745
2018-12-26 07:00:00,0.0063528278261294905
2018-12-26 07:30:00,0.006389188747605442
2018-12-26 08:00:00,0.0064090693325116466
2018-12-26 08:30:00,0.006420728515802035
2018-12-26 09:00:00,0.006422887362985342
2018-12-26 09:30:00,0.006408687836940664
2018-12-26 10:00:00,0.006401084494962923
2018-12-26 10:30:00,0.006277382855467534
2018-12-26 11:00:00,0.006127935106651421
2018-12-26 11:30:00,0.005968679792549078
2018-12-26 12:00:00,0.0057881789284768255
2018-12-26 12:30:00,0.00558348498698032
2018-12-26 13:00:00,0.005346678193632132
2018-12-26 13:30:00,0.005101361176030059
2018-12-26 14:00:00,0.004829723124798064
2018-12-26 14:30:00,0.004528423012644903
2018-12-26 15:00:00,0.004227439733083626
2018-12-26 15:30:00,0.003990918961378126
2018-12-26 16:00:00,0.003790063103810453
2018-12-26 16:30:00,0.0037458039355572903
2018-12-26 17:00:00,0.0037471824254272654
2018-12-26 17:30:00,0.0037263170905733074
2018-12-26 18:00:00,0.0037642605744398977
2018-12-26 18:30:00,0.003692246823120479
2018-12-26 19:00:00,0.0036542966968934115
2018-12-26 19:30:00,0.0036162061207550633
2018-12-26 20:00:00,0.0036088065311842277
2018-12-26 20:30:00,0.003543143116565674
2018-12-26 21:00:00,0.0029571247849187916
2018-12-26 21:30:00,0.0024039754138197615
2018-12-26 22:00:00,0.002281867460668101
2018-12-26 22:30:00,0.0021846898069251457
2018-12-26 23:00:00,0.002217996443008493
2018-12-26 23:30:00,0.0022463060233025153
2018-12-27 00:00:00,0.002290351995792914
2018-12-27 00:30:00,0.0023134830157968793
2018-12-27 01:00:00,0.0023515419006731944
2018-12-27 01:30:00,0.002379042073330356
2018-12-27 02:00:00,0.0023899985268937057
2018-12-27 02:30:00,0.002422805145287207
2018-12-27 03:00:00,0.002453212591093655
2018-12-27 03:30:00,0.002513108756221366
2018-12-27 04:00:00,0.002559509405486469
2018-12-27 04:30:00,0.0026813323773651554
2018-12-27 05:00:00,0.0029371837785407817
2018-12-27 05:30:00,0.0032866918222077346
2018-12-27 06:00:00,0.004859932340159931
2018-12-27 06:30:00,0.005881286895987103
2018-12-27 07:00:00,0.0061633582548735934
2018-12-27 07:30:00,0.006237069409394299
2018-12-27 08:00:00,0.006230200648462508
2018-12-27 08:30:00,0.006256900536724909
2018-12-27 09:00:00,0.006243835093696045
2018-12-27 09:30:00,0.006233832178989053
2018-12-27 10:00:00,0.006193925437445236
2018-12-27 10:30:00,0.006082453423956823
2018-12-27 11:00:00,0.00595366605716117
2018-12-27 11:30:00,0.005824106015782377
2018-12-27 12:00:00,0.005683717006144319
2018-12-27 12:30:00,0.005495722839198603
2018-12-27 13:00:00,0.005288625723693071
2018-12-27 13:30:00,0.0050683980220089415
2018-12-27 14:00:00,0.0048156160316009805
2018-12-27 14:30:00,0.004538347659538088
2018-12-27 15:00:00,0.004255624549040505
2018-12-27 15:30:00,0.004011056917745686
2018-12-27 16:00:00,0.003795038231807362
2018-12-27 16:30:00,0.003760413607354283
2018-12-27 17:00:00,0.003745711182595937
2018-12-27 17:30:00,0.0037176107166142654
2018-12-27 18:00:00,0.003732761380662117
2018-12-27 18:30:00,0.0036455201379929506
2018-12-27 19:00:00,0.0035938319297032237
2018-12-27 19:30:00,0.0035402159963633974
2018-12-27 20:00:00,0.003535661657901254
2018-12-27 20:30:00,0.0034838127525050593
2018-12-27 21:00:00,0.0029100647013124057
2018-12-27 21:30:00,0.0023604873195809508
2018-12-27 22:00:00,0.002267500675184918
2018-12-27 22:30:00,0.0021786252517816494
2018-12-27 23:00:00,0.0022206470649523795
2018-12-27 23:30:00,0.0022349664735993933
2018-12-28 00:00:00,0.002273699357992976
2018-12-28 00:30:00,0.002276625037683342
2018-12-28 01:00:00,0.002317058126273594
2018-12-28 01:30:00,0.002364593818895786
2018-12-28 02:00:00,0.0023833716919344507
2018-12-28 02:30:00,0.002447939197102819
2018-12-28 03:00:00,0.0024615811650096674
2018-12-28 03:30:00,0.0025155046476423998
2018-12-28 04:00:00,0.002581604617398295
2018-12-28 04:30:00,0.002680394764168254
2018-12-28 05:00:00,0.0029583432179098148
2018-12-28 05:30:00,0.0033143481303503143
2018-12-28 06:00:00,0.0048292487162088504
2018-12-28 06:30:00,0.005830733731054466
2018-12-28 07:00:00,0.006123233115718446
2018-12-28 07:30:00,0.006217512059355138
2018-12-28 08:00:00,0.006172751272843339
2018-12-28 08:30:00,0.006190524388824382
2018-12-28 09:00:00,0.006201233474481311
2018-12-28 09:30:00,0.006159689511122691
2018-12-28 10:00:00,0.006119565412337258
2018-12-28 10:30:00,0.006013756291254611
2018-12-28 11:00:00,0.0058872044388872825
2018-12-28 11:30:00,0.005741373015194215
2018-12-28 12:00:00,0.005587814685612854
2018-12-28 12:30:00,0.005407819041079013
2018-12-28 13:00:00,0.005195510713680118
2018-12-28 13:30:00,0.004977713715788197
2018-12-28 14:00:00,0.004725882463241211
2018-12-28 14:30:00,0.0044549815539652315
2018-12-28 15:00:00,0.004166982168452991
2018-12-28 15:30:00,0.003917976239933269
2018-12-28 16:00:00,0.003685841106739496
2018-12-28 16:30:00,0.0036301586790355184
2018-12-28 17:00:00,0.0036213266604265006
2018-12-28 17:30:00,0.003581123413514424
2018-12-28 18:00:00,0.0035959610863354843
2018-12-28 18:30:00,0.0034964000256080523
2018-12-28 19:00:00,0.0034475320995539026
2018-12-28 19:30:00,0.0033943552022330428
2018-12-28 20:00:00,0.003364161272303116
2018-12-28 20:30:00,0.0033138359483376673
2018-12-28 21:00:00,0.0028088164009955003
2018-12-28 21:30:00,0.002301880012471002
2018-12-28 22:00:00,0.0021929380980966256
2018-12-28 22:30:00,0.0020871065690509258
2018-12-28 23:00:00,0.0021198670110348485
2018-12-28 23:30:00,0.002131244414189843
2018-12-29 00:00:00,0.0020806011372343555
2018-12-29 00:30:00,0.002031846291365185
2018-12-29 01:00:00,0.0020259769255855705
2018-12-29 01:30:00,0.002049264801330909
2018-12-29 02:00:00,0.002042184285148264
2018-12-29 02:30:00,0.0020595655818896317
2018-12-29 03:00:00,0.0020812127945972715
2018-12-29 03:30:00,0.002051702627654229
2018-12-29 04:00:00,0.0020827767103615124
2018-12-29 04:30:00,0.0020879326226031975
2018-12-29 05:00:00,0.002098553596948264
2018-12-29 05:30:00,0.0021091350372442292
2018-12-29 06:00:00,0.0032118101717312515
2018-12-29 06:30:00,0.00414535504288366
2018-12-29 07:00:00,0.003966881139126457
2018-12-29 07:30:00,0.003718078882985201
2018-12-29 08:00:00,0.0033381354635864226
2018-12-29 08:30:00,0.0029572148969416417
2018-12-29 09:00:00,0.0027982336802445033
2018-12-29 09:30:00,0.002589026374846866
2018-12-29 10:00:00,0.0024236985027570783
2018-12-29 10:30:00,0.002317281965818808
2018-12-29 11:00:00,0.002166821857243324
2018-12-29 11:30:00,0.002107329595649649
2018-12-29 12:00:00,0.0020051239951397308
2018-12-29 12:30:00,0.0019455212142711399
2018-12-29 13:00:00,0.0019087999247322275
2018-12-29 13:30:00,0.0018435336112303544
2018-12-29 14:00:00,0.0018425272536039428
2018-12-29 14:30:00,0.001808621604651117
2018-12-29 15:00:00,0.0018185821843136269
2018-12-29 15:30:00,0.0018380305356182221
2018-12-29 16:00:00,0.001827577701024495
2018-12-29 16:30:00,0.0020210786248905585
2018-12-29 17:00:00,0.0021909811626661174
2018-12-29 17:30:00,0.0024037891076126613
2018-12-29 18:00:00,0.0025868210311402245
2018-12-29 18:30:00,0.0026353463554449775
2018-12-29 19:00:00,0.002764635260470826
2018-12-29 19:30:00,0.002818333863188631
2018-12-29 20:00:00,0.0028852181916798315
2018-12-29 20:30:00,0.002955135678055614
2018-12-29 21:00:00,0.0024287939935269593
2018-12-29 21:30:00,0.002023903628804064
2018-12-29 22:00:00,0.0019430935515596334
2018-12-29 22:30:00,0.0018499458099149348
2018-12-29 23:00:00,0.0018901734655010515
2018-12-29 23:30:00,0.0019133557037062814
2018-12-30 00:00:00,0.0018660156806186083
2018-12-30 00:30:00,0.0018448254303003772
2018-12-30 01:00:00,0.0018357526061169751
2018-12-30 01:30:00,0.0018567201372881445
2018-12-30 02:00:00,0.0018980729927332947
2018-12-30 02:30:00,0.00188348036699391
2018-12-30 03:00:00,0.0019250591427237014
2018-12-30 03:30:00,0.0019198833034005866
2018-12-30 04:00:00,0.001928324863253401
2018-12-30 04:30:00,0.001959238328882656
2018-12-30 05:00:00,0.00195639059689234
2018-12-30 05:30:00,0.0019933935065097686
2018-12-30 06:00:00,0.003188892827660688
2018-12-30 06:30:00,0.0038793935689205826
2018-12-30 07:00:00,0.0036951521755872177
2018-12-30 07:30:00,0.003332587892161942
2018-12-30 08:00:00,0.002991511244735989
2018-12-30 08:30:00,0.0029077660444453346
2018-12-30 09:00:00,0.0026984902347035058
2018-12-30 09:30:00,0.0025186937809555214
2018-12-30 10:00:00,0.0023300705904755236
2018-12-30 10:30:00,0.0022141222662534566
2018-12-30 11:00:00,0.0020954753030238173
2018-12-30 11:30:00,0.0020182302526727267
2018-12-30 12:00:00,0.0019547057581560503
2018-12-30 12:30:00,0.0018806601647867733
2018-12-30 13:00:00,0.0018379033704278946
2018-12-30 13:30:00,0.0018037041771590706
2018-12-30 14:00:00,0.001785413597288376
2018-12-30 14:30:00,0.0017648586127227057
2018-12-30 15:00:00,0.0017679477104864817
2018-12-30 15:30:00,0.0017761807162260217
2018-12-30 16:00:00,0.0017943873462637062
2018-12-30 16:30:00,0.0019514845334386989
2018-12-30 17:00:00,0.0021446075630135574
2018-12-30 17:30:00,0.002316872220208691
2018-12-30 18:00:00,0.0024751114932434464
2018-12-30 18:30:00,0.0025240349590345936
2018-12-30 19:00:00,0.0025842400339386815
2018-12-30 19:30:00,0.002639133381229425
2018-12-30 20:00:00,0.0026570615122977325
2018-12-30 20:30:00,0.0027118757114618338
2018-12-30 21:00:00,0.0022212075841424703
2018-12-30 21:30:00,0.0017621110763386132
2018-12-30 22:00:00,0.001717864312493569
2018-12-30 22:30:00,0.0016769192819759888
2018-12-30 23:00:00,0.0017087626780719557
2018-12-30 23:30:00,0.0017564221746900175
2018-12-31 00:00:00,0.0018984276787770526
2018-12-31 00:30:00,0.002008679178535016
2018-12-31 01:00:00,0.0020793666985554375
2018-12-31 01:30:00,0.002104343654544358
2018-12-31 02:00:00,0.002137233262429595
2018-12-31 02:30:00,0.002160592283457628
2018-12-31 03:00:00,0.0021678611065583603
2018-12-31 03:30:00,0.0022309852187923375
2018-12-31 04:00:00,0.0022459224469921065
2018-12-31 04:30:00,0.002401649227169511
2018-12-31 05:00:00,0.002614916535358648
2018-12-31 05:30:00,0.0029131305108002943
2018-12-31 06:00:00,0.004203756116705079
2018-12-31 06:30:00,0.005260559910025693
2018-12-31 07:00:00,0.005518973741804904
2018-12-31 07:30:00,0.005622135121967485
2018-12-31 08:00:00,0.005607663099086391
2018-12-31 08:30:00,0.005644470899368376
2018-12-31 09:00:00,0.005696469057804193
2018-12-31 09:30:00,0.005676414811184325
2018-12-31 10:00:00,0.005658440183592682
2018-12-31 10:30:00,0.00558324210066651
2018-12-31 11:00:00,0.005497342534785159
2018-12-31 11:30:00,0.005381503209297658
2018-12-31 12:00:00,0.005257655357843349
2018-12-31 12:30:00,0.0050945309087776555
2018-12-31 13:00:00,0.004909696024537136
2018-12-31 13:30:00,0.004721553965035269
2018-12-31 14:00:00,0.004483874381526155
2018-12-31 14:30:00,0.004219835990963686
2018-12-31 15:00:00,0.003957809195255889
2018-12-31 15:30:00,0.0037273516982388533
2018-12-31 16:00:00,0.003497581725545356
2018-12-31 16:30:00,0.003384319956036501
2018-12-31 17:00:00,0.0033870391623530187
2018-12-31 17:30:00,0.003352751537658573
2018-12-31 18:00:00,0.0033635218450717027
2018-12-31 18:30:00,0.0032703792252471308
2018-12-31 19:00:00,0.0032212428838069777
2018-12-31 19:30:00,0.0031717246466536446
2018-12-31 20:00:00,0.0031611465675521378
2018-12-31 20:30:00,0.0031315386858844947
2018-12-31 21:00:00,0.002664246625650773
2018-12-31 21:30:00,0.002200458370554192
2018-12-31 22:00:00,0.002075699315288007
2018-12-31 22:30:00,0.0019689020030347094
2018-12-31 23:00:00,0.001995742341208391
2018-12-31 23:30:00,0.0019877795114805223
2019-01-01 00:00:00,0.001010115681900913
