timestamp,demand_kWh_per_m2
2018-01-01 00:00:00,0.0009870631047254933
2018-01-01 00:30:00,0.0019895254502181083
2018-01-01 01:00:00,0.002027049664201969
2018-01-01 01:30:00,0.0020092120464468817
2018-01-01 02:00:00,0.002021484019784029
2018-01-01 02:30:00,0.002063106502476838
2018-01-01 03:00:00,0.0020663148566960796
2018-01-01 03:30:00,0.0020809094369639244
2018-01-01 04:00:00,0.002108720122082068
2018-01-01 04:30:00,0.0021054617614488878
2018-01-01 05:00:00,0.002171306317934612
2018-01-01 05:30:00,0.0022196268385526506
2018-01-01 06:00:00,0.0031987232096409657
2018-01-01 06:30:00,0.004392388464676223
2018-01-01 07:00:00,0.0048734969175472
2018-01-01 07:30:00,0.005152197551485802
2018-01-01 08:00:00,0.005391891446218997
2018-01-01 08:30:00,0.005313405728418224
2018-01-01 09:00:00,0.005318172138380066
2018-01-01 09:30:00,0.005243404866265709
2018-01-01 10:00:00,0.005220045099254805
2018-01-01 10:30:00,0.005208030797856143
2018-01-01 11:00:00,0.0051457300118748165
2018-01-01 11:30:00,0.005121947534396095
2018-01-01 12:00:00,0.005101174904772952
2018-01-01 12:30:00,0.005101335124975942
2018-01-01 13:00:00,0.005096445739171491
2018-01-01 13:30:00,0.005088859306048644
2018-01-01 14:00:00,0.004951323262580857
2018-01-01 14:30:00,0.004831504248484546
2018-01-01 15:00:00,0.004775877148346662
2018-01-01 15:30:00,0.004696852342303966
2018-01-01 16:00:00,0.0045182532628993
2018-01-01 16:30:00,0.0044558126586373365
2018-01-01 17:00:00,0.004580738490940369
2018-01-01 17:30:00,0.004676576738236023
2018-01-01 18:00:00,0.0047738604834345715
2018-01-01 18:30:00,0.004833034479477723
2018-01-01 19:00:00,0.004849790708531402
2018-01-01 19:30:00,0.004357718392812878
2018-01-01 20:00:00,0.003806573439537787
2018-01-01 20:30:00,0.0035021186342542397
2018-01-01 21:00:00,0.002790498453959349
2018-01-01 21:30:00,0.002276763246861213
2018-01-01 22:00:00,0.002061668687851086
2018-01-01 22:30:00,0.0019004615093106089
2018-01-01 23:00:00,0.0019290426057434838
2018-01-01 23:30:00,0.0019452792803106847
2018-01-02 00:00:00,0.0019784450793714214
2018-01-02 00:30:00,0.0019903506428647754
2018-01-02 01:00:00,0.0020330635431948414
2018-01-02 01:30:00,0.0020575997631836498
2018-01-02 02:00:00,0.0020662693213417214
2018-01-02 02:30:00,0.002097343879952915
2018-01-02 03:00:00,0.0020965452532136523
2018-01-02 03:30:00,0.0021208178543206503
2018-01-02 04:00:00,0.0021484147533375403
2018-01-02 04:30:00,0.002153919843113602
2018-01-02 05:00:00,0.0021828686082322876
2018-01-02 05:30:00,0.0022059439637639195
2018-01-02 06:00:00,0.00314087047681608
2018-01-02 06:30:00,0.004363541231677504
2018-01-02 07:00:00,0.004824447874667771
2018-01-02 07:30:00,0.005086587877557212
2018-01-02 08:00:00,0.00532870191777329
2018-01-02 08:30:00,0.005279318804267415
2018-01-02 09:00:00,0.005300358699073383
2018-01-02 09:30:00,0.005252287038499708
2018-01-02 10:00:00,0.005259580248249159
2018-01-02 10:30:00,0.005276405496572076
2018-01-02 11:00:00,0.00523656436215077
2018-01-02 11:30:00,0.005209269889076507
2018-01-02 12:00:00,0.0051820429593877355
2018-01-02 12:30:00,0.005167314855049342
2018-01-02 13:00:00,0.005161694082032703
2018-01-02 13:30:00,0.005146980389264992
2018-01-02 14:00:00,0.005011593275937827
2018-01-02 14:30:00,0.0048841705521971875
2018-01-02 15:00:00,0.004836839090729822
2018-01-02 15:30:00,0.004764330745503414
2018-01-02 16:00:00,0.004597514383974529
2018-01-02 16:30:00,0.004528289098729852
2018-01-02 17:00:00,0.004654823991581366
2018-01-02 17:30:00,0.004749526372702095
2018-01-02 18:00:00,0.0048563629924799154
2018-01-02 18:30:00,0.004902217311360568
2018-01-02 19:00:00,0.004915069827909525
2018-01-02 19:30:00,0.004421255448472115
2018-01-02 20:00:00,0.0038814445010060712
2018-01-02 20:30:00,0.003574628976264537
2018-01-02 21:00:00,0.002837970862324334
2018-01-02 21:30:00,0.00230002386921115
2018-01-02 22:00:00,0.00208899936348544
2018-01-02 22:30:00,0.0019248230975257431
2018-01-02 23:00:00,0.0019702340869744957
2018-01-02 23:30:00,0.00197971737797604
2018-01-03 00:00:00,0.0020103013354671583
2018-01-03 00:30:00,0.0020313504328423587
2018-01-03 01:00:00,0.002084131898895432
2018-01-03 01:30:00,0.002103224668958692
2018-01-03 02:00:00,0.002105697685806312
2018-01-03 02:30:00,0.0021339838225319747
2018-01-03 03:00:00,0.0021332184899936595
2018-01-03 03:30:00,0.002151387183199358
2018-01-03 04:00:00,0.002188265394186496
2018-01-03 04:30:00,0.0021883936658472483
2018-01-03 05:00:00,0.0022103700088892263
2018-01-03 05:30:00,0.0022267401641186315
2018-01-03 06:00:00,0.0031318383287486126
2018-01-03 06:30:00,0.004347635893010987
2018-01-03 07:00:00,0.004818668574373615
2018-01-03 07:30:00,0.005092255097503463
2018-01-03 08:00:00,0.0053387276828677005
2018-01-03 08:30:00,0.0052853543440246585
2018-01-03 09:00:00,0.005321860892758205
2018-01-03 09:30:00,0.0052774008499328375
2018-01-03 10:00:00,0.005298947103088272
2018-01-03 10:30:00,0.005315233002719194
2018-01-03 11:00:00,0.00529594706551876
2018-01-03 11:30:00,0.0053129890517104195
2018-01-03 12:00:00,0.005337888382508768
2018-01-03 12:30:00,0.005367967674575892
2018-01-03 13:00:00,0.005390436441888453
2018-01-03 13:30:00,0.005379018614564376
2018-01-03 14:00:00,0.00524170017713224
2018-01-03 14:30:00,0.005104283636839426
2018-01-03 15:00:00,0.005042733467967315
2018-01-03 15:30:00,0.004963166752140242
2018-01-03 16:00:00,0.004772193602969973
2018-01-03 16:30:00,0.004693667819266367
2018-01-03 17:00:00,0.004792292491663661
2018-01-03 17:30:00,0.004870614863860572
2018-01-03 18:00:00,0.004976077262238699
2018-01-03 18:30:00,0.005009411789538131
2018-01-03 19:00:00,0.0050023275041552445
2018-01-03 19:30:00,0.004514413924970855
2018-01-03 20:00:00,0.003975930795383239
2018-01-03 20:30:00,0.003664644471512256
2018-01-03 21:00:00,0.0029337184295863796
2018-01-03 21:30:00,0.0024102280216109118
2018-01-03 22:00:00,0.0021859922293612456
2018-01-03 22:30:00,0.0020142168116334914
2018-01-03 23:00:00,0.0020559545000750773
2018-01-03 23:30:00,0.002079746527389795
2018-01-04 00:00:00,0.002118935494829327
2018-01-04 00:30:00,0.0021367501495696806
2018-01-04 01:00:00,0.002191524275719821
2018-01-04 01:30:00,0.002216354674065623
2018-01-04 02:00:00,0.002222024368287564
2018-01-04 02:30:00,0.002268709739941516
2018-01-04 03:00:00,0.0022758390397786157
2018-01-04 03:30:00,0.00229732191674972
2018-01-04 04:00:00,0.0023568081924299116
2018-01-04 04:30:00,0.002369478741194818
2018-01-04 05:00:00,0.002406409432871583
2018-01-04 05:30:00,0.0024597345884511956
2018-01-04 06:00:00,0.003403716646669012
2018-01-04 06:30:00,0.004508355899690678
2018-01-04 07:00:00,0.0050574932169895285
2018-01-04 07:30:00,0.005350005691911141
2018-01-04 08:00:00,0.005596555544130247
2018-01-04 08:30:00,0.005539916335010267
2018-01-04 09:00:00,0.005571537144240379
2018-01-04 09:30:00,0.005529269960801211
2018-01-04 10:00:00,0.00556250234826384
2018-01-04 10:30:00,0.005586578570016103
2018-01-04 11:00:00,0.005573217828558824
2018-01-04 11:30:00,0.005576486129703108
2018-01-04 12:00:00,0.005566270626730813
2018-01-04 12:30:00,0.005550637371573465
2018-01-04 13:00:00,0.005535076304494572
2018-01-04 13:30:00,0.005522698892286369
2018-01-04 14:00:00,0.005370653262091093
2018-01-04 14:30:00,0.005230336436606571
2018-01-04 15:00:00,0.005155008285260884
2018-01-04 15:30:00,0.005070740836298611
2018-01-04 16:00:00,0.004887798144216614
2018-01-04 16:30:00,0.004836231460710462
2018-01-04 17:00:00,0.004973819290334349
2018-01-04 17:30:00,0.005086984239159354
2018-01-04 18:00:00,0.005223431644732046
2018-01-04 18:30:00,0.0052870650669181425
2018-01-04 19:00:00,0.00531232980916834
2018-01-04 19:30:00,0.004832074503918489
2018-01-04 20:00:00,0.004300920092106886
2018-01-04 20:30:00,0.004013376179811794
2018-01-04 21:00:00,0.003181472559532813
2018-01-04 21:30:00,0.0025797694288409966
2018-01-04 22:00:00,0.002350863115664549
2018-01-04 22:30:00,0.0021797679935264087
2018-01-04 23:00:00,0.002266427632997107
2018-01-04 23:30:00,0.002305260000878913
2018-01-05 00:00:00,0.0023662466860189697
2018-01-05 00:30:00,0.002409528756574344
2018-01-05 01:00:00,0.0024906352966389328
2018-01-05 01:30:00,0.002535416691445536
2018-01-05 02:00:00,0.0025660289945862213
2018-01-05 02:30:00,0.0026383425231583297
2018-01-05 03:00:00,0.002626854851806452
2018-01-05 03:30:00,0.0026729479599953265
2018-01-05 04:00:00,0.002718769462166832
2018-01-05 04:30:00,0.00270952296368962
2018-01-05 05:00:00,0.0027728118972463666
2018-01-05 05:30:00,0.0028037913047643725
2018-01-05 06:00:00,0.003890640038085745
2018-01-05 06:30:00,0.005117721992418339
2018-01-05 07:00:00,0.005626853744483386
2018-01-05 07:30:00,0.005907224948595947
2018-01-05 08:00:00,0.006111203932591241
2018-01-05 08:30:00,0.005976941442677536
2018-01-05 09:00:00,0.005960443536687524
2018-01-05 09:30:00,0.005866738332078064
2018-01-05 10:00:00,0.005834688127494936
2018-01-05 10:30:00,0.005799033510948841
2018-01-05 11:00:00,0.005716732329809612
2018-01-05 11:30:00,0.005665704994995455
2018-01-05 12:00:00,0.005605871843226914
2018-01-05 12:30:00,0.00555521282822375
2018-01-05 13:00:00,0.005523275311705364
2018-01-05 13:30:00,0.005486040153893736
2018-01-05 14:00:00,0.005312836514784571
2018-01-05 14:30:00,0.005172728005949778
2018-01-05 15:00:00,0.005109349217117987
2018-01-05 15:30:00,0.005038828626845612
2018-01-05 16:00:00,0.0048769766173337396
2018-01-05 16:30:00,0.0048540068308981985
2018-01-05 17:00:00,0.00502939082779008
2018-01-05 17:30:00,0.005169809055169533
2018-01-05 18:00:00,0.005331799146628225
2018-01-05 18:30:00,0.005401039972060567
2018-01-05 19:00:00,0.0054257352836353835
2018-01-05 19:30:00,0.004947507191525563
2018-01-05 20:00:00,0.00441812314567407
2018-01-05 20:30:00,0.004132152655675859
2018-01-05 21:00:00,0.0032404027743080173
2018-01-05 21:30:00,0.0025804100492028853
2018-01-05 22:00:00,0.0023724209588482153
2018-01-05 22:30:00,0.0022126321479947362
2018-01-05 23:00:00,0.0022805873484604117
2018-01-05 23:30:00,0.002321853926129021
2018-01-06 00:00:00,0.0023082629033992245
2018-01-06 00:30:00,0.002293555938925056
2018-01-06 01:00:00,0.0023335878530245362
2018-01-06 01:30:00,0.0023507833745339897
2018-01-06 02:00:00,0.0023750074017024492
2018-01-06 02:30:00,0.0024048945684326892
2018-01-06 03:00:00,0.0024204216033687637
2018-01-06 03:30:00,0.0024487660375023417
2018-01-06 04:00:00,0.0024860801550943105
2018-01-06 04:30:00,0.002491132365602477
2018-01-06 05:00:00,0.002515529244802448
2018-01-06 05:30:00,0.0025199522947519206
2018-01-06 06:00:00,0.003573057767793272
2018-01-06 06:30:00,0.004477381136865634
2018-01-06 07:00:00,0.004337994248365305
2018-01-06 07:30:00,0.0041599212346989335
2018-01-06 08:00:00,0.0037644340936759165
2018-01-06 08:30:00,0.003431401100318638
2018-01-06 09:00:00,0.003198028024988868
2018-01-06 09:30:00,0.0029428257609081356
2018-01-06 10:00:00,0.002770596248478814
2018-01-06 10:30:00,0.002605458140401031
2018-01-06 11:00:00,0.0024694513729428204
2018-01-06 11:30:00,0.002388209398840483
2018-01-06 12:00:00,0.002259101042230018
2018-01-06 12:30:00,0.0022136885768975208
2018-01-06 13:00:00,0.0021560952957532836
2018-01-06 13:30:00,0.0020821381535897293
2018-01-06 14:00:00,0.0020693350791462185
2018-01-06 14:30:00,0.00203319945472439
2018-01-06 15:00:00,0.002043938375525907
2018-01-06 15:30:00,0.0020647393942069625
2018-01-06 16:00:00,0.002090161361484315
2018-01-06 16:30:00,0.002221274358895186
2018-01-06 17:00:00,0.0024582850535721772
2018-01-06 17:30:00,0.002679288356562541
2018-01-06 18:00:00,0.002844069387590799
2018-01-06 18:30:00,0.0029462329687578023
2018-01-06 19:00:00,0.003055975603628929
2018-01-06 19:30:00,0.0030999786433935864
2018-01-06 20:00:00,0.0031953885371365158
2018-01-06 20:30:00,0.003267324890595163
2018-01-06 21:00:00,0.0027168339708606992
2018-01-06 21:30:00,0.002239080983091634
2018-01-06 22:00:00,0.0021307673075437916
2018-01-06 22:30:00,0.0020217643508788304
2018-01-06 23:00:00,0.0020590613655826987
2018-01-06 23:30:00,0.0021058431037635104
2018-01-07 00:00:00,0.00205891082544074
2018-01-07 00:30:00,0.0020434997341953146
2018-01-07 01:00:00,0.002080867851769
2018-01-07 01:30:00,0.002080237302143252
2018-01-07 02:00:00,0.0021367836174040087
2018-01-07 02:30:00,0.0021530750733031448
2018-01-07 03:00:00,0.0021579427549348797
2018-01-07 03:30:00,0.002182300045723816
2018-01-07 04:00:00,0.0021920091035299537
2018-01-07 04:30:00,0.002234218293419624
2018-01-07 05:00:00,0.002247948526713222
2018-01-07 05:30:00,0.002264438662609402
2018-01-07 06:00:00,0.0033888102208475815
2018-01-07 06:30:00,0.003999830301761247
2018-01-07 07:00:00,0.0038694582413985584
2018-01-07 07:30:00,0.003605117261762323
2018-01-07 08:00:00,0.0032400605863209756
2018-01-07 08:30:00,0.003271763871407409
2018-01-07 09:00:00,0.0029637188486898525
2018-01-07 09:30:00,0.0028491206431153666
2018-01-07 10:00:00,0.0026856178142267055
2018-01-07 10:30:00,0.002509663084409081
2018-01-07 11:00:00,0.0024554588664261203
2018-01-07 11:30:00,0.002334480632465041
2018-01-07 12:00:00,0.002296757000542265
2018-01-07 12:30:00,0.00223096501156286
2018-01-07 13:00:00,0.002132228866534495
2018-01-07 13:30:00,0.0021250319799035575
2018-01-07 14:00:00,0.0020615885126370726
2018-01-07 14:30:00,0.002097684157972758
2018-01-07 15:00:00,0.0020943414983327488
2018-01-07 15:30:00,0.0020863897405747444
2018-01-07 16:00:00,0.002168319433093765
2018-01-07 16:30:00,0.0022355378203040735
2018-01-07 17:00:00,0.0025199377095478552
2018-01-07 17:30:00,0.0027067814228171564
2018-01-07 18:00:00,0.002828636201497549
2018-01-07 18:30:00,0.0029654522741479976
2018-01-07 19:00:00,0.002981030010031537
2018-01-07 19:30:00,0.003067375633531379
2018-01-07 20:00:00,0.0031158284627862956
2018-01-07 20:30:00,0.0031155842908432395
2018-01-07 21:00:00,0.00261080986849268
2018-01-07 21:30:00,0.0020847864967445504
2018-01-07 22:00:00,0.0019797120821578975
2018-01-07 22:30:00,0.0018802700740244587
2018-01-07 23:00:00,0.0019681262211286516
2018-01-07 23:30:00,0.002022149209269433
2018-01-08 00:00:00,0.002160261715564561
2018-01-08 00:30:00,0.0022997265654532842
2018-01-08 01:00:00,0.002361178544648029
2018-01-08 01:30:00,0.0024155847850706315
2018-01-08 02:00:00,0.0024302081016631524
2018-01-08 02:30:00,0.002482523622536356
2018-01-08 03:00:00,0.002511623709147219
2018-01-08 03:30:00,0.0025057764747924605
2018-01-08 04:00:00,0.002543611970021415
2018-01-08 04:30:00,0.0025519330025740115
2018-01-08 05:00:00,0.0025811670907472236
2018-01-08 05:30:00,0.0026260892154097177
2018-01-08 06:00:00,0.003705191816305399
2018-01-08 06:30:00,0.004987778068566649
2018-01-08 07:00:00,0.0054699816705845354
2018-01-08 07:30:00,0.005751807314719149
2018-01-08 08:00:00,0.005971096508965084
2018-01-08 08:30:00,0.005890412896410041
2018-01-08 09:00:00,0.0058917547785923875
2018-01-08 09:30:00,0.005801776918380158
2018-01-08 10:00:00,0.005776344576508248
2018-01-08 10:30:00,0.005749444120985473
2018-01-08 11:00:00,0.005671580401366399
2018-01-08 11:30:00,0.005617539485578954
2018-01-08 12:00:00,0.005552358208611436
2018-01-08 12:30:00,0.005506523380077883
2018-01-08 13:00:00,0.005486962581234172
2018-01-08 13:30:00,0.005454007182423746
2018-01-08 14:00:00,0.005300957126523512
2018-01-08 14:30:00,0.005169774762576641
2018-01-08 15:00:00,0.0051370339312176855
2018-01-08 15:30:00,0.005093422825403936
2018-01-08 16:00:00,0.004960761495719843
2018-01-08 16:30:00,0.004904523075853237
2018-01-08 17:00:00,0.005069927971622047
2018-01-08 17:30:00,0.005211824774063612
2018-01-08 18:00:00,0.005371562536702863
2018-01-08 18:30:00,0.0054532011762657585
2018-01-08 19:00:00,0.00548484186651808
2018-01-08 19:30:00,0.005022168547277064
2018-01-08 20:00:00,0.004510756033926317
2018-01-08 20:30:00,0.00421307062988789
2018-01-08 21:00:00,0.0032695915875769438
2018-01-08 21:30:00,0.002586205280359816
2018-01-08 22:00:00,0.002415703420078698
2018-01-08 22:30:00,0.0022678917096718458
2018-01-08 23:00:00,0.002360539226536503
2018-01-08 23:30:00,0.0024095517629974224
2018-01-09 00:00:00,0.0024610413098737427
2018-01-09 00:30:00,0.002520017841353523
2018-01-09 01:00:00,0.0026025199597237586
2018-01-09 01:30:00,0.0026509569883409376
2018-01-09 02:00:00,0.0026994569590589935
2018-01-09 02:30:00,0.0027663147097354516
2018-01-09 03:00:00,0.0028066583391634804
2018-01-09 03:30:00,0.00284019701591148
2018-01-09 04:00:00,0.0028857288107855704
2018-01-09 04:30:00,0.0029162427506155067
2018-01-09 05:00:00,0.002953928313419339
2018-01-09 05:30:00,0.003016048520683667
2018-01-09 06:00:00,0.0042558029337483655
2018-01-09 06:30:00,0.00546898883490781
2018-01-09 07:00:00,0.005990432452579457
2018-01-09 07:30:00,0.0062553161667586316
2018-01-09 08:00:00,0.006437721203074105
2018-01-09 08:30:00,0.006312072448186244
2018-01-09 09:00:00,0.006236558856388871
2018-01-09 09:30:00,0.0060757242082688945
2018-01-09 10:00:00,0.005998094416223355
2018-01-09 10:30:00,0.005923846828820514
2018-01-09 11:00:00,0.005821629508121865
2018-01-09 11:30:00,0.0057354185807179
2018-01-09 12:00:00,0.0056514974435354845
2018-01-09 12:30:00,0.005610177517010338
2018-01-09 13:00:00,0.00558612282579741
2018-01-09 13:30:00,0.005555374133635376
2018-01-09 14:00:00,0.005392234719414675
2018-01-09 14:30:00,0.005249212121534324
2018-01-09 15:00:00,0.005198673043789589
2018-01-09 15:30:00,0.00514341595638817
2018-01-09 16:00:00,0.004994826368431172
2018-01-09 16:30:00,0.0049533214355377934
2018-01-09 17:00:00,0.005129643616999502
2018-01-09 17:30:00,0.005285434562647018
2018-01-09 18:00:00,0.005450016523003124
2018-01-09 18:30:00,0.005531923426140792
2018-01-09 19:00:00,0.005555718622264727
2018-01-09 19:30:00,0.005064051610267503
2018-01-09 20:00:00,0.004527271780746302
2018-01-09 20:30:00,0.004230360390915277
2018-01-09 21:00:00,0.003281399048209621
2018-01-09 21:30:00,0.002590467198531044
2018-01-09 22:00:00,0.0024141297373317426
2018-01-09 22:30:00,0.0022672910683960994
2018-01-09 23:00:00,0.0023394620439618086
2018-01-09 23:30:00,0.00238457169267657
2018-01-10 00:00:00,0.0024336231230149977
2018-01-10 00:30:00,0.002492580771864515
2018-01-10 01:00:00,0.0025683468265989213
2018-01-10 01:30:00,0.002608556888548056
2018-01-10 02:00:00,0.0026424950957074137
2018-01-10 02:30:00,0.002691182807519464
2018-01-10 03:00:00,0.0027026002007600873
2018-01-10 03:30:00,0.002729622373283454
2018-01-10 04:00:00,0.0027888695557970046
2018-01-10 04:30:00,0.0027848077500982195
2018-01-10 05:00:00,0.0028115473342928228
2018-01-10 05:30:00,0.0028663566212027633
2018-01-10 06:00:00,0.003956158294038855
2018-01-10 06:30:00,0.005303128238328651
2018-01-10 07:00:00,0.005728217092802346
2018-01-10 07:30:00,0.006015224912031351
2018-01-10 08:00:00,0.006187952665449544
2018-01-10 08:30:00,0.006008795050864201
2018-01-10 09:00:00,0.005944555040459034
2018-01-10 09:30:00,0.005804540423875411
2018-01-10 10:00:00,0.005746078932414184
2018-01-10 10:30:00,0.0056841234164124255
2018-01-10 11:00:00,0.005585961563794128
2018-01-10 11:30:00,0.005511530142048382
2018-01-10 12:00:00,0.005442606327762733
2018-01-10 12:30:00,0.005393725882896962
2018-01-10 13:00:00,0.005365855728345577
2018-01-10 13:30:00,0.005339521230830547
2018-01-10 14:00:00,0.00517987866269283
2018-01-10 14:30:00,0.0050400550862374546
2018-01-10 15:00:00,0.004982611042984813
2018-01-10 15:30:00,0.004921091650629612
2018-01-10 16:00:00,0.004750401919029463
2018-01-10 16:30:00,0.004704387336537476
2018-01-10 17:00:00,0.004856791476257677
2018-01-10 17:30:00,0.005017954291469121
2018-01-10 18:00:00,0.005192038902948835
2018-01-10 18:30:00,0.0052811534579871085
2018-01-10 19:00:00,0.0053192839997399655
2018-01-10 19:30:00,0.004848483205758637
2018-01-10 20:00:00,0.004317983478612845
2018-01-10 20:30:00,0.00400604507457678
2018-01-10 21:00:00,0.003101769671726121
2018-01-10 21:30:00,0.002434051954059522
2018-01-10 22:00:00,0.00224582876698073
2018-01-10 22:30:00,0.002079742967905469
2018-01-10 23:00:00,0.002137784092949531
2018-01-10 23:30:00,0.002180954690873835
2018-01-11 00:00:00,0.002220667119550934
2018-01-11 00:30:00,0.0022634449153574217
2018-01-11 01:00:00,0.002310637947611204
2018-01-11 01:30:00,0.002337309250478442
2018-01-11 02:00:00,0.002374824869609907
2018-01-11 02:30:00,0.0024157646692541026
2018-01-11 03:00:00,0.0024184607181805535
2018-01-11 03:30:00,0.0024262466560590066
2018-01-11 04:00:00,0.0024520214463680324
2018-01-11 04:30:00,0.002479269429104338
2018-01-11 05:00:00,0.002512894010967948
2018-01-11 05:30:00,0.002541261842199714
2018-01-11 06:00:00,0.0036685345103881664
2018-01-11 06:30:00,0.004970781574321003
2018-01-11 07:00:00,0.00543519148782938
2018-01-11 07:30:00,0.005679053972791122
2018-01-11 08:00:00,0.005894212645927453
2018-01-11 08:30:00,0.005782246679011633
2018-01-11 09:00:00,0.005754775620788152
2018-01-11 09:30:00,0.00564200256250571
2018-01-11 10:00:00,0.005611826990728418
2018-01-11 10:30:00,0.005566281782675589
2018-01-11 11:00:00,0.005481181067114398
2018-01-11 11:30:00,0.005433542404786409
2018-01-11 12:00:00,0.005387418693714004
2018-01-11 12:30:00,0.005363942114845542
2018-01-11 13:00:00,0.005353991446188729
2018-01-11 13:30:00,0.005331141032703127
2018-01-11 14:00:00,0.005172969312942036
2018-01-11 14:30:00,0.005036870736833236
2018-01-11 15:00:00,0.004980663223708578
2018-01-11 15:30:00,0.004919859287702791
2018-01-11 16:00:00,0.0047458362292569015
2018-01-11 16:30:00,0.004690790887764499
2018-01-11 17:00:00,0.004796756562499567
2018-01-11 17:30:00,0.0049330673186008395
2018-01-11 18:00:00,0.005077049110690205
2018-01-11 18:30:00,0.005143726022199592
2018-01-11 19:00:00,0.005171803147741998
2018-01-11 19:30:00,0.004678528941755147
2018-01-11 20:00:00,0.004133962219371894
2018-01-11 20:30:00,0.00382631277690626
2018-01-11 21:00:00,0.002958976009459581
2018-01-11 21:30:00,0.00232873254277125
2018-01-11 22:00:00,0.002160147334574347
2018-01-11 22:30:00,0.0020065853640564317
2018-01-11 23:00:00,0.002048776452666057
2018-01-11 23:30:00,0.0020951483292492978
2018-01-12 00:00:00,0.0021244354190122824
2018-01-12 00:30:00,0.0021760087005869406
2018-01-12 01:00:00,0.0022416151622979682
2018-01-12 01:30:00,0.0022764174993898456
2018-01-12 02:00:00,0.002303162639852664
2018-01-12 02:30:00,0.002326019390956699
2018-01-12 03:00:00,0.002339725706251964
2018-01-12 03:30:00,0.0023569735348176633
2018-01-12 04:00:00,0.0023763961214895175
2018-01-12 04:30:00,0.0023856904125550502
2018-01-12 05:00:00,0.002400511584386051
2018-01-12 05:30:00,0.002434711326826638
2018-01-12 06:00:00,0.0034990060822533663
2018-01-12 06:30:00,0.004833856633540209
2018-01-12 07:00:00,0.005241708858801326
2018-01-12 07:30:00,0.005419306768126943
2018-01-12 08:00:00,0.0056355305084267995
2018-01-12 08:30:00,0.005530722707897791
2018-01-12 09:00:00,0.005511924637091671
2018-01-12 09:30:00,0.005399178144716634
2018-01-12 10:00:00,0.005372005388642962
2018-01-12 10:30:00,0.005339542240469737
2018-01-12 11:00:00,0.0052666907088643414
2018-01-12 11:30:00,0.0052225755019350865
2018-01-12 12:00:00,0.0051873917357118954
2018-01-12 12:30:00,0.005168886844870825
2018-01-12 13:00:00,0.005170680087028976
2018-01-12 13:30:00,0.005159631881766253
2018-01-12 14:00:00,0.0050250171765377095
2018-01-12 14:30:00,0.004900216924578014
2018-01-12 15:00:00,0.004848873142925656
2018-01-12 15:30:00,0.004775565997326604
2018-01-12 16:00:00,0.0045876622956701925
2018-01-12 16:30:00,0.004512111502920784
2018-01-12 17:00:00,0.004608097642449327
2018-01-12 17:30:00,0.004736609047493407
2018-01-12 18:00:00,0.0048778735205670595
2018-01-12 18:30:00,0.004957536168837536
2018-01-12 19:00:00,0.004993276950949314
2018-01-12 19:30:00,0.004503586190694584
2018-01-12 20:00:00,0.003966270832415785
2018-01-12 20:30:00,0.0036632419478713407
2018-01-12 21:00:00,0.0028732474355900577
2018-01-12 21:30:00,0.0023030391865182546
2018-01-12 22:00:00,0.002136370369955494
2018-01-12 22:30:00,0.0019785538606850745
2018-01-12 23:00:00,0.0020121613830689296
2018-01-12 23:30:00,0.0020393061841681424
2018-01-13 00:00:00,0.001996565459088654
2018-01-13 00:30:00,0.00197805032387806
2018-01-13 01:00:00,0.0019885675582594553
2018-01-13 01:30:00,0.00198637113938893
2018-01-13 02:00:00,0.002008740197732033
2018-01-13 02:30:00,0.0020167486033808267
2018-01-13 03:00:00,0.0020461049294547757
2018-01-13 03:30:00,0.0020559350531363235
2018-01-13 04:00:00,0.0020821970587144812
2018-01-13 04:30:00,0.002081476002688506
2018-01-13 05:00:00,0.002079043919910629
2018-01-13 05:30:00,0.00209860632486312
2018-01-13 06:00:00,0.0030739616345170488
2018-01-13 06:30:00,0.003791178539605208
2018-01-13 07:00:00,0.003716074983038788
2018-01-13 07:30:00,0.00354073001024945
2018-01-13 08:00:00,0.0032244682652333703
2018-01-13 08:30:00,0.0029043044138213512
2018-01-13 09:00:00,0.0027083585348234005
2018-01-13 09:30:00,0.0024972037606530483
2018-01-13 10:00:00,0.002331341427740073
2018-01-13 10:30:00,0.002217802646244206
2018-01-13 11:00:00,0.0020568146798481623
2018-01-13 11:30:00,0.0019859199964548527
2018-01-13 12:00:00,0.001893001264247934
2018-01-13 12:30:00,0.0018247199368830263
2018-01-13 13:00:00,0.0018118652499167964
2018-01-13 13:30:00,0.0017378633537491015
2018-01-13 14:00:00,0.0017439775060199229
2018-01-13 14:30:00,0.0017200826009265305
2018-01-13 15:00:00,0.0017141110884787995
2018-01-13 15:30:00,0.0017444614222548015
2018-01-13 16:00:00,0.0017342430977400531
2018-01-13 16:30:00,0.0018416800115268555
2018-01-13 17:00:00,0.00203090966450284
2018-01-13 17:30:00,0.0022352246290917796
2018-01-13 18:00:00,0.0024448145758176457
2018-01-13 18:30:00,0.0025294904104937455
2018-01-13 19:00:00,0.0026629764119243606
2018-01-13 19:30:00,0.002721569170222174
2018-01-13 20:00:00,0.0027864372559774
2018-01-13 20:30:00,0.002892140266814257
2018-01-13 21:00:00,0.0024417010688331728
2018-01-13 21:30:00,0.0020696414118399342
2018-01-13 22:00:00,0.0019719561394461378
2018-01-13 22:30:00,0.0018618523905493609
2018-01-13 23:00:00,0.0019135941399126416
2018-01-13 23:30:00,0.0019606080693331703
2018-01-14 00:00:00,0.0019099464498292798
2018-01-14 00:30:00,0.0018677250621945427
2018-01-14 01:00:00,0.0018988389487666975
2018-01-14 01:30:00,0.001881837462561326
2018-01-14 02:00:00,0.001928100514422568
2018-01-14 02:30:00,0.0019675039624968806
2018-01-14 03:00:00,0.0019615508117792673
2018-01-14 03:30:00,0.001986608973713553
2018-01-14 04:00:00,0.0020160538962205286
2018-01-14 04:30:00,0.0020291163789363433
2018-01-14 05:00:00,0.0020687709442889814
2018-01-14 05:30:00,0.002105012268031937
2018-01-14 06:00:00,0.0031803536226126063
2018-01-14 06:30:00,0.0037589717177117605
2018-01-14 07:00:00,0.003675333906799981
2018-01-14 07:30:00,0.003429624006064988
2018-01-14 08:00:00,0.0030623805918141463
2018-01-14 08:30:00,0.0030161419788513827
2018-01-14 09:00:00,0.002742053438206611
2018-01-14 09:30:00,0.0025808264654606167
2018-01-14 10:00:00,0.0024541390356832534
2018-01-14 10:30:00,0.0022799241123505525
2018-01-14 11:00:00,0.0021892865321044438
2018-01-14 11:30:00,0.002111182590701748
2018-01-14 12:00:00,0.002034605233991213
2018-01-14 12:30:00,0.0020109116568039352
2018-01-14 13:00:00,0.0019545500006446473
2018-01-14 13:30:00,0.0019168156902688947
2018-01-14 14:00:00,0.00188246302022735
2018-01-14 14:30:00,0.0018739023301996224
2018-01-14 15:00:00,0.0018791716692516417
2018-01-14 15:30:00,0.0018722430896038205
2018-01-14 16:00:00,0.0019363016531250804
2018-01-14 16:30:00,0.00201408966858972
2018-01-14 17:00:00,0.0022788452847415253
2018-01-14 17:30:00,0.002517125326255646
2018-01-14 18:00:00,0.0026819109151601747
2018-01-14 18:30:00,0.002812882227731555
2018-01-14 19:00:00,0.0028980750123934074
2018-01-14 19:30:00,0.002944544036853725
2018-01-14 20:00:00,0.003026870785508414
2018-01-14 20:30:00,0.003076379652991006
2018-01-14 21:00:00,0.0025427035201682096
2018-01-14 21:30:00,0.002068191182427388
2018-01-14 22:00:00,0.001955727886097951
2018-01-14 22:30:00,0.0018611521271208477
2018-01-14 23:00:00,0.0019524324981461173
2018-01-14 23:30:00,0.0020098547070010056
2018-01-15 00:00:00,0.0021678035683166483
2018-01-15 00:30:00,0.0022995549288554453
2018-01-15 01:00:00,0.0024036441910425138
2018-01-15 01:30:00,0.002477542862164771
2018-01-15 02:00:00,0.002500036111784156
2018-01-15 02:30:00,0.002558616715745249
2018-01-15 03:00:00,0.0025696253760052823
2018-01-15 03:30:00,0.0026006690712828736
2018-01-15 04:00:00,0.002642329102194481
2018-01-15 04:30:00,0.0026375281391896755
2018-01-15 05:00:00,0.002695550598645201
2018-01-15 05:30:00,0.0027580598315012934
2018-01-15 06:00:00,0.003966317192528707
2018-01-15 06:30:00,0.005202333843193272
2018-01-15 07:00:00,0.005694802260063865
2018-01-15 07:30:00,0.005963286045371463
2018-01-15 08:00:00,0.006161071570048831
2018-01-15 08:30:00,0.006008460980237754
2018-01-15 09:00:00,0.0059481637498481985
2018-01-15 09:30:00,0.005817210061065063
2018-01-15 10:00:00,0.005768475858915056
2018-01-15 10:30:00,0.005709017364575941
2018-01-15 11:00:00,0.005609520271252149
2018-01-15 11:30:00,0.0055460110403423345
2018-01-15 12:00:00,0.005474182209355322
2018-01-15 12:30:00,0.005440173072959529
2018-01-15 13:00:00,0.0054086484566228926
2018-01-15 13:30:00,0.005378318047277444
2018-01-15 14:00:00,0.00521742245384048
2018-01-15 14:30:00,0.0050835478609015565
2018-01-15 15:00:00,0.005036651828547222
2018-01-15 15:30:00,0.004974643658222454
2018-01-15 16:00:00,0.004834333995114928
2018-01-15 16:30:00,0.004745450763149462
2018-01-15 17:00:00,0.004904630771958254
2018-01-15 17:30:00,0.005054724198634406
2018-01-15 18:00:00,0.0052211838737888745
2018-01-15 18:30:00,0.005342308827957515
2018-01-15 19:00:00,0.005384455943913217
2018-01-15 19:30:00,0.004883010030082057
2018-01-15 20:00:00,0.004330329549995645
2018-01-15 20:30:00,0.004030997841048356
2018-01-15 21:00:00,0.003146470630868638
2018-01-15 21:30:00,0.002509954484631968
2018-01-15 22:00:00,0.0023110336580881644
2018-01-15 22:30:00,0.002154771384625946
2018-01-15 23:00:00,0.0022033309115939348
2018-01-15 23:30:00,0.0022334018692587347
2018-01-16 00:00:00,0.002279190120637639
2018-01-16 00:30:00,0.002300746357712524
2018-01-16 01:00:00,0.0023579100698703634
2018-01-16 01:30:00,0.00240934804763231
2018-01-16 02:00:00,0.0024273125045727495
2018-01-16 02:30:00,0.002461120616920847
2018-01-16 03:00:00,0.0024745026284673875
2018-01-16 03:30:00,0.0024867875808998194
2018-01-16 04:00:00,0.002502606450142235
2018-01-16 04:30:00,0.0025092917694222536
2018-01-16 05:00:00,0.0025249949554240923
2018-01-16 05:30:00,0.002535143826586149
2018-01-16 06:00:00,0.0036326723151342156
2018-01-16 06:30:00,0.004928649955144618
2018-01-16 07:00:00,0.005334701428603825
2018-01-16 07:30:00,0.00560760830726924
2018-01-16 08:00:00,0.005825979111150866
2018-01-16 08:30:00,0.005718466710251358
2018-01-16 09:00:00,0.005687945391002698
2018-01-16 09:30:00,0.005575711768228942
2018-01-16 10:00:00,0.005545880858714382
2018-01-16 10:30:00,0.005514448051028338
2018-01-16 11:00:00,0.005437196909980003
2018-01-16 11:30:00,0.005374099494043303
2018-01-16 12:00:00,0.005316436585912994
2018-01-16 12:30:00,0.005274070214404512
2018-01-16 13:00:00,0.005255700627376153
2018-01-16 13:30:00,0.005237337855458027
2018-01-16 14:00:00,0.005087331245472739
2018-01-16 14:30:00,0.004960388400990853
2018-01-16 15:00:00,0.00492368395361048
2018-01-16 15:30:00,0.004855157672952299
2018-01-16 16:00:00,0.004710223414947458
2018-01-16 16:30:00,0.004620361498425878
2018-01-16 17:00:00,0.004794305900949845
2018-01-16 17:30:00,0.004965123513535638
2018-01-16 18:00:00,0.005137965995210807
2018-01-16 18:30:00,0.005234599787253198
2018-01-16 19:00:00,0.005272909692289381
2018-01-16 19:30:00,0.004755601587687064
2018-01-16 20:00:00,0.004193599990177643
2018-01-16 20:30:00,0.003887713621070086
2018-01-16 21:00:00,0.0030404458339670917
2018-01-16 21:30:00,0.0024286824719545906
2018-01-16 22:00:00,0.002224021369219174
2018-01-16 22:30:00,0.0020737672448482318
2018-01-16 23:00:00,0.002142903152309664
2018-01-16 23:30:00,0.0021793701560405224
2018-01-17 00:00:00,0.0022263529182690303
2018-01-17 00:30:00,0.002259051122632771
2018-01-17 01:00:00,0.0023113744135998073
2018-01-17 01:30:00,0.0023587208075380017
2018-01-17 02:00:00,0.002391568770693483
2018-01-17 02:30:00,0.002447111354782811
2018-01-17 03:00:00,0.002481981105035144
2018-01-17 03:30:00,0.0025153933766812455
2018-01-17 04:00:00,0.0025640640290135403
2018-01-17 04:30:00,0.002599900873793759
2018-01-17 05:00:00,0.0026518082694032092
2018-01-17 05:30:00,0.0027074481315946504
2018-01-17 06:00:00,0.003951301855168588
2018-01-17 06:30:00,0.005208250878167484
2018-01-17 07:00:00,0.005686175068450935
2018-01-17 07:30:00,0.005924893013353775
2018-01-17 08:00:00,0.0061629689054193285
2018-01-17 08:30:00,0.006040611631732213
2018-01-17 09:00:00,0.00604248274846207
2018-01-17 09:30:00,0.005951113346920318
2018-01-17 10:00:00,0.005950080358524068
2018-01-17 10:30:00,0.005923250181112548
2018-01-17 11:00:00,0.005839822813859424
2018-01-17 11:30:00,0.005763225749760063
2018-01-17 12:00:00,0.005689457173449066
2018-01-17 12:30:00,0.005652160549420307
2018-01-17 13:00:00,0.005628392353287231
2018-01-17 13:30:00,0.005606499788351937
2018-01-17 14:00:00,0.0054550296660004025
2018-01-17 14:30:00,0.005329125322774636
2018-01-17 15:00:00,0.005312510691743757
2018-01-17 15:30:00,0.005294116796041956
2018-01-17 16:00:00,0.005158179785794855
2018-01-17 16:30:00,0.005049781160115001
2018-01-17 17:00:00,0.005215705263103528
2018-01-17 17:30:00,0.005397996916820731
2018-01-17 18:00:00,0.005569077149896389
2018-01-17 18:30:00,0.005679457149503497
2018-01-17 19:00:00,0.005711439246392641
2018-01-17 19:30:00,0.005198652381417163
2018-01-17 20:00:00,0.00465345597757507
2018-01-17 20:30:00,0.004347196079655068
2018-01-17 21:00:00,0.0033775090751560263
2018-01-17 21:30:00,0.002705273373488495
2018-01-17 22:00:00,0.0025493288925231864
2018-01-17 22:30:00,0.0024141878611062765
2018-01-17 23:00:00,0.00251307094338393
2018-01-17 23:30:00,0.0025565865074293837
2018-01-18 00:00:00,0.00262303287721618
2018-01-18 00:30:00,0.0026730273104507768
2018-01-18 01:00:00,0.0027419185684773523
2018-01-18 01:30:00,0.0027916368378183096
2018-01-18 02:00:00,0.002829384517964455
2018-01-18 02:30:00,0.002862941252584155
2018-01-18 03:00:00,0.002886257611249626
2018-01-18 03:30:00,0.0029070851958380856
2018-01-18 04:00:00,0.002938611678733574
2018-01-18 04:30:00,0.0029712801049723483
2018-01-18 05:00:00,0.0030182859604406262
2018-01-18 05:30:00,0.00305852206739702
2018-01-18 06:00:00,0.0042088333242485225
2018-01-18 06:30:00,0.005505325874052443
2018-01-18 07:00:00,0.006023584230744619
2018-01-18 07:30:00,0.006281113442590592
2018-01-18 08:00:00,0.00652305137514925
2018-01-18 08:30:00,0.006407245115321387
2018-01-18 09:00:00,0.006391088051659707
2018-01-18 09:30:00,0.006267236836356196
2018-01-18 10:00:00,0.006234318378047732
2018-01-18 10:30:00,0.006193481629815593
2018-01-18 11:00:00,0.006096668474489876
2018-01-18 11:30:00,0.006008008838911733
2018-01-18 12:00:00,0.005913280846867199
2018-01-18 12:30:00,0.0058687931963341345
2018-01-18 13:00:00,0.005834132587490094
2018-01-18 13:30:00,0.0058137582294362925
2018-01-18 14:00:00,0.005645829181788943
2018-01-18 14:30:00,0.005509577200587385
2018-01-18 15:00:00,0.005469461204522803
2018-01-18 15:30:00,0.005419169207080268
2018-01-18 16:00:00,0.005270894807119453
2018-01-18 16:30:00,0.005189728797621623
2018-01-18 17:00:00,0.005372135526862568
2018-01-18 17:30:00,0.005560766231488278
2018-01-18 18:00:00,0.005742682576650875
2018-01-18 18:30:00,0.005862917876779882
2018-01-18 19:00:00,0.005913769494611729
2018-01-18 19:30:00,0.005421635322000964
2018-01-18 20:00:00,0.004867902927479694
2018-01-18 20:30:00,0.004566447986132278
2018-01-18 21:00:00,0.003538328703988484
2018-01-18 21:30:00,0.0028144130230332224
2018-01-18 22:00:00,0.002656617393176956
2018-01-18 22:30:00,0.002521657461377189
2018-01-18 23:00:00,0.0026157222173118647
2018-01-18 23:30:00,0.0026715815520978103
2018-01-19 00:00:00,0.002734757450323051
2018-01-19 00:30:00,0.0027890257390238695
2018-01-19 01:00:00,0.0028633210321983415
2018-01-19 01:30:00,0.0029083678690372625
2018-01-19 02:00:00,0.0029293722992250132
2018-01-19 02:30:00,0.0029640852151253004
2018-01-19 03:00:00,0.0029852457417232255
2018-01-19 03:30:00,0.00301489594229575
2018-01-19 04:00:00,0.003048170609486831
2018-01-19 04:30:00,0.003061470188585396
2018-01-19 05:00:00,0.0030992894490931592
2018-01-19 05:30:00,0.003137392252913286
2018-01-19 06:00:00,0.0043344364135569895
2018-01-19 06:30:00,0.005616324182131888
2018-01-19 07:00:00,0.006116799007867385
2018-01-19 07:30:00,0.006369583036432433
2018-01-19 08:00:00,0.006587074213602219
2018-01-19 08:30:00,0.0064427094296811045
2018-01-19 09:00:00,0.006412118570263064
2018-01-19 09:30:00,0.0062782288278115835
2018-01-19 10:00:00,0.006231975933503172
2018-01-19 10:30:00,0.006184713230854972
2018-01-19 11:00:00,0.006096860730051794
2018-01-19 11:30:00,0.006017702052671787
2018-01-19 12:00:00,0.005937940433373725
2018-01-19 12:30:00,0.005891330939507588
2018-01-19 13:00:00,0.005857740780461906
2018-01-19 13:30:00,0.005815390383224544
2018-01-19 14:00:00,0.005636984948448852
2018-01-19 14:30:00,0.005486429309710537
2018-01-19 15:00:00,0.005443219340416926
2018-01-19 15:30:00,0.005383003196816637
2018-01-19 16:00:00,0.005241464122549779
2018-01-19 16:30:00,0.0051661154824650495
2018-01-19 17:00:00,0.005337753946862965
2018-01-19 17:30:00,0.005485216393722469
2018-01-19 18:00:00,0.005628533213368159
2018-01-19 18:30:00,0.005734369401008802
2018-01-19 19:00:00,0.0057609189434671025
2018-01-19 19:30:00,0.005232229257509144
2018-01-19 20:00:00,0.00466029313924741
2018-01-19 20:30:00,0.004343540359027801
2018-01-19 21:00:00,0.0033679984368968595
2018-01-19 21:30:00,0.0026673718107577925
2018-01-19 22:00:00,0.002480026557465367
2018-01-19 22:30:00,0.0023201019653073763
2018-01-19 23:00:00,0.002379076369778231
2018-01-19 23:30:00,0.002401433447417995
2018-01-20 00:00:00,0.002380382353258905
2018-01-20 00:30:00,0.002348910217611898
2018-01-20 01:00:00,0.00235029329431406
2018-01-20 01:30:00,0.00235534728456439
2018-01-20 02:00:00,0.0023782699729451365
2018-01-20 02:30:00,0.0024066535179979487
2018-01-20 03:00:00,0.002412437897068522
2018-01-20 03:30:00,0.0024186696859554643
2018-01-20 04:00:00,0.0024351075582037434
2018-01-20 04:30:00,0.002441233343911141
2018-01-20 05:00:00,0.0024591462751455528
2018-01-20 05:30:00,0.0024412753197811735
2018-01-20 06:00:00,0.003534930004174522
2018-01-20 06:30:00,0.004282632807301468
2018-01-20 07:00:00,0.004167511835022942
2018-01-20 07:30:00,0.004015008550641774
2018-01-20 08:00:00,0.003684731943811097
2018-01-20 08:30:00,0.0034192429870715593
2018-01-20 09:00:00,0.0032766581623548934
2018-01-20 09:30:00,0.003112010959255603
2018-01-20 10:00:00,0.003016718485087068
2018-01-20 10:30:00,0.0029010815612147346
2018-01-20 11:00:00,0.0027897274783361273
2018-01-20 11:30:00,0.002717890747030247
2018-01-20 12:00:00,0.0026155502768556074
2018-01-20 12:30:00,0.002574282527161671
2018-01-20 13:00:00,0.0025257575966449917
2018-01-20 13:30:00,0.0024798171556070017
2018-01-20 14:00:00,0.0024662789608335955
2018-01-20 14:30:00,0.0024208084585432563
2018-01-20 15:00:00,0.0024202444105027093
2018-01-20 15:30:00,0.002438547061862412
2018-01-20 16:00:00,0.002475555758335919
2018-01-20 16:30:00,0.0025523248931165737
2018-01-20 17:00:00,0.0027873974051700156
2018-01-20 17:30:00,0.0030413134799755917
2018-01-20 18:00:00,0.003228226386147512
2018-01-20 18:30:00,0.003381161583565731
2018-01-20 19:00:00,0.003496578123268305
2018-01-20 19:30:00,0.0035513624937879677
2018-01-20 20:00:00,0.0036462481015347658
2018-01-20 20:30:00,0.0037174799809553934
2018-01-20 21:00:00,0.0030110750963224598
2018-01-20 21:30:00,0.0024260728056355505
2018-01-20 22:00:00,0.002365053607644765
2018-01-20 22:30:00,0.0023208885245266085
2018-01-20 23:00:00,0.0024096902790276976
2018-01-20 23:30:00,0.0024617699189518226
2018-01-21 00:00:00,0.002433376737246324
2018-01-21 00:30:00,0.0024060462352453516
2018-01-21 01:00:00,0.0024410246365863027
2018-01-21 01:30:00,0.002448516526332798
2018-01-21 02:00:00,0.0025078003888982384
2018-01-21 02:30:00,0.002533708573052778
2018-01-21 03:00:00,0.0025416829465587524
2018-01-21 03:30:00,0.0025792629836748383
2018-01-21 04:00:00,0.0025920128394868493
2018-01-21 04:30:00,0.0026318382166787635
2018-01-21 05:00:00,0.002668708874613796
2018-01-21 05:30:00,0.002689023980276083
2018-01-21 06:00:00,0.0038873824153944376
2018-01-21 06:30:00,0.004590311506991922
2018-01-21 07:00:00,0.004503364591091153
2018-01-21 07:30:00,0.004319949095310707
2018-01-21 08:00:00,0.0039563816299761035
2018-01-21 08:30:00,0.0037148862454991264
2018-01-21 09:00:00,0.003492052586215267
2018-01-21 09:30:00,0.00328736335487201
2018-01-21 10:00:00,0.0031658372207748853
2018-01-21 10:30:00,0.002994206092387347
2018-01-21 11:00:00,0.0028562749461594353
2018-01-21 11:30:00,0.0027493307605016342
2018-01-21 12:00:00,0.0026211148360649112
2018-01-21 12:30:00,0.0025635391787089197
2018-01-21 13:00:00,0.0024804583402773814
2018-01-21 13:30:00,0.00241126626241696
2018-01-21 14:00:00,0.002382897215751522
2018-01-21 14:30:00,0.0023431748465633185
2018-01-21 15:00:00,0.0023655793695246405
2018-01-21 15:30:00,0.002366399136128128
2018-01-21 16:00:00,0.00239890564923844
2018-01-21 16:30:00,0.002486207558588154
2018-01-21 17:00:00,0.002722977771031451
2018-01-21 17:30:00,0.003006671189453323
2018-01-21 18:00:00,0.0032074341793605797
2018-01-21 18:30:00,0.0033755694600570776
2018-01-21 19:00:00,0.0034903163392146688
2018-01-21 19:30:00,0.0035356222804674747
2018-01-21 20:00:00,0.0036470459903321555
2018-01-21 20:30:00,0.00368420657260633
2018-01-21 21:00:00,0.002917073716572116
2018-01-21 21:30:00,0.0023119039520057352
2018-01-21 22:00:00,0.0022859359077428447
2018-01-21 22:30:00,0.0022215611578334567
2018-01-21 23:00:00,0.002369074566090499
2018-01-21 23:30:00,0.002450316279742764
2018-01-22 00:00:00,0.002557587634100087
2018-01-22 00:30:00,0.002705693045372134
2018-01-22 01:00:00,0.002761955773912182
2018-01-22 01:30:00,0.002832461301488692
2018-01-22 02:00:00,0.002873187271623289
2018-01-22 02:30:00,0.002868465962932352
2018-01-22 03:00:00,0.0029216620655009937
2018-01-22 03:30:00,0.002930337700827426
2018-01-22 04:00:00,0.0029670693218320394
2018-01-22 04:30:00,0.002994214600423052
2018-01-22 05:00:00,0.0029867176319001414
2018-01-22 05:30:00,0.0030680458149765074
2018-01-22 06:00:00,0.004376330806125586
2018-01-22 06:30:00,0.0056765595556292035
2018-01-22 07:00:00,0.006159106387434423
2018-01-22 07:30:00,0.006351245441354657
2018-01-22 08:00:00,0.00657165109824511
2018-01-22 08:30:00,0.006446897640481789
2018-01-22 09:00:00,0.006417802979914105
2018-01-22 09:30:00,0.00628575253587528
2018-01-22 10:00:00,0.006233054283620401
2018-01-22 10:30:00,0.006193969192351488
2018-01-22 11:00:00,0.006106110440746568
2018-01-22 11:30:00,0.006023279156892921
2018-01-22 12:00:00,0.00594162267650005
2018-01-22 12:30:00,0.005901077632349214
2018-01-22 13:00:00,0.00586037940014735
2018-01-22 13:30:00,0.0058384410394076245
2018-01-22 14:00:00,0.005662029870837779
2018-01-22 14:30:00,0.005514331022129051
2018-01-22 15:00:00,0.00547513311257036
2018-01-22 15:30:00,0.005423152487082166
2018-01-22 16:00:00,0.0052913325413575865
2018-01-22 16:30:00,0.005199596990422115
2018-01-22 17:00:00,0.0053500931597271865
2018-01-22 17:30:00,0.00553251321533018
2018-01-22 18:00:00,0.005715283880139229
2018-01-22 18:30:00,0.0058273744290064395
2018-01-22 19:00:00,0.005859141090277204
2018-01-22 19:30:00,0.005348286808248715
2018-01-22 20:00:00,0.004799978850797693
2018-01-22 20:30:00,0.0045144400567948065
2018-01-22 21:00:00,0.0035074451855055385
2018-01-22 21:30:00,0.0027931897279678025
2018-01-22 22:00:00,0.0025930559420275856
2018-01-22 22:30:00,0.0024310193602309353
2018-01-22 23:00:00,0.00252613611741716
2018-01-22 23:30:00,0.002598072774734226
2018-01-23 00:00:00,0.00264819647802152
2018-01-23 00:30:00,0.00269764235999489
2018-01-23 01:00:00,0.0027753462066777363
2018-01-23 01:30:00,0.0028302425707286143
2018-01-23 02:00:00,0.002882724692831587
2018-01-23 02:30:00,0.0029226927966632824
2018-01-23 03:00:00,0.0029630216238455197
2018-01-23 03:30:00,0.003002172261716035
2018-01-23 04:00:00,0.003034206622253081
2018-01-23 04:30:00,0.0030765874487405902
2018-01-23 05:00:00,0.0031206667569681724
2018-01-23 05:30:00,0.0031895231146850216
2018-01-23 06:00:00,0.00451008745858997
2018-01-23 06:30:00,0.005713347650891223
2018-01-23 07:00:00,0.006241383042858484
2018-01-23 07:30:00,0.0064612652385113685
2018-01-23 08:00:00,0.00666782133256663
2018-01-23 08:30:00,0.00653267279150596
2018-01-23 09:00:00,0.006489733994146265
2018-01-23 09:30:00,0.0063499035591723105
2018-01-23 10:00:00,0.00628734375559379
2018-01-23 10:30:00,0.0062234794444183394
2018-01-23 11:00:00,0.006120345513097543
2018-01-23 11:30:00,0.006038349188768285
2018-01-23 12:00:00,0.005954832139873498
2018-01-23 12:30:00,0.0059121843520615796
2018-01-23 13:00:00,0.005861893005744226
2018-01-23 13:30:00,0.005813094342201251
2018-01-23 14:00:00,0.005632740827699252
2018-01-23 14:30:00,0.005471037274728757
2018-01-23 15:00:00,0.005417113431248942
2018-01-23 15:30:00,0.005351676305493446
2018-01-23 16:00:00,0.005197942481335965
2018-01-23 16:30:00,0.005086006335953457
2018-01-23 17:00:00,0.005228658921097341
2018-01-23 17:30:00,0.005400375998008834
2018-01-23 18:00:00,0.005580652158839277
2018-01-23 18:30:00,0.0056967545069913335
2018-01-23 19:00:00,0.005733319396541142
2018-01-23 19:30:00,0.005217775103238773
2018-01-23 20:00:00,0.004662925942214567
2018-01-23 20:30:00,0.004343535410476422
2018-01-23 21:00:00,0.003367191128488511
2018-01-23 21:30:00,0.0026731908730963654
2018-01-23 22:00:00,0.00249505630639617
2018-01-23 22:30:00,0.00234359078532925
2018-01-23 23:00:00,0.0024239832581114786
2018-01-23 23:30:00,0.0024662945878379514
2018-01-24 00:00:00,0.0025235557083229413
2018-01-24 00:30:00,0.002554114445565363
2018-01-24 01:00:00,0.00261791160403043
2018-01-24 01:30:00,0.002642596193743925
2018-01-24 02:00:00,0.002663591768629208
2018-01-24 02:30:00,0.0027072253165575464
2018-01-24 03:00:00,0.0027021571751866054
2018-01-24 03:30:00,0.0027436088026317933
2018-01-24 04:00:00,0.0027732566157453197
2018-01-24 04:30:00,0.0027673052013615237
2018-01-24 05:00:00,0.002814909180421513
2018-01-24 05:30:00,0.0028454888838947787
2018-01-24 06:00:00,0.004050692337595998
2018-01-24 06:30:00,0.005209433104455332
2018-01-24 07:00:00,0.005731845726622062
2018-01-24 07:30:00,0.005978747143030826
2018-01-24 08:00:00,0.006204039147141549
2018-01-24 08:30:00,0.006061003700390951
2018-01-24 09:00:00,0.006012570882383278
2018-01-24 09:30:00,0.005856633173119857
2018-01-24 10:00:00,0.005801212306031122
2018-01-24 10:30:00,0.005738099827398558
2018-01-24 11:00:00,0.005643488169719783
2018-01-24 11:30:00,0.005570219483914783
2018-01-24 12:00:00,0.0054941661527503054
2018-01-24 12:30:00,0.005445893858804042
2018-01-24 13:00:00,0.0054130679470880405
2018-01-24 13:30:00,0.0053872315169285
2018-01-24 14:00:00,0.005228956745755353
2018-01-24 14:30:00,0.005085581368251674
2018-01-24 15:00:00,0.005024153567505336
2018-01-24 15:30:00,0.0049559541516882594
2018-01-24 16:00:00,0.00479135634728607
2018-01-24 16:30:00,0.004696841056134154
2018-01-24 17:00:00,0.0048253337087730075
2018-01-24 17:30:00,0.00500272590594962
2018-01-24 18:00:00,0.005186079154162716
2018-01-24 18:30:00,0.0053108381247859065
2018-01-24 19:00:00,0.005354065153559273
2018-01-24 19:30:00,0.0048341149566038764
2018-01-24 20:00:00,0.004275502074988969
2018-01-24 20:30:00,0.003970842338906636
2018-01-24 21:00:00,0.003097577510766003
2018-01-24 21:30:00,0.0024715860651461415
2018-01-24 22:00:00,0.0022770998785800406
2018-01-24 22:30:00,0.0021168182961892154
2018-01-24 23:00:00,0.002169634923002089
2018-01-24 23:30:00,0.0022251078366969977
2018-01-25 00:00:00,0.002271136743942978
2018-01-25 00:30:00,0.002293114606277046
2018-01-25 01:00:00,0.0023663885444918428
2018-01-25 01:30:00,0.0023878630870606244
2018-01-25 02:00:00,0.0024221568085690723
2018-01-25 02:30:00,0.002470070549582065
2018-01-25 03:00:00,0.0024733042108666947
2018-01-25 03:30:00,0.002518949648789127
2018-01-25 04:00:00,0.002544884138400998
2018-01-25 04:30:00,0.0025806766632605303
2018-01-25 05:00:00,0.002625140222161879
2018-01-25 05:30:00,0.002657977506864384
2018-01-25 06:00:00,0.0038764750268042983
2018-01-25 06:30:00,0.00504164292010502
2018-01-25 07:00:00,0.005572354523384867
2018-01-25 07:30:00,0.005819683555404484
2018-01-25 08:00:00,0.00604411329614154
2018-01-25 08:30:00,0.005942707885135857
2018-01-25 09:00:00,0.005950210583560364
2018-01-25 09:30:00,0.005849602193185161
2018-01-25 10:00:00,0.005827062366411128
2018-01-25 10:30:00,0.005765907777790938
2018-01-25 11:00:00,0.005672633618051621
2018-01-25 11:30:00,0.005602785423049992
2018-01-25 12:00:00,0.005538495840314342
2018-01-25 12:30:00,0.005503945228217626
2018-01-25 13:00:00,0.005473027417141788
2018-01-25 13:30:00,0.0054416753489782465
2018-01-25 14:00:00,0.005281137917799444
2018-01-25 14:30:00,0.005143862584854322
2018-01-25 15:00:00,0.005093642471631823
2018-01-25 15:30:00,0.005042856530626615
2018-01-25 16:00:00,0.0048810471915183016
2018-01-25 16:30:00,0.00477701878783153
2018-01-25 17:00:00,0.004890669779900338
2018-01-25 17:30:00,0.005068889383549236
2018-01-25 18:00:00,0.00523556709882281
2018-01-25 18:30:00,0.005355843202796523
2018-01-25 19:00:00,0.0053967599526092945
2018-01-25 19:30:00,0.004891519628487211
2018-01-25 20:00:00,0.004353594209321706
2018-01-25 20:30:00,0.0040528702645113695
2018-01-25 21:00:00,0.003139275393754827
2018-01-25 21:30:00,0.002480822926970667
2018-01-25 22:00:00,0.0022834173121325206
2018-01-25 22:30:00,0.002119262489895468
2018-01-25 23:00:00,0.0021811937840404754
2018-01-25 23:30:00,0.002229928897765738
2018-01-26 00:00:00,0.002319979206506494
2018-01-26 00:30:00,0.002361638716517956
2018-01-26 01:00:00,0.002426540313515856
2018-01-26 01:30:00,0.00247992845460469
2018-01-26 02:00:00,0.002483408458249647
2018-01-26 02:30:00,0.002540217914900414
2018-01-26 03:00:00,0.00254569578764389
2018-01-26 03:30:00,0.0025632570244636097
2018-01-26 04:00:00,0.00262107255633646
2018-01-26 04:30:00,0.0026153782929910045
2018-01-26 05:00:00,0.002688596277848539
2018-01-26 05:30:00,0.0027382249523645237
2018-01-26 06:00:00,0.003956915943300029
2018-01-26 06:30:00,0.005174875547023347
2018-01-26 07:00:00,0.005636114871573008
2018-01-26 07:30:00,0.0058806190186969295
2018-01-26 08:00:00,0.006086612801045462
2018-01-26 08:30:00,0.005978216736457989
2018-01-26 09:00:00,0.005963971072470728
2018-01-26 09:30:00,0.005841319446793236
2018-01-26 10:00:00,0.005808722731141117
2018-01-26 10:30:00,0.005755490903504183
2018-01-26 11:00:00,0.0056585897594622755
2018-01-26 11:30:00,0.005579300249329134
2018-01-26 12:00:00,0.005505839394778907
2018-01-26 12:30:00,0.005463333465439861
2018-01-26 13:00:00,0.0054281460529156545
2018-01-26 13:30:00,0.005392522299703163
2018-01-26 14:00:00,0.005236454104953372
2018-01-26 14:30:00,0.005101792692345144
2018-01-26 15:00:00,0.005040709250003118
2018-01-26 15:30:00,0.004979863598577371
2018-01-26 16:00:00,0.004813696018179317
2018-01-26 16:30:00,0.00472465647276195
2018-01-26 17:00:00,0.004837180323733265
2018-01-26 17:30:00,0.0050323112978624155
2018-01-26 18:00:00,0.005217748493923022
2018-01-26 18:30:00,0.005340857513336334
2018-01-26 19:00:00,0.005383725294642903
2018-01-26 19:30:00,0.004894010616389839
2018-01-26 20:00:00,0.004364382962903781
2018-01-26 20:30:00,0.0040711815541318135
2018-01-26 21:00:00,0.0031809693699925627
2018-01-26 21:30:00,0.002537773634377471
2018-01-26 22:00:00,0.002316782702765555
2018-01-26 22:30:00,0.002134077627966454
2018-01-26 23:00:00,0.002219186070213132
2018-01-26 23:30:00,0.002271695018673582
2018-01-27 00:00:00,0.002269512967965394
2018-01-27 00:30:00,0.0022395633366260772
2018-01-27 01:00:00,0.0022685312882334443
2018-01-27 01:30:00,0.0023191834447180305
2018-01-27 02:00:00,0.0023534775134932415
2018-01-27 02:30:00,0.002382496426498146
2018-01-27 03:00:00,0.002412905318132136
2018-01-27 03:30:00,0.002433737069921757
2018-01-27 04:00:00,0.002478917517647919
2018-01-27 04:30:00,0.002496471244823879
2018-01-27 05:00:00,0.002520984545206299
2018-01-27 05:30:00,0.002551850873984454
2018-01-27 06:00:00,0.0036322674020880233
2018-01-27 06:30:00,0.004455558980266631
2018-01-27 07:00:00,0.00437637694919678
2018-01-27 07:30:00,0.004162036653596882
2018-01-27 08:00:00,0.003815294436585196
2018-01-27 08:30:00,0.0035309754604972996
2018-01-27 09:00:00,0.003345469852884293
2018-01-27 09:30:00,0.0031385612830641214
2018-01-27 10:00:00,0.002969339751931527
2018-01-27 10:30:00,0.0028347208360934763
2018-01-27 11:00:00,0.0027140894348124008
2018-01-27 11:30:00,0.002622664774446915
2018-01-27 12:00:00,0.0024989373163362295
2018-01-27 12:30:00,0.002402397720403427
2018-01-27 13:00:00,0.002342491468981179
2018-01-27 13:30:00,0.0022973535614335405
2018-01-27 14:00:00,0.0022740637252671283
2018-01-27 14:30:00,0.002228839869195534
2018-01-27 15:00:00,0.0022156673463240495
2018-01-27 15:30:00,0.002235546892648269
2018-01-27 16:00:00,0.0022785439440075345
2018-01-27 16:30:00,0.0023513080946135747
2018-01-27 17:00:00,0.0025119758810537105
2018-01-27 17:30:00,0.0028176290605296055
2018-01-27 18:00:00,0.003052487526031721
2018-01-27 18:30:00,0.0032386867555963903
2018-01-27 19:00:00,0.0033651791082693816
2018-01-27 19:30:00,0.003424309435517028
2018-01-27 20:00:00,0.003478243783816437
2018-01-27 20:30:00,0.0035513662269056746
2018-01-27 21:00:00,0.0029296054454483298
2018-01-27 21:30:00,0.002355030967951225
2018-01-27 22:00:00,0.002286971240189749
2018-01-27 22:30:00,0.0022371403261923955
2018-01-27 23:00:00,0.0023081396671065426
2018-01-27 23:30:00,0.0023614924303938497
2018-01-28 00:00:00,0.0023305861225295516
2018-01-28 00:30:00,0.002307936255599847
2018-01-28 01:00:00,0.002344672608114113
2018-01-28 01:30:00,0.002366741584565243
2018-01-28 02:00:00,0.002437963306433039
2018-01-28 02:30:00,0.0024467067890033825
2018-01-28 03:00:00,0.002452899857646199
2018-01-28 03:30:00,0.002493966322842366
2018-01-28 04:00:00,0.0025104377497416645
2018-01-28 04:30:00,0.002556996021760191
2018-01-28 05:00:00,0.002597749773235865
2018-01-28 05:30:00,0.002636314832526499
2018-01-28 06:00:00,0.0038591318301036837
2018-01-28 06:30:00,0.004559203176687982
2018-01-28 07:00:00,0.004393143162169908
2018-01-28 07:30:00,0.004121366680227894
2018-01-28 08:00:00,0.0037858023292067344
2018-01-28 08:30:00,0.003588149460433007
2018-01-28 09:00:00,0.0033233575983127655
2018-01-28 09:30:00,0.003059660711706053
2018-01-28 10:00:00,0.0028619468976153386
2018-01-28 10:30:00,0.002663854519344109
2018-01-28 11:00:00,0.0025140129478881546
2018-01-28 11:30:00,0.0023819541260386608
2018-01-28 12:00:00,0.00225705755096045
2018-01-28 12:30:00,0.00219149254421931
2018-01-28 13:00:00,0.002103457337690209
2018-01-28 13:30:00,0.00204435544290882
2018-01-28 14:00:00,0.001992619683897209
2018-01-28 14:30:00,0.0019623157970508195
2018-01-28 15:00:00,0.001972278620044354
2018-01-28 15:30:00,0.001974049593721298
2018-01-28 16:00:00,0.0020188460078154214
2018-01-28 16:30:00,0.0020850936976051743
2018-01-28 17:00:00,0.0022373194724339945
2018-01-28 17:30:00,0.0025470635412001147
2018-01-28 18:00:00,0.0027441189375073125
2018-01-28 18:30:00,0.0029119882552713474
2018-01-28 19:00:00,0.0030217285460918206
2018-01-28 19:30:00,0.003085224233597861
2018-01-28 20:00:00,0.0031691158965137275
2018-01-28 20:30:00,0.0031960969179256247
2018-01-28 21:00:00,0.0025748801298532365
2018-01-28 21:30:00,0.002051141599775278
2018-01-28 22:00:00,0.0019919903062967873
2018-01-28 22:30:00,0.0019130715034336371
2018-01-28 23:00:00,0.0019846416206818727
2018-01-28 23:30:00,0.002052055388854972
2018-01-29 00:00:00,0.0021818157822221743
2018-01-29 00:30:00,0.0023162246016683328
2018-01-29 01:00:00,0.002390659756531787
2018-01-29 01:30:00,0.002448720719189711
2018-01-29 02:00:00,0.0024871747399327297
2018-01-29 02:30:00,0.002504318996186228
2018-01-29 03:00:00,0.0025276176008384174
2018-01-29 03:30:00,0.0025518229190099953
2018-01-29 04:00:00,0.0025680376289544077
2018-01-29 04:30:00,0.002589425571874052
2018-01-29 05:00:00,0.0026049064203305865
2018-01-29 05:30:00,0.002663982530554789
2018-01-29 06:00:00,0.003907835559595198
2018-01-29 06:30:00,0.00512344603388876
2018-01-29 07:00:00,0.005583724124037169
2018-01-29 07:30:00,0.005798427747488335
2018-01-29 08:00:00,0.006003947163437983
2018-01-29 08:30:00,0.005841150805371232
2018-01-29 09:00:00,0.0057815299638201995
2018-01-29 09:30:00,0.005643101705220399
2018-01-29 10:00:00,0.00557672179361046
2018-01-29 10:30:00,0.005521749421546729
2018-01-29 11:00:00,0.00542723977347972
2018-01-29 11:30:00,0.005357002552886327
2018-01-29 12:00:00,0.0052849812492956685
2018-01-29 12:30:00,0.005248224885534159
2018-01-29 13:00:00,0.0052213192644182775
2018-01-29 13:30:00,0.0052155085798903725
2018-01-29 14:00:00,0.005078796253185507
2018-01-29 14:30:00,0.004968443817877749
2018-01-29 15:00:00,0.004929612318162852
2018-01-29 15:30:00,0.004882780443343065
2018-01-29 16:00:00,0.004737360880036293
2018-01-29 16:30:00,0.004637715460396159
2018-01-29 17:00:00,0.0046943122595626535
2018-01-29 17:30:00,0.004904798328171622
2018-01-29 18:00:00,0.005076699456467748
2018-01-29 18:30:00,0.005200297904975809
2018-01-29 19:00:00,0.005251641816853203
2018-01-29 19:30:00,0.004732101307861995
2018-01-29 20:00:00,0.00416863541663611
2018-01-29 20:30:00,0.0038769538208544155
2018-01-29 21:00:00,0.003046491748318894
2018-01-29 21:30:00,0.002443232602076713
2018-01-29 22:00:00,0.002241105982406048
2018-01-29 22:30:00,0.0020696551288770905
2018-01-29 23:00:00,0.002122783948510313
2018-01-29 23:30:00,0.002141221730049346
2018-01-30 00:00:00,0.002183056132284555
2018-01-30 00:30:00,0.002212629890760774
2018-01-30 01:00:00,0.0022689641996624394
2018-01-30 01:30:00,0.002308183335902047
2018-01-30 02:00:00,0.002321697265410356
2018-01-30 02:30:00,0.002348792711220813
2018-01-30 03:00:00,0.002352312607135222
2018-01-30 03:30:00,0.0023824374345567034
2018-01-30 04:00:00,0.0024154174893073355
2018-01-30 04:30:00,0.0024144747468612384
2018-01-30 05:00:00,0.0024550081575754976
2018-01-30 05:30:00,0.002488845266698344
2018-01-30 06:00:00,0.003646197834670755
2018-01-30 06:30:00,0.004864706293513718
2018-01-30 07:00:00,0.005256827725065302
2018-01-30 07:30:00,0.005551304123759304
2018-01-30 08:00:00,0.005788362654432963
2018-01-30 08:30:00,0.005691942474858443
2018-01-30 09:00:00,0.00569600844775839
2018-01-30 09:30:00,0.005610261295117023
2018-01-30 10:00:00,0.005597192127516012
2018-01-30 10:30:00,0.00558277161471335
2018-01-30 11:00:00,0.0055112709942261515
2018-01-30 11:30:00,0.005468035414008736
2018-01-30 12:00:00,0.0054198527148874446
2018-01-30 12:30:00,0.005404777908094082
2018-01-30 13:00:00,0.0053931316226479955
2018-01-30 13:30:00,0.005393149333252931
2018-01-30 14:00:00,0.005249469836881156
2018-01-30 14:30:00,0.005113706112749021
2018-01-30 15:00:00,0.005055181418736844
2018-01-30 15:30:00,0.004998384159831143
2018-01-30 16:00:00,0.004844211520709688
2018-01-30 16:30:00,0.004728047098623661
2018-01-30 17:00:00,0.00476702275745374
2018-01-30 17:30:00,0.004967075022521234
2018-01-30 18:00:00,0.005125716507396593
2018-01-30 18:30:00,0.005232533636827314
2018-01-30 19:00:00,0.005282363205165959
2018-01-30 19:30:00,0.004759488587978793
2018-01-30 20:00:00,0.004201591813838481
2018-01-30 20:30:00,0.003909419530120022
2018-01-30 21:00:00,0.0030772054099461633
2018-01-30 21:30:00,0.0024711417807306425
2018-01-30 22:00:00,0.0022605959388300135
2018-01-30 22:30:00,0.002086885594104617
2018-01-30 23:00:00,0.002135238801206766
2018-01-30 23:30:00,0.002164662583849517
2018-01-31 00:00:00,0.002211823754377752
2018-01-31 00:30:00,0.002248240751694672
2018-01-31 01:00:00,0.002308621673374222
2018-01-31 01:30:00,0.002342860005833898
2018-01-31 02:00:00,0.0023632656178964114
2018-01-31 02:30:00,0.002400827423507416
2018-01-31 03:00:00,0.002408886616920365
2018-01-31 03:30:00,0.0024537553927263234
2018-01-31 04:00:00,0.002493550687934853
2018-01-31 04:30:00,0.002514110833707104
2018-01-31 05:00:00,0.0025639084969118573
2018-01-31 05:30:00,0.002609669618074866
2018-01-31 06:00:00,0.0038286682873627954
2018-01-31 06:30:00,0.005087617523510866
2018-01-31 07:00:00,0.00553476280942386
2018-01-31 07:30:00,0.00579758323812795
2018-01-31 08:00:00,0.006015854115998391
2018-01-31 08:30:00,0.005906251646674666
2018-01-31 09:00:00,0.0058946855798509366
2018-01-31 09:30:00,0.005774166779817912
2018-01-31 10:00:00,0.005746178380933569
2018-01-31 10:30:00,0.005694204440330572
2018-01-31 11:00:00,0.005604000292413603
2018-01-31 11:30:00,0.0055339205572974386
2018-01-31 12:00:00,0.005458725495938848
2018-01-31 12:30:00,0.005411971322057386
2018-01-31 13:00:00,0.005373207886628126
2018-01-31 13:30:00,0.0053319404407926076
2018-01-31 14:00:00,0.0051616041833493125
2018-01-31 14:30:00,0.005030592935100135
2018-01-31 15:00:00,0.004965777807526338
2018-01-31 15:30:00,0.004900529073990016
2018-01-31 16:00:00,0.004731008285724012
2018-01-31 16:30:00,0.004629907557894917
2018-01-31 17:00:00,0.004668237126911582
2018-01-31 17:30:00,0.004885440767201226
2018-01-31 18:00:00,0.005065993612825451
2018-01-31 18:30:00,0.005212351143660324
2018-01-31 19:00:00,0.005290812900054417
2018-01-31 19:30:00,0.0047901345325871885
2018-01-31 20:00:00,0.0042444438379156575
2018-01-31 20:30:00,0.003948916002278595
2018-01-31 21:00:00,0.00307135965147515
2018-01-31 21:30:00,0.002430815688274167
2018-01-31 22:00:00,0.0022357915854914704
2018-01-31 22:30:00,0.0020644700888319007
2018-01-31 23:00:00,0.0021285159337079487
2018-01-31 23:30:00,0.0021751596333502857
2018-02-01 00:00:00,0.0021926125663481524
2018-02-01 00:30:00,0.0022417731252669963
2018-02-01 01:00:00,0.002286487323954871
2018-02-01 01:30:00,0.002322806435452841
2018-02-01 02:00:00,0.0023713258965179958
2018-02-01 02:30:00,0.0023884878199680847
2018-02-01 03:00:00,0.0024500331705138547
2018-02-01 03:30:00,0.0024830616255696438
2018-02-01 04:00:00,0.002542830706620326
2018-02-01 04:30:00,0.0025880480948484506
2018-02-01 05:00:00,0.0026152715084612416
2018-02-01 05:30:00,0.00269062253600497
2018-02-01 06:00:00,0.003836806483964431
2018-02-01 06:30:00,0.005027012788402267
2018-02-01 07:00:00,0.005521349066376809
2018-02-01 07:30:00,0.005763823092001556
2018-02-01 08:00:00,0.005997379393957395
2018-02-01 08:30:00,0.005861825722808807
2018-02-01 09:00:00,0.005825189860614217
2018-02-01 09:30:00,0.005705067812858443
2018-02-01 10:00:00,0.00567858776716118
2018-02-01 10:30:00,0.005631644766977087
2018-02-01 11:00:00,0.005556903366236609
2018-02-01 11:30:00,0.005511458474870074
2018-02-01 12:00:00,0.005457769123272285
2018-02-01 12:30:00,0.005433995804954449
2018-02-01 13:00:00,0.005409303054472012
2018-02-01 13:30:00,0.0053987026931091135
2018-02-01 14:00:00,0.0052594533656554615
2018-02-01 14:30:00,0.005134264782637527
2018-02-01 15:00:00,0.005076800597912606
2018-02-01 15:30:00,0.0050100805819162045
2018-02-01 16:00:00,0.0048395080094403775
2018-02-01 16:30:00,0.00473417648722373
2018-02-01 17:00:00,0.004770697317302924
2018-02-01 17:30:00,0.00497202214142511
2018-02-01 18:00:00,0.005126342933229526
2018-02-01 18:30:00,0.00524004024200291
2018-02-01 19:00:00,0.005291321515637847
2018-02-01 19:30:00,0.004788469996173245
2018-02-01 20:00:00,0.004239297908789703
2018-02-01 20:30:00,0.003941880855142739
2018-02-01 21:00:00,0.003117469558693707
2018-02-01 21:30:00,0.002540992797274725
2018-02-01 22:00:00,0.002292540270458632
2018-02-01 22:30:00,0.00208391524784338
2018-02-01 23:00:00,0.0021333349111761087
2018-02-01 23:30:00,0.0021760219401322973
2018-02-02 00:00:00,0.002226674574108683
2018-02-02 00:30:00,0.002279081339323986
2018-02-02 01:00:00,0.00233804016019883
2018-02-02 01:30:00,0.00238314156132796
2018-02-02 02:00:00,0.002414474616636202
2018-02-02 02:30:00,0.002441788015749074
2018-02-02 03:00:00,0.0024529530762776993
2018-02-02 03:30:00,0.002476522722638768
2018-02-02 04:00:00,0.002521831572250718
2018-02-02 04:30:00,0.002539766945599719
2018-02-02 05:00:00,0.0025758117597629027
2018-02-02 05:30:00,0.002627965801591099
2018-02-02 06:00:00,0.0037221742462471264
2018-02-02 06:30:00,0.004980022559938343
2018-02-02 07:00:00,0.00541616617433492
2018-02-02 07:30:00,0.00570225603728307
2018-02-02 08:00:00,0.005927906507510372
2018-02-02 08:30:00,0.005841666496514967
2018-02-02 09:00:00,0.005867052651907338
2018-02-02 09:30:00,0.005783213252639372
2018-02-02 10:00:00,0.0057849422938546285
2018-02-02 10:30:00,0.005753165735481105
2018-02-02 11:00:00,0.005686714113284512
2018-02-02 11:30:00,0.005635015859083354
2018-02-02 12:00:00,0.0055772186889406225
2018-02-02 12:30:00,0.00555188813963875
2018-02-02 13:00:00,0.005534823450882429
2018-02-02 13:30:00,0.005515355328856216
2018-02-02 14:00:00,0.005367359350023004
2018-02-02 14:30:00,0.005243156266671418
2018-02-02 15:00:00,0.00519268612137923
2018-02-02 15:30:00,0.00513216407916868
2018-02-02 16:00:00,0.004978690140775302
2018-02-02 16:30:00,0.004904837091824094
2018-02-02 17:00:00,0.0049583797232143215
2018-02-02 17:30:00,0.005182406547689077
2018-02-02 18:00:00,0.005352261536806563
2018-02-02 18:30:00,0.005490117022288387
2018-02-02 19:00:00,0.005551880412953263
2018-02-02 19:30:00,0.005062665538389507
2018-02-02 20:00:00,0.004526807268041832
2018-02-02 20:30:00,0.0042375199897774895
2018-02-02 21:00:00,0.0033321209619053163
2018-02-02 21:30:00,0.0026918138780453577
2018-02-02 22:00:00,0.0024563357584121972
2018-02-02 22:30:00,0.0022715264640682685
2018-02-02 23:00:00,0.0023744427025367216
2018-02-02 23:30:00,0.0024545941287767653
2018-02-03 00:00:00,0.0024561884738961456
2018-02-03 00:30:00,0.002434609186989836
2018-02-03 01:00:00,0.0024793502554435326
2018-02-03 01:30:00,0.002492553771873656
2018-02-03 02:00:00,0.002513516703683173
2018-02-03 02:30:00,0.0025537373572685935
2018-02-03 03:00:00,0.0025715332596037204
2018-02-03 03:30:00,0.0026203729440331287
2018-02-03 04:00:00,0.0026437950020197273
2018-02-03 04:30:00,0.0026465449641112047
2018-02-03 05:00:00,0.002676150367271244
2018-02-03 05:30:00,0.0026809445585741624
2018-02-03 06:00:00,0.0038522598115299615
2018-02-03 06:30:00,0.0046220105380605035
2018-02-03 07:00:00,0.004418500147154149
2018-02-03 07:30:00,0.0042741837201298455
2018-02-03 08:00:00,0.003901297698464613
2018-02-03 08:30:00,0.0036653484246501316
2018-02-03 09:00:00,0.0034712083762305068
2018-02-03 09:30:00,0.0032723535303717604
2018-02-03 10:00:00,0.003159504724526539
2018-02-03 10:30:00,0.003005255990575541
2018-02-03 11:00:00,0.0029162858551025207
2018-02-03 11:30:00,0.0028034333161395925
2018-02-03 12:00:00,0.00267993904766057
2018-02-03 12:30:00,0.002605909760826907
2018-02-03 13:00:00,0.002544264093594844
2018-02-03 13:30:00,0.002536565363082364
2018-02-03 14:00:00,0.0024951136054121408
2018-02-03 14:30:00,0.0024761929494385194
2018-02-03 15:00:00,0.00247622819701501
2018-02-03 15:30:00,0.0024678074120846106
2018-02-03 16:00:00,0.0025361034548786196
2018-02-03 16:30:00,0.0025951374590077528
2018-02-03 17:00:00,0.002696055828377687
2018-02-03 17:30:00,0.0029936235523916463
2018-02-03 18:00:00,0.0031517692705538246
2018-02-03 18:30:00,0.0033369479699173815
2018-02-03 19:00:00,0.0034351442887619508
2018-02-03 19:30:00,0.0034793660631792416
2018-02-03 20:00:00,0.003541921873189983
2018-02-03 20:30:00,0.003584067513261941
2018-02-03 21:00:00,0.002983149031822157
2018-02-03 21:30:00,0.0024385689830768555
2018-02-03 22:00:00,0.002337610287354015
2018-02-03 22:30:00,0.0022343523817986645
2018-02-03 23:00:00,0.00231769961724612
2018-02-03 23:30:00,0.002369979760317797
2018-02-04 00:00:00,0.002316854804027318
2018-02-04 00:30:00,0.0023296047032476744
2018-02-04 01:00:00,0.002346909049479127
2018-02-04 01:30:00,0.0023469938693861008
2018-02-04 02:00:00,0.0024074569196552084
2018-02-04 02:30:00,0.002406856191562772
2018-02-04 03:00:00,0.002445838665503083
2018-02-04 03:30:00,0.002465393039911669
2018-02-04 04:00:00,0.00249153584617327
2018-02-04 04:30:00,0.0025313559275470417
2018-02-04 05:00:00,0.0025341582835114555
2018-02-04 05:30:00,0.0025950396600054938
2018-02-04 06:00:00,0.0037504316032397674
2018-02-04 06:30:00,0.004401232784833006
2018-02-04 07:00:00,0.0042283473723042034
2018-02-04 07:30:00,0.003990927640788204
2018-02-04 08:00:00,0.003742128585150526
2018-02-04 08:30:00,0.0036236070899075294
2018-02-04 09:00:00,0.003409850376103623
2018-02-04 09:30:00,0.003261749349074465
2018-02-04 10:00:00,0.0030696947243860967
2018-02-04 10:30:00,0.002955378673056921
2018-02-04 11:00:00,0.0027999300022131385
2018-02-04 11:30:00,0.002680223632773224
2018-02-04 12:00:00,0.002587979032170868
2018-02-04 12:30:00,0.002467723807611308
2018-02-04 13:00:00,0.002451066028685069
2018-02-04 13:30:00,0.0023745382877133634
2018-02-04 14:00:00,0.002323504875730845
2018-02-04 14:30:00,0.00233942401825121
2018-02-04 15:00:00,0.0023009142611926563
2018-02-04 15:30:00,0.0023413721847942086
2018-02-04 16:00:00,0.002357755536160625
2018-02-04 16:30:00,0.0024121316077831516
2018-02-04 17:00:00,0.0025584429521384837
2018-02-04 17:30:00,0.0028245628925872243
2018-02-04 18:00:00,0.0030755339716052954
2018-02-04 18:30:00,0.0032493149851170553
2018-02-04 19:00:00,0.0033697355086560214
2018-02-04 19:30:00,0.003454664327169301
2018-02-04 20:00:00,0.0034779658835889797
2018-02-04 20:30:00,0.0035816080398180954
2018-02-04 21:00:00,0.0028795570990487063
2018-02-04 21:30:00,0.002311474947327828
2018-02-04 22:00:00,0.0022899589063808136
2018-02-04 22:30:00,0.0022120418813135487
2018-02-04 23:00:00,0.0023074212155812937
2018-02-04 23:30:00,0.00237360548577837
2018-02-05 00:00:00,0.0025301011659139777
2018-02-05 00:30:00,0.0026452807828671824
2018-02-05 01:00:00,0.0027320541087945682
2018-02-05 01:30:00,0.0027846431022439952
2018-02-05 02:00:00,0.0028127685846832126
2018-02-05 02:30:00,0.0028631873779027556
2018-02-05 03:00:00,0.0028728647476167274
2018-02-05 03:30:00,0.0029022885736678236
2018-02-05 04:00:00,0.0029338116273040227
2018-02-05 04:30:00,0.0029604130427351148
2018-02-05 05:00:00,0.003019844276633298
2018-02-05 05:30:00,0.003059326076771116
2018-02-05 06:00:00,0.0042851649029072205
2018-02-05 06:30:00,0.005548163443150592
2018-02-05 07:00:00,0.005974678478813462
2018-02-05 07:30:00,0.006255383015610598
2018-02-05 08:00:00,0.006468948255202802
2018-02-05 08:30:00,0.006311655337394986
2018-02-05 09:00:00,0.006280917844586073
2018-02-05 09:30:00,0.006164027417922694
2018-02-05 10:00:00,0.006101514017865441
2018-02-05 10:30:00,0.006029610828382703
2018-02-05 11:00:00,0.00591627281048446
2018-02-05 11:30:00,0.005827011665463663
2018-02-05 12:00:00,0.005743431066751163
2018-02-05 12:30:00,0.005705665328733319
2018-02-05 13:00:00,0.0056657151525482865
2018-02-05 13:30:00,0.005621301469835839
2018-02-05 14:00:00,0.005438716940012004
2018-02-05 14:30:00,0.005287951335106834
2018-02-05 15:00:00,0.005236914190006608
2018-02-05 15:30:00,0.005181095962923786
2018-02-05 16:00:00,0.005031268976671897
2018-02-05 16:30:00,0.004927637629120794
2018-02-05 17:00:00,0.004964899092389752
2018-02-05 17:30:00,0.0051911283260867025
2018-02-05 18:00:00,0.005378190687191947
2018-02-05 18:30:00,0.005546134363451707
2018-02-05 19:00:00,0.0056388590169461975
2018-02-05 19:30:00,0.005164650624440092
2018-02-05 20:00:00,0.004647270244942631
2018-02-05 20:30:00,0.004360363046258337
2018-02-05 21:00:00,0.003377959740598304
2018-02-05 21:30:00,0.0027100586226722545
2018-02-05 22:00:00,0.0025831394791469738
2018-02-05 22:30:00,0.0024390439571925744
2018-02-05 23:00:00,0.0025463085832563566
2018-02-05 23:30:00,0.0025825647526534507
2018-02-06 00:00:00,0.0026878784774484717
2018-02-06 00:30:00,0.002726060978990812
2018-02-06 01:00:00,0.0027762766645620766
2018-02-06 01:30:00,0.00286174569993426
2018-02-06 02:00:00,0.0028801225361563066
2018-02-06 02:30:00,0.0029814236369079166
2018-02-06 03:00:00,0.0030116744353478418
2018-02-06 03:30:00,0.003027077669682744
2018-02-06 04:00:00,0.0031010376333887517
2018-02-06 04:30:00,0.003095983729955113
2018-02-06 05:00:00,0.003168253676548407
2018-02-06 05:30:00,0.0031957735257521543
2018-02-06 06:00:00,0.004398507174823315
2018-02-06 06:30:00,0.0056718603417860915
2018-02-06 07:00:00,0.006055607608970269
2018-02-06 07:30:00,0.006318433854392648
2018-02-06 08:00:00,0.006526393774339187
2018-02-06 08:30:00,0.006389057886752187
2018-02-06 09:00:00,0.006331523944816156
2018-02-06 09:30:00,0.006170982042577775
2018-02-06 10:00:00,0.006082031354043507
2018-02-06 10:30:00,0.006002647474167396
2018-02-06 11:00:00,0.005861856499325718
2018-02-06 11:30:00,0.005743354494429821
2018-02-06 12:00:00,0.0056472548420779724
2018-02-06 12:30:00,0.005608865629994684
2018-02-06 13:00:00,0.005564228177261535
2018-02-06 13:30:00,0.005527882586672851
2018-02-06 14:00:00,0.005355601418312465
2018-02-06 14:30:00,0.0052062955058391445
2018-02-06 15:00:00,0.005150923342913984
2018-02-06 15:30:00,0.005090992782818294
2018-02-06 16:00:00,0.004946163703234436
2018-02-06 16:30:00,0.004843371439000538
2018-02-06 17:00:00,0.004889352466841506
2018-02-06 17:30:00,0.005122743990718085
2018-02-06 18:00:00,0.0053525803276954186
2018-02-06 18:30:00,0.005528396975566222
2018-02-06 19:00:00,0.005632718559218044
2018-02-06 19:30:00,0.005156197630517383
2018-02-06 20:00:00,0.004634986724985598
2018-02-06 20:30:00,0.004349522940603617
2018-02-06 21:00:00,0.0033521428876025538
2018-02-06 21:30:00,0.0026533047287036404
2018-02-06 22:00:00,0.0025241492740383812
2018-02-06 22:30:00,0.0024223650818104557
2018-02-06 23:00:00,0.0024957755392716365
2018-02-06 23:30:00,0.002570419271234893
2018-02-07 00:00:00,0.0026233772356204937
2018-02-07 00:30:00,0.0026836337489820348
2018-02-07 01:00:00,0.0027328611133444983
2018-02-07 01:30:00,0.002765046751965375
2018-02-07 02:00:00,0.00280383076295037
2018-02-07 02:30:00,0.002832569952577309
2018-02-07 03:00:00,0.0028798551407484435
2018-02-07 03:30:00,0.0028789999529350834
2018-02-07 04:00:00,0.002899467291664801
2018-02-07 04:30:00,0.0029422639701015517
2018-02-07 05:00:00,0.002968181183191941
2018-02-07 05:30:00,0.003040664698844762
2018-02-07 06:00:00,0.0042552676654408405
2018-02-07 06:30:00,0.005485008511156193
2018-02-07 07:00:00,0.005879711567235668
2018-02-07 07:30:00,0.0061349385306649525
2018-02-07 08:00:00,0.0063327833077338365
2018-02-07 08:30:00,0.006152248823839729
2018-02-07 09:00:00,0.006088293094688798
2018-02-07 09:30:00,0.0059229763178612164
2018-02-07 10:00:00,0.005839750886231043
2018-02-07 10:30:00,0.0057595864808957144
2018-02-07 11:00:00,0.005653891544011108
2018-02-07 11:30:00,0.005567537108617144
2018-02-07 12:00:00,0.005482973701555713
2018-02-07 12:30:00,0.005442769803591629
2018-02-07 13:00:00,0.0054104783788329345
2018-02-07 13:30:00,0.005381494887037902
2018-02-07 14:00:00,0.005218241222052023
2018-02-07 14:30:00,0.00508208148358451
2018-02-07 15:00:00,0.005021278980054122
2018-02-07 15:30:00,0.004970669450564751
2018-02-07 16:00:00,0.004814986027388871
2018-02-07 16:30:00,0.004714922411748843
2018-02-07 17:00:00,0.004724827458234607
2018-02-07 17:30:00,0.004918438575965139
2018-02-07 18:00:00,0.0051074618222585935
2018-02-07 18:30:00,0.005251512546800506
2018-02-07 19:00:00,0.0053324043023718955
2018-02-07 19:30:00,0.004853440612440381
2018-02-07 20:00:00,0.004329375651604772
2018-02-07 20:30:00,0.004049576743118389
2018-02-07 21:00:00,0.003171042098433937
2018-02-07 21:30:00,0.0025368271154053205
2018-02-07 22:00:00,0.002345106517935053
2018-02-07 22:30:00,0.002192533563159466
2018-02-07 23:00:00,0.002261976758298213
2018-02-07 23:30:00,0.002318605332373564
2018-02-08 00:00:00,0.0023920589377301044
2018-02-08 00:30:00,0.0024166543232937367
2018-02-08 01:00:00,0.0024919155823791114
2018-02-08 01:30:00,0.002544852927800632
2018-02-08 02:00:00,0.0025502431156863344
2018-02-08 02:30:00,0.002618096176315208
2018-02-08 03:00:00,0.002616254664076936
2018-02-08 03:30:00,0.0026695798196565484
2018-02-08 04:00:00,0.0027193309057066527
2018-02-08 04:30:00,0.0027219396604504387
2018-02-08 05:00:00,0.0027919884888246566
2018-02-08 05:30:00,0.002818759587478043
2018-02-08 06:00:00,0.003997997340967025
2018-02-08 06:30:00,0.005353736161709242
2018-02-08 07:00:00,0.005671025859753502
2018-02-08 07:30:00,0.005945428937269276
2018-02-08 08:00:00,0.0061544210642618495
2018-02-08 08:30:00,0.00599044334807416
2018-02-08 09:00:00,0.005945804593090647
2018-02-08 09:30:00,0.005791227431598108
2018-02-08 10:00:00,0.005743832159862957
2018-02-08 10:30:00,0.005675627491636083
2018-02-08 11:00:00,0.005566608387066621
2018-02-08 11:30:00,0.005486634414142703
2018-02-08 12:00:00,0.005408072167428935
2018-02-08 12:30:00,0.005383181040807873
2018-02-08 13:00:00,0.005359746828484553
2018-02-08 13:30:00,0.0053323763908057825
2018-02-08 14:00:00,0.005168587848187488
2018-02-08 14:30:00,0.0050304274624873475
2018-02-08 15:00:00,0.004972445025526311
2018-02-08 15:30:00,0.004907072100713708
2018-02-08 16:00:00,0.004737523617923318
2018-02-08 16:30:00,0.004642148624490118
2018-02-08 17:00:00,0.004629547398852866
2018-02-08 17:30:00,0.0048357127743908915
2018-02-08 18:00:00,0.005014766990297414
2018-02-08 18:30:00,0.005171067332878577
2018-02-08 19:00:00,0.005264364672674355
2018-02-08 19:30:00,0.004798062155305132
2018-02-08 20:00:00,0.004289576753503572
2018-02-08 20:30:00,0.003999156604240138
2018-02-08 21:00:00,0.003113614637169252
2018-02-08 21:30:00,0.0024841900689175
2018-02-08 22:00:00,0.0023177077780150617
2018-02-08 22:30:00,0.0021861106039192395
2018-02-08 23:00:00,0.0022506559486261766
2018-02-08 23:30:00,0.002300467502501467
2018-02-09 00:00:00,0.002369188599813949
2018-02-09 00:30:00,0.0023784522011792604
2018-02-09 01:00:00,0.002453089595524084
2018-02-09 01:30:00,0.0024867367931356637
2018-02-09 02:00:00,0.0025294405343048443
2018-02-09 02:30:00,0.002580228428685597
2018-02-09 03:00:00,0.0025836781767137875
2018-02-09 03:30:00,0.0026283474911724843
2018-02-09 04:00:00,0.002658095273705542
2018-02-09 04:30:00,0.0026868386305336418
2018-02-09 05:00:00,0.002730116881154618
2018-02-09 05:30:00,0.002749458988754041
2018-02-09 06:00:00,0.0038847118037584104
2018-02-09 06:30:00,0.005123305477666251
2018-02-09 07:00:00,0.005487948949067428
2018-02-09 07:30:00,0.005765297933945961
2018-02-09 08:00:00,0.005962711796369739
2018-02-09 08:30:00,0.005779862128372004
2018-02-09 09:00:00,0.005725922874929561
2018-02-09 09:30:00,0.005581195457690705
2018-02-09 10:00:00,0.00552460664565977
2018-02-09 10:30:00,0.005470131993684767
2018-02-09 11:00:00,0.005376708161970399
2018-02-09 11:30:00,0.0053030231467243606
2018-02-09 12:00:00,0.0052345362808438305
2018-02-09 12:30:00,0.005199569426122765
2018-02-09 13:00:00,0.005169208891385587
2018-02-09 13:30:00,0.005147873385747225
2018-02-09 14:00:00,0.005007354103739606
2018-02-09 14:30:00,0.0048886436085605976
2018-02-09 15:00:00,0.004836144383569524
2018-02-09 15:30:00,0.004770373534454345
2018-02-09 16:00:00,0.0045934073467798035
2018-02-09 16:30:00,0.004488979673131745
2018-02-09 17:00:00,0.004461704777221272
2018-02-09 17:30:00,0.004641825796625138
2018-02-09 18:00:00,0.004821524322602911
2018-02-09 18:30:00,0.00496659705322968
2018-02-09 19:00:00,0.005042256193209286
2018-02-09 19:30:00,0.004551339234012787
2018-02-09 20:00:00,0.00401429470040114
2018-02-09 20:30:00,0.003710349205234549
2018-02-09 21:00:00,0.002918584674259921
2018-02-09 21:30:00,0.002359021063063356
2018-02-09 22:00:00,0.0021640017786070023
2018-02-09 22:30:00,0.002008907710537056
2018-02-09 23:00:00,0.002065625445353925
2018-02-09 23:30:00,0.0020980071594711193
2018-02-10 00:00:00,0.002049978777017839
2018-02-10 00:30:00,0.0020207918737161126
2018-02-10 01:00:00,0.0020331621235473185
2018-02-10 01:30:00,0.0020331763180762748
2018-02-10 02:00:00,0.00206907562746557
2018-02-10 02:30:00,0.0020898067587104795
2018-02-10 03:00:00,0.0021108655361467108
2018-02-10 03:30:00,0.0021289728499519684
2018-02-10 04:00:00,0.002141752527297291
2018-02-10 04:30:00,0.0021576377678998726
2018-02-10 05:00:00,0.0021709739836419826
2018-02-10 05:30:00,0.0021938789180094473
2018-02-10 06:00:00,0.003360552429771487
2018-02-10 06:30:00,0.004078622525889116
2018-02-10 07:00:00,0.003825891064830386
2018-02-10 07:30:00,0.003641483818581851
2018-02-10 08:00:00,0.0032621324711312495
2018-02-10 08:30:00,0.002915332043528338
2018-02-10 09:00:00,0.0026435407159321857
2018-02-10 09:30:00,0.002418814973687626
2018-02-10 10:00:00,0.0022479874205907297
2018-02-10 10:30:00,0.0021350396437179236
2018-02-10 11:00:00,0.0020442239156221605
2018-02-10 11:30:00,0.001939138301682386
2018-02-10 12:00:00,0.001851604201092955
2018-02-10 12:30:00,0.0017827951584726276
2018-02-10 13:00:00,0.0017384529693051077
2018-02-10 13:30:00,0.00169821147971388
2018-02-10 14:00:00,0.0016562748942335237
2018-02-10 14:30:00,0.0016371392367249766
2018-02-10 15:00:00,0.00162706923852657
2018-02-10 15:30:00,0.001641914415172595
2018-02-10 16:00:00,0.0016745273221375613
2018-02-10 16:30:00,0.0017041237397700964
2018-02-10 17:00:00,0.001769663699895922
2018-02-10 17:30:00,0.002046531937348792
2018-02-10 18:00:00,0.0022814584237282006
2018-02-10 18:30:00,0.002494514960920285
2018-02-10 19:00:00,0.0026299730034838858
2018-02-10 19:30:00,0.002732990470213887
2018-02-10 20:00:00,0.00282914698749825
2018-02-10 20:30:00,0.002917502764658368
2018-02-10 21:00:00,0.0024926053409880296
2018-02-10 21:30:00,0.0020612971124141857
2018-02-10 22:00:00,0.0019526257086916361
2018-02-10 22:30:00,0.0018733952773166283
2018-02-10 23:00:00,0.0019038281303572968
2018-02-10 23:30:00,0.0019422362250708484
2018-02-11 00:00:00,0.0018991647283991663
2018-02-11 00:30:00,0.0018665351960378994
2018-02-11 01:00:00,0.0018942731721774439
2018-02-11 01:30:00,0.0018753515178118775
2018-02-11 02:00:00,0.001924817150582419
2018-02-11 02:30:00,0.0019419049325785096
2018-02-11 03:00:00,0.0019550441178407024
2018-02-11 03:30:00,0.0019888134231279835
2018-02-11 04:00:00,0.001978764000485312
2018-02-11 04:30:00,0.002020244537888557
2018-02-11 05:00:00,0.002035459293187592
2018-02-11 05:30:00,0.002056058202612315
2018-02-11 06:00:00,0.0031475702510751274
2018-02-11 06:30:00,0.0036967765442348696
2018-02-11 07:00:00,0.003508501050099832
2018-02-11 07:30:00,0.0032802489006890484
2018-02-11 08:00:00,0.0029313909175126486
2018-02-11 08:30:00,0.0028513976278750144
2018-02-11 09:00:00,0.002591222199883147
2018-02-11 09:30:00,0.0024466941137665163
2018-02-11 10:00:00,0.002282247153364704
2018-02-11 10:30:00,0.002123489637982005
2018-02-11 11:00:00,0.0020524495366314966
2018-02-11 11:30:00,0.001932396204286542
2018-02-11 12:00:00,0.0018819731570491475
2018-02-11 12:30:00,0.0018373302348644728
2018-02-11 13:00:00,0.0017890190470407016
2018-02-11 13:30:00,0.0017773561361983138
2018-02-11 14:00:00,0.0017096795304936225
2018-02-11 14:30:00,0.001713724276712653
2018-02-11 15:00:00,0.0017020440893487831
2018-02-11 15:30:00,0.0017020970475302103
2018-02-11 16:00:00,0.0017682874383039928
2018-02-11 16:30:00,0.0018032134457720067
2018-02-11 17:00:00,0.0018984782254161557
2018-02-11 17:30:00,0.0021626750025288658
2018-02-11 18:00:00,0.0023696791575256787
2018-02-11 18:30:00,0.002570345694089385
2018-02-11 19:00:00,0.0026723604714482467
2018-02-11 19:30:00,0.0027745012198255523
2018-02-11 20:00:00,0.002837231487976586
2018-02-11 20:30:00,0.0028955017222678384
2018-02-11 21:00:00,0.0024720788800918336
2018-02-11 21:30:00,0.0019991164807330155
2018-02-11 22:00:00,0.0019083280564865298
2018-02-11 22:30:00,0.0018031474650869496
2018-02-11 23:00:00,0.0018850283232173587
2018-02-11 23:30:00,0.0019750630049537596
2018-02-12 00:00:00,0.0020928380936970485
2018-02-12 00:30:00,0.0022402249232188103
2018-02-12 01:00:00,0.0023208272319428583
2018-02-12 01:30:00,0.002354119653147221
2018-02-12 02:00:00,0.0024261806753739495
2018-02-12 02:30:00,0.0024370789048032034
2018-02-12 03:00:00,0.0024867104442699867
2018-02-12 03:30:00,0.002526731419466418
2018-02-12 04:00:00,0.002520473976247325
2018-02-12 04:30:00,0.002584954034802732
2018-02-12 05:00:00,0.0025864645149987374
2018-02-12 05:30:00,0.002669389864736937
2018-02-12 06:00:00,0.0038998809368863963
2018-02-12 06:30:00,0.005023384024357513
2018-02-12 07:00:00,0.005442311281238829
2018-02-12 07:30:00,0.005761809552490336
2018-02-12 08:00:00,0.006018457357882308
2018-02-12 08:30:00,0.005957613573015413
2018-02-12 09:00:00,0.005981273812593399
2018-02-12 09:30:00,0.005882885325003601
2018-02-12 10:00:00,0.0058596974984489545
2018-02-12 10:30:00,0.005833811973450731
2018-02-12 11:00:00,0.005755728173520316
2018-02-12 11:30:00,0.005703995843767995
2018-02-12 12:00:00,0.0056435872709724045
2018-02-12 12:30:00,0.005605044089487867
2018-02-12 13:00:00,0.005576796542781294
2018-02-12 13:30:00,0.005551703133270518
2018-02-12 14:00:00,0.005386932520245162
2018-02-12 14:30:00,0.005248356195779092
2018-02-12 15:00:00,0.005193556198255073
2018-02-12 15:30:00,0.005140254960673794
2018-02-12 16:00:00,0.004994801799307657
2018-02-12 16:30:00,0.004890028638638303
2018-02-12 17:00:00,0.004875624881456979
2018-02-12 17:30:00,0.0050972025636741025
2018-02-12 18:00:00,0.005295151998263823
2018-02-12 18:30:00,0.005457927173058002
2018-02-12 19:00:00,0.005553965663051136
2018-02-12 19:30:00,0.005058177766596995
2018-02-12 20:00:00,0.004515053894207564
2018-02-12 20:30:00,0.004222899668360803
2018-02-12 21:00:00,0.0032707385662882997
2018-02-12 21:30:00,0.002577268022935464
2018-02-12 22:00:00,0.002390097878908512
2018-02-12 22:30:00,0.0022531156825200942
2018-02-12 23:00:00,0.0023490663140220726
2018-02-12 23:30:00,0.002388934622067619
2018-02-13 00:00:00,0.002464696379375828
2018-02-13 00:30:00,0.002486487151741083
2018-02-13 01:00:00,0.0025506689949633702
2018-02-13 01:30:00,0.0026114571737397654
2018-02-13 02:00:00,0.0026264987297405255
2018-02-13 02:30:00,0.0026934653051389817
2018-02-13 03:00:00,0.002708548880418121
2018-02-13 03:30:00,0.0027601896185615806
2018-02-13 04:00:00,0.0028091262338263397
2018-02-13 04:30:00,0.0028097043027624606
2018-02-13 05:00:00,0.002869739433562297
2018-02-13 05:30:00,0.002904888342884106
2018-02-13 06:00:00,0.00423710535326192
2018-02-13 06:30:00,0.005486338456043547
2018-02-13 07:00:00,0.0057596627927669845
2018-02-13 07:30:00,0.006045181401889246
2018-02-13 08:00:00,0.006226643825983659
2018-02-13 08:30:00,0.0060766385182487335
2018-02-13 09:00:00,0.006038906334881907
2018-02-13 09:30:00,0.0059103594218112634
2018-02-13 10:00:00,0.005866545251757581
2018-02-13 10:30:00,0.005818554026847991
2018-02-13 11:00:00,0.005721338562976809
2018-02-13 11:30:00,0.005643575116635683
2018-02-13 12:00:00,0.005556240173535095
2018-02-13 12:30:00,0.005510893905929382
2018-02-13 13:00:00,0.005466188953219085
2018-02-13 13:30:00,0.00542539083841438
2018-02-13 14:00:00,0.005247923892066932
2018-02-13 14:30:00,0.005097900179193544
2018-02-13 15:00:00,0.005039913618439691
2018-02-13 15:30:00,0.004978414237331734
2018-02-13 16:00:00,0.004816399099257726
2018-02-13 16:30:00,0.004694013957412844
2018-02-13 17:00:00,0.004665431124646151
2018-02-13 17:30:00,0.004877492655744237
2018-02-13 18:00:00,0.005075958693052948
2018-02-13 18:30:00,0.00521286101808577
2018-02-13 19:00:00,0.005307689934533434
2018-02-13 19:30:00,0.004810954433898507
2018-02-13 20:00:00,0.004269314258755949
2018-02-13 20:30:00,0.003960581864888473
2018-02-13 21:00:00,0.003067476340892782
2018-02-13 21:30:00,0.0024185804383972556
2018-02-13 22:00:00,0.002246631995004608
2018-02-13 22:30:00,0.00210007096584635
2018-02-13 23:00:00,0.002149511986085031
2018-02-13 23:30:00,0.0021758244321605806
2018-02-14 00:00:00,0.0021979665950821103
2018-02-14 00:30:00,0.0022451011562945947
2018-02-14 01:00:00,0.002312300834508022
2018-02-14 01:30:00,0.002331898009545205
2018-02-14 02:00:00,0.0023592268620290504
2018-02-14 02:30:00,0.0023883810788466672
2018-02-14 03:00:00,0.002413225281046317
2018-02-14 03:30:00,0.0024424412679394836
2018-02-14 04:00:00,0.0024598559147766793
2018-02-14 04:30:00,0.0024882576913345727
2018-02-14 05:00:00,0.002515332431364258
2018-02-14 05:30:00,0.002553724378173309
2018-02-14 06:00:00,0.0036836805936847276
2018-02-14 06:30:00,0.004934014184839753
2018-02-14 07:00:00,0.005214021149525792
2018-02-14 07:30:00,0.005496108719616744
2018-02-14 08:00:00,0.0057064307046799795
2018-02-14 08:30:00,0.005557319608860958
2018-02-14 09:00:00,0.005525719679044999
2018-02-14 09:30:00,0.005400165684575216
2018-02-14 10:00:00,0.005365329402157211
2018-02-14 10:30:00,0.005303126198136415
2018-02-14 11:00:00,0.005209084057949712
2018-02-14 11:30:00,0.005142760446963797
2018-02-14 12:00:00,0.005075304919962393
2018-02-14 12:30:00,0.0050434867763939455
2018-02-14 13:00:00,0.00502256773042166
2018-02-14 13:30:00,0.004994871209252004
2018-02-14 14:00:00,0.004847163027749007
2018-02-14 14:30:00,0.004725386470907084
2018-02-14 15:00:00,0.004663603937161873
2018-02-14 15:30:00,0.004590503588920459
2018-02-14 16:00:00,0.004404905651756718
2018-02-14 16:30:00,0.004293181252283227
2018-02-14 17:00:00,0.004259504797446826
2018-02-14 17:30:00,0.0044509665943616265
2018-02-14 18:00:00,0.0046310356973843555
2018-02-14 18:30:00,0.004768372930630064
2018-02-14 19:00:00,0.00485746569467893
2018-02-14 19:30:00,0.004356494407696725
2018-02-14 20:00:00,0.003807652961680341
2018-02-14 20:30:00,0.003516625138989202
2018-02-14 21:00:00,0.002786913662568519
2018-02-14 21:30:00,0.002271992799923247
2018-02-14 22:00:00,0.002071287716748797
2018-02-14 22:30:00,0.001915232457685945
2018-02-14 23:00:00,0.0019511936673758266
2018-02-14 23:30:00,0.0019661924227479914
2018-02-15 00:00:00,0.0020012569028379336
2018-02-15 00:30:00,0.0020211401822798607
2018-02-15 01:00:00,0.0020698688715699988
2018-02-15 01:30:00,0.0020965357901943484
2018-02-15 02:00:00,0.0021365892782415088
2018-02-15 02:30:00,0.002188172326693889
2018-02-15 03:00:00,0.002199705533400125
2018-02-15 03:30:00,0.0022334162808294185
2018-02-15 04:00:00,0.002256729253643946
2018-02-15 04:30:00,0.0022801590383160317
2018-02-15 05:00:00,0.002319807309458582
2018-02-15 05:30:00,0.002369489202606067
2018-02-15 06:00:00,0.0034825313563198153
2018-02-15 06:30:00,0.004630164057808076
2018-02-15 07:00:00,0.004931025042764943
2018-02-15 07:30:00,0.005269410588972435
2018-02-15 08:00:00,0.005515732807828095
2018-02-15 08:30:00,0.005404875967546413
2018-02-15 09:00:00,0.005403158993851187
2018-02-15 09:30:00,0.0052983260598901735
2018-02-15 10:00:00,0.005279932641680173
2018-02-15 10:30:00,0.00525203262218713
2018-02-15 11:00:00,0.005182904571636221
2018-02-15 11:30:00,0.005143075374509908
2018-02-15 12:00:00,0.005100194961374819
2018-02-15 12:30:00,0.005095713396975704
2018-02-15 13:00:00,0.0050901470146158916
2018-02-15 13:30:00,0.005078834930021287
2018-02-15 14:00:00,0.004940370816128159
2018-02-15 14:30:00,0.004820729428981356
2018-02-15 15:00:00,0.004761113839840122
2018-02-15 15:30:00,0.004694645418613846
2018-02-15 16:00:00,0.0045186343013555045
2018-02-15 16:30:00,0.004408185846787651
2018-02-15 17:00:00,0.0043743045913775
2018-02-15 17:30:00,0.004565395637613963
2018-02-15 18:00:00,0.004760832553761721
2018-02-15 18:30:00,0.004912909047290599
2018-02-15 19:00:00,0.0050254527358757775
2018-02-15 19:30:00,0.004554658149287846
2018-02-15 20:00:00,0.004033305385283188
2018-02-15 20:30:00,0.0037467827845394245
2018-02-15 21:00:00,0.0029636952345499373
2018-02-15 21:30:00,0.0024030978101985583
2018-02-15 22:00:00,0.0021830076885710524
2018-02-15 22:30:00,0.0020024708606262917
2018-02-15 23:00:00,0.002072680777370408
2018-02-15 23:30:00,0.0021131283697857477
2018-02-16 00:00:00,0.002171632748692262
2018-02-16 00:30:00,0.002203521430822037
2018-02-16 01:00:00,0.002257824315974165
2018-02-16 01:30:00,0.0023022505436984418
2018-02-16 02:00:00,0.0023481474027576173
2018-02-16 02:30:00,0.0024057428977274716
2018-02-16 03:00:00,0.0024273152827068573
2018-02-16 03:30:00,0.00245479393739079
2018-02-16 04:00:00,0.002504208825805521
2018-02-16 04:30:00,0.002517879242399113
2018-02-16 05:00:00,0.0025746149916793365
2018-02-16 05:30:00,0.0026183294961719065
2018-02-16 06:00:00,0.003696709521749523
2018-02-16 06:30:00,0.004986332266805338
2018-02-16 07:00:00,0.005294933350427881
2018-02-16 07:30:00,0.005663408650113744
2018-02-16 08:00:00,0.005877287297959969
2018-02-16 08:30:00,0.005763838241514111
2018-02-16 09:00:00,0.005748619015155497
2018-02-16 09:30:00,0.005628770743834365
2018-02-16 10:00:00,0.005605747955809049
2018-02-16 10:30:00,0.005566921361237187
2018-02-16 11:00:00,0.0054953926121421495
2018-02-16 11:30:00,0.005442431131680567
2018-02-16 12:00:00,0.005385959435365607
2018-02-16 12:30:00,0.005368127547512118
2018-02-16 13:00:00,0.005353044927216579
2018-02-16 13:30:00,0.005319896187635597
2018-02-16 14:00:00,0.005160063230494814
2018-02-16 14:30:00,0.005021515642353419
2018-02-16 15:00:00,0.004954944473573505
2018-02-16 15:30:00,0.0048711164038836964
2018-02-16 16:00:00,0.0046809885454240285
2018-02-16 16:30:00,0.0045542563616425245
2018-02-16 17:00:00,0.004506882967713472
2018-02-16 17:30:00,0.004694288515197703
2018-02-16 18:00:00,0.004893845751493887
2018-02-16 18:30:00,0.0050290360947912085
2018-02-16 19:00:00,0.005134545938490892
2018-02-16 19:30:00,0.004659103012640694
2018-02-16 20:00:00,0.004137588682774338
2018-02-16 20:30:00,0.0038574046120389356
2018-02-16 21:00:00,0.0030387572493297777
2018-02-16 21:30:00,0.0024689526544621494
2018-02-16 22:00:00,0.0022790405354792794
2018-02-16 22:30:00,0.0021182787699712833
2018-02-16 23:00:00,0.002184432393876484
2018-02-16 23:30:00,0.0022094301313939275
2018-02-17 00:00:00,0.0021982859936878004
2018-02-17 00:30:00,0.0021762754448696213
2018-02-17 01:00:00,0.002225154804526755
2018-02-17 01:30:00,0.00222973225796093
2018-02-17 02:00:00,0.0022473612986162153
2018-02-17 02:30:00,0.0022871267722914326
2018-02-17 03:00:00,0.002302730509773886
2018-02-17 03:30:00,0.00233950736227444
2018-02-17 04:00:00,0.0023697398858009383
2018-02-17 04:30:00,0.002370593337280481
2018-02-17 05:00:00,0.002422839925701139
2018-02-17 05:30:00,0.0024291498496098597
2018-02-17 06:00:00,0.0035796465469130493
2018-02-17 06:30:00,0.004305347439482557
2018-02-17 07:00:00,0.0039305329152548064
2018-02-17 07:30:00,0.003876206025287655
2018-02-17 08:00:00,0.003432680431075217
2018-02-17 08:30:00,0.0031380079134765513
2018-02-17 09:00:00,0.0029213757874628687
2018-02-17 09:30:00,0.0026328383449575224
2018-02-17 10:00:00,0.0024690288795167284
2018-02-17 10:30:00,0.0022944350013284036
2018-02-17 11:00:00,0.0021621390830961597
2018-02-17 11:30:00,0.0020691214232700012
2018-02-17 12:00:00,0.0019527402199068864
2018-02-17 12:30:00,0.0018946272106427893
2018-02-17 13:00:00,0.001816424905929344
2018-02-17 13:30:00,0.0017799066369425303
2018-02-17 14:00:00,0.0017481753100649473
2018-02-17 14:30:00,0.0016955554532819177
2018-02-17 15:00:00,0.0017032430712579669
2018-02-17 15:30:00,0.0016917312214576833
2018-02-17 16:00:00,0.0017239850979975796
2018-02-17 16:30:00,0.0017833262595789911
2018-02-17 17:00:00,0.0018214041470088396
2018-02-17 17:30:00,0.0021012425570895656
2018-02-17 18:00:00,0.00232387089489953
2018-02-17 18:30:00,0.0025384710762635303
2018-02-17 19:00:00,0.002735557987029513
2018-02-17 19:30:00,0.002815784336073772
2018-02-17 20:00:00,0.0029318200958239372
2018-02-17 20:30:00,0.003004944058205265
2018-02-17 21:00:00,0.0025266974307319445
2018-02-17 21:30:00,0.0020758442473604736
2018-02-17 22:00:00,0.0019966702468345275
2018-02-17 22:30:00,0.0019266067464395538
2018-02-17 23:00:00,0.0019784535874071262
2018-02-17 23:30:00,0.002026019193489753
2018-02-18 00:00:00,0.001995183684636855
2018-02-18 00:30:00,0.001969582440892867
2018-02-18 01:00:00,0.002001387214690921
2018-02-18 01:30:00,0.0019977579731543685
2018-02-18 02:00:00,0.0020656858263624215
2018-02-18 02:30:00,0.0020955320590229183
2018-02-18 03:00:00,0.002097536135514834
2018-02-18 03:30:00,0.0021170553491636204
2018-02-18 04:00:00,0.00212520244447607
2018-02-18 04:30:00,0.0021663546411544656
2018-02-18 05:00:00,0.00220187221755403
2018-02-18 05:30:00,0.002234117021749731
2018-02-18 06:00:00,0.003434068109061995
2018-02-18 06:30:00,0.004115713915260671
2018-02-18 07:00:00,0.0037606883875485686
2018-02-18 07:30:00,0.003588775148324067
2018-02-18 08:00:00,0.0031706101419885415
2018-02-18 08:30:00,0.0029962353457196134
2018-02-18 09:00:00,0.002726835080014905
2018-02-18 09:30:00,0.002481011232373152
2018-02-18 10:00:00,0.0023019353557022586
2018-02-18 10:30:00,0.0021302358157623195
2018-02-18 11:00:00,0.0020073901981890905
2018-02-18 11:30:00,0.00191018801727161
2018-02-18 12:00:00,0.0018095953841257995
2018-02-18 12:30:00,0.0017472669470284322
2018-02-18 13:00:00,0.0016776507262247925
2018-02-18 13:30:00,0.0016158645895869104
2018-02-18 14:00:00,0.0015738582034870992
2018-02-18 14:30:00,0.0015518787350442495
2018-02-18 15:00:00,0.0015487526396396017
2018-02-18 15:30:00,0.0015377642510768855
2018-02-18 16:00:00,0.0015482161558984047
2018-02-18 16:30:00,0.0015891078590958615
2018-02-18 17:00:00,0.0016358207950491633
2018-02-18 17:30:00,0.001883430375205307
2018-02-18 18:00:00,0.002111746248067185
2018-02-18 18:30:00,0.0023046913515537507
2018-02-18 19:00:00,0.002480241862858711
2018-02-18 19:30:00,0.0025574988640336784
2018-02-18 20:00:00,0.002640104641532806
2018-02-18 20:30:00,0.002710962297607462
2018-02-18 21:00:00,0.002218539546316264
2018-02-18 21:30:00,0.001778852508682054
2018-02-18 22:00:00,0.0017453067997820941
2018-02-18 22:30:00,0.00166835843194315
2018-02-18 23:00:00,0.0017223720872896631
2018-02-18 23:30:00,0.0017742217063913429
2018-02-19 00:00:00,0.0019083919101626603
2018-02-19 00:30:00,0.0020346771182112484
2018-02-19 01:00:00,0.0021015141631069347
2018-02-19 01:30:00,0.002161870168396207
2018-02-19 02:00:00,0.0021966613929516538
2018-02-19 02:30:00,0.0022206239716555743
2018-02-19 03:00:00,0.0022408983168815
2018-02-19 03:30:00,0.0022689565597936437
2018-02-19 04:00:00,0.0022872864281859324
2018-02-19 04:30:00,0.0023046472052664466
2018-02-19 05:00:00,0.0023212649616981967
2018-02-19 05:30:00,0.0023703054965419205
2018-02-19 06:00:00,0.003527910614268057
2018-02-19 06:30:00,0.0046738690992813425
2018-02-19 07:00:00,0.004873264118590648
2018-02-19 07:30:00,0.005198169637207612
2018-02-19 08:00:00,0.005424306280903755
2018-02-19 08:30:00,0.005332212090218322
2018-02-19 09:00:00,0.005308491426223494
2018-02-19 09:30:00,0.005181325289212705
2018-02-19 10:00:00,0.0051302191248432435
2018-02-19 10:30:00,0.0050980351357394925
2018-02-19 11:00:00,0.005030784496128528
2018-02-19 11:30:00,0.004981458377780206
2018-02-19 12:00:00,0.004934159255530187
2018-02-19 12:30:00,0.004919360742855502
2018-02-19 13:00:00,0.004903561060101768
2018-02-19 13:30:00,0.004887529142699971
2018-02-19 14:00:00,0.004755454910887849
2018-02-19 14:30:00,0.004636905851345503
2018-02-19 15:00:00,0.004581013830075446
2018-02-19 15:30:00,0.004501360905274346
2018-02-19 16:00:00,0.004305347048807449
2018-02-19 16:30:00,0.004143309642252235
2018-02-19 17:00:00,0.0040703259756433435
2018-02-19 17:30:00,0.0041840615705774
2018-02-19 18:00:00,0.004354432554697039
2018-02-19 18:30:00,0.004474475034955636
2018-02-19 19:00:00,0.004560273973753104
2018-02-19 19:30:00,0.00406146533394868
2018-02-19 20:00:00,0.003512961344409685
2018-02-19 20:30:00,0.00323767087008824
2018-02-19 21:00:00,0.0025621380007267124
2018-02-19 21:30:00,0.0020887107848050063
2018-02-19 22:00:00,0.0019394555732791504
2018-02-19 22:30:00,0.00179370432680493
2018-02-19 23:00:00,0.0018057289593898045
2018-02-19 23:30:00,0.0018292478179867174
2018-02-20 00:00:00,0.0018518273199884766
2018-02-20 00:30:00,0.001856326508175837
2018-02-20 01:00:00,0.0018857980834069087
2018-02-20 01:30:00,0.0019003956154422428
2018-02-20 02:00:00,0.0019228279631529868
2018-02-20 02:30:00,0.0019368044953985675
2018-02-20 03:00:00,0.0019408664313223887
2018-02-20 03:30:00,0.0019510806754526667
2018-02-20 04:00:00,0.0019612337572242305
2018-02-20 04:30:00,0.0019853051172418045
2018-02-20 05:00:00,0.001992274717776059
2018-02-20 05:30:00,0.002009843768097957
2018-02-20 06:00:00,0.0029374952160890564
2018-02-20 06:30:00,0.0042066259230666035
2018-02-20 07:00:00,0.004409257772469754
2018-02-20 07:30:00,0.004716322982014214
2018-02-20 08:00:00,0.0049980624171748
2018-02-20 08:30:00,0.004966219270399383
2018-02-20 09:00:00,0.004995464688150752
2018-02-20 09:30:00,0.0049196553118876045
2018-02-20 10:00:00,0.0049164843322537805
2018-02-20 10:30:00,0.004903321966935126
2018-02-20 11:00:00,0.0048459579252631176
2018-02-20 11:30:00,0.00482052601747466
2018-02-20 12:00:00,0.004796350694469776
2018-02-20 12:30:00,0.004801331758699779
2018-02-20 13:00:00,0.004803453558624507
2018-02-20 13:30:00,0.004792373318002856
2018-02-20 14:00:00,0.0046657783914096085
2018-02-20 14:30:00,0.004549072623847698
2018-02-20 15:00:00,0.004500261415292893
2018-02-20 15:30:00,0.004417778353186302
2018-02-20 16:00:00,0.004222356195875991
2018-02-20 16:30:00,0.004061895857918676
2018-02-20 17:00:00,0.003982703669295994
2018-02-20 17:30:00,0.004055003046747491
2018-02-20 18:00:00,0.004245403553024819
2018-02-20 18:30:00,0.004364022065919857
2018-02-20 19:00:00,0.00444412626388007
2018-02-20 19:30:00,0.003949806133810029
2018-02-20 20:00:00,0.0034063053901655545
2018-02-20 20:30:00,0.0031174613111080744
2018-02-20 21:00:00,0.0024700509290099303
2018-02-20 21:30:00,0.002015309009012912
2018-02-20 22:00:00,0.0018684648706257443
2018-02-20 22:30:00,0.0017371142559319775
2018-02-20 23:00:00,0.001751785538746201
2018-02-20 23:30:00,0.0017569283858796306
2018-02-21 00:00:00,0.001770855693061491
2018-02-21 00:30:00,0.0018021164734745884
2018-02-21 01:00:00,0.0018371794342724411
2018-02-21 01:30:00,0.0018711155144228728
2018-02-21 02:00:00,0.0018954784048883701
2018-02-21 02:30:00,0.0019147691604151466
2018-02-21 03:00:00,0.0019335131010145136
2018-02-21 03:30:00,0.0019472781912094938
2018-02-21 04:00:00,0.0019806954982236648
2018-02-21 04:30:00,0.002000133494858148
2018-02-21 05:00:00,0.0020181634115834994
2018-02-21 05:30:00,0.0020624511666858473
2018-02-21 06:00:00,0.0030135108688096983
2018-02-21 06:30:00,0.004251235898317095
2018-02-21 07:00:00,0.004484424748628851
2018-02-21 07:30:00,0.004822130476738526
2018-02-21 08:00:00,0.005097016645730616
2018-02-21 08:30:00,0.005023807168908786
2018-02-21 09:00:00,0.005038112606187707
2018-02-21 09:30:00,0.0049536798148376825
2018-02-21 10:00:00,0.004970043502223617
2018-02-21 10:30:00,0.0049697387322303384
2018-02-21 11:00:00,0.0049397095333938434
2018-02-21 11:30:00,0.0049253299980692705
2018-02-21 12:00:00,0.004914602102987493
2018-02-21 12:30:00,0.004931689928391929
2018-02-21 13:00:00,0.0049483364645567015
2018-02-21 13:30:00,0.004936409804607467
2018-02-21 14:00:00,0.004817659417159007
2018-02-21 14:30:00,0.004704678606535326
2018-02-21 15:00:00,0.004645609354829702
2018-02-21 15:30:00,0.004563110448677028
2018-02-21 16:00:00,0.004359415355260861
2018-02-21 16:30:00,0.004210207198381453
2018-02-21 17:00:00,0.004130162947346283
2018-02-21 17:30:00,0.004197462594979239
2018-02-21 18:00:00,0.004397276938905421
2018-02-21 18:30:00,0.004520867096419502
2018-02-21 19:00:00,0.004602870409492376
2018-02-21 19:30:00,0.004118835409380703
2018-02-21 20:00:00,0.003579726895760444
2018-02-21 20:30:00,0.0032860469533884324
2018-02-21 21:00:00,0.002605333167774531
2018-02-21 21:30:00,0.002130886550268694
2018-02-21 22:00:00,0.0019681179735430198
2018-02-21 22:30:00,0.001837881216993044
2018-02-21 23:00:00,0.0018672787375868082
2018-02-21 23:30:00,0.0018992075724361078
2018-02-22 00:00:00,0.001928033752387293
2018-02-22 00:30:00,0.0019589322467494135
2018-02-22 01:00:00,0.0020178019068827395
2018-02-22 01:30:00,0.00203190245677122
2018-02-22 02:00:00,0.002062088186101343
2018-02-22 02:30:00,0.002089407011257394
2018-02-22 03:00:00,0.002084626710625014
2018-02-22 03:30:00,0.002113798377597494
2018-02-22 04:00:00,0.0021277402265750746
2018-02-22 04:30:00,0.0021421509290916684
2018-02-22 05:00:00,0.002178186063193821
2018-02-22 05:30:00,0.0021879826756326954
2018-02-22 06:00:00,0.003158531162155185
2018-02-22 06:30:00,0.004313361878891366
2018-02-22 07:00:00,0.004521885412794998
2018-02-22 07:30:00,0.004829968721673225
2018-02-22 08:00:00,0.005089521413541524
2018-02-22 08:30:00,0.005011064084798664
2018-02-22 09:00:00,0.005021375259764291
2018-02-22 09:30:00,0.0049210373033811315
2018-02-22 10:00:00,0.004912050430217949
2018-02-22 10:30:00,0.004896062138203313
2018-02-22 11:00:00,0.0048574946914536786
2018-02-22 11:30:00,0.0048453678756236575
2018-02-22 12:00:00,0.004841034811174266
2018-02-22 12:30:00,0.004862632763669111
2018-02-22 13:00:00,0.004883498156926442
2018-02-22 13:30:00,0.004880848945604713
2018-02-22 14:00:00,0.004759200269748432
2018-02-22 14:30:00,0.004639727654248671
2018-02-22 15:00:00,0.00457213695365959
2018-02-22 15:30:00,0.004478942578459177
2018-02-22 16:00:00,0.004258900336236683
2018-02-22 16:30:00,0.004095276788739375
2018-02-22 17:00:00,0.004001338741765018
2018-02-22 17:30:00,0.004031826897037766
2018-02-22 18:00:00,0.004229208810919306
2018-02-22 18:30:00,0.004343158452404688
2018-02-22 19:00:00,0.00441456600539928
2018-02-22 19:30:00,0.00392142901319234
2018-02-22 20:00:00,0.0033756412140520772
2018-02-22 20:30:00,0.00307450662629395
2018-02-22 21:00:00,0.002447104062180778
2018-02-22 21:30:00,0.0020107945410879594
2018-02-22 22:00:00,0.0018611257782551705
2018-02-22 22:30:00,0.0017251899400333968
2018-02-22 23:00:00,0.0017375774229777393
2018-02-22 23:30:00,0.0017378949116162307
2018-02-23 00:00:00,0.0017457719202034006
2018-02-23 00:30:00,0.001758420374120482
2018-02-23 01:00:00,0.00178146174091764
2018-02-23 01:30:00,0.0018080212672953902
2018-02-23 02:00:00,0.0018222880711468762
2018-02-23 02:30:00,0.001829855968906223
2018-02-23 03:00:00,0.0018371933683513247
2018-02-23 03:30:00,0.0018408778253032677
2018-02-23 04:00:00,0.0018631786023190064
2018-02-23 04:30:00,0.0018846837911796633
2018-02-23 05:00:00,0.0019141091799311947
2018-02-23 05:30:00,0.0019454094619386357
2018-02-23 06:00:00,0.0027806836968320846
2018-02-23 06:30:00,0.0039772582659949015
2018-02-23 07:00:00,0.004186913802730716
2018-02-23 07:30:00,0.004478951781028409
2018-02-23 08:00:00,0.004780364789914137
2018-02-23 08:30:00,0.004747947133686925
2018-02-23 09:00:00,0.004791950737760074
2018-02-23 09:30:00,0.004753822409832832
2018-02-23 10:00:00,0.004810001403674541
2018-02-23 10:30:00,0.004849414010909742
2018-02-23 11:00:00,0.004854677706876854
2018-02-23 11:30:00,0.00488492698602469
2018-02-23 12:00:00,0.004911527446472182
2018-02-23 12:30:00,0.004943288377841351
2018-02-23 13:00:00,0.0049661116177027115
2018-02-23 13:30:00,0.004968200253651529
2018-02-23 14:00:00,0.004855130672961439
2018-02-23 14:30:00,0.004727026915689313
2018-02-23 15:00:00,0.00466127273537878
2018-02-23 15:30:00,0.004571515606603072
2018-02-23 16:00:00,0.004363478984110154
2018-02-23 16:30:00,0.004195221725962992
2018-02-23 17:00:00,0.004094228390380495
2018-02-23 17:30:00,0.0041064494457284505
2018-02-23 18:00:00,0.004299616669718594
2018-02-23 18:30:00,0.00439128801971117
2018-02-23 19:00:00,0.004451137015525794
2018-02-23 19:30:00,0.003968729047017613
2018-02-23 20:00:00,0.0034187702701898026
2018-02-23 20:30:00,0.0031101574663139914
2018-02-23 21:00:00,0.002490311600607045
2018-02-23 21:30:00,0.0020568465415737097
2018-02-23 22:00:00,0.0018881143961275184
2018-02-23 22:30:00,0.0017456749459597051
2018-02-23 23:00:00,0.0017639364896162835
2018-02-23 23:30:00,0.00176621586183493
2018-02-24 00:00:00,0.001719196766821295
2018-02-24 00:30:00,0.0016773473452985667
2018-02-24 01:00:00,0.0016675475206421304
2018-02-24 01:30:00,0.0016586607037151705
2018-02-24 02:00:00,0.0016574768279101972
2018-02-24 02:30:00,0.001672229718413833
2018-02-24 03:00:00,0.001674029688865526
2018-02-24 03:30:00,0.0016766470818700538
2018-02-24 04:00:00,0.0017036451193533603
2018-02-24 04:30:00,0.001693403918640569
2018-02-24 05:00:00,0.001705001977414881
2018-02-24 05:30:00,0.0016964619497595794
2018-02-24 06:00:00,0.0024713636407841465
2018-02-24 06:30:00,0.0030751046630689703
2018-02-24 07:00:00,0.0027719545824240795
2018-02-24 07:30:00,0.0027227460572835337
2018-02-24 08:00:00,0.0024382818368718214
2018-02-24 08:30:00,0.0022241113981276003
2018-02-24 09:00:00,0.00211229254209445
2018-02-24 09:30:00,0.0019631202839167153
2018-02-24 10:00:00,0.0019144132119826023
2018-02-24 10:30:00,0.0018289472151945992
2018-02-24 11:00:00,0.001764084381849171
2018-02-24 11:30:00,0.0017305335941727958
2018-02-24 12:00:00,0.001646785916738728
2018-02-24 12:30:00,0.0016460024829203668
2018-02-24 13:00:00,0.00161356577042951
2018-02-24 13:30:00,0.0015687008145579496
2018-02-24 14:00:00,0.0015771045400085942
2018-02-24 14:30:00,0.0015381398200815652
2018-02-24 15:00:00,0.001555479500706199
2018-02-24 15:30:00,0.0015625640899475034
2018-02-24 16:00:00,0.0015679464643310282
2018-02-24 16:30:00,0.0016014651732401289
2018-02-24 17:00:00,0.0016068442051810554
2018-02-24 17:30:00,0.0017614404663455845
2018-02-24 18:00:00,0.0020004807616216054
2018-02-24 18:30:00,0.0021804781974660253
2018-02-24 19:00:00,0.002350577445343259
2018-02-24 19:30:00,0.002409000997910579
2018-02-24 20:00:00,0.0025194518399374323
2018-02-24 20:30:00,0.002583842216851176
2018-02-24 21:00:00,0.0021984448248237374
2018-02-24 21:30:00,0.001878356243482697
2018-02-24 22:00:00,0.0018149959900144058
2018-02-24 22:30:00,0.0017763053503804358
2018-02-24 23:00:00,0.0018046533005899937
2018-02-24 23:30:00,0.0017956083904689698
2018-02-25 00:00:00,0.0017608548877657035
2018-02-25 00:30:00,0.0017057298051427433
2018-02-25 01:00:00,0.0017326895130570332
2018-02-25 01:30:00,0.0017305088080075543
2018-02-25 02:00:00,0.0017515085500939978
2018-02-25 02:30:00,0.0017871925974982947
2018-02-25 03:00:00,0.00177839667764667
2018-02-25 03:30:00,0.00182586465836042
2018-02-25 04:00:00,0.0018373834969043178
2018-02-25 04:30:00,0.001833489117193865
2018-02-25 05:00:00,0.0018774461007040194
2018-02-25 05:30:00,0.0018807973551964242
2018-02-25 06:00:00,0.0028938167839315412
2018-02-25 06:30:00,0.0033541459222941787
2018-02-25 07:00:00,0.0029112531349414525
2018-02-25 07:30:00,0.002752762146799707
2018-02-25 08:00:00,0.002405768638876313
2018-02-25 08:30:00,0.002432665404689726
2018-02-25 09:00:00,0.002202100588859349
2018-02-25 09:30:00,0.002020226523425203
2018-02-25 10:00:00,0.0019207672821786278
2018-02-25 10:30:00,0.0017689276245824274
2018-02-25 11:00:00,0.0017201640349825613
2018-02-25 11:30:00,0.0016311320426173003
2018-02-25 12:00:00,0.0015407553465272392
2018-02-25 12:30:00,0.0015110774948386733
2018-02-25 13:00:00,0.001436170795118789
2018-02-25 13:30:00,0.001441959037532105
2018-02-25 14:00:00,0.001403519862443224
2018-02-25 14:30:00,0.0013706250182746755
2018-02-25 15:00:00,0.001394374635635906
2018-02-25 15:30:00,0.0013623597654459597
2018-02-25 16:00:00,0.0014160611411554332
2018-02-25 16:30:00,0.001443352966320625
2018-02-25 17:00:00,0.0014598198787519985
2018-02-25 17:30:00,0.0016125597386157724
2018-02-25 18:00:00,0.0018355488865929698
2018-02-25 18:30:00,0.002049687941103443
2018-02-25 19:00:00,0.0021777014524254163
2018-02-25 19:30:00,0.0022468608438017267
2018-02-25 20:00:00,0.002336076279834785
2018-02-25 20:30:00,0.002356709612077435
2018-02-25 21:00:00,0.002012686407006932
2018-02-25 21:30:00,0.001634598372633446
2018-02-25 22:00:00,0.0015887325939496
2018-02-25 22:30:00,0.0015404179334581943
2018-02-25 23:00:00,0.001586996781032456
2018-02-25 23:30:00,0.00162744784611543
2018-02-26 00:00:00,0.0017506246259559612
2018-02-26 00:30:00,0.001857180827822289
2018-02-26 01:00:00,0.001921031031285474
2018-02-26 01:30:00,0.0019805654468207498
2018-02-26 02:00:00,0.002036752384389673
2018-02-26 02:30:00,0.002064465010055485
2018-02-26 03:00:00,0.002062071821155115
2018-02-26 03:30:00,0.0020990522153874003
2018-02-26 04:00:00,0.00210884887123462
2018-02-26 04:30:00,0.002137603818090951
2018-02-26 05:00:00,0.002161631465904675
2018-02-26 05:30:00,0.002179662424430317
2018-02-26 06:00:00,0.0032433072267008885
2018-02-26 06:30:00,0.004337118137729447
2018-02-26 07:00:00,0.0045803468174395335
2018-02-26 07:30:00,0.0048393632426083615
2018-02-26 08:00:00,0.00508465998271153
2018-02-26 08:30:00,0.005020343009309912
2018-02-26 09:00:00,0.005025983880390486
2018-02-26 09:30:00,0.004958387363083117
2018-02-26 10:00:00,0.004967607599511342
2018-02-26 10:30:00,0.004984398989324822
2018-02-26 11:00:00,0.004967360171942379
2018-02-26 11:30:00,0.00497885969377256
2018-02-26 12:00:00,0.004982751859657396
2018-02-26 12:30:00,0.005001601325944508
2018-02-26 13:00:00,0.005016673441420453
2018-02-26 13:30:00,0.005024701467641382
2018-02-26 14:00:00,0.004902120727791981
2018-02-26 14:30:00,0.004773831009168022
2018-02-26 15:00:00,0.004712393267910579
2018-02-26 15:30:00,0.004604725595359459
2018-02-26 16:00:00,0.004408724197087701
2018-02-26 16:30:00,0.004238581410639998
2018-02-26 17:00:00,0.0041557958791824355
2018-02-26 17:30:00,0.004171424750096894
2018-02-26 18:00:00,0.004368746847278429
2018-02-26 18:30:00,0.004490127693643392
2018-02-26 19:00:00,0.004573322218531616
2018-02-26 19:30:00,0.004097602217212525
2018-02-26 20:00:00,0.0035494662436261057
2018-02-26 20:30:00,0.003244188719971581
2018-02-26 21:00:00,0.0025689531977762642
2018-02-26 21:30:00,0.0021056666054309827
2018-02-26 22:00:00,0.0019446497290768808
2018-02-26 22:30:00,0.0017969327356797617
2018-02-26 23:00:00,0.0018071389058577892
2018-02-26 23:30:00,0.0018163018432700434
2018-02-27 00:00:00,0.0018269082383929563
2018-02-27 00:30:00,0.0018483193179607159
2018-02-27 01:00:00,0.0018799720757330667
2018-02-27 01:30:00,0.0019156421456501343
2018-02-27 02:00:00,0.0019504598058879493
2018-02-27 02:30:00,0.001953890150385732
2018-02-27 03:00:00,0.001974557037279401
2018-02-27 03:30:00,0.0019762447537498068
2018-02-27 04:00:00,0.0019904410624483103
2018-02-27 04:30:00,0.0020157196519607007
2018-02-27 05:00:00,0.002021950789722462
2018-02-27 05:30:00,0.002068952912073033
2018-02-27 06:00:00,0.0029393400273615812
2018-02-27 06:30:00,0.003928772272764076
2018-02-27 07:00:00,0.004262138902664346
2018-02-27 07:30:00,0.004619405255984352
2018-02-27 08:00:00,0.004916839325702725
2018-02-27 08:30:00,0.004923712386076738
2018-02-27 09:00:00,0.004987632780834487
2018-02-27 09:30:00,0.004968309469048637
2018-02-27 10:00:00,0.005013639371708121
2018-02-27 10:30:00,0.005049022034970083
2018-02-27 11:00:00,0.005046796836366535
2018-02-27 11:30:00,0.005062183662346864
2018-02-27 12:00:00,0.00506429235295127
2018-02-27 12:30:00,0.005075207120960134
2018-02-27 13:00:00,0.005081812308434484
2018-02-27 13:30:00,0.005076246490383162
2018-02-27 14:00:00,0.004955019222744339
2018-02-27 14:30:00,0.004841401958959931
2018-02-27 15:00:00,0.0047844941389984155
2018-02-27 15:30:00,0.004687601806850629
2018-02-27 16:00:00,0.004496549176999874
2018-02-27 16:30:00,0.004326018233127315
2018-02-27 17:00:00,0.004233986680684341
2018-02-27 17:30:00,0.0042477039782910005
2018-02-27 18:00:00,0.004438705429702492
2018-02-27 18:30:00,0.004557966125659854
2018-02-27 19:00:00,0.004639706557792791
2018-02-27 19:30:00,0.004178526225184572
2018-02-27 20:00:00,0.0036389555429104953
2018-02-27 20:30:00,0.0033129653365578703
2018-02-27 21:00:00,0.002653070627496724
2018-02-27 21:30:00,0.002213540597847942
2018-02-27 22:00:00,0.002004625173401748
2018-02-27 22:30:00,0.0018267888654430176
2018-02-27 23:00:00,0.0018478973020264237
2018-02-27 23:30:00,0.0018644048880774673
2018-02-28 00:00:00,0.0018933945438575502
2018-02-28 00:30:00,0.0019189877570576332
2018-02-28 01:00:00,0.001969933440774032
2018-02-28 01:30:00,0.001985019143062097
2018-02-28 02:00:00,0.002002901862088088
2018-02-28 02:30:00,0.0020355074764510216
2018-02-28 03:00:00,0.0020333124466475503
2018-02-28 03:30:00,0.002061757674959222
2018-02-28 04:00:00,0.0020920237097283943
2018-02-28 04:30:00,0.002099669959551247
2018-02-28 05:00:00,0.0021421327409949327
2018-02-28 05:30:00,0.002186824888243327
2018-02-28 06:00:00,0.003088668078091072
2018-02-28 06:30:00,0.004127058642931041
2018-02-28 07:00:00,0.004516780895230585
2018-02-28 07:30:00,0.004920177384058118
2018-02-28 08:00:00,0.005179697042175541
2018-02-28 08:30:00,0.005147507019311776
2018-02-28 09:00:00,0.005183211815905189
2018-02-28 09:30:00,0.005126044674488061
2018-02-28 10:00:00,0.005147779970987854
2018-02-28 10:30:00,0.0051570371913263885
2018-02-28 11:00:00,0.0051291532763295
2018-02-28 11:30:00,0.005116101472066663
2018-02-28 12:00:00,0.005099022675598076
2018-02-28 12:30:00,0.0050981651003257165
2018-02-28 13:00:00,0.005100351057784993
2018-02-28 13:30:00,0.0050910461750831755
2018-02-28 14:00:00,0.004954039452979588
2018-02-28 14:30:00,0.004824612913197105
2018-02-28 15:00:00,0.004754376604178967
2018-02-28 15:30:00,0.00465701520145044
2018-02-28 16:00:00,0.00444337503905402
2018-02-28 16:30:00,0.00428207162421172
2018-02-28 17:00:00,0.004192625776681108
2018-02-28 17:30:00,0.004219284751578243
2018-02-28 18:00:00,0.004440841988464667
2018-02-28 18:30:00,0.004585343421857202
2018-02-28 19:00:00,0.004698841008833253
2018-02-28 19:30:00,0.00424182197385155
2018-02-28 20:00:00,0.003707949201223946
2018-02-28 20:30:00,0.0034243765014107213
2018-02-28 21:00:00,0.002749549885829376
2018-02-28 21:30:00,0.0022653531896309684
2018-02-28 22:00:00,0.0020474630029499686
2018-02-28 22:30:00,0.0018746408797888064
2018-02-28 23:00:00,0.00191069615536324
2018-02-28 23:30:00,0.0019208238866610713
2018-03-01 00:00:00,0.001952456763411214
2018-03-01 00:30:00,0.0019734775585451923
2018-03-01 01:00:00,0.002022403755807047
2018-03-01 01:30:00,0.0020543750874265254
2018-03-01 02:00:00,0.002082692695202626
2018-03-01 02:30:00,0.0021237583790485754
2018-03-01 03:00:00,0.0021415552797756474
2018-03-01 03:30:00,0.0021776899492138764
2018-03-01 04:00:00,0.0022156648286400142
2018-03-01 04:30:00,0.002233845111873943
2018-03-01 05:00:00,0.0022780753075102482
2018-03-01 05:30:00,0.002325986183572443
2018-03-01 06:00:00,0.003431389814148826
2018-03-01 06:30:00,0.004610406445526176
2018-03-01 07:00:00,0.00481230851382592
2018-03-01 07:30:00,0.005120239112144917
2018-03-01 08:00:00,0.0052994792025865805
2018-03-01 08:30:00,0.005175408644913601
2018-03-01 09:00:00,0.005132833783122008
2018-03-01 09:30:00,0.005016701483211603
2018-03-01 10:00:00,0.005002955058605158
2018-03-01 10:30:00,0.004989979132130136
2018-03-01 11:00:00,0.004945153417402846
2018-03-01 11:30:00,0.00491526716224786
2018-03-01 12:00:00,0.004893782028042793
2018-03-01 12:30:00,0.0048938669781748035
2018-03-01 13:00:00,0.004895472696280688
2018-03-01 13:30:00,0.004889419445918508
2018-03-01 14:00:00,0.0047651927484270076
2018-03-01 14:30:00,0.004649491059303288
2018-03-01 15:00:00,0.004589440431724133
2018-03-01 15:30:00,0.004506874676719494
2018-03-01 16:00:00,0.004311203615956475
2018-03-01 16:30:00,0.004173664924579615
2018-03-01 17:00:00,0.004100546909141612
2018-03-01 17:30:00,0.004136550962868435
2018-03-01 18:00:00,0.004353607448867064
2018-03-01 18:30:00,0.004460091853330047
2018-03-01 19:00:00,0.0045431019795668754
2018-03-01 19:30:00,0.004076958249925244
2018-03-01 20:00:00,0.003530536862575052
2018-03-01 20:30:00,0.0032220581470782817
2018-03-01 21:00:00,0.002570945250156495
2018-03-01 21:30:00,0.0021248343851151498
2018-03-01 22:00:00,0.0019507008524301348
2018-03-01 22:30:00,0.001812967387807321
2018-03-01 23:00:00,0.001833500273138641
2018-03-01 23:30:00,0.0018388072906344957
2018-03-02 00:00:00,0.0018636598272364683
2018-03-02 00:30:00,0.001880815499884815
2018-03-02 01:00:00,0.0019212181646626322
2018-03-02 01:30:00,0.0019485820042728962
2018-03-02 02:00:00,0.001961401617296017
2018-03-02 02:30:00,0.001983427011768334
2018-03-02 03:00:00,0.0020072139168982907
2018-03-02 03:30:00,0.0020398781325275577
2018-03-02 04:00:00,0.0020538008818331475
2018-03-02 04:30:00,0.0020800025932194996
2018-03-02 05:00:00,0.002114909761465596
2018-03-02 05:30:00,0.0021316728490378533
2018-03-02 06:00:00,0.003116190401570509
2018-03-02 06:30:00,0.004013551723160722
2018-03-02 07:00:00,0.004342220875551698
2018-03-02 07:30:00,0.004687874237626562
2018-03-02 08:00:00,0.00492687455381644
2018-03-02 08:30:00,0.004897707184270158
2018-03-02 09:00:00,0.004925395978754328
2018-03-02 09:30:00,0.004858150461328124
2018-03-02 10:00:00,0.004882493427363067
2018-03-02 10:30:00,0.004898159586046252
2018-03-02 11:00:00,0.004882049924297787
2018-03-02 11:30:00,0.004883313975316774
2018-03-02 12:00:00,0.004885452661087874
2018-03-02 12:30:00,0.004891049385881143
2018-03-02 13:00:00,0.004898555730606668
2018-03-02 13:30:00,0.004904021883096877
2018-03-02 14:00:00,0.0047883379479864395
2018-03-02 14:30:00,0.004674624274266827
2018-03-02 15:00:00,0.0046066837892302535
2018-03-02 15:30:00,0.004509985883061658
2018-03-02 16:00:00,0.004300311116428817
2018-03-02 16:30:00,0.0041476275137807255
2018-03-02 17:00:00,0.004059089899061591
2018-03-02 17:30:00,0.004075348668476617
2018-03-02 18:00:00,0.0042809134461472415
2018-03-02 18:30:00,0.004400330325331469
2018-03-02 19:00:00,0.004501805016056464
2018-03-02 19:30:00,0.004053726103449911
2018-03-02 20:00:00,0.003531651849335825
2018-03-02 20:30:00,0.003234334070574864
2018-03-02 21:00:00,0.002592139027547021
2018-03-02 21:30:00,0.0021479653467372803
2018-03-02 22:00:00,0.001959553941072694
2018-03-02 22:30:00,0.0018084061256859922
2018-03-02 23:00:00,0.0018299428724137786
2018-03-02 23:30:00,0.0018391330268586188
2018-03-03 00:00:00,0.0018022790811365779
2018-03-03 00:30:00,0.001759174463897331
2018-03-03 01:00:00,0.001764925939442066
2018-03-03 01:30:00,0.0017516591770526477
2018-03-03 02:00:00,0.0017859120078996984
2018-03-03 02:30:00,0.0018167288511640603
2018-03-03 03:00:00,0.001818773210600537
2018-03-03 03:30:00,0.0018630035364618782
2018-03-03 04:00:00,0.0018791701933678967
2018-03-03 04:30:00,0.0019013321939032888
2018-03-03 05:00:00,0.0019203850716970965
2018-03-03 05:30:00,0.0019090503279461765
2018-03-03 06:00:00,0.0028699827373384447
2018-03-03 06:30:00,0.003417964090398435
2018-03-03 07:00:00,0.003198158944558692
2018-03-03 07:30:00,0.0030877786845015113
2018-03-03 08:00:00,0.002711087747725761
2018-03-03 08:30:00,0.0025185080556910447
2018-03-03 09:00:00,0.0023021479697781858
2018-03-03 09:30:00,0.0021658500625471614
2018-03-03 10:00:00,0.002052062811682041
2018-03-03 10:30:00,0.001942596991829736
2018-03-03 11:00:00,0.0018984997993638354
2018-03-03 11:30:00,0.0018014585765912176
2018-03-03 12:00:00,0.0017633121039755861
2018-03-03 12:30:00,0.0017055502248176902
2018-03-03 13:00:00,0.0016560577656896717
2018-03-03 13:30:00,0.0016527464034667193
2018-03-03 14:00:00,0.0015990714634396136
2018-03-03 14:30:00,0.0016000174615116184
2018-03-03 15:00:00,0.0015824257520334049
2018-03-03 15:30:00,0.0015656729088306693
2018-03-03 16:00:00,0.0016036826451581894
2018-03-03 16:30:00,0.001601935589479578
2018-03-03 17:00:00,0.0016679892005569035
2018-03-03 17:30:00,0.0018006804385909993
2018-03-03 18:00:00,0.002065688908354947
2018-03-03 18:30:00,0.0022943249177643874
2018-03-03 19:00:00,0.002443653923477478
2018-03-03 19:30:00,0.0025891045671595806
2018-03-03 20:00:00,0.002664249491879197
2018-03-03 20:30:00,0.0027279089156642075
2018-03-03 21:00:00,0.0023446223846584472
2018-03-03 21:30:00,0.001934118734249984
2018-03-03 22:00:00,0.0018832361228594981
2018-03-03 22:30:00,0.001828945261819055
2018-03-03 23:00:00,0.0018739938349917932
2018-03-03 23:30:00,0.0018985539295705896
2018-03-04 00:00:00,0.0018452190505216
2018-03-04 00:30:00,0.001820905775794932
2018-03-04 01:00:00,0.001829165732805505
2018-03-04 01:30:00,0.001832285099916611
2018-03-04 02:00:00,0.0018800054567507038
2018-03-04 02:30:00,0.0018935573251529208
2018-03-04 03:00:00,0.0019292707165987303
2018-03-04 03:30:00,0.0019616378889202044
2018-03-04 04:00:00,0.0019672353082470007
2018-03-04 04:30:00,0.00200450028759194
2018-03-04 05:00:00,0.0020306495616970095
2018-03-04 05:30:00,0.0020486226134898457
2018-03-04 06:00:00,0.0030939772660041986
2018-03-04 06:30:00,0.003487044261544332
2018-03-04 07:00:00,0.003153708277935937
2018-03-04 07:30:00,0.0029447767489935873
2018-03-04 08:00:00,0.0025572028191178306
2018-03-04 08:30:00,0.0024506729227088348
2018-03-04 09:00:00,0.0022015174411468127
2018-03-04 09:30:00,0.0020341553064908077
2018-03-04 10:00:00,0.001894913184822497
2018-03-04 10:30:00,0.0017514899279138074
2018-03-04 11:00:00,0.0016889951934450894
2018-03-04 11:30:00,0.0016095803634186855
2018-03-04 12:00:00,0.0015722476236465265
2018-03-04 12:30:00,0.001522399129269273
2018-03-04 13:00:00,0.0014549288000220758
2018-03-04 13:30:00,0.0014320591566394474
2018-03-04 14:00:00,0.0013798671759173435
2018-03-04 14:30:00,0.0013779370672460448
2018-03-04 15:00:00,0.0013651486648232898
2018-03-04 15:30:00,0.0013339248683205006
2018-03-04 16:00:00,0.0013585508567676625
2018-03-04 16:30:00,0.001364110771284005
2018-03-04 17:00:00,0.0014125688095403734
2018-03-04 17:30:00,0.001504564767140093
2018-03-04 18:00:00,0.0017349183145532513
2018-03-04 18:30:00,0.001925316086104817
2018-03-04 19:00:00,0.0020661193020999075
2018-03-04 19:30:00,0.002175734576885536
2018-03-04 20:00:00,0.0022345114299763286
2018-03-04 20:30:00,0.0022755772006389685
2018-03-04 21:00:00,0.001954448338299645
2018-03-04 21:30:00,0.0016148998825180243
2018-03-04 22:00:00,0.0015759248314047825
2018-03-04 22:30:00,0.0014915916187991788
2018-03-04 23:00:00,0.0015365324090502092
2018-03-04 23:30:00,0.0015655622609581626
2018-03-05 00:00:00,0.001672236533524066
2018-03-05 00:30:00,0.0017814733309458705
2018-03-05 01:00:00,0.0018297023901800839
2018-03-05 01:30:00,0.0018846353040578153
2018-03-05 02:00:00,0.0019029723782354457
2018-03-05 02:30:00,0.0019216063654958328
2018-03-05 03:00:00,0.0019388581008126212
2018-03-05 03:30:00,0.001959894305909228
2018-03-05 04:00:00,0.0019850536526967158
2018-03-05 04:30:00,0.0019882032754245877
2018-03-05 05:00:00,0.0020104062534380676
2018-03-05 05:30:00,0.0020385489689904225
2018-03-05 06:00:00,0.002867981352163946
2018-03-05 06:30:00,0.003842247763472707
2018-03-05 07:00:00,0.004154817238034666
2018-03-05 07:30:00,0.004510172755988744
2018-03-05 08:00:00,0.00478591024945145
2018-03-05 08:30:00,0.004781754160826387
2018-03-05 09:00:00,0.004819086640148473
2018-03-05 09:30:00,0.004772417676849094
2018-03-05 10:00:00,0.004792071022285266
2018-03-05 10:30:00,0.004811728404697564
2018-03-05 11:00:00,0.004787449596197169
2018-03-05 11:30:00,0.004788519915770491
2018-03-05 12:00:00,0.004787905079965789
2018-03-05 12:30:00,0.004817217650427542
2018-03-05 13:00:00,0.0048357030509215155
2018-03-05 13:30:00,0.004857014334703126
2018-03-05 14:00:00,0.0047552745492125785
2018-03-05 14:30:00,0.004664054732829186
2018-03-05 15:00:00,0.004608931777215153
2018-03-05 15:30:00,0.00450802174224754
2018-03-05 16:00:00,0.004291695905519228
2018-03-05 16:30:00,0.004108778607319308
2018-03-05 17:00:00,0.004014247038037855
2018-03-05 17:30:00,0.003974709848851266
2018-03-05 18:00:00,0.004175625158642645
2018-03-05 18:30:00,0.004293560771447342
2018-03-05 19:00:00,0.004374000125242638
2018-03-05 19:30:00,0.0039121080259943665
2018-03-05 20:00:00,0.0033643378111265594
2018-03-05 20:30:00,0.0030838294800507775
2018-03-05 21:00:00,0.002497605678523405
2018-03-05 21:30:00,0.0020987460563270666
2018-03-05 22:00:00,0.0019264933204329393
2018-03-05 22:30:00,0.00176191956425412
2018-03-05 23:00:00,0.001773032057276427
2018-03-05 23:30:00,0.0017837326051005822
2018-03-06 00:00:00,0.001792161463983232
2018-03-06 00:30:00,0.0018195504804338469
2018-03-06 01:00:00,0.0018528465479392257
2018-03-06 01:30:00,0.0018725852341825175
2018-03-06 02:00:00,0.0018974259203061873
2018-03-06 02:30:00,0.0019182515515191025
2018-03-06 03:00:00,0.0019325243457222578
2018-03-06 03:30:00,0.0019443442645500743
2018-03-06 04:00:00,0.0019679921327496117
2018-03-06 04:30:00,0.001985769890396348
2018-03-06 05:00:00,0.0020064811406190486
2018-03-06 05:30:00,0.0020569161251514376
2018-03-06 06:00:00,0.0029796309156499105
2018-03-06 06:30:00,0.0038789051996149767
2018-03-06 07:00:00,0.004288053728295736
2018-03-06 07:30:00,0.004611016723454608
2018-03-06 08:00:00,0.004851835328417951
2018-03-06 08:30:00,0.004832367553658502
2018-03-06 09:00:00,0.004861635630566187
2018-03-06 09:30:00,0.004807293851536552
2018-03-06 10:00:00,0.004828868103074792
2018-03-06 10:30:00,0.004853995457911696
2018-03-06 11:00:00,0.004837441772197804
2018-03-06 11:30:00,0.004843683197737432
2018-03-06 12:00:00,0.004854096946623317
2018-03-06 12:30:00,0.004862716628592487
2018-03-06 13:00:00,0.004877398329409614
2018-03-06 13:30:00,0.004885481874904351
2018-03-06 14:00:00,0.00477699226533247
2018-03-06 14:30:00,0.0046757558864239
2018-03-06 15:00:00,0.004621572461038401
2018-03-06 15:30:00,0.004520134233323571
2018-03-06 16:00:00,0.004310131646866026
2018-03-06 16:30:00,0.004134862682089539
2018-03-06 17:00:00,0.0040325031990596
2018-03-06 17:30:00,0.003988816823174871
2018-03-06 18:00:00,0.004190506147173652
2018-03-06 18:30:00,0.0043143861422101845
2018-03-06 19:00:00,0.004411323184953766
2018-03-06 19:30:00,0.003958967942605302
2018-03-06 20:00:00,0.003427705313788538
2018-03-06 20:30:00,0.0031248578761280004
2018-03-06 21:00:00,0.0025177601733075926
2018-03-06 21:30:00,0.002095051355005602
2018-03-06 22:00:00,0.0019423347186066343
2018-03-06 22:30:00,0.0018104925044008474
2018-03-06 23:00:00,0.0018285838873433314
2018-03-06 23:30:00,0.0018512639230731116
2018-03-07 00:00:00,0.0018742939168837668
2018-03-07 00:30:00,0.0018974032611498715
2018-03-07 01:00:00,0.0019437331184547339
2018-03-07 01:30:00,0.0019808628373953058
2018-03-07 02:00:00,0.002015306708370604
2018-03-07 02:30:00,0.002039772650248157
2018-03-07 03:00:00,0.0020543241260289873
2018-03-07 03:30:00,0.0020764145896111073
2018-03-07 04:00:00,0.0021125546850925157
2018-03-07 04:30:00,0.0021492531855295638
2018-03-07 05:00:00,0.002183381608058606
2018-03-07 05:30:00,0.0022180846702644797
2018-03-07 06:00:00,0.003131468142378767
2018-03-07 06:30:00,0.004231979131524791
2018-03-07 07:00:00,0.004552338537532983
2018-03-07 07:30:00,0.004857200252646613
2018-03-07 08:00:00,0.0050529680706116
2018-03-07 08:30:00,0.004966811230006043
2018-03-07 09:00:00,0.004954484909420414
2018-03-07 09:30:00,0.004882346229663707
2018-03-07 10:00:00,0.004913032413808318
2018-03-07 10:30:00,0.0049368138060784045
2018-03-07 11:00:00,0.0049252273373323234
2018-03-07 11:30:00,0.004931564912357083
2018-03-07 12:00:00,0.0049480973713900605
2018-03-07 12:30:00,0.004978956537791219
2018-03-07 13:00:00,0.005011620840237178
2018-03-07 13:30:00,0.005026527135833571
2018-03-07 14:00:00,0.004919457152790707
2018-03-07 14:30:00,0.004810239411632547
2018-03-07 15:00:00,0.004742592844502895
2018-03-07 15:30:00,0.004653434664077462
2018-03-07 16:00:00,0.004444498881117261
2018-03-07 16:30:00,0.004300252688795867
2018-03-07 17:00:00,0.004206173304248781
2018-03-07 17:30:00,0.004157892155000049
2018-03-07 18:00:00,0.004359382364918332
2018-03-07 18:30:00,0.004471781807571638
2018-03-07 19:00:00,0.004565267626403283
2018-03-07 19:30:00,0.004108149533577304
2018-03-07 20:00:00,0.0035635044157222
2018-03-07 20:30:00,0.003273730703538944
2018-03-07 21:00:00,0.0026258835900774056
2018-03-07 21:30:00,0.0021713105719524638
2018-03-07 22:00:00,0.00200048974714911
2018-03-07 22:30:00,0.0018545852692155138
2018-03-07 23:00:00,0.0018905000753841289
2018-03-07 23:30:00,0.0019206537259469768
2018-03-08 00:00:00,0.0019490056263159693
2018-03-08 00:30:00,0.001998293328278584
2018-03-08 01:00:00,0.0020620205558991595
2018-03-08 01:30:00,0.0020970750086613072
2018-03-08 02:00:00,0.0021350748044777234
2018-03-08 02:30:00,0.002159215965114753
2018-03-08 03:00:00,0.0021873611115344515
2018-03-08 03:30:00,0.002213207265163368
2018-03-08 04:00:00,0.002239593114751044
2018-03-08 04:30:00,0.0022738090919128227
2018-03-08 05:00:00,0.002302451915012902
2018-03-08 05:30:00,0.002363479403997665
2018-03-08 06:00:00,0.0033312142049775825
2018-03-08 06:30:00,0.004259834700872112
2018-03-08 07:00:00,0.004638685289649806
2018-03-08 07:30:00,0.004949102231178471
2018-03-08 08:00:00,0.005225208391718934
2018-03-08 08:30:00,0.005179370177334438
2018-03-08 09:00:00,0.005212540621088135
2018-03-08 09:30:00,0.005161689914831542
2018-03-08 10:00:00,0.005209661866435759
2018-03-08 10:30:00,0.00525902496869439
2018-03-08 11:00:00,0.005268851359258231
2018-03-08 11:30:00,0.0052937191755977955
2018-03-08 12:00:00,0.005318921409830571
2018-03-08 12:30:00,0.005339126214887115
2018-03-08 13:00:00,0.005367378623328376
2018-03-08 13:30:00,0.0053814034690624225
2018-03-08 14:00:00,0.005261842040087906
2018-03-08 14:30:00,0.0051341812649809155
2018-03-08 15:00:00,0.005071150350629419
2018-03-08 15:30:00,0.0049892394105156244
2018-03-08 16:00:00,0.004779953452432821
2018-03-08 16:30:00,0.0046037370571089305
2018-03-08 17:00:00,0.004498939978441245
2018-03-08 17:30:00,0.004443297381524041
2018-03-08 18:00:00,0.004622820841644687
2018-03-08 18:30:00,0.0047399390753048954
2018-03-08 19:00:00,0.004813883846090002
2018-03-08 19:30:00,0.004336443745674812
2018-03-08 20:00:00,0.003781485239028462
2018-03-08 20:30:00,0.003487133118427432
2018-03-08 21:00:00,0.002759427107565718
2018-03-08 21:30:00,0.0022691930484595585
2018-03-08 22:00:00,0.002115664632592663
2018-03-08 22:30:00,0.002007641098425689
2018-03-08 23:00:00,0.0020483034753342273
2018-03-08 23:30:00,0.0020676971520480238
2018-03-09 00:00:00,0.0020952732584674514
2018-03-09 00:30:00,0.002120555320647476
2018-03-09 01:00:00,0.002168740320411076
2018-03-09 01:30:00,0.0022008509494110457
2018-03-09 02:00:00,0.002222947880836635
2018-03-09 02:30:00,0.002269262241362178
2018-03-09 03:00:00,0.0022943224000803526
2018-03-09 03:30:00,0.002314283684319021
2018-03-09 04:00:00,0.002361663459274853
2018-03-09 04:30:00,0.002375135543138165
2018-03-09 05:00:00,0.0024015737431904325
2018-03-09 05:30:00,0.0024612356490362427
2018-03-09 06:00:00,0.003463389621642907
2018-03-09 06:30:00,0.004402629665389015
2018-03-09 07:00:00,0.004766682088758787
2018-03-09 07:30:00,0.005081633509459649
2018-03-09 08:00:00,0.005327909107752316
2018-03-09 08:30:00,0.005245136555390037
2018-03-09 09:00:00,0.0052512233169948914
2018-03-09 09:30:00,0.005179758378167637
2018-03-09 10:00:00,0.005212418773862507
2018-03-09 10:30:00,0.005224119015881966
2018-03-09 11:00:00,0.00519762720652309
2018-03-09 11:30:00,0.005186802727872726
2018-03-09 12:00:00,0.005168429320909969
2018-03-09 12:30:00,0.005174311281941074
2018-03-09 13:00:00,0.005192006173056379
2018-03-09 13:30:00,0.0051871660123156485
2018-03-09 14:00:00,0.005059041071770952
2018-03-09 14:30:00,0.004933565602998057
2018-03-09 15:00:00,0.004865190036115215
2018-03-09 15:30:00,0.004774731515294015
2018-03-09 16:00:00,0.0045653828321520614
2018-03-09 16:30:00,0.00441164653371889
2018-03-09 17:00:00,0.004317893493112764
2018-03-09 17:30:00,0.004281615445909572
2018-03-09 18:00:00,0.004491473308943446
2018-03-09 18:30:00,0.004646391573214391
2018-03-09 19:00:00,0.004757847665704765
2018-03-09 19:30:00,0.004303153104212613
2018-03-09 20:00:00,0.0037546408670879857
2018-03-09 20:30:00,0.0034535048902628054
2018-03-09 21:00:00,0.002738137701590205
2018-03-09 21:30:00,0.0022613545430747875
2018-03-09 22:00:00,0.002080200752316398
2018-03-09 22:30:00,0.0019485235766399445
2018-03-09 23:00:00,0.00200063086768011
2018-03-09 23:30:00,0.0020200520218765653
2018-03-10 00:00:00,0.002016551399267528
2018-03-10 00:30:00,0.0019744360582206817
2018-03-10 01:00:00,0.002005525419077667
2018-03-10 01:30:00,0.0020080890725505496
2018-03-10 02:00:00,0.002014215769833201
2018-03-10 02:30:00,0.0020613413455181813
2018-03-10 03:00:00,0.0020622660300925787
2018-03-10 03:30:00,0.002105722645604936
2018-03-10 04:00:00,0.002141365541897763
2018-03-10 04:30:00,0.002139340021683204
2018-03-10 05:00:00,0.0021770714236998127
2018-03-10 05:30:00,0.0021773965522071
2018-03-10 06:00:00,0.0032298267216185617
2018-03-10 06:30:00,0.0037231738102173947
2018-03-10 07:00:00,0.003443702938597443
2018-03-10 07:30:00,0.003317846518185035
2018-03-10 08:00:00,0.0028812682126173
2018-03-10 08:30:00,0.0026221068035747284
2018-03-10 09:00:00,0.0023624687274909663
2018-03-10 09:30:00,0.002134598354478259
2018-03-10 10:00:00,0.0020064179814764447
2018-03-10 10:30:00,0.001844186756658876
2018-03-10 11:00:00,0.0017887945390781261
2018-03-10 11:30:00,0.0017121982129206371
2018-03-10 12:00:00,0.0016260701520481016
2018-03-10 12:30:00,0.001598040819094016
2018-03-10 13:00:00,0.0015302413243634063
2018-03-10 13:30:00,0.0015181322191383205
2018-03-10 14:00:00,0.00148016610819796
2018-03-10 14:30:00,0.0014427634375813098
2018-03-10 15:00:00,0.0014382955034026607
2018-03-10 15:30:00,0.0014108572618883259
2018-03-10 16:00:00,0.0014558753624025712
2018-03-10 16:30:00,0.0014650337419385554
2018-03-10 17:00:00,0.0014955123907836546
2018-03-10 17:30:00,0.0015890047208671145
2018-03-10 18:00:00,0.0018300914157718476
2018-03-10 18:30:00,0.0021077364455662283
2018-03-10 19:00:00,0.0023215276255964075
2018-03-10 19:30:00,0.0024632214940230766
2018-03-10 20:00:00,0.002581425457219236
2018-03-10 20:30:00,0.002643417740089576
2018-03-10 21:00:00,0.0023223651028048318
2018-03-10 21:30:00,0.0019564212041911946
2018-03-10 22:00:00,0.0018754125499455554
2018-03-10 22:30:00,0.001812128608348534
2018-03-10 23:00:00,0.0018356205103629334
2018-03-10 23:30:00,0.0018798868651509829
2018-03-11 00:00:00,0.0018444054044948184
2018-03-11 00:30:00,0.0018004097007405387
2018-03-11 01:00:00,0.001842900567383719
2018-03-11 01:30:00,0.001848349443352446
2018-03-11 02:00:00,0.0018985620469311854
2018-03-11 02:30:00,0.0019168646982908881
2018-03-11 03:00:00,0.0019546730633039477
2018-03-11 03:30:00,0.0020020550086770512
2018-03-11 04:00:00,0.0020093552505784625
2018-03-11 04:30:00,0.002061137022436232
2018-03-11 05:00:00,0.003097077186176551
2018-03-11 05:30:00,0.0037461186802626566
2018-03-11 06:00:00,0.0035952914789153185
2018-03-11 06:30:00,0.0032912482281548137
2018-03-11 07:00:00,0.0030209557473180907
2018-03-11 07:30:00,0.0028344549599777042
2018-03-11 08:00:00,0.0025694811734817565
2018-03-11 08:30:00,0.0023556038712942394
2018-03-11 09:00:00,0.002098749876261465
2018-03-11 09:30:00,0.0019697771273221305
2018-03-11 10:00:00,0.0017941906304988074
2018-03-11 10:30:00,0.0017105282504635134
2018-03-11 11:00:00,0.001621172345024637
2018-03-11 11:30:00,0.0015016018002975795
2018-03-11 12:00:00,0.0014722053215041058
2018-03-11 12:30:00,0.0013800232289191727
2018-03-11 13:00:00,0.0013672916046122432
2018-03-11 13:30:00,0.0013423367979484321
2018-03-11 14:00:00,0.0012761314312954757
2018-03-11 14:30:00,0.0013040942192560135
2018-03-11 15:00:00,0.0012857085711398444
2018-03-11 15:30:00,0.0013103616463945563
2018-03-11 16:00:00,0.0013418375585676156
2018-03-11 16:30:00,0.0013400401057999576
2018-03-11 17:00:00,0.0013993537464903653
2018-03-11 17:30:00,0.001417986822175498
2018-03-11 18:00:00,0.0017051834242987878
2018-03-11 18:30:00,0.0019103557905267056
2018-03-11 19:00:00,0.0020448482144461667
2018-03-11 19:30:00,0.002230875460146233
2018-03-11 20:00:00,0.001916574079418219
2018-03-11 20:30:00,0.0016031856630113355
2018-03-11 21:00:00,0.0015573562605209618
2018-03-11 21:30:00,0.0014961525770620895
2018-03-11 22:00:00,0.0015533398599514984
2018-03-11 22:30:00,0.0015912213680266117
2018-03-11 23:00:00,0.0016018194287472014
2018-03-11 23:30:00,0.0016407713866206735
2018-03-12 00:00:00,0.0017789140617158767
2018-03-12 00:30:00,0.0019066151197674281
2018-03-12 01:00:00,0.0019741032464362525
2018-03-12 01:30:00,0.002023967758492971
2018-03-12 02:00:00,0.0020586041020719155
2018-03-12 02:30:00,0.0020779088784942668
2018-03-12 03:00:00,0.002095932240559458
2018-03-12 03:30:00,0.0021246622710255113
2018-03-12 04:00:00,0.0021476689111463235
2018-03-12 04:30:00,0.0022003797084130337
2018-03-12 05:00:00,0.003200974583476808
2018-03-12 05:30:00,0.004335739618903556
2018-03-12 06:00:00,0.00484762467550268
2018-03-12 06:30:00,0.005088858437881736
2018-03-12 07:00:00,0.005367491398209809
2018-03-12 07:30:00,0.005257153114022662
2018-03-12 08:00:00,0.005222955107915891
2018-03-12 08:30:00,0.005095861115575209
2018-03-12 09:00:00,0.005040816598841372
2018-03-12 09:30:00,0.005003750429718513
2018-03-12 10:00:00,0.004923375841174602
2018-03-12 10:30:00,0.004868661444907775
2018-03-12 11:00:00,0.004827689349454579
2018-03-12 11:30:00,0.004830600573549337
2018-03-12 12:00:00,0.004845166634534232
2018-03-12 12:30:00,0.004857011296118945
2018-03-12 13:00:00,0.0047535020562435425
2018-03-12 13:30:00,0.004642793585686549
2018-03-12 14:00:00,0.004585941675673949
2018-03-12 14:30:00,0.004482876242722246
2018-03-12 15:00:00,0.0042806007324267484
2018-03-12 15:30:00,0.004096077585895908
2018-03-12 16:00:00,0.003980566242366911
2018-03-12 16:30:00,0.003891836285269167
2018-03-12 17:00:00,0.003852909851502809
2018-03-12 17:30:00,0.0038264946144652753
2018-03-12 18:00:00,0.003983103156299007
2018-03-12 18:30:00,0.0036286986283766576
2018-03-12 19:00:00,0.0031695718577741477
2018-03-12 19:30:00,0.0029389113265420926
2018-03-12 20:00:00,0.0023794379178873363
2018-03-12 20:30:00,0.001997768043890509
2018-03-12 21:00:00,0.0018381007764042404
2018-03-12 21:30:00,0.0017029730279410332
2018-03-12 22:00:00,0.001719235530473766
2018-03-12 22:30:00,0.0017309948078430134
2018-03-12 23:00:00,0.001753699282471272
2018-03-12 23:30:00,0.0017697009876646481
2018-03-13 00:00:00,0.001802700793212452
2018-03-13 00:30:00,0.0018416299617045719
2018-03-13 01:00:00,0.0018634607999726614
2018-03-13 01:30:00,0.0018814722247428592
2018-03-13 02:00:00,0.001899221246064919
2018-03-13 02:30:00,0.0019104181249107466
2018-03-13 03:00:00,0.0019443271616619738
2018-03-13 03:30:00,0.001969007714399344
2018-03-13 04:00:00,0.0019999160624558773
2018-03-13 04:30:00,0.0020404435262268124
2018-03-13 05:00:00,0.003001992594574291
2018-03-13 05:30:00,0.004209976526433826
2018-03-13 06:00:00,0.004684691494331126
2018-03-13 06:30:00,0.004934787895188737
2018-03-13 07:00:00,0.005186253265036245
2018-03-13 07:30:00,0.005058165351810201
2018-03-13 08:00:00,0.005004841758931025
2018-03-13 08:30:00,0.004882904287352583
2018-03-13 09:00:00,0.0048489235834230475
2018-03-13 09:30:00,0.004845559349835358
2018-03-13 10:00:00,0.00482394906937041
2018-03-13 10:30:00,0.0048559626807183395
2018-03-13 11:00:00,0.004896656875944079
2018-03-13 11:30:00,0.004943345199365521
2018-03-13 12:00:00,0.004992281250321789
2018-03-13 12:30:00,0.005027837546965479
2018-03-13 13:00:00,0.004941068692097673
2018-03-13 13:30:00,0.00484228918213222
2018-03-13 14:00:00,0.0047999137382795445
2018-03-13 14:30:00,0.0047067269161312365
2018-03-13 15:00:00,0.0044941470025719995
2018-03-13 15:30:00,0.004294728716389542
2018-03-13 16:00:00,0.004162752066537951
2018-03-13 16:30:00,0.004038645957430062
2018-03-13 17:00:00,0.003954423783372074
2018-03-13 17:30:00,0.00385845248949767
2018-03-13 18:00:00,0.003949026042434266
2018-03-13 18:30:00,0.0035382037313619846
2018-03-13 19:00:00,0.0030301402152696794
2018-03-13 19:30:00,0.002776755284978813
2018-03-13 20:00:00,0.0022775083945189034
2018-03-13 20:30:00,0.0019545210906865896
2018-03-13 21:00:00,0.0017931831662096707
2018-03-13 21:30:00,0.0016492232953347478
2018-03-13 22:00:00,0.0016443662053392987
2018-03-13 22:30:00,0.0016444739448526614
2018-03-13 23:00:00,0.001651843162614965
2018-03-13 23:30:00,0.0016659339890340687
2018-03-14 00:00:00,0.0017030759491280527
2018-03-14 00:30:00,0.0017263812820737842
2018-03-14 01:00:00,0.001738472068977098
2018-03-14 01:30:00,0.0017636354093323655
2018-03-14 02:00:00,0.0017642247644382987
2018-03-14 02:30:00,0.0017846647559103938
2018-03-14 03:00:00,0.0018099922232197407
2018-03-14 03:30:00,0.0018153650911756159
2018-03-14 04:00:00,0.0018500438447080479
2018-03-14 04:30:00,0.0018741440712753345
2018-03-14 05:00:00,0.0026849942967529174
2018-03-14 05:30:00,0.0038044833711135704
2018-03-14 06:00:00,0.004321967105881506
2018-03-14 06:30:00,0.004605978360208634
2018-03-14 07:00:00,0.004908164601951547
2018-03-14 07:30:00,0.004845946291826541
2018-03-14 08:00:00,0.0048675804034731315
2018-03-14 08:30:00,0.004804930701211222
2018-03-14 09:00:00,0.004829540064262082
2018-03-14 09:30:00,0.0048460279429242996
2018-03-14 10:00:00,0.004828053675697792
2018-03-14 10:30:00,0.004824032760660403
2018-03-14 11:00:00,0.004833948008107344
2018-03-14 11:30:00,0.004856967323465022
2018-03-14 12:00:00,0.004889600198268888
2018-03-14 12:30:00,0.0049093146626554285
2018-03-14 13:00:00,0.004815784827761516
2018-03-14 13:30:00,0.004720939937042732
2018-03-14 14:00:00,0.0046719747590866795
2018-03-14 14:30:00,0.004562873829786078
2018-03-14 15:00:00,0.004332424263112823
2018-03-14 15:30:00,0.00415269713103541
2018-03-14 16:00:00,0.004035194993968199
2018-03-14 16:30:00,0.003945115948902766
2018-03-14 17:00:00,0.0039004114736842692
2018-03-14 17:30:00,0.0038647408828670566
2018-03-14 18:00:00,0.0039936743472537735
2018-03-14 18:30:00,0.0036142641380867667
2018-03-14 19:00:00,0.003141836876810438
2018-03-14 19:30:00,0.0029096307480309226
2018-03-14 20:00:00,0.002357494044287741
2018-03-14 20:30:00,0.0019864086441993833
2018-03-14 21:00:00,0.0018324341641748252
2018-03-14 21:30:00,0.0016969885363980178
2018-03-14 22:00:00,0.0017045524839979303
2018-03-14 22:30:00,0.001713198862099541
2018-03-14 23:00:00,0.0017313997642975506
2018-03-14 23:30:00,0.001746475178807748
2018-03-15 00:00:00,0.001784953464815864
2018-03-15 00:30:00,0.0018074915986644262
2018-03-15 01:00:00,0.0018274710275914853
2018-03-15 01:30:00,0.0018485710429558774
2018-03-15 02:00:00,0.0018511935147368206
2018-03-15 02:30:00,0.0018590585860289964
2018-03-15 03:00:00,0.001882718217890146
2018-03-15 03:30:00,0.0018975678655957506
2018-03-15 04:00:00,0.001920003078257293
2018-03-15 04:30:00,0.0019647669360923423
2018-03-15 05:00:00,0.0028490304405735583
2018-03-15 05:30:00,0.003990460349949626
2018-03-15 06:00:00,0.00450649125080429
2018-03-15 06:30:00,0.004782685443469289
2018-03-15 07:00:00,0.005074061010415686
2018-03-15 07:30:00,0.004996960626551038
2018-03-15 08:00:00,0.005009772382663636
2018-03-15 08:30:00,0.004943638379330571
2018-03-15 09:00:00,0.004953052564246187
2018-03-15 09:30:00,0.004971377310453714
2018-03-15 10:00:00,0.004944503290613307
2018-03-15 10:30:00,0.004931719142208405
2018-03-15 11:00:00,0.004937817754291562
2018-03-15 11:30:00,0.004963203692642205
2018-03-15 12:00:00,0.0050045102059886135
2018-03-15 12:30:00,0.005041253286796421
2018-03-15 13:00:00,0.004950862786852512
2018-03-15 13:30:00,0.004845375124817344
2018-03-15 14:00:00,0.004793657944577578
2018-03-15 14:30:00,0.004698021763129911
2018-03-15 15:00:00,0.00446551880808433
2018-03-15 15:30:00,0.004267652630701148
2018-03-15 16:00:00,0.004125261537430147
2018-03-15 16:30:00,0.004011009122735375
2018-03-15 17:00:00,0.003945252598374188
2018-03-15 17:30:00,0.0038900222939218993
2018-03-15 18:00:00,0.004010585674325683
2018-03-15 18:30:00,0.0036339666217699686
2018-03-15 19:00:00,0.003153517932341216
2018-03-15 19:30:00,0.0029355775222045513
2018-03-15 20:00:00,0.00239072738673397
2018-03-15 20:30:00,0.002024579642530184
2018-03-15 21:00:00,0.001863245147312554
2018-03-15 21:30:00,0.0017239419935105654
2018-03-15 22:00:00,0.00174067669202491
2018-03-15 22:30:00,0.0017546277001633766
2018-03-15 23:00:00,0.0017689016229835135
2018-03-15 23:30:00,0.0017957537216094768
2018-03-16 00:00:00,0.0018335198068940854
2018-03-16 00:30:00,0.001862893539714553
2018-03-16 01:00:00,0.0018911838870497226
2018-03-16 01:30:00,0.0019081006401648103
2018-03-16 02:00:00,0.0019389879785821542
2018-03-16 02:30:00,0.001953185068630876
2018-03-16 03:00:00,0.0019713647875563146
2018-03-16 03:30:00,0.002005891221204625
2018-03-16 04:00:00,0.0020286082408447134
2018-03-16 04:30:00,0.002088329312265348
2018-03-16 05:00:00,0.0029979284882331978
2018-03-16 05:30:00,0.0041906352870013115
2018-03-16 06:00:00,0.004695170095285086
2018-03-16 06:30:00,0.004959084067027305
2018-03-16 07:00:00,0.005233924700665036
2018-03-16 07:30:00,0.005111260920650823
2018-03-16 08:00:00,0.005091892333960686
2018-03-16 08:30:00,0.004992677134432131
2018-03-16 09:00:00,0.005001055379184006
2018-03-16 09:30:00,0.00501388627837694
2018-03-16 10:00:00,0.005004938038641193
2018-03-16 10:30:00,0.005032427241553065
2018-03-16 11:00:00,0.005063378780913304
2018-03-16 11:30:00,0.005082555112041521
2018-03-16 12:00:00,0.005115383584849904
2018-03-16 12:30:00,0.005119837715174706
2018-03-16 13:00:00,0.004998231753130331
2018-03-16 13:30:00,0.00485866671678035
2018-03-16 14:00:00,0.00477530355047012
2018-03-16 14:30:00,0.004669348380554647
2018-03-16 15:00:00,0.004434462958470019
2018-03-16 15:30:00,0.004244718395700517
2018-03-16 16:00:00,0.004111552487409119
2018-03-16 16:30:00,0.003999694216598317
2018-03-16 17:00:00,0.003939275876925005
2018-03-16 17:30:00,0.003897233809165247
2018-03-16 18:00:00,0.00401536675630828
2018-03-16 18:30:00,0.0036131126449074863
2018-03-16 19:00:00,0.0031131431357211666
2018-03-16 19:30:00,0.0028724547123857745
2018-03-16 20:00:00,0.002346879097720778
2018-03-16 20:30:00,0.0019928675889579724
2018-03-16 21:00:00,0.0018265508574850124
2018-03-16 21:30:00,0.0016817834177516684
2018-03-16 22:00:00,0.0016968238017271023
2018-03-16 22:30:00,0.0017108196072780548
2018-03-16 23:00:00,0.0017185381319960518
2018-03-16 23:30:00,0.001750094436424852
2018-03-17 00:00:00,0.0017064944865558779
2018-03-17 00:30:00,0.0016341717120061925
2018-03-17 01:00:00,0.0016301865220370955
2018-03-17 01:30:00,0.0015973889559706602
2018-03-17 02:00:00,0.0016042434809811737
2018-03-17 02:30:00,0.0016101936365229522
2018-03-17 03:00:00,0.0016215687934434697
2018-03-17 03:30:00,0.001637342170739872
2018-03-17 04:00:00,0.001629180316589976
2018-03-17 04:30:00,0.001641978268848726
2018-03-17 05:00:00,0.002409556277465348
2018-03-17 05:30:00,0.0030713917736507695
2018-03-17 06:00:00,0.002914817958493384
2018-03-17 06:30:00,0.0027407473679092456
2018-03-17 07:00:00,0.002484884862894488
2018-03-17 07:30:00,0.002203619533682714
2018-03-17 08:00:00,0.0020406801451177637
2018-03-17 08:30:00,0.0019072001340388182
2018-03-17 09:00:00,0.0018144882860062304
2018-03-17 09:30:00,0.0017466299729675596
2018-03-17 10:00:00,0.0016587234287743198
2018-03-17 10:30:00,0.0016066654496145654
2018-03-17 11:00:00,0.0015358500732683602
2018-03-17 11:30:00,0.0014863886076989805
2018-03-17 12:00:00,0.001453837297176182
2018-03-17 12:30:00,0.0013880417053041064
2018-03-17 13:00:00,0.001379764558588742
2018-03-17 13:30:00,0.0013605650039957185
2018-03-17 14:00:00,0.0013451856008424587
2018-03-17 14:30:00,0.0013499369047000895
2018-03-17 15:00:00,0.0013348528085208055
2018-03-17 15:30:00,0.0013399491653162772
2018-03-17 16:00:00,0.0013470369233667982
2018-03-17 16:30:00,0.0013807233621226493
2018-03-17 17:00:00,0.0014207456829777893
2018-03-17 17:30:00,0.0014572553137038621
2018-03-17 18:00:00,0.0016942073202978291
2018-03-17 18:30:00,0.0018889916787887039
2018-03-17 19:00:00,0.002045339770549842
2018-03-17 19:30:00,0.0021942040899250803
2018-03-17 20:00:00,0.0019456432592871338
2018-03-17 20:30:00,0.0017049980272554467
2018-03-17 21:00:00,0.0016766546783305045
2018-03-17 21:30:00,0.001608154442679582
2018-03-17 22:00:00,0.001611856610236461
2018-03-17 22:30:00,0.001612556873664974
2018-03-17 23:00:00,0.0015936758495107323
2018-03-17 23:30:00,0.0015902689021111377
2018-03-18 00:00:00,0.0015570878667211544
2018-03-18 00:30:00,0.0015247503857079557
2018-03-18 01:00:00,0.0015464177481471471
2018-03-18 01:30:00,0.0015428734567426053
2018-03-18 02:00:00,0.001553027970989568
2018-03-18 02:30:00,0.0015652871822731586
2018-03-18 03:00:00,0.0015749846066427202
2018-03-18 03:30:00,0.0015956848745540268
2018-03-18 04:00:00,0.0016195210481560493
2018-03-18 04:30:00,0.0016467119489181111
2018-03-18 05:00:00,0.0026201698797931965
2018-03-18 05:30:00,0.0031240769599936748
2018-03-18 06:00:00,0.002917720414102365
2018-03-18 06:30:00,0.0026776919712509246
2018-03-18 07:00:00,0.00241618112892018
2018-03-18 07:30:00,0.0023852803773240974
2018-03-18 08:00:00,0.0021418197234160203
2018-03-18 08:30:00,0.001942831700753488
2018-03-18 09:00:00,0.0018214159974871426
2018-03-18 09:30:00,0.0017016554544321285
2018-03-18 10:00:00,0.0015824434626383413
2018-03-18 10:30:00,0.0015254853324044686
2018-03-18 11:00:00,0.0014436101173589658
2018-03-18 11:30:00,0.0013813915033755422
2018-03-18 12:00:00,0.0013426460390012912
2018-03-18 12:30:00,0.0012804239523502331
2018-03-18 13:00:00,0.001258072604612066
2018-03-18 13:30:00,0.0012429718830364812
2018-03-18 14:00:00,0.0012224040973954336
2018-03-18 14:30:00,0.00121758876622829
2018-03-18 15:00:00,0.0012142441532127363
2018-03-18 15:30:00,0.001235327152505719
2018-03-18 16:00:00,0.0012429200100636897
2018-03-18 16:30:00,0.0012771445820778638
2018-03-18 17:00:00,0.0013096523106218478
2018-03-18 17:30:00,0.0013315593305361709
2018-03-18 18:00:00,0.00153542575669176
2018-03-18 18:30:00,0.0017475544839085754
2018-03-18 19:00:00,0.001919701867748339
2018-03-18 19:30:00,0.002060180519544632
2018-03-18 20:00:00,0.0017851400338845318
2018-03-18 20:30:00,0.0015134513236169807
2018-03-18 21:00:00,0.001488537928514712
2018-03-18 21:30:00,0.0014258947375046158
2018-03-18 22:00:00,0.001455593338382298
2018-03-18 22:30:00,0.0014907557042911903
2018-03-18 23:00:00,0.0014945538042914746
2018-03-18 23:30:00,0.001510898478822111
2018-03-19 00:00:00,0.0016663036110954243
2018-03-19 00:30:00,0.0018026408028790645
2018-03-19 01:00:00,0.001860720214083797
2018-03-19 01:30:00,0.001924106512559348
2018-03-19 02:00:00,0.0019335484354076954
2018-03-19 02:30:00,0.001960544128840349
2018-03-19 03:00:00,0.0019832302417384894
2018-03-19 03:30:00,0.0019981546820232736
2018-03-19 04:00:00,0.0020234561043253616
2018-03-19 04:30:00,0.002063847179074948
2018-03-19 05:00:00,0.0029861006690865125
2018-03-19 05:30:00,0.004299556418935133
2018-03-19 06:00:00,0.0047276200473213
2018-03-19 06:30:00,0.004952832353709809
2018-03-19 07:00:00,0.005172542348456365
2018-03-19 07:30:00,0.005063566522007298
2018-03-19 08:00:00,0.005043710503006303
2018-03-19 08:30:00,0.0049388760497532
2018-03-19 09:00:00,0.004901375232867527
2018-03-19 09:30:00,0.004886296258873005
2018-03-19 10:00:00,0.004824443316791501
2018-03-19 10:30:00,0.004790640413444856
2018-03-19 11:00:00,0.004763273405025376
2018-03-19 11:30:00,0.004765790264301882
2018-03-19 12:00:00,0.004773593391885126
2018-03-19 12:30:00,0.0047838228723446515
2018-03-19 13:00:00,0.004672903089962092
2018-03-19 13:30:00,0.004578114890542445
2018-03-19 14:00:00,0.004529239828311509
2018-03-19 14:30:00,0.00444029447900373
2018-03-19 15:00:00,0.004243642736900706
2018-03-19 15:30:00,0.004064263696345313
2018-03-19 16:00:00,0.003969561358632931
2018-03-19 16:30:00,0.003901298479814831
2018-03-19 17:00:00,0.003872661169574622
2018-03-19 17:30:00,0.003856527763461204
2018-03-19 18:00:00,0.003950765501652426
2018-03-19 18:30:00,0.0036222477575703184
2018-03-19 19:00:00,0.0031600952516577996
2018-03-19 19:30:00,0.002938842697947964
2018-03-19 20:00:00,0.0023683613235667015
2018-03-19 20:30:00,0.001985902285849916
2018-03-19 21:00:00,0.0018305440779980149
2018-03-19 21:30:00,0.0016975340490750647
2018-03-19 22:00:00,0.0017048754854962916
2018-03-19 22:30:00,0.0017104013678698152
2018-03-19 23:00:00,0.001718915871418003
2018-03-19 23:30:00,0.0017292802650151309
2018-03-20 00:00:00,0.0017524870176083857
2018-03-20 00:30:00,0.0017700041949574921
2018-03-20 01:00:00,0.001781599996497842
2018-03-20 01:30:00,0.0017946352621810695
2018-03-20 02:00:00,0.0017996725836267537
2018-03-20 02:30:00,0.0018100456154846226
2018-03-20 03:00:00,0.001829281025370973
2018-03-20 03:30:00,0.0018392473644404874
2018-03-20 04:00:00,0.0018620075319759355
2018-03-20 04:30:00,0.0018847492943729204
2018-03-20 05:00:00,0.002704650810998306
2018-03-20 05:30:00,0.003983054061460323
2018-03-20 06:00:00,0.004351054343622121
2018-03-20 06:30:00,0.004610798900377229
2018-03-20 07:00:00,0.004889688621068533
2018-03-20 07:30:00,0.004834482451656305
2018-03-20 08:00:00,0.004852551696342619
2018-03-20 08:30:00,0.00477521221931133
2018-03-20 09:00:00,0.004768084221724594
2018-03-20 09:30:00,0.004783670899727292
2018-03-20 10:00:00,0.004754481044658076
2018-03-20 10:30:00,0.004752764548454649
2018-03-20 11:00:00,0.0047666258749514525
2018-03-20 11:30:00,0.004808964899202311
2018-03-20 12:00:00,0.004859738425420726
2018-03-20 12:30:00,0.004888890775679489
2018-03-20 13:00:00,0.004799843894251744
2018-03-20 13:30:00,0.004703622394674268
2018-03-20 14:00:00,0.00465169607302621
2018-03-20 14:30:00,0.004558514807146118
2018-03-20 15:00:00,0.004356987439684145
2018-03-20 15:30:00,0.004170095629968104
2018-03-20 16:00:00,0.004058074317411859
2018-03-20 16:30:00,0.003967741767609102
2018-03-20 17:00:00,0.003923471983561763
2018-03-20 17:30:00,0.003873104672639903
2018-03-20 18:00:00,0.003927516165472302
2018-03-20 18:30:00,0.0035931541388029256
2018-03-20 19:00:00,0.0031283025453797755
2018-03-20 19:30:00,0.0028714354844350254
2018-03-20 20:00:00,0.002309448993029815
2018-03-20 20:30:00,0.0019370319985369776
2018-03-20 21:00:00,0.001796005837279747
2018-03-20 21:30:00,0.001671041154507553
2018-03-20 22:00:00,0.001671405697792493
2018-03-20 22:30:00,0.0016709986143290294
2018-03-20 23:00:00,0.0016765082619813615
2018-03-20 23:30:00,0.0016868312006086015
2018-03-21 00:00:00,0.0017129353734427677
2018-03-21 00:30:00,0.0017315213944814518
2018-03-21 01:00:00,0.0017498332050020406
2018-03-21 01:30:00,0.001768976893054493
2018-03-21 02:00:00,0.0017779179704132432
2018-03-21 02:30:00,0.0017875160330801105
2018-03-21 03:00:00,0.0018089102702098425
2018-03-21 03:30:00,0.001826185228991437
2018-03-21 04:00:00,0.0018451380939573693
2018-03-21 04:30:00,0.0018810059322962262
2018-03-21 05:00:00,0.002658992307163899
2018-03-21 05:30:00,0.0038675421970311794
2018-03-21 06:00:00,0.004304648000812607
2018-03-21 06:30:00,0.004564089957991707
2018-03-21 07:00:00,0.004849384666868229
2018-03-21 07:30:00,0.0047907858314020545
2018-03-21 08:00:00,0.004831555687373883
2018-03-21 08:30:00,0.004774568820815334
2018-03-21 09:00:00,0.0047920863454312046
2018-03-21 09:30:00,0.004820867814786594
2018-03-21 10:00:00,0.004799947119297182
2018-03-21 10:30:00,0.004792015416194768
2018-03-21 11:00:00,0.004789400931549384
2018-03-21 11:30:00,0.004807474126395131
2018-03-21 12:00:00,0.004830999409427168
2018-03-21 12:30:00,0.004837713855706972
2018-03-21 13:00:00,0.004735711796993322
2018-03-21 13:30:00,0.0046345670531019595
2018-03-21 14:00:00,0.004576002683862056
2018-03-21 14:30:00,0.004494336783858228
2018-03-21 15:00:00,0.004291007101893909
2018-03-21 15:30:00,0.004134801693364207
2018-03-21 16:00:00,0.0040417053776161255
2018-03-21 16:30:00,0.00398625134655148
2018-03-21 17:00:00,0.003964900344133798
2018-03-21 17:30:00,0.003939750243323888
2018-03-21 18:00:00,0.004012805707336124
2018-03-21 18:30:00,0.003670543969514916
2018-03-21 19:00:00,0.003207594008888461
2018-03-21 19:30:00,0.0029780140415992507
2018-03-21 20:00:00,0.0024026126785300075
2018-03-21 20:30:00,0.0020137218262705277
2018-03-21 21:00:00,0.001868026706786951
2018-03-21 21:30:00,0.00172847877332507
2018-03-21 22:00:00,0.001744266649008847
2018-03-21 22:30:00,0.001760551333206096
2018-03-21 23:00:00,0.001779259071245372
2018-03-21 23:30:00,0.0018036027752221884
2018-03-22 00:00:00,0.0018492560700551436
2018-03-22 00:30:00,0.001873412901104874
2018-03-22 01:00:00,0.0019037167879512632
2018-03-22 01:30:00,0.0019319870806308432
2018-03-22 02:00:00,0.0019455865679879995
2018-03-22 02:30:00,0.001970472615832646
2018-03-22 03:00:00,0.0019929379538859184
2018-03-22 03:30:00,0.0020248886231329704
2018-03-22 04:00:00,0.002061762319652183
2018-03-22 04:30:00,0.002099243125290611
2018-03-22 05:00:00,0.003050391640889217
2018-03-22 05:30:00,0.004181102119810866
2018-03-22 06:00:00,0.004595028822115079
2018-03-22 06:30:00,0.00488130911747464
2018-03-22 07:00:00,0.005131710592183949
2018-03-22 07:30:00,0.005023772268599059
2018-03-22 08:00:00,0.005027217198300906
2018-03-22 08:30:00,0.00493198375948216
2018-03-22 09:00:00,0.004924710343938226
2018-03-22 09:30:00,0.004922129196902133
2018-03-22 10:00:00,0.004876470476025999
2018-03-22 10:30:00,0.0048524319327175715
2018-03-22 11:00:00,0.004829849392131632
2018-03-22 11:30:00,0.004835061301942644
2018-03-22 12:00:00,0.004851540802794194
2018-03-22 12:30:00,0.004842532355683332
2018-03-22 13:00:00,0.004723270097025535
2018-03-22 13:30:00,0.004609273617935431
2018-03-22 14:00:00,0.004551075658539323
2018-03-22 14:30:00,0.004473796302066457
2018-03-22 15:00:00,0.004271023722807415
2018-03-22 15:30:00,0.00410471141898569
2018-03-22 16:00:00,0.004003977882350606
2018-03-22 16:30:00,0.003943212058872108
2018-03-22 17:00:00,0.003916432148324599
2018-03-22 17:30:00,0.003893224136889326
2018-03-22 18:00:00,0.003945049186867492
2018-03-22 18:30:00,0.0036400549026669123
2018-03-22 19:00:00,0.003189963492349431
2018-03-22 19:30:00,0.00295949612825455
2018-03-22 20:00:00,0.0023787951705165206
2018-03-22 20:30:00,0.00198126544979919
2018-03-22 21:00:00,0.00184491523551192
2018-03-22 21:30:00,0.0017205291859843375
2018-03-22 22:00:00,0.0017279073458658003
2018-03-22 22:30:00,0.0017406086277392723
2018-03-22 23:00:00,0.0017513952977207654
2018-03-22 23:30:00,0.001775342987362203
2018-03-23 00:00:00,0.0018094747523338434
2018-03-23 00:30:00,0.0018322466401225579
2018-03-23 01:00:00,0.001854971646898206
2018-03-23 01:30:00,0.0018751252735154848
2018-03-23 02:00:00,0.0018958269304938454
2018-03-23 02:30:00,0.0019007269079345816
2018-03-23 03:00:00,0.001919424792279445
2018-03-23 03:30:00,0.0019380529194131984
2018-03-23 04:00:00,0.0019553778412003857
2018-03-23 04:30:00,0.0019988653200463447
2018-03-23 05:00:00,0.0028847541197972353
2018-03-23 05:30:00,0.004041888126750395
2018-03-23 06:00:00,0.004417534181243246
2018-03-23 06:30:00,0.00471474330891559
2018-03-23 07:00:00,0.004962307093267303
2018-03-23 07:30:00,0.004867706114041503
2018-03-23 08:00:00,0.004875050285188493
2018-03-23 08:30:00,0.004799574675693374
2018-03-23 09:00:00,0.004803512203299186
2018-03-23 09:30:00,0.004810914454812364
2018-03-23 10:00:00,0.004774166816128286
2018-03-23 10:30:00,0.004765129979959512
2018-03-23 11:00:00,0.00476852776819822
2018-03-23 11:30:00,0.004786313078897061
2018-03-23 12:00:00,0.004819064675525684
2018-03-23 12:30:00,0.004838215525955133
2018-03-23 13:00:00,0.004744315287649646
2018-03-23 13:30:00,0.004631691119992037
2018-03-23 14:00:00,0.004567170083958542
2018-03-23 14:30:00,0.004467451521256355
2018-03-23 15:00:00,0.004250358528839218
2018-03-23 15:30:00,0.00407782706795907
2018-03-23 16:00:00,0.003964874212309849
2018-03-23 16:30:00,0.003884741321433304
2018-03-23 17:00:00,0.0038541423446546664
2018-03-23 17:30:00,0.0038139178711348487
2018-03-23 18:00:00,0.003846255656006465
2018-03-23 18:30:00,0.003543258329329151
2018-03-23 19:00:00,0.0030901525566881644
2018-03-23 19:30:00,0.0028365504978534453
2018-03-23 20:00:00,0.002285218758467959
2018-03-23 20:30:00,0.0019245601731774603
2018-03-23 21:00:00,0.001777024539847557
2018-03-23 21:30:00,0.0016594055909227876
2018-03-23 22:00:00,0.0016602715005974698
2018-03-23 22:30:00,0.0016578745785793927
2018-03-23 23:00:00,0.001665423550300131
2018-03-23 23:30:00,0.0016810082749272853
2018-03-24 00:00:00,0.0016305240653311764
2018-03-24 00:30:00,0.0015590514432267813
2018-03-24 01:00:00,0.001544320213487516
2018-03-24 01:30:00,0.0015268489187595315
2018-03-24 02:00:00,0.0015328334971192376
2018-03-24 02:30:00,0.0015392614049108432
2018-03-24 03:00:00,0.0015675348229912942
2018-03-24 03:30:00,0.0015673932249684944
2018-03-24 04:00:00,0.0015697111872062302
2018-03-24 04:30:00,0.0015623118006438514
2018-03-24 05:00:00,0.0023218357814406305
2018-03-24 05:30:00,0.0029420699782058152
2018-03-24 06:00:00,0.0026733124598719207
2018-03-24 06:30:00,0.002565269305132812
2018-03-24 07:00:00,0.002298448016046923
2018-03-24 07:30:00,0.0020494980730005226
2018-03-24 08:00:00,0.0018981323477197513
2018-03-24 08:30:00,0.0017284676607886393
2018-03-24 09:00:00,0.0016523177894639213
2018-03-24 09:30:00,0.0015519422414536168
2018-03-24 10:00:00,0.0014739818948576113
2018-03-24 10:30:00,0.0014371131468897775
2018-03-24 11:00:00,0.0013588280190532476
2018-03-24 11:30:00,0.0013488823857645044
2018-03-24 12:00:00,0.0013180734862273562
2018-03-24 12:30:00,0.0012793915716708183
2018-03-24 13:00:00,0.0012972111315542056
2018-03-24 13:30:00,0.001270618137342127
2018-03-24 14:00:00,0.0012907696369504798
2018-03-24 14:30:00,0.0012973239498439838
2018-03-24 15:00:00,0.0012907712430592607
2018-03-24 15:30:00,0.0013193696594219631
2018-03-24 16:00:00,0.0013179578029867793
2018-03-24 16:30:00,0.001371567370045664
2018-03-24 17:00:00,0.0013882913901070324
2018-03-24 17:30:00,0.0014168218290007877
2018-03-24 18:00:00,0.001555085743604783
2018-03-24 18:30:00,0.0017730087469949299
2018-03-24 19:00:00,0.001965398744560108
2018-03-24 19:30:00,0.0020941033601497077
2018-03-24 20:00:00,0.001856936482245851
2018-03-24 20:30:00,0.0016568538313365536
2018-03-24 21:00:00,0.0016122679477177768
2018-03-24 21:30:00,0.0015627208374828594
2018-03-24 22:00:00,0.0015666923538231454
2018-03-24 22:30:00,0.0015641352550104233
2018-03-24 23:00:00,0.0015330335227749894
2018-03-24 23:30:00,0.001528332659414751
2018-03-25 00:00:00,0.0014836606102302916
2018-03-25 00:30:00,0.0014426774456490086
2018-03-25 01:00:00,0.0014726594162056724
2018-03-25 01:30:00,0.0014471735084354976
2018-03-25 02:00:00,0.0014665090179664152
2018-03-25 02:30:00,0.0014841355843460107
2018-03-25 03:00:00,0.0014724448053458556
2018-03-25 03:30:00,0.001503022077951777
2018-03-25 04:00:00,0.0015050881415609699
2018-03-25 04:30:00,0.0015374642994099488
2018-03-25 05:00:00,0.0024313368488694267
2018-03-25 05:30:00,0.00276546950584154
2018-03-25 06:00:00,0.0024361137636508623
2018-03-25 06:30:00,0.0021343213224177104
2018-03-25 07:00:00,0.001940305769132786
2018-03-25 07:30:00,0.00208248919687924
2018-03-25 08:00:00,0.0018416001401712601
2018-03-25 08:30:00,0.001736989500347205
2018-03-25 09:00:00,0.001577299617112967
2018-03-25 09:30:00,0.0015010839821449186
2018-03-25 10:00:00,0.0014291823119542716
2018-03-25 10:30:00,0.0013304869273622676
2018-03-25 11:00:00,0.001283586684398426
2018-03-25 11:30:00,0.0012318286569056082
2018-03-25 12:00:00,0.0012157390498127316
2018-03-25 12:30:00,0.00118895640453946
2018-03-25 13:00:00,0.0011699843096765012
2018-03-25 13:30:00,0.0011732986236669433
2018-03-25 14:00:00,0.0011595708212406896
2018-03-25 14:30:00,0.001181925164154692
2018-03-25 15:00:00,0.0011926368245152776
2018-03-25 15:30:00,0.0011864945870449614
2018-03-25 16:00:00,0.0012233174958000187
2018-03-25 16:30:00,0.0012309441684590808
2018-03-25 17:00:00,0.0012556884446475456
2018-03-25 17:30:00,0.0012837308435136065
2018-03-25 18:00:00,0.0013633892377662305
2018-03-25 18:30:00,0.0016091299584264807
2018-03-25 19:00:00,0.0017659713426251104
2018-03-25 19:30:00,0.0018878688785257535
2018-03-25 20:00:00,0.0016805843924341392
2018-03-25 20:30:00,0.0014587208662623452
2018-03-25 21:00:00,0.001416262686103275
2018-03-25 21:30:00,0.001370359576242357
2018-03-25 22:00:00,0.0013965246075768193
2018-03-25 22:30:00,0.001416135543059504
2018-03-25 23:00:00,0.001412147965631408
2018-03-25 23:30:00,0.0014230962882912906
2018-03-26 00:00:00,0.0015473818474991971
2018-03-26 00:30:00,0.001680630969588788
2018-03-26 01:00:00,0.001729079935500961
2018-03-26 01:30:00,0.0017822517293961614
2018-03-26 02:00:00,0.001802226166363496
2018-03-26 02:30:00,0.0018105494127417091
2018-03-26 03:00:00,0.0018300460974592164
2018-03-26 03:30:00,0.001855823752719041
2018-03-26 04:00:00,0.0018753544261710215
2018-03-26 04:30:00,0.001906879737041183
2018-03-26 05:00:00,0.0027076755913247146
2018-03-26 05:30:00,0.003910026465605855
2018-03-26 06:00:00,0.004241678856536661
2018-03-26 06:30:00,0.0045242858942974
2018-03-26 07:00:00,0.004795512132052715
2018-03-26 07:30:00,0.004712485640869658
2018-03-26 08:00:00,0.004728397100112882
2018-03-26 08:30:00,0.004669516066993052
2018-03-26 09:00:00,0.004674560507407386
2018-03-26 09:30:00,0.004727801277163478
2018-03-26 10:00:00,0.004732102870562431
2018-03-26 10:30:00,0.00476528338505227
2018-03-26 11:00:00,0.004802309401455604
2018-03-26 11:30:00,0.004862565524142036
2018-03-26 12:00:00,0.004917847310892006
2018-03-26 12:30:00,0.0049528574003251235
2018-03-26 13:00:00,0.004875150037566296
2018-03-26 13:30:00,0.004786105673822587
2018-03-26 14:00:00,0.00474159970496775
2018-03-26 14:30:00,0.004640937358019176
2018-03-26 15:00:00,0.004425818143068843
2018-03-26 15:30:00,0.004220899238169904
2018-03-26 16:00:00,0.004088580921231416
2018-03-26 16:30:00,0.003977920633937852
2018-03-26 17:00:00,0.003911337137187836
2018-03-26 17:30:00,0.0038415606093645145
2018-03-26 18:00:00,0.0038301887514782503
2018-03-26 18:30:00,0.003490477253951186
2018-03-26 19:00:00,0.003004014077812725
2018-03-26 19:30:00,0.0027331648849458334
2018-03-26 20:00:00,0.0022429043901573053
2018-03-26 20:30:00,0.0019172960036111025
2018-03-26 21:00:00,0.001776946708684197
2018-03-26 21:30:00,0.0016474751110391555
2018-03-26 22:00:00,0.0016438654032580472
2018-03-26 22:30:00,0.001644042769757483
2018-03-26 23:00:00,0.0016531227972299619
2018-03-26 23:30:00,0.0016722805495863343
2018-03-27 00:00:00,0.001706742261391605
2018-03-27 00:30:00,0.0017403413191481006
2018-03-27 01:00:00,0.0017653042431725078
2018-03-27 01:30:00,0.001779453366999527
2018-03-27 02:00:00,0.001785328382695362
2018-03-27 02:30:00,0.001797368902734665
2018-03-27 03:00:00,0.0018173919570488833
2018-03-27 03:30:00,0.0018369494134499956
2018-03-27 04:00:00,0.0018532275429870844
2018-03-27 04:30:00,0.0018759344918910326
2018-03-27 05:00:00,0.002698217650796903
2018-03-27 05:30:00,0.0038422210239319205
2018-03-27 06:00:00,0.004126160480855703
2018-03-27 06:30:00,0.004393606285807325
2018-03-27 07:00:00,0.004681493948789896
2018-03-27 07:30:00,0.004614631640237168
2018-03-27 08:00:00,0.004639362416430204
2018-03-27 08:30:00,0.0045959943973508735
2018-03-27 09:00:00,0.004613117643965183
2018-03-27 09:30:00,0.004670969161356396
2018-03-27 10:00:00,0.004678376708687716
2018-03-27 10:30:00,0.004712681542732595
2018-03-27 11:00:00,0.004758569112405848
2018-03-27 11:30:00,0.0048127936454944705
2018-03-27 12:00:00,0.004858827284250104
2018-03-27 12:30:00,0.004883232497852397
2018-03-27 13:00:00,0.0047924305736104815
2018-03-27 13:30:00,0.004698694809525837
2018-03-27 14:00:00,0.004651547746709868
2018-03-27 14:30:00,0.0045498106959450816
2018-03-27 15:00:00,0.004333065534599894
2018-03-27 15:30:00,0.004118090435356396
2018-03-27 16:00:00,0.003981367256565171
2018-03-27 16:30:00,0.003872158457526171
2018-03-27 17:00:00,0.00381123662445419
2018-03-27 17:30:00,0.0037596159843746656
2018-03-27 18:00:00,0.003763763304513952
2018-03-27 18:30:00,0.0034392085253280805
2018-03-27 19:00:00,0.002963101885876224
2018-03-27 19:30:00,0.002709120047427318
2018-03-27 20:00:00,0.002224440172935904
2018-03-27 20:30:00,0.001901008454463055
2018-03-27 21:00:00,0.0017702620405293597
2018-03-27 21:30:00,0.001650061857751808
2018-03-27 22:00:00,0.0016450034398502438
2018-03-27 22:30:00,0.0016426438490092384
2018-03-27 23:00:00,0.001646022494167611
2018-03-27 23:30:00,0.0016617545467191622
2018-03-28 00:00:00,0.0016968656039637537
2018-03-28 00:30:00,0.0017111925283736632
2018-03-28 01:00:00,0.0017191213231169337
2018-03-28 01:30:00,0.0017333887780936015
2018-03-28 02:00:00,0.0017350065637195152
2018-03-28 02:30:00,0.0017447793015684017
2018-03-28 03:00:00,0.0017582107118120443
2018-03-28 03:30:00,0.0017637850813074158
2018-03-28 04:00:00,0.0017889837126475198
2018-03-28 04:30:00,0.001816902744995862
2018-03-28 05:00:00,0.0024863920874645864
2018-03-28 05:30:00,0.0034960336523915487
2018-03-28 06:00:00,0.0038199233723170533
2018-03-28 06:30:00,0.004119027578125932
2018-03-28 07:00:00,0.004437750142244565
2018-03-28 07:30:00,0.004455137181374066
2018-03-28 08:00:00,0.0045566548029526924
2018-03-28 08:30:00,0.004604787322026664
2018-03-28 09:00:00,0.004718079847978893
2018-03-28 09:30:00,0.004833657649684749
2018-03-28 10:00:00,0.004902346364371538
2018-03-28 10:30:00,0.004971117554914648
2018-03-28 11:00:00,0.0050412225970961995
2018-03-28 11:30:00,0.005110510998075135
2018-03-28 12:00:00,0.005172112041528095
2018-03-28 12:30:00,0.005221258926818127
2018-03-28 13:00:00,0.005138600104320881
2018-03-28 13:30:00,0.005034995669943946
2018-03-28 14:00:00,0.004974151711443671
2018-03-28 14:30:00,0.004879136182518992
2018-03-28 15:00:00,0.004653382096571144
2018-03-28 15:30:00,0.004454927605882319
2018-03-28 16:00:00,0.004304442592522022
2018-03-28 16:30:00,0.004184111620399683
2018-03-28 17:00:00,0.004098358433998301
2018-03-28 17:30:00,0.00401636592960344
2018-03-28 18:00:00,0.003978494752714539
2018-03-28 18:30:00,0.0036113756165566703
2018-03-28 19:00:00,0.0030907903120992544
2018-03-28 19:30:00,0.0027974336316756755
2018-03-28 20:00:00,0.002267687169548169
2018-03-28 20:30:00,0.0019298582485541556
2018-03-28 21:00:00,0.001777672105544715
2018-03-28 21:30:00,0.0016523818601817792
2018-03-28 22:00:00,0.0016551528753207913
2018-03-28 22:30:00,0.0016458069283241945
2018-03-28 23:00:00,0.001652648474239424
2018-03-28 23:30:00,0.001655345564966165
2018-03-29 00:00:00,0.0016779874881686558
2018-03-29 00:30:00,0.0016925636632980374
2018-03-29 01:00:00,0.0016978254927062966
2018-03-29 01:30:00,0.0017037641884448812
2018-03-29 02:00:00,0.0017045404164779002
2018-03-29 02:30:00,0.0017153490510821816
2018-03-29 03:00:00,0.0017315235648987233
2018-03-29 03:30:00,0.0017362658398205042
2018-03-29 04:00:00,0.0017642378737586194
2018-03-29 04:30:00,0.001787758902772804
2018-03-29 05:00:00,0.002371856563540905
2018-03-29 05:30:00,0.0033849440131533143
2018-03-29 06:00:00,0.003738063046334033
2018-03-29 06:30:00,0.004058399011835691
2018-03-29 07:00:00,0.004386415259303021
2018-03-29 07:30:00,0.004424861119277098
2018-03-29 08:00:00,0.004531926631260383
2018-03-29 08:30:00,0.00456276869477344
2018-03-29 09:00:00,0.0046495314724728865
2018-03-29 09:30:00,0.004741927611609146
2018-03-29 10:00:00,0.004790435916729525
2018-03-29 10:30:00,0.004857003005124968
2018-03-29 11:00:00,0.004918519011629226
2018-03-29 11:30:00,0.00496260760924273
2018-03-29 12:00:00,0.005003010577878966
2018-03-29 12:30:00,0.005027513156400064
2018-03-29 13:00:00,0.004935158906317147
2018-03-29 13:30:00,0.004839377914629117
2018-03-29 14:00:00,0.004777488596354143
2018-03-29 14:30:00,0.004687465113970864
2018-03-29 15:00:00,0.0044702203659780955
2018-03-29 15:30:00,0.004284645739095851
2018-03-29 16:00:00,0.004149561919878222
2018-03-29 16:30:00,0.004013201504629775
2018-03-29 17:00:00,0.003922943009464325
2018-03-29 17:30:00,0.0038487064911895694
2018-03-29 18:00:00,0.003812492297662508
2018-03-29 18:30:00,0.0034803274712138744
2018-03-29 19:00:00,0.002986511398850993
2018-03-29 19:30:00,0.0027142516083909357
2018-03-29 20:00:00,0.002231401959967981
2018-03-29 20:30:00,0.0019277388360884266
2018-03-29 21:00:00,0.0017640039461850852
2018-03-29 21:30:00,0.0016217417757000171
2018-03-29 22:00:00,0.0016292100947149426
2018-03-29 22:30:00,0.0016231183411503643
2018-03-29 23:00:00,0.0016173018833125171
2018-03-29 23:30:00,0.001635085457677541
2018-03-30 00:00:00,0.0016508806259633506
2018-03-30 00:30:00,0.0016725685639582771
2018-03-30 01:00:00,0.0016860165561898748
2018-03-30 01:30:00,0.0016904764598246191
2018-03-30 02:00:00,0.0017026234605352674
2018-03-30 02:30:00,0.0017053578390307344
2018-03-30 03:00:00,0.0017360625585388452
2018-03-30 03:30:00,0.001753815486611994
2018-03-30 04:00:00,0.0017667095883558766
2018-03-30 04:30:00,0.00180986508017597
2018-03-30 05:00:00,0.0024558183743429904
2018-03-30 05:30:00,0.003557770129882256
2018-03-30 06:00:00,0.0038883338395096214
2018-03-30 06:30:00,0.004188889229714646
2018-03-30 07:00:00,0.004505507444063415
2018-03-30 07:30:00,0.004513861119691776
2018-03-30 08:00:00,0.004602922629731932
2018-03-30 08:30:00,0.004623174576251613
2018-03-30 09:00:00,0.00470671519587797
2018-03-30 09:30:00,0.004794580502143049
2018-03-30 10:00:00,0.004846378291680283
2018-03-30 10:30:00,0.004906079655712091
2018-03-30 11:00:00,0.004956578103245502
2018-03-30 11:30:00,0.004994481272084986
2018-03-30 12:00:00,0.005026730373706885
2018-03-30 12:30:00,0.005029969981934838
2018-03-30 13:00:00,0.004909938701029362
2018-03-30 13:30:00,0.004789342026424632
2018-03-30 14:00:00,0.004716559470680129
2018-03-30 14:30:00,0.004620778001500301
2018-03-30 15:00:00,0.00439942951534706
2018-03-30 15:30:00,0.0042120270932637
2018-03-30 16:00:00,0.004084866469112779
2018-03-30 16:30:00,0.003984449335907552
2018-03-30 17:00:00,0.003920483275570407
2018-03-30 17:30:00,0.0038532898915670686
2018-03-30 18:00:00,0.003829202166603266
2018-03-30 18:30:00,0.0035028432063561937
2018-03-30 19:00:00,0.0030246053473686517
2018-03-30 19:30:00,0.00277387231971693
2018-03-30 20:00:00,0.0022681872770958936
2018-03-30 20:30:00,0.0019441391601179069
2018-03-30 21:00:00,0.0017811499387724004
2018-03-30 21:30:00,0.0016448813755828885
2018-03-30 22:00:00,0.0016477017460106572
2018-03-30 22:30:00,0.0016581816926233256
2018-03-30 23:00:00,0.0016758557043244785
2018-03-30 23:30:00,0.0016780322421727964
2018-03-31 00:00:00,0.001635956749987057
2018-03-31 00:30:00,0.0015679828839328459
2018-03-31 01:00:00,0.0015542522165557936
2018-03-31 01:30:00,0.0015387295658626074
2018-03-31 02:00:00,0.0015350915558402772
2018-03-31 02:30:00,0.001554813877137341
2018-03-31 03:00:00,0.001574376716173287
2018-03-31 03:30:00,0.001565132084254929
2018-03-31 04:00:00,0.0015612556321911394
2018-03-31 04:30:00,0.0015447721811801566
2018-03-31 05:00:00,0.0021647326449190448
2018-03-31 05:30:00,0.0028187334122457474
2018-03-31 06:00:00,0.0025221919483344965
2018-03-31 06:30:00,0.00241547465809827
2018-03-31 07:00:00,0.0021524209963541723
2018-03-31 07:30:00,0.001959109265982086
2018-03-31 08:00:00,0.0018347784318698932
2018-03-31 08:30:00,0.0016884636148469263
2018-03-31 09:00:00,0.0016102254548401539
2018-03-31 09:30:00,0.0015370448011596915
2018-03-31 10:00:00,0.0014719841125757833
2018-03-31 10:30:00,0.0014333469086150403
2018-03-31 11:00:00,0.0013758822898066645
2018-03-31 11:30:00,0.0013591486765009554
2018-03-31 12:00:00,0.0013327720294825113
2018-03-31 12:30:00,0.0012985728513504147
2018-03-31 13:00:00,0.001297542901538344
2018-03-31 13:30:00,0.0012728788005638926
2018-03-31 14:00:00,0.0012691973821961303
2018-03-31 14:30:00,0.0012687031781833842
2018-03-31 15:00:00,0.0012622590790789326
2018-03-31 15:30:00,0.0012845030345705003
2018-03-31 16:00:00,0.001299210172678051
2018-03-31 16:30:00,0.0013374986339915911
2018-03-31 17:00:00,0.0013611424218066583
2018-03-31 17:30:00,0.001395168530865516
2018-03-31 18:00:00,0.00150535479902696
2018-03-31 18:30:00,0.0017525948005300942
2018-03-31 19:00:00,0.0019259506292983457
2018-03-31 19:30:00,0.002054541341389531
2018-03-31 20:00:00,0.0018741966387816529
2018-03-31 20:30:00,0.0016763453070526087
2018-03-31 21:00:00,0.0016228520309511374
2018-03-31 21:30:00,0.001556585328306085
2018-03-31 22:00:00,0.0015665775387494773
2018-03-31 22:30:00,0.0015608557111046724
2018-03-31 23:00:00,0.0015254335896567137
2018-03-31 23:30:00,0.001520544030218881
2018-04-01 00:00:00,0.0014661422608558583
2018-04-01 00:30:00,0.0014260315606094182
2018-04-01 01:00:00,0.0014371038140955092
2018-04-01 01:30:00,0.0014160162569262563
2018-04-01 02:00:00,0.0014178341984329582
2018-04-01 02:30:00,0.001421846735659678
2018-04-01 03:00:00,0.0014428419632781966
2018-04-01 03:30:00,0.0014696336374873183
2018-04-01 04:00:00,0.0014809283153354046
2018-04-01 04:30:00,0.0015119643707441994
2018-04-01 05:00:00,0.0023171050097303895
2018-04-01 05:30:00,0.0026578874345476126
2018-04-01 06:00:00,0.002295270568569629
2018-04-01 06:30:00,0.0020874065810664944
2018-04-01 07:00:00,0.0018621698791878522
2018-04-01 07:30:00,0.0019841162494771067
2018-04-01 08:00:00,0.0017930265054910055
2018-04-01 08:30:00,0.0016232196996369484
2018-04-01 09:00:00,0.0015262235781352347
2018-04-01 09:30:00,0.0014199899002754685
2018-04-01 10:00:00,0.0013422083092459525
2018-04-01 10:30:00,0.001289827762671291
2018-04-01 11:00:00,0.0012034179816369003
2018-04-01 11:30:00,0.0011849438239043947
2018-04-01 12:00:00,0.0011564509332294384
2018-04-01 12:30:00,0.0011208623841850924
2018-04-01 13:00:00,0.0011270451216416964
2018-04-01 13:30:00,0.0011026037922960035
2018-04-01 14:00:00,0.0011081862791519708
2018-04-01 14:30:00,0.0011150254810165466
2018-04-01 15:00:00,0.001122394655370505
2018-04-01 15:30:00,0.0011564545361221093
2018-04-01 16:00:00,0.0011644098099560937
2018-04-01 16:30:00,0.0012093258574502274
2018-04-01 17:00:00,0.0012117265994027028
2018-04-01 17:30:00,0.0012123832808524017
2018-04-01 18:00:00,0.0012803307980409355
2018-04-01 18:30:00,0.0014778976314740167
2018-04-01 19:00:00,0.001625854455979649
2018-04-01 19:30:00,0.0017429334050872414
2018-04-01 20:00:00,0.0015677949692054697
2018-04-01 20:30:00,0.0013973503645319765
2018-04-01 21:00:00,0.001378646489835444
2018-04-01 21:30:00,0.0013314008466669977
2018-04-01 22:00:00,0.0013478940645557033
2018-04-01 22:30:00,0.0013616288991339172
2018-04-01 23:00:00,0.0013521650550711263
2018-04-01 23:30:00,0.0013502879045812549
2018-04-02 00:00:00,0.0014772973374650345
2018-04-02 00:30:00,0.0015977109590770765
2018-04-02 01:00:00,0.001645606121318225
2018-04-02 01:30:00,0.0016993918394428735
2018-04-02 02:00:00,0.0016958171621965288
2018-04-02 02:30:00,0.0017053721637847272
2018-04-02 03:00:00,0.0017202471619640644
2018-04-02 03:30:00,0.0017201524449543312
2018-04-02 04:00:00,0.0017325853764363413
2018-04-02 04:30:00,0.0017588587550010021
2018-04-02 05:00:00,0.0024072176962635318
2018-04-02 05:30:00,0.0034936567416207157
2018-04-02 06:00:00,0.0037779962064476555
2018-04-02 06:30:00,0.0040761350974708125
2018-04-02 07:00:00,0.004374903713361155
2018-04-02 07:30:00,0.004359506556194614
2018-04-02 08:00:00,0.004416517384159841
2018-04-02 08:30:00,0.0044242272706170975
2018-04-02 09:00:00,0.004486146627467111
2018-04-02 09:30:00,0.004582109022630701
2018-04-02 10:00:00,0.004641123883679498
2018-04-02 10:30:00,0.004726838349836756
2018-04-02 11:00:00,0.00482141475993904
2018-04-02 11:30:00,0.004918084060007995
2018-04-02 12:00:00,0.005001838856410713
2018-04-02 12:30:00,0.005055857720758679
2018-04-02 13:00:00,0.004990419900469655
2018-04-02 13:30:00,0.004917431458942766
2018-04-02 14:00:00,0.004878777065277232
2018-04-02 14:30:00,0.004790033868634132
2018-04-02 15:00:00,0.004576534175643529
2018-04-02 15:30:00,0.004363498040373798
2018-04-02 16:00:00,0.0042118281962249295
2018-04-02 16:30:00,0.0040654868132945585
2018-04-02 17:00:00,0.003966299264882043
2018-04-02 17:30:00,0.0038538696968370067
2018-04-02 18:00:00,0.0037440049542901794
2018-04-02 18:30:00,0.0034135890934873557
2018-04-02 19:00:00,0.0028988749413830324
2018-04-02 19:30:00,0.0026216560513157602
2018-04-02 20:00:00,0.0021543451146738015
2018-04-02 20:30:00,0.0018652288218821164
2018-04-02 21:00:00,0.0017370143299207923
2018-04-02 21:30:00,0.0016101804403859407
2018-04-02 22:00:00,0.001594490407112768
2018-04-02 22:30:00,0.0015853998314123493
2018-04-02 23:00:00,0.0015862215513913814
2018-04-02 23:30:00,0.001590840937287244
2018-04-03 00:00:00,0.0016113901007481007
2018-04-03 00:30:00,0.0016275589714797366
2018-04-03 01:00:00,0.0016391239965031748
2018-04-03 01:30:00,0.001651665188398693
2018-04-03 02:00:00,0.0016547095458888917
2018-04-03 02:30:00,0.0016605891194609976
2018-04-03 03:00:00,0.001685569059556814
2018-04-03 03:30:00,0.001690257204271841
2018-04-03 04:00:00,0.0017038959327732679
2018-04-03 04:30:00,0.0017460648397183772
2018-04-03 05:00:00,0.002382743506800346
2018-04-03 05:30:00,0.0033723231235355824
2018-04-03 06:00:00,0.003694828377691871
2018-04-03 06:30:00,0.0040296158495548295
2018-04-03 07:00:00,0.004347383386665607
2018-04-03 07:30:00,0.004339483718922123
2018-04-03 08:00:00,0.004404570799780054
2018-04-03 08:30:00,0.004427522441527203
2018-04-03 09:00:00,0.004502613105815029
2018-04-03 09:30:00,0.0046035752307971595
2018-04-03 10:00:00,0.00465619061652061
2018-04-03 10:30:00,0.004726634851513369
2018-04-03 11:00:00,0.004798606235506779
2018-04-03 11:30:00,0.004871019993948491
2018-04-03 12:00:00,0.0049291115160816
2018-04-03 12:30:00,0.004970691502004231
2018-04-03 13:00:00,0.00489380086726471
2018-04-03 13:30:00,0.004792943009128309
2018-04-03 14:00:00,0.004741694161527411
2018-04-03 14:30:00,0.004638872249393583
2018-04-03 15:00:00,0.004419391016627455
2018-04-03 15:30:00,0.004201700812193862
2018-04-03 16:00:00,0.0040526151536652635
2018-04-03 16:30:00,0.003906104217737634
2018-04-03 17:00:00,0.0038207780392302683
2018-04-03 17:30:00,0.0037331192264644106
2018-04-03 18:00:00,0.0036570796123370896
2018-04-03 18:30:00,0.003358367297070773
2018-04-03 19:00:00,0.0028878157972172616
2018-04-03 19:30:00,0.0026322815027023175
2018-04-03 20:00:00,0.002176099337212203
2018-04-03 20:30:00,0.0018787006887037018
2018-04-03 21:00:00,0.0017460263799243246
2018-04-03 21:30:00,0.0016243803519771156
2018-04-03 22:00:00,0.001614025117540874
2018-04-03 22:30:00,0.0016074332564285708
2018-04-03 23:00:00,0.0016060418019157407
2018-04-03 23:30:00,0.0016107351556322192
2018-04-04 00:00:00,0.0016306594125522341
2018-04-04 00:30:00,0.0016445762583228453
2018-04-04 01:00:00,0.0016571710595249722
2018-04-04 01:30:00,0.0016679757439698195
2018-04-04 02:00:00,0.0016708299729070253
2018-04-04 02:30:00,0.001678255361068318
2018-04-04 03:00:00,0.0016978986791766956
2018-04-04 03:30:00,0.001706285431964276
2018-04-04 04:00:00,0.00172132533844791
2018-04-04 04:30:00,0.0017588967807116006
2018-04-04 05:00:00,0.0023403376771058675
2018-04-04 05:30:00,0.003302018837048496
2018-04-04 06:00:00,0.0036981825839517654
2018-04-04 06:30:00,0.004021825874700251
2018-04-04 07:00:00,0.004331914952995867
2018-04-04 07:30:00,0.004342044637669243
2018-04-04 08:00:00,0.004422570460888639
2018-04-04 08:30:00,0.0044407117200200245
2018-04-04 09:00:00,0.00452268212956706
2018-04-04 09:30:00,0.004609181679059805
2018-04-04 10:00:00,0.0046639056685709715
2018-04-04 10:30:00,0.004731130567033095
2018-04-04 11:00:00,0.004793179975286024
2018-04-04 11:30:00,0.00485383623610065
2018-04-04 12:00:00,0.004909591173815833
2018-04-04 12:30:00,0.004955859912170325
2018-04-04 13:00:00,0.004888113505846179
2018-04-04 13:30:00,0.004796260448519623
2018-04-04 14:00:00,0.004742180725671361
2018-04-04 14:30:00,0.004637989931364327
2018-04-04 15:00:00,0.0044057377029219635
2018-04-04 15:30:00,0.004209667372197658
2018-04-04 16:00:00,0.004065534605882879
2018-04-04 16:30:00,0.003936488192981346
2018-04-04 17:00:00,0.0038559079356967774
2018-04-04 17:30:00,0.003769640707668786
2018-04-04 18:00:00,0.003680966226436505
2018-04-04 18:30:00,0.0033746614876956713
2018-04-04 19:00:00,0.0028967929903194116
2018-04-04 19:30:00,0.0026349806770296393
2018-04-04 20:00:00,0.00217995139378586
2018-04-04 20:30:00,0.0018774202293301418
2018-04-04 21:00:00,0.0017409251613941645
2018-04-04 21:30:00,0.0016326537655747728
2018-04-04 22:00:00,0.0016291769307390323
2018-04-04 22:30:00,0.0016261201150536944
2018-04-04 23:00:00,0.0016277591273605248
2018-04-04 23:30:00,0.0016394163951180063
2018-04-05 00:00:00,0.001658375250435608
2018-04-05 00:30:00,0.001676923202355348
2018-04-05 01:00:00,0.001691710602493603
2018-04-05 01:30:00,0.0017022815329982976
2018-04-05 02:00:00,0.0017066129045222168
2018-04-05 02:30:00,0.0017097268455901439
2018-04-05 03:00:00,0.0017361318816665006
2018-04-05 03:30:00,0.0017452634348450076
2018-04-05 04:00:00,0.0017684383691210608
2018-04-05 04:30:00,0.0018092496366544316
2018-04-05 05:00:00,0.0024691980418388776
2018-04-05 05:30:00,0.0034985351017054263
2018-04-05 06:00:00,0.003851831240935509
2018-04-05 06:30:00,0.004186505894508689
2018-04-05 07:00:00,0.004490354502248276
2018-04-05 07:30:00,0.004453207810644639
2018-04-05 08:00:00,0.00449032936881627
2018-04-05 08:30:00,0.004467991390848495
2018-04-05 09:00:00,0.004519007873576295
2018-04-05 09:30:00,0.0045832449756223175
2018-04-05 10:00:00,0.004616611104197223
2018-04-05 10:30:00,0.004667654109424081
2018-04-05 11:00:00,0.0047323104492702885
2018-04-05 11:30:00,0.004801369480551961
2018-04-05 12:00:00,0.004869289129582727
2018-04-05 12:30:00,0.004908679728786792
2018-04-05 13:00:00,0.004841692187157491
2018-04-05 13:30:00,0.004761542323617883
2018-04-05 14:00:00,0.004713631490964033
2018-04-05 14:30:00,0.004629153598343105
2018-04-05 15:00:00,0.004404560208143768
2018-04-05 15:30:00,0.004206612466479519
2018-04-05 16:00:00,0.004064686102954716
2018-04-05 16:30:00,0.003947148371044249
2018-04-05 17:00:00,0.0038621431104346633
2018-04-05 17:30:00,0.003762911589368226
2018-04-05 18:00:00,0.0036557201931831885
2018-04-05 18:30:00,0.0033377492879740605
2018-04-05 19:00:00,0.002867874394000801
2018-04-05 19:30:00,0.0025985850800270167
2018-04-05 20:00:00,0.002161600472346036
2018-04-05 20:30:00,0.001876761247238135
2018-04-05 21:00:00,0.0017292333405937185
2018-04-05 21:30:00,0.0016161748290317145
2018-04-05 22:00:00,0.001614492495196143
2018-04-05 22:30:00,0.0016110018565065548
2018-04-05 23:00:00,0.001612628888110046
2018-04-05 23:30:00,0.0016247803598802737
2018-04-06 00:00:00,0.0016488557568739733
2018-04-06 00:30:00,0.0016668542459572322
2018-04-06 01:00:00,0.0016827215155048045
2018-04-06 01:30:00,0.0016958829258398587
2018-04-06 02:00:00,0.0017039716369277014
2018-04-06 02:30:00,0.0017113065186887683
2018-04-06 03:00:00,0.0017310490248664584
2018-04-06 03:30:00,0.0017425481560215303
2018-04-06 04:00:00,0.0017703324054573052
2018-04-06 04:30:00,0.0018088858747197095
2018-04-06 05:00:00,0.0024761254060530263
2018-04-06 05:30:00,0.0034907057120731957
2018-04-06 06:00:00,0.0038481449608330576
2018-04-06 06:30:00,0.004165508626697935
2018-04-06 07:00:00,0.004468165458313679
2018-04-06 07:30:00,0.004449055151278864
2018-04-06 08:00:00,0.004497341162262284
2018-04-06 08:30:00,0.00449065875134141
2018-04-06 09:00:00,0.004566503331772703
2018-04-06 09:30:00,0.004639645482250767
2018-04-06 10:00:00,0.0046963432926370825
2018-04-06 10:30:00,0.004770479277183817
2018-04-06 11:00:00,0.0048540456813673605
2018-04-06 11:30:00,0.004926585714685934
2018-04-06 12:00:00,0.0049931834927815985
2018-04-06 12:30:00,0.005044031203862357
2018-04-06 13:00:00,0.004968715163445046
2018-04-06 13:30:00,0.004869103081414203
2018-04-06 14:00:00,0.004801220589927128
2018-04-06 14:30:00,0.004694543929902225
2018-04-06 15:00:00,0.004465357329039322
2018-04-06 15:30:00,0.0042724692207103095
2018-04-06 16:00:00,0.004131021521010586
2018-04-06 16:30:00,0.0039982337862245945
2018-04-06 17:00:00,0.0039228880110906625
2018-04-06 17:30:00,0.0038429732037415705
2018-04-06 18:00:00,0.0037562097749169435
2018-04-06 18:30:00,0.0034278353651914528
2018-04-06 19:00:00,0.0029495161589645695
2018-04-06 19:30:00,0.002682909610963534
2018-04-06 20:00:00,0.002225474767440936
2018-04-06 20:30:00,0.0019175238540162765
2018-04-06 21:00:00,0.0017562017301770948
2018-04-06 21:30:00,0.001626006341780316
2018-04-06 22:00:00,0.0016227576177998224
2018-04-06 22:30:00,0.0016198468277885182
2018-04-06 23:00:00,0.0016206424159436004
2018-04-06 23:30:00,0.0016355372951451451
2018-04-07 00:00:00,0.001588126526630675
2018-04-07 00:30:00,0.0015173312049400595
2018-04-07 01:00:00,0.001508387696713965
2018-04-07 01:30:00,0.0014886931567579774
2018-04-07 02:00:00,0.0014942199072984098
2018-04-07 02:30:00,0.0015027880201532065
2018-04-07 03:00:00,0.0015261442710881301
2018-04-07 03:30:00,0.0015279956370208149
2018-04-07 04:00:00,0.0015312611600309912
2018-04-07 04:30:00,0.0015309510942195688
2018-04-07 05:00:00,0.0021610191477840074
2018-04-07 05:30:00,0.002666520399470485
2018-04-07 06:00:00,0.0024424447406071184
2018-04-07 06:30:00,0.002307328842622214
2018-04-07 07:00:00,0.002077381380280574
2018-04-07 07:30:00,0.0018924883512383068
2018-04-07 08:00:00,0.0017664160611240637
2018-04-07 08:30:00,0.0016167864092105095
2018-04-07 09:00:00,0.0015276709860053274
2018-04-07 09:30:00,0.001452338103149989
2018-04-07 10:00:00,0.0014104296028691274
2018-04-07 10:30:00,0.0013853684891673526
2018-04-07 11:00:00,0.0013241699713015865
2018-04-07 11:30:00,0.001322820362433753
2018-04-07 12:00:00,0.0013065465737312077
2018-04-07 12:30:00,0.0012787545542016002
2018-04-07 13:00:00,0.001304235556828741
2018-04-07 13:30:00,0.0012838255605233395
2018-04-07 14:00:00,0.0012949960470951438
2018-04-07 14:30:00,0.0013118647471718381
2018-04-07 15:00:00,0.0013018278261326512
2018-04-07 15:30:00,0.0013154497990127412
2018-04-07 16:00:00,0.0013187470969317737
2018-04-07 16:30:00,0.001341276896378013
2018-04-07 17:00:00,0.0013452805783022645
2018-04-07 17:30:00,0.0013693061859237532
2018-04-07 18:00:00,0.0014002657558278963
2018-04-07 18:30:00,0.0016129359587456335
2018-04-07 19:00:00,0.0018072204267305112
2018-04-07 19:30:00,0.0019425270609852443
2018-04-07 20:00:00,0.001798838058185819
2018-04-07 20:30:00,0.001627206322081445
2018-04-07 21:00:00,0.0015788194735115856
2018-04-07 21:30:00,0.001535940666485277
2018-04-07 22:00:00,0.001540459779103191
2018-04-07 22:30:00,0.0015314851036850761
2018-04-07 23:00:00,0.0015071671842654469
2018-04-07 23:30:00,0.0015017362359433834
2018-04-08 00:00:00,0.0014614648814104984
2018-04-08 00:30:00,0.0014180031437133808
2018-04-08 01:00:00,0.0014481751560063466
2018-04-08 01:30:00,0.0014443271364088153
2018-04-08 02:00:00,0.0014434953891019882
2018-04-08 02:30:00,0.0014740450974085602
2018-04-08 03:00:00,0.0014808614230750936
2018-04-08 03:30:00,0.0014929544672123694
2018-04-08 04:00:00,0.0015255474063384368
2018-04-08 04:30:00,0.0015398967294545894
2018-04-08 05:00:00,0.002364492120696599
2018-04-08 05:30:00,0.0026468831585304674
2018-04-08 06:00:00,0.002259319863699342
2018-04-08 06:30:00,0.0020318365194945086
2018-04-08 07:00:00,0.0017798026739552202
2018-04-08 07:30:00,0.0019593365086704234
2018-04-08 08:00:00,0.0017355701776766072
2018-04-08 08:30:00,0.0015552153609242438
2018-04-08 09:00:00,0.0014857883136899978
2018-04-08 09:30:00,0.0013672976817806037
2018-04-08 10:00:00,0.0013423481709349352
2018-04-08 10:30:00,0.0013015521831391563
2018-04-08 11:00:00,0.0012166462842322654
2018-04-08 11:30:00,0.0012217088259266454
2018-04-08 12:00:00,0.0011866546336145702
2018-04-08 12:30:00,0.0011745527775831716
2018-04-08 13:00:00,0.0011793148033021244
2018-04-08 13:30:00,0.0011679346110135365
2018-04-08 14:00:00,0.0011810859940207957
2018-04-08 14:30:00,0.0011662544910035818
2018-04-08 15:00:00,0.001203864566694707
2018-04-08 15:30:00,0.0012047211001667759
2018-04-08 16:00:00,0.0011913317092015119
2018-04-08 16:30:00,0.0012382855180636172
2018-04-08 17:00:00,0.0012132892998382634
2018-04-08 17:30:00,0.0012284157625626893
2018-04-08 18:00:00,0.0012498997681507753
2018-04-08 18:30:00,0.0014264963771723066
2018-04-08 19:00:00,0.0016161254303346125
2018-04-08 19:30:00,0.001739034293867136
2018-04-08 20:00:00,0.0015793326035629398
2018-04-08 20:30:00,0.0014235217334848719
2018-04-08 21:00:00,0.0013729512280980436
2018-04-08 21:30:00,0.0013310193741273395
2018-04-08 22:00:00,0.0013548479946772565
2018-04-08 22:30:00,0.0013740854447558425
2018-04-08 23:00:00,0.0013658774475347518
2018-04-08 23:30:00,0.0013691156232873056
2018-04-09 00:00:00,0.0014992553621852403
2018-04-09 00:30:00,0.0016220004894387933
2018-04-09 01:00:00,0.0016702515132957954
2018-04-09 01:30:00,0.0017249893934774998
2018-04-09 02:00:00,0.0017207688868678141
2018-04-09 02:30:00,0.001731795170916093
2018-04-09 03:00:00,0.0017490887084695326
2018-04-09 03:30:00,0.0017633430541258792
2018-04-09 04:00:00,0.0017881201904318363
2018-04-09 04:30:00,0.0018102742906483597
2018-04-09 05:00:00,0.0024743816928170137
2018-04-09 05:30:00,0.00346017019829558
2018-04-09 06:00:00,0.0037925794137289963
2018-04-09 06:30:00,0.004126877109230443
2018-04-09 07:00:00,0.004424392352554775
2018-04-09 07:30:00,0.004449763922743081
2018-04-09 08:00:00,0.004515137325047484
2018-04-09 08:30:00,0.004537300888283311
2018-04-09 09:00:00,0.004609914368522356
2018-04-09 09:30:00,0.004714396085560478
2018-04-09 10:00:00,0.004779923283632746
2018-04-09 10:30:00,0.004859091250398677
2018-04-09 11:00:00,0.004950433174457769
2018-04-09 11:30:00,0.005059036557303027
2018-04-09 12:00:00,0.005156042011599008
2018-04-09 12:30:00,0.005205853478657608
2018-04-09 13:00:00,0.005130346007436941
2018-04-09 13:30:00,0.0050306698980965864
2018-04-09 14:00:00,0.00497042180595406
2018-04-09 14:30:00,0.004864946298255613
2018-04-09 15:00:00,0.004643583834615143
2018-04-09 15:30:00,0.004423003155275908
2018-04-09 16:00:00,0.004273385831332456
2018-04-09 16:30:00,0.004134334272300593
2018-04-09 17:00:00,0.004036052699465594
2018-04-09 17:30:00,0.003931027683576043
2018-04-09 18:00:00,0.003822509771762942
2018-04-09 18:30:00,0.003442451996898777
2018-04-09 19:00:00,0.0029516407804317506
2018-04-09 19:30:00,0.0027003583767602397
2018-04-09 20:00:00,0.0022252351099658046
2018-04-09 20:30:00,0.001900547457834565
2018-04-09 21:00:00,0.0017610446256435877
2018-04-09 21:30:00,0.0016325515389212799
2018-04-09 22:00:00,0.0016300384561708258
2018-04-09 22:30:00,0.00162865399040161
2018-04-09 23:00:00,0.001632730598346188
2018-04-09 23:30:00,0.0016441540687551714
2018-04-10 00:00:00,0.00166733911717571
2018-04-10 00:30:00,0.0016845958010438776
2018-04-10 01:00:00,0.0017015113821336387
2018-04-10 01:30:00,0.0017207934559913289
2018-04-10 02:00:00,0.0017268208783879767
2018-04-10 02:30:00,0.0017277372285600511
2018-04-10 03:00:00,0.0017523337427406646
2018-04-10 03:30:00,0.0017607319553314396
2018-04-10 04:00:00,0.0017868023998812046
2018-04-10 04:30:00,0.0018147858502141681
2018-04-10 05:00:00,0.002482976501804251
2018-04-10 05:30:00,0.003360078063372602
2018-04-10 06:00:00,0.0037262795036996895
2018-04-10 06:30:00,0.004027105327896756
2018-04-10 07:00:00,0.0043328121600876065
2018-04-10 07:30:00,0.0043691239789835435
2018-04-10 08:00:00,0.004455235067193015
2018-04-10 08:30:00,0.00449821093527971
2018-04-10 09:00:00,0.004591862183315797
2018-04-10 09:30:00,0.004692795181298143
2018-04-10 10:00:00,0.004757560779949803
2018-04-10 10:30:00,0.00482538814283818
2018-04-10 11:00:00,0.004887281888764389
2018-04-10 11:30:00,0.004943819522356059
2018-04-10 12:00:00,0.00499085528617434
2018-04-10 12:30:00,0.005021099529954106
2018-04-10 13:00:00,0.004940660523425573
2018-04-10 13:30:00,0.004828924403698817
2018-04-10 14:00:00,0.004757662876378259
2018-04-10 14:30:00,0.004625953752159568
2018-04-10 15:00:00,0.0043861694812511835
2018-04-10 15:30:00,0.004158682013253534
2018-04-10 16:00:00,0.004001913598483576
2018-04-10 16:30:00,0.003869709011410121
2018-04-10 17:00:00,0.003790815862879122
2018-04-10 17:30:00,0.0037071066452391064
2018-04-10 18:00:00,0.003622915377923066
2018-04-10 18:30:00,0.00328477886539332
2018-04-10 19:00:00,0.002831658333914886
2018-04-10 19:30:00,0.002588830834133285
2018-04-10 20:00:00,0.002162456181059542
2018-04-10 20:30:00,0.001869196474879659
2018-04-10 21:00:00,0.0017302716248081122
2018-04-10 21:30:00,0.00160925493105298
2018-04-10 22:00:00,0.0016033625086106264
2018-04-10 22:30:00,0.0015974255492058596
2018-04-10 23:00:00,0.0016001298891262878
2018-04-10 23:30:00,0.001612118102109345
2018-04-11 00:00:00,0.0016389035255167243
2018-04-11 00:30:00,0.0016559762882252956
2018-04-11 01:00:00,0.0016647476389534057
2018-04-11 01:30:00,0.0016766989114345
2018-04-11 02:00:00,0.0016762813665597872
2018-04-11 02:30:00,0.0016828514366826835
2018-04-11 03:00:00,0.0016926680169604565
2018-04-11 03:30:00,0.001701578100760568
2018-04-11 04:00:00,0.0017153325559109175
2018-04-11 04:30:00,0.0017399781649302148
2018-04-11 05:00:00,0.00234575200003163
2018-04-11 05:30:00,0.003320128668537789
2018-04-11 06:00:00,0.003695213843799309
2018-04-11 06:30:00,0.004034687159734987
2018-04-11 07:00:00,0.004345720673402172
2018-04-11 07:30:00,0.004340906687893737
2018-04-11 08:00:00,0.0044039169832811535
2018-04-11 08:30:00,0.004403373727838069
2018-04-11 09:00:00,0.004477024971391363
2018-04-11 09:30:00,0.0045466375458939855
2018-04-11 10:00:00,0.004584313906128586
2018-04-11 10:30:00,0.004624266469772617
2018-04-11 11:00:00,0.004667053989048481
2018-04-11 11:30:00,0.004721219660420698
2018-04-11 12:00:00,0.004772460651111071
2018-04-11 12:30:00,0.004812617451020362
2018-04-11 13:00:00,0.0047407348805017045
2018-04-11 13:30:00,0.004645563862883689
2018-04-11 14:00:00,0.004579310356375648
2018-04-11 14:30:00,0.00448055333193313
2018-04-11 15:00:00,0.004253837143417122
2018-04-11 15:30:00,0.004063478395968099
2018-04-11 16:00:00,0.003926789205911349
2018-04-11 16:30:00,0.003807705095103205
2018-04-11 17:00:00,0.0037410920806782945
2018-04-11 17:30:00,0.0036703931689228845
2018-04-11 18:00:00,0.0035963790750101225
2018-04-11 18:30:00,0.003274413690445974
2018-04-11 19:00:00,0.002838261437788657
2018-04-11 19:30:00,0.0025935775801146452
2018-04-11 20:00:00,0.0021572337230205893
2018-04-11 20:30:00,0.0018626257102232363
2018-04-11 21:00:00,0.0017201126395015697
2018-04-11 21:30:00,0.0015985164877432626
2018-04-11 22:00:00,0.0015908213167151084
2018-04-11 22:30:00,0.0015850883765338728
2018-04-11 23:00:00,0.00158785735148065
2018-04-11 23:30:00,0.0015934900617922822
2018-04-12 00:00:00,0.001616090530024885
2018-04-12 00:30:00,0.0016362442000505094
2018-04-12 01:00:00,0.0016560059361252254
2018-04-12 01:30:00,0.0016652670632148479
2018-04-12 02:00:00,0.001669601516731293
2018-04-12 02:30:00,0.0016788941148713535
2018-04-12 03:00:00,0.0016930362065464125
2018-04-12 03:30:00,0.001711893877010812
2018-04-12 04:00:00,0.0017266404298960148
2018-04-12 04:30:00,0.0017560246675360769
2018-04-12 05:00:00,0.002384190914670439
2018-04-12 05:30:00,0.003380399029161523
2018-04-12 06:00:00,0.003777455034605152
2018-04-12 06:30:00,0.004049996718860446
2018-04-12 07:00:00,0.004349216130418103
2018-04-12 07:30:00,0.00433774504105418
2018-04-12 08:00:00,0.004385983129224244
2018-04-12 08:30:00,0.004376518720852962
2018-04-12 09:00:00,0.004450884726222142
2018-04-12 09:30:00,0.004533907267245765
2018-04-12 10:00:00,0.0045804993543653826
2018-04-12 10:30:00,0.004628629442572011
2018-04-12 11:00:00,0.00468551195546814
2018-04-12 11:30:00,0.004747841347549107
2018-04-12 12:00:00,0.004801672297169696
2018-04-12 12:30:00,0.004836899037654864
2018-04-12 13:00:00,0.004762089008320257
2018-04-12 13:30:00,0.004682980597804259
2018-04-12 14:00:00,0.0046444199661648585
2018-04-12 14:30:00,0.0045598760928588725
2018-04-12 15:00:00,0.004337090790471825
2018-04-12 15:30:00,0.0041481297917457215
2018-04-12 16:00:00,0.004015894514972045
2018-04-12 16:30:00,0.003906384027932291
2018-04-12 17:00:00,0.0038347607788692456
2018-04-12 17:30:00,0.003751396006450236
2018-04-12 18:00:00,0.0036563343344543637
2018-04-12 18:30:00,0.0033085293075131137
2018-04-12 19:00:00,0.002879199327465654
2018-04-12 19:30:00,0.0026197146130663034
2018-04-12 20:00:00,0.0021750306671560068
2018-04-12 20:30:00,0.0018727776199694733
2018-04-12 21:00:00,0.0017296372118396203
2018-04-12 21:30:00,0.001611367137733367
2018-04-12 22:00:00,0.0016048159936490796
2018-04-12 22:30:00,0.0015987432529398007
2018-04-12 23:00:00,0.0016007827940499341
2018-04-12 23:30:00,0.0016080761774327676
2018-04-13 00:00:00,0.0016283679294052116
2018-04-13 00:30:00,0.00164154383812764
2018-04-13 01:00:00,0.0016547519124340338
2018-04-13 01:30:00,0.0016630358742596308
2018-04-13 02:00:00,0.0016661839342870675
2018-04-13 02:30:00,0.0016776083162713053
2018-04-13 03:00:00,0.0016988109489642993
2018-04-13 03:30:00,0.001709418733154266
2018-04-13 04:00:00,0.001721742883322623
2018-04-13 04:30:00,0.0017502053447474315
2018-04-13 05:00:00,0.0023791989115373863
2018-04-13 05:30:00,0.0032796006838667086
2018-04-13 06:00:00,0.003660194291346889
2018-04-13 06:30:00,0.0039648544615126765
2018-04-13 07:00:00,0.004250756757000214
2018-04-13 07:30:00,0.004263286055009083
2018-04-13 08:00:00,0.004333058589264625
2018-04-13 08:30:00,0.004361962947645933
2018-04-13 09:00:00,0.00445588020202283
2018-04-13 09:30:00,0.004529058381427602
2018-04-13 10:00:00,0.004586028145098051
2018-04-13 10:30:00,0.0046655528416467435
2018-04-13 11:00:00,0.004746217224304759
2018-04-13 11:30:00,0.00482737611483394
2018-04-13 12:00:00,0.0048972881635117
2018-04-13 12:30:00,0.004933512167324829
2018-04-13 13:00:00,0.004860530801358246
2018-04-13 13:30:00,0.004773804920752418
2018-04-13 14:00:00,0.0047127597211627185
2018-04-13 14:30:00,0.0046072995800185545
2018-04-13 15:00:00,0.004367750365300686
2018-04-13 15:30:00,0.004156472224612615
2018-04-13 16:00:00,0.004008222003100206
2018-04-13 16:30:00,0.003886839116543008
2018-04-13 17:00:00,0.00380790242944154
2018-04-13 17:30:00,0.0037158271647947157
2018-04-13 18:00:00,0.003614158178315567
2018-04-13 18:30:00,0.0032555280215987715
2018-04-13 19:00:00,0.0028272472646687537
2018-04-13 19:30:00,0.0025628957368045773
2018-04-13 20:00:00,0.0021348380987700815
2018-04-13 20:30:00,0.0018407948719551467
2018-04-13 21:00:00,0.0017084323219126638
2018-04-13 21:30:00,0.001595556342443202
2018-04-13 22:00:00,0.0015860534742778679
2018-04-13 22:30:00,0.0015795481259980111
2018-04-13 23:00:00,0.0015770708985408844
2018-04-13 23:30:00,0.0015833598128104157
2018-04-14 00:00:00,0.001522024819106611
2018-04-14 00:30:00,0.0014415500441014425
2018-04-14 01:00:00,0.0014216510508384692
2018-04-14 01:30:00,0.001389691309247222
2018-04-14 02:00:00,0.0013935365507106458
2018-04-14 02:30:00,0.001391275670447153
2018-04-14 03:00:00,0.0013994471178413901
2018-04-14 03:30:00,0.0013954586288380398
2018-04-14 04:00:00,0.0013742177533927198
2018-04-14 04:30:00,0.0013623095419902946
2018-04-14 05:00:00,0.001819368252199722
2018-04-14 05:30:00,0.0022057644268472115
2018-04-14 06:00:00,0.0020234841895248558
2018-04-14 06:30:00,0.0019018360779770663
2018-04-14 07:00:00,0.0017298405799379703
2018-04-14 07:30:00,0.0015897621964949071
2018-04-14 08:00:00,0.0014971537037327932
2018-04-14 08:30:00,0.0013998720421348261
2018-04-14 09:00:00,0.0013350638164879515
2018-04-14 09:30:00,0.0012922599756742047
2018-04-14 10:00:00,0.0012699147485127433
2018-04-14 10:30:00,0.001253909614060078
2018-04-14 11:00:00,0.001209773180449907
2018-04-14 11:30:00,0.001208334888332355
2018-04-14 12:00:00,0.0012056665773386354
2018-04-14 12:30:00,0.0011753697660525516
2018-04-14 13:00:00,0.0011972164049583785
2018-04-14 13:30:00,0.0011943718560822039
2018-04-14 14:00:00,0.0012218219914831873
2018-04-14 14:30:00,0.0012564931051468231
2018-04-14 15:00:00,0.0012617834538380312
2018-04-14 15:30:00,0.001290653259176376
2018-04-14 16:00:00,0.0013013147394896419
2018-04-14 16:30:00,0.0013185383896069359
2018-04-14 17:00:00,0.0013272035201137731
2018-04-14 17:30:00,0.0013466910022620487
2018-04-14 18:00:00,0.0013635809724280045
2018-04-14 18:30:00,0.0015344652168240356
2018-04-14 19:00:00,0.0017066863080343428
2018-04-14 19:30:00,0.0018295328371828255
2018-04-14 20:00:00,0.0017424451480178194
2018-04-14 20:30:00,0.001592314520389632
2018-04-14 21:00:00,0.0015421181081237386
2018-04-14 21:30:00,0.001504276318684696
2018-04-14 22:00:00,0.001499208524580519
2018-04-14 22:30:00,0.0014833649125812068
2018-04-14 23:00:00,0.001451903629020558
2018-04-14 23:30:00,0.0014431960451518878
2018-04-15 00:00:00,0.001393052113575622
2018-04-15 00:30:00,0.001337775579235449
2018-04-15 01:00:00,0.0013503579656507824
2018-04-15 01:30:00,0.0013301634483721065
2018-04-15 02:00:00,0.0013281856339291776
2018-04-15 02:30:00,0.0013388898280543488
2018-04-15 03:00:00,0.001339043493597179
2018-04-15 03:30:00,0.0013581642186348975
2018-04-15 04:00:00,0.0013759122415650128
2018-04-15 04:30:00,0.0013886843658582303
2018-04-15 05:00:00,0.0020735978220760096
2018-04-15 05:30:00,0.002183581590306012
2018-04-15 06:00:00,0.00191491110570471
2018-04-15 06:30:00,0.0016870253227293747
2018-04-15 07:00:00,0.0015014774353879165
2018-04-15 07:30:00,0.001653714018894749
2018-04-15 08:00:00,0.0015034017273409276
2018-04-15 08:30:00,0.001409690011479653
2018-04-15 09:00:00,0.0013480778988986088
2018-04-15 09:30:00,0.0012767875050283383
2018-04-15 10:00:00,0.001243811009762032
2018-04-15 10:30:00,0.0012213617327965693
2018-04-15 11:00:00,0.0011736850013496357
2018-04-15 11:30:00,0.0011638076927966028
2018-04-15 12:00:00,0.0011682771896756876
2018-04-15 12:30:00,0.0011775697444074027
2018-04-15 13:00:00,0.001176662379762833
2018-04-15 13:30:00,0.0011941660571165098
2018-04-15 14:00:00,0.0012175125845820566
2018-04-15 14:30:00,0.0012295551014052494
2018-04-15 15:00:00,0.001266266190262473
2018-04-15 15:30:00,0.0012533855885140202
2018-04-15 16:00:00,0.0012741414191074802
2018-04-15 16:30:00,0.0012785657713073153
2018-04-15 17:00:00,0.001252125531062813
2018-04-15 17:30:00,0.0012656564766425319
2018-04-15 18:00:00,0.0012315713322338857
2018-04-15 18:30:00,0.001361756606486179
2018-04-15 19:00:00,0.0015613420147985498
2018-04-15 19:30:00,0.0016583260253718876
2018-04-15 20:00:00,0.0015454510877027164
2018-04-15 20:30:00,0.0013971325848629432
2018-04-15 21:00:00,0.001362639488823925
2018-04-15 21:30:00,0.001323979886156939
2018-04-15 22:00:00,0.0013414488368342701
2018-04-15 22:30:00,0.001345524967287048
2018-04-15 23:00:00,0.001336441901230389
2018-04-15 23:30:00,0.0013374036565317856
2018-04-16 00:00:00,0.0014621393168734794
2018-04-16 00:30:00,0.001586644305267546
2018-04-16 01:00:00,0.0016267714138685596
2018-04-16 01:30:00,0.0016750901547444358
2018-04-16 02:00:00,0.0016762692556314116
2018-04-16 02:30:00,0.0016771098148323613
2018-04-16 03:00:00,0.0016853069599670942
2018-04-16 03:30:00,0.0017006106589659198
2018-04-16 04:00:00,0.001715537790568121
2018-04-16 04:30:00,0.0017391827504085143
2018-04-16 05:00:00,0.0023082277860477698
2018-04-16 05:30:00,0.0031081325538162693
2018-04-16 06:00:00,0.0034952936269186195
2018-04-16 06:30:00,0.0037884399505002334
2018-04-16 07:00:00,0.004120870956923058
2018-04-16 07:30:00,0.004193557406590774
2018-04-16 08:00:00,0.004310964522789834
2018-04-16 08:30:00,0.0043992610041500915
2018-04-16 09:00:00,0.0045373246326482625
2018-04-16 09:30:00,0.004693579136016649
2018-04-16 10:00:00,0.004830548396718128
2018-04-16 10:30:00,0.0049823768115528615
2018-04-16 11:00:00,0.005130009462534805
2018-04-16 11:30:00,0.005261070109481085
2018-04-16 12:00:00,0.0053749332381340205
2018-04-16 12:30:00,0.005432624535322244
2018-04-16 13:00:00,0.005367671673068389
2018-04-16 13:30:00,0.00528529227009069
2018-04-16 14:00:00,0.005235487922000742
2018-04-16 14:30:00,0.005141197486078165
2018-04-16 15:00:00,0.0049272142675277925
2018-04-16 15:30:00,0.004709189732017681
2018-04-16 16:00:00,0.0045455275510929375
2018-04-16 16:30:00,0.004379123221578896
2018-04-16 17:00:00,0.004252595577921068
2018-04-16 17:30:00,0.004105288880204974
2018-04-16 18:00:00,0.003948943827028017
2018-04-16 18:30:00,0.003450418990986028
2018-04-16 19:00:00,0.002954350937070467
2018-04-16 19:30:00,0.002635179530660064
2018-04-16 20:00:00,0.0021855591008905235
2018-04-16 20:30:00,0.0018845954117883632
2018-04-16 21:00:00,0.0017273022769388202
2018-04-16 21:30:00,0.0016010079531376914
2018-04-16 22:00:00,0.0015932046953294108
2018-04-16 22:30:00,0.0015771594081572205
2018-04-16 23:00:00,0.0015756255308630271
2018-04-16 23:30:00,0.001584233058495476
2018-04-17 00:00:00,0.0016038642656754777
2018-04-17 00:30:00,0.0016251205944917716
2018-04-17 01:00:00,0.0016341773984994443
2018-04-17 01:30:00,0.0016389670753344373
2018-04-17 02:00:00,0.0016413924732271178
2018-04-17 02:30:00,0.0016391541218949046
2018-04-17 03:00:00,0.0016571414550333875
2018-04-17 03:30:00,0.0016660822719420654
2018-04-17 04:00:00,0.0016831643674449044
2018-04-17 04:30:00,0.0017098718294638873
2018-04-17 05:00:00,0.0022562181203764813
2018-04-17 05:30:00,0.0030149514615695587
2018-04-17 06:00:00,0.003437583056425025
2018-04-17 06:30:00,0.003739274399621665
2018-04-17 07:00:00,0.004103451057676065
2018-04-17 07:30:00,0.004192461476093647
2018-04-17 08:00:00,0.004329294955490613
2018-04-17 08:30:00,0.004428343597197745
2018-04-17 09:00:00,0.004586227259178548
2018-04-17 09:30:00,0.004752082907206327
2018-04-17 10:00:00,0.004881022752619823
2018-04-17 10:30:00,0.005032745424725085
2018-04-17 11:00:00,0.005160096828554179
2018-04-17 11:30:00,0.00525120764658219
2018-04-17 12:00:00,0.00532725694077054
2018-04-17 12:30:00,0.005357617822774483
2018-04-17 13:00:00,0.005267774658658129
2018-04-17 13:30:00,0.005147615974258811
2018-04-17 14:00:00,0.005077460882254976
2018-04-17 14:30:00,0.0049614164408357244
2018-04-17 15:00:00,0.0047393115642633266
2018-04-17 15:30:00,0.00452055911420866
2018-04-17 16:00:00,0.004368825980692151
2018-04-17 16:30:00,0.004228577479943339
2018-04-17 17:00:00,0.004145439082045758
2018-04-17 17:30:00,0.004046494533550974
2018-04-17 18:00:00,0.003946264012822758
2018-04-17 18:30:00,0.0034819166073318036
2018-04-17 19:00:00,0.0030163354064386286
2018-04-17 19:30:00,0.002739321360353451
2018-04-17 20:00:00,0.002252532578215903
2018-04-17 20:30:00,0.0019174477157783885
2018-04-17 21:00:00,0.0017620446236973103
2018-04-17 21:30:00,0.001632737673906493
2018-04-17 22:00:00,0.0016274663380705843
2018-04-17 22:30:00,0.0016218038496339853
2018-04-17 23:00:00,0.0016227019683009783
2018-04-17 23:30:00,0.0016375604279007055
2018-04-18 00:00:00,0.0016620864903366828
2018-04-18 00:30:00,0.0016825680235953563
2018-04-18 01:00:00,0.0017030008526904552
2018-04-18 01:30:00,0.0017155563259316205
2018-04-18 02:00:00,0.001719679207172429
2018-04-18 02:30:00,0.0017293626540547612
2018-04-18 03:00:00,0.0017521982218862253
2018-04-18 03:30:00,0.0017649642690110824
2018-04-18 04:00:00,0.0017790933815908573
2018-04-18 04:30:00,0.001803104013333172
2018-04-18 05:00:00,0.0024600575465412115
2018-04-18 05:30:00,0.0034303675042055516
2018-04-18 06:00:00,0.0037499748172207838
2018-04-18 06:30:00,0.00408142336256144
2018-04-18 07:00:00,0.004413009468948771
2018-04-18 07:30:00,0.004414885056738207
2018-04-18 08:00:00,0.00448093289450559
2018-04-18 08:30:00,0.004494861200079395
2018-04-18 09:00:00,0.004593872380384419
2018-04-18 09:30:00,0.004697127594622352
2018-04-18 10:00:00,0.0047627647460336
2018-04-18 10:30:00,0.004835564751932968
2018-04-18 11:00:00,0.004896572750570632
2018-04-18 11:30:00,0.004976882052963013
2018-04-18 12:00:00,0.0050531249917803375
2018-04-18 12:30:00,0.005090962396976491
2018-04-18 13:00:00,0.005016274562134276
2018-04-18 13:30:00,0.0049218604992439085
2018-04-18 14:00:00,0.004860354303025718
2018-04-18 14:30:00,0.004754044790786482
2018-04-18 15:00:00,0.004522482841853181
2018-04-18 15:30:00,0.004332692873954358
2018-04-18 16:00:00,0.004197609011328382
2018-04-18 16:30:00,0.00407832713209845
2018-04-18 17:00:00,0.0039988683728264685
2018-04-18 17:30:00,0.003907054686869219
2018-04-18 18:00:00,0.0038060415570812054
2018-04-18 18:30:00,0.003368918997678441
2018-04-18 19:00:00,0.0029350095240045703
2018-04-18 19:30:00,0.002654051482470111
2018-04-18 20:00:00,0.002180448853424513
2018-04-18 20:30:00,0.0018534859528674423
2018-04-18 21:00:00,0.0017148838004358386
2018-04-18 21:30:00,0.0015968239095381688
2018-04-18 22:00:00,0.001589297510157055
2018-04-18 22:30:00,0.0015777187680964602
2018-04-18 23:00:00,0.0015789233930905504
2018-04-18 23:30:00,0.00158564044387108
2018-04-19 00:00:00,0.0016012091942271152
2018-04-19 00:30:00,0.0016199521798428824
2018-04-19 01:00:00,0.001633972120433895
2018-04-19 01:30:00,0.0016400589688554397
2018-04-19 02:00:00,0.0016447530605137907
2018-04-19 02:30:00,0.001646917791292151
2018-04-19 03:00:00,0.0016631310253528186
2018-04-19 03:30:00,0.0016758417268372496
2018-04-19 04:00:00,0.0016913534386273864
2018-04-19 04:30:00,0.00172214783977716
2018-04-19 05:00:00,0.002310426722602331
2018-04-19 05:30:00,0.003219128691478442
2018-04-19 06:00:00,0.0035437760606651207
2018-04-19 06:30:00,0.003814801578231158
2018-04-19 07:00:00,0.004165953952913724
2018-04-19 07:30:00,0.004189253338916132
2018-04-19 08:00:00,0.004285194073315351
2018-04-19 08:30:00,0.004366865529587395
2018-04-19 09:00:00,0.0045360807231015566
2018-04-19 09:30:00,0.0047063205272013
2018-04-19 10:00:00,0.004840585057307242
2018-04-19 10:30:00,0.004993799847878391
2018-04-19 11:00:00,0.005143122906648157
2018-04-19 11:30:00,0.005272970811239751
2018-04-19 12:00:00,0.0053909398050620855
2018-04-19 12:30:00,0.00545375007479375
2018-04-19 13:00:00,0.0053892408024218685
2018-04-19 13:30:00,0.005284193865317873
2018-04-19 14:00:00,0.005208305702907767
2018-04-19 14:30:00,0.00509123096440968
2018-04-19 15:00:00,0.004848751208883336
2018-04-19 15:30:00,0.004645966996187719
2018-04-19 16:00:00,0.004474255866219549
2018-04-19 16:30:00,0.004289262911166096
2018-04-19 17:00:00,0.004146061644535948
2018-04-19 17:30:00,0.003994621170084342
2018-04-19 18:00:00,0.0038405462865567994
2018-04-19 18:30:00,0.0033468956868067047
2018-04-19 19:00:00,0.00287431766834669
2018-04-19 19:30:00,0.0025737231238140857
2018-04-19 20:00:00,0.0021358845437534166
2018-04-19 20:30:00,0.0018337802135583335
2018-04-19 21:00:00,0.0016872246538515994
2018-04-19 21:30:00,0.0015590036072301154
2018-04-19 22:00:00,0.001547196233414129
2018-04-19 22:30:00,0.0015346480527749962
2018-04-19 23:00:00,0.0015284599326835582
2018-04-19 23:30:00,0.001532874518005671
2018-04-20 00:00:00,0.0015495456232939577
2018-04-20 00:30:00,0.0015606077626355635
2018-04-20 01:00:00,0.0015733658660332067
2018-04-20 01:30:00,0.0015785706568755679
2018-04-20 02:00:00,0.0015734696119787896
2018-04-20 02:30:00,0.0015824177648978456
2018-04-20 03:00:00,0.0015939218446042965
2018-04-20 03:30:00,0.001599940802373585
2018-04-20 04:00:00,0.0016165213578533
2018-04-20 04:30:00,0.001643389778017146
2018-04-20 05:00:00,0.002148704894718409
2018-04-20 05:30:00,0.002901043101420682
2018-04-20 06:00:00,0.0033190571335307943
2018-04-20 06:30:00,0.003610790732510316
2018-04-20 07:00:00,0.003983313556549317
2018-04-20 07:30:00,0.00405720332896076
2018-04-20 08:00:00,0.004190489695410733
2018-04-20 08:30:00,0.004289770050865781
2018-04-20 09:00:00,0.004458631857039779
2018-04-20 09:30:00,0.00462694233381844
2018-04-20 10:00:00,0.004760846183982186
2018-04-20 10:30:00,0.004911747526783524
2018-04-20 11:00:00,0.005051066524631595
2018-04-20 11:30:00,0.005172548034949617
2018-04-20 12:00:00,0.005283259110007335
2018-04-20 12:30:00,0.0053501154716167395
2018-04-20 13:00:00,0.005292866635693507
2018-04-20 13:30:00,0.005215821076569141
2018-04-20 14:00:00,0.005156021001959819
2018-04-20 14:30:00,0.005047365442283352
2018-04-20 15:00:00,0.004798962531206088
2018-04-20 15:30:00,0.0045760209587754844
2018-04-20 16:00:00,0.004390242182444671
2018-04-20 16:30:00,0.004214286324010066
2018-04-20 17:00:00,0.004084756559182145
2018-04-20 17:30:00,0.0039372639435225655
2018-04-20 18:00:00,0.0037818967935515056
2018-04-20 18:30:00,0.003286960438609708
2018-04-20 19:00:00,0.0028282395360369897
2018-04-20 19:30:00,0.0025145651020420526
2018-04-20 20:00:00,0.0021103441585097246
2018-04-20 20:30:00,0.00184274099830591
2018-04-20 21:00:00,0.0016890073477818105
2018-04-20 21:30:00,0.0015571818023806696
2018-04-20 22:00:00,0.0015428789261941293
2018-04-20 22:30:00,0.0015288529518431015
2018-04-20 23:00:00,0.0015270595794599144
2018-04-20 23:30:00,0.001535618793603897
2018-04-21 00:00:00,0.0014696110217393482
2018-04-21 00:30:00,0.0013946394265430425
2018-04-21 01:00:00,0.0013758952254936032
2018-04-21 01:30:00,0.0013368772001183834
2018-04-21 02:00:00,0.0013423033735224493
2018-04-21 02:30:00,0.0013302351589587606
2018-04-21 03:00:00,0.0013458350765068157
2018-04-21 03:30:00,0.0013425916483444647
2018-04-21 04:00:00,0.0013264565927139206
2018-04-21 04:30:00,0.0013243934808722176
2018-04-21 05:00:00,0.0016782874398355925
2018-04-21 05:30:00,0.0019713773325681447
2018-04-21 06:00:00,0.001831674084046307
2018-04-21 06:30:00,0.0016828448386141776
2018-04-21 07:00:00,0.0015655087818765901
2018-04-21 07:30:00,0.0014254776701217028
2018-04-21 08:00:00,0.0013580515305701556
2018-04-21 08:30:00,0.0012784605060696423
2018-04-21 09:00:00,0.0012178773449087236
2018-04-21 09:30:00,0.001192589292377029
2018-04-21 10:00:00,0.0011681547347332235
2018-04-21 10:30:00,0.0011781542811869932
2018-04-21 11:00:00,0.0011582260741075444
2018-04-21 11:30:00,0.0011670895807530074
2018-04-21 12:00:00,0.0011777965530122862
2018-04-21 12:30:00,0.0011525358911465596
2018-04-21 13:00:00,0.001197144650963379
2018-04-21 13:30:00,0.0011838146860230114
2018-04-21 14:00:00,0.0011838285332852042
2018-04-21 14:30:00,0.0012260737086932385
2018-04-21 15:00:00,0.0012104790869633258
2018-04-21 15:30:00,0.0012118433678519158
2018-04-21 16:00:00,0.0012439352010383134
2018-04-21 16:30:00,0.0012573874472877635
2018-04-21 17:00:00,0.001256544934711269
2018-04-21 17:30:00,0.0012798609027016316
2018-04-21 18:00:00,0.0012993396597724754
2018-04-21 18:30:00,0.0013945752690084938
2018-04-21 19:00:00,0.0016320998750870574
2018-04-21 19:30:00,0.0017324353571945275
2018-04-21 20:00:00,0.0016741692032877455
2018-04-21 20:30:00,0.001572706102590982
2018-04-21 21:00:00,0.0015233176498586193
2018-04-21 21:30:00,0.001475820628961775
2018-04-21 22:00:00,0.0014690603434691948
2018-04-21 22:30:00,0.0014481676897709324
2018-04-21 23:00:00,0.0014130600183772848
2018-04-21 23:30:00,0.0014048706867447298
2018-04-22 00:00:00,0.0013504311521211811
2018-04-22 00:30:00,0.001286882506433714
2018-04-22 01:00:00,0.0013009506302881567
2018-04-22 01:30:00,0.0012758962448799235
2018-04-22 02:00:00,0.0012712563702450175
2018-04-22 02:30:00,0.0012828687537733223
2018-04-22 03:00:00,0.0012683233551608521
2018-04-22 03:30:00,0.0012879045125185704
2018-04-22 04:00:00,0.0012933577293218405
2018-04-22 04:30:00,0.0013167046908708416
2018-04-22 05:00:00,0.0019012985524355789
2018-04-22 05:30:00,0.00195659192921378
2018-04-22 06:00:00,0.0017362502996328393
2018-04-22 06:30:00,0.0015273693414129185
2018-04-22 07:00:00,0.0014078608706198296
2018-04-22 07:30:00,0.001562946039978962
2018-04-22 08:00:00,0.001421070854893422
2018-04-22 08:30:00,0.0012965374774414427
2018-04-22 09:00:00,0.0012485641367701707
2018-04-22 09:30:00,0.0011808663043845632
2018-04-22 10:00:00,0.0011322535153767289
2018-04-22 10:30:00,0.0011231022982177413
2018-04-22 11:00:00,0.0010734865159803498
2018-04-22 11:30:00,0.0010780340176561763
2018-04-22 12:00:00,0.0010935129561455118
2018-04-22 12:30:00,0.0010839336892922169
2018-04-22 13:00:00,0.0011131281022377037
2018-04-22 13:30:00,0.0011373860747322909
2018-04-22 14:00:00,0.0011620458348721992
2018-04-22 14:30:00,0.0011829789885567502
2018-04-22 15:00:00,0.001220141220348051
2018-04-22 15:30:00,0.0012420799283545396
2018-04-22 16:00:00,0.0012387326674299145
2018-04-22 16:30:00,0.0012779385207158196
2018-04-22 17:00:00,0.00124318818682177
2018-04-22 17:30:00,0.0011973906460569434
2018-04-22 18:00:00,0.0011852442964714767
2018-04-22 18:30:00,0.001196043381239763
2018-04-22 19:00:00,0.0014068405140520992
2018-04-22 19:30:00,0.0015216871455874935
2018-04-22 20:00:00,0.0014386757605086469
2018-04-22 20:30:00,0.001347538723839995
2018-04-22 21:00:00,0.0013171433322014345
2018-04-22 21:30:00,0.0012592777939146465
2018-04-22 22:00:00,0.0012646165863193573
2018-04-22 22:30:00,0.001270179235561462
2018-04-22 23:00:00,0.0012560318914766055
2018-04-22 23:30:00,0.001245186793862161
2018-04-23 00:00:00,0.0013656185167542484
2018-04-23 00:30:00,0.0014874549771128685
2018-04-23 01:00:00,0.0015282386369385448
2018-04-23 01:30:00,0.0015741751278171
2018-04-23 02:00:00,0.0015726786685166688
2018-04-23 02:30:00,0.001581077922907734
2018-04-23 03:00:00,0.0015869042778483397
2018-04-23 03:30:00,0.0015988028960064243
2018-04-23 04:00:00,0.0016168790426196616
2018-04-23 04:30:00,0.0016465199972146099
2018-04-23 05:00:00,0.002128895756730481
2018-04-23 05:30:00,0.0029519001887040536
2018-04-23 06:00:00,0.0034083731901085636
2018-04-23 06:30:00,0.003714114228075614
2018-04-23 07:00:00,0.00405458463370587
2018-04-23 07:30:00,0.004132332409634294
2018-04-23 08:00:00,0.004265855134525145
2018-04-23 08:30:00,0.004382437535569338
2018-04-23 09:00:00,0.004570739812653508
2018-04-23 09:30:00,0.004770131489520215
2018-04-23 10:00:00,0.004929514866427356
2018-04-23 10:30:00,0.0050913920527795795
2018-04-23 11:00:00,0.005228408541760889
2018-04-23 11:30:00,0.00534671160620967
2018-04-23 12:00:00,0.005453087055725617
2018-04-23 12:30:00,0.005527841131702963
2018-04-23 13:00:00,0.005476776899795188
2018-04-23 13:30:00,0.005399790679879027
2018-04-23 14:00:00,0.005349685208096815
2018-04-23 14:30:00,0.005240796328563651
2018-04-23 15:00:00,0.005015294054427653
2018-04-23 15:30:00,0.0047897342208256125
2018-04-23 16:00:00,0.004609096034394268
2018-04-23 16:30:00,0.004431097596265348
2018-04-23 17:00:00,0.004303636108872237
2018-04-23 17:30:00,0.004159897360108945
2018-04-23 18:00:00,0.003996589217649549
2018-04-23 18:30:00,0.0034196904402962747
2018-04-23 19:00:00,0.0029182043737455894
2018-04-23 19:30:00,0.0025937241700971702
2018-04-23 20:00:00,0.002152044168507475
2018-04-23 20:30:00,0.00185254772488927
2018-04-23 21:00:00,0.0017054288984922072
2018-04-23 21:30:00,0.0015676143904884716
2018-04-23 22:00:00,0.0015480803311855472
2018-04-23 22:30:00,0.0015380161062970832
2018-04-23 23:00:00,0.0015348775961056419
2018-04-23 23:30:00,0.0015402031489649957
2018-04-24 00:00:00,0.0015579882426221096
2018-04-24 00:30:00,0.0015702932931184767
2018-04-24 01:00:00,0.001582721102415726
2018-04-24 01:30:00,0.0015911959307361883
2018-04-24 02:00:00,0.0015964463871579447
2018-04-24 02:30:00,0.0015920667889622498
2018-04-24 03:00:00,0.0016102284500159889
2018-04-24 03:30:00,0.0016135233604760227
2018-04-24 04:00:00,0.001631126399532394
2018-04-24 04:30:00,0.0016556745134078505
2018-04-24 05:00:00,0.0021181705529661203
2018-04-24 05:30:00,0.0029275850474185317
2018-04-24 06:00:00,0.0033631181668449493
2018-04-24 06:30:00,0.0036478084145113274
2018-04-24 07:00:00,0.003994197287591196
2018-04-24 07:30:00,0.004074679355198397
2018-04-24 08:00:00,0.004218707767850757
2018-04-24 08:30:00,0.004352960100211633
2018-04-24 09:00:00,0.004556960224071154
2018-04-24 09:30:00,0.004772410601288789
2018-04-24 10:00:00,0.004943685433977019
2018-04-24 10:30:00,0.005127165347742085
2018-04-24 11:00:00,0.005294855475856175
2018-04-24 11:30:00,0.005431043256114838
2018-04-24 12:00:00,0.005543369859564509
2018-04-24 12:30:00,0.005616525032546203
2018-04-24 13:00:00,0.005554443979609454
2018-04-24 13:30:00,0.005456487491873397
2018-04-24 14:00:00,0.005385674763436264
2018-04-24 14:30:00,0.005252324022410016
2018-04-24 15:00:00,0.0050007514773576355
2018-04-24 15:30:00,0.004749726224724466
2018-04-24 16:00:00,0.0045605747501786045
2018-04-24 16:30:00,0.004371624863988932
2018-04-24 17:00:00,0.004231009649537907
2018-04-24 17:30:00,0.004081292616624998
2018-04-24 18:00:00,0.003918202904959816
2018-04-24 18:30:00,0.003370099617857507
2018-04-24 19:00:00,0.002890316986081067
2018-04-24 19:30:00,0.0025667184493367214
2018-04-24 20:00:00,0.0021289194142787415
2018-04-24 20:30:00,0.0018534178451734594
2018-04-24 21:00:00,0.0016989808058199757
2018-04-24 21:30:00,0.0015619390097732794
2018-04-24 22:00:00,0.0015446387005179523
2018-04-24 22:30:00,0.0015303202841437475
2018-04-24 23:00:00,0.0015223127466618628
2018-04-24 23:30:00,0.0015258187084973883
2018-04-25 00:00:00,0.0015375481643333236
2018-04-25 00:30:00,0.0015482650771037067
2018-04-25 01:00:00,0.0015549245250098477
2018-04-25 01:30:00,0.0015570523152862452
2018-04-25 02:00:00,0.0015551600586921632
2018-04-25 02:30:00,0.0015534373550953394
2018-04-25 03:00:00,0.001563286708673914
2018-04-25 03:30:00,0.0015674903728455716
2018-04-25 04:00:00,0.001579653174193957
2018-04-25 04:30:00,0.0016057875592365438
2018-04-25 05:00:00,0.001971645118651116
2018-04-25 05:30:00,0.00274177119714461
2018-04-25 06:00:00,0.0031891887402001563
2018-04-25 06:30:00,0.0034842220245577095
2018-04-25 07:00:00,0.003873030140510796
2018-04-25 07:30:00,0.0040004600700367775
2018-04-25 08:00:00,0.004189894046094711
2018-04-25 08:30:00,0.004355872973823518
2018-04-25 09:00:00,0.004587890797200548
2018-04-25 09:30:00,0.0047907031385040055
2018-04-25 10:00:00,0.004962912683094428
2018-04-25 10:30:00,0.005161491755734644
2018-04-25 11:00:00,0.005319037570562948
2018-04-25 11:30:00,0.005378782559981915
2018-04-25 12:00:00,0.005444842421860982
2018-04-25 12:30:00,0.00550353996790467
2018-04-25 13:00:00,0.005432643157502434
2018-04-25 13:30:00,0.005340063227431614
2018-04-25 14:00:00,0.005269279539177574
2018-04-25 14:30:00,0.005147995276381198
2018-04-25 15:00:00,0.004893115492898681
2018-04-25 15:30:00,0.004665524973488976
2018-04-25 16:00:00,0.004485411550545561
2018-04-25 16:30:00,0.004319745206312212
2018-04-25 17:00:00,0.004190222430227906
2018-04-25 17:30:00,0.004042336317916983
2018-04-25 18:00:00,0.003880619047909332
2018-04-25 18:30:00,0.0033413211436779523
2018-04-25 19:00:00,0.0028714891371499794
2018-04-25 19:30:00,0.002550975240840395
2018-04-25 20:00:00,0.0021281965351022582
2018-04-25 20:30:00,0.0018655057237176287
2018-04-25 21:00:00,0.001699979805481753
2018-04-25 21:30:00,0.001556432227071746
2018-04-25 22:00:00,0.0015406024623346266
2018-04-25 22:30:00,0.0015276125583723755
2018-04-25 23:00:00,0.0015220380152436224
2018-04-25 23:30:00,0.0015268944975222354
2018-04-26 00:00:00,0.0015438082988698336
2018-04-26 00:30:00,0.0015492059529909506
2018-04-26 01:00:00,0.0015565703524269112
2018-04-26 01:30:00,0.0015594542726723927
2018-04-26 02:00:00,0.001564807997547932
2018-04-26 02:30:00,0.0015535537328694431
2018-04-26 03:00:00,0.001576775114075109
2018-04-26 03:30:00,0.001573374547702293
2018-04-26 04:00:00,0.0015918662858146985
2018-04-26 04:30:00,0.0016244132120946076
2018-04-26 05:00:00,0.001989914606034908
2018-04-26 05:30:00,0.0026977780978910564
2018-04-26 06:00:00,0.003168537002819043
2018-04-26 06:30:00,0.003465034190217953
2018-04-26 07:00:00,0.00385688683729462
2018-04-26 07:30:00,0.0039921714635182196
2018-04-26 08:00:00,0.004198647035092704
2018-04-26 08:30:00,0.004387107752637702
2018-04-26 09:00:00,0.004645286440148031
2018-04-26 09:30:00,0.0048789890282279775
2018-04-26 10:00:00,0.0050728970590412665
2018-04-26 10:30:00,0.005270006151471765
2018-04-26 11:00:00,0.005440916701325128
2018-04-26 11:30:00,0.0055645589922620736
2018-04-26 12:00:00,0.005661738644248276
2018-04-26 12:30:00,0.00571488968895436
2018-04-26 13:00:00,0.005638164526827628
2018-04-26 13:30:00,0.0055463118601761785
2018-04-26 14:00:00,0.005472277103890992
2018-04-26 14:30:00,0.005344870484646507
2018-04-26 15:00:00,0.005080593271869711
2018-04-26 15:30:00,0.004846749085766966
2018-04-26 16:00:00,0.004657053574427802
2018-04-26 16:30:00,0.004479120031775303
2018-04-26 17:00:00,0.004338444045640676
2018-04-26 17:30:00,0.004190031259874622
2018-04-26 18:00:00,0.004018755385386102
2018-04-26 18:30:00,0.0034509833862933375
2018-04-26 19:00:00,0.0029576409857958123
2018-04-26 19:30:00,0.0026158323008758804
2018-04-26 20:00:00,0.002155396638433552
2018-04-26 20:30:00,0.0018707181544287861
2018-04-26 21:00:00,0.0017042364712431836
2018-04-26 21:30:00,0.0015726840945598478
2018-04-26 22:00:00,0.001556936284778905
2018-04-26 22:30:00,0.0015377530083154184
2018-04-26 23:00:00,0.0015312785667775098
2018-04-26 23:30:00,0.0015344195512446406
2018-04-27 00:00:00,0.0015497352309468057
2018-04-27 00:30:00,0.0015602151775594743
2018-04-27 01:00:00,0.001565729817171531
2018-04-27 01:30:00,0.0015680424401827789
2018-04-27 02:00:00,0.0015657145808422842
2018-04-27 02:30:00,0.0015620929357661822
2018-04-27 03:00:00,0.0015768812040713454
2018-04-27 03:30:00,0.0015824085623286138
2018-04-27 04:00:00,0.0015911450995636871
2018-04-27 04:30:00,0.0016247162023457248
2018-04-27 05:00:00,0.002007548942508336
2018-04-27 05:30:00,0.0027396493972198827
2018-04-27 06:00:00,0.0031688883065586265
2018-04-27 06:30:00,0.003476591445147559
2018-04-27 07:00:00,0.0038814257051924994
2018-04-27 07:30:00,0.004017453048206445
2018-04-27 08:00:00,0.004225478818613005
2018-04-27 08:30:00,0.00440562501485722
2018-04-27 09:00:00,0.004674371507471374
2018-04-27 09:30:00,0.0049540923677526705
2018-04-27 10:00:00,0.005203437934459341
2018-04-27 10:30:00,0.005441186831458752
2018-04-27 11:00:00,0.0056580374316749955
2018-04-27 11:30:00,0.005807488631880478
2018-04-27 12:00:00,0.00593980595042702
2018-04-27 12:30:00,0.0060170978519117155
2018-04-27 13:00:00,0.005950779059252145
2018-04-27 13:30:00,0.0058217927669090355
2018-04-27 14:00:00,0.005731398099763965
2018-04-27 14:30:00,0.00561360738401632
2018-04-27 15:00:00,0.005344885851200791
2018-04-27 15:30:00,0.00510278314056287
2018-04-27 16:00:00,0.0049004243730608335
2018-04-27 16:30:00,0.004675673540792614
2018-04-27 17:00:00,0.004497708353456295
2018-04-27 17:30:00,0.004354044006597076
2018-04-27 18:00:00,0.00418826141481466
2018-04-27 18:30:00,0.003560078846142415
2018-04-27 19:00:00,0.00303078300604884
2018-04-27 19:30:00,0.002692868179939216
2018-04-27 20:00:00,0.0021948833437144036
2018-04-27 20:30:00,0.0018870730733289444
2018-04-27 21:00:00,0.0017253455155434257
2018-04-27 21:30:00,0.0015915830029524076
2018-04-27 22:00:00,0.0015706508042514565
2018-04-27 22:30:00,0.0015505182306817123
2018-04-27 23:00:00,0.0015475023056577713
2018-04-27 23:30:00,0.0015475820901966761
2018-04-28 00:00:00,0.0014847914410371465
2018-04-28 00:30:00,0.001402261324284107
2018-04-28 01:00:00,0.0013823115432569782
2018-04-28 01:30:00,0.0013414600795957372
2018-04-28 02:00:00,0.0013345249452877558
2018-04-28 02:30:00,0.0013274421791969596
2018-04-28 03:00:00,0.0013309487053409757
2018-04-28 03:30:00,0.0013229993350419703
2018-04-28 04:00:00,0.0013071371876791586
2018-04-28 04:30:00,0.0012956802060275015
2018-04-28 05:00:00,0.0015750847931039777
2018-04-28 05:30:00,0.0017772431442751534
2018-04-28 06:00:00,0.0016771932890806275
2018-04-28 06:30:00,0.0015635912616254665
2018-04-28 07:00:00,0.0014589790156926308
2018-04-28 07:30:00,0.0013595663081923588
2018-04-28 08:00:00,0.001306492790791217
2018-04-28 08:30:00,0.0012707116823265337
2018-04-28 09:00:00,0.0012515735505422968
2018-04-28 09:30:00,0.001250856140817338
2018-04-28 10:00:00,0.00128200236660684
2018-04-28 10:30:00,0.0013146595066758017
2018-04-28 11:00:00,0.001314403527662788
2018-04-28 11:30:00,0.0013380829971378
2018-04-28 12:00:00,0.0013600085090072773
2018-04-28 12:30:00,0.0013548939641150693
2018-04-28 13:00:00,0.0014027451537022948
2018-04-28 13:30:00,0.0014069950477618382
2018-04-28 14:00:00,0.0013988208222334936
2018-04-28 14:30:00,0.0014281211949501806
2018-04-28 15:00:00,0.0014198367556327836
2018-04-28 15:30:00,0.0014133124813143186
2018-04-28 16:00:00,0.001421389602373931
2018-04-28 16:30:00,0.00139815715204018
2018-04-28 17:00:00,0.0013768313264628494
2018-04-28 17:30:00,0.0013682570062146563
2018-04-28 18:00:00,0.0013479364311008452
2018-04-28 18:30:00,0.0013723047476095211
2018-04-28 19:00:00,0.0015860546897115396
2018-04-28 19:30:00,0.001684730800998172
2018-04-28 20:00:00,0.0016553254234938847
2018-04-28 20:30:00,0.0015763341721022083
2018-04-28 21:00:00,0.0015157388566045685
2018-04-28 21:30:00,0.0014769944774389537
2018-04-28 22:00:00,0.001466008780193654
2018-04-28 22:30:00,0.0014478763763647365
2018-04-28 23:00:00,0.0014150252009916928
2018-04-28 23:30:00,0.001392441184522009
2018-04-29 00:00:00,0.0013344940385458081
2018-04-29 00:30:00,0.0012768502734958336
2018-04-29 01:00:00,0.0012817980435248905
2018-04-29 01:30:00,0.0012576761127848879
2018-04-29 02:00:00,0.0012489866301962625
2018-04-29 02:30:00,0.0012549541056678685
2018-04-29 03:00:00,0.0012483504808939532
2018-04-29 03:30:00,0.0012563161293224958
2018-04-29 04:00:00,0.0012670873459330145
2018-04-29 04:30:00,0.0012776670449234865
2018-04-29 05:00:00,0.0018032283782428353
2018-04-29 05:30:00,0.0018404863254358143
2018-04-29 06:00:00,0.0016170238528600235
2018-04-29 06:30:00,0.0014068562278731459
2018-04-29 07:00:00,0.0013103085579880924
2018-04-29 07:30:00,0.0014304447568644772
2018-04-29 08:00:00,0.001327259647104417
2018-04-29 08:30:00,0.0012306190833601387
2018-04-29 09:00:00,0.0012037277869982501
2018-04-29 09:30:00,0.0011439422107763035
2018-04-29 10:00:00,0.0011223203402831248
2018-04-29 10:30:00,0.001119991656184067
2018-04-29 11:00:00,0.0010616285714419348
2018-04-29 11:30:00,0.0010868035886421237
2018-04-29 12:00:00,0.0010989429928923212
2018-04-29 12:30:00,0.001082974755533273
2018-04-29 13:00:00,0.0011194112431972927
2018-04-29 13:30:00,0.001119748222182883
2018-04-29 14:00:00,0.0011476834892524168
2018-04-29 14:30:00,0.001187263305434221
2018-04-29 15:00:00,0.001208008674616432
2018-04-29 15:30:00,0.0012163482425325276
2018-04-29 16:00:00,0.0012107704437778668
2018-04-29 16:30:00,0.0012384829392186427
2018-04-29 17:00:00,0.0012142079072443004
2018-04-29 17:30:00,0.0012031958611333235
2018-04-29 18:00:00,0.0012050566900853126
2018-04-29 18:30:00,0.0011874466188769813
2018-04-29 19:00:00,0.0014209918517047353
2018-04-29 19:30:00,0.0015249169869377245
2018-04-29 20:00:00,0.0014338160226041266
2018-04-29 20:30:00,0.0013527644809132001
2018-04-29 21:00:00,0.0013107912153809535
2018-04-29 21:30:00,0.0012695913997476185
2018-04-29 22:00:00,0.001283109366232053
2018-04-29 22:30:00,0.0012883010043457485
2018-04-29 23:00:00,0.0012703106326230852
2018-04-29 23:30:00,0.0012690190607130946
2018-04-30 00:00:00,0.0013912497556649302
2018-04-30 00:30:00,0.0015091623186382032
2018-04-30 01:00:00,0.0015483709934665615
2018-04-30 01:30:00,0.0015927117935670278
2018-04-30 02:00:00,0.0015859723006719094
2018-04-30 02:30:00,0.0015851267929195805
2018-04-30 03:00:00,0.0015918719723079502
2018-04-30 03:30:00,0.0015962826508789745
2018-04-30 04:00:00,0.001604537659338168
2018-04-30 04:30:00,0.0016282069712603492
2018-04-30 05:00:00,0.0020237595286599326
2018-04-30 05:30:00,0.0027560959511372485
2018-04-30 06:00:00,0.0031817686478570065
2018-04-30 06:30:00,0.003474526206296929
2018-04-30 07:00:00,0.0038749609871239674
2018-04-30 07:30:00,0.004004666946425997
2018-04-30 08:00:00,0.004175512513986248
2018-04-30 08:30:00,0.004328519639032848
2018-04-30 09:00:00,0.004529511260695496
2018-04-30 09:30:00,0.004731355899754233
2018-04-30 10:00:00,0.004896623234476369
2018-04-30 10:30:00,0.005082754269530364
2018-04-30 11:00:00,0.00525993793301552
2018-04-30 11:30:00,0.005395647266490829
2018-04-30 12:00:00,0.005516137937916013
2018-04-30 12:30:00,0.00561724721718916
2018-04-30 13:00:00,0.005591209545940196
2018-04-30 13:30:00,0.005505751492879407
2018-04-30 14:00:00,0.005447833213452918
2018-04-30 14:30:00,0.0053285622297176895
2018-04-30 15:00:00,0.005092871322375219
2018-04-30 15:30:00,0.004860201158383034
2018-04-30 16:00:00,0.004687522890478634
2018-04-30 16:30:00,0.0045085907822478115
2018-04-30 17:00:00,0.0043651005896704655
2018-04-30 17:30:00,0.004214322960653611
2018-04-30 18:00:00,0.004043050819282797
2018-04-30 18:30:00,0.0034245455335078345
2018-04-30 19:00:00,0.0029275711567479934
2018-04-30 19:30:00,0.0025821755968366508
2018-04-30 20:00:00,0.002137194130126761
2018-04-30 20:30:00,0.0018635919799925575
2018-04-30 21:00:00,0.0017035348621559625
2018-04-30 21:30:00,0.0015676811091154012
2018-04-30 22:00:00,0.0015516648187179597
2018-04-30 22:30:00,0.0015291872829196209
2018-04-30 23:00:00,0.0015225356485156574
2018-04-30 23:30:00,0.0015231528283710131
2018-05-01 00:00:00,0.0015330215854799955
2018-05-01 00:30:00,0.0015448073853483021
2018-05-01 01:00:00,0.0015498713595180815
2018-05-01 01:30:00,0.0015576312089809296
2018-05-01 02:00:00,0.0015562160969198385
2018-05-01 02:30:00,0.001553370506243374
2018-05-01 03:00:00,0.001571690260491177
2018-05-01 03:30:00,0.0015735585556785805
2018-05-01 04:00:00,0.001592730198705491
2018-05-01 04:30:00,0.0016185138877253306
2018-05-01 05:00:00,0.0019426045882901866
2018-05-01 05:30:00,0.0027065011785390456
2018-05-01 06:00:00,0.0031120448611733856
2018-05-01 06:30:00,0.0034087297462579444
2018-05-01 07:00:00,0.003811668407266205
2018-05-01 07:30:00,0.003942009474070253
2018-05-01 08:00:00,0.004130254929630253
2018-05-01 08:30:00,0.004298957036501405
2018-05-01 09:00:00,0.004532941344743207
2018-05-01 09:30:00,0.004775934968262778
2018-05-01 10:00:00,0.0049759700436254805
2018-05-01 10:30:00,0.0051626345238364926
2018-05-01 11:00:00,0.005325471989606368
2018-05-01 11:30:00,0.005453078026789768
2018-05-01 12:00:00,0.00554687130693211
2018-05-01 12:30:00,0.005610570492761535
2018-05-01 13:00:00,0.005560023341064551
2018-05-01 13:30:00,0.00550219422237958
2018-05-01 14:00:00,0.005465442199452613
2018-05-01 14:30:00,0.005352562877540554
2018-05-01 15:00:00,0.005102609550589487
2018-05-01 15:30:00,0.00482572863789975
2018-05-01 16:00:00,0.004614498072758273
2018-05-01 16:30:00,0.004408780454303381
2018-05-01 17:00:00,0.004242297685909143
2018-05-01 17:30:00,0.004062632975032461
2018-05-01 18:00:00,0.003871470825926179
2018-05-01 18:30:00,0.003239684756866223
2018-05-01 19:00:00,0.002804677138869608
2018-05-01 19:30:00,0.0024840680480584898
2018-05-01 20:00:00,0.0020865717517671418
2018-05-01 20:30:00,0.0018302871005930561
2018-05-01 21:00:00,0.0016851025934767991
2018-05-01 21:30:00,0.001558322703923665
2018-05-01 22:00:00,0.0015383477460561856
2018-05-01 22:30:00,0.0015181208895601627
2018-05-01 23:00:00,0.0015127252322229357
2018-05-01 23:30:00,0.0015143381995225066
2018-05-02 00:00:00,0.0015243165627037056
2018-05-02 00:30:00,0.001534201250675462
2018-05-02 01:00:00,0.0015412433431465883
2018-05-02 01:30:00,0.0015395887472437477
2018-05-02 02:00:00,0.0015361483320098248
2018-05-02 02:30:00,0.001538035770277564
2018-05-02 03:00:00,0.00154897493377656
2018-05-02 03:30:00,0.0015500332726465435
2018-05-02 04:00:00,0.0015703766805500521
2018-05-02 04:30:00,0.0015962594274141681
2018-05-02 05:00:00,0.0018603165164712775
2018-05-02 05:30:00,0.002529315431453308
2018-05-02 06:00:00,0.0030290667702954858
2018-05-02 06:30:00,0.003403999321814466
2018-05-02 07:00:00,0.003835139690316524
2018-05-02 07:30:00,0.0039972056161546865
2018-05-02 08:00:00,0.004214748101988774
2018-05-02 08:30:00,0.0043876356849348475
2018-05-02 09:00:00,0.00461750349296262
2018-05-02 09:30:00,0.0048275760970813465
2018-05-02 10:00:00,0.005009214194749723
2018-05-02 10:30:00,0.005199319220419694
2018-05-02 11:00:00,0.0053712205223492016
2018-05-02 11:30:00,0.0054906819384958425
2018-05-02 12:00:00,0.005585448694192847
2018-05-02 12:30:00,0.005641611713763437
2018-05-02 13:00:00,0.0055732826806269
2018-05-02 13:30:00,0.005473356278766783
2018-05-02 14:00:00,0.005389143524319753
2018-05-02 14:30:00,0.005240913921771426
2018-05-02 15:00:00,0.004955091801497902
2018-05-02 15:30:00,0.004697584033374572
2018-05-02 16:00:00,0.004499065254926162
2018-05-02 16:30:00,0.0043223980205266115
2018-05-02 17:00:00,0.0041817406999805195
2018-05-02 17:30:00,0.004019780126196721
2018-05-02 18:00:00,0.003851191358515492
2018-05-02 18:30:00,0.0032381362943679644
2018-05-02 19:00:00,0.0028010497638919084
2018-05-02 19:30:00,0.0024886445465090654
2018-05-02 20:00:00,0.002086482243758861
2018-05-02 20:30:00,0.0018259528207099926
2018-05-02 21:00:00,0.0016785515362092024
2018-05-02 21:30:00,0.0015576174485354276
2018-05-02 22:00:00,0.0015438897329258644
2018-05-02 22:30:00,0.0015192731640896614
2018-05-02 23:00:00,0.0015131995552134735
2018-05-02 23:30:00,0.0015220425731198926
2018-05-03 00:00:00,0.0015322358510193267
2018-05-03 00:30:00,0.0015452348707341186
2018-05-03 01:00:00,0.0015548201713474288
2018-05-03 01:30:00,0.0015498308161234478
2018-05-03 02:00:00,0.0015491883726110507
2018-05-03 02:30:00,0.0015490166057881751
2018-05-03 03:00:00,0.0015564133878498282
2018-05-03 03:30:00,0.0015601747209815315
2018-05-03 04:00:00,0.0015847709747120724
2018-05-03 04:30:00,0.0016107976202412964
2018-05-03 05:00:00,0.001877354682728539
2018-05-03 05:30:00,0.002600206338320566
2018-05-03 06:00:00,0.003090528776818025
2018-05-03 06:30:00,0.003464463847967319
2018-05-03 07:00:00,0.003880537483628265
2018-05-03 07:30:00,0.00401965298315295
2018-05-03 08:00:00,0.0042127120335462755
2018-05-03 08:30:00,0.004359497266808691
2018-05-03 09:00:00,0.004575595513581903
2018-05-03 09:30:00,0.004773179623536466
2018-05-03 10:00:00,0.004931764026437581
2018-05-03 10:30:00,0.005093527439516427
2018-05-03 11:00:00,0.005240928767425563
2018-05-03 11:30:00,0.005358811205007106
2018-05-03 12:00:00,0.005447765887109153
2018-05-03 12:30:00,0.005519069780974852
2018-05-03 13:00:00,0.005468366142192584
2018-05-03 13:30:00,0.005387902957215646
2018-05-03 14:00:00,0.005322689123989053
2018-05-03 14:30:00,0.005189765347448476
2018-05-03 15:00:00,0.004919629440513728
2018-05-03 15:30:00,0.004683064158869215
2018-05-03 16:00:00,0.004493287473924095
2018-05-03 16:30:00,0.0043181883660032856
2018-05-03 17:00:00,0.004181402939644712
2018-05-03 17:30:00,0.004025290685424307
2018-05-03 18:00:00,0.0038586779090354992
2018-05-03 18:30:00,0.003249703229358601
2018-05-03 19:00:00,0.002825972969280245
2018-05-03 19:30:00,0.0025119217942553024
2018-05-03 20:00:00,0.0020967635103744855
2018-05-03 20:30:00,0.0018282319758869123
2018-05-03 21:00:00,0.0016847610132065928
2018-05-03 21:30:00,0.0015674544741438993
2018-05-03 22:00:00,0.0015542081570851796
2018-05-03 22:30:00,0.0015317033608459093
2018-05-03 23:00:00,0.001528002061455939
2018-05-03 23:30:00,0.001532692246363201
2018-05-04 00:00:00,0.0015484806863554689
2018-05-04 00:30:00,0.0015628341766727827
2018-05-04 01:00:00,0.0015715984084322422
2018-05-04 01:30:00,0.0015717947877869776
2018-05-04 02:00:00,0.001574046422072893
2018-05-04 02:30:00,0.001578035952876534
2018-05-04 03:00:00,0.0015895318284056981
2018-05-04 03:30:00,0.0015941975744144824
2018-05-04 04:00:00,0.0016127213044774711
2018-05-04 04:30:00,0.0016391405350827844
2018-05-04 05:00:00,0.00195427257790899
2018-05-04 05:30:00,0.002786962800815548
2018-05-04 06:00:00,0.0032458209171681786
2018-05-04 06:30:00,0.0035938833555978415
2018-05-04 07:00:00,0.004004233817955274
2018-05-04 07:30:00,0.00410943507172728
2018-05-04 08:00:00,0.004283296434086436
2018-05-04 08:30:00,0.004423750777209287
2018-05-04 09:00:00,0.004640915870888187
2018-05-04 09:30:00,0.0048408184205722855
2018-05-04 10:00:00,0.005003997987512513
2018-05-04 10:30:00,0.005185448691353659
2018-05-04 11:00:00,0.005349834228946684
2018-05-04 11:30:00,0.005481638894933671
2018-05-04 12:00:00,0.005593374276718556
2018-05-04 12:30:00,0.005690168375780628
2018-05-04 13:00:00,0.005652278750344918
2018-05-04 13:30:00,0.005562281356377244
2018-05-04 14:00:00,0.005493761066070732
2018-05-04 14:30:00,0.005383293468422543
2018-05-04 15:00:00,0.005139561859622279
2018-05-04 15:30:00,0.00491997818316093
2018-05-04 16:00:00,0.004739017299089642
2018-05-04 16:30:00,0.004561033663206515
2018-05-04 17:00:00,0.004429775421471827
2018-05-04 17:30:00,0.004289009623470499
2018-05-04 18:00:00,0.004127295131596956
2018-05-04 18:30:00,0.003468673459082301
2018-05-04 19:00:00,0.003007289541334005
2018-05-04 19:30:00,0.002656650643969557
2018-05-04 20:00:00,0.0021776087756079183
2018-05-04 20:30:00,0.0018567329839224646
2018-05-04 21:00:00,0.0017062412856769715
2018-05-04 21:30:00,0.0015891445825560973
2018-05-04 22:00:00,0.0015738754800085812
2018-05-04 22:30:00,0.0015530025771074902
2018-05-04 23:00:00,0.0015501781697035964
2018-05-04 23:30:00,0.0015522013892758472
2018-05-05 00:00:00,0.0014836415539666466
2018-05-05 00:30:00,0.001401687075282384
2018-05-05 01:00:00,0.0013794372162558373
2018-05-05 01:30:00,0.0013413391873537085
2018-05-05 02:00:00,0.001339098622195878
2018-05-05 02:30:00,0.0013330572223120012
2018-05-05 03:00:00,0.0013360925508663502
2018-05-05 03:30:00,0.00133261371924672
2018-05-05 04:00:00,0.0013179645312803214
2018-05-05 04:30:00,0.001300066749558465
2018-05-05 05:00:00,0.001518259709448855
2018-05-05 05:30:00,0.0018208384494511668
2018-05-05 06:00:00,0.0016895706578804845
2018-05-05 06:30:00,0.001584875675641255
2018-05-05 07:00:00,0.0014739404832960687
2018-05-05 07:30:00,0.001324837244387571
2018-05-05 08:00:00,0.0012536704340767465
2018-05-05 08:30:00,0.001186645778312102
2018-05-05 09:00:00,0.0011548316717197797
2018-05-05 09:30:00,0.0011420164863478932
2018-05-05 10:00:00,0.001160370750230315
2018-05-05 10:30:00,0.0011779277330321823
2018-05-05 11:00:00,0.0011823312926345557
2018-05-05 11:30:00,0.001235165760277402
2018-05-05 12:00:00,0.0012625164905673454
2018-05-05 12:30:00,0.0012718441626505153
2018-05-05 13:00:00,0.0013476873974231003
2018-05-05 13:30:00,0.0013546786153133801
2018-05-05 14:00:00,0.0013718194857159343
2018-05-05 14:30:00,0.001430122753758061
2018-05-05 15:00:00,0.001436660875338719
2018-05-05 15:30:00,0.0014568464939065811
2018-05-05 16:00:00,0.0014644470781500388
2018-05-05 16:30:00,0.0014438116188984621
2018-05-05 17:00:00,0.0014322643478883058
2018-05-05 17:30:00,0.0014076911873975347
2018-05-05 18:00:00,0.0013798367466671957
2018-05-05 18:30:00,0.0013363738803530965
2018-05-05 19:00:00,0.001548981835703484
2018-05-05 19:30:00,0.0016119305346487323
2018-05-05 20:00:00,0.0016169587837502207
2018-05-05 20:30:00,0.0015559138012022486
2018-05-05 21:00:00,0.0014938898736480887
2018-05-05 21:30:00,0.0014606134701231907
2018-05-05 22:00:00,0.0014577189148330784
2018-05-05 22:30:00,0.0014294458440193905
2018-05-05 23:00:00,0.0013919295737627444
2018-05-05 23:30:00,0.0013748990907826242
2018-05-06 00:00:00,0.001316563526931496
2018-05-06 00:30:00,0.0012610948672544396
2018-05-06 01:00:00,0.001267946049822355
2018-05-06 01:30:00,0.0012399875158796694
2018-05-06 02:00:00,0.001230323732977818
2018-05-06 02:30:00,0.0012302060095450056
2018-05-06 03:00:00,0.001224530368379741
2018-05-06 03:30:00,0.001231748221241522
2018-05-06 04:00:00,0.0012436538281432215
2018-05-06 04:30:00,0.0012528600870842176
2018-05-06 05:00:00,0.001596161324553491
2018-05-06 05:30:00,0.00163978584354598
2018-05-06 06:00:00,0.0014737389383482269
2018-05-06 06:30:00,0.0012796399108150362
2018-05-06 07:00:00,0.001202593049440306
2018-05-06 07:30:00,0.0012912459567249075
2018-05-06 08:00:00,0.0011987956873818941
2018-05-06 08:30:00,0.0011006424296159932
2018-05-06 09:00:00,0.0010989979478576383
2018-05-06 09:30:00,0.0010511948981254972
2018-05-06 10:00:00,0.0010595114596185138
2018-05-06 10:30:00,0.00108133244419219
2018-05-06 11:00:00,0.0010420758465504746
2018-05-06 11:30:00,0.0011044498624105457
2018-05-06 12:00:00,0.0011357913389378016
2018-05-06 12:30:00,0.0011450186943346777
2018-05-06 13:00:00,0.0012070918469525575
2018-05-06 13:30:00,0.0012273031198525703
2018-05-06 14:00:00,0.0012570915760052974
2018-05-06 14:30:00,0.001288381092743071
2018-05-06 15:00:00,0.00131173387101036
2018-05-06 15:30:00,0.0013185438156501147
2018-05-06 16:00:00,0.0013142596289976802
2018-05-06 16:30:00,0.0013305465704288913
2018-05-06 17:00:00,0.0012792432887628216
2018-05-06 17:30:00,0.0012574429665615713
2018-05-06 18:00:00,0.0012286542480124938
2018-05-06 18:30:00,0.0011323226648710023
2018-05-06 19:00:00,0.001368414187833466
2018-05-06 19:30:00,0.001436429378632529
2018-05-06 20:00:00,0.0013722838247870227
2018-05-06 20:30:00,0.0013283288380607587
2018-05-06 21:00:00,0.0012789263644328208
2018-05-06 21:30:00,0.0012453297375436692
2018-05-06 22:00:00,0.0012561115023821282
2018-05-06 22:30:00,0.001261909468264821
2018-05-06 23:00:00,0.0012382316483069357
2018-05-06 23:30:00,0.001236237425509433
2018-05-07 00:00:00,0.0013579473939494637
2018-05-07 00:30:00,0.0014725646991959394
2018-05-07 01:00:00,0.0015167876022302116
2018-05-07 01:30:00,0.001554056965818039
2018-05-07 02:00:00,0.0015478472717789216
2018-05-07 02:30:00,0.0015499044366773006
2018-05-07 03:00:00,0.0015526285708032462
2018-05-07 03:30:00,0.001554060959385819
2018-05-07 04:00:00,0.0015666436496595704
2018-05-07 04:30:00,0.00158984931704419
2018-05-07 05:00:00,0.0018504387738347903
2018-05-07 05:30:00,0.0025417434143839394
2018-05-07 06:00:00,0.0029629367171218543
2018-05-07 06:30:00,0.0032714135660597706
2018-05-07 07:00:00,0.0037213767047164998
2018-05-07 07:30:00,0.003932836856596967
2018-05-07 08:00:00,0.0041977719662571345
2018-05-07 08:30:00,0.00445227791706879
2018-05-07 09:00:00,0.004758515329465857
2018-05-07 09:30:00,0.005057282643105837
2018-05-07 10:00:00,0.005302233114837493
2018-05-07 10:30:00,0.0055082945707965545
2018-05-07 11:00:00,0.005686777446060498
2018-05-07 11:30:00,0.0058288701069566535
2018-05-07 12:00:00,0.005942792444592758
2018-05-07 12:30:00,0.006012725372684671
2018-05-07 13:00:00,0.005962476957220951
2018-05-07 13:30:00,0.0058647170224730115
2018-05-07 14:00:00,0.005789937248755171
2018-05-07 14:30:00,0.005653011309582434
2018-05-07 15:00:00,0.0053946535626471954
2018-05-07 15:30:00,0.005129155490155118
2018-05-07 16:00:00,0.0049144030757236855
2018-05-07 16:30:00,0.004715878914640443
2018-05-07 17:00:00,0.0045705418705983365
2018-05-07 17:30:00,0.004400902273690884
2018-05-07 18:00:00,0.004208011126777691
2018-05-07 18:30:00,0.0035336035319548037
2018-05-07 19:00:00,0.003024364300826466
2018-05-07 19:30:00,0.0026516181842585617
2018-05-07 20:00:00,0.002177551520000293
2018-05-07 20:30:00,0.00188782082548736
2018-05-07 21:00:00,0.0017194541349013627
2018-05-07 21:30:00,0.001561711419818178
2018-05-07 22:00:00,0.0015405502855034173
2018-05-07 22:30:00,0.0015232101273869834
2018-05-07 23:00:00,0.0015133717561198034
2018-05-07 23:30:00,0.0015132172658184101
2018-05-08 00:00:00,0.0015290258906913037
2018-05-08 00:30:00,0.001534893917643524
2018-05-08 01:00:00,0.0015433938793959923
2018-05-08 01:30:00,0.0015452647356757761
2018-05-08 02:00:00,0.0015408513657873353
2018-05-08 02:30:00,0.0015375071000385447
2018-05-08 03:00:00,0.0015504309799073937
2018-05-08 03:30:00,0.0015472541401469354
2018-05-08 04:00:00,0.0015609881065582407
2018-05-08 04:30:00,0.0015835603593663127
2018-05-08 05:00:00,0.001797331658374284
2018-05-08 05:30:00,0.002479728298723902
2018-05-08 06:00:00,0.002937194396255211
2018-05-08 06:30:00,0.0032831476665886677
2018-05-08 07:00:00,0.00377349306810086
2018-05-08 07:30:00,0.003993332029041695
2018-05-08 08:00:00,0.004264843112359738
2018-05-08 08:30:00,0.0045056190903278665
2018-05-08 09:00:00,0.004785105849402246
2018-05-08 09:30:00,0.005056120775331997
2018-05-08 10:00:00,0.005277688777488089
2018-05-08 10:30:00,0.00550207068222848
2018-05-08 11:00:00,0.005708977038223034
2018-05-08 11:30:00,0.005886972828442883
2018-05-08 12:00:00,0.006033650409008627
2018-05-08 12:30:00,0.006100037960487362
2018-05-08 13:00:00,0.006047737589126714
2018-05-08 13:30:00,0.005959535737959499
2018-05-08 14:00:00,0.005877948537285939
2018-05-08 14:30:00,0.005710381775689567
2018-05-08 15:00:00,0.0054321955306443365
2018-05-08 15:30:00,0.00515417823087953
2018-05-08 16:00:00,0.004927630076068688
2018-05-08 16:30:00,0.0047052948314070826
2018-05-08 17:00:00,0.004547283765932435
2018-05-08 17:30:00,0.004390285200114996
2018-05-08 18:00:00,0.004206363997110265
2018-05-08 18:30:00,0.0035420435467822297
2018-05-08 19:00:00,0.0030216773676525564
2018-05-08 19:30:00,0.00265079702858802
2018-05-08 20:00:00,0.0021824267980924783
2018-05-08 20:30:00,0.00190537702693901
2018-05-08 21:00:00,0.001728997068969531
2018-05-08 21:30:00,0.0015681570382147202
2018-05-08 22:00:00,0.001550376762883949
2018-05-08 22:30:00,0.0015329481819678697
2018-05-08 23:00:00,0.0015217727034363402
2018-05-08 23:30:00,0.0015200012522675963
2018-05-09 00:00:00,0.001528852865026411
2018-05-09 00:30:00,0.0015383220483156895
2018-05-09 01:00:00,0.0015413391453649571
2018-05-09 01:30:00,0.0015406140089545117
2018-05-09 02:00:00,0.0015348884047836544
2018-05-09 02:30:00,0.00153555632899482
2018-05-09 03:00:00,0.0015410221342182658
2018-05-09 03:30:00,0.0015454188787104059
2018-05-09 04:00:00,0.0015603141919954054
2018-05-09 04:30:00,0.0015900588925359367
2018-05-09 05:00:00,0.0018134809953504751
2018-05-09 05:30:00,0.002488641855191648
2018-05-09 06:00:00,0.0029662349700244864
2018-05-09 06:30:00,0.0032980810055842653
2018-05-09 07:00:00,0.003761973578431781
2018-05-09 07:30:00,0.003959782934290792
2018-05-09 08:00:00,0.004219694830217541
2018-05-09 08:30:00,0.0044665345199590995
2018-05-09 09:00:00,0.00478872015846797
2018-05-09 09:30:00,0.0050767029725437285
2018-05-09 10:00:00,0.005316824786746194
2018-05-09 10:30:00,0.005543419909386792
2018-05-09 11:00:00,0.005734023262862325
2018-05-09 11:30:00,0.005862928555232858
2018-05-09 12:00:00,0.005973218742973267
2018-05-09 12:30:00,0.006053116924926058
2018-05-09 13:00:00,0.006002778220103838
2018-05-09 13:30:00,0.0058981666252961844
2018-05-09 14:00:00,0.005824049566788058
2018-05-09 14:30:00,0.005723586681186743
2018-05-09 15:00:00,0.0054837832237896785
2018-05-09 15:30:00,0.005261300390753603
2018-05-09 16:00:00,0.00506518404718314
2018-05-09 16:30:00,0.004866600286441617
2018-05-09 17:00:00,0.004707113944939111
2018-05-09 17:30:00,0.004526017149338275
2018-05-09 18:00:00,0.004321066816797242
2018-05-09 18:30:00,0.0036152108741006445
2018-05-09 19:00:00,0.0030385511899140107
2018-05-09 19:30:00,0.002646894748558698
2018-05-09 20:00:00,0.0021775763495738803
2018-05-09 20:30:00,0.0018782049219905205
2018-05-09 21:00:00,0.00170955924596843
2018-05-09 21:30:00,0.0015722299998582813
2018-05-09 22:00:00,0.0015536870398982657
2018-05-09 22:30:00,0.0015253951298626607
2018-05-09 23:00:00,0.0015171541857073867
2018-05-09 23:30:00,0.0015169745185656428
2018-05-10 00:00:00,0.0015295203985624677
2018-05-10 00:30:00,0.0015384985032398718
2018-05-10 01:00:00,0.001542420620883056
2018-05-10 01:30:00,0.0015426670066517293
2018-05-10 02:00:00,0.0015404185845833758
2018-05-10 02:30:00,0.0015327425132272117
2018-05-10 03:00:00,0.0015404330395624047
2018-05-10 03:30:00,0.0015443895800235168
2018-05-10 04:00:00,0.0015592715669464682
2018-05-10 04:30:00,0.0015885600023681614
2018-05-10 05:00:00,0.001750035704933482
2018-05-10 05:30:00,0.002334428672675559
2018-05-10 06:00:00,0.0028442700209633867
2018-05-10 06:30:00,0.0032260344817449113
2018-05-10 07:00:00,0.0037286243791115926
2018-05-10 07:30:00,0.004010679089085053
2018-05-10 08:00:00,0.004360963340267319
2018-05-10 08:30:00,0.00467633738461931
2018-05-10 09:00:00,0.00504955461196019
2018-05-10 09:30:00,0.0053688436983950595
2018-05-10 10:00:00,0.0056298935440973145
2018-05-10 10:30:00,0.005887861787948989
2018-05-10 11:00:00,0.006109656251443201
2018-05-10 11:30:00,0.006269512388640445
2018-05-10 12:00:00,0.006401806787580599
2018-05-10 12:30:00,0.006471502879739834
2018-05-10 13:00:00,0.006408554484653004
2018-05-10 13:30:00,0.00631214632919017
2018-05-10 14:00:00,0.006241264147400345
2018-05-10 14:30:00,0.006121207646246175
2018-05-10 15:00:00,0.005863475891060413
2018-05-10 15:30:00,0.005626303066213232
2018-05-10 16:00:00,0.0054171109569732525
2018-05-10 16:30:00,0.005195692626792212
2018-05-10 17:00:00,0.005012535367258744
2018-05-10 17:30:00,0.004807143702069702
2018-05-10 18:00:00,0.004566086134164754
2018-05-10 18:30:00,0.0037851028471284393
2018-05-10 19:00:00,0.003146839471579776
2018-05-10 19:30:00,0.002739592011387221
2018-05-10 20:00:00,0.002223075110697097
2018-05-10 20:30:00,0.0018986836337067411
2018-05-10 21:00:00,0.0017213020715747583
2018-05-10 21:30:00,0.0015722534403648145
2018-05-10 22:00:00,0.0015523927766708581
2018-05-10 22:30:00,0.0015222287515134515
2018-05-10 23:00:00,0.0015192885740522898
2018-05-10 23:30:00,0.001519901803748211
2018-05-11 00:00:00,0.0015318724797597134
2018-05-11 00:30:00,0.001539822153917137
2018-05-11 01:00:00,0.0015442072649727012
2018-05-11 01:30:00,0.0015443343211997815
2018-05-11 02:00:00,0.0015381872654031225
2018-05-11 02:30:00,0.0015375604054867356
2018-05-11 03:00:00,0.001541242301346298
2018-05-11 03:30:00,0.0015450470428234335
2018-05-11 04:00:00,0.0015643337179657396
2018-05-11 04:30:00,0.0015891891195185107
2018-05-11 05:00:00,0.0017661844341928371
2018-05-11 05:30:00,0.002370142454796477
2018-05-11 06:00:00,0.0028406926523996253
2018-05-11 06:30:00,0.003226386523426366
2018-05-11 07:00:00,0.003790033253819324
2018-05-11 07:30:00,0.004115603484429892
2018-05-11 08:00:00,0.004503081091187135
2018-05-11 08:30:00,0.004845430123191007
2018-05-11 09:00:00,0.005235871434732635
2018-05-11 09:30:00,0.005571055137972699
2018-05-11 10:00:00,0.005848609661366854
2018-05-11 10:30:00,0.0061178896859547145
2018-05-11 11:00:00,0.006352397325209046
2018-05-11 11:30:00,0.006527237155082591
2018-05-11 12:00:00,0.006664111525140955
2018-05-11 12:30:00,0.006736729650072961
2018-05-11 13:00:00,0.006660906209505893
2018-05-11 13:30:00,0.006541534214550842
2018-05-11 14:00:00,0.006448878233058826
2018-05-11 14:30:00,0.006314103003768874
2018-05-11 15:00:00,0.006025996432500288
2018-05-11 15:30:00,0.005728495991421748
2018-05-11 16:00:00,0.005461914620261064
2018-05-11 16:30:00,0.005220175324291101
2018-05-11 17:00:00,0.0050324796788343475
2018-05-11 17:30:00,0.004838688937370416
2018-05-11 18:00:00,0.0046041175746649905
2018-05-11 18:30:00,0.0038258557738455497
2018-05-11 19:00:00,0.003183154632918312
2018-05-11 19:30:00,0.002763881671973974
2018-05-11 20:00:00,0.00223454324829353
2018-05-11 20:30:00,0.0019146355929362516
2018-05-11 21:00:00,0.001727592288094653
2018-05-11 21:30:00,0.0015641510556481607
2018-05-11 22:00:00,0.001545929838344489
2018-05-11 22:30:00,0.0015226054491351124
2018-05-11 23:00:00,0.0015146301206455386
2018-05-11 23:30:00,0.0015140197124920705
2018-05-12 00:00:00,0.0014466037304933545
2018-05-12 00:30:00,0.0013623807750851487
2018-05-12 01:00:00,0.0013335154842147293
2018-05-12 01:30:00,0.0012916086768593395
2018-05-12 02:00:00,0.0012833097825629136
2018-05-12 02:30:00,0.0012716608057994094
2018-05-12 03:00:00,0.0012749301053356383
2018-05-12 03:30:00,0.0012653840024582537
2018-05-12 04:00:00,0.0012519549796736098
2018-05-12 04:30:00,0.0012338867767875865
2018-05-12 05:00:00,0.0012856490582982567
2018-05-12 05:30:00,0.0013880108419705038
2018-05-12 06:00:00,0.0013580286543721128
2018-05-12 06:30:00,0.0012940803480482508
2018-05-12 07:00:00,0.00122449815938743
2018-05-12 07:30:00,0.0011452148132393403
2018-05-12 08:00:00,0.001142152745144205
2018-05-12 08:30:00,0.0011537912170881143
2018-05-12 09:00:00,0.0011845941262735927
2018-05-12 09:30:00,0.001246356388321487
2018-05-12 10:00:00,0.0013264466087944712
2018-05-12 10:30:00,0.0014050153233517101
2018-05-12 11:00:00,0.0014398724417755229
2018-05-12 11:30:00,0.0015013748180593145
2018-05-12 12:00:00,0.0015396918420641492
2018-05-12 12:30:00,0.0015711305532851735
2018-05-12 13:00:00,0.0016265854091083822
2018-05-12 13:30:00,0.0016093509503130761
2018-05-12 14:00:00,0.0016011030608225332
2018-05-12 14:30:00,0.0016162461489432599
2018-05-12 15:00:00,0.0016081973735332144
2018-05-12 15:30:00,0.0015817277458388544
2018-05-12 16:00:00,0.0015350088629422286
2018-05-12 16:30:00,0.0014774519145831183
2018-05-12 17:00:00,0.0014304056893535881
2018-05-12 17:30:00,0.0014030162822278648
2018-05-12 18:00:00,0.001373770647434768
2018-05-12 18:30:00,0.0013201033472764584
2018-05-12 19:00:00,0.0015068032052889975
2018-05-12 19:30:00,0.0016106458212573195
2018-05-12 20:00:00,0.0015776993211577069
2018-05-12 20:30:00,0.0015481675385515207
2018-05-12 21:00:00,0.0014932627532816293
2018-05-12 21:30:00,0.0014553681792945409
2018-05-12 22:00:00,0.0014489681396607028
2018-05-12 22:30:00,0.0014197163408825547
2018-05-12 23:00:00,0.0013798388736761219
2018-05-12 23:30:00,0.0013659492449380967
2018-05-13 00:00:00,0.0013053755902048276
2018-05-13 00:30:00,0.0012425008156718505
2018-05-13 01:00:00,0.0012559063545416155
2018-05-13 01:30:00,0.0012214319674994784
2018-05-13 02:00:00,0.0012202889823559023
2018-05-13 02:30:00,0.0012116589692005195
2018-05-13 03:00:00,0.00121025353720046
2018-05-13 03:30:00,0.0012149065645640322
2018-05-13 04:00:00,0.0012315078258245183
2018-05-13 04:30:00,0.0012313353644681161
2018-05-13 05:00:00,0.0014988951597348435
2018-05-13 05:30:00,0.0014921029257000252
2018-05-13 06:00:00,0.0013753911677864441
2018-05-13 06:30:00,0.0012399906412805407
2018-05-13 07:00:00,0.0011858180679814
2018-05-13 07:30:00,0.0012868187829826192
2018-05-13 08:00:00,0.0012053089793889649
2018-05-13 08:30:00,0.0011365352711618193
2018-05-13 09:00:00,0.001145867240671187
2018-05-13 09:30:00,0.0011299359438141018
2018-05-13 10:00:00,0.0011414522646739649
2018-05-13 10:30:00,0.0011667145326484728
2018-05-13 11:00:00,0.0011499581299614118
2018-05-13 11:30:00,0.0011836489963684966
2018-05-13 12:00:00,0.0012145388090615303
2018-05-13 12:30:00,0.0012130955683925995
2018-05-13 13:00:00,0.0012550387953498068
2018-05-13 13:30:00,0.0012836579609016257
2018-05-13 14:00:00,0.0013030443450133895
2018-05-13 14:30:00,0.0013355746458969982
2018-05-13 15:00:00,0.0013585700432563437
2018-05-13 15:30:00,0.0013691229592976838
2018-05-13 16:00:00,0.0013591276668617662
2018-05-13 16:30:00,0.0013600803064106222
2018-05-13 17:00:00,0.0013216527213499715
2018-05-13 17:30:00,0.0012755574427438252
2018-05-13 18:00:00,0.0012581208746921865
2018-05-13 18:30:00,0.0011783010013945543
2018-05-13 19:00:00,0.0013538139644807153
2018-05-13 19:30:00,0.0014900896900472236
2018-05-13 20:00:00,0.001384098708246769
2018-05-13 20:30:00,0.0013232334362488865
2018-05-13 21:00:00,0.001301539290860563
2018-05-13 21:30:00,0.001261471781917828
2018-05-13 22:00:00,0.0012688881845516163
2018-05-13 22:30:00,0.0012715428219165247
2018-05-13 23:00:00,0.001261062354403711
2018-05-13 23:30:00,0.0012526683524224432
2018-05-14 00:00:00,0.0013743796231128367
2018-05-14 00:30:00,0.0014920598212130108
2018-05-14 01:00:00,0.0015315422724760104
2018-05-14 01:30:00,0.0015749532224089723
2018-05-14 02:00:00,0.0015709132076995942
2018-05-14 02:30:00,0.0015715041255059633
2018-05-14 03:00:00,0.0015792631502102483
2018-05-14 03:30:00,0.001581425102854501
2018-05-14 04:00:00,0.0015951653634758939
2018-05-14 04:30:00,0.0015947961320896475
2018-05-14 05:00:00,0.0018915696136072334
2018-05-14 05:30:00,0.002627223345250826
2018-05-14 06:00:00,0.0030633460802332504
2018-05-14 06:30:00,0.0033875785524542876
2018-05-14 07:00:00,0.0038070565744224476
2018-05-14 07:30:00,0.003970364543248463
2018-05-14 08:00:00,0.004174294128546656
2018-05-14 08:30:00,0.004356517370711459
2018-05-14 09:00:00,0.004583630702179828
2018-05-14 09:30:00,0.004813746675718435
2018-05-14 10:00:00,0.004998868206291058
2018-05-14 10:30:00,0.005172843949640427
2018-05-14 11:00:00,0.005340253876884752
2018-05-14 11:30:00,0.005480753798770308
2018-05-14 12:00:00,0.005610924531226882
2018-05-14 12:30:00,0.005712923030456206
2018-05-14 13:00:00,0.005687539826831324
2018-05-14 13:30:00,0.005612831286208337
2018-05-14 14:00:00,0.0055689564312877415
2018-05-14 14:30:00,0.005476792570207889
2018-05-14 15:00:00,0.005249978973364731
2018-05-14 15:30:00,0.005005332143009373
2018-05-14 16:00:00,0.0048011211414077425
2018-05-14 16:30:00,0.0046061492588646
2018-05-14 17:00:00,0.00446588743175374
2018-05-14 17:30:00,0.004304578677684952
2018-05-14 18:00:00,0.004113919240627121
2018-05-14 18:30:00,0.0034594618609148165
2018-05-14 19:00:00,0.0029148778620100807
2018-05-14 19:30:00,0.0025859816839724947
2018-05-14 20:00:00,0.0021235866556340455
2018-05-14 20:30:00,0.0018621707473547608
2018-05-14 21:00:00,0.0017013198645135915
2018-05-14 21:30:00,0.0015699415552954392
2018-05-14 22:00:00,0.0015517381788217402
2018-05-14 22:30:00,0.0015264275973587663
2018-05-14 23:00:00,0.0015174792273979832
2018-05-14 23:30:00,0.0015151841413582902
2018-05-15 00:00:00,0.0015255902503753787
2018-05-15 00:30:00,0.001536957897652136
2018-05-15 01:00:00,0.0015421406370550181
2018-05-15 01:30:00,0.001545100521905006
2018-05-15 02:00:00,0.0015422752897425486
2018-05-15 02:30:00,0.0015375342736627857
2018-05-15 03:00:00,0.0015490462536881053
2018-05-15 03:30:00,0.0015482997169633619
2018-05-15 04:00:00,0.001561425879721925
2018-05-15 04:30:00,0.0015450007695272025
2018-05-15 05:00:00,0.0017490267647606006
2018-05-15 05:30:00,0.0024549711736651892
2018-05-15 06:00:00,0.0028991166824587442
2018-05-15 06:30:00,0.003248671847071132
2018-05-15 07:00:00,0.003724692234140614
2018-05-15 07:30:00,0.003947689933561861
2018-05-15 08:00:00,0.004207530118901956
2018-05-15 08:30:00,0.004448315212622626
2018-05-15 09:00:00,0.004735602407962833
2018-05-15 09:30:00,0.0050154460704533565
2018-05-15 10:00:00,0.0052431070416076985
2018-05-15 10:30:00,0.0054637365119272
2018-05-15 11:00:00,0.005664145333144075
2018-05-15 11:30:00,0.005824505875315242
2018-05-15 12:00:00,0.005941436324473109
2018-05-15 12:30:00,0.005998072451600566
2018-05-15 13:00:00,0.005937447965694797
2018-05-15 13:30:00,0.005854293419892714
2018-05-15 14:00:00,0.005799579674751069
2018-05-15 14:30:00,0.005685085996472385
2018-05-15 15:00:00,0.0054309239699815905
2018-05-15 15:30:00,0.0051696351179293856
2018-05-15 16:00:00,0.004941870748096224
2018-05-15 16:30:00,0.004679646055524846
2018-05-15 17:00:00,0.0044819002060752025
2018-05-15 17:30:00,0.0043113173024131625
2018-05-15 18:00:00,0.0041128288229898636
2018-05-15 18:30:00,0.0034508834168738073
2018-05-15 19:00:00,0.0028854246051007817
2018-05-15 19:30:00,0.0025650395013520934
2018-05-15 20:00:00,0.0021122688411378443
2018-05-15 20:30:00,0.001863765266107523
2018-05-15 21:00:00,0.0017002932571441192
2018-05-15 21:30:00,0.001566356069371082
2018-05-15 22:00:00,0.0015487402682611536
2018-05-15 22:30:00,0.0015289329534237334
2018-05-15 23:00:00,0.0015245660304649049
2018-05-15 23:30:00,0.001519837733030353
2018-05-16 00:00:00,0.0015358254607365
2018-05-16 00:30:00,0.0015458785296801878
2018-05-16 01:00:00,0.0015445382970149676
2018-05-16 01:30:00,0.0015455746278538168
2018-05-16 02:00:00,0.0015432938665681161
2018-05-16 02:30:00,0.0015388957764172675
2018-05-16 03:00:00,0.0015467641901520419
2018-05-16 03:30:00,0.0015498770894196783
2018-05-16 04:00:00,0.0015639571505691146
2018-05-16 04:30:00,0.001545300764602485
2018-05-16 05:00:00,0.0017693752514405248
2018-05-16 05:30:00,0.0025030508647827703
2018-05-16 06:00:00,0.002944774839026388
2018-05-16 06:30:00,0.0032807283458643477
2018-05-16 07:00:00,0.003734661568385963
2018-05-16 07:30:00,0.0039176260514573675
2018-05-16 08:00:00,0.0041556830608926575
2018-05-16 08:30:00,0.004363330267118703
2018-05-16 09:00:00,0.004640375046312447
2018-05-16 09:30:00,0.00489708223432097
2018-05-16 10:00:00,0.005137712837740246
2018-05-16 10:30:00,0.005395629729519276
2018-05-16 11:00:00,0.005629594200147213
2018-05-16 11:30:00,0.005803441845469212
2018-05-16 12:00:00,0.005934802140224011
2018-05-16 12:30:00,0.006000141814244012
2018-05-16 13:00:00,0.005939756638546611
2018-05-16 13:30:00,0.0058616043402471025
2018-05-16 14:00:00,0.005800881751480656
2018-05-16 14:30:00,0.005688489644837726
2018-05-16 15:00:00,0.005427553138325396
2018-05-16 15:30:00,0.005191627131384065
2018-05-16 16:00:00,0.004981216549887802
2018-05-16 16:30:00,0.004767571438940002
2018-05-16 17:00:00,0.004592686203937138
2018-05-16 17:30:00,0.0043879342041263855
2018-05-16 18:00:00,0.00417209514858375
2018-05-16 18:30:00,0.0035204646939593744
2018-05-16 19:00:00,0.0029338724858043183
2018-05-16 19:30:00,0.0026307902524033383
2018-05-16 20:00:00,0.002156337210462378
2018-05-16 20:30:00,0.0018925740393121897
2018-05-16 21:00:00,0.0017122356743227453
2018-05-16 21:30:00,0.0015693596230165747
2018-05-16 22:00:00,0.001550762923524914
2018-05-16 22:30:00,0.0015284252494155578
2018-05-16 23:00:00,0.0015221319074947923
2018-05-16 23:30:00,0.0015173848576550137
2018-05-17 00:00:00,0.0015252615189754203
2018-05-17 00:30:00,0.001531680614872903
2018-05-17 01:00:00,0.0015375950887547359
2018-05-17 01:30:00,0.0015360109880048775
2018-05-17 02:00:00,0.0015293649098691293
2018-05-17 02:30:00,0.0015242268810620428
2018-05-17 03:00:00,0.001533194567736543
2018-05-17 03:30:00,0.0015296821380575483
2018-05-17 04:00:00,0.0015451419334665483
2018-05-17 04:30:00,0.0015245677233903768
2018-05-17 05:00:00,0.0016926409735612523
2018-05-17 05:30:00,0.002295392589428639
2018-05-17 06:00:00,0.0027944226552031144
2018-05-17 06:30:00,0.003199623845991993
2018-05-17 07:00:00,0.003731882218844628
2018-05-17 07:30:00,0.004005496002415407
2018-05-17 08:00:00,0.0043155071627309725
2018-05-17 08:30:00,0.004585021201709059
2018-05-17 09:00:00,0.004915076773244795
2018-05-17 09:30:00,0.005215436348403574
2018-05-17 10:00:00,0.005467955151978031
2018-05-17 10:30:00,0.00572288073126498
2018-05-17 11:00:00,0.005937232530076416
2018-05-17 11:30:00,0.006063229376486298
2018-05-17 12:00:00,0.006160201797031405
2018-05-17 12:30:00,0.006225562437282251
2018-05-17 13:00:00,0.006157010415475227
2018-05-17 13:30:00,0.00605671890602168
2018-05-17 14:00:00,0.005978717104455786
2018-05-17 14:30:00,0.005848973293076539
2018-05-17 15:00:00,0.0055766340653443415
2018-05-17 15:30:00,0.005329019493228472
2018-05-17 16:00:00,0.0051190221157723795
2018-05-17 16:30:00,0.004941947797909366
2018-05-17 17:00:00,0.004802992692221053
2018-05-17 17:30:00,0.004638330035750788
2018-05-17 18:00:00,0.004442469237109885
2018-05-17 18:30:00,0.0037294777871827904
2018-05-17 19:00:00,0.0030652780554634024
2018-05-17 19:30:00,0.0027423883335916206
2018-05-17 20:00:00,0.002225873603318768
2018-05-17 20:30:00,0.0019226650082242343
2018-05-17 21:00:00,0.0017339174917409658
2018-05-17 21:30:00,0.0015906936093628469
2018-05-17 22:00:00,0.0015627451461563014
2018-05-17 22:30:00,0.0015404820475843977
2018-05-17 23:00:00,0.001529864800375127
2018-05-17 23:30:00,0.0015314680007969756
2018-05-18 00:00:00,0.001543519416330982
2018-05-18 00:30:00,0.0015463403944755867
2018-05-18 01:00:00,0.0015456076181963453
2018-05-18 01:30:00,0.0015506691614987805
2018-05-18 02:00:00,0.001542352426372382
2018-05-18 02:30:00,0.0015351478130559574
2018-05-18 03:00:00,0.0015433137909986695
2018-05-18 03:30:00,0.001548297937221199
2018-05-18 04:00:00,0.0015639317132786915
2018-05-18 04:30:00,0.0015410368930557127
2018-05-18 05:00:00,0.0017048540851819934
2018-05-18 05:30:00,0.0023294064573340855
2018-05-18 06:00:00,0.0028411066377900126
2018-05-18 06:30:00,0.0032803128411818703
2018-05-18 07:00:00,0.003836246516308355
2018-05-18 07:30:00,0.0041413243615738915
2018-05-18 08:00:00,0.004480543868913826
2018-05-18 08:30:00,0.004767606209024694
2018-05-18 09:00:00,0.005099270016350349
2018-05-18 09:30:00,0.005387404672818429
2018-05-18 10:00:00,0.005623547200586776
2018-05-18 10:30:00,0.005862549556968889
2018-05-18 11:00:00,0.0060696978710808825
2018-05-18 11:30:00,0.006225173238057104
2018-05-18 12:00:00,0.006348744339307542
2018-05-18 12:30:00,0.006436005271179169
2018-05-18 13:00:00,0.006381908575667844
2018-05-18 13:30:00,0.006280525954043512
2018-05-18 14:00:00,0.006205165854155587
2018-05-18 14:30:00,0.006075163111995838
2018-05-18 15:00:00,0.005787536202944278
2018-05-18 15:30:00,0.005510732904376174
2018-05-18 16:00:00,0.005259396500722945
2018-05-18 16:30:00,0.005004294509920161
2018-05-18 17:00:00,0.004802654150535027
2018-05-18 17:30:00,0.004615550551501623
2018-05-18 18:00:00,0.004409177380214013
2018-05-18 18:30:00,0.0036893844068661783
2018-05-18 19:00:00,0.0030129165217440404
2018-05-18 19:30:00,0.002710481029281655
2018-05-18 20:00:00,0.0021966549251081838
2018-05-18 20:30:00,0.0018779685635496417
2018-05-18 21:00:00,0.0017137027461733186
2018-05-18 21:30:00,0.0015686142149088124
2018-05-18 22:00:00,0.001550959476513031
2018-05-18 22:30:00,0.0015372401387141368
2018-05-18 23:00:00,0.001522496450779732
2018-05-18 23:30:00,0.0015213293305960957
2018-05-19 00:00:00,0.0014527510467400857
2018-05-19 00:30:00,0.0013661155423094476
2018-05-19 01:00:00,0.0013409128305848727
2018-05-19 01:30:00,0.0013018000881999197
2018-05-19 02:00:00,0.0012930144995345078
2018-05-19 02:30:00,0.0012845260409935794
2018-05-19 03:00:00,0.0012873058246183691
2018-05-19 03:30:00,0.0012795690249869452
2018-05-19 04:00:00,0.0012678087926340982
2018-05-19 04:30:00,0.001206059596498179
2018-05-19 05:00:00,0.0012978709384047756
2018-05-19 05:30:00,0.0014899383251467013
2018-05-19 06:00:00,0.0013881283049532434
2018-05-19 06:30:00,0.0013490090947248208
2018-05-19 07:00:00,0.001313016110126083
2018-05-19 07:30:00,0.001236529780715919
2018-05-19 08:00:00,0.0012268464640586233
2018-05-19 08:30:00,0.0012208506429374501
2018-05-19 09:00:00,0.0012650107340958817
2018-05-19 09:30:00,0.0012912485612256337
2018-05-19 10:00:00,0.0013438955048162126
2018-05-19 10:30:00,0.0014060123696379432
2018-05-19 11:00:00,0.0014257064755104762
2018-05-19 11:30:00,0.0015094700838073178
2018-05-19 12:00:00,0.0015605622706895506
2018-05-19 12:30:00,0.0015727668742745874
2018-05-19 13:00:00,0.0016606180728274008
2018-05-19 13:30:00,0.0016911113936932563
2018-05-19 14:00:00,0.0017500701711597555
2018-05-19 14:30:00,0.001791046520630805
2018-05-19 15:00:00,0.001778891185517834
2018-05-19 15:30:00,0.0017829305056936856
2018-05-19 16:00:00,0.001759815909017783
2018-05-19 16:30:00,0.0017550133399041965
2018-05-19 17:00:00,0.0017055029097211693
2018-05-19 17:30:00,0.001657132382689192
2018-05-19 18:00:00,0.0016150422184826967
2018-05-19 18:30:00,0.0015185080920014182
2018-05-19 19:00:00,0.0016087425389434977
2018-05-19 19:30:00,0.001753956693959685
2018-05-19 20:00:00,0.0016221102691443912
2018-05-19 20:30:00,0.0015656839779587543
2018-05-19 21:00:00,0.0015125789460988292
2018-05-19 21:30:00,0.0014717467123346144
2018-05-19 22:00:00,0.0014608950600600097
2018-05-19 22:30:00,0.0014354980959896254
2018-05-19 23:00:00,0.0013961304598002946
2018-05-19 23:30:00,0.0013747756808565603
2018-05-20 00:00:00,0.001317226849858046
2018-05-20 00:30:00,0.0012553858450715374
2018-05-20 01:00:00,0.0012609113801782977
2018-05-20 01:30:00,0.0012336831048308187
2018-05-20 02:00:00,0.001224379741421091
2018-05-20 02:30:00,0.0012267465814557836
2018-05-20 03:00:00,0.0012220644270924262
2018-05-20 03:30:00,0.0012301240545888295
2018-05-20 04:00:00,0.0012378560358939103
2018-05-20 04:30:00,0.0012020482747051315
2018-05-20 05:00:00,0.0015022335653570003
2018-05-20 05:30:00,0.0015622120482660482
2018-05-20 06:00:00,0.001400273048429929
2018-05-20 06:30:00,0.0012815350323599167
2018-05-20 07:00:00,0.001208021914161789
2018-05-20 07:30:00,0.0013172451681798185
2018-05-20 08:00:00,0.0012357355816278912
2018-05-20 08:30:00,0.0011663811131472075
2018-05-20 09:00:00,0.0012025586266223784
2018-05-20 09:30:00,0.0011896116101054142
2018-05-20 10:00:00,0.0012253240465676237
2018-05-20 10:30:00,0.0012822479710252956
2018-05-20 11:00:00,0.0012613925182790686
2018-05-20 11:30:00,0.001326497787233736
2018-05-20 12:00:00,0.0013630763070040096
2018-05-20 12:30:00,0.001372433453353728
2018-05-20 13:00:00,0.0014265878819644776
2018-05-20 13:30:00,0.0014643030492598945
2018-05-20 14:00:00,0.001502732240429326
2018-05-20 14:30:00,0.0015253409128392157
2018-05-20 15:00:00,0.0015334084406544877
2018-05-20 15:30:00,0.001556335122603014
2018-05-20 16:00:00,0.001550057017011495
2018-05-20 16:30:00,0.001528132633758999
2018-05-20 17:00:00,0.0014812895595860917
2018-05-20 17:30:00,0.00145248482335755
2018-05-20 18:00:00,0.0013898400262386725
2018-05-20 18:30:00,0.0013017471300184923
2018-05-20 19:00:00,0.001375086658243237
2018-05-20 19:30:00,0.001516096280920858
2018-05-20 20:00:00,0.001414843450249368
2018-05-20 20:30:00,0.0013304440399169804
2018-05-20 21:00:00,0.001300168281678431
2018-05-20 21:30:00,0.001268460742574145
2018-05-20 22:00:00,0.0012766836722660645
2018-05-20 22:30:00,0.0012784970993048417
2018-05-20 23:00:00,0.0012623043539832183
2018-05-20 23:30:00,0.0012530005130816906
2018-05-21 00:00:00,0.0013725917201811739
2018-05-21 00:30:00,0.0014907013570427093
2018-05-21 01:00:00,0.0015289236206294653
2018-05-21 01:30:00,0.0015706887865537097
2018-05-21 02:00:00,0.0015612304987591345
2018-05-21 02:30:00,0.0015635792809221272
2018-05-21 03:00:00,0.0015711207864074514
2018-05-21 03:30:00,0.0015728780430472392
2018-05-21 04:00:00,0.0015834553111703665
2018-05-21 04:30:00,0.0015556562594887988
2018-05-21 05:00:00,0.0017876554172772934
2018-05-21 05:30:00,0.002538030568374084
2018-05-21 06:00:00,0.003022858812590185
2018-05-21 06:30:00,0.00344639208559697
2018-05-21 07:00:00,0.0038979587285339658
2018-05-21 07:30:00,0.004088039054855386
2018-05-21 08:00:00,0.004329657805850081
2018-05-21 08:30:00,0.004540241760278
2018-05-21 09:00:00,0.004799981021214965
2018-05-21 09:30:00,0.0050539747101421735
2018-05-21 10:00:00,0.005249702462204327
2018-05-21 10:30:00,0.005431395601654712
2018-05-21 11:00:00,0.00560852318155757
2018-05-21 11:30:00,0.005746727105828179
2018-05-21 12:00:00,0.005869965308477497
2018-05-21 12:30:00,0.005971143172936425
2018-05-21 13:00:00,0.005939400429663993
2018-05-21 13:30:00,0.005863423193329059
2018-05-21 14:00:00,0.005812252741200011
2018-05-21 14:30:00,0.005683276476184697
2018-05-21 15:00:00,0.005428641602587108
2018-05-21 15:30:00,0.0051621303359042974
2018-05-21 16:00:00,0.004943428890655514
2018-05-21 16:30:00,0.00473420661261546
2018-05-21 17:00:00,0.0045681887476008
2018-05-21 17:30:00,0.004384964986482129
2018-05-21 18:00:00,0.004174272858457394
2018-05-21 18:30:00,0.0034942565147295527
2018-05-21 19:00:00,0.0028435197945292814
2018-05-21 19:30:00,0.0025727883685035483
2018-05-21 20:00:00,0.002115745502340203
2018-05-21 20:30:00,0.0018486192696276528
2018-05-21 21:00:00,0.001708965246169535
2018-05-21 21:30:00,0.0015811255418626733
2018-05-21 22:00:00,0.001559356690711861
2018-05-21 22:30:00,0.0015401481071829876
2018-05-21 23:00:00,0.00153147043166432
2018-05-21 23:30:00,0.0015297475544341146
2018-05-22 00:00:00,0.001540131177928269
2018-05-22 00:30:00,0.0015523309197786172
2018-05-22 01:00:00,0.0015596119317830026
2018-05-22 01:30:00,0.0015586193131480036
2018-05-22 02:00:00,0.0015575022861949958
2018-05-22 02:30:00,0.0015552254750687295
2018-05-22 03:00:00,0.0015722187570968143
2018-05-22 03:30:00,0.0015739586503984292
2018-05-22 04:00:00,0.0015853091947870867
2018-05-22 04:30:00,0.0015475329085413011
2018-05-22 05:00:00,0.0017624551364200628
2018-05-22 05:30:00,0.002450354175228326
2018-05-22 06:00:00,0.002924925070827135
2018-05-22 06:30:00,0.0033274207930786047
2018-05-22 07:00:00,0.0037935946047036205
2018-05-22 07:30:00,0.004013242004616063
2018-05-22 08:00:00,0.004288652112337519
2018-05-22 08:30:00,0.004551730864105277
2018-05-22 09:00:00,0.004877316070595019
2018-05-22 09:30:00,0.005192057351495644
2018-05-22 10:00:00,0.005439476716282105
2018-05-22 10:30:00,0.005666281457822796
2018-05-22 11:00:00,0.005875296070338302
2018-05-22 11:30:00,0.006044071841171653
2018-05-22 12:00:00,0.006185335098811634
2018-05-22 12:30:00,0.006284780579612707
2018-05-22 13:00:00,0.006245121499792143
2018-05-22 13:30:00,0.006147189407546221
2018-05-22 14:00:00,0.006073493930888932
2018-05-22 14:30:00,0.005935865080378609
2018-05-22 15:00:00,0.005677585121198385
2018-05-22 15:30:00,0.005430802166164308
2018-05-22 16:00:00,0.005231614855787896
2018-05-22 16:30:00,0.0050166183562301
2018-05-22 17:00:00,0.004836704177592218
2018-05-22 17:30:00,0.004648549488882519
2018-05-22 18:00:00,0.004422384586353498
2018-05-22 18:30:00,0.0036906367810402435
2018-05-22 19:00:00,0.002993632581327496
2018-05-22 19:30:00,0.0026692151461465722
2018-05-22 20:00:00,0.0021638444233548102
2018-05-22 20:30:00,0.0018759487732366799
2018-05-22 21:00:00,0.0017159718740224431
2018-05-22 21:30:00,0.0015705955454277214
2018-05-22 22:00:00,0.001550889762710267
2018-05-22 22:30:00,0.0015330022687662782
2018-05-22 23:00:00,0.001523035235163237
2018-05-22 23:30:00,0.0015189762944152504
2018-05-23 00:00:00,0.0015284367960354428
2018-05-23 00:30:00,0.0015396246025370748
2018-05-23 01:00:00,0.0015431232283622221
2018-05-23 01:30:00,0.0015444093308206884
2018-05-23 02:00:00,0.001538739983865511
2018-05-23 02:30:00,0.0015359713561854979
2018-05-23 03:00:00,0.0015436777265667736
2018-05-23 03:30:00,0.0015485222715503927
2018-05-23 04:00:00,0.0015622298890960206
2018-05-23 04:30:00,0.0015270835842749386
2018-05-23 05:00:00,0.0016769142168278437
2018-05-23 05:30:00,0.0023657016508337224
2018-05-23 06:00:00,0.002870598918801855
2018-05-23 06:30:00,0.003278060338729046
2018-05-23 07:00:00,0.0037977052881993626
2018-05-23 07:30:00,0.004086274071530111
2018-05-23 08:00:00,0.004433346148558738
2018-05-23 08:30:00,0.004749850416000748
2018-05-23 09:00:00,0.005129507054344772
2018-05-23 09:30:00,0.005471805776076288
2018-05-23 10:00:00,0.005762655147059356
2018-05-23 10:30:00,0.006028195455871539
2018-05-23 11:00:00,0.006255595412644797
2018-05-23 11:30:00,0.006412025893445566
2018-05-23 12:00:00,0.006540892986472117
2018-05-23 12:30:00,0.006602174674727733
2018-05-23 13:00:00,0.0065211464433183024
2018-05-23 13:30:00,0.0064072719416788625
2018-05-23 14:00:00,0.0063060126865722484
2018-05-23 14:30:00,0.006119488154866911
2018-05-23 15:00:00,0.005806481645083142
2018-05-23 15:30:00,0.00554492400855602
2018-05-23 16:00:00,0.005318994205625861
2018-05-23 16:30:00,0.00511893477818137
2018-05-23 17:00:00,0.00495258744382488
2018-05-23 17:30:00,0.004769594528287218
2018-05-23 18:00:00,0.004546646488013145
2018-05-23 18:30:00,0.0038160554716973136
2018-05-23 19:00:00,0.003111359747257429
2018-05-23 19:30:00,0.0027539701576447407
2018-05-23 20:00:00,0.0022225033359710633
2018-05-23 20:30:00,0.0019012244977982718
2018-05-23 21:00:00,0.0017235333907550119
2018-05-23 21:30:00,0.0015707727817021212
2018-05-23 22:00:00,0.0015494842438935168
2018-05-23 22:30:00,0.0015339641977010566
2018-05-23 23:00:00,0.0015214820411553263
2018-05-23 23:30:00,0.001522387669466079
2018-05-24 00:00:00,0.0015351981667366588
2018-05-24 00:30:00,0.0015426370114850355
2018-05-24 01:00:00,0.001541457302881224
2018-05-24 01:30:00,0.001540441504189764
2018-05-24 02:00:00,0.0015345278550664941
2018-05-24 02:30:00,0.001528662649656727
2018-05-24 03:00:00,0.0015358617501132813
2018-05-24 03:30:00,0.001542824969620757
2018-05-24 04:00:00,0.0015582341508989833
2018-05-24 04:30:00,0.0015189188651742436
2018-05-24 05:00:00,0.0016457919958533659
2018-05-24 05:30:00,0.0022856604383827317
2018-05-24 06:00:00,0.00282314343969159
2018-05-24 06:30:00,0.0032744564042578796
2018-05-24 07:00:00,0.0038370347684530586
2018-05-24 07:30:00,0.004161730190678131
2018-05-24 08:00:00,0.004535000115750367
2018-05-24 08:30:00,0.00488973901815758
2018-05-24 09:00:00,0.005294524660855638
2018-05-24 09:30:00,0.005634338862527994
2018-05-24 10:00:00,0.005919188939722254
2018-05-24 10:30:00,0.006192681049700785
2018-05-24 11:00:00,0.006424103050128413
2018-05-24 11:30:00,0.006569390521840034
2018-05-24 12:00:00,0.00668404537530531
2018-05-24 12:30:00,0.006750115785412318
2018-05-24 13:00:00,0.00667777204463179
2018-05-24 13:30:00,0.006573251694166233
2018-05-24 14:00:00,0.0064828938372980885
2018-05-24 14:30:00,0.0063064908729055305
2018-05-24 15:00:00,0.005985451214716071
2018-05-24 15:30:00,0.005706431138763433
2018-05-24 16:00:00,0.005455883204296636
2018-05-24 16:30:00,0.005203607487456598
2018-05-24 17:00:00,0.004981986179852316
2018-05-24 17:30:00,0.004747465518094355
2018-05-24 18:00:00,0.004492594763547688
2018-05-24 18:30:00,0.003749064934892179
2018-05-24 19:00:00,0.0030212289160358955
2018-05-24 19:30:00,0.0026781404228675854
2018-05-24 20:00:00,0.0021638769796138843
2018-05-24 20:30:00,0.0018565714180607657
2018-05-24 21:00:00,0.001710219573719145
2018-05-24 21:30:00,0.0015665223233340875
2018-05-24 22:00:00,0.0015467490840478315
2018-05-24 22:30:00,0.0015276045278284705
2018-05-24 23:00:00,0.0015165358338267044
2018-05-24 23:30:00,0.0015144850933634494
2018-05-25 00:00:00,0.0015221642033037938
2018-05-25 00:30:00,0.0015341413471587654
2018-05-25 01:00:00,0.0015363267403095515
2018-05-25 01:30:00,0.0015298960109754929
2018-05-25 02:00:00,0.0015262063450220981
2018-05-25 02:30:00,0.0015178590504205153
2018-05-25 03:00:00,0.0015274376227402836
2018-05-25 03:30:00,0.0015307962132430665
2018-05-25 04:00:00,0.001541342878482664
2018-05-25 04:30:00,0.0015129371951736813
2018-05-25 05:00:00,0.0016121641583638486
2018-05-25 05:30:00,0.0022125459390207078
2018-05-25 06:00:00,0.002791364276817341
2018-05-25 06:30:00,0.003246950879808125
2018-05-25 07:00:00,0.0038050618741331454
2018-05-25 07:30:00,0.004104995352973162
2018-05-25 08:00:00,0.004440722268247965
2018-05-25 08:30:00,0.004744846692614427
2018-05-25 09:00:00,0.005098022286869245
2018-05-25 09:30:00,0.005395525940165347
2018-05-25 10:00:00,0.0056287397068673795
2018-05-25 10:30:00,0.005846439808403732
2018-05-25 11:00:00,0.006027171930494592
2018-05-25 11:30:00,0.0061425854316129866
2018-05-25 12:00:00,0.006236395727826737
2018-05-25 12:30:00,0.006300468225426881
2018-05-25 13:00:00,0.006226323428986023
2018-05-25 13:30:00,0.006114090761195867
2018-05-25 14:00:00,0.006020646614375838
2018-05-25 14:30:00,0.005890584489599535
2018-05-25 15:00:00,0.005629654320705637
2018-05-25 15:30:00,0.0054075375068382454
2018-05-25 16:00:00,0.005200597205517564
2018-05-25 16:30:00,0.00496210546150277
2018-05-25 17:00:00,0.004760973544067685
2018-05-25 17:30:00,0.004576973077424195
2018-05-25 18:00:00,0.004358940988861977
2018-05-25 18:30:00,0.003662035195868325
2018-05-25 19:00:00,0.002955337521945451
2018-05-25 19:30:00,0.002642631831995525
2018-05-25 20:00:00,0.0021509438537674584
2018-05-25 20:30:00,0.0018735841036192588
2018-05-25 21:00:00,0.0017028599057928367
2018-05-25 21:30:00,0.0015586145382300062
2018-05-25 22:00:00,0.0015378953008717453
2018-05-25 22:30:00,0.0015182985165096714
2018-05-25 23:00:00,0.0015093243619917018
2018-05-25 23:30:00,0.0015098251206646079
2018-05-26 00:00:00,0.0014405356778853821
2018-05-26 00:30:00,0.0013590856909917331
2018-05-26 01:00:00,0.0013317539735570889
2018-05-26 01:30:00,0.0012876152827129552
2018-05-26 02:00:00,0.0012837900959051214
2018-05-26 02:30:00,0.001271239137131881
2018-05-26 03:00:00,0.0012771329052329427
2018-05-26 03:30:00,0.0012664686033772234
2018-05-26 04:00:00,0.0012529214230763133
2018-05-26 04:30:00,0.0011783957618126328
2018-05-26 05:00:00,0.0012315941650235833
2018-05-26 05:30:00,0.0014009303375964641
2018-05-26 06:00:00,0.0013747731631725253
2018-05-26 06:30:00,0.0012966691783614843
2018-05-26 07:00:00,0.0012674065709053232
2018-05-26 07:30:00,0.0011497671766498552
2018-05-26 08:00:00,0.0011181027854409286
2018-05-26 08:30:00,0.0011219964272095094
2018-05-26 09:00:00,0.0011288343268237226
2018-05-26 09:30:00,0.0011498461364301965
2018-05-26 10:00:00,0.0011684340240277345
2018-05-26 10:30:00,0.0012044721533057221
2018-05-26 11:00:00,0.0012189978879377115
2018-05-26 11:30:00,0.0012760169200802254
2018-05-26 12:00:00,0.001332746201516979
2018-05-26 12:30:00,0.0013294522026321993
2018-05-26 13:00:00,0.001422525511957202
2018-05-26 13:30:00,0.0014281662528127393
2018-05-26 14:00:00,0.0014476422317494754
2018-05-26 14:30:00,0.0015141091770920065
2018-05-26 15:00:00,0.0014834343659338983
2018-05-26 15:30:00,0.0015221284348271575
2018-05-26 16:00:00,0.0015276437689727414
2018-05-26 16:30:00,0.0015026021022097203
2018-05-26 17:00:00,0.0015002949052416513
2018-05-26 17:30:00,0.0014741405957685114
2018-05-26 18:00:00,0.0014683113324687616
2018-05-26 18:30:00,0.0014027736729852439
2018-05-26 19:00:00,0.001435314131421684
2018-05-26 19:30:00,0.001596363867893278
2018-05-26 20:00:00,0.0015642379591557158
2018-05-26 20:30:00,0.0015469298798065569
2018-05-26 21:00:00,0.0015000565500168828
2018-05-26 21:30:00,0.001459910211518843
2018-05-26 22:00:00,0.00144384204814861
2018-05-26 22:30:00,0.0014223428930479685
2018-05-26 23:00:00,0.001379423716260408
2018-05-26 23:30:00,0.0013576728795729502
2018-05-27 00:00:00,0.0012965362620077706
2018-05-27 00:30:00,0.0012336845373062178
2018-05-27 01:00:00,0.0012394101414770753
2018-05-27 01:30:00,0.0012108204067834596
2018-05-27 02:00:00,0.001197522086526912
2018-05-27 02:30:00,0.0011943919107377937
2018-05-27 03:00:00,0.0011861351225364372
2018-05-27 03:30:00,0.0011870656238291226
2018-05-27 04:00:00,0.0011942002628927105
2018-05-27 04:30:00,0.001139081474479838
2018-05-27 05:00:00,0.0013351488534366536
2018-05-27 05:30:00,0.0013537495030877483
2018-05-27 06:00:00,0.0012818200081476793
2018-05-27 06:30:00,0.0011488683634493355
2018-05-27 07:00:00,0.0011086119413872791
2018-05-27 07:30:00,0.001184871114925796
2018-05-27 08:00:00,0.0011059283506559673
2018-05-27 08:30:00,0.0010514641600922134
2018-05-27 09:00:00,0.0010649185333505896
2018-05-27 09:30:00,0.0010405043342207915
2018-05-27 10:00:00,0.0010687121622912944
2018-05-27 10:30:00,0.0011133685410630529
2018-05-27 11:00:00,0.0010999044443352997
2018-05-27 11:30:00,0.0011688107650577408
2018-05-27 12:00:00,0.001222193046019942
2018-05-27 12:30:00,0.0012237474988698704
2018-05-27 13:00:00,0.0012739513339628324
2018-05-27 13:30:00,0.001306310085065293
2018-05-27 14:00:00,0.0013080749815738766
2018-05-27 14:30:00,0.0013531933119577252
2018-05-27 15:00:00,0.0013907660130634335
2018-05-27 15:30:00,0.001376821950260236
2018-05-27 16:00:00,0.0013837449302314961
2018-05-27 16:30:00,0.0013914260803640757
2018-05-27 17:00:00,0.0013406019834232327
2018-05-27 17:30:00,0.0013217899351298827
2018-05-27 18:00:00,0.0012763082768947665
2018-05-27 18:30:00,0.001174557856359587
2018-05-27 19:00:00,0.001242369418610227
2018-05-27 19:30:00,0.0014293424887489165
2018-05-27 20:00:00,0.0013481715741080515
2018-05-27 20:30:00,0.001324962868139252
2018-05-27 21:00:00,0.00130119501927294
2018-05-27 21:30:00,0.0012561661534890274
2018-05-27 22:00:00,0.0012598395847212302
2018-05-27 22:30:00,0.001260205517073224
2018-05-27 23:00:00,0.0012435684873361018
2018-05-27 23:30:00,0.001235429075300794
2018-05-28 00:00:00,0.0013558780747143636
2018-05-28 00:30:00,0.001469483053937014
2018-05-28 01:00:00,0.0015076665538712993
2018-05-28 01:30:00,0.0015477885402875517
2018-05-28 02:00:00,0.0015378482028169512
2018-05-28 02:30:00,0.0015370039104982945
2018-05-28 03:00:00,0.00153568585949759
2018-05-28 03:30:00,0.0015377011787509722
2018-05-28 04:00:00,0.001550090050762369
2018-05-28 04:30:00,0.001507910899447737
2018-05-28 05:00:00,0.0016928282805717923
2018-05-28 05:30:00,0.002288513321661229
2018-05-28 06:00:00,0.0027851922178137125
2018-05-28 06:30:00,0.0031727758711588465
2018-05-28 07:00:00,0.003646477427823684
2018-05-28 07:30:00,0.0038972116275007317
2018-05-28 08:00:00,0.00419991507967947
2018-05-28 08:30:00,0.004506924639725086
2018-05-28 09:00:00,0.0048584947763240915
2018-05-28 09:30:00,0.005190093123864835
2018-05-28 10:00:00,0.005481175467437837
2018-05-28 10:30:00,0.005767202041018347
2018-05-28 11:00:00,0.006024750309127965
2018-05-28 11:30:00,0.006205320301048634
2018-05-28 12:00:00,0.006346422383502026
2018-05-28 12:30:00,0.00642008569457535
2018-05-28 13:00:00,0.006369213761637841
2018-05-28 13:30:00,0.006292083556239881
2018-05-28 14:00:00,0.0062293808957965425
2018-05-28 14:30:00,0.006078438966192226
2018-05-28 15:00:00,0.005816442167434367
2018-05-28 15:30:00,0.005562015653894854
2018-05-28 16:00:00,0.005363556735554796
2018-05-28 16:30:00,0.005174350740127072
2018-05-28 17:00:00,0.00501012585682049
2018-05-28 17:30:00,0.004819142029197245
2018-05-28 18:00:00,0.004591556328113882
2018-05-28 18:30:00,0.003855796463065707
2018-05-28 19:00:00,0.0030805621772984383
2018-05-28 19:30:00,0.002746123317857646
2018-05-28 20:00:00,0.002217023205993625
2018-05-28 20:30:00,0.0018999046670554044
2018-05-28 21:00:00,0.001728542409959474
2018-05-28 21:30:00,0.0015775478694404937
2018-05-28 22:00:00,0.0015511001195522315
2018-05-28 22:30:00,0.0015345362328771624
2018-05-28 23:00:00,0.0015176637562744157
2018-05-28 23:30:00,0.0015150694131013127
2018-05-29 00:00:00,0.0015227607207867234
2018-05-29 00:30:00,0.0015287401769616686
2018-05-29 01:00:00,0.0015286086062666635
2018-05-29 01:30:00,0.0015336900739996522
2018-05-29 02:00:00,0.001530189668432342
2018-05-29 02:30:00,0.0015205994626759979
2018-05-29 03:00:00,0.0015267000715430445
2018-05-29 03:30:00,0.0015260715621095312
2018-05-29 04:00:00,0.001538717889017686
2018-05-29 04:30:00,0.0014955858811124714
2018-05-29 05:00:00,0.0015996904664454775
2018-05-29 05:30:00,0.00218077845299138
2018-05-29 06:00:00,0.0027425939155155876
2018-05-29 06:30:00,0.003211226853317685
2018-05-29 07:00:00,0.0037988529180359
2018-05-29 07:30:00,0.004181612471728113
2018-05-29 08:00:00,0.004610471123960871
2018-05-29 08:30:00,0.005029302665440508
2018-05-29 09:00:00,0.005489703818248218
2018-05-29 09:30:00,0.005919788539197708
2018-05-29 10:00:00,0.006258976358445478
2018-05-29 10:30:00,0.006556268786732707
2018-05-29 11:00:00,0.0067963344305361825
2018-05-29 11:30:00,0.006942329111011586
2018-05-29 12:00:00,0.007060759839404284
2018-05-29 12:30:00,0.0071445722386813924
2018-05-29 13:00:00,0.0070811013807489396
2018-05-29 13:30:00,0.0069529646331342836
2018-05-29 14:00:00,0.006860100291584193
2018-05-29 14:30:00,0.00669742834183545
2018-05-29 15:00:00,0.00642663453801733
2018-05-29 15:30:00,0.006157865907147006
2018-05-29 16:00:00,0.005919570933162056
2018-05-29 16:30:00,0.005663699355803104
2018-05-29 17:00:00,0.00544317206872875
2018-05-29 17:30:00,0.005218370839371484
2018-05-29 18:00:00,0.0049536848936140975
2018-05-29 18:30:00,0.00416407102911391
2018-05-29 19:00:00,0.003342877897170188
2018-05-29 19:30:00,0.0029705329605307683
2018-05-29 20:00:00,0.0023577375651056163
2018-05-29 20:30:00,0.0019684008657302014
2018-05-29 21:00:00,0.0017683007646660405
2018-05-29 21:30:00,0.001593483203273704
2018-05-29 22:00:00,0.0015672447250187705
2018-05-29 22:30:00,0.0015395979064046338
2018-05-29 23:00:00,0.0015236268909114784
2018-05-29 23:30:00,0.0015168518465814513
2018-05-30 00:00:00,0.0015261358932774616
2018-05-30 00:30:00,0.0015312374156660397
2018-05-30 01:00:00,0.0015313230169232321
2018-05-30 01:30:00,0.0015346551283353014
2018-05-30 02:00:00,0.0015262667260305942
2018-05-30 02:30:00,0.0015170635924904698
2018-05-30 03:00:00,0.0015228260069382535
2018-05-30 03:30:00,0.0015239349165306654
2018-05-30 04:00:00,0.00153526306221308
2018-05-30 04:30:00,0.001491911408079978
2018-05-30 05:00:00,0.001582641491510203
2018-05-30 05:30:00,0.0022037112121082664
2018-05-30 06:00:00,0.0027927405384092696
2018-05-30 06:30:00,0.003307386148736156
2018-05-30 07:00:00,0.003965057525752609
2018-05-30 07:30:00,0.004381829297833141
2018-05-30 08:00:00,0.0048533857877001
2018-05-30 08:30:00,0.005301866314318591
2018-05-30 09:00:00,0.005788903739458775
2018-05-30 09:30:00,0.0062047639796935766
2018-05-30 10:00:00,0.006539628805228095
2018-05-30 10:30:00,0.006828242516196365
2018-05-30 11:00:00,0.007061640204057995
2018-05-30 11:30:00,0.007200033735981451
2018-05-30 12:00:00,0.007315388635833512
2018-05-30 12:30:00,0.007400061996233921
2018-05-30 13:00:00,0.007329924962101787
2018-05-30 13:30:00,0.00718335516445775
2018-05-30 14:00:00,0.007048505142588618
2018-05-30 14:30:00,0.006863321538082027
2018-05-30 15:00:00,0.006558287535245378
2018-05-30 15:30:00,0.0063074498066644745
2018-05-30 16:00:00,0.006076743262586262
2018-05-30 16:30:00,0.005834014994282318
2018-05-30 17:00:00,0.005617945787692201
2018-05-30 17:30:00,0.005419427877410697
2018-05-30 18:00:00,0.0051605155454542175
2018-05-30 18:30:00,0.00433924653572268
2018-05-30 19:00:00,0.0034735187420077925
2018-05-30 19:30:00,0.0030791093867935126
2018-05-30 20:00:00,0.002425208024577849
2018-05-30 20:30:00,0.0020045340158763407
2018-05-30 21:00:00,0.0017914712278825143
2018-05-30 21:30:00,0.001605537396941818
2018-05-30 22:00:00,0.0015783811794477564
2018-05-30 22:30:00,0.0015561817609186018
2018-05-30 23:00:00,0.0015414352514417444
2018-05-30 23:30:00,0.0015343499242585674
2018-05-31 00:00:00,0.0015419762496508662
2018-05-31 00:30:00,0.0015494279866778366
2018-05-31 01:00:00,0.0015394482344295837
2018-05-31 01:30:00,0.0015429584502829614
2018-05-31 02:00:00,0.001532646320333734
2018-05-31 02:30:00,0.0015251989241413068
2018-05-31 03:00:00,0.0015272649443421541
2018-05-31 03:30:00,0.0015298958807504566
2018-05-31 04:00:00,0.0015405567099385413
2018-05-31 04:30:00,0.0014979944365671246
2018-05-31 05:00:00,0.001602990151823509
2018-05-31 05:30:00,0.0022609394724757642
2018-05-31 06:00:00,0.0028961702541958406
2018-05-31 06:30:00,0.003447000062883094
2018-05-31 07:00:00,0.004144558239900248
2018-05-31 07:30:00,0.004597623686188327
2018-05-31 08:00:00,0.005080005653097595
2018-05-31 08:30:00,0.005496324242051815
2018-05-31 09:00:00,0.005957728344680737
2018-05-31 09:30:00,0.006365272631139357
2018-05-31 10:00:00,0.006687505888603168
2018-05-31 10:30:00,0.00697501607261386
2018-05-31 11:00:00,0.007209405727985308
2018-05-31 11:30:00,0.007349120002226885
2018-05-31 12:00:00,0.00745509796152371
2018-05-31 12:30:00,0.007528257041256493
2018-05-31 13:00:00,0.007453684281938018
2018-05-31 13:30:00,0.00730712477207185
2018-05-31 14:00:00,0.007181959672968795
2018-05-31 14:30:00,0.007023195646334281
2018-05-31 15:00:00,0.006739751739081953
2018-05-31 15:30:00,0.006499559994034997
2018-05-31 16:00:00,0.006260691205131778
2018-05-31 16:30:00,0.005999858053889921
2018-05-31 17:00:00,0.005771673100597867
2018-05-31 17:30:00,0.005551417766807646
2018-05-31 18:00:00,0.005269069746644102
2018-05-31 18:30:00,0.004423678198455724
2018-05-31 19:00:00,0.0035314476998872567
2018-05-31 19:30:00,0.0031238848780651366
2018-05-31 20:00:00,0.00244660312987449
2018-05-31 20:30:00,0.002006350221049225
2018-05-31 21:00:00,0.0017944075420009324
2018-05-31 21:30:00,0.0016083509522593538
2018-05-31 22:00:00,0.001575297320363214
2018-05-31 22:30:00,0.0015459795409000087
2018-05-31 23:00:00,0.0015222755457098272
2018-05-31 23:30:00,0.001519803093170698
2018-06-01 00:00:00,0.001521208568579103
2018-06-01 00:30:00,0.0015257074529080455
2018-06-01 01:00:00,0.0015252378180188142
2018-06-01 01:30:00,0.0015229104361701193
2018-06-01 02:00:00,0.0015118847164303313
2018-06-01 02:30:00,0.0015040808509052149
2018-06-01 03:00:00,0.001509782233219321
2018-06-01 03:30:00,0.0015093526642329235
2018-06-01 04:00:00,0.0015223889283080966
2018-06-01 04:30:00,0.0014798060359725996
2018-06-01 05:00:00,0.0015644329928517428
2018-06-01 05:30:00,0.002139398188866083
2018-06-01 06:00:00,0.002740855454689372
2018-06-01 06:30:00,0.003235794717990313
2018-06-01 07:00:00,0.003861006072234412
2018-06-01 07:30:00,0.004263283363691667
2018-06-01 08:00:00,0.004724924085211539
2018-06-01 08:30:00,0.0051436303502062596
2018-06-01 09:00:00,0.005601448576235715
2018-06-01 09:30:00,0.005987598972831367
2018-06-01 10:00:00,0.006296822575535755
2018-06-01 10:30:00,0.006577785565621593
2018-06-01 11:00:00,0.0068191550224884715
2018-06-01 11:30:00,0.006989452125604187
2018-06-01 12:00:00,0.007122659271823745
2018-06-01 12:30:00,0.007201628558592632
2018-06-01 13:00:00,0.007133456880708286
2018-06-01 13:30:00,0.007021765732027396
2018-06-01 14:00:00,0.006931498685417899
2018-06-01 14:30:00,0.006785273029136448
2018-06-01 15:00:00,0.006493645389928127
2018-06-01 15:30:00,0.006219156928196888
2018-06-01 16:00:00,0.005964158596522997
2018-06-01 16:30:00,0.005703267191281569
2018-06-01 17:00:00,0.005484321964764838
2018-06-01 17:30:00,0.005276678795514918
2018-06-01 18:00:00,0.005006327452961788
2018-06-01 18:30:00,0.004173033246336885
2018-06-01 19:00:00,0.0033130380455364695
2018-06-01 19:30:00,0.002941991973409073
2018-06-01 20:00:00,0.002326956794176308
2018-06-01 20:30:00,0.0019451353816455769
2018-06-01 21:00:00,0.0017531004209376888
2018-06-01 21:30:00,0.001572597842177474
2018-06-01 22:00:00,0.0015488310351114522
2018-06-01 22:30:00,0.0015309610781390182
2018-06-01 23:00:00,0.001516004689311996
2018-06-01 23:30:00,0.001513807966583052
2018-06-02 00:00:00,0.001438872790988564
2018-06-02 00:30:00,0.0013546055590680176
2018-06-02 01:00:00,0.001322990870414611
2018-06-02 01:30:00,0.0012801141469888833
2018-06-02 02:00:00,0.0012700543497516535
2018-06-02 02:30:00,0.0012597477760706412
2018-06-02 03:00:00,0.001258952187915559
2018-06-02 03:30:00,0.0012441331430934842
2018-06-02 04:00:00,0.0012316908788172062
2018-06-02 04:30:00,0.0011414071634030607
2018-06-02 05:00:00,0.001136918480035295
2018-06-02 05:30:00,0.0011895461069121567
2018-06-02 06:00:00,0.0011643008116007131
2018-06-02 06:30:00,0.0011358081379674839
2018-06-02 07:00:00,0.0011265986234005806
2018-06-02 07:30:00,0.0010813387384022777
2018-06-02 08:00:00,0.0011205192846227958
2018-06-02 08:30:00,0.0011766189714174007
2018-06-02 09:00:00,0.0012147084488754794
2018-06-02 09:30:00,0.0013227515167978975
2018-06-02 10:00:00,0.0014605256116320357
2018-06-02 10:30:00,0.0015570643828062753
2018-06-02 11:00:00,0.0016486355463375955
2018-06-02 11:30:00,0.0017613690596173484
2018-06-02 12:00:00,0.0018375092508810353
2018-06-02 12:30:00,0.001849482574801609
2018-06-02 13:00:00,0.001928059753986207
2018-06-02 13:30:00,0.0019980807576110027
2018-06-02 14:00:00,0.002024706742165609
2018-06-02 14:30:00,0.0020830434346337185
2018-06-02 15:00:00,0.0020792570114783557
2018-06-02 15:30:00,0.0020350946630859615
2018-06-02 16:00:00,0.002034178703588996
2018-06-02 16:30:00,0.0019554085743089516
2018-06-02 17:00:00,0.0018801032123446173
2018-06-02 17:30:00,0.0018323457847835253
2018-06-02 18:00:00,0.001724548147646181
2018-06-02 18:30:00,0.00162485984056076
2018-06-02 19:00:00,0.0015695646406320512
2018-06-02 19:30:00,0.00171646863912757
2018-06-02 20:00:00,0.0016333857605037964
2018-06-02 20:30:00,0.0015838381293687338
2018-06-02 21:00:00,0.0015188228893224928
2018-06-02 21:30:00,0.0014698749878879218
2018-06-02 22:00:00,0.0014488791091442214
2018-06-02 22:30:00,0.001426833356157897
2018-06-02 23:00:00,0.0013843924959286544
2018-06-02 23:30:00,0.0013614890808532798
2018-06-03 00:00:00,0.0012995550953908554
2018-06-03 00:30:00,0.0012374862401991734
2018-06-03 01:00:00,0.001242582423361263
2018-06-03 01:30:00,0.0012134816856252191
2018-06-03 02:00:00,0.001198584592598057
2018-06-03 02:30:00,0.0011941833336379917
2018-06-03 03:00:00,0.001189376597323244
2018-06-03 03:30:00,0.001190151696739282
2018-06-03 04:00:00,0.0011987028803393598
2018-06-03 04:30:00,0.0011261802537673048
2018-06-03 05:00:00,0.0012195268620351486
2018-06-03 05:30:00,0.001206952679797102
2018-06-03 06:00:00,0.0011293391658810993
2018-06-03 06:30:00,0.0010459694883190552
2018-06-03 07:00:00,0.0010344022928783455
2018-06-03 07:30:00,0.001099031936592112
2018-06-03 08:00:00,0.0010753688754716732
2018-06-03 08:30:00,0.0010604097953272338
2018-06-03 09:00:00,0.001114965360458123
2018-06-03 09:30:00,0.0011291341916739683
2018-06-03 10:00:00,0.0012145474907306166
2018-06-03 10:30:00,0.0013262677664112907
2018-06-03 11:00:00,0.0013421114652272933
2018-06-03 11:30:00,0.0014266605475347313
2018-06-03 12:00:00,0.0015174847402578534
2018-06-03 12:30:00,0.001545111677849782
2018-06-03 13:00:00,0.0016260872549362022
2018-06-03 13:30:00,0.0017087445581413577
2018-06-03 14:00:00,0.0017230639729075075
2018-06-03 14:30:00,0.0017741597626824111
2018-06-03 15:00:00,0.0018324541754220695
2018-06-03 15:30:00,0.0017997951253859088
2018-06-03 16:00:00,0.0017999441028274323
2018-06-03 16:30:00,0.00176902880943563
2018-06-03 17:00:00,0.001670009555178356
2018-06-03 17:30:00,0.0016112603097952584
2018-06-03 18:00:00,0.0015308725251143365
2018-06-03 18:30:00,0.0013913101366734263
2018-06-03 19:00:00,0.0013332697495712373
2018-06-03 19:30:00,0.001521921680877864
2018-06-03 20:00:00,0.0014023108966145909
2018-06-03 20:30:00,0.0013558930071851925
2018-06-03 21:00:00,0.0012973227778186572
2018-06-03 21:30:00,0.0012495781123111223
2018-06-03 22:00:00,0.0012563418704713372
2018-06-03 22:30:00,0.0012555858707272893
2018-06-03 23:00:00,0.0012348166269550906
2018-06-03 23:30:00,0.0012258124338620818
2018-06-04 00:00:00,0.0013451769191733722
2018-06-04 00:30:00,0.0014610112207923865
2018-06-04 01:00:00,0.0014961055658239864
2018-06-04 01:30:00,0.0015368622690671492
2018-06-04 02:00:00,0.0015269625183995275
2018-06-04 02:30:00,0.0015231400229091105
2018-06-04 03:00:00,0.001525139888791519
2018-06-04 03:30:00,0.001524451171982891
2018-06-04 04:00:00,0.001533626090098485
2018-06-04 04:30:00,0.00147688009644874
2018-06-04 05:00:00,0.00158092134900576
2018-06-04 05:30:00,0.002168877968274441
2018-06-04 06:00:00,0.0027163026527126087
2018-06-04 06:30:00,0.003207589928503991
2018-06-04 07:00:00,0.0038254484299320136
2018-06-04 07:30:00,0.004226694686368561
2018-06-04 08:00:00,0.004655891359387199
2018-06-04 08:30:00,0.00504754858209273
2018-06-04 09:00:00,0.0054643888091340095
2018-06-04 09:30:00,0.005853223534402846
2018-06-04 10:00:00,0.00614221628704343
2018-06-04 10:30:00,0.006337640354320941
2018-06-04 11:00:00,0.006498179087750106
2018-06-04 11:30:00,0.0066111331588330005
2018-06-04 12:00:00,0.006707892444402035
2018-06-04 12:30:00,0.006781151406737658
2018-06-04 13:00:00,0.0067178710680333075
2018-06-04 13:30:00,0.0065622300114025695
2018-06-04 14:00:00,0.006438991504894834
2018-06-04 14:30:00,0.006289271086130981
2018-06-04 15:00:00,0.006025577151291758
2018-06-04 15:30:00,0.00576354935897526
2018-06-04 16:00:00,0.005537536168613525
2018-06-04 16:30:00,0.005280459749218756
2018-06-04 17:00:00,0.0050688522260055454
2018-06-04 17:30:00,0.00488094105811372
2018-06-04 18:00:00,0.004641745013694288
2018-06-04 18:30:00,0.003914271497930709
2018-06-04 19:00:00,0.003110698638156496
2018-06-04 19:30:00,0.0028037562742296083
2018-06-04 20:00:00,0.0022589089603014803
2018-06-04 20:30:00,0.001949784892933169
2018-06-04 21:00:00,0.0017527533278076126
2018-06-04 21:30:00,0.0015788278947305996
2018-06-04 22:00:00,0.0015492563934883428
2018-06-04 22:30:00,0.0015172314525622563
2018-06-04 23:00:00,0.0015081692225114044
2018-06-04 23:30:00,0.0015057782908449971
2018-06-05 00:00:00,0.0015145707814373326
2018-06-05 00:30:00,0.0015244766092733144
2018-06-05 01:00:00,0.0015217681889684153
2018-06-05 01:30:00,0.0015244965771122132
2018-06-05 02:00:00,0.0015189695661217083
2018-06-05 02:30:00,0.0015089691515010298
2018-06-05 03:00:00,0.0015122801230488736
2018-06-05 03:30:00,0.0015149091494899769
2018-06-05 04:00:00,0.0015271471775009965
2018-06-05 04:30:00,0.0014708426033159519
2018-06-05 05:00:00,0.0015812918826423694
2018-06-05 05:30:00,0.0021610936365047692
2018-06-05 06:00:00,0.002696228159509053
2018-06-05 06:30:00,0.0031657273976609416
2018-06-05 07:00:00,0.003751928279581925
2018-06-05 07:30:00,0.004112523488688093
2018-06-05 08:00:00,0.004511892985309878
2018-06-05 08:30:00,0.004909604977669679
2018-06-05 09:00:00,0.005327114561397525
2018-06-05 09:30:00,0.005698490536950205
2018-06-05 10:00:00,0.005990728410678613
2018-06-05 10:30:00,0.0062489691721229115
2018-06-05 11:00:00,0.006467739159149132
2018-06-05 11:30:00,0.006609415143337483
2018-06-05 12:00:00,0.006715631284225695
2018-06-05 12:30:00,0.006772128113972658
2018-06-05 13:00:00,0.006707697757972772
2018-06-05 13:30:00,0.006612458632660773
2018-06-05 14:00:00,0.006541347428440448
2018-06-05 14:30:00,0.006405565255761504
2018-06-05 15:00:00,0.006159824795551326
2018-06-05 15:30:00,0.005931921432196091
2018-06-05 16:00:00,0.00573292950278247
2018-06-05 16:30:00,0.005493128997152894
2018-06-05 17:00:00,0.005290471189559175
2018-06-05 17:30:00,0.005092658751707638
2018-06-05 18:00:00,0.004831298189068778
2018-06-05 18:30:00,0.004068601231854285
2018-06-05 19:00:00,0.003225246316416898
2018-06-05 19:30:00,0.002899956590534513
2018-06-05 20:00:00,0.0023095728804476785
2018-06-05 20:30:00,0.001965808779791061
2018-06-05 21:00:00,0.0017610129375514223
2018-06-05 21:30:00,0.0015840637225399451
2018-06-05 22:00:00,0.0015581965158634938
2018-06-05 22:30:00,0.0015228975004831806
2018-06-05 23:00:00,0.0015135100551083506
2018-06-05 23:30:00,0.0015121110041350695
2018-06-06 00:00:00,0.0015182852769643146
2018-06-06 00:30:00,0.00152892509651321
2018-06-06 01:00:00,0.0015255290011999736
2018-06-06 01:30:00,0.0015267315860018281
2018-06-06 02:00:00,0.0015202212023539014
2018-06-06 02:30:00,0.0015137822688425563
2018-06-06 03:00:00,0.0015178294459289306
2018-06-06 03:30:00,0.0015148935224856214
2018-06-06 04:00:00,0.0015333732364863422
2018-06-06 04:30:00,0.0014647798899344675
2018-06-06 05:00:00,0.001590526400416242
2018-06-06 05:30:00,0.0021883056771310567
2018-06-06 06:00:00,0.002767851061305334
2018-06-06 06:30:00,0.003275796810556482
2018-06-06 07:00:00,0.003900971137481927
2018-06-06 07:30:00,0.0042838761959480285
2018-06-06 08:00:00,0.004725114126947842
2018-06-06 08:30:00,0.005141472608171514
2018-06-06 09:00:00,0.005588042559874151
2018-06-06 09:30:00,0.00596927735202471
2018-06-06 10:00:00,0.006270132433446599
2018-06-06 10:30:00,0.006545254657021149
2018-06-06 11:00:00,0.006778755613336563
2018-06-06 11:30:00,0.006931712818785915
2018-06-06 12:00:00,0.0070565728874456175
2018-06-06 12:30:00,0.007131868916615684
2018-06-06 13:00:00,0.007073726650126766
2018-06-06 13:30:00,0.006977839438217464
2018-06-06 14:00:00,0.006894573419784311
2018-06-06 14:30:00,0.0067452403336867505
2018-06-06 15:00:00,0.006449322387249289
2018-06-06 15:30:00,0.006183941734331604
2018-06-06 16:00:00,0.005949105624127387
2018-06-06 16:30:00,0.005730284198211829
2018-06-06 17:00:00,0.005538097351703274
2018-06-06 17:30:00,0.0053347055089882954
2018-06-06 18:00:00,0.00507969085577652
2018-06-06 18:30:00,0.004282136172421377
2018-06-06 19:00:00,0.0033876538659336126
2018-06-06 19:30:00,0.0030217472984970474
2018-06-06 20:00:00,0.0023974307638856885
2018-06-06 20:30:00,0.002020834761161399
2018-06-06 21:00:00,0.0017949366897317513
2018-06-06 21:30:00,0.0015993468459830358
2018-06-06 22:00:00,0.0015712145050252395
2018-06-06 22:30:00,0.0015416778606843651
2018-06-06 23:00:00,0.0015312273449298996
2018-06-06 23:30:00,0.0015250090994467316
2018-06-07 00:00:00,0.001529421818209991
2018-06-07 00:30:00,0.0015369130134229594
2018-06-07 01:00:00,0.0015377221883901616
2018-06-07 01:30:00,0.001533558720346374
2018-06-07 02:00:00,0.0015356116312269007
2018-06-07 02:30:00,0.0015237331111327512
2018-06-07 03:00:00,0.00152868457087117
2018-06-07 03:30:00,0.0015295679741090615
2018-06-07 04:00:00,0.0015441283486007057
2018-06-07 04:30:00,0.0014687628226696023
2018-06-07 05:00:00,0.0015823782198951565
2018-06-07 05:30:00,0.0021570979417160773
2018-06-07 06:00:00,0.0027831192522775965
2018-06-07 06:30:00,0.003372564126669422
2018-06-07 07:00:00,0.0040916754587689355
2018-06-07 07:30:00,0.0045728044003789554
2018-06-07 08:00:00,0.005088211045817959
2018-06-07 08:30:00,0.00555531614008588
2018-06-07 09:00:00,0.0060511486169107795
2018-06-07 09:30:00,0.006451616561713728
2018-06-07 10:00:00,0.006783403518515373
2018-06-07 10:30:00,0.00710375849687233
2018-06-07 11:00:00,0.007365994996513667
2018-06-07 11:30:00,0.007538337761316221
2018-06-07 12:00:00,0.00767313925265516
2018-06-07 12:30:00,0.007742889344796113
2018-06-07 13:00:00,0.007657823876811413
2018-06-07 13:30:00,0.007513384777802917
2018-06-07 14:00:00,0.00740021796241906
2018-06-07 14:30:00,0.007244809617928184
2018-06-07 15:00:00,0.0069513949873634545
2018-06-07 15:30:00,0.0066920105462420516
2018-06-07 16:00:00,0.006443837569170543
2018-06-07 16:30:00,0.006184243205290632
2018-06-07 17:00:00,0.005944553868433708
2018-06-07 17:30:00,0.005714542118332483
2018-06-07 18:00:00,0.005434983040954613
2018-06-07 18:30:00,0.0045645154465936335
2018-06-07 19:00:00,0.0035925383046062787
2018-06-07 19:30:00,0.0031919287617805303
2018-06-07 20:00:00,0.0024819195520013214
2018-06-07 20:30:00,0.002036859863452963
2018-06-07 21:00:00,0.0018054639948492865
2018-06-07 21:30:00,0.0016009277345153325
2018-06-07 22:00:00,0.0015718296880967053
2018-06-07 22:30:00,0.0015464553397742916
2018-06-07 23:00:00,0.0015246136060114985
2018-06-07 23:30:00,0.001521136337092304
2018-06-08 00:00:00,0.0015303557921703109
2018-06-08 00:30:00,0.0015382830242131461
2018-06-08 01:00:00,0.0015355589334955463
2018-06-08 01:30:00,0.0015327419923270664
2018-06-08 02:00:00,0.001526849092392913
2018-06-08 02:30:00,0.001516453922278874
2018-06-08 03:00:00,0.0015192166030155634
2018-06-08 03:30:00,0.0015182280647650349
2018-06-08 04:00:00,0.0015341794162777094
2018-06-08 04:30:00,0.001455747307783546
2018-06-08 05:00:00,0.0015551056680353365
2018-06-08 05:30:00,0.0021514248616431933
2018-06-08 06:00:00,0.0028051328830883005
2018-06-08 06:30:00,0.003444977711477752
2018-06-08 07:00:00,0.004215941223771324
2018-06-08 07:30:00,0.004730526019006261
2018-06-08 08:00:00,0.005260598477807963
2018-06-08 08:30:00,0.005728203202131807
2018-06-08 09:00:00,0.006234142400615351
2018-06-08 09:30:00,0.006683541447823188
2018-06-08 10:00:00,0.007027349651358764
2018-06-08 10:30:00,0.0073220465210392174
2018-06-08 11:00:00,0.007549529648202323
2018-06-08 11:30:00,0.007658859816975152
2018-06-08 12:00:00,0.007737787648774152
2018-06-08 12:30:00,0.007777873389221969
2018-06-08 13:00:00,0.007667568269010732
2018-06-08 13:30:00,0.007498361323082202
2018-06-08 14:00:00,0.007365061586861838
2018-06-08 14:30:00,0.007201755484594676
2018-06-08 15:00:00,0.006891014195908941
2018-06-08 15:30:00,0.006602902198597176
2018-06-08 16:00:00,0.006331455489855409
2018-06-08 16:30:00,0.006079906298492872
2018-06-08 17:00:00,0.005850492454941632
2018-06-08 17:30:00,0.005623349301939951
2018-06-08 18:00:00,0.005332357942258973
2018-06-08 18:30:00,0.004461165688979349
2018-06-08 19:00:00,0.00350835576236767
2018-06-08 19:30:00,0.0031015275399753003
2018-06-08 20:00:00,0.002414719743562858
2018-06-08 20:30:00,0.0019718847327179017
2018-06-08 21:00:00,0.0017729553981383937
2018-06-08 21:30:00,0.0015858528409052799
2018-06-08 22:00:00,0.0015581626573540563
2018-06-08 22:30:00,0.001535344930352565
2018-06-08 23:00:00,0.0015233574119030353
2018-06-08 23:30:00,0.001519250635158382
2018-06-09 00:00:00,0.0014428250774318236
2018-06-09 00:30:00,0.0013591990735900019
2018-06-09 01:00:00,0.0013308461314207193
2018-06-09 01:30:00,0.0012874374387217195
2018-06-09 02:00:00,0.0012787445268738055
2018-06-09 02:30:00,0.0012693573853573936
2018-06-09 03:00:00,0.0012652812983129612
2018-06-09 03:30:00,0.0012525109971702514
2018-06-09 04:00:00,0.0012407579706027463
2018-06-09 04:30:00,0.001121003851982856
2018-06-09 05:00:00,0.0011523501468364552
2018-06-09 05:30:00,0.001228202931445035
2018-06-09 06:00:00,0.0012018361815293495
2018-06-09 06:30:00,0.001171153556869064
2018-06-09 07:00:00,0.0011766394167480993
2018-06-09 07:30:00,0.0011363468789426434
2018-06-09 08:00:00,0.0011838379963045086
2018-06-09 08:30:00,0.0012544106331830568
2018-06-09 09:00:00,0.001375737132299539
2018-06-09 09:30:00,0.0014975620026299289
2018-06-09 10:00:00,0.0016488297118667137
2018-06-09 10:30:00,0.0018119037531191947
2018-06-09 11:00:00,0.0019126974537210478
2018-06-09 11:30:00,0.0020842236207293304
2018-06-09 12:00:00,0.002199651533418408
2018-06-09 12:30:00,0.00224233938713316
2018-06-09 13:00:00,0.0023528885056540716
2018-06-09 13:30:00,0.002389967219788761
2018-06-09 14:00:00,0.0024437570617062256
2018-06-09 14:30:00,0.002491021761138316
2018-06-09 15:00:00,0.0024896569593495814
2018-06-09 15:30:00,0.0024717562258602358
2018-06-09 16:00:00,0.002443752720871682
2018-06-09 16:30:00,0.002411025302691466
2018-06-09 17:00:00,0.002306945460115356
2018-06-09 17:30:00,0.0022111515327403884
2018-06-09 18:00:00,0.0021053668273974275
2018-06-09 18:30:00,0.0019378174291392286
2018-06-09 19:00:00,0.0018478814145719952
2018-06-09 19:30:00,0.0019748829905452516
2018-06-09 20:00:00,0.0017696792834919319
2018-06-09 20:30:00,0.0016495100942730187
2018-06-09 21:00:00,0.0015652028398579836
2018-06-09 21:30:00,0.0015037486902459672
2018-06-09 22:00:00,0.0014858826834329678
2018-06-09 22:30:00,0.0014513191790576582
2018-06-09 23:00:00,0.0014062091396677874
2018-06-09 23:30:00,0.0013788630540708055
2018-06-10 00:00:00,0.0013120077776700373
2018-06-10 00:30:00,0.0012462848079598694
2018-06-10 01:00:00,0.001252083642009471
2018-06-10 01:30:00,0.0012137475617409917
2018-06-10 02:00:00,0.0011989851648097057
2018-06-10 02:30:00,0.001191390484101227
2018-06-10 03:00:00,0.001184018401388125
2018-06-10 03:30:00,0.0011836024192138478
2018-06-10 04:00:00,0.001190186249782246
2018-06-10 04:30:00,0.0010813275390491564
2018-06-10 05:00:00,0.0012116419965374557
2018-06-10 05:30:00,0.0012008726898941357
2018-06-10 06:00:00,0.001147816535831167
2018-06-10 06:30:00,0.001071128618064816
2018-06-10 07:00:00,0.0010579217591920945
2018-06-10 07:30:00,0.0011158443794531258
2018-06-10 08:00:00,0.0011327332644104461
2018-06-10 08:30:00,0.001167642299215396
2018-06-10 09:00:00,0.0012943955360444344
2018-06-10 09:30:00,0.0013388880049038407
2018-06-10 10:00:00,0.0014429806095335074
2018-06-10 10:30:00,0.0015954527701310007
2018-06-10 11:00:00,0.0016287501398867426
2018-06-10 11:30:00,0.0017588131762382984
2018-06-10 12:00:00,0.0018558523154103353
2018-06-10 12:30:00,0.001853909010602025
2018-06-10 13:00:00,0.0019393204430998199
2018-06-10 13:30:00,0.0019795000757988064
2018-06-10 14:00:00,0.0020197638338712402
2018-06-10 14:30:00,0.002056902191072554
2018-06-10 15:00:00,0.0020584525201296664
2018-06-10 15:30:00,0.0020320750049443136
2018-06-10 16:00:00,0.0019868303996836024
2018-06-10 16:30:00,0.00196932012426142
2018-06-10 17:00:00,0.0018609295291254712
2018-06-10 17:30:00,0.0017459200294780153
2018-06-10 18:00:00,0.0016536015478717343
2018-06-10 18:30:00,0.0014835911134692542
2018-06-10 19:00:00,0.0013901824312674421
2018-06-10 19:30:00,0.001545702812697878
2018-06-10 20:00:00,0.001418471172493831
2018-06-10 20:30:00,0.0013839569365905872
2018-06-10 21:00:00,0.0013248979292544852
2018-06-10 21:30:00,0.00126713557260479
2018-06-10 22:00:00,0.0012679880691007337
2018-06-10 22:30:00,0.001262977183337418
2018-06-10 23:00:00,0.0012435243844571425
2018-06-10 23:30:00,0.0012341483988855067
2018-06-11 00:00:00,0.0013489698969888957
2018-06-11 00:30:00,0.0014613016226233278
2018-06-11 01:00:00,0.0014977213112576649
2018-06-11 01:30:00,0.001535009600884101
2018-06-11 02:00:00,0.0015243335787751152
2018-06-11 02:30:00,0.001518294653166928
2018-06-11 03:00:00,0.0015174251405995747
2018-06-11 03:30:00,0.0015152312828214296
2018-06-11 04:00:00,0.0015284325854259357
2018-06-11 04:30:00,0.0014402003918252636
2018-06-11 05:00:00,0.001548766226451722
2018-06-11 05:30:00,0.0020795451126669894
2018-06-11 06:00:00,0.0026518444719632996
2018-06-11 06:30:00,0.0032035216549617354
2018-06-11 07:00:00,0.003888621636839837
2018-06-11 07:30:00,0.00435450487300053
2018-06-11 08:00:00,0.004841357552222555
2018-06-11 08:30:00,0.005273727201658907
2018-06-11 09:00:00,0.0057208222207078925
2018-06-11 09:30:00,0.006131204414565836
2018-06-11 10:00:00,0.006458928567276751
2018-06-11 10:30:00,0.0067335831527459596
2018-06-11 11:00:00,0.006954419246789719
2018-06-11 11:30:00,0.007092029648753231
2018-06-11 12:00:00,0.007193222315457952
2018-06-11 12:30:00,0.007236741395579387
2018-06-11 13:00:00,0.007145730416745869
2018-06-11 13:30:00,0.007013649760498623
2018-06-11 14:00:00,0.006907973879877661
2018-06-11 14:30:00,0.006739082121945315
2018-06-11 15:00:00,0.006457072339609378
2018-06-11 15:30:00,0.006206482038597439
2018-06-11 16:00:00,0.005992964244326791
2018-06-11 16:30:00,0.005754448755947046
2018-06-11 17:00:00,0.0055508383088044705
2018-06-11 17:30:00,0.005348408264799235
2018-06-11 18:00:00,0.005095032580485944
2018-06-11 18:30:00,0.004299407181043538
2018-06-11 19:00:00,0.0034097391639226256
2018-06-11 19:30:00,0.0030406343998196496
2018-06-11 20:00:00,0.002405375923575187
2018-06-11 20:30:00,0.0019996537892327756
2018-06-11 21:00:00,0.0017915716747938443
2018-06-11 21:30:00,0.0015952347300118947
2018-06-11 22:00:00,0.0015626147908949684
2018-06-11 22:30:00,0.001539264486903369
2018-06-11 23:00:00,0.0015204549562940542
2018-06-11 23:30:00,0.0015155369209816178
2018-06-12 00:00:00,0.001521310404557487
2018-06-12 00:30:00,0.0015270058399282692
2018-06-12 01:00:00,0.0015326254843279264
2018-06-12 01:30:00,0.0015223042820345038
2018-06-12 02:00:00,0.0015201791396671775
2018-06-12 02:30:00,0.0015106918550978536
2018-06-12 03:00:00,0.0015111077070470943
2018-06-12 03:30:00,0.0015112197005783096
2018-06-12 04:00:00,0.0015291378842225188
2018-06-12 04:30:00,0.001428876543569047
2018-06-12 05:00:00,0.0015328203443905715
2018-06-12 05:30:00,0.0020934039214797577
2018-06-12 06:00:00,0.0027288345552222044
2018-06-12 06:30:00,0.003316243230946495
2018-06-12 07:00:00,0.0040277610977712
2018-06-12 07:30:00,0.004534285310526134
2018-06-12 08:00:00,0.005064669007164586
2018-06-12 08:30:00,0.005524905295076345
2018-06-12 09:00:00,0.00599283302089855
2018-06-12 09:30:00,0.006425565694327752
2018-06-12 10:00:00,0.006764988265907619
2018-06-12 10:30:00,0.007049283844897327
2018-06-12 11:00:00,0.007285984386946205
2018-06-12 11:30:00,0.007463657913609565
2018-06-12 12:00:00,0.0075975859856300615
2018-06-12 12:30:00,0.007651690581460256
2018-06-12 13:00:00,0.007558045540817565
2018-06-12 13:30:00,0.007411091101824654
2018-06-12 14:00:00,0.0073139963999704636
2018-06-12 14:30:00,0.00716374114698254
2018-06-12 15:00:00,0.006884221658015705
2018-06-12 15:30:00,0.006610757720053357
2018-06-12 16:00:00,0.006380511738520181
2018-06-12 16:30:00,0.006149882938788636
2018-06-12 17:00:00,0.005932779311326869
2018-06-12 17:30:00,0.00569847339065376
2018-06-12 18:00:00,0.005408566848933481
2018-06-12 18:30:00,0.0045485220758025805
2018-06-12 19:00:00,0.003602464621181304
2018-06-12 19:30:00,0.0031875251587698116
2018-06-12 20:00:00,0.0024998570957675934
2018-06-12 20:30:00,0.002051134784665045
2018-06-12 21:00:00,0.0018179679857927692
2018-06-12 21:30:00,0.0015929043963957105
2018-06-12 22:00:00,0.0015666053634988994
2018-06-12 22:30:00,0.0015383865097086565
2018-06-12 23:00:00,0.0015265793529343975
2018-06-12 23:30:00,0.0015197287780833184
2018-06-13 00:00:00,0.0015250354917207545
2018-06-13 00:30:00,0.0015326394618151557
2018-06-13 01:00:00,0.0015318674877999887
2018-06-13 01:30:00,0.0015315223046371115
2018-06-13 02:00:00,0.001523243334771239
2018-06-13 02:30:00,0.0015118783788118984
2018-06-13 03:00:00,0.0015119523032241693
2018-06-13 03:30:00,0.0015146132347991655
2018-06-13 04:00:00,0.00152629689483067
2018-06-13 04:30:00,0.0014383322268628964
2018-06-13 05:00:00,0.0015490385270026184
2018-06-13 05:30:00,0.002115648180829744
2018-06-13 06:00:00,0.0027578745646829887
2018-06-13 06:30:00,0.0033347956539258143
2018-06-13 07:00:00,0.0040560267891661655
2018-06-13 07:30:00,0.0045419599494068985
2018-06-13 08:00:00,0.0050696815424450285
2018-06-13 08:30:00,0.0055415476206316094
2018-06-13 09:00:00,0.006029826828309573
2018-06-13 09:30:00,0.0064548806088401585
2018-06-13 10:00:00,0.0067908280385097575
2018-06-13 10:30:00,0.007078971246421888
2018-06-13 11:00:00,0.007312114257520867
2018-06-13 11:30:00,0.007455996470865812
2018-06-13 12:00:00,0.007566516462386938
2018-06-13 12:30:00,0.00762367075493382
2018-06-13 13:00:00,0.007532466652371474
2018-06-13 13:30:00,0.007379646704110378
2018-06-13 14:00:00,0.007263504029605414
2018-06-13 14:30:00,0.007117583533992353
2018-06-13 15:00:00,0.00681011827313639
2018-06-13 15:30:00,0.0065064687360689545
2018-06-13 16:00:00,0.006227990439675656
2018-06-13 16:30:00,0.005962865678954297
2018-06-13 17:00:00,0.0057402797510978185
2018-06-13 17:30:00,0.005547659124993359
2018-06-13 18:00:00,0.005291066969100231
2018-06-13 18:30:00,0.004465766062019912
2018-06-13 19:00:00,0.0035478667329136185
2018-06-13 19:30:00,0.0031420303912143748
2018-06-13 20:00:00,0.0024722254700743585
2018-06-13 20:30:00,0.0020488974317247766
2018-06-13 21:00:00,0.0018202187085034306
2018-06-13 21:30:00,0.0016008846734366635
2018-06-13 22:00:00,0.0015730019738734481
2018-06-13 22:30:00,0.0015419495969267707
2018-06-13 23:00:00,0.0015323680294311677
2018-06-13 23:30:00,0.001527465187039633
2018-06-14 00:00:00,0.0015315951872490923
2018-06-14 00:30:00,0.001539981332319837
2018-06-14 01:00:00,0.0015365583238324326
2018-06-14 01:30:00,0.0015309222710782017
2018-06-14 02:00:00,0.001524237559515019
2018-06-14 02:30:00,0.0015121043626582186
2018-06-14 03:00:00,0.0015146588135618695
2018-06-14 03:30:00,0.0015157557858592873
2018-06-14 04:00:00,0.0015271621533801706
2018-06-14 04:30:00,0.0014369117755753174
2018-06-14 05:00:00,0.0015293008391512714
2018-06-14 05:30:00,0.002090471166845665
2018-06-14 06:00:00,0.0027592930625950233
2018-06-14 06:30:00,0.0033857356077406165
2018-06-14 07:00:00,0.004123282203695127
2018-06-14 07:30:00,0.004630135929200236
2018-06-14 08:00:00,0.005165455632206133
2018-06-14 08:30:00,0.005626663225255284
2018-06-14 09:00:00,0.006119830646712372
2018-06-14 09:30:00,0.006560836603514196
2018-06-14 10:00:00,0.006911159227673824
2018-06-14 10:30:00,0.00720747275436321
2018-06-14 11:00:00,0.0074514606026265615
2018-06-14 11:30:00,0.007610917600087555
2018-06-14 12:00:00,0.007740954461206815
2018-06-14 12:30:00,0.00782436450853011
2018-06-14 13:00:00,0.0077513583563982875
2018-06-14 13:30:00,0.007615835071091501
2018-06-14 14:00:00,0.0075038360704248065
2018-06-14 14:30:00,0.007316534572744577
2018-06-14 15:00:00,0.006988554441020648
2018-06-14 15:30:00,0.006707772029651806
2018-06-14 16:00:00,0.006437113312604671
2018-06-14 16:30:00,0.006171504809281815
2018-06-14 17:00:00,0.005933508441305094
2018-06-14 17:30:00,0.005719323851440262
2018-06-14 18:00:00,0.005455516230144352
2018-06-14 18:30:00,0.004582672506362757
2018-06-14 19:00:00,0.0036206269767685697
2018-06-14 19:30:00,0.0032055449179423327
2018-06-14 20:00:00,0.0025009617079338074
2018-06-14 20:30:00,0.0020375677667502723
2018-06-14 21:00:00,0.001820000624975979
2018-06-14 21:30:00,0.0015993603459784653
2018-06-14 22:00:00,0.0015795913173017161
2018-06-14 22:30:00,0.001543819367997919
2018-06-14 23:00:00,0.0015298667103423261
2018-06-14 23:30:00,0.0015242048730309086
2018-06-15 00:00:00,0.001530427980248765
2018-06-15 00:30:00,0.0015371926933925792
2018-06-15 01:00:00,0.001539184051239283
2018-06-15 01:30:00,0.0015308309833277577
2018-06-15 02:00:00,0.0015234641096161074
2018-06-15 02:30:00,0.0015139175292469232
2018-06-15 03:00:00,0.001511672102354404
2018-06-15 03:30:00,0.0015143523072347724
2018-06-15 04:00:00,0.0015267797258569126
2018-06-15 04:30:00,0.0014341146720207004
2018-06-15 05:00:00,0.001542678509863269
2018-06-15 05:30:00,0.0021542499201722687
2018-06-15 06:00:00,0.0028513431938098424
2018-06-15 06:30:00,0.003501216739061194
2018-06-15 07:00:00,0.004262553235321496
2018-06-15 07:30:00,0.004759734626480703
2018-06-15 08:00:00,0.005289400869985852
2018-06-15 08:30:00,0.005762074864297618
2018-06-15 09:00:00,0.00628399653807751
2018-06-15 09:30:00,0.0067576318970155634
2018-06-15 10:00:00,0.007131007391183891
2018-06-15 10:30:00,0.007433358584639446
2018-06-15 11:00:00,0.00767994772141117
2018-06-15 11:30:00,0.007842273663238471
2018-06-15 12:00:00,0.007969006064061701
2018-06-15 12:30:00,0.008049973089704072
2018-06-15 13:00:00,0.007982613104470963
2018-06-15 13:30:00,0.007878326377720523
2018-06-15 14:00:00,0.007805123802825619
2018-06-15 14:30:00,0.007650838258597694
2018-06-15 15:00:00,0.00733663532799712
2018-06-15 15:30:00,0.007053614782337792
2018-06-15 16:00:00,0.0067835296631672
2018-06-15 16:30:00,0.0065242643779540085
2018-06-15 17:00:00,0.006275981838218629
2018-06-15 17:30:00,0.006013483412620955
2018-06-15 18:00:00,0.0056978980998517465
2018-06-15 18:30:00,0.004784370902705733
2018-06-15 19:00:00,0.0037856907263506285
2018-06-15 19:30:00,0.0033341777361285863
2018-06-15 20:00:00,0.0025583155486446404
2018-06-15 20:30:00,0.002052206363080385
2018-06-15 21:00:00,0.0018224280630608951
2018-06-15 21:30:00,0.0016122043544917189
2018-06-15 22:00:00,0.0015856089728206416
2018-06-15 22:30:00,0.001550909730549166
2018-06-15 23:00:00,0.001554386044484761
2018-06-15 23:30:00,0.00154786771710962
2018-06-16 00:00:00,0.0014512479459628039
2018-06-16 00:30:00,0.001363866816382676
2018-06-16 01:00:00,0.0013350029145793104
2018-06-16 01:30:00,0.0012854331017797317
2018-06-16 02:00:00,0.00127676506291375
2018-06-16 02:30:00,0.0012629128955778327
2018-06-16 03:00:00,0.0012584924067207412
2018-06-16 03:30:00,0.001247264838174693
2018-06-16 04:00:00,0.0012329505455933043
2018-06-16 04:30:00,0.0011024464370438115
2018-06-16 05:00:00,0.0011404765752936847
2018-06-16 05:30:00,0.0011832680447289834
2018-06-16 06:00:00,0.0011502589932036026
2018-06-16 06:30:00,0.0011413569833557413
2018-06-16 07:00:00,0.0011679176817588179
2018-06-16 07:30:00,0.0011593988807844327
2018-06-16 08:00:00,0.001239836845512674
2018-06-16 08:30:00,0.0013508715731939368
2018-06-16 09:00:00,0.0014873743244070553
2018-06-16 09:30:00,0.0016309490764413034
2018-06-16 10:00:00,0.0018195744418405253
2018-06-16 10:30:00,0.0019745892896800574
2018-06-16 11:00:00,0.002074716281504417
2018-06-16 11:30:00,0.0022463377298309233
2018-06-16 12:00:00,0.0023298102851716414
2018-06-16 12:30:00,0.002365534875970572
2018-06-16 13:00:00,0.002472056351160554
2018-06-16 13:30:00,0.0024849594818402865
2018-06-16 14:00:00,0.002520480096824031
2018-06-16 14:30:00,0.002578689863290097
2018-06-16 15:00:00,0.0025793651235116403
2018-06-16 15:30:00,0.002565741848381187
2018-06-16 16:00:00,0.0025368060623577856
2018-06-16 16:30:00,0.0024697471140002498
2018-06-16 17:00:00,0.002363744151496456
2018-06-16 17:30:00,0.0022833041899843246
2018-06-16 18:00:00,0.0021549874279611623
2018-06-16 18:30:00,0.0019858525398860506
2018-06-16 19:00:00,0.0018715641830812603
2018-06-16 19:30:00,0.001964497283450517
2018-06-16 20:00:00,0.0017629565462181508
2018-06-16 20:30:00,0.001673039848364635
2018-06-16 21:00:00,0.0015759658522912158
2018-06-16 21:30:00,0.0014928781553410996
2018-06-16 22:00:00,0.0014730457938883649
2018-06-16 22:30:00,0.0014405799543977227
2018-06-16 23:00:00,0.0013950725116054202
2018-06-16 23:30:00,0.0013833167503121526
2018-06-17 00:00:00,0.001333012641941242
2018-06-17 00:30:00,0.0012741712840491377
2018-06-17 01:00:00,0.0012974213147627883
2018-06-17 01:30:00,0.0012624018491270588
2018-06-17 02:00:00,0.0012409985396531317
2018-06-17 02:30:00,0.0012275981229681278
2018-06-17 03:00:00,0.001216685612193227
2018-06-17 03:30:00,0.001221446769745271
2018-06-17 04:00:00,0.001238695770336297
2018-06-17 04:30:00,0.0011225869543407697
2018-06-17 05:00:00,0.0012205285964226884
2018-06-17 05:30:00,0.0011961450435847654
2018-06-17 06:00:00,0.0011417866391588295
2018-06-17 06:30:00,0.001059383622041216
2018-06-17 07:00:00,0.001070770803073418
2018-06-17 07:30:00,0.0012106775933269876
2018-06-17 08:00:00,0.0012315988531248897
2018-06-17 08:30:00,0.0012890730217692608
2018-06-17 09:00:00,0.001448563747514656
2018-06-17 09:30:00,0.0015116937197104296
2018-06-17 10:00:00,0.001693614318890879
2018-06-17 10:30:00,0.0018363497705661948
2018-06-17 11:00:00,0.0018995096945203164
2018-06-17 11:30:00,0.0020759993453787024
2018-06-17 12:00:00,0.0021720033691455627
2018-06-17 12:30:00,0.0022655405834581996
2018-06-17 13:00:00,0.0023703470383284993
2018-06-17 13:30:00,0.002420074553647033
2018-06-17 14:00:00,0.0024611748339442917
2018-06-17 14:30:00,0.0024774604731251405
2018-06-17 15:00:00,0.0024780748748463883
2018-06-17 15:30:00,0.002387966876414553
2018-06-17 16:00:00,0.002312776546565614
2018-06-17 16:30:00,0.0022577625024902694
2018-06-17 17:00:00,0.0021001815269021656
2018-06-17 17:30:00,0.002023488443542708
2018-06-17 18:00:00,0.0018993151817244345
2018-06-17 18:30:00,0.0016711850097643154
2018-06-17 19:00:00,0.0015514588895272291
2018-06-17 19:30:00,0.0016369178975716176
2018-06-17 20:00:00,0.001475093929850894
2018-06-17 20:30:00,0.0014150253312167293
2018-06-17 21:00:00,0.0013384840034329029
2018-06-17 21:30:00,0.0012813034488370358
2018-06-17 22:00:00,0.0012937647259686131
2018-06-17 22:30:00,0.0012935271520940626
2018-06-17 23:00:00,0.0012809913862417233
2018-06-17 23:30:00,0.001273568776214538
2018-06-18 00:00:00,0.0012805329507056134
2018-06-18 00:30:00,0.0012725528038896965
2018-06-18 01:00:00,0.001279464671324526
2018-06-18 01:30:00,0.0012809276193822834
2018-06-18 02:00:00,0.0012728412957534394
2018-06-18 02:30:00,0.0012797034606327486
2018-06-18 03:00:00,0.001277406377809166
2018-06-18 03:30:00,0.001276459468161907
2018-06-18 04:00:00,0.001293849155200479
2018-06-18 04:30:00,0.0011878623840095312
2018-06-18 05:00:00,0.0014627710819329
2018-06-18 05:30:00,0.0020777463576489683
2018-06-18 06:00:00,0.0025902228095462604
2018-06-18 06:30:00,0.0029059707299774586
2018-06-18 07:00:00,0.0033665939598803997
2018-06-18 07:30:00,0.003680156096485703
2018-06-18 08:00:00,0.004136576790833967
2018-06-18 08:30:00,0.004577778823132109
2018-06-18 09:00:00,0.005095535335942741
2018-06-18 09:30:00,0.005578690448892502
2018-06-18 10:00:00,0.005961784550702961
2018-06-18 10:30:00,0.00630374920180803
2018-06-18 11:00:00,0.006554258112172285
2018-06-18 11:30:00,0.006694699736649925
2018-06-18 12:00:00,0.006809853438820907
2018-06-18 12:30:00,0.006904225525841242
2018-06-18 13:00:00,0.006898333580890689
2018-06-18 13:30:00,0.006830102346756409
2018-06-18 14:00:00,0.00676981284305234
2018-06-18 14:30:00,0.006655880564905131
2018-06-18 15:00:00,0.006529875601134652
2018-06-18 15:30:00,0.006378245171763436
2018-06-18 16:00:00,0.00617884064602648
2018-06-18 16:30:00,0.0058756646940077125
2018-06-18 17:00:00,0.005615994105073222
2018-06-18 17:30:00,0.005440476150027336
2018-06-18 18:00:00,0.005234570269578303
2018-06-18 18:30:00,0.004383373940397003
2018-06-18 19:00:00,0.0034011694449590482
2018-06-18 19:30:00,0.002973545282662038
2018-06-18 20:00:00,0.0022673096471679446
2018-06-18 20:30:00,0.001814848575273318
2018-06-18 21:00:00,0.0015922286586823667
2018-06-18 21:30:00,0.0013810925066922051
2018-06-18 22:00:00,0.0013486491093161516
2018-06-18 22:30:00,0.0013074916168196128
2018-06-18 23:00:00,0.0012944369910143222
2018-06-18 23:30:00,0.0012863328699638508
2018-06-19 00:00:00,0.0012830775045065057
2018-06-19 00:30:00,0.0012852444925188283
2018-06-19 01:00:00,0.0012775260546175225
2018-06-19 01:30:00,0.0012727506157198313
2018-06-19 02:00:00,0.0012700422822316234
2018-06-19 02:30:00,0.0012663720632169822
2018-06-19 03:00:00,0.001269132790578127
2018-06-19 03:30:00,0.0012692333243061482
2018-06-19 04:00:00,0.0012826546204053049
2018-06-19 04:30:00,0.0011878883856084451
2018-06-19 05:00:00,0.0014105444179427957
2018-06-19 05:30:00,0.0020129334873091325
2018-06-19 06:00:00,0.002564478448487382
2018-06-19 06:30:00,0.0029395833745460747
2018-06-19 07:00:00,0.0034491837197000628
2018-06-19 07:30:00,0.0037834488589424346
2018-06-19 08:00:00,0.004228972452478427
2018-06-19 08:30:00,0.004690859776808701
2018-06-19 09:00:00,0.005186269326124055
2018-06-19 09:30:00,0.005622666922749755
2018-06-19 10:00:00,0.005957478963736228
2018-06-19 10:30:00,0.006281841009868382
2018-06-19 11:00:00,0.006523846659445914
2018-06-19 11:30:00,0.00665221946164303
2018-06-19 12:00:00,0.006757530321487253
2018-06-19 12:30:00,0.006829814375792812
2018-06-19 13:00:00,0.006796362819594094
2018-06-19 13:30:00,0.006677162374420193
2018-06-19 14:00:00,0.006548906774755744
2018-06-19 14:30:00,0.006385673034200418
2018-06-19 15:00:00,0.006198176980315962
2018-06-19 15:30:00,0.005975057780935849
2018-06-19 16:00:00,0.005754103963459278
2018-06-19 16:30:00,0.005531297521208005
2018-06-19 17:00:00,0.005341948842548846
2018-06-19 17:30:00,0.005178036933412832
2018-06-19 18:00:00,0.004986461189591271
2018-06-19 18:30:00,0.004166168303323468
2018-06-19 19:00:00,0.003234975993187116
2018-06-19 19:30:00,0.00282035757889844
2018-06-19 20:00:00,0.002199295367944136
2018-06-19 20:30:00,0.001803381088802066
2018-06-19 21:00:00,0.0015876961328857144
2018-06-19 21:30:00,0.001375807323594103
2018-06-19 22:00:00,0.001342067449165025
2018-06-19 22:30:00,0.0013052814375035854
2018-06-19 23:00:00,0.0012885020718017906
2018-06-19 23:30:00,0.0012861011128075884
2018-06-20 00:00:00,0.001279587473533754
2018-06-20 00:30:00,0.0012794840748549343
2018-06-20 01:00:00,0.0012785250976876453
2018-06-20 01:30:00,0.001269133702153381
2018-06-20 02:00:00,0.001266974223784818
2018-06-20 02:30:00,0.0012627916560690403
2018-06-20 03:00:00,0.0012659538238087426
2018-06-20 03:30:00,0.0012680181944924635
2018-06-20 04:00:00,0.0012815183201469252
2018-06-20 04:30:00,0.0011991316679755394
2018-06-20 05:00:00,0.0013997583122697937
2018-06-20 05:30:00,0.0019658927749394723
2018-06-20 06:00:00,0.002480966434960666
2018-06-20 06:30:00,0.002826143998161248
2018-06-20 07:00:00,0.0032804460613940012
2018-06-20 07:30:00,0.0035998265223960053
2018-06-20 08:00:00,0.004017649688011252
2018-06-20 08:30:00,0.004434673228495291
2018-06-20 09:00:00,0.0048828108725932125
2018-06-20 09:30:00,0.005293774564646567
2018-06-20 10:00:00,0.0056141712150151405
2018-06-20 10:30:00,0.0059003586165154755
2018-06-20 11:00:00,0.006120342691555091
2018-06-20 11:30:00,0.0062821220789050555
2018-06-20 12:00:00,0.006420817125195884
2018-06-20 12:30:00,0.006516720745459758
2018-06-20 13:00:00,0.006513861481154483
2018-06-20 13:30:00,0.006441938931549683
2018-06-20 14:00:00,0.006349948877484943
2018-06-20 14:30:00,0.006196941231538197
2018-06-20 15:00:00,0.006034403587210222
2018-06-20 15:30:00,0.005892215341137425
2018-06-20 16:00:00,0.00573165967845354
2018-06-20 16:30:00,0.005557863949512678
2018-06-20 17:00:00,0.005406295420442048
2018-06-20 17:30:00,0.005227000895935212
2018-06-20 18:00:00,0.005022632625898082
2018-06-20 18:30:00,0.004233374709830437
2018-06-20 19:00:00,0.003321744153521395
2018-06-20 19:30:00,0.0028933121619158916
2018-06-20 20:00:00,0.002246643671849529
2018-06-20 20:30:00,0.0018355016149047944
2018-06-20 21:00:00,0.0016009206589550269
2018-06-20 21:30:00,0.0013841567886129572
2018-06-20 22:00:00,0.0013482841319477571
2018-06-20 22:30:00,0.001304995506732223
2018-06-20 23:00:00,0.0013001653733192872
2018-06-20 23:30:00,0.0012892655377812526
2018-06-21 00:00:00,0.001281768352216615
2018-06-21 00:30:00,0.0012833437278890417
2018-06-21 01:00:00,0.0012811753074013195
2018-06-21 01:30:00,0.0012747892452547108
2018-06-21 02:00:00,0.001270318532941954
2018-06-21 02:30:00,0.0012658357965175124
2018-06-21 03:00:00,0.0012763141804297451
2018-06-21 03:30:00,0.0012721603924469892
2018-06-21 04:00:00,0.001283271279360515
2018-06-21 04:30:00,0.0011982138853280657
2018-06-21 05:00:00,0.0014106593632415001
2018-06-21 05:30:00,0.0020182489694323463
2018-06-21 06:00:00,0.002538039423676552
2018-06-21 06:30:00,0.0028814968443726914
2018-06-21 07:00:00,0.003365602469862382
2018-06-21 07:30:00,0.0037142672424932627
2018-06-21 08:00:00,0.004155871322886797
2018-06-21 08:30:00,0.0045776180820289725
2018-06-21 09:00:00,0.005032882985771758
2018-06-21 09:30:00,0.005473759325254122
2018-06-21 10:00:00,0.005810028540988409
2018-06-21 10:30:00,0.0061022603809568025
2018-06-21 11:00:00,0.006325194704193718
2018-06-21 11:30:00,0.0064804854120684725
2018-06-21 12:00:00,0.006614027800939804
2018-06-21 12:30:00,0.006725648584692746
2018-06-21 13:00:00,0.006724867408108348
2018-06-21 13:30:00,0.006653368133279859
2018-06-21 14:00:00,0.006588958266019015
2018-06-21 14:30:00,0.006486129582183299
2018-06-21 15:00:00,0.0063523777046369115
2018-06-21 15:30:00,0.006196971443746617
2018-06-21 16:00:00,0.0060374514607764
2018-06-21 16:30:00,0.005865000696010411
2018-06-21 17:00:00,0.005703829502988297
2018-06-21 17:30:00,0.005531645525913335
2018-06-21 18:00:00,0.005314475049599601
2018-06-21 18:30:00,0.004436413034980216
2018-06-21 19:00:00,0.003445587859181147
2018-06-21 19:30:00,0.0029939147789811516
2018-06-21 20:00:00,0.0022977253105038223
2018-06-21 20:30:00,0.0018427572764354472
2018-06-21 21:00:00,0.0016110832905625858
2018-06-21 21:30:00,0.0013920241605474412
2018-06-21 22:00:00,0.001354639243944073
2018-06-21 22:30:00,0.0013169058017352291
2018-06-21 23:00:00,0.0013073009673664746
2018-06-21 23:30:00,0.0012948312690158831
2018-06-22 00:00:00,0.0012909388426809746
2018-06-22 00:30:00,0.001287586416163243
2018-06-22 01:00:00,0.0012832098999600741
2018-06-22 01:30:00,0.0012765096048008811
2018-06-22 02:00:00,0.0012702499043478256
2018-06-22 02:30:00,0.0012669413202589805
2018-06-22 03:00:00,0.0012670473668468713
2018-06-22 03:30:00,0.001268063729846822
2018-06-22 04:00:00,0.0012846388158750124
2018-06-22 04:30:00,0.001191476041950074
2018-06-22 05:00:00,0.001400236281561348
2018-06-22 05:30:00,0.0019810053904017054
2018-06-22 06:00:00,0.002548878921614436
2018-06-22 06:30:00,0.0029616610326662915
2018-06-22 07:00:00,0.0035174486387103973
2018-06-22 07:30:00,0.0038924702207458594
2018-06-22 08:00:00,0.00436350372686705
2018-06-22 08:30:00,0.004820588872758847
2018-06-22 09:00:00,0.005308060511578389
2018-06-22 09:30:00,0.0057590031595497965
2018-06-22 10:00:00,0.006083084874587147
2018-06-22 10:30:00,0.0063323769188039
2018-06-22 11:00:00,0.006530190311639037
2018-06-22 11:30:00,0.0066837553641494775
2018-06-22 12:00:00,0.006819711213618495
2018-06-22 12:30:00,0.006920732287133722
2018-06-22 13:00:00,0.0069177063781903315
2018-06-22 13:30:00,0.006840261418879643
2018-06-22 14:00:00,0.006767903874245267
2018-06-22 14:30:00,0.006657154773476948
2018-06-22 15:00:00,0.006514337497070493
2018-06-22 15:30:00,0.006341738666438234
2018-06-22 16:00:00,0.006156414852975897
2018-06-22 16:30:00,0.005967840839649321
2018-06-22 17:00:00,0.005778621083776095
2018-06-22 17:30:00,0.005557261615311461
2018-06-22 18:00:00,0.005312857698057142
2018-06-22 18:30:00,0.0044456330543667134
2018-06-22 19:00:00,0.0034506647690378655
2018-06-22 19:30:00,0.003007756571722511
2018-06-22 20:00:00,0.002302470450376401
2018-06-22 20:30:00,0.001841163669257939
2018-06-22 21:00:00,0.001608508741595
2018-06-22 21:30:00,0.0013901930229037276
2018-06-22 22:00:00,0.0013536694580987714
2018-06-22 22:30:00,0.0013200623697983706
2018-06-22 23:00:00,0.0013071715236803957
2018-06-22 23:30:00,0.0012919204355962338
2018-06-23 00:00:00,0.001308987859078317
2018-06-23 00:30:00,0.0013222672967046012
2018-06-23 01:00:00,0.001337761341298147
2018-06-23 01:30:00,0.0013198252734156197
2018-06-23 02:00:00,0.001299290521525446
2018-06-23 02:30:00,0.0012818370676274341
2018-06-23 03:00:00,0.0012709573301533347
2018-06-23 03:30:00,0.0012642430575069128
2018-06-23 04:00:00,0.001256619249798649
2018-06-23 04:30:00,0.001142865683809584
2018-06-23 05:00:00,0.0011048458333375783
2018-06-23 05:30:00,0.0011433498170861896
2018-06-23 06:00:00,0.0010944326053518392
2018-06-23 06:30:00,0.0010828930176188245
2018-06-23 07:00:00,0.001114161741759136
2018-06-23 07:30:00,0.0011162370947542513
2018-06-23 08:00:00,0.0011467830699431161
2018-06-23 08:30:00,0.0012223594736163292
2018-06-23 09:00:00,0.0013108894484666666
2018-06-23 09:30:00,0.001442073114663901
2018-06-23 10:00:00,0.0016435429660681764
2018-06-23 10:30:00,0.001766735676771481
2018-06-23 11:00:00,0.001888131021523819
2018-06-23 11:30:00,0.00207648868765676
2018-06-23 12:00:00,0.0021676823288078557
2018-06-23 12:30:00,0.002275793070340803
2018-06-23 13:00:00,0.002415933006817689
2018-06-23 13:30:00,0.002466599488056268
2018-06-23 14:00:00,0.0025511053790600005
2018-06-23 14:30:00,0.0026138680298367265
2018-06-23 15:00:00,0.0026052794716512314
2018-06-23 15:30:00,0.0025762919428800744
2018-06-23 16:00:00,0.002554753459818471
2018-06-23 16:30:00,0.002486556214418666
2018-06-23 17:00:00,0.0023771565488847997
2018-06-23 17:30:00,0.0023116803990267595
2018-06-23 18:00:00,0.002137761086526452
2018-06-23 18:30:00,0.001958831409162974
2018-06-23 19:00:00,0.0018580993050032895
2018-06-23 19:30:00,0.0018788578703225118
2018-06-23 20:00:00,0.0017302181457265397
2018-06-23 20:30:00,0.0016164133578898648
2018-06-23 21:00:00,0.0015165136087538435
2018-06-23 21:30:00,0.0014643856987495974
2018-06-23 22:00:00,0.0014625834710639417
2018-06-23 22:30:00,0.0014444619193213824
2018-06-23 23:00:00,0.001408831654857076
2018-06-23 23:30:00,0.0013906594455753971
2018-06-24 00:00:00,0.0013391552700866669
2018-06-24 00:30:00,0.0012833176394734368
2018-06-24 01:00:00,0.001300539423031877
2018-06-24 01:30:00,0.0012668912704366974
2018-06-24 02:00:00,0.0012438388345114536
2018-06-24 02:30:00,0.0012303649709059787
2018-06-24 03:00:00,0.0012178829879936298
2018-06-24 03:30:00,0.0012284996274860645
2018-06-24 04:00:00,0.0012351936284351697
2018-06-24 04:30:00,0.0011495638953681964
2018-06-24 05:00:00,0.001172548397232838
2018-06-24 05:30:00,0.001128189148585563
2018-06-24 06:00:00,0.0010804743480196857
2018-06-24 06:30:00,0.0009856715199876263
2018-06-24 07:00:00,0.0010321166698579565
2018-06-24 07:30:00,0.0011599970477844885
2018-06-24 08:00:00,0.0011544905689413732
2018-06-24 08:30:00,0.0012488815385919712
2018-06-24 09:00:00,0.0014131252611204693
2018-06-24 09:30:00,0.0015112089787169877
2018-06-24 10:00:00,0.001683261168055218
2018-06-24 10:30:00,0.0018610196014422434
2018-06-24 11:00:00,0.001945505003706932
2018-06-24 11:30:00,0.002087580257856569
2018-06-24 12:00:00,0.0021995967954948174
2018-06-24 12:30:00,0.002258036409149947
2018-06-24 13:00:00,0.0023846781733479153
2018-06-24 13:30:00,0.002445274791095918
2018-06-24 14:00:00,0.0024569236810427315
2018-06-24 14:30:00,0.002507531821465049
2018-06-24 15:00:00,0.0025215380450189055
2018-06-24 15:30:00,0.0024767417611498187
2018-06-24 16:00:00,0.0024429330410848855
2018-06-24 16:30:00,0.0023965327754437325
2018-06-24 17:00:00,0.002281044134479395
2018-06-24 17:30:00,0.00218444706589724
2018-06-24 18:00:00,0.002061450777957016
2018-06-24 18:30:00,0.001837609263708911
2018-06-24 19:00:00,0.0016892256917593346
2018-06-24 19:30:00,0.001747985094695263
2018-06-24 20:00:00,0.0015428175033853429
2018-06-24 20:30:00,0.0014465067128413135
2018-06-24 21:00:00,0.0013585234226933494
2018-06-24 21:30:00,0.0012875538164958235
2018-06-24 22:00:00,0.0013020525945452992
2018-06-24 22:30:00,0.001309350448987712
2018-06-24 23:00:00,0.0012943928447270176
2018-06-24 23:30:00,0.0012831314610798781
2018-06-25 00:00:00,0.0012864654824591465
2018-06-25 00:30:00,0.0012811270807295445
2018-06-25 01:00:00,0.0012851463028414607
2018-06-25 01:30:00,0.0012819250563436252
2018-06-25 02:00:00,0.0012793918321208908
2018-06-25 02:30:00,0.0012781067280543694
2018-06-25 03:00:00,0.0012766950018442223
2018-06-25 03:30:00,0.0012740401040292413
2018-06-25 04:00:00,0.0012929207809167197
2018-06-25 04:30:00,0.0012121419304517984
2018-06-25 05:00:00,0.0014368265649932338
2018-06-25 05:30:00,0.0020347825570823036
2018-06-25 06:00:00,0.0025716070971993008
2018-06-25 06:30:00,0.002949117930803574
2018-06-25 07:00:00,0.003459806870444312
2018-06-25 07:30:00,0.003829223523509219
2018-06-25 08:00:00,0.004321620273201503
2018-06-25 08:30:00,0.004794263230546285
2018-06-25 09:00:00,0.005313514379506841
2018-06-25 09:30:00,0.005793569398650868
2018-06-25 10:00:00,0.006154489562630941
2018-06-25 10:30:00,0.006440140480390081
2018-06-25 11:00:00,0.006652025817014056
2018-06-25 11:30:00,0.006822110089012117
2018-06-25 12:00:00,0.00696465645393473
2018-06-25 12:30:00,0.007056641516039746
2018-06-25 13:00:00,0.007040100245112648
2018-06-25 13:30:00,0.0069434849884337565
2018-06-25 14:00:00,0.006867513308367037
2018-06-25 14:30:00,0.00675143062419546
2018-06-25 15:00:00,0.006595733353757387
2018-06-25 15:30:00,0.00638422245752111
2018-06-25 16:00:00,0.00616685512436084
2018-06-25 16:30:00,0.0059369980816027365
2018-06-25 17:00:00,0.0057314167653525015
2018-06-25 17:30:00,0.005505561798409868
2018-06-25 18:00:00,0.005261910321415271
2018-06-25 18:30:00,0.00439161835721991
2018-06-25 19:00:00,0.003402015386794832
2018-06-25 19:30:00,0.0029570228075485117
2018-06-25 20:00:00,0.002268824034115039
2018-06-25 20:30:00,0.0018227564037857445
2018-06-25 21:00:00,0.0016013903806609492
2018-06-25 21:30:00,0.0013692344319287536
2018-06-25 22:00:00,0.0013364369960873548
2018-06-25 22:30:00,0.001306275749064056
2018-06-25 23:00:00,0.0012915629678715993
2018-06-25 23:30:00,0.0012829988485845826
2018-06-26 00:00:00,0.0012826896075317233
2018-06-26 00:30:00,0.0012808796097522352
2018-06-26 01:00:00,0.0012780103181191645
2018-06-26 01:30:00,0.0012696357630766503
2018-06-26 02:00:00,0.00126836984549881
2018-06-26 02:30:00,0.0012649951939082168
2018-06-26 03:00:00,0.0012697128128897925
2018-06-26 03:30:00,0.0012727487491609778
2018-06-26 04:00:00,0.001278033975667425
2018-06-26 04:30:00,0.001216338519063151
2018-06-26 05:00:00,0.0014173198095395862
2018-06-26 05:30:00,0.0020037864807596517
2018-06-26 06:00:00,0.0025833625980424954
2018-06-26 06:30:00,0.0029988848174914155
2018-06-26 07:00:00,0.003555946284840575
2018-06-26 07:30:00,0.003951675383981031
2018-06-26 08:00:00,0.0044416008965678586
2018-06-26 08:30:00,0.004897345679569398
2018-06-26 09:00:00,0.005387211245231184
2018-06-26 09:30:00,0.005851504694148765
2018-06-26 10:00:00,0.006187765141397275
2018-06-26 10:30:00,0.006470612183899911
2018-06-26 11:00:00,0.0066923973580082
2018-06-26 11:30:00,0.006844740856269831
2018-06-26 12:00:00,0.006972322628188136
2018-06-26 12:30:00,0.007041481802522719
2018-06-26 13:00:00,0.007012119138830337
2018-06-26 13:30:00,0.006936847331517022
2018-06-26 14:00:00,0.006863757010603403
2018-06-26 14:30:00,0.006736032164778555
2018-06-26 15:00:00,0.006584675121166871
2018-06-26 15:30:00,0.006428940476143381
2018-06-26 16:00:00,0.006248526320182812
2018-06-26 16:30:00,0.005990040041136749
2018-06-26 17:00:00,0.005757435684196238
2018-06-26 17:30:00,0.005560821663945396
2018-06-26 18:00:00,0.005329861224454748
2018-06-26 18:30:00,0.004454371979060786
2018-06-26 19:00:00,0.003457258279667295
2018-06-26 19:30:00,0.0029988703625123863
2018-06-26 20:00:00,0.0022893779290855485
2018-06-26 20:30:00,0.0018231559776054483
2018-06-26 21:00:00,0.0016025389654810863
2018-06-26 21:30:00,0.0013813329021092084
2018-06-26 22:00:00,0.0013400128453590265
2018-06-26 22:30:00,0.0013055999245340216
2018-06-26 23:00:00,0.001290846209271822
2018-06-26 23:30:00,0.0012827468197310029
2018-06-27 00:00:00,0.0012835725766861604
2018-06-27 00:30:00,0.0012822809179594788
2018-06-27 01:00:00,0.0012768529214049048
2018-06-27 01:30:00,0.0012714550936504061
2018-06-27 02:00:00,0.0012676090708367647
2018-06-27 02:30:00,0.0012672903667646012
2018-06-27 03:00:00,0.0012635611992168633
2018-06-27 03:30:00,0.0012694933837036325
2018-06-27 04:00:00,0.0012806840551560631
2018-06-27 04:30:00,0.001215083410163323
2018-06-27 05:00:00,0.0014056563343887078
2018-06-27 05:30:00,0.001596303226434709
2018-06-27 06:00:00,0.001657205873018009
2018-06-27 06:30:00,0.0018229717959957793
2018-06-27 07:00:00,0.002660484338813096
2018-06-27 07:30:00,0.0035654087832446574
2018-06-27 08:00:00,0.004232789869192429
2018-06-27 08:30:00,0.004965526082531176
2018-06-27 09:00:00,0.005382162377165614
2018-06-27 09:30:00,0.005785653452777846
2018-06-27 10:00:00,0.006135591652630327
2018-06-27 10:30:00,0.006398955684044265
2018-06-27 11:00:00,0.006596364641325009
2018-06-27 11:30:00,0.006832563556534072
2018-06-27 12:00:00,0.006954745720955714
2018-06-27 12:30:00,0.006988244027942462
2018-06-27 13:00:00,0.0071005106844670915
2018-06-27 13:30:00,0.007041593752645589
2018-06-27 14:00:00,0.0069176477335156535
2018-06-27 14:30:00,0.006780246776818851
2018-06-27 15:00:00,0.006577080527275084
2018-06-27 15:30:00,0.006429714967842583
2018-06-27 16:00:00,0.006270721484694115
2018-06-27 16:30:00,0.006071905142037766
2018-06-27 17:00:00,0.005887931414935063
2018-06-27 17:30:00,0.005714637356242361
2018-06-27 18:00:00,0.00550189895881395
2018-06-27 18:30:00,0.005253270671607203
2018-06-27 19:00:00,0.004928750705914366
2018-06-27 19:30:00,0.004680460613126882
2018-06-27 20:00:00,0.0033496463434317092
2018-06-27 20:30:00,0.0022151840812143523
2018-06-27 21:00:00,0.001771765879248514
2018-06-27 21:30:00,0.0013699678159248313
2018-06-27 22:00:00,0.0013464415779091952
2018-06-27 22:30:00,0.0013145475999612776
2018-06-27 23:00:00,0.0013055624631319136
2018-06-27 23:30:00,0.001297570205387621
2018-06-28 00:00:00,0.0012921473744261533
2018-06-28 00:30:00,0.001290320143533529
2018-06-28 01:00:00,0.0012864066207427401
2018-06-28 01:30:00,0.001275785597007417
2018-06-28 02:00:00,0.001275366011940469
2018-06-28 02:30:00,0.0012675613216567893
2018-06-28 03:00:00,0.0012724751897680638
2018-06-28 03:30:00,0.001268419982137784
2018-06-28 04:00:00,0.00128039651827592
2018-06-28 04:30:00,0.0012202779566361627
2018-06-28 05:00:00,0.0014199900739088503
2018-06-28 05:30:00,0.0016194653118405144
2018-06-28 06:00:00,0.0016955883568077557
2018-06-28 06:30:00,0.001869767815522238
2018-06-28 07:00:00,0.0027094376662908457
2018-06-28 07:30:00,0.003651073980929849
2018-06-28 08:00:00,0.004344474984113302
2018-06-28 08:30:00,0.005080018762417916
2018-06-28 09:00:00,0.005524250176327081
2018-06-28 09:30:00,0.005900548701660124
2018-06-28 10:00:00,0.006226758858099054
2018-06-28 10:30:00,0.006503475296567947
2018-06-28 11:00:00,0.006693250462220979
2018-06-28 11:30:00,0.006879755112904109
2018-06-28 12:00:00,0.006986702467371126
2018-06-28 12:30:00,0.007012708841203034
2018-06-28 13:00:00,0.007104200567462212
2018-06-28 13:30:00,0.007081260472334948
2018-06-28 14:00:00,0.006968408454272165
2018-06-28 14:30:00,0.006847020532346896
2018-06-28 15:00:00,0.0066548265234613446
2018-06-28 15:30:00,0.006500439490521799
2018-06-28 16:00:00,0.006324062137053046
2018-06-28 16:30:00,0.006132346357909121
2018-06-28 17:00:00,0.005955240308545598
2018-06-28 17:30:00,0.005776305465589013
2018-06-28 18:00:00,0.005550413254285999
2018-06-28 18:30:00,0.0052845760323910595
2018-06-28 19:00:00,0.004951025828597955
2018-06-28 19:30:00,0.004704757436090631
2018-06-28 20:00:00,0.0033845835068444996
2018-06-28 20:30:00,0.0022646142493666756
2018-06-28 21:00:00,0.0017963792792755006
2018-06-28 21:30:00,0.0013853701820928247
2018-06-28 22:00:00,0.001365527576270568
2018-06-28 22:30:00,0.0013191237511450894
2018-06-28 23:00:00,0.001307922444648028
2018-06-28 23:30:00,0.0013060417780821764
2018-06-29 00:00:00,0.0012963855916407752
2018-06-29 00:30:00,0.0012945745954693424
2018-06-29 01:00:00,0.0012909674053722688
2018-06-29 01:30:00,0.001279104121607366
2018-06-29 02:00:00,0.0012761954151966426
2018-06-29 02:30:00,0.001272753610895666
2018-06-29 03:00:00,0.0012748197613215496
2018-06-29 03:30:00,0.0012724706753001387
2018-06-29 04:00:00,0.0012862479632401854
2018-06-29 04:30:00,0.0012241225469744048
2018-06-29 05:00:00,0.0014284866064020291
2018-06-29 05:30:00,0.0016262440892882489
2018-06-29 06:00:00,0.0016913886862038774
2018-06-29 06:30:00,0.0018466812606374853
2018-06-29 07:00:00,0.0026748359625715563
2018-06-29 07:30:00,0.0036341883081900906
2018-06-29 08:00:00,0.004303684118502285
2018-06-29 08:30:00,0.00502986276332162
2018-06-29 09:00:00,0.005465765461401048
2018-06-29 09:30:00,0.005871514899592737
2018-06-29 10:00:00,0.006227357459182565
2018-06-29 10:30:00,0.00654311479922472
2018-06-29 11:00:00,0.006771636774910711
2018-06-29 11:30:00,0.006960657894195239
2018-06-29 12:00:00,0.007100404420837473
2018-06-29 12:30:00,0.007185646430563046
2018-06-29 13:00:00,0.007300680629559053
2018-06-29 13:30:00,0.007309385131435197
2018-06-29 14:00:00,0.007210700815971279
2018-06-29 14:30:00,0.0070999959048986105
2018-06-29 15:00:00,0.006913065201305062
2018-06-29 15:30:00,0.006726430455810672
2018-06-29 16:00:00,0.00651659842074233
2018-06-29 16:30:00,0.0062550132633242056
2018-06-29 17:00:00,0.006017858105673615
2018-06-29 17:30:00,0.005825438069533399
2018-06-29 18:00:00,0.005595691544422764
2018-06-29 18:30:00,0.005338249236084347
2018-06-29 19:00:00,0.005017937622664476
2018-06-29 19:30:00,0.004783896232448431
2018-06-29 20:00:00,0.0034318301918132357
2018-06-29 20:30:00,0.0022546623218678446
2018-06-29 21:00:00,0.0017920310219052085
2018-06-29 21:30:00,0.0013913137829744428
2018-06-29 22:00:00,0.0013587043052687654
2018-06-29 22:30:00,0.0013219146038979642
2018-06-29 23:00:00,0.0013085412306121644
2018-06-29 23:30:00,0.001299557569666545
2018-06-30 00:00:00,0.0013212383018761297
2018-06-30 00:30:00,0.0013340715451197161
2018-06-30 01:00:00,0.001350743084491457
2018-06-30 01:30:00,0.001327769217671446
2018-06-30 02:00:00,0.0013058923665571986
2018-06-30 02:30:00,0.0012898676983490887
2018-06-30 03:00:00,0.001279145099085454
2018-06-30 03:30:00,0.001269699703569472
2018-06-30 04:00:00,0.0012641752536713476
2018-06-30 04:30:00,0.0011834339514252253
2018-06-30 05:00:00,0.0011248382413599216
2018-06-30 05:30:00,0.0011753872162074156
2018-06-30 06:00:00,0.001127820438099462
2018-06-30 06:30:00,0.0011250285001379512
2018-06-30 07:00:00,0.0011953600036576234
2018-06-30 07:30:00,0.0012342234085064136
2018-06-30 08:00:00,0.0013209365270586849
2018-06-30 08:30:00,0.0014572935564561877
2018-06-30 09:00:00,0.0015943249779083258
2018-06-30 09:30:00,0.001742039670663137
2018-06-30 10:00:00,0.0019598227689559553
2018-06-30 10:30:00,0.002120621040882461
2018-06-30 11:00:00,0.002244033007138544
2018-06-30 11:30:00,0.0024410130031497267
2018-06-30 12:00:00,0.002522960710132102
2018-06-30 12:30:00,0.002580315245376461
2018-06-30 13:00:00,0.0027022079629507615
2018-06-30 13:30:00,0.0027209520771835096
2018-06-30 14:00:00,0.002777607521024683
2018-06-30 14:30:00,0.0028372766326558354
2018-06-30 15:00:00,0.002846762441341415
2018-06-30 15:30:00,0.0028285995648540045
2018-06-30 16:00:00,0.00280823501708627
2018-06-30 16:30:00,0.002738809185285696
2018-06-30 17:00:00,0.0026014446915990567
2018-06-30 17:30:00,0.0025026446060778702
2018-06-30 18:00:00,0.0023248059106601403
2018-06-30 18:30:00,0.002103601844072153
2018-06-30 19:00:00,0.0019826534316443856
2018-06-30 19:30:00,0.0020171205694928356
2018-06-30 20:00:00,0.0018094705851326818
2018-06-30 20:30:00,0.001666580990422736
2018-06-30 21:00:00,0.0015530269291892775
2018-06-30 21:30:00,0.0014666990162943722
2018-06-30 22:00:00,0.0014682473919759398
2018-06-30 22:30:00,0.001454712496236787
2018-06-30 23:00:00,0.0014170022340844039
2018-06-30 23:30:00,0.001396798557644842
2018-07-01 00:00:00,0.001346022079658938
2018-07-01 00:30:00,0.0012825148889413585
2018-07-01 01:00:00,0.0013039243189919918
2018-07-01 01:30:00,0.0012702926615680765
2018-07-01 02:00:00,0.0012470546115577648
2018-07-01 02:30:00,0.0012349653873548869
2018-07-01 03:00:00,0.0012208036316993468
2018-07-01 03:30:00,0.001225342538522778
2018-07-01 04:00:00,0.0012418049364862262
2018-07-01 04:30:00,0.0011807254008952901
2018-07-01 05:00:00,0.0009905421533868506
2018-07-01 05:30:00,0.0009040642646584767
2018-07-01 06:00:00,0.0009468494398836877
2018-07-01 06:30:00,0.0009525403173781994
2018-07-01 07:00:00,0.0010575775310128167
2018-07-01 07:30:00,0.0012097852913782823
2018-07-01 08:00:00,0.0012731869129997706
2018-07-01 08:30:00,0.0013803365937648479
2018-07-01 09:00:00,0.0014763990017563145
2018-07-01 09:30:00,0.0016035266789730515
2018-07-01 10:00:00,0.0017833766132596925
2018-07-01 10:30:00,0.0018814061138327659
2018-07-01 11:00:00,0.0020329970850179848
2018-07-01 11:30:00,0.0021726997258229865
2018-07-01 12:00:00,0.002259806037168183
2018-07-01 12:30:00,0.0023571664849131096
2018-07-01 13:00:00,0.0024129294097638507
2018-07-01 13:30:00,0.0024789151735972654
2018-07-01 14:00:00,0.0025398376143860825
2018-07-01 14:30:00,0.002597968855155261
2018-07-01 15:00:00,0.002618200052485827
2018-07-01 15:30:00,0.0025871650822856685
2018-07-01 16:00:00,0.00256342219321798
2018-07-01 16:30:00,0.002423744555619947
2018-07-01 17:00:00,0.0019193211331505527
2018-07-01 17:30:00,0.0014701822755652364
2018-07-01 18:00:00,0.0011888918563298023
2018-07-01 18:30:00,0.0009574668173179947
2018-07-01 19:00:00,0.0009410829016430878
2018-07-01 19:30:00,0.0011330847851917561
2018-07-01 20:00:00,0.0012304782666875567
2018-07-01 20:30:00,0.0012926092392215524
2018-07-01 21:00:00,0.0013304891411878848
2018-07-01 21:30:00,0.0013073738065701099
2018-07-01 22:00:00,0.0013136509137696836
2018-07-01 22:30:00,0.00132280299909558
2018-07-01 23:00:00,0.0013015273101572235
2018-07-01 23:30:00,0.0012892437033835003
2018-07-02 00:00:00,0.0012979965621564564
2018-07-02 00:30:00,0.001293447367555158
2018-07-02 01:00:00,0.0012924810109691456
2018-07-02 01:30:00,0.0012933948868655307
2018-07-02 02:00:00,0.0012894993351297507
2018-07-02 02:30:00,0.0012829117714436454
2018-07-02 03:00:00,0.0012901927400396852
2018-07-02 03:30:00,0.001285069122803282
2018-07-02 04:00:00,0.0012987105860304713
2018-07-02 04:30:00,0.0012439532155016676
2018-07-02 05:00:00,0.0013109223954008498
2018-07-02 05:30:00,0.0013983772323515218
2018-07-02 06:00:00,0.0016152933791693676
2018-07-02 06:30:00,0.0017360801389187453
2018-07-02 07:00:00,0.0024292545071306973
2018-07-02 07:30:00,0.003171283405426195
2018-07-02 08:00:00,0.0037715840992937873
2018-07-02 08:30:00,0.004415975213925392
2018-07-02 09:00:00,0.004809805935895061
2018-07-02 09:30:00,0.005134358153988552
2018-07-02 10:00:00,0.005431080153208456
2018-07-02 10:30:00,0.005623361673318398
2018-07-02 11:00:00,0.005806654583931343
2018-07-02 11:30:00,0.006087688590070309
2018-07-02 12:00:00,0.006228306278797023
2018-07-02 12:30:00,0.00636189754546531
2018-07-02 13:00:00,0.006486546606157866
2018-07-02 13:30:00,0.006435805115298381
2018-07-02 14:00:00,0.006429970295730416
2018-07-02 14:30:00,0.00634198739625756
2018-07-02 15:00:00,0.006264845557423026
2018-07-02 15:30:00,0.006127691767845113
2018-07-02 16:00:00,0.006011954657511523
2018-07-02 16:30:00,0.005876793918705787
2018-07-02 17:00:00,0.004975403738350972
2018-07-02 17:30:00,0.00419828765740087
2018-07-02 18:00:00,0.0038223666110397065
2018-07-02 18:30:00,0.0034287577057151965
2018-07-02 19:00:00,0.0033242038874153126
2018-07-02 19:30:00,0.0032873622696633744
2018-07-02 20:00:00,0.0025663002533368277
2018-07-02 20:30:00,0.0019196174819248188
2018-07-02 21:00:00,0.0016475174775842974
2018-07-02 21:30:00,0.0014027519688125279
2018-07-02 22:00:00,0.001370332142168044
2018-07-02 22:30:00,0.0013388528441440407
2018-07-02 23:00:00,0.0013254643647540305
2018-07-02 23:30:00,0.0013092344184803717
2018-07-03 00:00:00,0.0013040604475632674
2018-07-03 00:30:00,0.0013066157666338269
2018-07-03 01:00:00,0.0013011662395399184
2018-07-03 01:30:00,0.0012933700572919432
2018-07-03 02:00:00,0.0012930112439086005
2018-07-03 02:30:00,0.0012876037795014161
2018-07-03 03:00:00,0.0012887577035480412
2018-07-03 03:30:00,0.0012937059944772432
2018-07-03 04:00:00,0.0013065458357893354
2018-07-03 04:30:00,0.0012612481855305063
2018-07-03 05:00:00,0.0013245350354866717
2018-07-03 05:30:00,0.0014039461758037141
2018-07-03 06:00:00,0.0016754691964167502
2018-07-03 06:30:00,0.0018288089162060523
2018-07-03 07:00:00,0.002571159861016312
2018-07-03 07:30:00,0.0034279869905420473
2018-07-03 08:00:00,0.003972707552101513
2018-07-03 08:30:00,0.004556812722513374
2018-07-03 09:00:00,0.004922335516767973
2018-07-03 09:30:00,0.005227315432806214
2018-07-03 10:00:00,0.0055430106555060575
2018-07-03 10:30:00,0.005725906292941606
2018-07-03 11:00:00,0.005887410905464985
2018-07-03 11:30:00,0.0061199968572670325
2018-07-03 12:00:00,0.0062228628722798204
2018-07-03 12:30:00,0.0063522480873174515
2018-07-03 13:00:00,0.006469960494409937
2018-07-03 13:30:00,0.006487236234541749
2018-07-03 14:00:00,0.006478030019009097
2018-07-03 14:30:00,0.006369741259851534
2018-07-03 15:00:00,0.006283909851611682
2018-07-03 15:30:00,0.006139058677179999
2018-07-03 16:00:00,0.006006142540508219
2018-07-03 16:30:00,0.0058303370051738445
2018-07-03 17:00:00,0.004884731822103626
2018-07-03 17:30:00,0.004117838623544543
2018-07-03 18:00:00,0.0038130359871890473
2018-07-03 18:30:00,0.0034820759159595403
2018-07-03 19:00:00,0.003366800106112857
2018-07-03 19:30:00,0.003313159719128716
2018-07-03 20:00:00,0.0025642607556350394
2018-07-03 20:30:00,0.0019026816291377406
2018-07-03 21:00:00,0.001633826094759861
2018-07-03 21:30:00,0.0013867261285790914
2018-07-03 22:00:00,0.001351800294744459
2018-07-03 22:30:00,0.0013222103015470485
2018-07-03 23:00:00,0.001306619499751534
2018-07-03 23:30:00,0.0012977605943906869
2018-07-04 00:00:00,0.0012920278278428332
2018-07-04 00:30:00,0.0012905397029447253
2018-07-04 01:00:00,0.0012887472421367918
2018-07-04 01:30:00,0.0012820161270523421
2018-07-04 02:00:00,0.0012746123562470744
2018-07-04 02:30:00,0.001267858364964582
2018-07-04 03:00:00,0.0012734444113048748
2018-07-04 03:30:00,0.0012749670458376012
2018-07-04 04:00:00,0.0012817816785786625
2018-07-04 04:30:00,0.0012404709546227483
2018-07-04 05:00:00,0.0012999933460463393
2018-07-04 05:30:00,0.0013707877127533555
2018-07-04 06:00:00,0.0016082337063183414
2018-07-04 06:30:00,0.001746879787995522
2018-07-04 07:00:00,0.0025058641162418885
2018-07-04 07:30:00,0.0033647544444260183
2018-07-04 08:00:00,0.00394134324278456
2018-07-04 08:30:00,0.0045785346492427745
2018-07-04 09:00:00,0.004969342370628196
2018-07-04 09:30:00,0.005304513181589667
2018-07-04 10:00:00,0.005602680114403973
2018-07-04 10:30:00,0.005796698619456387
2018-07-04 11:00:00,0.005964645247483636
2018-07-04 11:30:00,0.006171989072783456
2018-07-04 12:00:00,0.006291341490574717
2018-07-04 12:30:00,0.00642049746614012
2018-07-04 13:00:00,0.0065470063573927215
2018-07-04 13:30:00,0.006569340906101206
2018-07-04 14:00:00,0.0065518940936800454
2018-07-04 14:30:00,0.00646272909814438
2018-07-04 15:00:00,0.006394951828486631
2018-07-04 15:30:00,0.006325097773358368
2018-07-04 16:00:00,0.006252043003879659
2018-07-04 16:30:00,0.006117491978693865
2018-07-04 17:00:00,0.005133793541639515
2018-07-04 17:30:00,0.004309802351157577
2018-07-04 18:00:00,0.003941879683117412
2018-07-04 18:30:00,0.003552838464349354
2018-07-04 19:00:00,0.0034239239694095897
2018-07-04 19:30:00,0.0033546208095932076
2018-07-04 20:00:00,0.002586581370264641
2018-07-04 20:30:00,0.0019158074446295405
2018-07-04 21:00:00,0.001638476561031053
2018-07-04 21:30:00,0.0013933202035170114
2018-07-04 22:00:00,0.0013557542741131907
2018-07-04 22:30:00,0.001333819038774337
2018-07-04 23:00:00,0.0013099927188667277
2018-07-04 23:30:00,0.0012896666743013921
2018-07-05 00:00:00,0.0012850215906650337
2018-07-05 00:30:00,0.0012868328472865394
2018-07-05 01:00:00,0.001277454908339359
2018-07-05 01:30:00,0.0012661479459295157
2018-07-05 02:00:00,0.0012717266128510847
2018-07-05 02:30:00,0.0012582208441117167
2018-07-05 03:00:00,0.0012642861619939268
2018-07-05 03:30:00,0.0012643829626042408
2018-07-05 04:00:00,0.0012753851550208045
2018-07-05 04:30:00,0.0012285163831074015
2018-07-05 05:00:00,0.0012927430237421747
2018-07-05 05:30:00,0.0013737888789398492
2018-07-05 06:00:00,0.0016044290516578968
2018-07-05 06:30:00,0.0017731783434005335
2018-07-05 07:00:00,0.002550340958096939
2018-07-05 07:30:00,0.0034008692328420386
2018-07-05 08:00:00,0.003978077468289898
2018-07-05 08:30:00,0.004606550178343012
2018-07-05 09:00:00,0.004954152661944476
2018-07-05 09:30:00,0.005276238113992089
2018-07-05 10:00:00,0.00561310610444327
2018-07-05 10:30:00,0.005827651374250297
2018-07-05 11:00:00,0.006019664413743742
2018-07-05 11:30:00,0.006230029329660609
2018-07-05 12:00:00,0.006318369523224717
2018-07-05 12:30:00,0.0064892242065375085
2018-07-05 13:00:00,0.006643248041850822
2018-07-05 13:30:00,0.006659972148728882
2018-07-05 14:00:00,0.006652227622411971
2018-07-05 14:30:00,0.006535694837106608
2018-07-05 15:00:00,0.0064613336066554235
2018-07-05 15:30:00,0.00636578454575704
2018-07-05 16:00:00,0.00627939195442744
2018-07-05 16:30:00,0.006151906288585924
2018-07-05 17:00:00,0.005197784692000319
2018-07-05 17:30:00,0.004397026863427385
2018-07-05 18:00:00,0.004006859154687016
2018-07-05 18:30:00,0.0036197694883129015
2018-07-05 19:00:00,0.0035007932906515023
2018-07-05 19:30:00,0.0034290397731438155
2018-07-05 20:00:00,0.0026572683447250575
2018-07-05 20:30:00,0.0019719960751239354
2018-07-05 21:00:00,0.0016693951968654534
2018-07-05 21:30:00,0.0014090836403023103
2018-07-05 22:00:00,0.0013695892517443168
2018-07-05 22:30:00,0.0013433906223504904
2018-07-05 23:00:00,0.0013225316969366287
2018-07-05 23:30:00,0.0013110743246098626
2018-07-06 00:00:00,0.0013037980875234747
2018-07-06 00:30:00,0.0013017057184569502
2018-07-06 01:00:00,0.0012863264889370724
2018-07-06 01:30:00,0.0012788590380890556
2018-07-06 02:00:00,0.0012788313001563245
2018-07-06 02:30:00,0.0012734238791574852
2018-07-06 03:00:00,0.001273671002868031
2018-07-06 03:30:00,0.0012683785271678965
2018-07-06 04:00:00,0.0012853755423136884
2018-07-06 04:30:00,0.0012400607023500682
2018-07-06 05:00:00,0.0013072715365082714
2018-07-06 05:30:00,0.0013892080007291796
2018-07-06 06:00:00,0.0016288495449977825
2018-07-06 06:30:00,0.001797207814364766
2018-07-06 07:00:00,0.0026172581782066386
2018-07-06 07:30:00,0.0035339656877807447
2018-07-06 08:00:00,0.004166944357723106
2018-07-06 08:30:00,0.004851002278860761
2018-07-06 09:00:00,0.005260131838094566
2018-07-06 09:30:00,0.00564956473036346
2018-07-06 10:00:00,0.00599035505549955
2018-07-06 10:30:00,0.0062110814132460565
2018-07-06 11:00:00,0.006418072893006003
2018-07-06 11:30:00,0.006638476379479183
2018-07-06 12:00:00,0.006760052737031974
2018-07-06 12:30:00,0.0069162120024904815
2018-07-06 13:00:00,0.007065758570830878
2018-07-06 13:30:00,0.007129891058764409
2018-07-06 14:00:00,0.007158217391617943
2018-07-06 14:30:00,0.0070481970301527405
2018-07-06 15:00:00,0.006973232119841631
2018-07-06 15:30:00,0.006839130891931205
2018-07-06 16:00:00,0.0067056513149357155
2018-07-06 16:30:00,0.006541732069789323
2018-07-06 17:00:00,0.0054616538663300514
2018-07-06 17:30:00,0.004588851814560072
2018-07-06 18:00:00,0.004187943405276022
2018-07-06 18:30:00,0.0037805008679790957
2018-07-06 19:00:00,0.003655227595279223
2018-07-06 19:30:00,0.0035680642453681287
2018-07-06 20:00:00,0.0027525466677729817
2018-07-06 20:30:00,0.00204416661660619
2018-07-06 21:00:00,0.0017229979488141054
2018-07-06 21:30:00,0.0014388117588548862
2018-07-06 22:00:00,0.0014028701697371398
2018-07-06 22:30:00,0.0013635833598870033
2018-07-06 23:00:00,0.0013469213703512575
2018-07-06 23:30:00,0.0013276248415145385
2018-07-07 00:00:00,0.0013508502596963293
2018-07-07 00:30:00,0.001353391731504696
2018-07-07 01:00:00,0.0013741144849389367
2018-07-07 01:30:00,0.0013468170166888384
2018-07-07 02:00:00,0.0013176083223977045
2018-07-07 02:30:00,0.0012934889961584276
2018-07-07 03:00:00,0.0012831211733020105
2018-07-07 03:30:00,0.001270811608337719
2018-07-07 04:00:00,0.0012683033005052623
2018-07-07 04:30:00,0.0011975430961661015
2018-07-07 05:00:00,0.0010247800951714181
2018-07-07 05:30:00,0.0009602791137935129
2018-07-07 06:00:00,0.001098176314695297
2018-07-07 06:30:00,0.001162363236694
2018-07-07 07:00:00,0.0013125966986925167
2018-07-07 07:30:00,0.0014062430849939153
2018-07-07 08:00:00,0.0015226223783898307
2018-07-07 08:30:00,0.001698698651574666
2018-07-07 09:00:00,0.0018764407634238088
2018-07-07 09:30:00,0.0021173534342717034
2018-07-07 10:00:00,0.002423848344973875
2018-07-07 10:30:00,0.002553514238373072
2018-07-07 11:00:00,0.002716550036873227
2018-07-07 11:30:00,0.0028884487777103545
2018-07-07 12:00:00,0.0029336558347522663
2018-07-07 12:30:00,0.0030785048387666778
2018-07-07 13:00:00,0.0031821641412922395
2018-07-07 13:30:00,0.0031812217461129055
2018-07-07 14:00:00,0.0032551734622332813
2018-07-07 14:30:00,0.0032911590674132955
2018-07-07 15:00:00,0.0032825181153548636
2018-07-07 15:30:00,0.003315681570364947
2018-07-07 16:00:00,0.0033307722212043917
2018-07-07 16:30:00,0.0032105861895474503
2018-07-07 17:00:00,0.0025031217072025154
2018-07-07 17:30:00,0.0018780289011497923
2018-07-07 18:00:00,0.001545223150480852
2018-07-07 18:30:00,0.0012837515492943776
2018-07-07 19:00:00,0.0012845220474257998
2018-07-07 19:30:00,0.0014286684005526994
2018-07-07 20:00:00,0.0015179676581007868
2018-07-07 20:30:00,0.001559667624690192
2018-07-07 21:00:00,0.0015640070267580164
2018-07-07 21:30:00,0.0015396638002730001
2018-07-07 22:00:00,0.0015159980044267994
2018-07-07 22:30:00,0.0014987476147687194
2018-07-07 23:00:00,0.0014501698997039943
2018-07-07 23:30:00,0.001429501319884853
2018-07-08 00:00:00,0.0013727277619357582
2018-07-08 00:30:00,0.0013081709574256275
2018-07-08 01:00:00,0.001333392638597156
2018-07-08 01:30:00,0.0012883132454991604
2018-07-08 02:00:00,0.0012682948792862485
2018-07-08 02:30:00,0.001252554622557411
2018-07-08 03:00:00,0.001238835849067007
2018-07-08 03:30:00,0.0012394354919508077
2018-07-08 04:00:00,0.0012545328276754486
2018-07-08 04:30:00,0.0011939470620138041
2018-07-08 05:00:00,0.001005961101542799
2018-07-08 05:30:00,0.0009296509666067448
2018-07-08 06:00:00,0.0010321024753290004
2018-07-08 06:30:00,0.001095668354129604
2018-07-08 07:00:00,0.0012690513565220961
2018-07-08 07:30:00,0.001419450551583473
2018-07-08 08:00:00,0.0015030588448203582
2018-07-08 08:30:00,0.0016509196500658942
2018-07-08 09:00:00,0.0018027328285713808
2018-07-08 09:30:00,0.001956274701025361
2018-07-08 10:00:00,0.0021833319489114314
2018-07-08 10:30:00,0.0023098433144397214
2018-07-08 11:00:00,0.0024834783022774478
2018-07-08 11:30:00,0.0027071779146443345
2018-07-08 12:00:00,0.002821918846858601
2018-07-08 12:30:00,0.0029849287739848783
2018-07-08 13:00:00,0.0030804541773350033
2018-07-08 13:30:00,0.0030649735459201953
2018-07-08 14:00:00,0.0030918613696144497
2018-07-08 14:30:00,0.003049722674877761
2018-07-08 15:00:00,0.003019689916556941
2018-07-08 15:30:00,0.0030152353955570305
2018-07-08 16:00:00,0.002990777267181655
2018-07-08 16:30:00,0.002876421714258136
2018-07-08 17:00:00,0.0022096037647756565
2018-07-08 17:30:00,0.0016201297633840457
2018-07-08 18:00:00,0.0013169737357958304
2018-07-08 18:30:00,0.0010632462268428127
2018-07-08 19:00:00,0.0010521803977918453
2018-07-08 19:30:00,0.0012022065849409229
2018-07-08 20:00:00,0.0012760641483600555
2018-07-08 20:30:00,0.001327254438102965
2018-07-08 21:00:00,0.0013501977020394466
2018-07-08 21:30:00,0.001332634207985764
2018-07-08 22:00:00,0.0013268299478929831
2018-07-08 22:30:00,0.0013334846642894722
2018-07-08 23:00:00,0.0013061851124387934
2018-07-08 23:30:00,0.0013086527900599252
2018-07-09 00:00:00,0.0013120171104643052
2018-07-09 00:30:00,0.0012955296658855426
2018-07-09 01:00:00,0.001301695951579228
2018-07-09 01:30:00,0.001292962105661571
2018-07-09 02:00:00,0.0012870701173026719
2018-07-09 02:30:00,0.0012855306837402632
2018-07-09 03:00:00,0.0012826576589894851
2018-07-09 03:30:00,0.0012847785039306133
2018-07-09 04:00:00,0.0012902910165337438
2018-07-09 04:30:00,0.0012545952922845256
2018-07-09 05:00:00,0.0013236286258257012
2018-07-09 05:30:00,0.0014104606832444568
2018-07-09 06:00:00,0.0016556162159999351
2018-07-09 06:30:00,0.0018303358481649764
2018-07-09 07:00:00,0.002694969187266482
2018-07-09 07:30:00,0.0036693101307043495
2018-07-09 08:00:00,0.004386993935955978
2018-07-09 08:30:00,0.005103585674053222
2018-07-09 09:00:00,0.005532082213868383
2018-07-09 09:30:00,0.005905310987829149
2018-07-09 10:00:00,0.0062660797869087
2018-07-09 10:30:00,0.006475015483052211
2018-07-09 11:00:00,0.006667466035259267
2018-07-09 11:30:00,0.006935267832051779
2018-07-09 12:00:00,0.007060637861953619
2018-07-09 12:30:00,0.00723437516326153
2018-07-09 13:00:00,0.007394303792395645
2018-07-09 13:30:00,0.0073505035564208464
2018-07-09 14:00:00,0.007311665719087515
2018-07-09 14:30:00,0.007109521388811915
2018-07-09 15:00:00,0.006974195568068499
2018-07-09 15:30:00,0.0068516802445956655
2018-07-09 16:00:00,0.006748387699180659
2018-07-09 16:30:00,0.006616074113751825
2018-07-09 17:00:00,0.0054412850211361195
2018-07-09 17:30:00,0.004452580907319906
2018-07-09 18:00:00,0.004116101464968691
2018-07-09 18:30:00,0.0037308931596939546
2018-07-09 19:00:00,0.0035940720516754354
2018-07-09 19:30:00,0.0035137804164796457
2018-07-09 20:00:00,0.0026866463315633774
2018-07-09 20:30:00,0.0019618528904551302
2018-07-09 21:00:00,0.0016752038846094683
2018-07-09 21:30:00,0.001421198779287411
2018-07-09 22:00:00,0.0013855322254463232
2018-07-09 22:30:00,0.001350726502503502
2018-07-09 23:00:00,0.001333885323317812
2018-07-09 23:30:00,0.001317645436533049
2018-07-10 00:00:00,0.0013115454353828386
2018-07-10 00:30:00,0.0013135104877722106
2018-07-10 01:00:00,0.0013010729550055845
2018-07-10 01:30:00,0.0012901180776855418
2018-07-10 02:00:00,0.0012854599715455542
2018-07-10 02:30:00,0.0012787696168974653
2018-07-10 03:00:00,0.0012801610280019499
2018-07-10 03:30:00,0.0012767482204757222
2018-07-10 04:00:00,0.0012875900624642594
2018-07-10 04:30:00,0.001249238832683224
2018-07-10 05:00:00,0.0013247794244714553
2018-07-10 05:30:00,0.0013951933170307578
2018-07-10 06:00:00,0.0016606271017632506
2018-07-10 06:30:00,0.0018371169696633641
2018-07-10 07:00:00,0.002720771281424785
2018-07-10 07:30:00,0.0036775937452631835
2018-07-10 08:00:00,0.004262882617846636
2018-07-10 08:30:00,0.004885998955115139
2018-07-10 09:00:00,0.0052280928328645605
2018-07-10 09:30:00,0.005559380550285389
2018-07-10 10:00:00,0.005878229085422467
2018-07-10 10:30:00,0.006092987446797222
2018-07-10 11:00:00,0.006279557644081954
2018-07-10 11:30:00,0.006465659682361201
2018-07-10 12:00:00,0.006520216332700726
2018-07-10 12:30:00,0.006621454144084696
2018-07-10 13:00:00,0.006725089572020271
2018-07-10 13:30:00,0.006700299717069102
2018-07-10 14:00:00,0.006680540715720148
2018-07-10 14:30:00,0.006582884136242683
2018-07-10 15:00:00,0.006544009314999043
2018-07-10 15:30:00,0.006430324768279215
2018-07-10 16:00:00,0.0063320754478448735
2018-07-10 16:30:00,0.006194074631222542
2018-07-10 17:00:00,0.0051587286843228445
2018-07-10 17:30:00,0.004291083587398561
2018-07-10 18:00:00,0.00394871411006399
2018-07-10 18:30:00,0.0035728611279884637
2018-07-10 19:00:00,0.0034462215776161122
2018-07-10 19:30:00,0.0033939556724817375
2018-07-10 20:00:00,0.00261130498408068
2018-07-10 20:30:00,0.0019475192811600243
2018-07-10 21:00:00,0.0016525590530478335
2018-07-10 21:30:00,0.0014026747887743492
2018-07-10 22:00:00,0.0013689348275285804
2018-07-10 22:30:00,0.0013232638654990343
2018-07-10 23:00:00,0.001316656420790721
2018-07-10 23:30:00,0.001299368135647079
2018-07-11 00:00:00,0.0012957020838335993
2018-07-11 00:30:00,0.0012919479564872378
2018-07-11 01:00:00,0.0012830182955233362
2018-07-11 01:30:00,0.0012811237382869462
2018-07-11 02:00:00,0.0012725716865199595
2018-07-11 02:30:00,0.001265149250126156
2018-07-11 03:00:00,0.0012672595468393442
2018-07-11 03:30:00,0.0012666318187560487
2018-07-11 04:00:00,0.0012775103842048215
2018-07-11 04:30:00,0.0012431053636986853
2018-07-11 05:00:00,0.0013095475662843199
2018-07-11 05:30:00,0.00138642973639648
2018-07-11 06:00:00,0.0015798982143039222
2018-07-11 06:30:00,0.001721505483081454
2018-07-11 07:00:00,0.0025049479831115405
2018-07-11 07:30:00,0.0033260624157249938
2018-07-11 08:00:00,0.0038927610566602553
2018-07-11 08:30:00,0.004483152450024231
2018-07-11 09:00:00,0.004817292443006722
2018-07-11 09:30:00,0.005153838734209904
2018-07-11 10:00:00,0.005440713289818432
2018-07-11 10:30:00,0.005627806340623896
2018-07-11 11:00:00,0.005830056674079043
2018-07-11 11:30:00,0.006059791044852956
2018-07-11 12:00:00,0.006182644823195126
2018-07-11 12:30:00,0.00630010511461734
2018-07-11 13:00:00,0.006420146856934064
2018-07-11 13:30:00,0.006454424170087939
2018-07-11 14:00:00,0.006471057466707354
2018-07-11 14:30:00,0.006352144471596904
2018-07-11 15:00:00,0.006282112746110787
2018-07-11 15:30:00,0.006201922425993236
2018-07-11 16:00:00,0.006124612770495259
2018-07-11 16:30:00,0.006012039390601806
2018-07-11 17:00:00,0.005077182851802482
2018-07-11 17:30:00,0.0042804120797575
2018-07-11 18:00:00,0.003921104709443616
2018-07-11 18:30:00,0.0035380692523078357
2018-07-11 19:00:00,0.0034048236462942247
2018-07-11 19:30:00,0.0033482465111082105
2018-07-11 20:00:00,0.0025876168763449272
2018-07-11 20:30:00,0.001942499974177695
2018-07-11 21:00:00,0.0016528371269086723
2018-07-11 21:30:00,0.0013947131339135865
2018-07-11 22:00:00,0.0013569604183993706
2018-07-11 22:30:00,0.001324609567615779
2018-07-11 23:00:00,0.0013178386470785678
2018-07-11 23:30:00,0.0012934003129087097
2018-07-12 00:00:00,0.001290614191665487
2018-07-12 00:30:00,0.0012868848504843673
2018-07-12 01:00:00,0.0012814167012102683
2018-07-12 01:30:00,0.0012796140828495038
2018-07-12 02:00:00,0.001273734075193944
2018-07-12 02:30:00,0.001267552249312594
2018-07-12 03:00:00,0.001275828484452704
2018-07-12 03:30:00,0.001269652605514678
2018-07-12 04:00:00,0.0012819674662971126
2018-07-12 04:30:00,0.00125400671852881
2018-07-12 05:00:00,0.0013192179906630227
2018-07-12 05:30:00,0.0013956534454923398
2018-07-12 06:00:00,0.001595047857084809
2018-07-12 06:30:00,0.0017229401723063346
2018-07-12 07:00:00,0.002482101606602064
2018-07-12 07:30:00,0.0033315081662928497
2018-07-12 08:00:00,0.003951626245734002
2018-07-12 08:30:00,0.0045708724251488034
2018-07-12 09:00:00,0.004950910188765724
2018-07-12 09:30:00,0.005296611734104019
2018-07-12 10:00:00,0.0055973043814973
2018-07-12 10:30:00,0.005813105107470919
2018-07-12 11:00:00,0.006013403237406942
2018-07-12 11:30:00,0.006234442742957396
2018-07-12 12:00:00,0.00634798382509557
2018-07-12 12:30:00,0.006473493412827975
2018-07-12 13:00:00,0.006579305335203522
2018-07-12 13:30:00,0.006587444617013793
2018-07-12 14:00:00,0.006594268973224231
2018-07-12 14:30:00,0.006496767014273196
2018-07-12 15:00:00,0.0064414649124175626
2018-07-12 15:30:00,0.006361263523171927
2018-07-12 16:00:00,0.0062690997055004204
2018-07-12 16:30:00,0.006109315539339903
2018-07-12 17:00:00,0.0051112091779030675
2018-07-12 17:30:00,0.004276692071370648
2018-07-12 18:00:00,0.003912269591856065
2018-07-12 18:30:00,0.0035492445137976377
2018-07-12 19:00:00,0.0034368169859448363
2018-07-12 19:30:00,0.0033997311528414964
2018-07-12 20:00:00,0.002612862735964861
2018-07-12 20:30:00,0.0019422352266789036
2018-07-12 21:00:00,0.001665761788127739
2018-07-12 21:30:00,0.0014106848005319235
2018-07-12 22:00:00,0.0013722916816975462
2018-07-12 22:30:00,0.0013441455368859022
2018-07-12 23:00:00,0.001330798121790671
2018-07-12 23:30:00,0.0013117251459329282
2018-07-13 00:00:00,0.0013087124765348945
2018-07-13 00:30:00,0.0013077767228324118
2018-07-13 01:00:00,0.0013001305164179052
2018-07-13 01:30:00,0.0012908065774524427
2018-07-13 02:00:00,0.0012878854562549257
2018-07-13 02:30:00,0.001281248146604955
2018-07-13 03:00:00,0.0012841311552751825
2018-07-13 03:30:00,0.001283185678103323
2018-07-13 04:00:00,0.0012958033989118381
2018-07-13 04:30:00,0.001264541446473414
2018-07-13 05:00:00,0.0013350824820764875
2018-07-13 05:30:00,0.0014138023879008668
2018-07-13 06:00:00,0.001634437457896929
2018-07-13 06:30:00,0.001788673603427752
2018-07-13 07:00:00,0.0026180532888699206
2018-07-13 07:30:00,0.0035193012634850995
2018-07-13 08:00:00,0.004149062506864023
2018-07-13 08:30:00,0.004792945657037381
2018-07-13 09:00:00,0.0051465812061203976
2018-07-13 09:30:00,0.005480706830940551
2018-07-13 10:00:00,0.005813471473906366
2018-07-13 10:30:00,0.0060627728943257325
2018-07-13 11:00:00,0.006279821262963765
2018-07-13 11:30:00,0.006496628932326376
2018-07-13 12:00:00,0.006597708910966355
2018-07-13 12:30:00,0.00674892700446431
2018-07-13 13:00:00,0.00688608062040884
2018-07-13 13:30:00,0.006853631927214643
2018-07-13 14:00:00,0.006798819384678797
2018-07-13 14:30:00,0.006680754762271474
2018-07-13 15:00:00,0.006623472936005714
2018-07-13 15:30:00,0.006526708832110335
2018-07-13 16:00:00,0.006443482141638144
2018-07-13 16:30:00,0.006305083617754963
2018-07-13 17:00:00,0.005227882910106051
2018-07-13 17:30:00,0.004341243145979182
2018-07-13 18:00:00,0.004016798754215744
2018-07-13 18:30:00,0.0036554735469644427
2018-07-13 19:00:00,0.0035195995656349096
2018-07-13 19:30:00,0.003463330282434701
2018-07-13 20:00:00,0.0026348725468411677
2018-07-13 20:30:00,0.0019406125359099557
2018-07-13 21:00:00,0.001657046390756891
2018-07-13 21:30:00,0.00142226171944201
2018-07-13 22:00:00,0.001388624071666425
2018-07-13 22:30:00,0.001348949451658197
2018-07-13 23:00:00,0.0013324462498500425
2018-07-13 23:30:00,0.0013159861959372472
2018-07-14 00:00:00,0.0013338117461723044
2018-07-14 00:30:00,0.0013433687011360472
2018-07-14 01:00:00,0.0013575940066092999
2018-07-14 01:30:00,0.0013361495026155575
2018-07-14 02:00:00,0.0013133376791490449
2018-07-14 02:30:00,0.001292349874357595
2018-07-14 03:00:00,0.0012816951223378707
2018-07-14 03:30:00,0.001269351915905869
2018-07-14 04:00:00,0.0012660603478884332
2018-07-14 04:30:00,0.0012123215975935425
2018-07-14 05:00:00,0.0010499161316774087
2018-07-14 05:30:00,0.0009718658863980127
2018-07-14 06:00:00,0.0011043844460339792
2018-07-14 06:30:00,0.0011762366307108336
2018-07-14 07:00:00,0.0012984398481800106
2018-07-14 07:30:00,0.0013597176730928812
2018-07-14 08:00:00,0.0014534455368586563
2018-07-14 08:30:00,0.0015812204759141336
2018-07-14 09:00:00,0.0017051149259296957
2018-07-14 09:30:00,0.0018630771570157315
2018-07-14 10:00:00,0.002094512223355334
2018-07-14 10:30:00,0.002200980653547197
2018-07-14 11:00:00,0.002346426218452884
2018-07-14 11:30:00,0.0025241785746715484
2018-07-14 12:00:00,0.002555289031984414
2018-07-14 12:30:00,0.002674006342273655
2018-07-14 13:00:00,0.0027757297628179757
2018-07-14 13:30:00,0.0027888354802458404
2018-07-14 14:00:00,0.002871440346169714
2018-07-14 14:30:00,0.0028803354540906517
2018-07-14 15:00:00,0.0028684236397955552
2018-07-14 15:30:00,0.0028547572601780877
2018-07-14 16:00:00,0.002834506355458696
2018-07-14 16:30:00,0.0027547157827942305
2018-07-14 17:00:00,0.002173986956898434
2018-07-14 17:30:00,0.0016584201780731303
2018-07-14 18:00:00,0.0014040781805821736
2018-07-14 18:30:00,0.0012007308314212631
2018-07-14 19:00:00,0.0011857327271742803
2018-07-14 19:30:00,0.0013842555425988157
2018-07-14 20:00:00,0.0014599843963811867
2018-07-14 20:30:00,0.0015015173710657141
2018-07-14 21:00:00,0.001513329519799698
2018-07-14 21:30:00,0.0014999903088817534
2018-07-14 22:00:00,0.0014801638509639977
2018-07-14 22:30:00,0.0014690583032769596
2018-07-14 23:00:00,0.0014223127676562385
2018-07-14 23:30:00,0.0013998716514597171
2018-07-15 00:00:00,0.0013412083546005757
2018-07-15 00:30:00,0.0012870084340438127
2018-07-15 01:00:00,0.0013013294115103982
2018-07-15 01:30:00,0.0012698381327830555
2018-07-15 02:00:00,0.0012465591487030012
2018-07-15 02:30:00,0.0012297818666017874
2018-07-15 03:00:00,0.001222562407631225
2018-07-15 03:30:00,0.0012240081659841908
2018-07-15 04:00:00,0.0012455028500252532
2018-07-15 04:30:00,0.0011985210427803443
2018-07-15 05:00:00,0.001027531402921604
2018-07-15 05:30:00,0.000931023017589167
2018-07-15 06:00:00,0.0009777762798953752
2018-07-15 06:30:00,0.0009788826283954066
2018-07-15 07:00:00,0.0010918867058922386
2018-07-15 07:30:00,0.0012481419037941514
2018-07-15 08:00:00,0.0013075122791920387
2018-07-15 08:30:00,0.001398665593990228
2018-07-15 09:00:00,0.001499978111136687
2018-07-15 09:30:00,0.0016520049021100454
2018-07-15 10:00:00,0.0018391833805393204
2018-07-15 10:30:00,0.001939294050825797
2018-07-15 11:00:00,0.0020736528638580177
2018-07-15 11:30:00,0.0022352610486935974
2018-07-15 12:00:00,0.0023403694520147235
2018-07-15 12:30:00,0.002472812437721293
2018-07-15 13:00:00,0.0025755632035769586
2018-07-15 13:30:00,0.002606006257578803
2018-07-15 14:00:00,0.0026661942291629067
2018-07-15 14:30:00,0.002745365755413163
2018-07-15 15:00:00,0.00279454671625436
2018-07-15 15:30:00,0.002739645794327212
2018-07-15 16:00:00,0.002718091293586144
2018-07-15 16:30:00,0.002620818487290645
2018-07-15 17:00:00,0.0019646753878918254
2018-07-15 17:30:00,0.0014488103503250568
2018-07-15 18:00:00,0.001225256589998822
2018-07-15 18:30:00,0.0010060994439396915
2018-07-15 19:00:00,0.0009849223353538116
2018-07-15 19:30:00,0.0011899962948626345
2018-07-15 20:00:00,0.0012586259307912906
2018-07-15 20:30:00,0.001297050911351215
2018-07-15 21:00:00,0.0013271516037326363
2018-07-15 21:30:00,0.0013092422319825497
2018-07-15 22:00:00,0.0012993913157035397
2018-07-15 22:30:00,0.0013038141920196302
2018-07-15 23:00:00,0.001288296229427751
2018-07-15 23:30:00,0.001275878100191533
2018-07-16 00:00:00,0.001284445171246039
2018-07-16 00:30:00,0.0012797158754195427
2018-07-16 01:00:00,0.00128181857567228
2018-07-16 01:30:00,0.001278153261800673
2018-07-16 02:00:00,0.0012712100969487867
2018-07-16 02:30:00,0.0012744200138684642
2018-07-16 03:00:00,0.0012716751305534022
2018-07-16 03:30:00,0.0012713307287407429
2018-07-16 04:00:00,0.0012849357723661143
2018-07-16 04:30:00,0.0012556663932080658
2018-07-16 05:00:00,0.0013387217509408353
2018-07-16 05:30:00,0.00141077482944035
2018-07-16 06:00:00,0.0016124675826984197
2018-07-16 06:30:00,0.0017320763267694573
2018-07-16 07:00:00,0.0024936741412692623
2018-07-16 07:30:00,0.003369160912387535
2018-07-16 08:00:00,0.0040389942225854646
2018-07-16 08:30:00,0.00472356340721562
2018-07-16 09:00:00,0.005177603153816927
2018-07-16 09:30:00,0.005559087847812141
2018-07-16 10:00:00,0.0059241397917438356
2018-07-16 10:30:00,0.006119344429835185
2018-07-16 11:00:00,0.0062960701352760325
2018-07-16 11:30:00,0.006511789731052039
2018-07-16 12:00:00,0.006597791907722821
2018-07-16 12:30:00,0.006701709272861976
2018-07-16 13:00:00,0.006789977929472813
2018-07-16 13:30:00,0.006795817089875321
2018-07-16 14:00:00,0.0067968435236114115
2018-07-16 14:30:00,0.006709300090227712
2018-07-16 15:00:00,0.006662386954985277
2018-07-16 15:30:00,0.006539606189480124
2018-07-16 16:00:00,0.00641630000936186
2018-07-16 16:30:00,0.006253696948657319
2018-07-16 17:00:00,0.005223346260516581
2018-07-16 17:30:00,0.004364155720215443
2018-07-16 18:00:00,0.003997491503517703
2018-07-16 18:30:00,0.0036018623737967773
2018-07-16 19:00:00,0.0034844097656517043
2018-07-16 19:30:00,0.003451843696291459
2018-07-16 20:00:00,0.002647366727498583
2018-07-16 20:30:00,0.0019506088701461638
2018-07-16 21:00:00,0.0016563674408259855
2018-07-16 21:30:00,0.0013973886072843023
2018-07-16 22:00:00,0.0013647133659352956
2018-07-16 22:30:00,0.0013231177095999638
2018-07-16 23:00:00,0.0013088007691095037
2018-07-16 23:30:00,0.0013026704689341815
2018-07-17 00:00:00,0.001294584622797137
2018-07-17 00:30:00,0.0012910479278530457
2018-07-17 01:00:00,0.0012850452916216399
2018-07-17 01:30:00,0.001277884433917411
2018-07-17 02:00:00,0.0012756085777747444
2018-07-17 02:30:00,0.0012693735766702396
2018-07-17 03:00:00,0.0012737416716543948
2018-07-17 03:30:00,0.0012723307267944652
2018-07-17 04:00:00,0.0012841856327487
2018-07-17 04:30:00,0.0012574971401766706
2018-07-17 05:00:00,0.0013516208446444425
2018-07-17 05:30:00,0.00141280699113176
2018-07-17 06:00:00,0.001611640176226136
2018-07-17 06:30:00,0.0017560271418117666
2018-07-17 07:00:00,0.002585583021728045
2018-07-17 07:30:00,0.003522770675493771
2018-07-17 08:00:00,0.004192978556304435
2018-07-17 08:30:00,0.004918502646682997
2018-07-17 09:00:00,0.0053722492567276
2018-07-17 09:30:00,0.005772812352623735
2018-07-17 10:00:00,0.006147549262729854
2018-07-17 10:30:00,0.0063773500048639326
2018-07-17 11:00:00,0.006560164772551941
2018-07-17 11:30:00,0.0067960516685740355
2018-07-17 12:00:00,0.006896572591133193
2018-07-17 12:30:00,0.0070443793095803205
2018-07-17 13:00:00,0.007216058751456325
2018-07-17 13:30:00,0.007248972478255136
2018-07-17 14:00:00,0.007265585459768889
2018-07-17 14:30:00,0.00712112435272926
2018-07-17 15:00:00,0.0070265570583795175
2018-07-17 15:30:00,0.006924509985211654
2018-07-17 16:00:00,0.006825909925346218
2018-07-17 16:30:00,0.006661623792864233
2018-07-17 17:00:00,0.00548729027083384
2018-07-17 17:30:00,0.004533610484388044
2018-07-17 18:00:00,0.00417121296077953
2018-07-17 18:30:00,0.0037750160499003503
2018-07-17 19:00:00,0.003643567332345907
2018-07-17 19:30:00,0.0035866765284557995
2018-07-17 20:00:00,0.002733559727255885
2018-07-17 20:30:00,0.001999437311814105
2018-07-17 21:00:00,0.0016870724207841685
2018-07-17 21:30:00,0.0014190974246933818
2018-07-17 22:00:00,0.0013799472209063209
2018-07-17 22:30:00,0.0013470363590583076
2018-07-17 23:00:00,0.0013316352951406774
2018-07-17 23:30:00,0.0013072709287914354
2018-07-18 00:00:00,0.0013030638353604884
2018-07-18 00:30:00,0.0013094616611687095
2018-07-18 01:00:00,0.0012953948395646301
2018-07-18 01:30:00,0.0012873434162455131
2018-07-18 02:00:00,0.00128370961683269
2018-07-18 02:30:00,0.0012775492346739832
2018-07-18 03:00:00,0.0012806821885972095
2018-07-18 03:30:00,0.0012771600354488377
2018-07-18 04:00:00,0.0012888273739424599
2018-07-18 04:30:00,0.0012612223141566289
2018-07-18 05:00:00,0.0013564053992946743
2018-07-18 05:30:00,0.0014241295805459593
2018-07-18 06:00:00,0.0016521766255245753
2018-07-18 06:30:00,0.001808100096850695
2018-07-18 07:00:00,0.002682752689794797
2018-07-18 07:30:00,0.003684110162671125
2018-07-18 08:00:00,0.004359814321363728
2018-07-18 08:30:00,0.005070862032399058
2018-07-18 09:00:00,0.005484245522668532
2018-07-18 09:30:00,0.005866118808172055
2018-07-18 10:00:00,0.006217943230858603
2018-07-18 10:30:00,0.006431635092594433
2018-07-18 11:00:00,0.006611048903234516
2018-07-18 11:30:00,0.006843870779393987
2018-07-18 12:00:00,0.006942858258742406
2018-07-18 12:30:00,0.007123903355003833
2018-07-18 13:00:00,0.007305262727686188
2018-07-18 13:30:00,0.0073018255680781735
2018-07-18 14:00:00,0.007324560037873126
2018-07-18 14:30:00,0.0071967640023617675
2018-07-18 15:00:00,0.007120929101991507
2018-07-18 15:30:00,0.007018532982318022
2018-07-18 16:00:00,0.00691954051100988
2018-07-18 16:30:00,0.006769238246783853
2018-07-18 17:00:00,0.005603428127012462
2018-07-18 17:30:00,0.00464958199978697
2018-07-18 18:00:00,0.004256569655353736
2018-07-18 18:30:00,0.003849595016612222
2018-07-18 19:00:00,0.0037169969762957692
2018-07-18 19:30:00,0.003656871512729088
2018-07-18 20:00:00,0.0027992175844479047
2018-07-18 20:30:00,0.0020554444520162482
2018-07-18 21:00:00,0.0017323474552950273
2018-07-18 21:30:00,0.0014491038341485239
2018-07-18 22:00:00,0.0014055857524190353
2018-07-18 22:30:00,0.0013673039759906913
2018-07-18 23:00:00,0.001349547792291635
2018-07-18 23:30:00,0.0013329003879599547
2018-07-19 00:00:00,0.0013297769404643778
2018-07-19 00:30:00,0.001321993954353414
2018-07-19 01:00:00,0.0013097635662111908
2018-07-19 01:30:00,0.0012957194471717721
2018-07-19 02:00:00,0.0012929754754319642
2018-07-19 02:30:00,0.0012882714432625093
2018-07-19 03:00:00,0.0012905671370190383
2018-07-19 03:30:00,0.0012894287097517324
2018-07-19 04:00:00,0.0012977400188349517
2018-07-19 04:30:00,0.0012784789980247965
2018-07-19 05:00:00,0.0013631186735491513
2018-07-19 05:30:00,0.0014279241644702635
2018-07-19 06:00:00,0.0016769418245355385
2018-07-19 06:30:00,0.001845021325508156
2018-07-19 07:00:00,0.002798275623352025
2018-07-19 07:30:00,0.003864458077496565
2018-07-19 08:00:00,0.00459728649016101
2018-07-19 08:30:00,0.005371633769797717
2018-07-19 09:00:00,0.005811725286394664
2018-07-19 09:30:00,0.006222902070015745
2018-07-19 10:00:00,0.00660322802163799
2018-07-19 10:30:00,0.006799716591770534
2018-07-19 11:00:00,0.007006416497674212
2018-07-19 11:30:00,0.007270045059545215
2018-07-19 12:00:00,0.007364967694610668
2018-07-19 12:30:00,0.007490527549207083
2018-07-19 13:00:00,0.007611462244597694
2018-07-19 13:30:00,0.007610022389779706
2018-07-19 14:00:00,0.007608095666959351
2018-07-19 14:30:00,0.007444455754515815
2018-07-19 15:00:00,0.007359399185241929
2018-07-19 15:30:00,0.00724528806471154
2018-07-19 16:00:00,0.00714513246678754
2018-07-19 16:30:00,0.0069817679802957715
2018-07-19 17:00:00,0.005743719515206561
2018-07-19 17:30:00,0.004736292904513623
2018-07-19 18:00:00,0.004338801079281855
2018-07-19 18:30:00,0.003925656942629094
2018-07-19 19:00:00,0.0037897379902536938
2018-07-19 19:30:00,0.003702262056847142
2018-07-19 20:00:00,0.002819709752751209
2018-07-19 20:30:00,0.0020598994505079586
2018-07-19 21:00:00,0.0017292064274195508
2018-07-19 21:30:00,0.0014445330655995458
2018-07-19 22:00:00,0.0014058488069923546
2018-07-19 22:30:00,0.0013732761395636038
2018-07-19 23:00:00,0.0013529054278108186
2018-07-19 23:30:00,0.0013422544957254925
2018-07-20 00:00:00,0.0013338710419721648
2018-07-20 00:30:00,0.0013292627252043875
2018-07-20 01:00:00,0.0013133250907288695
2018-07-20 01:30:00,0.0013021149289293397
2018-07-20 02:00:00,0.001295904713990077
2018-07-20 02:30:00,0.0012889404092739653
2018-07-20 03:00:00,0.0012938101310979353
2018-07-20 03:30:00,0.0012882278612836953
2018-07-20 04:00:00,0.001300351855571264
2018-07-20 04:30:00,0.0013069358597730442
2018-07-20 05:00:00,0.0013841570924713756
2018-07-20 05:30:00,0.0014382092944286323
2018-07-20 06:00:00,0.0016921246312923356
2018-07-20 06:30:00,0.0018739555054227766
2018-07-20 07:00:00,0.002839236996943901
2018-07-20 07:30:00,0.003923022533553157
2018-07-20 08:00:00,0.0046303916477631775
2018-07-20 08:30:00,0.005412224262486219
2018-07-20 09:00:00,0.005848334712906886
2018-07-20 09:30:00,0.0062354506413299865
2018-07-20 10:00:00,0.0066158177440637025
2018-07-20 10:30:00,0.0068291945046200404
2018-07-20 11:00:00,0.007030681068237307
2018-07-20 11:30:00,0.007252599462557727
2018-07-20 12:00:00,0.007347663825871015
2018-07-20 12:30:00,0.007545298680181388
2018-07-20 13:00:00,0.007733776674247868
2018-07-20 13:30:00,0.007752268759627038
2018-07-20 14:00:00,0.007766043356249666
2018-07-20 14:30:00,0.007617022332747418
2018-07-20 15:00:00,0.007523489459269324
2018-07-20 15:30:00,0.0073836233860437705
2018-07-20 16:00:00,0.007258315907567698
2018-07-20 16:30:00,0.007094476620593592
2018-07-20 17:00:00,0.0058302946386287035
2018-07-20 17:30:00,0.004804033841386246
2018-07-20 18:00:00,0.004405156769035044
2018-07-20 18:30:00,0.003966726663451169
2018-07-20 19:00:00,0.0038212079554834294
2018-07-20 19:30:00,0.003782492008784072
2018-07-20 20:00:00,0.0028977901234223356
2018-07-20 20:30:00,0.00212300606901389
2018-07-20 21:00:00,0.0017688682853742215
2018-07-20 21:30:00,0.001480681191624859
2018-07-20 22:00:00,0.0014302044482641645
2018-07-20 22:30:00,0.0013956361689708577
2018-07-20 23:00:00,0.0013765554230192822
2018-07-20 23:30:00,0.0013600767903346421
2018-07-21 00:00:00,0.0013821830111461536
2018-07-21 00:30:00,0.0013799540360165537
2018-07-21 01:00:00,0.00138736722643278
2018-07-21 01:30:00,0.001362358506603942
2018-07-21 02:00:00,0.0013385640918302257
2018-07-21 02:30:00,0.0013136544732540094
2018-07-21 03:00:00,0.0012994302529893923
2018-07-21 03:30:00,0.0012855295985316276
2018-07-21 04:00:00,0.0012796629172381153
2018-07-21 04:30:00,0.0012606115587363975
2018-07-21 05:00:00,0.0011028088967281707
2018-07-21 05:30:00,0.0009930386541493494
2018-07-21 06:00:00,0.0011865821850860435
2018-07-21 06:30:00,0.0012944096003483546
2018-07-21 07:00:00,0.001464014687621188
2018-07-21 07:30:00,0.0015928029510924352
2018-07-21 08:00:00,0.001744133168346643
2018-07-21 08:30:00,0.0019463356658051235
2018-07-21 09:00:00,0.0021473746459726383
2018-07-21 09:30:00,0.002393738450023223
2018-07-21 10:00:00,0.0027147913477580396
2018-07-21 10:30:00,0.0028915383232881488
2018-07-21 11:00:00,0.003120946393529447
2018-07-21 11:30:00,0.0033596062580661
2018-07-21 12:00:00,0.0034593874156024005
2018-07-21 12:30:00,0.003607667328423085
2018-07-21 13:00:00,0.0037004150317489996
2018-07-21 13:30:00,0.003723627731285579
2018-07-21 14:00:00,0.003825402764352619
2018-07-21 14:30:00,0.003803800861698339
2018-07-21 15:00:00,0.003756903483685296
2018-07-21 15:30:00,0.0037174018893419607
2018-07-21 16:00:00,0.0036400659717949974
2018-07-21 16:30:00,0.003518359128755838
2018-07-21 17:00:00,0.002710852648126901
2018-07-21 17:30:00,0.0019596691902298165
2018-07-21 18:00:00,0.001616413705156628
2018-07-21 18:30:00,0.0013406928370902223
2018-07-21 19:00:00,0.0013193250356428586
2018-07-21 19:30:00,0.0015116350750357505
2018-07-21 20:00:00,0.0015875492390447716
2018-07-21 20:30:00,0.0015946881321262118
2018-07-21 21:00:00,0.0015916554514809342
2018-07-21 21:30:00,0.001567856565647638
2018-07-21 22:00:00,0.0015477503843519167
2018-07-21 22:30:00,0.0015188668185680703
2018-07-21 23:00:00,0.0014811704904945711
2018-07-21 23:30:00,0.0014476799101933104
2018-07-22 00:00:00,0.0013912843521162396
2018-07-22 00:30:00,0.0013231473140915488
2018-07-22 01:00:00,0.0013333721064497665
2018-07-22 01:30:00,0.0013014582040712956
2018-07-22 02:00:00,0.0012744695427906023
2018-07-22 02:30:00,0.001258290644731172
2018-07-22 03:00:00,0.001244315588369336
2018-07-22 03:30:00,0.0012496012489592377
2018-07-22 04:00:00,0.001259994986597878
2018-07-22 04:30:00,0.0012610650023127824
2018-07-22 05:00:00,0.0010739028020130448
2018-07-22 05:30:00,0.0009657111039158668
2018-07-22 06:00:00,0.0010982517583996581
2018-07-22 06:30:00,0.0011538060627422522
2018-07-22 07:00:00,0.0013229807128617797
2018-07-22 07:30:00,0.0014990383638664243
2018-07-22 08:00:00,0.0015949913394190563
2018-07-22 08:30:00,0.0017185282783016387
2018-07-22 09:00:00,0.001898628591924733
2018-07-22 09:30:00,0.0020676163691171747
2018-07-22 10:00:00,0.0023156520021837363
2018-07-22 10:30:00,0.0024764378159151026
2018-07-22 11:00:00,0.0026449691977636696
2018-07-22 11:30:00,0.0028658192258863117
2018-07-22 12:00:00,0.002972490242826307
2018-07-22 12:30:00,0.00312447366886258
2018-07-22 13:00:00,0.0032224057177001582
2018-07-22 13:30:00,0.0032623210803921525
2018-07-22 14:00:00,0.0033347909224161624
2018-07-22 14:30:00,0.0033479206880673964
2018-07-22 15:00:00,0.0033402927565663165
2018-07-22 15:30:00,0.003271267844244155
2018-07-22 16:00:00,0.0031873574289230616
2018-07-22 16:30:00,0.0030575350918469273
2018-07-22 17:00:00,0.002322389107619855
2018-07-22 17:30:00,0.0016830753369284227
2018-07-22 18:00:00,0.0013628378215542049
2018-07-22 18:30:00,0.0010770425710465038
2018-07-22 19:00:00,0.001067397323508152
2018-07-22 19:30:00,0.0012593461186503566
2018-07-22 20:00:00,0.0013284886675886398
2018-07-22 20:30:00,0.0013569632833501694
2018-07-22 21:00:00,0.0013758565052494776
2018-07-22 21:30:00,0.001354796816237992
2018-07-22 22:00:00,0.001346590598759064
2018-07-22 22:30:00,0.0013546291732079326
2018-07-22 23:00:00,0.0013275907225550286
2018-07-22 23:30:00,0.001317993224196652
2018-07-23 00:00:00,0.0013291175242889169
2018-07-23 00:30:00,0.0013160895512077213
2018-07-23 01:00:00,0.0013115211267093968
2018-07-23 01:30:00,0.0013105743038788287
2018-07-23 02:00:00,0.0012942002418983348
2018-07-23 02:30:00,0.0012900850439346678
2018-07-23 03:00:00,0.0012916296864985287
2018-07-23 03:30:00,0.0012870177234297353
2018-07-23 04:00:00,0.0012984364189207213
2018-07-23 04:30:00,0.0013154233633303728
2018-07-23 05:00:00,0.0013873411814255207
2018-07-23 05:30:00,0.0014447320928633526
2018-07-23 06:00:00,0.0016967218789320274
2018-07-23 06:30:00,0.0018540022517280134
2018-07-23 07:00:00,0.0027247711000062927
2018-07-23 07:30:00,0.0036687720842627173
2018-07-23 08:00:00,0.00433221855096382
2018-07-23 08:30:00,0.005019128183354646
2018-07-23 09:00:00,0.005433456890345907
2018-07-23 09:30:00,0.00580786150956774
2018-07-23 10:00:00,0.006171223045711613
2018-07-23 10:30:00,0.006398433004156915
2018-07-23 11:00:00,0.006619189617520187
2018-07-23 11:30:00,0.006882143960969936
2018-07-23 12:00:00,0.006994088918246567
2018-07-23 12:30:00,0.0071149213001669934
2018-07-23 13:00:00,0.0072420076526388795
2018-07-23 13:30:00,0.007246862398583675
2018-07-23 14:00:00,0.0072556080949796355
2018-07-23 14:30:00,0.007071859179697925
2018-07-23 15:00:00,0.006958380648985518
2018-07-23 15:30:00,0.006774065558654336
2018-07-23 16:00:00,0.0065875479288759215
2018-07-23 16:30:00,0.006314754780075539
2018-07-23 17:00:00,0.005195422800517005
2018-07-23 17:30:00,0.004313268941623796
2018-07-23 18:00:00,0.003944742506907013
2018-07-23 18:30:00,0.0035475090915556024
2018-07-23 19:00:00,0.0034228837318196516
2018-07-23 19:30:00,0.0033874652132643637
2018-07-23 20:00:00,0.0025888242794731243
2018-07-23 20:30:00,0.0019320175098809912
2018-07-23 21:00:00,0.0016380397428509682
2018-07-23 21:30:00,0.001400587064400786
2018-07-23 22:00:00,0.0013664370679240642
2018-07-23 22:30:00,0.0013265704093956437
2018-07-23 23:00:00,0.0013153130627246296
2018-07-23 23:30:00,0.0013049005292724175
2018-07-24 00:00:00,0.0013007681416039594
2018-07-24 00:30:00,0.001300503871596968
2018-07-24 01:00:00,0.0012957571690239528
2018-07-24 01:30:00,0.0012864854937063906
2018-07-24 02:00:00,0.001284109537919157
2018-07-24 02:30:00,0.0012785478436606519
2018-07-24 03:00:00,0.0012804068494621328
2018-07-24 03:30:00,0.001279877701731314
2018-07-24 04:00:00,0.0012913159309777445
2018-07-24 04:30:00,0.0013099381545765192
2018-07-24 05:00:00,0.0013719629502975876
2018-07-24 05:30:00,0.0014342482829079405
2018-07-24 06:00:00,0.0016574968825657866
2018-07-24 06:30:00,0.001782313152204948
2018-07-24 07:00:00,0.00258474393841084
2018-07-24 07:30:00,0.0034792007207914907
2018-07-24 08:00:00,0.004066163766441574
2018-07-24 08:30:00,0.004664924028354812
2018-07-24 09:00:00,0.00502783715629037
2018-07-24 09:30:00,0.005379265434416503
2018-07-24 10:00:00,0.005705751798157419
2018-07-24 10:30:00,0.005902771208946254
2018-07-24 11:00:00,0.0060713971341711725
2018-07-24 11:30:00,0.00627517843656137
2018-07-24 12:00:00,0.006356147719437702
2018-07-24 12:30:00,0.006481421556446065
2018-07-24 13:00:00,0.006623920519455465
2018-07-24 13:30:00,0.006635015779364635
2018-07-24 14:00:00,0.006639513318034869
2018-07-24 14:30:00,0.006525648236006389
2018-07-24 15:00:00,0.006452191114573868
2018-07-24 15:30:00,0.006328342677404465
2018-07-24 16:00:00,0.006202875586442239
2018-07-24 16:30:00,0.006025822799118559
2018-07-24 17:00:00,0.004968370023690514
2018-07-24 17:30:00,0.004106279936139538
2018-07-24 18:00:00,0.003842338530323006
2018-07-24 18:30:00,0.0035164640940276485
2018-07-24 19:00:00,0.0034080023526135367
2018-07-24 19:30:00,0.0033823732407117814
2018-07-24 20:00:00,0.002585376875495587
2018-07-24 20:30:00,0.0019060426939162133
2018-07-24 21:00:00,0.0016425366303960208
2018-07-24 21:30:00,0.0013972990124593303
2018-07-24 22:00:00,0.001366809034036073
2018-07-24 22:30:00,0.001346753987771271
2018-07-24 23:00:00,0.0013237822045518407
2018-07-24 23:30:00,0.0013159583711878252
2018-07-25 00:00:00,0.0013112262972272207
2018-07-25 00:30:00,0.0013064460400031867
2018-07-25 01:00:00,0.00130138080699139
2018-07-25 01:30:00,0.0012955940838701638
2018-07-25 02:00:00,0.0012917404211877262
2018-07-25 02:30:00,0.001288110962609446
2018-07-25 03:00:00,0.001289085393147709
2018-07-25 03:30:00,0.0012830546717168085
2018-07-25 04:00:00,0.001296720313392403
2018-07-25 04:30:00,0.001315903242589126
2018-07-25 05:00:00,0.001381697792660912
2018-07-25 05:30:00,0.0014376874827081916
2018-07-25 06:00:00,0.0016892249104091166
2018-07-25 06:30:00,0.0018226923330678865
2018-07-25 07:00:00,0.002610924249482894
2018-07-25 07:30:00,0.0034676017504419246
2018-07-25 08:00:00,0.003995502489721653
2018-07-25 08:30:00,0.004568219524117711
2018-07-25 09:00:00,0.004916692084595019
2018-07-25 09:30:00,0.005237674313543472
2018-07-25 10:00:00,0.005567986688850785
2018-07-25 10:30:00,0.005758348301250606
2018-07-25 11:00:00,0.005938839159757553
2018-07-25 11:30:00,0.006165862115050733
2018-07-25 12:00:00,0.00626792559657317
2018-07-25 12:30:00,0.0064077657116081545
2018-07-25 13:00:00,0.006524310000125058
2018-07-25 13:30:00,0.006538754127067635
2018-07-25 14:00:00,0.006537429825265188
2018-07-25 14:30:00,0.006384865725792069
2018-07-25 15:00:00,0.006279407234165032
2018-07-25 15:30:00,0.006146317985011668
2018-07-25 16:00:00,0.006006792016172576
2018-07-25 16:30:00,0.0058175381413398414
2018-07-25 17:00:00,0.004870021558595205
2018-07-25 17:30:00,0.004081235881917519
2018-07-25 18:00:00,0.0037697283491182143
2018-07-25 18:30:00,0.003424710224770404
2018-07-25 19:00:00,0.003353972071870723
2018-07-25 19:30:00,0.0033301013452257363
2018-07-25 20:00:00,0.0025601033647596125
2018-07-25 20:30:00,0.0018994312556401202
2018-07-25 21:00:00,0.0016306130524393124
2018-07-25 21:30:00,0.0014024605685896412
2018-07-25 22:00:00,0.0013713108701325048
2018-07-25 22:30:00,0.0013335028957945539
2018-07-25 23:00:00,0.0013211221411437532
2018-07-25 23:30:00,0.0013145788973783342
2018-07-26 00:00:00,0.0013092472673506199
2018-07-26 00:30:00,0.0013081734317013172
2018-07-26 01:00:00,0.0013012554436897814
2018-07-26 01:30:00,0.0012887893048235156
2018-07-26 02:00:00,0.0012854544152773387
2018-07-26 02:30:00,0.0012790390959059085
2018-07-26 03:00:00,0.0012805340359142493
2018-07-26 03:30:00,0.0012801261276922226
2018-07-26 04:00:00,0.001289946744946121
2018-07-26 04:30:00,0.0013095431820414312
2018-07-26 05:00:00,0.0013802111002382033
2018-07-26 05:30:00,0.001437914899029911
2018-07-26 06:00:00,0.0016771462344341791
2018-07-26 06:30:00,0.0017911607279876372
2018-07-26 07:00:00,0.002609140991244192
2018-07-26 07:30:00,0.0035373798409656806
2018-07-26 08:00:00,0.004106448577561542
2018-07-26 08:30:00,0.004698966719401625
2018-07-26 09:00:00,0.0050473143940691235
2018-07-26 09:30:00,0.005328608937097374
2018-07-26 10:00:00,0.005630949929591754
2018-07-26 10:30:00,0.0058276547601012404
2018-07-26 11:00:00,0.005982526230175811
2018-07-26 11:30:00,0.006143075945916371
2018-07-26 12:00:00,0.006202568168539886
2018-07-26 12:30:00,0.006335676517365241
2018-07-26 13:00:00,0.006441421200213713
2018-07-26 13:30:00,0.006436623623059851
2018-07-26 14:00:00,0.006402672697255281
2018-07-26 14:30:00,0.006270724870545058
2018-07-26 15:00:00,0.0061848595169790785
2018-07-26 15:30:00,0.006030608699427499
2018-07-26 16:00:00,0.005889001864733422
2018-07-26 16:30:00,0.005753889656457879
2018-07-26 17:00:00,0.0048427962350152155
2018-07-26 17:30:00,0.0040516528774637225
2018-07-26 18:00:00,0.003749053475088985
2018-07-26 18:30:00,0.0034130878139143044
2018-07-26 19:00:00,0.0033532504515362575
2018-07-26 19:30:00,0.003311581695547218
2018-07-26 20:00:00,0.0025531488703295683
2018-07-26 20:30:00,0.0018898240772207123
2018-07-26 21:00:00,0.0016203596539814547
2018-07-26 21:30:00,0.00137983566145856
2018-07-26 22:00:00,0.0013491920174924727
2018-07-26 22:30:00,0.0013171260556799525
2018-07-26 23:00:00,0.0013053340484182492
2018-07-26 23:30:00,0.0012976491651679623
2018-07-27 00:00:00,0.001297476790628251
2018-07-27 00:30:00,0.001292696055912417
2018-07-27 01:00:00,0.0012890186745207796
2018-07-27 01:30:00,0.0012812309134918184
2018-07-27 02:00:00,0.0012778485786240838
2018-07-27 02:30:00,0.001274098401437157
2018-07-27 03:00:00,0.00127639900033672
2018-07-27 03:30:00,0.0012734962842776661
2018-07-27 04:00:00,0.0012867851849232546
2018-07-27 04:30:00,0.0013059254003080724
2018-07-27 05:00:00,0.001371692820163963
2018-07-27 05:30:00,0.0014373272802577946
2018-07-27 06:00:00,0.0016260651600883771
2018-07-27 06:30:00,0.0017343102504504368
2018-07-27 07:00:00,0.0024906677660813162
2018-07-27 07:30:00,0.003332022077694422
2018-07-27 08:00:00,0.00386116659629582
2018-07-27 08:30:00,0.004390991019811724
2018-07-27 09:00:00,0.004704007122839835
2018-07-27 09:30:00,0.00500113347079744
2018-07-27 10:00:00,0.0052854865224365
2018-07-27 10:30:00,0.005484448543500119
2018-07-27 11:00:00,0.005685916615162231
2018-07-27 11:30:00,0.005881353921985098
2018-07-27 12:00:00,0.005976641838277362
2018-07-27 12:30:00,0.006112038067357068
2018-07-27 13:00:00,0.006220890266838342
2018-07-27 13:30:00,0.00625539981464028
2018-07-27 14:00:00,0.006259529293949594
2018-07-27 14:30:00,0.0061505003356857185
2018-07-27 15:00:00,0.006087448889186832
2018-07-27 15:30:00,0.005985950410688541
2018-07-27 16:00:00,0.005886167299776697
2018-07-27 16:30:00,0.005743936643750412
2018-07-27 17:00:00,0.004813077666298633
2018-07-27 17:30:00,0.004019201232502037
2018-07-27 18:00:00,0.0037289847551953714
2018-07-27 18:30:00,0.003397315478418193
2018-07-27 19:00:00,0.003339579687675901
2018-07-27 19:30:00,0.003302630764494055
2018-07-27 20:00:00,0.0025427809606564608
2018-07-27 20:30:00,0.0018823556279807508
2018-07-27 21:00:00,0.0016114629833600817
2018-07-27 21:30:00,0.0013764328812601269
2018-07-27 22:00:00,0.001348991818203339
2018-07-27 22:30:00,0.0013157766638538459
2018-07-27 23:00:00,0.0013048304247945445
2018-07-27 23:30:00,0.001298806952557331
2018-07-28 00:00:00,0.0013199992106557666
2018-07-28 00:30:00,0.0013361246730419702
2018-07-28 01:00:00,0.0013496625205486122
2018-07-28 01:30:00,0.0013288443989794574
2018-07-28 02:00:00,0.001310061043602438
2018-07-28 02:30:00,0.0012876867328495368
2018-07-28 03:00:00,0.0012808381981906929
2018-07-28 03:30:00,0.0012741948113723619
2018-07-28 04:00:00,0.0012672207397785278
2018-07-28 04:30:00,0.0012599708515578173
2018-07-28 05:00:00,0.0010996242868738801
2018-07-28 05:30:00,0.0009972306414760858
2018-07-28 06:00:00,0.0011318408322367045
2018-07-28 06:30:00,0.001162042796288019
2018-07-28 07:00:00,0.001236236296892452
2018-07-28 07:30:00,0.0012763553749495604
2018-07-28 08:00:00,0.001366741751100653
2018-07-28 08:30:00,0.0014576783280300992
2018-07-28 09:00:00,0.0015899962108851325
2018-07-28 09:30:00,0.0017474757411699614
2018-07-28 10:00:00,0.001968694045695251
2018-07-28 10:30:00,0.002090466044660904
2018-07-28 11:00:00,0.0022449085534659123
2018-07-28 11:30:00,0.0024023482782979796
2018-07-28 12:00:00,0.002447524341781253
2018-07-28 12:30:00,0.0025597740690511636
2018-07-28 13:00:00,0.0026481595809279028
2018-07-28 13:30:00,0.0026842846571217913
2018-07-28 14:00:00,0.002785219000762845
2018-07-28 14:30:00,0.0027999586083127786
2018-07-28 15:00:00,0.00283701744142526
2018-07-28 15:30:00,0.0028782121348738337
2018-07-28 16:00:00,0.002853569868297135
2018-07-28 16:30:00,0.0027632178715556246
2018-07-28 17:00:00,0.002126343823510865
2018-07-28 17:30:00,0.001540845505660702
2018-07-28 18:00:00,0.0013298652764473324
2018-07-28 18:30:00,0.0011497746428852697
2018-07-28 19:00:00,0.001197345110702585
2018-07-28 19:30:00,0.0013799506067572645
2018-07-28 20:00:00,0.001457965821501897
2018-07-28 20:30:00,0.0014864988214880327
2018-07-28 21:00:00,0.0014863863070566723
2018-07-28 21:30:00,0.0014765180274394895
2018-07-28 22:00:00,0.0014599636037837247
2018-07-28 22:30:00,0.0014525824053180816
2018-07-28 23:00:00,0.00141067438252902
2018-07-28 23:30:00,0.0013909672541528573
2018-07-29 00:00:00,0.0013412473352947738
2018-07-29 00:30:00,0.0012847632241930213
2018-07-29 01:00:00,0.0013045421499725289
2018-07-29 01:30:00,0.0012697213209254972
2018-07-29 02:00:00,0.0012472710021597445
2018-07-29 02:30:00,0.0012328020456435806
2018-07-29 03:00:00,0.0012226723609702049
2018-07-29 03:30:00,0.001228376955501873
2018-07-29 04:00:00,0.0012401637537621242
2018-07-29 04:30:00,0.0012497288694948085
2018-07-29 05:00:00,0.0010698897004778347
2018-07-29 05:30:00,0.0009736348198827217
2018-07-29 06:00:00,0.0010321344238712385
2018-07-29 06:30:00,0.0010109725950229506
2018-07-29 07:00:00,0.0011182766358643849
2018-07-29 07:30:00,0.001218787444279056
2018-07-29 08:00:00,0.0012824013327097077
2018-07-29 08:30:00,0.0013610431903289999
2018-07-29 09:00:00,0.00143465645158004
2018-07-29 09:30:00,0.0015328953106031333
2018-07-29 10:00:00,0.0017324717333879998
2018-07-29 10:30:00,0.001830686587596069
2018-07-29 11:00:00,0.0019306715907225196
2018-07-29 11:30:00,0.0020772423867585
2018-07-29 12:00:00,0.002118003430836206
2018-07-29 12:30:00,0.002214539033201229
2018-07-29 13:00:00,0.002309762574917218
2018-07-29 13:30:00,0.00234196687912663
2018-07-29 14:00:00,0.0024217656993767277
2018-07-29 14:30:00,0.0024820118381437104
2018-07-29 15:00:00,0.002512531681508625
2018-07-29 15:30:00,0.002499965269364411
2018-07-29 16:00:00,0.0024672152788445694
2018-07-29 16:30:00,0.0023666804222065288
2018-07-29 17:00:00,0.0017976965489259872
2018-07-29 17:30:00,0.0013307803243690442
2018-07-29 18:00:00,0.0011195309634139947
2018-07-29 18:30:00,0.0009298665324501613
2018-07-29 19:00:00,0.0010004725069380016
2018-07-29 19:30:00,0.0011670435244985036
2018-07-29 20:00:00,0.0012380415197539422
2018-07-29 20:30:00,0.0012970440962409824
2018-07-29 21:00:00,0.0013007726560718843
2018-07-29 21:30:00,0.0012945215504712242
2018-07-29 22:00:00,0.0012924999804160998
2018-07-29 22:30:00,0.0013003921819241706
2018-07-29 23:00:00,0.0012852821709626635
2018-07-29 23:30:00,0.0012785754513683469
2018-07-30 00:00:00,0.0012783205141556233
2018-07-30 00:30:00,0.0012747434060419345
2018-07-30 01:00:00,0.0012783390061107775
2018-07-30 01:30:00,0.0012766595372260042
2018-07-30 02:00:00,0.0012707226646379282
2018-07-30 02:30:00,0.001267959506409439
2018-07-30 03:00:00,0.0012678417829766267
2018-07-30 03:30:00,0.0012672051127741721
2018-07-30 04:00:00,0.001280446828548276
2018-07-30 04:30:00,0.0013031065925807393
2018-07-30 05:00:00,0.0013935241793321977
2018-07-30 05:30:00,0.0014450295702545996
2018-07-30 06:00:00,0.0016651044121445131
2018-07-30 06:30:00,0.0017553112947872433
2018-07-30 07:00:00,0.0024855896407909263
2018-07-30 07:30:00,0.0032647623223309163
2018-07-30 08:00:00,0.0038014322853298288
2018-07-30 08:30:00,0.004342717119756679
2018-07-30 09:00:00,0.004691335141599529
2018-07-30 09:30:00,0.0050172709138869825
2018-07-30 10:00:00,0.005364228436292013
2018-07-30 10:30:00,0.005584724773216074
2018-07-30 11:00:00,0.0057847734787992424
2018-07-30 11:30:00,0.005992397114293719
2018-07-30 12:00:00,0.006088802621847481
2018-07-30 12:30:00,0.0062445027572363525
2018-07-30 13:00:00,0.006381544726916432
2018-07-30 13:30:00,0.006418804670893299
2018-07-30 14:00:00,0.006445099840447367
2018-07-30 14:30:00,0.006354265967663215
2018-07-30 15:00:00,0.006306713123634144
2018-07-30 15:30:00,0.006194146211584161
2018-07-30 16:00:00,0.006090659240189964
2018-07-30 16:30:00,0.005957310235497533
2018-07-30 17:00:00,0.005004684533903869
2018-07-30 17:30:00,0.004188193046670603
2018-07-30 18:00:00,0.0038712568227831983
2018-07-30 18:30:00,0.0035114349767592515
2018-07-30 19:00:00,0.0034606992592097078
2018-07-30 19:30:00,0.0033861119146871687
2018-07-30 20:00:00,0.0025985991443309374
2018-07-30 20:30:00,0.001935422764355114
2018-07-30 21:00:00,0.001629211874457105
2018-07-30 21:30:00,0.0013767035322938973
2018-07-30 22:00:00,0.0013436308441341124
2018-07-30 22:30:00,0.0013174191488283108
2018-07-30 23:00:00,0.0013016245882593374
2018-07-30 23:30:00,0.0012899001677914722
2018-07-31 00:00:00,0.0012889380218149666
2018-07-31 00:30:00,0.001290921826609565
2018-07-31 01:00:00,0.0012843059172738926
2018-07-31 01:30:00,0.0012774510015882703
2018-07-31 02:00:00,0.0012735533228435641
2018-07-31 02:30:00,0.0012672444841434793
2018-07-31 03:00:00,0.001270427314255607
2018-07-31 03:30:00,0.001271679514796291
2018-07-31 04:00:00,0.0012833333967028288
2018-07-31 04:30:00,0.0013002572253782217
2018-07-31 05:00:00,0.0013983520121028255
2018-07-31 05:30:00,0.0014443428502298617
2018-07-31 06:00:00,0.0016522846688963567
2018-07-31 06:30:00,0.0017563633828554847
2018-07-31 07:00:00,0.0025271997086969413
2018-07-31 07:30:00,0.0033599800907369625
2018-07-31 08:00:00,0.003926197202896344
2018-07-31 08:30:00,0.004521435268252865
2018-07-31 09:00:00,0.00488361744305969
2018-07-31 09:30:00,0.0052141457314771825
2018-07-31 10:00:00,0.005551296917973962
2018-07-31 10:30:00,0.0057828570871651
2018-07-31 11:00:00,0.005998236491737955
2018-07-31 11:30:00,0.006230432202514565
2018-07-31 12:00:00,0.006335662973961466
2018-07-31 12:30:00,0.006503266502426419
2018-07-31 13:00:00,0.006636020725969737
2018-07-31 13:30:00,0.0066656648927822465
2018-07-31 14:00:00,0.006685290022793888
2018-07-31 14:30:00,0.006544077118834608
2018-07-31 15:00:00,0.0064647955524286815
2018-07-31 15:30:00,0.006331440731017963
2018-07-31 16:00:00,0.0062218124771370505
2018-07-31 16:30:00,0.0060885703437910735
2018-07-31 17:00:00,0.005083476975073466
2018-07-31 17:30:00,0.004234097892865338
2018-07-31 18:00:00,0.0038976657656106433
2018-07-31 18:30:00,0.0035223252624612907
2018-07-31 19:00:00,0.0034684687887335877
2018-07-31 19:30:00,0.0033896168781307493
2018-07-31 20:00:00,0.002600980830019768
2018-07-31 20:30:00,0.0019253149574878358
2018-07-31 21:00:00,0.0016295633952384155
2018-07-31 21:30:00,0.0013862893103990068
2018-07-31 22:00:00,0.0013500164721972669
2018-07-31 22:30:00,0.0013223002436387843
2018-07-31 23:00:00,0.001315479490321017
2018-07-31 23:30:00,0.0013010842845837423
2018-08-01 00:00:00,0.001291314672135727
2018-08-01 00:30:00,0.0012919554661309975
2018-08-01 01:00:00,0.0012862568185426535
2018-08-01 01:30:00,0.0012786700815613891
2018-08-01 02:00:00,0.001274462684272024
2018-08-01 02:30:00,0.001271376047053374
2018-08-01 03:00:00,0.0012729848905601291
2018-08-01 03:30:00,0.0012695929190397086
2018-08-01 04:00:00,0.0012816336561207388
2018-08-01 04:30:00,0.0013006547155973449
2018-08-01 05:00:00,0.001392462888694725
2018-08-01 05:30:00,0.0014529965643418506
2018-08-01 06:00:00,0.001619846176663337
2018-08-01 06:30:00,0.0017191040465954518
2018-08-01 07:00:00,0.0025242040987786627
2018-08-01 07:30:00,0.0034135734664830003
2018-08-01 08:00:00,0.004054726405362051
2018-08-01 08:30:00,0.0047505094415010996
2018-08-01 09:00:00,0.005163545100698625
2018-08-01 09:30:00,0.005559307841306791
2018-08-01 10:00:00,0.005907088038674454
2018-08-01 10:30:00,0.006107976522108356
2018-08-01 11:00:00,0.006310310763895223
2018-08-01 11:30:00,0.006540682325771735
2018-08-01 12:00:00,0.006651523278598988
2018-08-01 12:30:00,0.006786127913091392
2018-08-01 13:00:00,0.006919086676758387
2018-08-01 13:30:00,0.006946985133550993
2018-08-01 14:00:00,0.006944683188992723
2018-08-01 14:30:00,0.006808645124117455
2018-08-01 15:00:00,0.0067195164179585706
2018-08-01 15:30:00,0.006589673896001811
2018-08-01 16:00:00,0.006448896942055707
2018-08-01 16:30:00,0.0062734980126929974
2018-08-01 17:00:00,0.005170710559687469
2018-08-01 17:30:00,0.004247147309669177
2018-08-01 18:00:00,0.003904465422472531
2018-08-01 18:30:00,0.0035251325669770845
2018-08-01 19:00:00,0.0034677544610011548
2018-08-01 19:30:00,0.0033981601614119583
2018-08-01 20:00:00,0.0026103362400356684
2018-08-01 20:30:00,0.0019346149784549654
2018-08-01 21:00:00,0.0016438228630795233
2018-08-01 21:30:00,0.0013981985201933769
2018-08-01 22:00:00,0.001367712188071136
2018-08-01 22:30:00,0.0013342183087356224
2018-08-01 23:00:00,0.0013228434990818685
2018-08-01 23:30:00,0.001315675435592298
2018-08-02 00:00:00,0.0013082287773417433
2018-08-02 00:30:00,0.0013066192393014612
2018-08-02 01:00:00,0.0012957989278522585
2018-08-02 01:30:00,0.0012833246282170515
2018-08-02 02:00:00,0.001281262124092184
2018-08-02 02:30:00,0.0012728935594013397
2018-08-02 03:00:00,0.0012737860349834264
2018-08-02 03:30:00,0.0012714568299842235
2018-08-02 04:00:00,0.001288875904472653
2018-08-02 04:30:00,0.001305724419668721
2018-08-02 05:00:00,0.0014000869134447157
2018-08-02 05:30:00,0.0014549523707536455
2018-08-02 06:00:00,0.0016390726010221829
2018-08-02 06:30:00,0.0017605690438110323
2018-08-02 07:00:00,0.0025631214167924797
2018-08-02 07:30:00,0.003498807098397905
2018-08-02 08:00:00,0.0041467373822492905
2018-08-02 08:30:00,0.004812980257971484
2018-08-02 09:00:00,0.00521393962865307
2018-08-02 09:30:00,0.005566344073651284
2018-08-02 10:00:00,0.005872951629009852
2018-08-02 10:30:00,0.006086094331767619
2018-08-02 11:00:00,0.006285588712779619
2018-08-02 11:30:00,0.0065056289148098774
2018-08-02 12:00:00,0.006640073849999436
2018-08-02 12:30:00,0.006786177181563457
2018-08-02 13:00:00,0.006903091786675242
2018-08-02 13:30:00,0.0069062115444614575
2018-08-02 14:00:00,0.006872208789092443
2018-08-02 14:30:00,0.0067501880168991165
2018-08-02 15:00:00,0.006672999210234823
2018-08-02 15:30:00,0.006528658821803842
2018-08-02 16:00:00,0.006397599998008071
2018-08-02 16:30:00,0.006224704384518092
2018-08-02 17:00:00,0.005184091833292138
2018-08-02 17:30:00,0.004306008678808527
2018-08-02 18:00:00,0.003924075402971617
2018-08-02 18:30:00,0.0035098927216543896
2018-08-02 19:00:00,0.0034818263179733043
2018-08-02 19:30:00,0.0033997103602440345
2018-08-02 20:00:00,0.0026161757477049406
2018-08-02 20:30:00,0.001960079008419042
2018-08-02 21:00:00,0.0016510140632172094
2018-08-02 21:30:00,0.0013931725717341965
2018-08-02 22:00:00,0.0013676236784547998
2018-08-02 22:30:00,0.001335248822856184
2018-08-02 23:00:00,0.0013239037913273964
2018-08-02 23:30:00,0.0013085925392764654
2018-08-03 00:00:00,0.0012989143882122757
2018-08-03 00:30:00,0.0012984021697361754
2018-08-03 01:00:00,0.0012967299500450892
2018-08-03 01:30:00,0.0012812254006319486
2018-08-03 02:00:00,0.0012801444894223403
2018-08-03 02:30:00,0.0012734501846148171
2018-08-03 03:00:00,0.0012748158545704607
2018-08-03 03:30:00,0.0012748628224002185
2018-08-03 04:00:00,0.0012897801003080066
2018-08-03 04:30:00,0.0013046794505691308
2018-08-03 05:00:00,0.0014107453551738015
2018-08-03 05:30:00,0.0014607350568987465
2018-08-03 06:00:00,0.001641995371736826
2018-08-03 06:30:00,0.0017477055015423344
2018-08-03 07:00:00,0.0025402431351491104
2018-08-03 07:30:00,0.0034332571543526295
2018-08-03 08:00:00,0.004087290521346753
2018-08-03 08:30:00,0.004775890995608854
2018-08-03 09:00:00,0.005202183867359803
2018-08-03 09:30:00,0.00562549740732201
2018-08-03 10:00:00,0.005998097194357463
2018-08-03 10:30:00,0.006239128500213424
2018-08-03 11:00:00,0.006465077836899027
2018-08-03 11:30:00,0.006703177690371259
2018-08-03 12:00:00,0.006802932455633536
2018-08-03 12:30:00,0.006940259704959796
2018-08-03 13:00:00,0.007075707286112147
2018-08-03 13:30:00,0.007066664155733286
2018-08-03 14:00:00,0.007068503280512559
2018-08-03 14:30:00,0.0069322231272948166
2018-08-03 15:00:00,0.0068429729645854125
2018-08-03 15:30:00,0.0067314274943117945
2018-08-03 16:00:00,0.006622805185427929
2018-08-03 16:30:00,0.00644770312573963
2018-08-03 17:00:00,0.005323065344118914
2018-08-03 17:30:00,0.0043872693184994
2018-08-03 18:00:00,0.004024075034710477
2018-08-03 18:30:00,0.003619439628295962
2018-08-03 19:00:00,0.0035817844947422777
2018-08-03 19:30:00,0.0034774438114184656
2018-08-03 20:00:00,0.002656320219644127
2018-08-03 20:30:00,0.0019685555730733217
2018-08-03 21:00:00,0.0016577067619159514
2018-08-03 21:30:00,0.001402320837125695
2018-08-03 22:00:00,0.0013668069504354922
2018-08-03 22:30:00,0.001328080238466468
2018-08-03 23:00:00,0.0013127161150508007
2018-08-03 23:30:00,0.0013018735785287367
2018-08-04 00:00:00,0.0013217031618473637
2018-08-04 00:30:00,0.0013336368105402124
2018-08-04 01:00:00,0.0013536866043952172
2018-08-04 01:30:00,0.001333110223901774
2018-08-04 02:00:00,0.0013084867965469924
2018-08-04 02:30:00,0.0012854458638332886
2018-08-04 03:00:00,0.0012760933621765317
2018-08-04 03:30:00,0.0012677622154794498
2018-08-04 04:00:00,0.0012661643976924343
2018-08-04 04:30:00,0.0012562837901051488
2018-08-04 05:00:00,0.0011452750640228004
2018-08-04 05:30:00,0.0010167538052843067
2018-08-04 06:00:00,0.0011176091457366733
2018-08-04 06:30:00,0.0011400693181968392
2018-08-04 07:00:00,0.0012589543149244854
2018-08-04 07:30:00,0.0012956828105282273
2018-08-04 08:00:00,0.0014263700588870985
2018-08-04 08:30:00,0.0016230575694667591
2018-08-04 09:00:00,0.0017640463561385722
2018-08-04 09:30:00,0.002012775524340105
2018-08-04 10:00:00,0.002286292594117262
2018-08-04 10:30:00,0.002413228710305606
2018-08-04 11:00:00,0.0026303039053011154
2018-08-04 11:30:00,0.0028238289876910015
2018-08-04 12:00:00,0.0029265701168939805
2018-08-04 12:30:00,0.0030760958492285703
2018-08-04 13:00:00,0.0031973241586676845
2018-08-04 13:30:00,0.0032295203455165013
2018-08-04 14:00:00,0.003279903283442717
2018-08-04 14:30:00,0.0033419156209686463
2018-08-04 15:00:00,0.003300542736262073
2018-08-04 15:30:00,0.0032703450696369564
2018-08-04 16:00:00,0.003268942849854459
2018-08-04 16:30:00,0.0031203401091687948
2018-08-04 17:00:00,0.002415623505314757
2018-08-04 17:30:00,0.0017663349743347963
2018-08-04 18:00:00,0.0014662598540636342
2018-08-04 18:30:00,0.001226804661821972
2018-08-04 19:00:00,0.0013147394214397426
2018-08-04 19:30:00,0.0014429075098797996
2018-08-04 20:00:00,0.0015175678238310106
2018-08-04 20:30:00,0.0015480556752453419
2018-08-04 21:00:00,0.0015387573037953387
2018-08-04 21:30:00,0.0015133852127068876
2018-08-04 22:00:00,0.0014912230819464595
2018-08-04 22:30:00,0.0014807543346869122
2018-08-04 23:00:00,0.0014381746979773226
2018-08-04 23:30:00,0.0014106248970152272
2018-08-05 00:00:00,0.0013562647128471284
2018-08-05 00:30:00,0.0012954339938922098
2018-08-05 01:00:00,0.0013145192109033648
2018-08-05 01:30:00,0.001280136024794981
2018-08-05 02:00:00,0.0012554066376689993
2018-08-05 02:30:00,0.0012374089733443038
2018-08-05 03:00:00,0.0012263124111847703
2018-08-05 03:30:00,0.001228942653059546
2018-08-05 04:00:00,0.0012419271743869635
2018-08-05 04:30:00,0.0012511285715932708
2018-08-05 05:00:00,0.001134582025842405
2018-08-05 05:30:00,0.0009968532059125524
2018-08-05 06:00:00,0.0010625101949376637
2018-08-05 06:30:00,0.0010533768186086483
2018-08-05 07:00:00,0.001167647421400157
2018-08-05 07:30:00,0.001301160162371558
2018-08-05 08:00:00,0.0013739339062219386
2018-08-05 08:30:00,0.0015408083481170118
2018-08-05 09:00:00,0.0016759064486802891
2018-08-05 09:30:00,0.0018182461030619534
2018-08-05 10:00:00,0.002054294999029203
2018-08-05 10:30:00,0.0021924925422730323
2018-08-05 11:00:00,0.0023699690384564754
2018-08-05 11:30:00,0.0025186104559779196
2018-08-05 12:00:00,0.002581125071468845
2018-08-05 12:30:00,0.002687287689867139
2018-08-05 13:00:00,0.0027351772958400717
2018-08-05 13:30:00,0.00276209064364144
2018-08-05 14:00:00,0.0027827459839152246
2018-08-05 14:30:00,0.002771130301352667
2018-08-05 15:00:00,0.002752233780419106
2018-08-05 15:30:00,0.0027060810725719527
2018-08-05 16:00:00,0.0026721055342355236
2018-08-05 16:30:00,0.002555103938799491
2018-08-05 17:00:00,0.001960599431072429
2018-08-05 17:30:00,0.0014374799908170254
2018-08-05 18:00:00,0.0011845651729071893
2018-08-05 18:30:00,0.0009613067629632758
2018-08-05 19:00:00,0.001056694692083416
2018-08-05 19:30:00,0.001206426136567009
2018-08-05 20:00:00,0.0012741161554504386
2018-08-05 20:30:00,0.001312844690569971
2018-08-05 21:00:00,0.0013177100715593977
2018-08-05 21:30:00,0.001315064159271921
2018-08-05 22:00:00,0.0013095311579297466
2018-08-05 22:30:00,0.0013234542545021001
2018-08-05 23:00:00,0.0013007861126589683
2018-08-05 23:30:00,0.0012857307093960147
2018-08-06 00:00:00,0.001295720011480263
2018-08-06 00:30:00,0.0012888194302152457
2018-08-06 01:00:00,0.0012917422443382343
2018-08-06 01:30:00,0.0012924121653332902
2018-08-06 02:00:00,0.0012857747688666287
2018-08-06 02:30:00,0.0012859569102840623
2018-08-06 03:00:00,0.0012852722304515598
2018-08-06 03:30:00,0.001284602005598086
2018-08-06 04:00:00,0.0012940910699095727
2018-08-06 04:30:00,0.0013177197082120836
2018-08-06 05:00:00,0.0014722308890195656
2018-08-06 05:30:00,0.0014817566333829425
2018-08-06 06:00:00,0.0016790887578922715
2018-08-06 06:30:00,0.0017456201646277696
2018-08-06 07:00:00,0.002451836787266564
2018-08-06 07:30:00,0.0031939419540249862
2018-08-06 08:00:00,0.003755965342523814
2018-08-06 08:30:00,0.0043661094864350025
2018-08-06 09:00:00,0.004740035441831754
2018-08-06 09:30:00,0.0050417519184604
2018-08-06 10:00:00,0.005372895259724323
2018-08-06 10:30:00,0.00559885206264534
2018-08-06 11:00:00,0.00580585491539179
2018-08-06 11:30:00,0.0060481923349534625
2018-08-06 12:00:00,0.006172058916811258
2018-08-06 12:30:00,0.006329461223649562
2018-08-06 13:00:00,0.006465969748172623
2018-08-06 13:30:00,0.00648470105694347
2018-08-06 14:00:00,0.006461244359097215
2018-08-06 14:30:00,0.0063175322630580205
2018-08-06 15:00:00,0.006216716641241724
2018-08-06 15:30:00,0.006089391195603198
2018-08-06 16:00:00,0.00597615605548363
2018-08-06 16:30:00,0.005844174326855625
2018-08-06 17:00:00,0.004923475940819169
2018-08-06 17:30:00,0.0041148424493177745
2018-08-06 18:00:00,0.003772739586040848
2018-08-06 18:30:00,0.003410934977022593
2018-08-06 19:00:00,0.003412786863855423
2018-08-06 19:30:00,0.003332420262447072
2018-08-06 20:00:00,0.0025531280777321063
2018-08-06 20:30:00,0.0018941357847641511
2018-08-06 21:00:00,0.0016063724432828978
2018-08-06 21:30:00,0.0013846922739622096
2018-08-06 22:00:00,0.0013534845819555756
2018-08-06 22:30:00,0.0013139263831297968
2018-08-06 23:00:00,0.0013078425298840872
2018-08-06 23:30:00,0.0012969841493159404
2018-08-07 00:00:00,0.0012997267319886947
2018-08-07 00:30:00,0.0013006346175334098
2018-08-07 01:00:00,0.0012962935225401136
2018-08-07 01:30:00,0.001285891710949223
2018-08-07 02:00:00,0.001286699149582608
2018-08-07 02:30:00,0.0012808686708491862
2018-08-07 03:00:00,0.0012851141372574955
2018-08-07 03:30:00,0.0012835937165503858
2018-08-07 04:00:00,0.0012903820872424607
2018-08-07 04:30:00,0.0013079950668099358
2018-08-07 05:00:00,0.001465972013325073
2018-08-07 05:30:00,0.001472549376050002
2018-08-07 06:00:00,0.0016633017069670579
2018-08-07 06:30:00,0.0017579305543506244
2018-08-07 07:00:00,0.002467177730625771
2018-08-07 07:30:00,0.0032707287125938863
2018-08-07 08:00:00,0.003803842794160027
2018-08-07 08:30:00,0.004369349138071301
2018-08-07 09:00:00,0.004736111761488136
2018-08-07 09:30:00,0.005081202681631234
2018-08-07 10:00:00,0.005404900580078274
2018-08-07 10:30:00,0.0056323201574236675
2018-08-07 11:00:00,0.0058130931701759255
2018-08-07 11:30:00,0.006039667369994025
2018-08-07 12:00:00,0.006159166681626228
2018-08-07 12:30:00,0.006294248417243277
2018-08-07 13:00:00,0.006402451748777032
2018-08-07 13:30:00,0.006404233357498606
2018-08-07 14:00:00,0.006391273752561467
2018-08-07 14:30:00,0.0062715682512884605
2018-08-07 15:00:00,0.006186030630730494
2018-08-07 15:30:00,0.006089996394755214
2018-08-07 16:00:00,0.005988853821281123
2018-08-07 16:30:00,0.005846201322953928
2018-08-07 17:00:00,0.004922793908895737
2018-08-07 17:30:00,0.004138955264305235
2018-08-07 18:00:00,0.0037954208372043005
2018-08-07 18:30:00,0.0034226926916914044
2018-08-07 19:00:00,0.0034383703535861296
2018-08-07 19:30:00,0.0033658214215567424
2018-08-07 20:00:00,0.0025895547985184037
2018-08-07 20:30:00,0.001916862571281962
2018-08-07 21:00:00,0.0016269898012544293
2018-08-07 21:30:00,0.0013954183893018241
2018-08-07 22:00:00,0.0013633492586800876
2018-08-07 22:30:00,0.0013329750069057524
2018-08-07 23:00:00,0.0013263264544943149
2018-08-07 23:30:00,0.0013066063904312135
2018-08-08 00:00:00,0.0013069677649069369
2018-08-08 00:30:00,0.0013026548853381714
2018-08-08 01:00:00,0.0013047417415448263
2018-08-08 01:30:00,0.00129508351491119
2018-08-08 02:00:00,0.001293524373959955
2018-08-08 02:30:00,0.0012903141531818594
2018-08-08 03:00:00,0.0012919282490984115
2018-08-08 03:30:00,0.0012888786826067606
2018-08-08 04:00:00,0.0013029206746372531
2018-08-08 04:30:00,0.0013174592581394902
2018-08-08 05:00:00,0.001487310600955961
2018-08-08 05:30:00,0.0014902993523556612
2018-08-08 06:00:00,0.001718304161014172
2018-08-08 06:30:00,0.0018076985262471014
2018-08-08 07:00:00,0.0025997127854330013
2018-08-08 07:30:00,0.0034303841296018517
2018-08-08 08:00:00,0.003999159946682737
2018-08-08 08:30:00,0.004614882931148876
2018-08-08 09:00:00,0.004999984495302194
2018-08-08 09:30:00,0.005350639193304379
2018-08-08 10:00:00,0.005709658158571211
2018-08-08 10:30:00,0.005956014713428109
2018-08-08 11:00:00,0.006147669199988283
2018-08-08 11:30:00,0.006350891619931039
2018-08-08 12:00:00,0.0064369751438411605
2018-08-08 12:30:00,0.0065557126824193745
2018-08-08 13:00:00,0.006674837597072224
2018-08-08 13:30:00,0.0066624069228241765
2018-08-08 14:00:00,0.006638314509759068
2018-08-08 14:30:00,0.0065263928193555875
2018-08-08 15:00:00,0.006444993490001058
2018-08-08 15:30:00,0.006316056856805124
2018-08-08 16:00:00,0.006192571009545116
2018-08-08 16:30:00,0.006050370522318907
2018-08-08 17:00:00,0.005078360954297513
2018-08-08 17:30:00,0.004236956462637088
2018-08-08 18:00:00,0.0038665645108670096
2018-08-08 18:30:00,0.0034631087696479607
2018-08-08 19:00:00,0.0034906256236758738
2018-08-08 19:30:00,0.003395465154285798
2018-08-08 20:00:00,0.0026119972169652878
2018-08-08 20:30:00,0.0019332499596245033
2018-08-08 21:00:00,0.0016305929543753773
2018-08-08 21:30:00,0.0013884112405487708
2018-08-08 22:00:00,0.001355096203596438
2018-08-08 22:30:00,0.0013269346054138203
2018-08-08 23:00:00,0.0013102541673312659
2018-08-08 23:30:00,0.0012983163948456012
2018-08-09 00:00:00,0.0013025235316848937
2018-08-09 00:30:00,0.0012994636340070299
2018-08-09 01:00:00,0.001296381250806232
2018-08-09 01:30:00,0.0012918799356099455
2018-08-09 02:00:00,0.001286891969453018
2018-08-09 02:30:00,0.0012822576076779815
2018-08-09 03:00:00,0.0012823645224327813
2018-08-09 03:30:00,0.0012822503584842947
2018-08-09 04:00:00,0.0012972875302421664
2018-08-09 04:30:00,0.0013106739694399411
2018-08-09 05:00:00,0.0014849415036873057
2018-08-09 05:30:00,0.001477807472340554
2018-08-09 06:00:00,0.001682563292085704
2018-08-09 06:30:00,0.001775409662580787
2018-08-09 07:00:00,0.0025335137998068235
2018-08-09 07:30:00,0.0033635438724886036
2018-08-09 08:00:00,0.0039240049078186345
2018-08-09 08:30:00,0.004531758120063414
2018-08-09 09:00:00,0.004910963441839981
2018-08-09 09:30:00,0.005264224810985372
2018-08-09 10:00:00,0.005617361684996064
2018-08-09 10:30:00,0.005857530467028286
2018-08-09 11:00:00,0.006083062909964359
2018-08-09 11:30:00,0.006340701163574059
2018-08-09 12:00:00,0.006469420320959377
2018-08-09 12:30:00,0.006619947266781361
2018-08-09 13:00:00,0.006772181462829195
2018-08-09 13:30:00,0.0067669130353524305
2018-08-09 14:00:00,0.006751697108028068
2018-08-09 14:30:00,0.006649520504357435
2018-08-09 15:00:00,0.0065730166379757175
2018-08-09 15:30:00,0.006436059401385923
2018-08-09 16:00:00,0.0063161571734914185
2018-08-09 16:30:00,0.00616421980370965
2018-08-09 17:00:00,0.005143145392171091
2018-08-09 17:30:00,0.004276966629155507
2018-08-09 18:00:00,0.003917190405302609
2018-08-09 18:30:00,0.0035312898237349196
2018-08-09 19:00:00,0.003570840382691902
2018-08-09 19:30:00,0.003437531921394105
2018-08-09 20:00:00,0.002623642590836121
2018-08-09 20:30:00,0.0019324335354636139
2018-08-09 21:00:00,0.0016383808456293747
2018-08-09 21:30:00,0.0013927139191563594
2018-08-09 22:00:00,0.0013618440743022246
2018-08-09 22:30:00,0.0013208982408980138
2018-08-09 23:00:00,0.0013078558562461349
2018-08-09 23:30:00,0.0012990723511813035
2018-08-10 00:00:00,0.0012927818742113366
2018-08-10 00:30:00,0.001296881271537266
2018-08-10 01:00:00,0.0012899009491416898
2018-08-10 01:30:00,0.0012811670164073422
2018-08-10 02:00:00,0.0012829094273929921
2018-08-10 02:30:00,0.0012731756268299583
2018-08-10 03:00:00,0.001276276198127492
2018-08-10 03:30:00,0.0012762163814274865
2018-08-10 04:00:00,0.001289431748335913
2018-08-10 04:30:00,0.0013078770829270513
2018-08-10 05:00:00,0.0014829576120760162
2018-08-10 05:30:00,0.00147284646276614
2018-08-10 06:00:00,0.0016967100284537243
2018-08-10 06:30:00,0.0017786506598757939
2018-08-10 07:00:00,0.002517877636290332
2018-08-10 07:30:00,0.003353456901627133
2018-08-10 08:00:00,0.0039426941104944106
2018-08-10 08:30:00,0.004552548069616384
2018-08-10 09:00:00,0.004952368665763902
2018-08-10 09:30:00,0.005334104650670822
2018-08-10 10:00:00,0.005666822673073644
2018-08-10 10:30:00,0.0058912909170131
2018-08-10 11:00:00,0.006097869019099495
2018-08-10 11:30:00,0.006320005540355713
2018-08-10 12:00:00,0.006445767677841842
2018-08-10 12:30:00,0.006606839161894498
2018-08-10 13:00:00,0.006749335997894974
2018-08-10 13:30:00,0.006755705998953771
2018-08-10 14:00:00,0.006714446410028777
2018-08-10 14:30:00,0.006559113639467299
2018-08-10 15:00:00,0.006447140466766137
2018-08-10 15:30:00,0.006310207755891512
2018-08-10 16:00:00,0.00618435203001263
2018-08-10 16:30:00,0.006001289270447168
2018-08-10 17:00:00,0.004983266248550767
2018-08-10 17:30:00,0.004111166500401536
2018-08-10 18:00:00,0.0037474619081037117
2018-08-10 18:30:00,0.003376886990157637
2018-08-10 19:00:00,0.0034375617429274175
2018-08-10 19:30:00,0.0033305528354265765
2018-08-10 20:00:00,0.0025660668900717837
2018-08-10 20:30:00,0.0019033635308361356
2018-08-10 21:00:00,0.0016075744203679165
2018-08-10 21:30:00,0.0013702803560119432
2018-08-10 22:00:00,0.0013389297637321465
2018-08-10 22:30:00,0.0013109675400800993
2018-08-10 23:00:00,0.001299669432972724
2018-08-10 23:30:00,0.0012897701163885572
2018-08-11 00:00:00,0.001314196643488458
2018-08-11 00:30:00,0.0013255322119979413
2018-08-11 01:00:00,0.0013430413153947972
2018-08-11 01:30:00,0.0013245874293596085
2018-08-11 02:00:00,0.0013019533196592958
2018-08-11 02:30:00,0.0012825547378024654
2018-08-11 03:00:00,0.0012771498344876613
2018-08-11 03:30:00,0.0012641698276281686
2018-08-11 04:00:00,0.001263096295837284
2018-08-11 04:30:00,0.001254912780923017
2018-08-11 05:00:00,0.0011944786840203127
2018-08-11 05:30:00,0.0010314353324680523
2018-08-11 06:00:00,0.0011104772848071931
2018-08-11 06:30:00,0.0010999293607255778
2018-08-11 07:00:00,0.0011510883096430855
2018-08-11 07:30:00,0.0011664763944654315
2018-08-11 08:00:00,0.0012438231206904073
2018-08-11 08:30:00,0.0013451014754690112
2018-08-11 09:00:00,0.0014778196700856207
2018-08-11 09:30:00,0.0016468043218771911
2018-08-11 10:00:00,0.0018901936558737226
2018-08-11 10:30:00,0.0020006895991714797
2018-08-11 11:00:00,0.002167831523291107
2018-08-11 11:30:00,0.002381822468526965
2018-08-11 12:00:00,0.002444203473130651
2018-08-11 12:30:00,0.002590419840026177
2018-08-11 13:00:00,0.0027092672017183335
2018-08-11 13:30:00,0.0027181322710642317
2018-08-11 14:00:00,0.0027882370093873657
2018-08-11 14:30:00,0.0028060557879205357
2018-08-11 15:00:00,0.0027853296920436962
2018-08-11 15:30:00,0.002765022313066897
2018-08-11 16:00:00,0.0027401133890242076
2018-08-11 16:30:00,0.002641412057488879
2018-08-11 17:00:00,0.0020589982932567854
2018-08-11 17:30:00,0.001543579667114442
2018-08-11 18:00:00,0.0013055530869293002
2018-08-11 18:30:00,0.0011222156827622877
2018-08-11 19:00:00,0.0013075900669470533
2018-08-11 19:30:00,0.0014030283931562404
2018-08-11 20:00:00,0.0014780308082778027
2018-08-11 20:30:00,0.001502511682626185
2018-08-11 21:00:00,0.0014862711881245862
2018-08-11 21:30:00,0.0014779959513764207
2018-08-11 22:00:00,0.0014659594683132432
2018-08-11 22:30:00,0.0014506199140210904
2018-08-11 23:00:00,0.0014116548902356433
2018-08-11 23:30:00,0.001396515231374206
2018-08-12 00:00:00,0.0013368320554391338
2018-08-12 00:30:00,0.0012860455935337803
2018-08-12 01:00:00,0.0013004665404198962
2018-08-12 01:30:00,0.001270946695108704
2018-08-12 02:00:00,0.0012429919811004163
2018-08-12 02:30:00,0.0012339593989494947
2018-08-12 03:00:00,0.0012206509645484617
2018-08-12 03:30:00,0.0012238287158841741
2018-08-12 04:00:00,0.0012411445219188202
2018-08-12 04:30:00,0.0012476159682808944
2018-08-12 05:00:00,0.0011693955622874039
2018-08-12 05:30:00,0.0010075442039007127
2018-08-12 06:00:00,0.0010270466185198167
2018-08-12 06:30:00,0.0009913806289872198
2018-08-12 07:00:00,0.0010674936900350114
2018-08-12 07:30:00,0.0011780214516499707
2018-08-12 08:00:00,0.0012078568322241101
2018-08-12 08:30:00,0.0013308904513414056
2018-08-12 09:00:00,0.001433772787892076
2018-08-12 09:30:00,0.001533957208957442
2018-08-12 10:00:00,0.0017435431187071825
2018-08-12 10:30:00,0.0018658717862946586
2018-08-12 11:00:00,0.0020293690155067587
2018-08-12 11:30:00,0.0022037616091973135
2018-08-12 12:00:00,0.0022866572242188923
2018-08-12 12:30:00,0.002402339770262275
2018-08-12 13:00:00,0.0024827191771325287
2018-08-12 13:30:00,0.002555861371018938
2018-08-12 14:00:00,0.0026145683366735847
2018-08-12 14:30:00,0.0026509411008865096
2018-08-12 15:00:00,0.0026587201802463845
2018-08-12 15:30:00,0.002593501528693448
2018-08-12 16:00:00,0.002569784207141219
2018-08-12 16:30:00,0.0024531963800538464
2018-08-12 17:00:00,0.0018635684092609879
2018-08-12 17:30:00,0.0013975437487108774
2018-08-12 18:00:00,0.0011573939795339536
2018-08-12 18:30:00,0.0009464443532041141
2018-08-12 19:00:00,0.001130678226520993
2018-08-12 19:30:00,0.0012262212536593626
2018-08-12 20:00:00,0.0012981354254534942
2018-08-12 20:30:00,0.00131963197605341
2018-08-12 21:00:00,0.001314980988882073
2018-08-12 21:30:00,0.0013156478712929485
2018-08-12 22:00:00,0.0013056912122844655
2018-08-12 22:30:00,0.0013128404365521185
2018-08-12 23:00:00,0.0012888373144535636
2018-08-12 23:30:00,0.0012853603928011325
2018-08-13 00:00:00,0.0012944873446950236
2018-08-13 00:30:00,0.0012863548779949848
2018-08-13 01:00:00,0.0012897475874572776
2018-08-13 01:30:00,0.0012881533725629334
2018-08-13 02:00:00,0.0012833402986297524
2018-08-13 02:30:00,0.0012820284116140993
2018-08-13 03:00:00,0.00128361068921345
2018-08-13 03:30:00,0.0012874317088201225
2018-08-13 04:00:00,0.0012915198199762398
2018-08-13 04:30:00,0.0013153482234844298
2018-08-13 05:00:00,0.0014924104738274126
2018-08-13 05:30:00,0.001497440502671064
2018-08-13 06:00:00,0.001746555571063489
2018-08-13 06:30:00,0.0018387954835645379
2018-08-13 07:00:00,0.002517278774756749
2018-08-13 07:30:00,0.0032634082858118488
2018-08-13 08:00:00,0.0038075615437048608
2018-08-13 08:30:00,0.0043826712026927995
2018-08-13 09:00:00,0.004761722945743227
2018-08-13 09:30:00,0.005092427341818138
2018-08-13 10:00:00,0.005450865069339633
2018-08-13 10:30:00,0.0056865220313559745
2018-08-13 11:00:00,0.005915277109856936
2018-08-13 11:30:00,0.00615692381582609
2018-08-13 12:00:00,0.006245947647422411
2018-08-13 12:30:00,0.006400146982676307
2018-08-13 13:00:00,0.006545394648935167
2018-08-13 13:30:00,0.006570928305885319
2018-08-13 14:00:00,0.006588531171308308
2018-08-13 14:30:00,0.006447207576068176
2018-08-13 15:00:00,0.006352583590419297
2018-08-13 15:30:00,0.006230824657365619
2018-08-13 16:00:00,0.0061327792693381174
2018-08-13 16:30:00,0.005988114881016829
2018-08-13 17:00:00,0.005005100125403037
2018-08-13 17:30:00,0.004172670222344035
2018-08-13 18:00:00,0.0038378843999982044
2018-08-13 18:30:00,0.003473595965454316
2018-08-13 19:00:00,0.0035623490592001754
2018-08-13 19:30:00,0.003421931265904178
2018-08-13 20:00:00,0.0026314444595773477
2018-08-13 20:30:00,0.0019319386369173407
2018-08-13 21:00:00,0.001637632181895705
2018-08-13 21:30:00,0.0013976529206996395
2018-08-13 22:00:00,0.0013759593396198068
2018-08-13 22:30:00,0.001328121215944556
2018-08-13 23:00:00,0.0013159217779526258
2018-08-13 23:30:00,0.0013094738155054308
2018-08-14 00:00:00,0.0013040212932356873
2018-08-14 00:30:00,0.001298637356151727
2018-08-14 01:00:00,0.0012944998028901627
2018-08-14 01:30:00,0.0012869816945030265
2018-08-14 02:00:00,0.001283446084767571
2018-08-14 02:30:00,0.001279159380431101
2018-08-14 03:00:00,0.0012804712240384087
2018-08-14 03:30:00,0.0012795717597127074
2018-08-14 04:00:00,0.00129160372830796
2018-08-14 04:30:00,0.001309442735130101
2018-08-14 05:00:00,0.0014976428289691234
2018-08-14 05:30:00,0.001487452806695597
2018-08-14 06:00:00,0.001725163243900956
2018-08-14 06:30:00,0.0018142517105236245
2018-08-14 07:00:00,0.002547405946228884
2018-08-14 07:30:00,0.0033795921982449737
2018-08-14 08:00:00,0.0039207060906075114
2018-08-14 08:30:00,0.0044946924718407
2018-08-14 09:00:00,0.004854805501045806
2018-08-14 09:30:00,0.005198312233622357
2018-08-14 10:00:00,0.005560871019234151
2018-08-14 10:30:00,0.0057982619710171285
2018-08-14 11:00:00,0.006015514315470347
2018-08-14 11:30:00,0.006239899866511755
2018-08-14 12:00:00,0.006328624875058119
2018-08-14 12:30:00,0.006476394826636665
2018-08-14 13:00:00,0.0065862543167736955
2018-08-14 13:30:00,0.0065626039742984685
2018-08-14 14:00:00,0.006551796772169586
2018-08-14 14:30:00,0.006425696961164339
2018-08-14 15:00:00,0.006326293977133445
2018-08-14 15:30:00,0.006109997137179881
2018-08-14 16:00:00,0.005947124380425169
2018-08-14 16:30:00,0.005805678200017535
2018-08-14 17:00:00,0.004881797591585789
2018-08-14 17:30:00,0.004059742500126819
2018-08-14 18:00:00,0.0036997843518982152
2018-08-14 18:30:00,0.003334715435303456
2018-08-14 19:00:00,0.003424397771499983
2018-08-14 19:30:00,0.003292826512186384
2018-08-14 20:00:00,0.0025412301541075486
2018-08-14 20:30:00,0.0018692889780637751
2018-08-14 21:00:00,0.0015920352310951208
2018-08-14 21:30:00,0.0013652597901875965
2018-08-14 22:00:00,0.0013420864620203243
2018-08-14 22:30:00,0.0013133210971610898
2018-08-14 23:00:00,0.0013022981989637547
2018-08-14 23:30:00,0.001294735249755787
2018-08-15 00:00:00,0.0012940583400171167
2018-08-15 00:30:00,0.0012907665549579542
2018-08-15 01:00:00,0.0012900406371972907
2018-08-15 01:30:00,0.0012811014263973942
2018-08-15 02:00:00,0.0012792716778207344
2018-08-15 02:30:00,0.0012782173759268761
2018-08-15 03:00:00,0.0012743929704692601
2018-08-15 03:30:00,0.0012747697983159574
2018-08-15 04:00:00,0.0012899654973513475
2018-08-15 04:30:00,0.001306492964424599
2018-08-15 05:00:00,0.0015023830202903236
2018-08-15 05:30:00,0.0014892596356658682
2018-08-15 06:00:00,0.0016745055311481545
2018-08-15 06:30:00,0.0017319490969089956
2018-08-15 07:00:00,0.00243922123687532
2018-08-15 07:30:00,0.0032232550019785393
2018-08-15 08:00:00,0.003732320946991912
2018-08-15 08:30:00,0.004288462070601217
2018-08-15 09:00:00,0.004630377713684294
2018-08-15 09:30:00,0.004948048450184758
2018-08-15 10:00:00,0.00527840540586283
2018-08-15 10:30:00,0.005485374530324879
2018-08-15 11:00:00,0.005659886974457172
2018-08-15 11:30:00,0.0058568538611480335
2018-08-15 12:00:00,0.005956805656890229
2018-08-15 12:30:00,0.00615539332438284
2018-08-15 13:00:00,0.006306089736385392
2018-08-15 13:30:00,0.006302074898516365
2018-08-15 14:00:00,0.006300419434446616
2018-08-15 14:30:00,0.006194930730611156
2018-08-15 15:00:00,0.0061209319164359875
2018-08-15 15:30:00,0.006019970485987384
2018-08-15 16:00:00,0.005915988355596844
2018-08-15 16:30:00,0.005734418712889213
2018-08-15 17:00:00,0.004788338599111621
2018-08-15 17:30:00,0.0039838904100517655
2018-08-15 18:00:00,0.0036603388845455236
2018-08-15 18:30:00,0.003303410248152981
2018-08-15 19:00:00,0.003409012291178363
2018-08-15 19:30:00,0.0032817535207584204
2018-08-15 20:00:00,0.002540452189740712
2018-08-15 20:30:00,0.0018842538315181569
2018-08-15 21:00:00,0.0016004920015438837
2018-08-15 21:30:00,0.0013713863138368658
2018-08-15 22:00:00,0.0013440211285678937
2018-08-15 22:30:00,0.0013144663829469739
2018-08-15 23:00:00,0.0013100419005221023
2018-08-15 23:30:00,0.001300040921592933
2018-08-16 00:00:00,0.0012956973089156016
2018-08-16 00:30:00,0.0012957681947436926
2018-08-16 01:00:00,0.0012968282265391478
2018-08-16 01:30:00,0.0012830844932501203
2018-08-16 02:00:00,0.00128381557660389
2018-08-16 02:30:00,0.0012802326951802587
2018-08-16 03:00:00,0.00127902368594328
2018-08-16 03:30:00,0.0012802647739475334
2018-08-16 04:00:00,0.0012958496287997236
2018-08-16 04:30:00,0.0013153769598091057
2018-08-16 05:00:00,0.0015115228210544627
2018-08-16 05:30:00,0.001496260099533725
2018-08-16 06:00:00,0.0017009431668919307
2018-08-16 06:30:00,0.0017689237612396839
2018-08-16 07:00:00,0.0024583207352321225
2018-08-16 07:30:00,0.0032644496086104225
2018-08-16 08:00:00,0.0038372820223886413
2018-08-16 08:30:00,0.004427826777437029
2018-08-16 09:00:00,0.004800518763798179
2018-08-16 09:30:00,0.0051385622522436645
2018-08-16 10:00:00,0.0054564249838559755
2018-08-16 10:30:00,0.005670136509572286
2018-08-16 11:00:00,0.0058761681005896895
2018-08-16 11:30:00,0.006102888065631751
2018-08-16 12:00:00,0.006209762754528517
2018-08-16 12:30:00,0.006354076707277129
2018-08-16 13:00:00,0.0064727152748277565
2018-08-16 13:30:00,0.006469761597371166
2018-08-16 14:00:00,0.0064507173578380985
2018-08-16 14:30:00,0.006333974389324151
2018-08-16 15:00:00,0.006269095104215805
2018-08-16 15:30:00,0.0061715295086303655
2018-08-16 16:00:00,0.006077153688492324
2018-08-16 16:30:00,0.005925522998671034
2018-08-16 17:00:00,0.0049740389365622376
2018-08-16 17:30:00,0.004152106473679113
2018-08-16 18:00:00,0.003801126299902877
2018-08-16 18:30:00,0.0034275476112695822
2018-08-16 19:00:00,0.003543114039988934
2018-08-16 19:30:00,0.0033966102664383002
2018-08-16 20:00:00,0.0026143132692358247
2018-08-16 20:30:00,0.001920153314540834
2018-08-16 21:00:00,0.0016187990805548204
2018-08-16 21:30:00,0.0013805771628152335
2018-08-16 22:00:00,0.0013516581758215142
2018-08-16 22:30:00,0.0013170486586000466
2018-08-16 23:00:00,0.001306119869695609
2018-08-16 23:30:00,0.001296336366577055
2018-08-17 00:00:00,0.0012961304373863246
2018-08-17 00:30:00,0.0012955834054171876
2018-08-17 01:00:00,0.001289796117987471
2018-08-17 01:30:00,0.0012842289976857867
2018-08-17 02:00:00,0.0012795795732148852
2018-08-17 02:30:00,0.0012780460865958005
2018-08-17 03:00:00,0.0012814741738596206
2018-08-17 03:30:00,0.001276989831326398
2018-08-17 04:00:00,0.0012986887082243733
2018-08-17 04:30:00,0.0013110715898841004
2018-08-17 05:00:00,0.0015121360507503838
2018-08-17 05:30:00,0.001501446572054314
2018-08-17 06:00:00,0.0017707245998582854
2018-08-17 06:30:00,0.0018849797492788201
2018-08-17 07:00:00,0.002644343075789155
2018-08-17 07:30:00,0.003494670803978358
2018-08-17 08:00:00,0.004046342560933615
2018-08-17 08:30:00,0.004664675515577212
2018-08-17 09:00:00,0.005052933257118563
2018-08-17 09:30:00,0.005418257110926045
2018-08-17 10:00:00,0.00577602448336903
2018-08-17 10:30:00,0.006004961052162243
2018-08-17 11:00:00,0.00621570553065157
2018-08-17 11:30:00,0.006473296252123021
2018-08-17 12:00:00,0.0066011324403539035
2018-08-17 12:30:00,0.0067188124214123505
2018-08-17 13:00:00,0.0068256572887758025
2018-08-17 13:30:00,0.006796973097522526
2018-08-17 14:00:00,0.006777883669901865
2018-08-17 14:30:00,0.006682489012488182
2018-08-17 15:00:00,0.006620028657429046
2018-08-17 15:30:00,0.006496984273042084
2018-08-17 16:00:00,0.006386480472833803
2018-08-17 16:30:00,0.006262432661133829
2018-08-17 17:00:00,0.005274906345954228
2018-08-17 17:30:00,0.004427715999339485
2018-08-17 18:00:00,0.004032385996526933
2018-08-17 18:30:00,0.0036183231656514445
2018-08-17 19:00:00,0.0037419083312058028
2018-08-17 19:30:00,0.0035688717274098593
2018-08-17 20:00:00,0.002739315022735018
2018-08-17 20:30:00,0.002016796439377493
2018-08-17 21:00:00,0.0016840364845129834
2018-08-17 21:30:00,0.0014172337307905942
2018-08-17 22:00:00,0.0013832379641651933
2018-08-17 22:30:00,0.0013538631895444356
2018-08-17 23:00:00,0.0013376592882780357
2018-08-17 23:30:00,0.0013189630534502991
2018-08-18 00:00:00,0.0013392052765006052
2018-08-18 00:30:00,0.0013598484624376685
2018-08-18 01:00:00,0.0013644324271236581
2018-08-18 01:30:00,0.0013437322894373875
2018-08-18 02:00:00,0.0013254168326157821
2018-08-18 02:30:00,0.0012984368530041756
2018-08-18 03:00:00,0.0012881054497495762
2018-08-18 03:30:00,0.00127683890050933
2018-08-18 04:00:00,0.001281361225344806
2018-08-18 04:30:00,0.0012664014940751852
2018-08-18 05:00:00,0.0012251511077194218
2018-08-18 05:30:00,0.001066509275577299
2018-08-18 06:00:00,0.0012208455207526892
2018-08-18 06:30:00,0.0012487145032787478
2018-08-18 07:00:00,0.0013133555633873628
2018-08-18 07:30:00,0.001336232803230442
2018-08-18 08:00:00,0.0014270700618655389
2018-08-18 08:30:00,0.0015526547026271963
2018-08-18 09:00:00,0.0016778552663484691
2018-08-18 09:30:00,0.0018682512147495268
2018-08-18 10:00:00,0.002080233265167127
2018-08-18 10:30:00,0.0022335642598789967
2018-08-18 11:00:00,0.002403109834310243
2018-08-18 11:30:00,0.0025877793103735343
2018-08-18 12:00:00,0.002659317913162986
2018-08-18 12:30:00,0.0027525766195313295
2018-08-18 13:00:00,0.002855813558855836
2018-08-18 13:30:00,0.0028519917144906003
2018-08-18 14:00:00,0.0029219117937122657
2018-08-18 14:30:00,0.0029571309811453287
2018-08-18 15:00:00,0.0028948711292337446
2018-08-18 15:30:00,0.0028532479520074093
2018-08-18 16:00:00,0.0027921473633689383
2018-08-18 16:30:00,0.0026901357548192928
2018-08-18 17:00:00,0.0021434774881280774
2018-08-18 17:30:00,0.0016279410083278856
2018-08-18 18:00:00,0.001354825552562668
2018-08-18 18:30:00,0.0011410880252474432
2018-08-18 19:00:00,0.0013692397277468966
2018-08-18 19:30:00,0.0014385170161894012
2018-08-18 20:00:00,0.001494519902373692
2018-08-18 20:30:00,0.0015058461380889074
2018-08-18 21:00:00,0.0014887133416386037
2018-08-18 21:30:00,0.0014719236013422507
2018-08-18 22:00:00,0.0014549640041902213
2018-08-18 22:30:00,0.001446030176025158
2018-08-18 23:00:00,0.0014053454872270678
2018-08-18 23:30:00,0.001387772964237535
2018-08-19 00:00:00,0.0013372280263661666
2018-08-19 00:30:00,0.001282425467749768
2018-08-19 01:00:00,0.001303308007303545
2018-08-19 01:30:00,0.0012707935504660188
2018-08-19 02:00:00,0.0012444681687035302
2018-08-19 02:30:00,0.001239542884197407
2018-08-19 03:00:00,0.0012204110032149125
2018-08-19 03:30:00,0.0012306419595581818
2018-08-19 04:00:00,0.0012365296070825376
2018-08-19 04:30:00,0.001252858046891982
2018-08-19 05:00:00,0.0011891660234395521
2018-08-19 05:30:00,0.0010246424473080524
2018-08-19 06:00:00,0.0010600941298392508
2018-08-19 06:30:00,0.0009916964681085847
2018-08-19 07:00:00,0.0010603555783037892
2018-08-19 07:30:00,0.0011832525045413185
2018-08-19 08:00:00,0.0011810925920893015
2018-08-19 08:30:00,0.0012192843396092187
2018-08-19 09:00:00,0.0013309609464943876
2018-08-19 09:30:00,0.0014381559889804414
2018-08-19 10:00:00,0.0015948622429997406
2018-08-19 10:30:00,0.001722842286487385
2018-08-19 11:00:00,0.001864488318917388
2018-08-19 11:30:00,0.002024765517065324
2018-08-19 12:00:00,0.002123135469291623
2018-08-19 12:30:00,0.00224140141960506
2018-08-19 13:00:00,0.002348503481415198
2018-08-19 13:30:00,0.002416189767180921
2018-08-19 14:00:00,0.0024909283463789463
2018-08-19 14:30:00,0.0025413160158148135
2018-08-19 15:00:00,0.002580755883490944
2018-08-19 15:30:00,0.002554183421426255
2018-08-19 16:00:00,0.0025106442866492315
2018-08-19 16:30:00,0.0024201664057059676
2018-08-19 17:00:00,0.0018636527950845084
2018-08-19 17:30:00,0.001400700360182364
2018-08-19 18:00:00,0.0011351633938127788
2018-08-19 18:30:00,0.0009331866631588914
2018-08-19 19:00:00,0.0011722955436206952
2018-08-19 19:30:00,0.0012284643799095737
2018-08-19 20:00:00,0.0012850395617200428
2018-08-19 20:30:00,0.0013055987091003494
2018-08-19 21:00:00,0.0012959106609334013
2018-08-19 21:30:00,0.0012903401981891184
2018-08-19 22:00:00,0.001296778610800319
2018-08-19 22:30:00,0.0013113814386537955
2018-08-19 23:00:00,0.0012885293756510676
2018-08-19 23:30:00,0.0012797131841021257
2018-08-20 00:00:00,0.0012857860550364408
2018-08-20 00:30:00,0.0012825473149753964
2018-08-20 01:00:00,0.0012858554215724417
2018-08-20 01:30:00,0.0012853850487413382
2018-08-20 02:00:00,0.0012823667362583983
2018-08-20 02:30:00,0.0012832566941564502
2018-08-20 03:00:00,0.0012806787593379204
2018-08-20 03:30:00,0.001278073433853423
2018-08-20 04:00:00,0.0012918877057037778
2018-08-20 04:30:00,0.0013156627169470861
2018-08-20 05:00:00,0.0015146931929714517
2018-08-20 05:30:00,0.0015122502581072163
2018-08-20 06:00:00,0.001704937776471987
2018-08-20 06:30:00,0.001747736929184427
2018-08-20 07:00:00,0.0023602046350099113
2018-08-20 07:30:00,0.002994177920371162
2018-08-20 08:00:00,0.003467998980210975
2018-08-20 08:30:00,0.003995202711688098
2018-08-20 09:00:00,0.004377619947168232
2018-08-20 09:30:00,0.004709135080910781
2018-08-20 10:00:00,0.005073289079808865
2018-08-20 10:30:00,0.005355743624052101
2018-08-20 11:00:00,0.00560161074981425
2018-08-20 11:30:00,0.005841411342260516
2018-08-20 12:00:00,0.005991057489345336
2018-08-20 12:30:00,0.006175294531471431
2018-08-20 13:00:00,0.006321673419212255
2018-08-20 13:30:00,0.006349580123590494
2018-08-20 14:00:00,0.006332607764384908
2018-08-20 14:30:00,0.0062365598547808165
2018-08-20 15:00:00,0.006181473883077091
2018-08-20 15:30:00,0.0060636552557633335
2018-08-20 16:00:00,0.00595206299129334
2018-08-20 16:30:00,0.005803710326085711
2018-08-20 17:00:00,0.004894213246546317
2018-08-20 17:30:00,0.004101754138636428
2018-08-20 18:00:00,0.0037299802387811692
2018-08-20 18:30:00,0.003384358608206815
2018-08-20 19:00:00,0.003477153279362488
2018-08-20 19:30:00,0.003312826386444142
2018-08-20 20:00:00,0.0025682354407845424
2018-08-20 20:30:00,0.00189900589726323
2018-08-20 21:00:00,0.001610605972396213
2018-08-20 21:30:00,0.0013684267762536415
2018-08-20 22:00:00,0.0013443821557768535
2018-08-20 22:30:00,0.0013111203374560208
2018-08-20 23:00:00,0.0013049305678474565
2018-08-20 23:30:00,0.0012935782437166364
2018-08-21 00:00:00,0.0012940084638282151
2018-08-21 00:30:00,0.0013144024858624975
2018-08-21 01:00:00,0.0013409983450253745
2018-08-21 01:30:00,0.0013134636067591438
2018-08-21 02:00:00,0.0012971516621209634
2018-08-21 02:30:00,0.001277884260284029
2018-08-21 03:00:00,0.001280240552090782
2018-08-21 03:30:00,0.0012794401022010113
2018-08-21 04:00:00,0.0012871204709833735
2018-08-21 04:30:00,0.0013049559617295341
2018-08-21 05:00:00,0.0015358525041357044
2018-08-21 05:30:00,0.0015283131256593062
2018-08-21 06:00:00,0.0017028395472788289
2018-08-21 06:30:00,0.0017647996211568578
2018-08-21 07:00:00,0.0023667441456576236
2018-08-21 07:30:00,0.0030528943924534578
2018-08-21 08:00:00,0.0035516311046295025
2018-08-21 08:30:00,0.004119940585855408
2018-08-21 09:00:00,0.00451309873892095
2018-08-21 09:30:00,0.004875960688417243
2018-08-21 10:00:00,0.005229377806706044
2018-08-21 10:30:00,0.005498127511537761
2018-08-21 11:00:00,0.005729431093999049
2018-08-21 11:30:00,0.006008554525222161
2018-08-21 12:00:00,0.00616696051982355
2018-08-21 12:30:00,0.006349467478934098
2018-08-21 13:00:00,0.006518637875035773
2018-08-21 13:30:00,0.0065496143307862895
2018-08-21 14:00:00,0.006557359117553273
2018-08-21 14:30:00,0.006419368762342192
2018-08-21 15:00:00,0.006294549888202305
2018-08-21 15:30:00,0.0061599315800810895
2018-08-21 16:00:00,0.006028660793334573
2018-08-21 16:30:00,0.005869618996697638
2018-08-21 17:00:00,0.004960275756334456
2018-08-21 17:30:00,0.004179005279684762
2018-08-21 18:00:00,0.0037827432128790884
2018-08-21 18:30:00,0.003428709001551622
2018-08-21 19:00:00,0.003527397657850084
2018-08-21 19:30:00,0.0033694010039461205
2018-08-21 20:00:00,0.0026122516766862113
2018-08-21 20:30:00,0.0019292606458625899
2018-08-21 21:00:00,0.0016341895528361652
2018-08-21 21:30:00,0.0013806091113574715
2018-08-21 22:00:00,0.001360518774107833
2018-08-21 22:30:00,0.001328664731837713
2018-08-21 23:00:00,0.001312832753274977
2018-08-21 23:30:00,0.001301486679945899
2018-08-22 00:00:00,0.0013012838327476942
2018-08-22 00:30:00,0.001301430639771946
2018-08-22 01:00:00,0.0012924669466652257
2018-08-22 01:30:00,0.0012896388061436246
2018-08-22 02:00:00,0.0012795702404206173
2018-08-22 02:30:00,0.0012693112422861989
2018-08-22 03:00:00,0.0012735109562984222
2018-08-22 03:30:00,0.0012695469496018961
2018-08-22 04:00:00,0.0012877271894274796
2018-08-22 04:30:00,0.0013012326543084297
2018-08-22 05:00:00,0.001532016335016476
2018-08-22 05:30:00,0.001523649940742903
2018-08-22 06:00:00,0.0016638343707738568
2018-08-22 06:30:00,0.001715780530035778
2018-08-22 07:00:00,0.002353818008554812
2018-08-22 07:30:00,0.0030787751425336842
2018-08-22 08:00:00,0.003599658358465801
2018-08-22 08:30:00,0.0041849144577484525
2018-08-22 09:00:00,0.0045269673580197855
2018-08-22 09:30:00,0.004850112234146019
2018-08-22 10:00:00,0.00520031157860462
2018-08-22 10:30:00,0.00540478980198073
2018-08-22 11:00:00,0.005615466259592765
2018-08-22 11:30:00,0.005879003012813178
2018-08-22 12:00:00,0.005996366937708534
2018-08-22 12:30:00,0.006156707208182384
2018-08-22 13:00:00,0.006320437192942691
2018-08-22 13:30:00,0.006386136939188053
2018-08-22 14:00:00,0.006387660789154452
2018-08-22 14:30:00,0.006246334111921794
2018-08-22 15:00:00,0.006125246966422025
2018-08-22 15:30:00,0.005972139177422366
2018-08-22 16:00:00,0.0058464219241654136
2018-08-22 16:30:00,0.005719227528321748
2018-08-22 17:00:00,0.004849380499667068
2018-08-22 17:30:00,0.004046060970996796
2018-08-22 18:00:00,0.0036746775292087006
2018-08-22 18:30:00,0.0033653666323216484
2018-08-22 19:00:00,0.0034750492768593874
2018-08-22 19:30:00,0.003324636798844308
2018-08-22 20:00:00,0.0025639043731190414
2018-08-22 20:30:00,0.0018989761191382632
2018-08-22 21:00:00,0.0016092021465049346
2018-08-22 21:30:00,0.0013768512943017482
2018-08-22 22:00:00,0.0013421651179422475
2018-08-22 22:30:00,0.0013255928534565101
2018-08-22 23:00:00,0.0013071288532768358
2018-08-22 23:30:00,0.0012911097413369414
2018-08-23 00:00:00,0.0012902965728019593
2018-08-23 00:30:00,0.0012982478964765091
2018-08-23 01:00:00,0.0012917511864573936
2018-08-23 01:30:00,0.001277407202567729
2018-08-23 02:00:00,0.0012745548401893766
2018-08-23 02:30:00,0.0012694654721375196
2018-08-23 03:00:00,0.001271132482827154
2018-08-23 03:30:00,0.0012757833397734545
2018-08-23 04:00:00,0.0012855565117057953
2018-08-23 04:30:00,0.0013067076621011068
2018-08-23 05:00:00,0.0015428794905026201
2018-08-23 05:30:00,0.001532620405551511
2018-08-23 06:00:00,0.0017048847314738687
2018-08-23 06:30:00,0.0017585946586273927
2018-08-23 07:00:00,0.0023311348474241607
2018-08-23 07:30:00,0.002978681184460199
2018-08-23 08:00:00,0.0034347703692743977
2018-08-23 08:30:00,0.003980192279471012
2018-08-23 09:00:00,0.004362124470099286
2018-08-23 09:30:00,0.004687223850386951
2018-08-23 10:00:00,0.005009167791228456
2018-08-23 10:30:00,0.005235566230655901
2018-08-23 11:00:00,0.005414181675006795
2018-08-23 11:30:00,0.0056520986925280665
2018-08-23 12:00:00,0.005773370583945994
2018-08-23 12:30:00,0.00591895366649001
2018-08-23 13:00:00,0.006063632162523563
2018-08-23 13:30:00,0.006098752031662278
2018-08-23 14:00:00,0.006118714618151309
2018-08-23 14:30:00,0.006025143805779308
2018-08-23 15:00:00,0.005947107711620523
2018-08-23 15:30:00,0.005851804645815702
2018-08-23 16:00:00,0.005761684840313909
2018-08-23 16:30:00,0.005641147244467312
2018-08-23 17:00:00,0.004776455824999619
2018-08-23 17:30:00,0.004003664343871549
2018-08-23 18:00:00,0.003642231397106885
2018-08-23 18:30:00,0.003345080827292529
2018-08-23 19:00:00,0.0034259539606837286
2018-08-23 19:30:00,0.0032821150254591803
2018-08-23 20:00:00,0.0025289906936211298
2018-08-23 20:30:00,0.0018754180193970799
2018-08-23 21:00:00,0.0015949466722316066
2018-08-23 21:30:00,0.0013637115013227195
2018-08-23 22:00:00,0.0013386004680236976
2018-08-23 22:30:00,0.0013085794299561447
2018-08-23 23:00:00,0.0013025756651077578
2018-08-23 23:30:00,0.0012933717502174153
2018-08-24 00:00:00,0.001292791988355822
2018-08-24 00:30:00,0.0012955256723177627
2018-08-24 01:00:00,0.0012886755315501376
2018-08-24 01:30:00,0.0012833354803034095
2018-08-24 02:00:00,0.0012777109741690638
2018-08-24 02:30:00,0.0012769762445142777
2018-08-24 03:00:00,0.0012784283838940223
2018-08-24 03:30:00,0.0012783116154448096
2018-08-24 04:00:00,0.001293064245498373
2018-08-24 04:30:00,0.0013062006092181126
2018-08-24 05:00:00,0.0015497475589169086
2018-08-24 05:30:00,0.0015438253583495887
2018-08-24 06:00:00,0.0017401329156816804
2018-08-24 06:30:00,0.0018016358996823083
2018-08-24 07:00:00,0.0024152913880638553
2018-08-24 07:30:00,0.003092069599447488
2018-08-24 08:00:00,0.003555270156452123
2018-08-24 08:30:00,0.004068541024479171
2018-08-24 09:00:00,0.004406974580316709
2018-08-24 09:30:00,0.004759292295440748
2018-08-24 10:00:00,0.00509616540807669
2018-08-24 10:30:00,0.005343082494898154
2018-08-24 11:00:00,0.0055757664193358415
2018-08-24 11:30:00,0.00582005717103362
2018-08-24 12:00:00,0.005954424882776653
2018-08-24 12:30:00,0.0061206605274603445
2018-08-24 13:00:00,0.006281813445569032
2018-08-24 13:30:00,0.006299989778643527
2018-08-24 14:00:00,0.006279350195599135
2018-08-24 14:30:00,0.006156727045796245
2018-08-24 15:00:00,0.0060628959569850325
2018-08-24 15:30:00,0.005967642289877314
2018-08-24 16:00:00,0.005868826403718391
2018-08-24 16:30:00,0.005722075636682248
2018-08-24 17:00:00,0.004845266039645273
2018-08-24 17:30:00,0.004075114610678046
2018-08-24 18:00:00,0.003705287271257005
2018-08-24 18:30:00,0.003404768778145598
2018-08-24 19:00:00,0.003490669987004905
2018-08-24 19:30:00,0.0033381196913856333
2018-08-24 20:00:00,0.0025819573830841627
2018-08-24 20:30:00,0.0019083169005417538
2018-08-24 21:00:00,0.001611963742032988
2018-08-24 21:30:00,0.0013766218377877933
2018-08-24 22:00:00,0.001341150664909496
2018-08-24 22:30:00,0.0013122995685680328
2018-08-24 23:00:00,0.001305085796090722
2018-08-24 23:30:00,0.0012950366773064686
2018-08-25 00:00:00,0.0013175782838226653
2018-08-25 00:30:00,0.0013363378514263877
2018-08-25 01:00:00,0.0013506413787381093
2018-08-25 01:30:00,0.001330386350225901
2018-08-25 02:00:00,0.0013144967687887766
2018-08-25 02:30:00,0.0012884337904744258
2018-08-25 03:00:00,0.0012850092192865856
2018-08-25 03:30:00,0.0012705682611532257
2018-08-25 04:00:00,0.0012710467079365797
2018-08-25 04:30:00,0.001255210041272537
2018-08-25 05:00:00,0.00126205297625482
2018-08-25 05:30:00,0.0011007974842258772
2018-08-25 06:00:00,0.0012020474933549137
2018-08-25 06:30:00,0.0011858186322898907
2018-08-25 07:00:00,0.0012062943488302764
2018-08-25 07:30:00,0.001205803617485165
2018-08-25 08:00:00,0.0012440004871898435
2018-08-25 08:30:00,0.0013123375074619407
2018-08-25 09:00:00,0.001401956510882482
2018-08-25 09:30:00,0.00152781588306238
2018-08-25 10:00:00,0.0017318894104340265
2018-08-25 10:30:00,0.0018539242035229262
2018-08-25 11:00:00,0.0020189570029546917
2018-08-25 11:30:00,0.0021985595964890596
2018-08-25 12:00:00,0.002271324832303736
2018-08-25 12:30:00,0.002408692711841319
2018-08-25 13:00:00,0.0024932642362633455
2018-08-25 13:30:00,0.002506344255950714
2018-08-25 14:00:00,0.0025644666414174244
2018-08-25 14:30:00,0.0025602205672922793
2018-08-25 15:00:00,0.0025378348835528755
2018-08-25 15:30:00,0.0025085980172455556
2018-08-25 16:00:00,0.0024660190316611475
2018-08-25 16:30:00,0.0023856069817151295
2018-08-25 17:00:00,0.00191795099213533
2018-08-25 17:30:00,0.0014671095290171247
2018-08-25 18:00:00,0.0012383098701454045
2018-08-25 18:30:00,0.001139608234751658
2018-08-25 19:00:00,0.00133763359053754
2018-08-25 19:30:00,0.0014220978095296581
2018-08-25 20:00:00,0.001479779860740304
2018-08-25 20:30:00,0.0014810723008172031
2018-08-25 21:00:00,0.001472816641232828
2018-08-25 21:30:00,0.0014658498188326813
2018-08-25 22:00:00,0.0014601789091770684
2018-08-25 22:30:00,0.00145141628352639
2018-08-25 23:00:00,0.00140852827393085
2018-08-25 23:30:00,0.001382486652522452
2018-08-26 00:00:00,0.0013274745618226521
2018-08-26 00:30:00,0.001276984926183364
2018-08-26 01:00:00,0.0012982611360218659
2018-08-26 01:30:00,0.001266070462032919
2018-08-26 02:00:00,0.0012443010899819617
2018-08-26 02:30:00,0.0012320716134149921
2018-08-26 03:00:00,0.0012183292257846733
2018-08-26 03:30:00,0.0012232882819835427
2018-08-26 04:00:00,0.0012393577041957932
2018-08-26 04:30:00,0.0012508262758756808
2018-08-26 05:00:00,0.0012354177457226361
2018-08-26 05:30:00,0.0010689328937278173
2018-08-26 06:00:00,0.0010916908474376485
2018-08-26 06:30:00,0.0010561915025431657
2018-08-26 07:00:00,0.0010835607681966084
2018-08-26 07:30:00,0.0011535750435278619
2018-08-26 08:00:00,0.0011214502634072812
2018-08-26 08:30:00,0.0012101177124876025
2018-08-26 09:00:00,0.0012978786650902625
2018-08-26 09:30:00,0.001374280348226833
2018-08-26 10:00:00,0.001578556201896539
2018-08-26 10:30:00,0.001713913710732119
2018-08-26 11:00:00,0.0018875156648189713
2018-08-26 11:30:00,0.002065750070713661
2018-08-26 12:00:00,0.0021642233348020882
2018-08-26 12:30:00,0.002278495673927414
2018-08-26 13:00:00,0.0023610491443702957
2018-08-26 13:30:00,0.0024409588295346276
2018-08-26 14:00:00,0.002492184800937482
2018-08-26 14:30:00,0.0025023626254659422
2018-08-26 15:00:00,0.0024978205932416403
2018-08-26 15:30:00,0.0024227869241113665
2018-08-26 16:00:00,0.0023736706851132093
2018-08-26 16:30:00,0.0022695593714866613
2018-08-26 17:00:00,0.0017670578969196248
2018-08-26 17:30:00,0.0013749516148805973
2018-08-26 18:00:00,0.0011010127462108754
2018-08-26 18:30:00,0.000981288405715952
2018-08-26 19:00:00,0.0011678368120112777
2018-08-26 19:30:00,0.0012372098158554606
2018-08-26 20:00:00,0.0012915014148377761
2018-08-26 20:30:00,0.0012924716781748777
2018-08-26 21:00:00,0.0013004666706449325
2018-08-26 21:30:00,0.0012939833303962098
2018-08-26 22:00:00,0.001296655808591091
2018-08-26 22:30:00,0.0013047466032795147
2018-08-26 23:00:00,0.0012871825883256868
2018-08-26 23:30:00,0.001281796176966037
2018-08-27 00:00:00,0.0013880016394012722
2018-08-27 00:30:00,0.001481587861735902
2018-08-27 01:00:00,0.0015152125304162029
2018-08-27 01:30:00,0.0015494768210664478
2018-08-27 02:00:00,0.001531846608385836
2018-08-27 02:30:00,0.001527066394570147
2018-08-27 03:00:00,0.0015267068432449319
2018-08-27 03:30:00,0.0015184785743265245
2018-08-27 04:00:00,0.0015305400605966708
2018-08-27 04:30:00,0.0015606373237188028
2018-08-27 05:00:00,0.001832211001870958
2018-08-27 05:30:00,0.001870076014774807
2018-08-27 06:00:00,0.002142405345404247
2018-08-27 06:30:00,0.0022929131915542405
2018-08-27 07:00:00,0.0030503115090835487
2018-08-27 07:30:00,0.0039014506694739163
2018-08-27 08:00:00,0.004463047744612255
2018-08-27 08:30:00,0.005089356244787154
2018-08-27 09:00:00,0.005521159198273888
2018-08-27 09:30:00,0.005909337980034898
2018-08-27 10:00:00,0.006250087588142973
2018-08-27 10:30:00,0.0064914115530638385
2018-08-27 11:00:00,0.006708818387818451
2018-08-27 11:30:00,0.0069682225797370245
2018-08-27 12:00:00,0.007099686142945605
2018-08-27 12:30:00,0.007227173805571013
2018-08-27 13:00:00,0.007338357814552216
2018-08-27 13:30:00,0.007354838747879164
2018-08-27 14:00:00,0.007330728624209118
2018-08-27 14:30:00,0.00715383301850425
2018-08-27 15:00:00,0.0070202494351131045
2018-08-27 15:30:00,0.0068831475619163295
2018-08-27 16:00:00,0.006743926015803753
2018-08-27 16:30:00,0.006540678983329136
2018-08-27 17:00:00,0.005540376854146956
2018-08-27 17:30:00,0.004681448934335683
2018-08-27 18:00:00,0.0042113046481706716
2018-08-27 18:30:00,0.003849674584109399
2018-08-27 19:00:00,0.0039014683366705074
2018-08-27 19:30:00,0.0037078406803603657
2018-08-27 20:00:00,0.0029118493485659645
2018-08-27 20:30:00,0.0021929390405141485
2018-08-27 21:00:00,0.0018730606423816912
2018-08-27 21:30:00,0.0016250053887429945
2018-08-27 22:00:00,0.001600155500050093
2018-08-27 22:30:00,0.0015636413548560952
2018-08-27 23:00:00,0.001556980604699591
2018-08-27 23:30:00,0.0015416716966993138
2018-08-28 00:00:00,0.0015421731933140921
2018-08-28 00:30:00,0.0015495039512823426
2018-08-28 01:00:00,0.0015452477196043666
2018-08-28 01:30:00,0.0015396460896680638
2018-08-28 02:00:00,0.0015309307791139064
2018-08-28 02:30:00,0.0015210368885729187
2018-08-28 03:00:00,0.0015229458139716465
2018-08-28 03:30:00,0.001516512870811971
2018-08-28 04:00:00,0.0015299533099914632
2018-08-28 04:30:00,0.0015525687975115857
2018-08-28 05:00:00,0.0018218501677581557
2018-08-28 05:30:00,0.0022742602782552454
2018-08-28 06:00:00,0.0030845146807834253
2018-08-28 06:30:00,0.003460352122671286
2018-08-28 07:00:00,0.004083740847307376
2018-08-28 07:30:00,0.004497737480456081
2018-08-28 08:00:00,0.004896293200826048
2018-08-28 08:30:00,0.005299314598140702
2018-08-28 09:00:00,0.005751631988411949
2018-08-28 09:30:00,0.006220610413235341
2018-08-28 10:00:00,0.006561918599932439
2018-08-28 10:30:00,0.006849464422194732
2018-08-28 11:00:00,0.007084334087049968
2018-08-28 11:30:00,0.007302235820350854
2018-08-28 12:00:00,0.007472825669348163
2018-08-28 12:30:00,0.00756858842953111
2018-08-28 13:00:00,0.0075694758697451275
2018-08-28 13:30:00,0.007509411785578887
2018-08-28 14:00:00,0.00743108233782167
2018-08-28 14:30:00,0.007308296146273339
2018-08-28 15:00:00,0.007179304254253669
2018-08-28 15:30:00,0.007001518820875785
2018-08-28 16:00:00,0.00682068286602265
2018-08-28 16:30:00,0.006619754446910951
2018-08-28 17:00:00,0.005598675564312813
2018-08-28 17:30:00,0.004699970190122983
2018-08-28 18:00:00,0.004222543459478186
2018-08-28 18:30:00,0.0034040767623027177
2018-08-28 19:00:00,0.0029056246786476727
2018-08-28 19:30:00,0.002511466527528409
2018-08-28 20:00:00,0.0020960424543485104
2018-08-28 20:30:00,0.0019004195768489215
2018-08-28 21:00:00,0.0017490735155486312
2018-08-28 21:30:00,0.0016406703319925076
2018-08-28 22:00:00,0.0016047437621622804
2018-08-28 22:30:00,0.001569913600320981
2018-08-28 23:00:00,0.001552957128569823
2018-08-28 23:30:00,0.0015433283762027348
2018-08-29 00:00:00,0.0015517023669367586
2018-08-29 00:30:00,0.0015577055240683097
2018-08-29 01:00:00,0.001550931434721882
2018-08-29 01:30:00,0.0015463290648974292
2018-08-29 02:00:00,0.0015368252851568408
2018-08-29 02:30:00,0.0015269895183903865
2018-08-29 03:00:00,0.001530745642520638
2018-08-29 03:30:00,0.0015212582277262774
2018-08-29 04:00:00,0.0015339898954415524
2018-08-29 04:30:00,0.0015567180276180716
2018-08-29 05:00:00,0.0018245403565579732
2018-08-29 05:30:00,0.0022753414933232713
2018-08-29 06:00:00,0.003120819250485676
2018-08-29 06:30:00,0.0035137321898078703
2018-08-29 07:00:00,0.004128034636169739
2018-08-29 07:30:00,0.0045099593605626
2018-08-29 08:00:00,0.004897090134639838
2018-08-29 08:30:00,0.005284768895669814
2018-08-29 09:00:00,0.005727899213488746
2018-08-29 09:30:00,0.006175366198649739
2018-08-29 10:00:00,0.006510726226588948
2018-08-29 10:30:00,0.006797891010395036
2018-08-29 11:00:00,0.007028400046501533
2018-08-29 11:30:00,0.0072216055566523465
2018-08-29 12:00:00,0.007375110879279473
2018-08-29 12:30:00,0.007488709434066999
2018-08-29 13:00:00,0.00749893049330751
2018-08-29 13:30:00,0.007455401733125045
2018-08-29 14:00:00,0.007385083295517347
2018-08-29 14:30:00,0.0072654622234762075
2018-08-29 15:00:00,0.007139949032851131
2018-08-29 15:30:00,0.006973760355997196
2018-08-29 16:00:00,0.006800432655836785
2018-08-29 16:30:00,0.006585475223789878
2018-08-29 17:00:00,0.005527058305601438
2018-08-29 17:30:00,0.0046011664583007796
2018-08-29 18:00:00,0.004162619584267693
2018-08-29 18:30:00,0.003365534362168399
2018-08-29 19:00:00,0.002857527884641991
2018-08-29 19:30:00,0.0024788632572161286
2018-08-29 20:00:00,0.002077110208346659
2018-08-29 20:30:00,0.0018873818802983494
2018-08-29 21:00:00,0.0017328716110661215
2018-08-29 21:30:00,0.0016228926177541164
2018-08-29 22:00:00,0.0015981341904450408
2018-08-29 22:30:00,0.0015570405950329786
2018-08-29 23:00:00,0.0015471107189736274
2018-08-29 23:30:00,0.0015375388749474012
2018-08-30 00:00:00,0.0015459355682460858
2018-08-30 00:30:00,0.0015472734134523076
2018-08-30 01:00:00,0.0015505526969079857
2018-08-30 01:30:00,0.0015448211023854587
2018-08-30 02:00:00,0.001534863575210067
2018-08-30 02:30:00,0.0015268105023738242
2018-08-30 03:00:00,0.00152889649041357
2018-08-30 03:30:00,0.001523577144947613
2018-08-30 04:00:00,0.0015370974554827009
2018-08-30 04:30:00,0.001557039813682761
2018-08-30 05:00:00,0.0018275127430114457
2018-08-30 05:30:00,0.0022909161472142855
2018-08-30 06:00:00,0.003114839012960513
2018-08-30 06:30:00,0.003488326804518473
2018-08-30 07:00:00,0.004026004318623213
2018-08-30 07:30:00,0.004354483646319613
2018-08-30 08:00:00,0.0047114821267399565
2018-08-30 08:30:00,0.005088546548919806
2018-08-30 09:00:00,0.005515615475070392
2018-08-30 09:30:00,0.005930602903703587
2018-08-30 10:00:00,0.006244195773417456
2018-08-30 10:30:00,0.006521857732466555
2018-08-30 11:00:00,0.0067364991083503694
2018-08-30 11:30:00,0.00691739535739531
2018-08-30 12:00:00,0.007067436997915361
2018-08-30 12:30:00,0.007169708622454146
2018-08-30 13:00:00,0.007170442180083605
2018-08-30 13:30:00,0.007100621158706216
2018-08-30 14:00:00,0.007013942766830291
2018-08-30 14:30:00,0.006899551749288553
2018-08-30 15:00:00,0.006776117427734573
2018-08-30 15:30:00,0.006591111233135763
2018-08-30 16:00:00,0.006396751278038179
2018-08-30 16:30:00,0.00619052521763324
2018-08-30 17:00:00,0.005262393326074895
2018-08-30 17:30:00,0.004456066423824734
2018-08-30 18:00:00,0.004038699176061562
2018-08-30 18:30:00,0.003326262180930673
2018-08-30 19:00:00,0.002816404163838199
2018-08-30 19:30:00,0.002442083583173122
2018-08-30 20:00:00,0.002059455904034332
2018-08-30 20:30:00,0.0018703425854241064
2018-08-30 21:00:00,0.0017236027572910125
2018-08-30 21:30:00,0.0016170103962729397
2018-08-30 22:00:00,0.0015932758850159196
2018-08-30 22:30:00,0.0015586131925712978
2018-08-30 23:00:00,0.0015476696014210675
2018-08-30 23:30:00,0.0015468855598858703
2018-08-31 00:00:00,0.001557438345702174
2018-08-31 00:30:00,0.0015610142383821908
2018-08-31 01:00:00,0.0015467842013992862
2018-08-31 01:30:00,0.00154125054893193
2018-08-31 02:00:00,0.0015370536998705053
2018-08-31 02:30:00,0.001524206696181417
2018-08-31 03:00:00,0.001523646728525341
2018-08-31 03:30:00,0.0015226865359243798
2018-08-31 04:00:00,0.0015299665929451658
2018-08-31 04:30:00,0.0015563035647358846
2018-08-31 05:00:00,0.0018303436182588088
2018-08-31 05:30:00,0.0022938051462361823
2018-08-31 06:00:00,0.003092958732586977
2018-08-31 06:30:00,0.0034540304785092993
2018-08-31 07:00:00,0.003973861042064684
2018-08-31 07:30:00,0.004294093435254141
2018-08-31 08:00:00,0.004635221998217841
2018-08-31 08:30:00,0.00498231343536853
2018-08-31 09:00:00,0.005383122222499813
2018-08-31 09:30:00,0.0057863560602570115
2018-08-31 10:00:00,0.006096580312140302
2018-08-31 10:30:00,0.006371021111508257
2018-08-31 11:00:00,0.006591968851816467
2018-08-31 11:30:00,0.006789806206058282
2018-08-31 12:00:00,0.006954505716213819
2018-08-31 12:30:00,0.007066428014334134
2018-08-31 13:00:00,0.007084823212286299
2018-08-31 13:30:00,0.007054533910643975
2018-08-31 14:00:00,0.006990888334121158
2018-08-31 14:30:00,0.006880974713777374
2018-08-31 15:00:00,0.006763119797086835
2018-08-31 15:30:00,0.006606432642739525
2018-08-31 16:00:00,0.006447681421566914
2018-08-31 16:30:00,0.006252048169472766
2018-08-31 17:00:00,0.005305378570364203
2018-08-31 17:30:00,0.004473053585276112
2018-08-31 18:00:00,0.004045670729971361
2018-08-31 18:30:00,0.0033291769645097564
2018-08-31 19:00:00,0.002808908671199033
2018-08-31 19:30:00,0.002440702720296577
2018-08-31 20:00:00,0.0020444727756665235
2018-08-31 20:30:00,0.0018603785035885545
2018-08-31 21:00:00,0.0017179238170914946
2018-08-31 21:30:00,0.0016121798287765496
2018-08-31 22:00:00,0.0015781818483255312
2018-08-31 22:30:00,0.0015564143428334278
2018-08-31 23:00:00,0.001540500626356243
2018-08-31 23:30:00,0.0015314150860238937
2018-09-01 00:00:00,0.0014582236236654186
2018-09-01 00:30:00,0.0013666427800730675
2018-09-01 01:00:00,0.001337224163023423
2018-09-01 01:30:00,0.001292604377486864
2018-09-01 02:00:00,0.0012795808754652483
2018-09-01 02:30:00,0.0012702083191529015
2018-09-01 03:00:00,0.0012664925213755566
2018-09-01 03:30:00,0.0012520351114792777
2018-09-01 04:00:00,0.0012388057670836223
2018-09-01 04:30:00,0.0012301732796525496
2018-09-01 05:00:00,0.0013817583038944446
2018-09-01 05:30:00,0.0013755757400712222
2018-09-01 06:00:00,0.0013021049450098903
2018-09-01 06:30:00,0.0012018031043701304
2018-09-01 07:00:00,0.0011622514167961666
2018-09-01 07:30:00,0.001128390085816569
2018-09-01 08:00:00,0.0011791753322882505
2018-09-01 08:30:00,0.001239122387555205
2018-09-01 09:00:00,0.0013259299192587915
2018-09-01 09:30:00,0.0014431356641433914
2018-09-01 10:00:00,0.001605405131713286
2018-09-01 10:30:00,0.001770016522927595
2018-09-01 11:00:00,0.0018836770214240533
2018-09-01 11:30:00,0.0020662188374359837
2018-09-01 12:00:00,0.0021891979356714166
2018-09-01 12:30:00,0.0022677124766135558
2018-09-01 13:00:00,0.0023983932571289574
2018-09-01 13:30:00,0.0024107311243344717
2018-09-01 14:00:00,0.0024389480247491695
2018-09-01 14:30:00,0.0024771624748337485
2018-09-01 15:00:00,0.002462213682467176
2018-09-01 15:30:00,0.0024506305995720384
2018-09-01 16:00:00,0.0024160423090314872
2018-09-01 16:30:00,0.002342150453019463
2018-09-01 17:00:00,0.0022047153773631506
2018-09-01 17:30:00,0.0020867024977035834
2018-09-01 18:00:00,0.0019364048781705182
2018-09-01 18:30:00,0.0019099563035236927
2018-09-01 19:00:00,0.00196138381987439
2018-09-01 19:30:00,0.0019321349728637308
2018-09-01 20:00:00,0.0017558248589220524
2018-09-01 20:30:00,0.0016369157705626914
2018-09-01 21:00:00,0.0015414899025486435
2018-09-01 21:30:00,0.0014884673465450392
2018-09-01 22:00:00,0.0014738012727322674
2018-09-01 22:30:00,0.0014348740142073463
2018-09-01 23:00:00,0.001394735272169757
2018-09-01 23:30:00,0.0013697833738650898
2018-09-02 00:00:00,0.0013048789553247375
2018-09-02 00:30:00,0.0012435204342977082
2018-09-02 01:00:00,0.0012453894240186387
2018-09-02 01:30:00,0.0012119093919453182
2018-09-02 02:00:00,0.0011989471390991074
2018-09-02 02:30:00,0.0012020959370684162
2018-09-02 03:00:00,0.0011884522166072645
2018-09-02 03:30:00,0.0011962634615511046
2018-09-02 04:00:00,0.0011979288227236123
2018-09-02 04:30:00,0.0012048359586487897
2018-09-02 05:00:00,0.0014523217816121065
2018-09-02 05:30:00,0.0013810011321250702
2018-09-02 06:00:00,0.0012960256930487969
2018-09-02 06:30:00,0.001139457173709554
2018-09-02 07:00:00,0.001046003216603456
2018-09-02 07:30:00,0.0011060175548058306
2018-09-02 08:00:00,0.0010853255778885016
2018-09-02 08:30:00,0.0010828964468781136
2018-09-02 09:00:00,0.0011748367115706438
2018-09-02 09:30:00,0.0012284713252448424
2018-09-02 10:00:00,0.0013656380071013477
2018-09-02 10:30:00,0.0015338176945352226
2018-09-02 11:00:00,0.001617201132542769
2018-09-02 11:30:00,0.0017644041711299705
2018-09-02 12:00:00,0.00191061632741599
2018-09-02 12:30:00,0.0019822817259824493
2018-09-02 13:00:00,0.0020942341929028403
2018-09-02 13:30:00,0.0021706727731330283
2018-09-02 14:00:00,0.0021759496652371526
2018-09-02 14:30:00,0.0022002265637703486
2018-09-02 15:00:00,0.002225192092295481
2018-09-02 15:30:00,0.00216527142930255
2018-09-02 16:00:00,0.002108858768337379
2018-09-02 16:30:00,0.0020675165299226805
2018-09-02 17:00:00,0.0019250802485640838
2018-09-02 17:30:00,0.0017984923541227967
2018-09-02 18:00:00,0.0016858066334313644
2018-09-02 18:30:00,0.0016811800417501606
2018-09-02 19:00:00,0.0016820513774680216
2018-09-02 19:30:00,0.001673336414180628
2018-09-02 20:00:00,0.0015278824280559279
2018-09-02 20:30:00,0.0014228246388655755
2018-09-02 21:00:00,0.001333251040574356
2018-09-02 21:30:00,0.0012725752025959398
2018-09-02 22:00:00,0.0012744844752614311
2018-09-02 22:30:00,0.0012712960020643971
2018-09-02 23:00:00,0.0012504949399749965
2018-09-02 23:30:00,0.001239864366403678
2018-09-03 00:00:00,0.0013555723497374844
2018-09-03 00:30:00,0.0014715459053286448
2018-09-03 01:00:00,0.0015065592069793228
2018-09-03 01:30:00,0.001544630713382393
2018-09-03 02:00:00,0.0015355085364064992
2018-09-03 02:30:00,0.0015376124086845635
2018-09-03 03:00:00,0.001533101760694009
2018-09-03 03:30:00,0.001534105361640402
2018-09-03 04:00:00,0.0015425810581277735
2018-09-03 04:30:00,0.0015708487897149728
2018-09-03 05:00:00,0.002006989625977442
2018-09-03 05:30:00,0.002638810855797198
2018-09-03 06:00:00,0.0032409924766807147
2018-09-03 06:30:00,0.0035555463203457626
2018-09-03 07:00:00,0.003971637406161572
2018-09-03 07:30:00,0.004272596928062571
2018-09-03 08:00:00,0.004667308405361059
2018-09-03 08:30:00,0.005075621279983902
2018-09-03 09:00:00,0.005559751821863872
2018-09-03 09:30:00,0.00600979070808338
2018-09-03 10:00:00,0.0063639641733829935
2018-09-03 10:30:00,0.006680437534083055
2018-09-03 11:00:00,0.006918148231738487
2018-09-03 11:30:00,0.007079888638394254
2018-09-03 12:00:00,0.007206125793404448
2018-09-03 12:30:00,0.007291910146997851
2018-09-03 13:00:00,0.007278214466747217
2018-09-03 13:30:00,0.007163106864239084
2018-09-03 14:00:00,0.007060552955229954
2018-09-03 14:30:00,0.006911828931627152
2018-09-03 15:00:00,0.006736406518349563
2018-09-03 15:30:00,0.00652071140488038
2018-09-03 16:00:00,0.0062771179648436265
2018-09-03 16:30:00,0.006002715842311452
2018-09-03 17:00:00,0.005735122231943633
2018-09-03 17:30:00,0.005465412985636138
2018-09-03 18:00:00,0.005169791908873086
2018-09-03 18:30:00,0.004475493090881058
2018-09-03 19:00:00,0.0036704460402876204
2018-09-03 19:30:00,0.0031396115045735093
2018-09-03 20:00:00,0.002475396449708183
2018-09-03 20:30:00,0.0020329190368128976
2018-09-03 21:00:00,0.001804462520911819
2018-09-03 21:30:00,0.001611739407703794
2018-09-03 22:00:00,0.0015782006875474492
2018-09-03 22:30:00,0.0015489108196503568
2018-09-03 23:00:00,0.0015371029683425709
2018-09-03 23:30:00,0.0015345347135850723
2018-09-04 00:00:00,0.0015324182094784875
2018-09-04 00:30:00,0.0015450450460395434
2018-09-04 01:00:00,0.0015433598038448277
2018-09-04 01:30:00,0.001536968011796622
2018-09-04 02:00:00,0.0015278789119799476
2018-09-04 02:30:00,0.001520753345260555
2018-09-04 03:00:00,0.0015238774004729678
2018-09-04 03:30:00,0.0015200617200927834
2018-09-04 04:00:00,0.0015285815194591137
2018-09-04 04:30:00,0.0015551811985563887
2018-09-04 05:00:00,0.0019531407053018446
2018-09-04 05:30:00,0.0026122047088564544
2018-09-04 06:00:00,0.003225238893589829
2018-09-04 06:30:00,0.0035769820558537273
2018-09-04 07:00:00,0.004026137929510454
2018-09-04 07:30:00,0.0043800623611323225
2018-09-04 08:00:00,0.004784257216249046
2018-09-04 08:30:00,0.00520538011065067
2018-09-04 09:00:00,0.005672627019983115
2018-09-04 09:30:00,0.006106588236404741
2018-09-04 10:00:00,0.006448838384197719
2018-09-04 10:30:00,0.006780641445495519
2018-09-04 11:00:00,0.00704441038995565
2018-09-04 11:30:00,0.007199452845502877
2018-09-04 12:00:00,0.007324526613447143
2018-09-04 12:30:00,0.00740897060415029
2018-09-04 13:00:00,0.007380649219848136
2018-09-04 13:30:00,0.0072480501811397376
2018-09-04 14:00:00,0.007137694663839454
2018-09-04 14:30:00,0.006979087341331949
2018-09-04 15:00:00,0.006789179085691823
2018-09-04 15:30:00,0.006587634702158441
2018-09-04 16:00:00,0.006374138308202092
2018-09-04 16:30:00,0.0061197512094402304
2018-09-04 17:00:00,0.005861485531605655
2018-09-04 17:30:00,0.005578992918243474
2018-09-04 18:00:00,0.005257914800259961
2018-09-04 18:30:00,0.004549503104409349
2018-09-04 19:00:00,0.0037211128253846174
2018-09-04 19:30:00,0.0031868807184735246
2018-09-04 20:00:00,0.0025167106029233867
2018-09-04 20:30:00,0.002074152841180706
2018-09-04 21:00:00,0.0018221049313374975
2018-09-04 21:30:00,0.0016113708708510744
2018-09-04 22:00:00,0.0015796948896139174
2018-09-04 22:30:00,0.0015487242939900346
2018-09-04 23:00:00,0.0015403753498713251
2018-09-04 23:30:00,0.00153021258803873
2018-09-05 00:00:00,0.0015339558632987338
2018-09-05 00:30:00,0.0015386327652522937
2018-09-05 01:00:00,0.0015367230585033478
2018-09-05 01:30:00,0.0015300123887495966
2018-09-05 02:00:00,0.0015226042337014405
2018-09-05 02:30:00,0.001513379135538527
2018-09-05 03:00:00,0.001513686640257569
2018-09-05 03:30:00,0.0015124383030596287
2018-09-05 04:00:00,0.0015267485586648922
2018-09-05 04:30:00,0.0015545746103373184
2018-09-05 05:00:00,0.001988396095294998
2018-09-05 05:30:00,0.0026411178791318855
2018-09-05 06:00:00,0.0032266098593636155
2018-09-05 06:30:00,0.0035505582239637986
2018-09-05 07:00:00,0.003942516396728211
2018-09-05 07:30:00,0.004213488608846058
2018-09-05 08:00:00,0.004563892015936537
2018-09-05 08:30:00,0.004949828713247624
2018-09-05 09:00:00,0.005403594683414291
2018-09-05 09:30:00,0.005844221641952144
2018-09-05 10:00:00,0.00619527851827476
2018-09-05 10:30:00,0.006503707487807665
2018-09-05 11:00:00,0.006745966685530868
2018-09-05 11:30:00,0.0069144183262488754
2018-09-05 12:00:00,0.007041433662667635
2018-09-05 12:30:00,0.0071067343125850915
2018-09-05 13:00:00,0.007089560408431665
2018-09-05 13:30:00,0.007000915358057586
2018-09-05 14:00:00,0.006909757528791472
2018-09-05 14:30:00,0.0067735519945195275
2018-09-05 15:00:00,0.006603262401047573
2018-09-05 15:30:00,0.006396071720390437
2018-09-05 16:00:00,0.006177343405375832
2018-09-05 16:30:00,0.005936421184691942
2018-09-05 17:00:00,0.005695621245317134
2018-09-05 17:30:00,0.005432707271628637
2018-09-05 18:00:00,0.0051305917854887785
2018-09-05 18:30:00,0.004479909065270225
2018-09-05 19:00:00,0.003697823119443241
2018-09-05 19:30:00,0.003165026179248829
2018-09-05 20:00:00,0.002507055718732348
2018-09-05 20:30:00,0.0020885256482117377
2018-09-05 21:00:00,0.0018315535390710414
2018-09-05 21:30:00,0.001613050252919157
2018-09-05 22:00:00,0.001587863819324119
2018-09-05 22:30:00,0.0015521836352625656
2018-09-05 23:00:00,0.0015410961454472277
2018-09-05 23:30:00,0.0015343000046613203
2018-09-06 00:00:00,0.0015390595995129286
2018-09-06 00:30:00,0.0015459792370415906
2018-09-06 01:00:00,0.0015470818958322604
2018-09-06 01:30:00,0.0015407245700103276
2018-09-06 02:00:00,0.0015321915745069858
2018-09-06 02:30:00,0.0015301090157265286
2018-09-06 03:00:00,0.0015260731248099668
2018-09-06 03:30:00,0.0015248835625117415
2018-09-06 04:00:00,0.0015418935133444723
2018-09-06 04:30:00,0.0015618230660826298
2018-09-06 05:00:00,0.002025434309443399
2018-09-06 05:30:00,0.0027369338145379874
2018-09-06 06:00:00,0.003328452783082911
2018-09-06 06:30:00,0.003630407484711289
2018-09-06 07:00:00,0.004015199720995058
2018-09-06 07:30:00,0.004261848370608367
2018-09-06 08:00:00,0.004599251542550382
2018-09-06 08:30:00,0.004989570095291128
2018-09-06 09:00:00,0.005455880469570873
2018-09-06 09:30:00,0.0059056943269276616
2018-09-06 10:00:00,0.006264654473886432
2018-09-06 10:30:00,0.0065898873782446465
2018-09-06 11:00:00,0.006842089648164212
2018-09-06 11:30:00,0.007009433334273408
2018-09-06 12:00:00,0.007149131851285594
2018-09-06 12:30:00,0.00723613268035139
2018-09-06 13:00:00,0.007226509440844172
2018-09-06 13:30:00,0.007159118331827389
2018-09-06 14:00:00,0.007095911309818473
2018-09-06 14:30:00,0.006976433224867186
2018-09-06 15:00:00,0.00682089526305685
2018-09-06 15:30:00,0.006627033201681374
2018-09-06 16:00:00,0.006402773100758266
2018-09-06 16:30:00,0.006128988331714829
2018-09-06 17:00:00,0.005851113888814839
2018-09-06 17:30:00,0.005555657156047594
2018-09-06 18:00:00,0.005225836032985538
2018-09-06 18:30:00,0.004550688282464686
2018-09-06 19:00:00,0.0037134914051353525
2018-09-06 19:30:00,0.00316580657448301
2018-09-06 20:00:00,0.002490445688986085
2018-09-06 20:30:00,0.0020523003421482463
2018-09-06 21:00:00,0.0018116456905056001
2018-09-06 21:30:00,0.0016007038776779383
2018-09-06 22:00:00,0.001572399813305612
2018-09-06 22:30:00,0.0015450641023031881
2018-09-06 23:00:00,0.001536259023290677
2018-09-06 23:30:00,0.0015269213238797124
2018-09-07 00:00:00,0.0015288357621383105
2018-09-07 00:30:00,0.0015367982417576365
2018-09-07 01:00:00,0.0015351256313914418
2018-09-07 01:30:00,0.001532344762558016
2018-09-07 02:00:00,0.0015320054395217726
2018-09-07 02:30:00,0.001517197897911237
2018-09-07 03:00:00,0.0015171637789517273
2018-09-07 03:30:00,0.001517410121312055
2018-09-07 04:00:00,0.0015309937212147832
2018-09-07 04:30:00,0.0015557885681256765
2018-09-07 05:00:00,0.0019734914058073855
2018-09-07 05:30:00,0.002649559673701474
2018-09-07 06:00:00,0.0032262894189576345
2018-09-07 06:30:00,0.0035371956159476665
2018-09-07 07:00:00,0.003955396130309756
2018-09-07 07:30:00,0.004269593157375351
2018-09-07 08:00:00,0.0046562074589586375
2018-09-07 08:30:00,0.005099223786462463
2018-09-07 09:00:00,0.005622002992106369
2018-09-07 09:30:00,0.006112346570468055
2018-09-07 10:00:00,0.006494023693658569
2018-09-07 10:30:00,0.006817962378197721
2018-09-07 11:00:00,0.007070728652749488
2018-09-07 11:30:00,0.007253878359230852
2018-09-07 12:00:00,0.007398598700909402
2018-09-07 12:30:00,0.007474399742770225
2018-09-07 13:00:00,0.00745276445909831
2018-09-07 13:30:00,0.007366853439952935
2018-09-07 14:00:00,0.0072862101971591445
2018-09-07 14:30:00,0.007155168823518236
2018-09-07 15:00:00,0.006979653299339694
2018-09-07 15:30:00,0.006778944092372429
2018-09-07 16:00:00,0.006552772982450012
2018-09-07 16:30:00,0.006273706937059561
2018-09-07 17:00:00,0.005985952884964231
2018-09-07 17:30:00,0.005664660894062774
2018-09-07 18:00:00,0.005320187370816756
2018-09-07 18:30:00,0.004605005448962461
2018-09-07 19:00:00,0.003723804186209762
2018-09-07 19:30:00,0.003168031035144685
2018-09-07 20:00:00,0.002475775968872297
2018-09-07 20:30:00,0.0020248298916416005
2018-09-07 21:00:00,0.0017996461045360402
2018-09-07 21:30:00,0.0015988003783223895
2018-09-07 22:00:00,0.0015711632831776296
2018-09-07 22:30:00,0.0015428961593072661
2018-09-07 23:00:00,0.0015304536345809154
2018-09-07 23:30:00,0.0015262178048252924
2018-09-08 00:00:00,0.001446208020016394
2018-09-08 00:30:00,0.0013579615450700748
2018-09-08 01:00:00,0.0013274568078093705
2018-09-08 01:30:00,0.001282593067371482
2018-09-08 02:00:00,0.0012739040622746565
2018-09-08 02:30:00,0.0012650995041622907
2018-09-08 03:00:00,0.0012612174524219404
2018-09-08 03:30:00,0.0012493686670444117
2018-09-08 04:00:00,0.0012362245766391854
2018-09-08 04:30:00,0.0012286005084808488
2018-09-08 05:00:00,0.001393820788556536
2018-09-08 05:30:00,0.0014989831050426891
2018-09-08 06:00:00,0.0013669783265832587
2018-09-08 06:30:00,0.0012504639898247034
2018-09-08 07:00:00,0.0011718530389473588
2018-09-08 07:30:00,0.0011179112244125364
2018-09-08 08:00:00,0.0011318849351156638
2018-09-08 08:30:00,0.0011554652165213632
2018-09-08 09:00:00,0.001214985480936028
2018-09-08 09:30:00,0.0012976998227070815
2018-09-08 10:00:00,0.001409713017902732
2018-09-08 10:30:00,0.0015373359409325054
2018-09-08 11:00:00,0.0016071043513952309
2018-09-08 11:30:00,0.001742898721819241
2018-09-08 12:00:00,0.0018352570956949746
2018-09-08 12:30:00,0.001881940991465182
2018-09-08 13:00:00,0.0019950822827419254
2018-09-08 13:30:00,0.0020017382579804316
2018-09-08 14:00:00,0.002041614987244992
2018-09-08 14:30:00,0.0020894982555994925
2018-09-08 15:00:00,0.0020428011636922736
2018-09-08 15:30:00,0.0020246988852550864
2018-09-08 16:00:00,0.001969447267305191
2018-09-08 16:30:00,0.0019031133685414097
2018-09-08 17:00:00,0.0018034502382963393
2018-09-08 17:30:00,0.0017017434865566649
2018-09-08 18:00:00,0.0016575296124582426
2018-09-08 18:30:00,0.0017377508393177413
2018-09-08 19:00:00,0.0018038654391203989
2018-09-08 19:30:00,0.0018123188237182178
2018-09-08 20:00:00,0.0016682048966253564
2018-09-08 20:30:00,0.0015915409402656837
2018-09-08 21:00:00,0.0015242930353804814
2018-09-08 21:30:00,0.001468783875717137
2018-09-08 22:00:00,0.001454742708445208
2018-09-08 22:30:00,0.0014249950995455325
2018-09-08 23:00:00,0.0013829448710168347
2018-09-08 23:30:00,0.0013615787624949428
2018-09-09 00:00:00,0.0012948775423121139
2018-09-09 00:30:00,0.0012303926220220188
2018-09-09 01:00:00,0.0012372755794987905
2018-09-09 01:30:00,0.0012031149045690925
2018-09-09 02:00:00,0.0011880750414938039
2018-09-09 02:30:00,0.0011815627912870235
2018-09-09 03:00:00,0.0011793627695238268
2018-09-09 03:30:00,0.0011774781527985408
2018-09-09 04:00:00,0.0011810449731343622
2018-09-09 04:30:00,0.0011890584141512257
2018-09-09 05:00:00,0.001458337831022251
2018-09-09 05:30:00,0.0014995279231862092
2018-09-09 06:00:00,0.00137039148137625
2018-09-09 06:30:00,0.001195032574508028
2018-09-09 07:00:00,0.0011176001602091691
2018-09-09 07:30:00,0.0011567403366684352
2018-09-09 08:00:00,0.0011055683218389525
2018-09-09 08:30:00,0.0011205839196491447
2018-09-09 09:00:00,0.0011778961317567079
2018-09-09 09:30:00,0.0011807751468591555
2018-09-09 10:00:00,0.0012836547052757182
2018-09-09 10:30:00,0.0013769161897781695
2018-09-09 11:00:00,0.0014117704866595292
2018-09-09 11:30:00,0.001544442842063362
2018-09-09 12:00:00,0.0016230402495369318
2018-09-09 12:30:00,0.0016692994814637755
2018-09-09 13:00:00,0.0017500323624908836
2018-09-09 13:30:00,0.0018086355821999472
2018-09-09 14:00:00,0.0018434242456630136
2018-09-09 14:30:00,0.0018740481822402746
2018-09-09 15:00:00,0.0019026400439428165
2018-09-09 15:30:00,0.0018446282629402673
2018-09-09 16:00:00,0.0018122773687483302
2018-09-09 16:30:00,0.0017746487142853598
2018-09-09 17:00:00,0.0016246142361423046
2018-09-09 17:30:00,0.0015385520257297895
2018-09-09 18:00:00,0.0014655381035041323
2018-09-09 18:30:00,0.0015079533094012245
2018-09-09 19:00:00,0.0015571081818268164
2018-09-09 19:30:00,0.0015613048572548599
2018-09-09 20:00:00,0.0014365356856704925
2018-09-09 20:30:00,0.0013620550822693706
2018-09-09 21:00:00,0.001300965475942294
2018-09-09 21:30:00,0.0012624810259491276
2018-09-09 22:00:00,0.0012632561253651657
2018-09-09 22:30:00,0.0012577840693399778
2018-09-09 23:00:00,0.0012425541211200414
2018-09-09 23:30:00,0.0012278073946014566
2018-09-10 00:00:00,0.0013467435263600216
2018-09-10 00:30:00,0.0014574669727961897
2018-09-10 01:00:00,0.0014997575533335459
2018-09-10 01:30:00,0.001528911943784544
2018-09-10 02:00:00,0.001521420965613303
2018-09-10 02:30:00,0.001518511477852362
2018-09-10 03:00:00,0.0015164752357764812
2018-09-10 03:30:00,0.0015220795136218555
2018-09-10 04:00:00,0.0015302563002425806
2018-09-10 04:30:00,0.0015562812528463325
2018-09-10 05:00:00,0.0020092594483600936
2018-09-10 05:30:00,0.0027169371090894462
2018-09-10 06:00:00,0.0032487768084503866
2018-09-10 06:30:00,0.003537107844273203
2018-09-10 07:00:00,0.0038937568006961252
2018-09-10 07:30:00,0.004107886218553913
2018-09-10 08:00:00,0.004400080857570271
2018-09-10 08:30:00,0.004712590775882297
2018-09-10 09:00:00,0.005133762157405767
2018-09-10 09:30:00,0.005557691227706203
2018-09-10 10:00:00,0.005914071399654211
2018-09-10 10:30:00,0.006241973830439817
2018-09-10 11:00:00,0.006502463491444268
2018-09-10 11:30:00,0.006678283221307599
2018-09-10 12:00:00,0.006819699666998611
2018-09-10 12:30:00,0.0068904899099128105
2018-09-10 13:00:00,0.006868453793579171
2018-09-10 13:30:00,0.006783103393215055
2018-09-10 14:00:00,0.006684577648437001
2018-09-10 14:30:00,0.0064971769192791115
2018-09-10 15:00:00,0.006300213375030849
2018-09-10 15:30:00,0.0060882025014718805
2018-09-10 16:00:00,0.005861970446232478
2018-09-10 16:30:00,0.0056133250127292835
2018-09-10 17:00:00,0.00535514645544399
2018-09-10 17:30:00,0.0050681378114564215
2018-09-10 18:00:00,0.004798561438094294
2018-09-10 18:30:00,0.00412274163956946
2018-09-10 19:00:00,0.003330595592646828
2018-09-10 19:30:00,0.0028431605904708297
2018-09-10 20:00:00,0.0022630615762589098
2018-09-10 20:30:00,0.0018940837381579778
2018-09-10 21:00:00,0.0017216729958864768
2018-09-10 21:30:00,0.001573839624715254
2018-09-10 22:00:00,0.0015512053847899047
2018-09-10 22:30:00,0.0015243455160701093
2018-09-10 23:00:00,0.0015116311682846616
2018-09-10 23:30:00,0.0015071818996945483
2018-09-11 00:00:00,0.001513893741473626
2018-09-11 00:30:00,0.0015254697488084586
2018-09-11 01:00:00,0.0015254947520154274
2018-09-11 01:30:00,0.0015197092877362191
2018-09-11 02:00:00,0.0015196031977399828
2018-09-11 02:30:00,0.0015079978897719836
2018-09-11 03:00:00,0.0015173187033365749
2018-09-11 03:30:00,0.0015133905519333756
2018-09-11 04:00:00,0.001523784115938634
2018-09-11 04:30:00,0.0015484057635512527
2018-09-11 05:00:00,0.001968268296643251
2018-09-11 05:30:00,0.0026325349640312964
2018-09-11 06:00:00,0.0031096701642281694
2018-09-11 06:30:00,0.003349250589546404
2018-09-11 07:00:00,0.003681467679642938
2018-09-11 07:30:00,0.0038930194665406136
2018-09-11 08:00:00,0.004182426899105113
2018-09-11 08:30:00,0.0045343258973291126
2018-09-11 09:00:00,0.004975549937658388
2018-09-11 09:30:00,0.005425822447593013
2018-09-11 10:00:00,0.005794925648995553
2018-09-11 10:30:00,0.006113317571747028
2018-09-11 11:00:00,0.0063761411258519895
2018-09-11 11:30:00,0.006550739778958313
2018-09-11 12:00:00,0.00669771752823272
2018-09-11 12:30:00,0.006798217093885924
2018-09-11 13:00:00,0.0067983260922413035
2018-09-11 13:30:00,0.0067207069352403954
2018-09-11 14:00:00,0.006630018871088548
2018-09-11 14:30:00,0.006463177506352695
2018-09-11 15:00:00,0.006272809643151132
2018-09-11 15:30:00,0.006065430136191366
2018-09-11 16:00:00,0.005848545634057341
2018-09-11 16:30:00,0.005602612701243516
2018-09-11 17:00:00,0.005362825652201025
2018-09-11 17:30:00,0.005092600410891377
2018-09-11 18:00:00,0.00484070985630036
2018-09-11 18:30:00,0.004171965227405872
2018-09-11 19:00:00,0.0033895611852235597
2018-09-11 19:30:00,0.002881636271978219
2018-09-11 20:00:00,0.0022875110663735446
2018-09-11 20:30:00,0.0019362270341792822
2018-09-11 21:00:00,0.0017424224454531583
2018-09-11 21:30:00,0.0015682302680934642
2018-09-11 22:00:00,0.001548717131613038
2018-09-11 22:30:00,0.001524667779626598
2018-09-11 23:00:00,0.0015158755928926801
2018-09-11 23:30:00,0.0015059976332144661
2018-09-12 00:00:00,0.0015152606268629418
2018-09-12 00:30:00,0.001522283836703805
2018-09-12 01:00:00,0.0015214122839442166
2018-09-12 01:30:00,0.0015210784737678428
2018-09-12 02:00:00,0.0015145665274194804
2018-09-12 02:30:00,0.0015085530391017164
2018-09-12 03:00:00,0.0015112493484782394
2018-09-12 03:30:00,0.0015097229374194604
2018-09-12 04:00:00,0.0015223496437554802
2018-09-12 04:30:00,0.0015470788138397347
2018-09-12 05:00:00,0.0019748573362131016
2018-09-12 05:30:00,0.002664208427584418
2018-09-12 06:00:00,0.0031293699131856086
2018-09-12 06:30:00,0.003363220263273406
2018-09-12 07:00:00,0.0036902834805167704
2018-09-12 07:30:00,0.00391022076136001
2018-09-12 08:00:00,0.004225728156149168
2018-09-12 08:30:00,0.0045723947992314575
2018-09-12 09:00:00,0.005003361143676676
2018-09-12 09:30:00,0.005452357752114011
2018-09-12 10:00:00,0.005827696692562929
2018-09-12 10:30:00,0.006160935181027483
2018-09-12 11:00:00,0.006418341764297611
2018-09-12 11:30:00,0.006598884929860804
2018-09-12 12:00:00,0.006747157202812692
2018-09-12 12:30:00,0.006828190295956811
2018-09-12 13:00:00,0.006809622028931408
2018-09-12 13:30:00,0.006721850528100808
2018-09-12 14:00:00,0.0066368360649219915
2018-09-12 14:30:00,0.006498224883554537
2018-09-12 15:00:00,0.006324908816830702
2018-09-12 15:30:00,0.006123792873666736
2018-09-12 16:00:00,0.0059014594955639835
2018-09-12 16:30:00,0.005643004557343321
2018-09-12 17:00:00,0.005380834385653805
2018-09-12 17:30:00,0.00510200626140467
2018-09-12 18:00:00,0.004857770247630483
2018-09-12 18:30:00,0.0041871988653351695
2018-09-12 19:00:00,0.0034103477489255854
2018-09-12 19:30:00,0.0029139168012422114
2018-09-12 20:00:00,0.0023111341049994946
2018-09-12 20:30:00,0.001943415195732788
2018-09-12 21:00:00,0.0017499933383883404
2018-09-12 21:30:00,0.0015764851029192763
2018-09-12 22:00:00,0.001551264854223147
2018-09-12 22:30:00,0.0015278073750266755
2018-09-12 23:00:00,0.0015167126794259954
2018-09-12 23:30:00,0.0015156017296413483
2018-09-13 00:00:00,0.0015252072585436299
2018-09-13 00:30:00,0.001532313117874196
2018-09-13 01:00:00,0.0015294555899027372
2018-09-13 01:30:00,0.0015250926605116888
2018-09-13 02:00:00,0.0015191737155702762
2018-09-13 02:30:00,0.0015105825094757098
2018-09-13 03:00:00,0.0015148958231279291
2018-09-13 03:30:00,0.0015117576602032513
2018-09-13 04:00:00,0.0015256053998879342
2018-09-13 04:30:00,0.001549058364616481
2018-09-13 05:00:00,0.0019636010747507227
2018-09-13 05:30:00,0.002658063411979994
2018-09-13 06:00:00,0.003159542620012102
2018-09-13 06:30:00,0.0034361880858362146
2018-09-13 07:00:00,0.0038048027697192605
2018-09-13 07:30:00,0.004067539116458249
2018-09-13 08:00:00,0.004416602985417033
2018-09-13 08:30:00,0.00481364514359847
2018-09-13 09:00:00,0.005280940843911182
2018-09-13 09:30:00,0.00574111136817961
2018-09-13 10:00:00,0.0061035700107384926
2018-09-13 10:30:00,0.006429681369783219
2018-09-13 11:00:00,0.006695838424367303
2018-09-13 11:30:00,0.006872879144170952
2018-09-13 12:00:00,0.007014112884136039
2018-09-13 12:30:00,0.007087811746644272
2018-09-13 13:00:00,0.007060178601658947
2018-09-13 13:30:00,0.006967467621793267
2018-09-13 14:00:00,0.006874627675733307
2018-09-13 14:30:00,0.00671066619426681
2018-09-13 15:00:00,0.0065087048301672055
2018-09-13 15:30:00,0.006288491385430327
2018-09-13 16:00:00,0.006052129254842439
2018-09-13 16:30:00,0.005775893216532444
2018-09-13 17:00:00,0.005498008789713004
2018-09-13 17:30:00,0.005220847459111775
2018-09-13 18:00:00,0.004983876656704236
2018-09-13 18:30:00,0.004296849517922325
2018-09-13 19:00:00,0.003479621477883765
2018-09-13 19:30:00,0.002979847349660236
2018-09-13 20:00:00,0.002338880632583089
2018-09-13 20:30:00,0.0019341233355346
2018-09-13 21:00:00,0.0017516492799498893
2018-09-13 21:30:00,0.0015765330257326334
2018-09-13 22:00:00,0.0015544650042651025
2018-09-13 22:30:00,0.0015342013809004984
2018-09-13 23:00:00,0.001522014401103707
2018-09-13 23:30:00,0.0015170640699822694
2018-09-14 00:00:00,0.0015220759975458757
2018-09-14 00:30:00,0.001533221263868984
2018-09-14 01:00:00,0.0015374615646841865
2018-09-14 01:30:00,0.001527678408832396
2018-09-14 02:00:00,0.001522652720823288
2018-09-14 02:30:00,0.001519899980597703
2018-09-14 03:00:00,0.001522388277182915
2018-09-14 03:30:00,0.0015296899949680713
2018-09-14 04:00:00,0.0015360479719151857
2018-09-14 04:30:00,0.0015639716489564892
2018-09-14 05:00:00,0.0019825908368102723
2018-09-14 05:30:00,0.0027165067153444855
2018-09-14 06:00:00,0.003275019236864754
2018-09-14 06:30:00,0.0035945399502308496
2018-09-14 07:00:00,0.003992088987661898
2018-09-14 07:30:00,0.004218871287088
2018-09-14 08:00:00,0.004516534683095293
2018-09-14 08:30:00,0.004845162337108035
2018-09-14 09:00:00,0.00523817763330876
2018-09-14 09:30:00,0.005637673100948988
2018-09-14 10:00:00,0.0059511080511021755
2018-09-14 10:30:00,0.006248200366916962
2018-09-14 11:00:00,0.006485035605061716
2018-09-14 11:30:00,0.0066390103889446914
2018-09-14 12:00:00,0.006768912727601457
2018-09-14 12:30:00,0.006848878669981469
2018-09-14 13:00:00,0.0068339906927068475
2018-09-14 13:30:00,0.0067562517286725455
2018-09-14 14:00:00,0.006658469091359946
2018-09-14 14:30:00,0.006476335791286878
2018-09-14 15:00:00,0.006263401665628913
2018-09-14 15:30:00,0.006029323421727597
2018-09-14 16:00:00,0.005799794936736069
2018-09-14 16:30:00,0.005570216358513912
2018-09-14 17:00:00,0.005342423078722692
2018-09-14 17:30:00,0.0050889922224023575
2018-09-14 18:00:00,0.004881281987258745
2018-09-14 18:30:00,0.004213561144191275
2018-09-14 19:00:00,0.0034264416100363146
2018-09-14 19:30:00,0.0029484464905164287
2018-09-14 20:00:00,0.002319942352821222
2018-09-14 20:30:00,0.0019338461732490149
2018-09-14 21:00:00,0.0017483144338120576
2018-09-14 21:30:00,0.0015799348943558124
2018-09-14 22:00:00,0.0015593821714106296
2018-09-14 22:30:00,0.0015372866724604399
2018-09-14 23:00:00,0.0015256374786552088
2018-09-14 23:30:00,0.001518723397394762
2018-09-15 00:00:00,0.0014485320160141453
2018-09-15 00:30:00,0.0013582123584899822
2018-09-15 01:00:00,0.001334631035283992
2018-09-15 01:30:00,0.0012882285124088766
2018-09-15 02:00:00,0.001282047771736162
2018-09-15 02:30:00,0.0012677453730414218
2018-09-15 03:00:00,0.0012667983765774723
2018-09-15 03:30:00,0.0012564368913394882
2018-09-15 04:00:00,0.0012411309785150455
2018-09-15 04:30:00,0.0012324731406102405
2018-09-15 05:00:00,0.001459263079905139
2018-09-15 05:30:00,0.0016033837786998883
2018-09-15 06:00:00,0.0014601941889146606
2018-09-15 06:30:00,0.001343829871397919
2018-09-15 07:00:00,0.0012399142860009251
2018-09-15 07:30:00,0.0011449818406494055
2018-09-15 08:00:00,0.0011142059748631317
2018-09-15 08:30:00,0.0011044594990632314
2018-09-15 09:00:00,0.0011371342629204386
2018-09-15 09:30:00,0.0011666994699526076
2018-09-15 10:00:00,0.001236658399643435
2018-09-15 10:30:00,0.0013252456735097433
2018-09-15 11:00:00,0.001360186222773477
2018-09-15 11:30:00,0.0014652325955689803
2018-09-15 12:00:00,0.001548010704199474
2018-09-15 12:30:00,0.0015707948765499463
2018-09-15 13:00:00,0.0016666826961760839
2018-09-15 13:30:00,0.001711357002594506
2018-09-15 14:00:00,0.001727257870201443
2018-09-15 14:30:00,0.001792130817691357
2018-09-15 15:00:00,0.001788647732053874
2018-09-15 15:30:00,0.0017922132935476783
2018-09-15 16:00:00,0.0017756326946596179
2018-09-15 16:30:00,0.0016940338171411362
2018-09-15 17:00:00,0.0016038274553985513
2018-09-15 17:30:00,0.0015291081060975521
2018-09-15 18:00:00,0.0015681733597526022
2018-09-15 18:30:00,0.0016621054163752911
2018-09-15 19:00:00,0.001712499770696355
2018-09-15 19:30:00,0.001763908404416789
2018-09-15 20:00:00,0.0016608649360878738
2018-09-15 20:30:00,0.0015777818404223735
2018-09-15 21:00:00,0.001507710092441768
2018-09-15 21:30:00,0.0014577674453632714
2018-09-15 22:00:00,0.0014540989626824479
2018-09-15 22:30:00,0.001421191530093724
2018-09-15 23:00:00,0.0013904160115742132
2018-09-15 23:30:00,0.0013631465417069189
2018-09-16 00:00:00,0.001302573798548904
2018-09-16 00:30:00,0.0012443178890116438
2018-09-16 01:00:00,0.0012422091984072366
2018-09-16 01:30:00,0.0012115855656883935
2018-09-16 02:00:00,0.0011989205297833572
2018-09-16 02:30:00,0.0011992127981731524
2018-09-16 03:00:00,0.001188881394918553
2018-09-16 03:30:00,0.0011910094022366774
2018-09-16 04:00:00,0.00120532556137692
2018-09-16 04:30:00,0.0012090260794166727
2018-09-16 05:00:00,0.0016339703406917324
2018-09-16 05:30:00,0.0017619900159987563
2018-09-16 06:00:00,0.0014962276734996872
2018-09-16 06:30:00,0.001315799670276925
2018-09-16 07:00:00,0.0012008586255902157
2018-09-16 07:30:00,0.0012550002053307175
2018-09-16 08:00:00,0.0011698522614896965
2018-09-16 08:30:00,0.0010925934371642208
2018-09-16 09:00:00,0.0010991416728893645
2018-09-16 09:30:00,0.0010669781291163128
2018-09-16 10:00:00,0.0010829523568270303
2018-09-16 10:30:00,0.0011437737863960263
2018-09-16 11:00:00,0.0011738295511399249
2018-09-16 11:30:00,0.001272347482415802
2018-09-16 12:00:00,0.0013397131107338168
2018-09-16 12:30:00,0.0013814749776238085
2018-09-16 13:00:00,0.0014518860920490033
2018-09-16 13:30:00,0.0015016952584652953
2018-09-16 14:00:00,0.0015275279989154732
2018-09-16 14:30:00,0.0015625548873782718
2018-09-16 15:00:00,0.0015949885612849485
2018-09-16 15:30:00,0.0015576282572134401
2018-09-16 16:00:00,0.0015467371467528376
2018-09-16 16:30:00,0.00152315200361245
2018-09-16 17:00:00,0.0014078602629029936
2018-09-16 17:30:00,0.0013499316522902925
2018-09-16 18:00:00,0.0013937137869850455
2018-09-16 18:30:00,0.0014607081437245783
2018-09-16 19:00:00,0.0015272671581677713
2018-09-16 19:30:00,0.0015435762812634984
2018-09-16 20:00:00,0.0014326951323083753
2018-09-16 20:30:00,0.0013676785031950809
2018-09-16 21:00:00,0.0013005523587188155
2018-09-16 21:30:00,0.0012533117509184399
2018-09-16 22:00:00,0.0012570640117059479
2018-09-16 22:30:00,0.0012667235839982924
2018-09-16 23:00:00,0.001237717910538745
2018-09-16 23:30:00,0.0012362710669771432
2018-09-17 00:00:00,0.0013479471963705122
2018-09-17 00:30:00,0.0014647116086071027
2018-09-17 01:00:00,0.0015023371810775473
2018-09-17 01:30:00,0.0015370676773577344
2018-09-17 02:00:00,0.0015424121996640422
2018-09-17 02:30:00,0.0015339421028532315
2018-09-17 03:00:00,0.0015424917671612195
2018-09-17 03:30:00,0.001544877793684593
2018-09-17 04:00:00,0.001558809875784451
2018-09-17 04:30:00,0.0015885533174829648
2018-09-17 05:00:00,0.001962769935160732
2018-09-17 05:30:00,0.0026740833486784523
2018-09-17 06:00:00,0.0030410631440474832
2018-09-17 06:30:00,0.0033876064640204007
2018-09-17 07:00:00,0.0037877761066735386
2018-09-17 07:30:00,0.004020491241711591
2018-09-17 08:00:00,0.004311437369896627
2018-09-17 08:30:00,0.004617042322700747
2018-09-17 09:00:00,0.004988525820725064
2018-09-17 09:30:00,0.005369347495652146
2018-09-17 10:00:00,0.005700509155237841
2018-09-17 10:30:00,0.005992172562922798
2018-09-17 11:00:00,0.006241341935155359
2018-09-17 11:30:00,0.006412504513862301
2018-09-17 12:00:00,0.00654681080279655
2018-09-17 12:30:00,0.0066249229917848765
2018-09-17 13:00:00,0.006575673185307825
2018-09-17 13:30:00,0.006498674333563142
2018-09-17 14:00:00,0.006433649587089252
2018-09-17 14:30:00,0.0063085960474339575
2018-09-17 15:00:00,0.0060695567939582275
2018-09-17 15:30:00,0.005812026106228509
2018-09-17 16:00:00,0.005582055377013719
2018-09-17 16:30:00,0.0053064859172561795
2018-09-17 17:00:00,0.005038122156023702
2018-09-17 17:30:00,0.004769684470378954
2018-09-17 18:00:00,0.004625827954774505
2018-09-17 18:30:00,0.0039831165260694
2018-09-17 19:00:00,0.0032616575838322216
2018-09-17 19:30:00,0.002792046525782499
2018-09-17 20:00:00,0.0022450947752678165
2018-09-17 20:30:00,0.001921447230501478
2018-09-17 21:00:00,0.0017381633922327292
2018-09-17 21:30:00,0.0015655623911831988
2018-09-17 22:00:00,0.0015433674003052784
2018-09-17 22:30:00,0.0015206885366008248
2018-09-17 23:00:00,0.001511430144236965
2018-09-17 23:30:00,0.0015075072018352173
2018-09-18 00:00:00,0.0015161497600024302
2018-09-18 00:30:00,0.0015258496152393362
2018-09-18 01:00:00,0.0015288992685476778
2018-09-18 01:30:00,0.0015283410372254193
2018-09-18 02:00:00,0.0015247918406778433
2018-09-18 02:30:00,0.0015180888542012335
2018-09-18 03:00:00,0.0015181321323216295
2018-09-18 03:30:00,0.0015231430180849452
2018-09-18 04:00:00,0.001535065424016327
2018-09-18 04:30:00,0.0015628455930676317
2018-09-18 05:00:00,0.0018775675572545386
2018-09-18 05:30:00,0.00255058717023223
2018-09-18 06:00:00,0.002995431683612281
2018-09-18 06:30:00,0.003372748091237364
2018-09-18 07:00:00,0.003806761788348617
2018-09-18 07:30:00,0.004064433032300845
2018-09-18 08:00:00,0.004384382099219666
2018-09-18 08:30:00,0.004714206998807775
2018-09-18 09:00:00,0.00508643898693238
2018-09-18 09:30:00,0.005452219887208919
2018-09-18 10:00:00,0.005788104114327567
2018-09-18 10:30:00,0.006102665120369612
2018-09-18 11:00:00,0.006359601547850363
2018-09-18 11:30:00,0.006528154850913373
2018-09-18 12:00:00,0.006651286269032927
2018-09-18 12:30:00,0.00671090168454078
2018-09-18 13:00:00,0.006646931543819166
2018-09-18 13:30:00,0.006538772966289553
2018-09-18 14:00:00,0.006440923697166714
2018-09-18 14:30:00,0.00628005071947772
2018-09-18 15:00:00,0.006003383853339309
2018-09-18 15:30:00,0.00572443032238022
2018-09-18 16:00:00,0.005465410077276994
2018-09-18 16:30:00,0.005193634897585342
2018-09-18 17:00:00,0.004952411943884297
2018-09-18 17:30:00,0.0047071612600356316
2018-09-18 18:00:00,0.0045819499744530374
2018-09-18 18:30:00,0.003946296699306869
2018-09-18 19:00:00,0.0032322355809316335
2018-09-18 19:30:00,0.0027781901044287294
2018-09-18 20:00:00,0.0022438789075122593
2018-09-18 20:30:00,0.0019197131973264967
2018-09-18 21:00:00,0.0017386223920773296
2018-09-18 21:30:00,0.0015725573421911856
2018-09-18 22:00:00,0.0015545035942841916
2018-09-18 22:30:00,0.001533368287934963
2018-09-18 23:00:00,0.0015138076193162886
2018-09-18 23:30:00,0.0015113059963690286
2018-09-19 00:00:00,0.0015193706158251566
2018-09-19 00:30:00,0.0015255575204829225
2018-09-19 01:00:00,0.0015304733419697417
2018-09-19 01:30:00,0.0015251301219137967
2018-09-19 02:00:00,0.0015221971502379769
2018-09-19 02:30:00,0.0015131326195448173
2018-09-19 03:00:00,0.0015161343500398018
2018-09-19 03:30:00,0.001525385927293429
2018-09-19 04:00:00,0.0015293926043935151
2018-09-19 04:30:00,0.0015569676690126526
2018-09-19 05:00:00,0.001851921776548137
2018-09-19 05:30:00,0.0024935838953191085
2018-09-19 06:00:00,0.0029140000150404046
2018-09-19 06:30:00,0.003263084112288161
2018-09-19 07:00:00,0.003692037307897269
2018-09-19 07:30:00,0.003964823728404111
2018-09-19 08:00:00,0.004320913411704485
2018-09-19 08:30:00,0.0047035641406747
2018-09-19 09:00:00,0.005138726335789398
2018-09-19 09:30:00,0.005574097108003899
2018-09-19 10:00:00,0.005960601065573097
2018-09-19 10:30:00,0.0063004548990648335
2018-09-19 11:00:00,0.0065738088836882
2018-09-19 11:30:00,0.006742171016397928
2018-09-19 12:00:00,0.0068827254591653465
2018-09-19 12:30:00,0.006959556711288313
2018-09-19 13:00:00,0.006889440686795367
2018-09-19 13:30:00,0.006753134705612093
2018-09-19 14:00:00,0.0066304943226960684
2018-09-19 14:30:00,0.006430163506275934
2018-09-19 15:00:00,0.006115661752625405
2018-09-19 15:30:00,0.005820229719206711
2018-09-19 16:00:00,0.005564876958392365
2018-09-19 16:30:00,0.005283132704905437
2018-09-19 17:00:00,0.0050382949212385226
2018-09-19 17:30:00,0.004796923120320991
2018-09-19 18:00:00,0.004676519352403361
2018-09-19 18:30:00,0.004028332829088889
2018-09-19 19:00:00,0.003297868261283302
2018-09-19 19:30:00,0.0028294851385091673
2018-09-19 20:00:00,0.0022648180949568254
2018-09-19 20:30:00,0.001930758624455111
2018-09-19 21:00:00,0.0017397164126072583
2018-09-19 21:30:00,0.0015691398465636514
2018-09-19 22:00:00,0.001548662480506139
2018-09-19 22:30:00,0.0015261720524292067
2018-09-19 23:00:00,0.0015156237376724824
2018-09-19 23:30:00,0.001509572136827429
2018-09-20 00:00:00,0.0015235115983460105
2018-09-20 00:30:00,0.0015279952897540514
2018-09-20 01:00:00,0.0015294493825093406
2018-09-20 01:30:00,0.0015310030974173966
2018-09-20 02:00:00,0.0015283460291851442
2018-09-20 02:30:00,0.0015193338489565757
2018-09-20 03:00:00,0.001528091743097602
2018-09-20 03:30:00,0.0015286593940308192
2018-09-20 04:00:00,0.001535956119856251
2018-09-20 04:30:00,0.0015580390737946108
2018-09-20 05:00:00,0.0018533833789471858
2018-09-20 05:30:00,0.0025705543580058776
2018-09-20 06:00:00,0.002999631961932995
2018-09-20 06:30:00,0.0033821489497909323
2018-09-20 07:00:00,0.003834446676081698
2018-09-20 07:30:00,0.00412934483025992
2018-09-20 08:00:00,0.004474254563969186
2018-09-20 08:30:00,0.004820237829469336
2018-09-20 09:00:00,0.005210311559141844
2018-09-20 09:30:00,0.005624006157023031
2018-09-20 10:00:00,0.005974791904820077
2018-09-20 10:30:00,0.006260351925503881
2018-09-20 11:00:00,0.006500590334522176
2018-09-20 11:30:00,0.006665384691912482
2018-09-20 12:00:00,0.006781045533783149
2018-09-20 12:30:00,0.0068316621822411714
2018-09-20 13:00:00,0.006749881684205402
2018-09-20 13:30:00,0.0066193906849762296
2018-09-20 14:00:00,0.006507361645734496
2018-09-20 14:30:00,0.00633268520487316
2018-09-20 15:00:00,0.006044003169169179
2018-09-20 15:30:00,0.00574789018903569
2018-09-20 16:00:00,0.005483623350853452
2018-09-20 16:30:00,0.005212953217411468
2018-09-20 17:00:00,0.0049681308437071825
2018-09-20 17:30:00,0.00471092606583497
2018-09-20 18:00:00,0.0046104468152874285
2018-09-20 18:30:00,0.003969245866778329
2018-09-20 19:00:00,0.0032344555271253835
2018-09-20 19:30:00,0.0027987166521416165
2018-09-20 20:00:00,0.0022432469254111114
2018-09-20 20:30:00,0.0018977964105344517
2018-09-20 21:00:00,0.001729355101002656
2018-09-20 21:30:00,0.001568507734237467
2018-09-20 22:00:00,0.0015461271292744783
2018-09-20 22:30:00,0.0015265878609701023
2018-09-20 23:00:00,0.0015175729460157714
2018-09-20 23:30:00,0.0015146154920331282
2018-09-21 00:00:00,0.0015240569373896756
2018-09-21 00:30:00,0.001530891451152945
2018-09-21 01:00:00,0.001532477114603239
2018-09-21 01:30:00,0.0015326430647078265
2018-09-21 02:00:00,0.0015284914471423417
2018-09-21 02:30:00,0.0015183970534538027
2018-09-21 03:00:00,0.0015255128967038183
2018-09-21 03:30:00,0.00152622561832747
2018-09-21 04:00:00,0.0015376679279583713
2018-09-21 04:30:00,0.0015636552455266337
2018-09-21 05:00:00,0.0018387360141312956
2018-09-21 05:30:00,0.0025277882824526567
2018-09-21 06:00:00,0.002960464090949343
2018-09-21 06:30:00,0.0033315741903862522
2018-09-21 07:00:00,0.003754737277023191
2018-09-21 07:30:00,0.004011752577467592
2018-09-21 08:00:00,0.0043222363678482225
2018-09-21 08:30:00,0.004633571092024362
2018-09-21 09:00:00,0.004985766916514428
2018-09-21 09:30:00,0.005321508416993297
2018-09-21 10:00:00,0.005608457374505896
2018-09-21 10:30:00,0.005883861622100719
2018-09-21 11:00:00,0.00612235167319004
2018-09-21 11:30:00,0.006274601062158775
2018-09-21 12:00:00,0.006395614760738072
2018-09-21 12:30:00,0.00647576453746099
2018-09-21 13:00:00,0.006422797110056084
2018-09-21 13:30:00,0.00630224419106355
2018-09-21 14:00:00,0.006206503569136773
2018-09-21 14:30:00,0.006049209652937012
2018-09-21 15:00:00,0.005761799829020959
2018-09-21 15:30:00,0.005465546553115032
2018-09-21 16:00:00,0.005204137676987708
2018-09-21 16:30:00,0.004947716463158892
2018-09-21 17:00:00,0.004721913976905887
2018-09-21 17:30:00,0.004491836984061477
2018-09-21 18:00:00,0.004421894983625368
2018-09-21 18:30:00,0.0038064927000152826
2018-09-21 19:00:00,0.0031213846441849307
2018-09-21 19:30:00,0.0027138509927709417
2018-09-21 20:00:00,0.002204450195780905
2018-09-21 20:30:00,0.001892428751580028
2018-09-21 21:00:00,0.0017302492261018693
2018-09-21 21:30:00,0.0015687695299687688
2018-09-21 22:00:00,0.0015518798636612308
2018-09-21 22:30:00,0.001532707916775902
2018-09-21 23:00:00,0.0015274746066505918
2018-09-21 23:30:00,0.0015246477683793537
2018-09-22 00:00:00,0.0014568582575681934
2018-09-22 00:30:00,0.0013763053041329016
2018-09-22 01:00:00,0.0013617652013385743
2018-09-22 01:30:00,0.0013220015074055195
2018-09-22 02:00:00,0.0013139635840818322
2018-09-22 02:30:00,0.0013094007592600683
2018-09-22 03:00:00,0.0013018551299819278
2018-09-22 03:30:00,0.0013035115924436222
2018-09-22 04:00:00,0.0012790120525067042
2018-09-22 04:30:00,0.0012654784156095687
2018-09-22 05:00:00,0.001504050248021685
2018-09-22 05:30:00,0.0017679760702422071
2018-09-22 06:00:00,0.0016504638624388556
2018-09-22 06:30:00,0.0015518575517716785
2018-09-22 07:00:00,0.001423327741589135
2018-09-22 07:30:00,0.001279292123151433
2018-09-22 08:00:00,0.0012050988829970727
2018-09-22 08:30:00,0.001208925589096997
2018-09-22 09:00:00,0.0011732815641871885
2018-09-22 09:30:00,0.001128632000525663
2018-09-22 10:00:00,0.0012053647591128455
2018-09-22 10:30:00,0.0012463919831647416
2018-09-22 11:00:00,0.0012609901663252572
2018-09-22 11:30:00,0.0013522776129108321
2018-09-22 12:00:00,0.0013944977851118973
2018-09-22 12:30:00,0.0014271755007365938
2018-09-22 13:00:00,0.0015012003599190224
2018-09-22 13:30:00,0.0015165859704656787
2018-09-22 14:00:00,0.0015461264347409512
2018-09-22 14:30:00,0.0015599000329716362
2018-09-22 15:00:00,0.0015683052777143711
2018-09-22 15:30:00,0.0015299127231884842
2018-09-22 16:00:00,0.0015097132139500835
2018-09-22 16:30:00,0.001495510611041492
2018-09-22 17:00:00,0.001408216428377265
2018-09-22 17:30:00,0.0013895770584820446
2018-09-22 18:00:00,0.0015436700432896319
2018-09-22 18:30:00,0.001603963019661336
2018-09-22 19:00:00,0.0017229559295357266
2018-09-22 19:30:00,0.0017574115207642912
2018-09-22 20:00:00,0.001647468339337268
2018-09-22 20:30:00,0.0015741952258810348
2018-09-22 21:00:00,0.0015202206814537561
2018-09-22 21:30:00,0.001465121383387983
2018-09-22 22:00:00,0.0014479118843913
2018-09-22 22:30:00,0.0014354048114552918
2018-09-22 23:00:00,0.001396305655882459
2018-09-22 23:30:00,0.0013771152170419763
2018-09-23 00:00:00,0.0013166005542501497
2018-09-23 00:30:00,0.0012606176359047578
2018-09-23 01:00:00,0.001260903479859429
2018-09-23 01:30:00,0.001246888531228141
2018-09-23 02:00:00,0.0012345771865216863
2018-09-23 02:30:00,0.0012302953439199053
2018-09-23 03:00:00,0.0012318139414765066
2018-09-23 03:30:00,0.0012333255936978387
2018-09-23 04:00:00,0.0012515381727407696
2018-09-23 04:30:00,0.001265098028278546
2018-09-23 05:00:00,0.0017021079864332593
2018-09-23 05:30:00,0.0018645575552283522
2018-09-23 06:00:00,0.0016831397549130441
2018-09-23 06:30:00,0.001516984198626674
2018-09-23 07:00:00,0.0013622239841414477
2018-09-23 07:30:00,0.0014429855580848866
2018-09-23 08:00:00,0.0013356737037412746
2018-09-23 08:30:00,0.0012075709448610933
2018-09-23 09:00:00,0.0011683060562254002
2018-09-23 09:30:00,0.001111600345520216
2018-09-23 10:00:00,0.0011252440659813676
2018-09-23 10:30:00,0.0011366816441026168
2018-09-23 11:00:00,0.0011278839011004838
2018-09-23 11:30:00,0.0011901797819387767
2018-09-23 12:00:00,0.0012349396462060455
2018-09-23 12:30:00,0.001265159494495678
2018-09-23 13:00:00,0.0013060649147302915
2018-09-23 13:30:00,0.0013625011030186868
2018-09-23 14:00:00,0.001365275113333534
2018-09-23 14:30:00,0.0013712224907412047
2018-09-23 15:00:00,0.0014103410498444457
2018-09-23 15:30:00,0.0013573419777557203
2018-09-23 16:00:00,0.0013527680403975255
2018-09-23 16:30:00,0.0013548983917663032
2018-09-23 17:00:00,0.0012595205767906487
2018-09-23 17:30:00,0.0012211832810884973
2018-09-23 18:00:00,0.0013831805349241865
2018-09-23 18:30:00,0.001446359428325262
2018-09-23 19:00:00,0.001545209693893768
2018-09-23 19:30:00,0.001574253696922332
2018-09-23 20:00:00,0.0014271508013880426
2018-09-23 20:30:00,0.0013479932526250158
2018-09-23 21:00:00,0.0013140836949736433
2018-09-23 21:30:00,0.0012637280608967048
2018-09-23 22:00:00,0.001274229060556908
2018-09-23 22:30:00,0.00127626243768199
2018-09-23 23:00:00,0.0012585462764774223
2018-09-23 23:30:00,0.001249718711941977
2018-09-24 00:00:00,0.0013763618217986543
2018-09-24 00:30:00,0.0014850683428726586
2018-09-24 01:00:00,0.0015275832577392088
2018-09-24 01:30:00,0.001565779823585469
2018-09-24 02:00:00,0.0015608682561165021
2018-09-24 02:30:00,0.0015583143261129967
2018-09-24 03:00:00,0.0015692827034284687
2018-09-24 03:30:00,0.00156442465844942
2018-09-24 04:00:00,0.0015734579785422137
2018-09-24 04:30:00,0.0016018046699097545
2018-09-24 05:00:00,0.0020010569205905276
2018-09-24 05:30:00,0.0028387431836062633
2018-09-24 06:00:00,0.0032226817947771072
2018-09-24 06:30:00,0.00354712319136471
2018-09-24 07:00:00,0.0038914262934465595
2018-09-24 07:30:00,0.004056373361396096
2018-09-24 08:00:00,0.004271115922133114
2018-09-24 08:30:00,0.004463309627160248
2018-09-24 09:00:00,0.0047072062310815
2018-09-24 09:30:00,0.004975730169108622
2018-09-24 10:00:00,0.005209458802195827
2018-09-24 10:30:00,0.005415929946119079
2018-09-24 11:00:00,0.005604282055983805
2018-09-24 11:30:00,0.005762224970356122
2018-09-24 12:00:00,0.005891614873495061
2018-09-24 12:30:00,0.0059518981698057334
2018-09-24 13:00:00,0.0058806527035729856
2018-09-24 13:30:00,0.005755517686453315
2018-09-24 14:00:00,0.005653588987843445
2018-09-24 14:30:00,0.005482162269354549
2018-09-24 15:00:00,0.005202057592482941
2018-09-24 15:30:00,0.004944945144161462
2018-09-24 16:00:00,0.004727344360919459
2018-09-24 16:30:00,0.004489254534775023
2018-09-24 17:00:00,0.004290499962194224
2018-09-24 17:30:00,0.004128183917469681
2018-09-24 18:00:00,0.004141093733034609
2018-09-24 18:30:00,0.003582180509077656
2018-09-24 19:00:00,0.002968905755293896
2018-09-24 19:30:00,0.0026046572130194604
2018-09-24 20:00:00,0.0021322845160333392
2018-09-24 20:30:00,0.0018421756046066553
2018-09-24 21:00:00,0.0017003669645146635
2018-09-24 21:30:00,0.0015632399578858834
2018-09-24 22:00:00,0.0015468376370725134
2018-09-24 22:30:00,0.0015332651931145613
2018-09-24 23:00:00,0.001525715440043605
2018-09-24 23:30:00,0.0015244349806700448
2018-09-25 00:00:00,0.001532805411919743
2018-09-25 00:30:00,0.0015472408571932331
2018-09-25 01:00:00,0.0015476830580081515
2018-09-25 01:30:00,0.0015478373312678177
2018-09-25 02:00:00,0.001544938131284744
2018-09-25 02:30:00,0.001535960634324176
2018-09-25 03:00:00,0.0015426045420426525
2018-09-25 03:30:00,0.0015432977299108597
2018-09-25 04:00:00,0.0015508055939284738
2018-09-25 04:30:00,0.0015729543115101637
2018-09-25 05:00:00,0.0019119258703809896
2018-09-25 05:30:00,0.002711761271613488
2018-09-25 06:00:00,0.003126056076686966
2018-09-25 06:30:00,0.003450305608387759
2018-09-25 07:00:00,0.003816781910358122
2018-09-25 07:30:00,0.004001683881519548
2018-09-25 08:00:00,0.004231970102588941
2018-09-25 08:30:00,0.004439504273483483
2018-09-25 09:00:00,0.004688127785772232
2018-09-25 09:30:00,0.00496166451952987
2018-09-25 10:00:00,0.00521098794798037
2018-09-25 10:30:00,0.005464106351030281
2018-09-25 11:00:00,0.005691753388105739
2018-09-25 11:30:00,0.005838111656882484
2018-09-25 12:00:00,0.005958085204688535
2018-09-25 12:30:00,0.006038938457057526
2018-09-25 13:00:00,0.00599623002778704
2018-09-25 13:30:00,0.005895782335106628
2018-09-25 14:00:00,0.005813080798797476
2018-09-25 14:30:00,0.005672456468593913
2018-09-25 15:00:00,0.005414676226286304
2018-09-25 15:30:00,0.005178092713136712
2018-09-25 16:00:00,0.004968230379043258
2018-09-25 16:30:00,0.0047382990646061204
2018-09-25 17:00:00,0.004542878166137827
2018-09-25 17:30:00,0.00435891216572061
2018-09-25 18:00:00,0.004340686173498941
2018-09-25 18:30:00,0.003751979848696299
2018-09-25 19:00:00,0.0031175529895336278
2018-09-25 19:30:00,0.0026990724045268095
2018-09-25 20:00:00,0.002200351579805193
2018-09-25 20:30:00,0.0018995108231372976
2018-09-25 21:00:00,0.0017228297848839004
2018-09-25 21:30:00,0.0015671923311458336
2018-09-25 22:00:00,0.0015496788869144348
2018-09-25 22:30:00,0.0015331711706383553
2018-09-25 23:00:00,0.0015192946512206503
2018-09-25 23:30:00,0.0015194618601672553
2018-09-26 00:00:00,0.0015304988226685103
2018-09-26 00:30:00,0.0015367527498116233
2018-09-26 01:00:00,0.001543137379482833
2018-09-26 01:30:00,0.0015422746386173673
2018-09-26 02:00:00,0.0015368416066947233
2018-09-26 02:30:00,0.0015247163535651368
2018-09-26 03:00:00,0.0015336924180503054
2018-09-26 03:30:00,0.0015305661924206212
2018-09-26 04:00:00,0.001542680723688886
2018-09-26 04:30:00,0.001570052897701473
2018-09-26 05:00:00,0.0019383616829742579
2018-09-26 05:30:00,0.0027142358077531983
2018-09-26 06:00:00,0.0031021536619498143
2018-09-26 06:30:00,0.0034162791520621367
2018-09-26 07:00:00,0.0037752274485426058
2018-09-26 07:30:00,0.00394638868159084
2018-09-26 08:00:00,0.004177620987548928
2018-09-26 08:30:00,0.004417846764738703
2018-09-26 09:00:00,0.004721929603910243
2018-09-26 09:30:00,0.0050585213870594364
2018-09-26 10:00:00,0.005365143136946961
2018-09-26 10:30:00,0.005651457811716104
2018-09-26 11:00:00,0.00590750145975635
2018-09-26 11:30:00,0.0061020866607583825
2018-09-26 12:00:00,0.00626359973790912
2018-09-26 12:30:00,0.006357485000335433
2018-09-26 13:00:00,0.006311725138014441
2018-09-26 13:30:00,0.0061941812855272685
2018-09-26 14:00:00,0.006094126959273163
2018-09-26 14:30:00,0.005922827514053074
2018-09-26 15:00:00,0.005636798856871984
2018-09-26 15:30:00,0.0053754491463194835
2018-09-26 16:00:00,0.005145347237084795
2018-09-26 16:30:00,0.004890911000075906
2018-09-26 17:00:00,0.0046647069866276505
2018-09-26 17:30:00,0.004475895790101634
2018-09-26 18:00:00,0.004418450791865393
2018-09-26 18:30:00,0.0038136980946819254
2018-09-26 19:00:00,0.00316072293633275
2018-09-26 19:30:00,0.002739209062963818
2018-09-26 20:00:00,0.0022122876593653864
2018-09-26 20:30:00,0.001903403726964006
2018-09-26 21:00:00,0.001726095351302422
2018-09-26 21:30:00,0.0015721301172554416
2018-09-26 22:00:00,0.0015598384799378135
2018-09-26 22:30:00,0.00153256710010332
2018-09-26 23:00:00,0.0015234673218336694
2018-09-26 23:30:00,0.001525398385488568
2018-09-27 00:00:00,0.0015319102016118939
2018-09-27 00:30:00,0.0015422967334651923
2018-09-27 01:00:00,0.0015499181971228028
2018-09-27 01:30:00,0.0015477712637660696
2018-09-27 02:00:00,0.001543505134985335
2018-09-27 02:30:00,0.0015358286295457167
2018-09-27 03:00:00,0.001538909580271115
2018-09-27 03:30:00,0.0015470808106236248
2018-09-27 04:00:00,0.001556475635417178
2018-09-27 04:30:00,0.001582254940194129
2018-09-27 05:00:00,0.0019294041538525887
2018-09-27 05:30:00,0.0027254337718076614
2018-09-27 06:00:00,0.0031111117987883195
2018-09-27 06:30:00,0.0034294016685196835
2018-09-27 07:00:00,0.0038124508426926203
2018-09-27 07:30:00,0.0039981177991256
2018-09-27 08:00:00,0.004244809205959161
2018-09-27 08:30:00,0.004506315533821982
2018-09-27 09:00:00,0.004828399770435922
2018-09-27 09:30:00,0.005176128528914249
2018-09-27 10:00:00,0.00548879072370205
2018-09-27 10:30:00,0.005780712237408948
2018-09-27 11:00:00,0.0060396909841339405
2018-09-27 11:30:00,0.00622578833431188
2018-09-27 12:00:00,0.006373161056121375
2018-09-27 12:30:00,0.006450787028232517
2018-09-27 13:00:00,0.006405001815437794
2018-09-27 13:30:00,0.006311730477240929
2018-09-27 14:00:00,0.006223719883243689
2018-09-27 14:30:00,0.006061268317664705
2018-09-27 15:00:00,0.005784762409671158
2018-09-27 15:30:00,0.005518352414658239
2018-09-27 16:00:00,0.005267747832300653
2018-09-27 16:30:00,0.004984627100180068
2018-09-27 17:00:00,0.0047291159423132395
2018-09-27 17:30:00,0.004530314228269302
2018-09-27 18:00:00,0.004448750771960693
2018-09-27 18:30:00,0.0038158933849354697
2018-09-27 19:00:00,0.0031354129191782667
2018-09-27 19:30:00,0.0026997954573366742
2018-09-27 20:00:00,0.0021811255027131106
2018-09-27 20:30:00,0.0018841055486101604
2018-09-27 21:00:00,0.0017105386684664174
2018-09-27 21:30:00,0.0015586780446393736
2018-09-27 22:00:00,0.0015395793710411346
2018-09-27 22:30:00,0.0015195413842560871
2018-09-27 23:00:00,0.0015117913016709614
2018-09-27 23:30:00,0.0015095345017919393
2018-09-28 00:00:00,0.0015177763575224671
2018-09-28 00:30:00,0.0015296252297166864
2018-09-28 01:00:00,0.0015340162877155753
2018-09-28 01:30:00,0.0015303325252971592
2018-09-28 02:00:00,0.0015302627680860497
2018-09-28 02:30:00,0.0015260980846085901
2018-09-28 03:00:00,0.0015268849042778948
2018-09-28 03:30:00,0.0015267360570614076
2018-09-28 04:00:00,0.0015356525652966435
2018-09-28 04:30:00,0.001561232148276261
2018-09-28 05:00:00,0.0018982169939933445
2018-09-28 05:30:00,0.0026701523757327998
2018-09-28 06:00:00,0.0030868478359420623
2018-09-28 06:30:00,0.003410166692716788
2018-09-28 07:00:00,0.003805797645588222
2018-09-28 07:30:00,0.0039893714950128036
2018-09-28 08:00:00,0.004226626187999469
2018-09-28 08:30:00,0.004478305691214995
2018-09-28 09:00:00,0.004794334680682867
2018-09-28 09:30:00,0.005127537704529202
2018-09-28 10:00:00,0.0054337931747979705
2018-09-28 10:30:00,0.005742927139269041
2018-09-28 11:00:00,0.006018023578286403
2018-09-28 11:30:00,0.0062130677357246904
2018-09-28 12:00:00,0.006360733420457508
2018-09-28 12:30:00,0.006417807320748649
2018-09-28 13:00:00,0.00634477221525042
2018-09-28 13:30:00,0.006230304538570651
2018-09-28 14:00:00,0.006135707162237521
2018-09-28 14:30:00,0.005979219512645819
2018-09-28 15:00:00,0.00569360414632159
2018-09-28 15:30:00,0.005390856981939
2018-09-28 16:00:00,0.005118857467918155
2018-09-28 16:30:00,0.004858466777941288
2018-09-28 17:00:00,0.00463415888442986
2018-09-28 17:30:00,0.004456512791840813
2018-09-28 18:00:00,0.004398494282544721
2018-09-28 18:30:00,0.003794627549691526
2018-09-28 19:00:00,0.0031367011052373136
2018-09-28 19:30:00,0.002702976768156712
2018-09-28 20:00:00,0.0021856157487813123
2018-09-28 20:30:00,0.001887736352847149
2018-09-28 21:00:00,0.0017245614305998833
2018-09-28 21:30:00,0.0015665348249375719
2018-09-28 22:00:00,0.001543082033842407
2018-09-28 22:30:00,0.0015350434159851927
2018-09-28 23:00:00,0.0015141461610023144
2018-09-28 23:30:00,0.0015211273515647993
2018-09-29 00:00:00,0.0014496850718938616
2018-09-29 00:30:00,0.0013644952389994984
2018-09-29 01:00:00,0.0013371959041905469
2018-09-29 01:30:00,0.001298713060306161
2018-09-29 02:00:00,0.0012949869313426032
2018-09-29 02:30:00,0.0012821773456472775
2018-09-29 03:00:00,0.0012834850654617688
2018-09-29 03:30:00,0.0012780115335528366
2018-09-29 04:00:00,0.0012607203400500505
2018-09-29 04:30:00,0.0012508291842348248
2018-09-29 05:00:00,0.00154341176363431
2018-09-29 05:30:00,0.0018532003259544981
2018-09-29 06:00:00,0.0017157694174993474
2018-09-29 06:30:00,0.0015811823199784985
2018-09-29 07:00:00,0.001453512993427458
2018-09-29 07:30:00,0.001297801962543884
2018-09-29 08:00:00,0.0012407336185209588
2018-09-29 08:30:00,0.0011893664397704129
2018-09-29 09:00:00,0.0011707865393084343
2018-09-29 09:30:00,0.0011712933317413556
2018-09-29 10:00:00,0.001201379482327057
2018-09-29 10:30:00,0.0012554803884478887
2018-09-29 11:00:00,0.001277434332783624
2018-09-29 11:30:00,0.0013511679219682024
2018-09-29 12:00:00,0.001398675925176441
2018-09-29 12:30:00,0.0014056321993486474
2018-09-29 13:00:00,0.0014791528271905353
2018-09-29 13:30:00,0.0014956514711224195
2018-09-29 14:00:00,0.001513007560101627
2018-09-29 14:30:00,0.001547325807325244
2018-09-29 15:00:00,0.0015268832113524231
2018-09-29 15:30:00,0.0015123247902363234
2018-09-29 16:00:00,0.0014993273766303124
2018-09-29 16:30:00,0.0014441919628211393
2018-09-29 17:00:00,0.0013988759508321927
2018-09-29 17:30:00,0.0014198712652674023
2018-09-29 18:00:00,0.0015974642694499852
2018-09-29 18:30:00,0.0016616252766664648
2018-09-29 19:00:00,0.0017265360328252506
2018-09-29 19:30:00,0.0017750608765252389
2018-09-29 20:00:00,0.0016729341490435076
2018-09-29 20:30:00,0.0015707008106653944
2018-09-29 21:00:00,0.0015214316874746247
2018-09-29 21:30:00,0.0014736274223088115
2018-09-29 22:00:00,0.0014543032857643975
2018-09-29 22:30:00,0.0014371915857699735
2018-09-29 23:00:00,0.001392009184668267
2018-09-29 23:30:00,0.0013900101869527672
2018-09-30 00:00:00,0.0013252853053291227
2018-09-30 00:30:00,0.0012660254909870512
2018-09-30 01:00:00,0.0012830831041830664
2018-09-30 01:30:00,0.0012426328638586554
2018-09-30 02:00:00,0.0012370258078791734
2018-09-30 02:30:00,0.0012398967056210252
2018-09-30 03:00:00,0.0012248553232536465
2018-09-30 03:30:00,0.0012330283333483187
2018-09-30 04:00:00,0.0012414782886868488
2018-09-30 04:30:00,0.0012569177689901866
2018-09-30 05:00:00,0.0017374786689918812
2018-09-30 05:30:00,0.0019210082419041218
2018-09-30 06:00:00,0.001680410238152265
2018-09-30 06:30:00,0.0014532842748553754
2018-09-30 07:00:00,0.001340803875637838
2018-09-30 07:30:00,0.001413733325223284
2018-09-30 08:00:00,0.0012922876701985905
2018-09-30 08:30:00,0.0011899589202772174
2018-09-30 09:00:00,0.001154044244333639
2018-09-30 09:30:00,0.0010953203928326192
2018-09-30 10:00:00,0.0010902264234961463
2018-09-30 10:30:00,0.001108221483320116
2018-09-30 11:00:00,0.0010822268731498215
2018-09-30 11:30:00,0.001143461897434096
2018-09-30 12:00:00,0.0011839084046407996
2018-09-30 12:30:00,0.0011783211428668349
2018-09-30 13:00:00,0.0012381347608799308
2018-09-30 13:30:00,0.0012598300348852353
2018-09-30 14:00:00,0.0012835450557951563
2018-09-30 14:30:00,0.0013215040043585207
2018-09-30 15:00:00,0.001335973438366484
2018-09-30 15:30:00,0.001317006292054905
2018-09-30 16:00:00,0.0013123181039315325
2018-09-30 16:30:00,0.0012967449693326088
2018-09-30 17:00:00,0.0012356002344068332
2018-09-30 17:30:00,0.0012492448230348938
2018-09-30 18:00:00,0.001416589464127689
2018-09-30 18:30:00,0.001454909830575122
2018-09-30 19:00:00,0.0015375911385953015
2018-09-30 19:30:00,0.001570591985943396
2018-09-30 20:00:00,0.0014199028231345315
2018-09-30 20:30:00,0.0013298699645486393
2018-09-30 21:00:00,0.0012936814253537287
2018-09-30 21:30:00,0.0012628580708375517
2018-09-30 22:00:00,0.0012767397124400176
2018-09-30 22:30:00,0.0012792020074263158
2018-09-30 23:00:00,0.0012541273503207662
2018-09-30 23:30:00,0.0012483698844243615
2018-10-01 00:00:00,0.0013717499021382064
2018-10-01 00:30:00,0.0014896133702727958
2018-10-01 01:00:00,0.0015248874692628306
2018-10-01 01:30:00,0.001564635145516421
2018-10-01 02:00:00,0.0015603513061307498
2018-10-01 02:30:00,0.0015586529546157135
2018-10-01 03:00:00,0.001572787145971904
2018-10-01 03:30:00,0.0015748738719535223
2018-10-01 04:00:00,0.0015843615037896101
2018-10-01 04:30:00,0.0016125436775279627
2018-10-01 05:00:00,0.0020385112037298965
2018-10-01 05:30:00,0.0028716250920878734
2018-10-01 06:00:00,0.003249146821186851
2018-10-01 06:30:00,0.003523405696179099
2018-10-01 07:00:00,0.0038706245802319775
2018-10-01 07:30:00,0.003974148492128137
2018-10-01 08:00:00,0.004161746338582632
2018-10-01 08:30:00,0.004346303256806218
2018-10-01 09:00:00,0.0045880841379711025
2018-10-01 09:30:00,0.0048518371515684595
2018-10-01 10:00:00,0.005100322321460318
2018-10-01 10:30:00,0.005356969953218908
2018-10-01 11:00:00,0.0056002451232669516
2018-10-01 11:30:00,0.005776154100688491
2018-10-01 12:00:00,0.005927350533422075
2018-10-01 12:30:00,0.006026618040006877
2018-10-01 13:00:00,0.005992066516334908
2018-10-01 13:30:00,0.005883571654353231
2018-10-01 14:00:00,0.0057888674066736475
2018-10-01 14:30:00,0.005635798207693079
2018-10-01 15:00:00,0.0053593905761935914
2018-10-01 15:30:00,0.005074186981434131
2018-10-01 16:00:00,0.004832646191827831
2018-10-01 16:30:00,0.004579483946349032
2018-10-01 17:00:00,0.004355760285758775
2018-10-01 17:30:00,0.004210875947351183
2018-10-01 18:00:00,0.004161535113573759
2018-10-01 18:30:00,0.00359856112571831
2018-10-01 19:00:00,0.00297329190814975
2018-10-01 19:30:00,0.0025742072136823455
2018-10-01 20:00:00,0.0021059869590202727
2018-10-01 20:30:00,0.00183909395934773
2018-10-01 21:00:00,0.001702087975186015
2018-10-01 21:30:00,0.0015609986113778356
2018-10-01 22:00:00,0.0015472595661901146
2018-10-01 22:30:00,0.0015309781810271183
2018-10-01 23:00:00,0.001521451177821724
2018-10-01 23:30:00,0.0015216490764685495
2018-10-02 00:00:00,0.001532523691757888
2018-10-02 00:30:00,0.001541983064761099
2018-10-02 01:00:00,0.0015463983012083933
2018-10-02 01:30:00,0.0015512445391174846
2018-10-02 02:00:00,0.0015480680032154447
2018-10-02 02:30:00,0.0015457787773023846
2018-10-02 03:00:00,0.001558360642817573
2018-10-02 03:30:00,0.0015546735379565588
2018-10-02 04:00:00,0.0015656848461256634
2018-10-02 04:30:00,0.0015955199228413844
2018-10-02 05:00:00,0.001990585829280327
2018-10-02 05:30:00,0.0027930990479341947
2018-10-02 06:00:00,0.003204211370162309
2018-10-02 06:30:00,0.0034835131228684556
2018-10-02 07:00:00,0.003836517948692343
2018-10-02 07:30:00,0.0039418669644722
2018-10-02 08:00:00,0.004143218224276754
2018-10-02 08:30:00,0.004365567576650626
2018-10-02 09:00:00,0.00466911866359062
2018-10-02 09:30:00,0.005010994023729135
2018-10-02 10:00:00,0.005333458560857409
2018-10-02 10:30:00,0.005648069356271664
2018-10-02 11:00:00,0.00592293872623407
2018-10-02 11:30:00,0.0060992642067300325
2018-10-02 12:00:00,0.006253235995437173
2018-10-02 12:30:00,0.0063582585804593805
2018-10-02 13:00:00,0.006323236510322924
2018-10-02 13:30:00,0.00622239493031606
2018-10-02 14:00:00,0.00614136405099756
2018-10-02 14:30:00,0.005989187805090878
2018-10-02 15:00:00,0.0057182811395746335
2018-10-02 15:30:00,0.005460821598123079
2018-10-02 16:00:00,0.005217266791513761
2018-10-02 16:30:00,0.004931745881749191
2018-10-02 17:00:00,0.004657906591823892
2018-10-02 17:30:00,0.004448275797844974
2018-10-02 18:00:00,0.004341958298470177
2018-10-02 18:30:00,0.003717848387583077
2018-10-02 19:00:00,0.0030539632361430355
2018-10-02 19:30:00,0.002624686778585493
2018-10-02 20:00:00,0.002147889599174501
2018-10-02 20:30:00,0.0018548579604415192
2018-10-02 21:00:00,0.0017127244522923124
2018-10-02 21:30:00,0.0015689116923000594
2018-10-02 22:00:00,0.0015471118475906087
2018-10-02 22:30:00,0.0015353621200573564
2018-10-02 23:00:00,0.0015245052587812996
2018-10-02 23:30:00,0.0015260659190246251
2018-10-03 00:00:00,0.0015389404436047171
2018-10-03 00:30:00,0.0015457359332654431
2018-10-03 01:00:00,0.0015509164154343625
2018-10-03 01:30:00,0.001555474161479711
2018-10-03 02:00:00,0.0015526773617835121
2018-10-03 02:30:00,0.0015464297288504862
2018-10-03 03:00:00,0.0015564410389658685
2018-10-03 03:30:00,0.0015574692090357767
2018-10-03 04:00:00,0.0015685352117201256
2018-10-03 04:30:00,0.0016043017783890893
2018-10-03 05:00:00,0.0019656156126538877
2018-10-03 05:30:00,0.002738178071351457
2018-10-03 06:00:00,0.0032090631209312696
2018-10-03 06:30:00,0.003492066607110842
2018-10-03 07:00:00,0.0038661356798224845
2018-10-03 07:30:00,0.004002869146391575
2018-10-03 08:00:00,0.004237657377190782
2018-10-03 08:30:00,0.004499001357841686
2018-10-03 09:00:00,0.004827560643710371
2018-10-03 09:30:00,0.005182354240632831
2018-10-03 10:00:00,0.0054928452367988025
2018-10-03 10:30:00,0.005759676596620832
2018-10-03 11:00:00,0.0059953112901559675
2018-10-03 11:30:00,0.00617294049689864
2018-10-03 12:00:00,0.006310433088612651
2018-10-03 12:30:00,0.006363242292598456
2018-10-03 13:00:00,0.006292460514311614
2018-10-03 13:30:00,0.006195068986191358
2018-10-03 14:00:00,0.006122890631206928
2018-10-03 14:30:00,0.005959850274830501
2018-10-03 15:00:00,0.0056732678139783865
2018-10-03 15:30:00,0.00539327660652174
2018-10-03 16:00:00,0.0051465371032414385
2018-10-03 16:30:00,0.004891602060935186
2018-10-03 17:00:00,0.0046539966719257725
2018-10-03 17:30:00,0.004498409137784954
2018-10-03 18:00:00,0.0044036730717881695
2018-10-03 18:30:00,0.0037758822200251053
2018-10-03 19:00:00,0.003098058909316846
2018-10-03 19:30:00,0.002674026700787663
2018-10-03 20:00:00,0.002179483017738646
2018-10-03 20:30:00,0.001868627868962842
2018-10-03 21:00:00,0.001717958717401222
2018-10-03 21:30:00,0.0015713541062641497
2018-10-03 22:00:00,0.0015530334404410926
2018-10-03 22:30:00,0.0015339954517097677
2018-10-03 23:00:00,0.001531865404199408
2018-10-03 23:30:00,0.0015294449982664517
2018-10-04 00:00:00,0.001538150151267778
2018-10-04 00:30:00,0.0015554278013667894
2018-10-04 01:00:00,0.0015627005657855423
2018-10-04 01:30:00,0.0015611200245200093
2018-10-04 02:00:00,0.001571250316910221
2018-10-04 02:30:00,0.0015609767769800829
2018-10-04 03:00:00,0.001565129957246003
2018-10-04 03:30:00,0.0015784132582150308
2018-10-04 04:00:00,0.001584550113050513
2018-10-04 04:30:00,0.0016190040113536058
2018-10-04 05:00:00,0.001994401856927275
2018-10-04 05:30:00,0.002756067171404227
2018-10-04 06:00:00,0.0032486967200530638
2018-10-04 06:30:00,0.003556728676858646
2018-10-04 07:00:00,0.003939182158307216
2018-10-04 07:30:00,0.004094175649240795
2018-10-04 08:00:00,0.0043252148748784015
2018-10-04 08:30:00,0.004537734190387416
2018-10-04 09:00:00,0.004805009921441634
2018-10-04 09:30:00,0.005097072121596078
2018-10-04 10:00:00,0.00534002620011296
2018-10-04 10:30:00,0.005568729275416094
2018-10-04 11:00:00,0.005772271658273032
2018-10-04 11:30:00,0.005903464092956043
2018-10-04 12:00:00,0.0060182622807779355
2018-10-04 12:30:00,0.006083675228085027
2018-10-04 13:00:00,0.006015949223683233
2018-10-04 13:30:00,0.005880500644138936
2018-10-04 14:00:00,0.005775758346803185
2018-10-04 14:30:00,0.005609402851677755
2018-10-04 15:00:00,0.0053173367013638765
2018-10-04 15:30:00,0.005041237963650483
2018-10-04 16:00:00,0.0048042839602726265
2018-10-04 16:30:00,0.004572948342452409
2018-10-04 17:00:00,0.004362517879933939
2018-10-04 17:30:00,0.004260350869507646
2018-10-04 18:00:00,0.004193967355005036
2018-10-04 18:30:00,0.0036147319498254903
2018-10-04 19:00:00,0.0029881742423394655
2018-10-04 19:30:00,0.0026005014716611596
2018-10-04 20:00:00,0.002130204040853463
2018-10-04 20:30:00,0.0018382989355011383
2018-10-04 21:00:00,0.001699260225339523
2018-10-04 21:30:00,0.0015667161415964424
2018-10-04 22:00:00,0.0015511355407621043
2018-10-04 22:30:00,0.0015323662062806597
2018-10-04 23:00:00,0.0015267207339154701
2018-10-04 23:30:00,0.0015269234074802933
2018-10-05 00:00:00,0.0015307777646962578
2018-10-05 00:30:00,0.0015462951629796465
2018-10-05 01:00:00,0.0015517653090376354
2018-10-05 01:30:00,0.0015507674379928388
2018-10-05 02:00:00,0.0015498911971319439
2018-10-05 02:30:00,0.0015499835700910234
2018-10-05 03:00:00,0.0015638521023731687
2018-10-05 03:30:00,0.0015570450226842125
2018-10-05 04:00:00,0.0015805888844880943
2018-10-05 04:30:00,0.0016000395563594435
2018-10-05 05:00:00,0.001975070384372483
2018-10-05 05:30:00,0.002763509619045274
2018-10-05 06:00:00,0.0032391559129938225
2018-10-05 06:30:00,0.003550378947497164
2018-10-05 07:00:00,0.0039189780477842
2018-10-05 07:30:00,0.004034852805981157
2018-10-05 08:00:00,0.004225523963292254
2018-10-05 08:30:00,0.004399556397940757
2018-10-05 09:00:00,0.004617934407607725
2018-10-05 09:30:00,0.004842715625717748
2018-10-05 10:00:00,0.005009218622400957
2018-10-05 10:30:00,0.005174885704576178
2018-10-05 11:00:00,0.005332114508257791
2018-10-05 11:30:00,0.005443312017234424
2018-10-05 12:00:00,0.005542911554253436
2018-10-05 12:30:00,0.005601874846187859
2018-10-05 13:00:00,0.005545903083787244
2018-10-05 13:30:00,0.005454921839670349
2018-10-05 14:00:00,0.005391813528238946
2018-10-05 14:30:00,0.005271294467755848
2018-10-05 15:00:00,0.005025135464279013
2018-10-05 15:30:00,0.004783920324080146
2018-10-05 16:00:00,0.004570446849730185
2018-10-05 16:30:00,0.00435380743111447
2018-10-05 17:00:00,0.004165579946609479
2018-10-05 17:30:00,0.004128695050737145
2018-10-05 18:00:00,0.004060225200928026
2018-10-05 18:30:00,0.003530477349733465
2018-10-05 19:00:00,0.00295537915054872
2018-10-05 19:30:00,0.0025908303961572755
2018-10-05 20:00:00,0.0021316341722020732
2018-10-05 20:30:00,0.0018391230863475149
2018-10-05 21:00:00,0.0017087029729464338
2018-10-05 21:30:00,0.0015800923364246951
2018-10-05 22:00:00,0.0015640739190183276
2018-10-05 22:30:00,0.0015487407891612986
2018-10-05 23:00:00,0.0015419080985485376
2018-10-05 23:30:00,0.0015427029487617473
2018-10-06 00:00:00,0.0014786778096664704
2018-10-06 00:30:00,0.0014016039483008814
2018-10-06 01:00:00,0.00138096701316556
2018-10-06 01:30:00,0.0013491689242527026
2018-10-06 02:00:00,0.0013463383528637572
2018-10-06 02:30:00,0.0013430338925677283
2018-10-06 03:00:00,0.0013491162265213477
2018-10-06 03:30:00,0.0013411562211777116
2018-10-06 04:00:00,0.001338204800955083
2018-10-06 04:30:00,0.0013383820372294825
2018-10-06 05:00:00,0.0017037999135131716
2018-10-06 05:30:00,0.0021487703110949757
2018-10-06 06:00:00,0.0020703669389254883
2018-10-06 06:30:00,0.0018715296734466418
2018-10-06 07:00:00,0.001709164360250033
2018-10-06 07:30:00,0.0015318778189862014
2018-10-06 08:00:00,0.0014114654128078315
2018-10-06 08:30:00,0.0013340098184525114
2018-10-06 09:00:00,0.0013085549042409757
2018-10-06 09:30:00,0.0012719706111607595
2018-10-06 10:00:00,0.0012649542598384745
2018-10-06 10:30:00,0.0012770626705300332
2018-10-06 11:00:00,0.0012401514257920215
2018-10-06 11:30:00,0.0012833476346401306
2018-10-06 12:00:00,0.0012899269507406037
2018-10-06 12:30:00,0.001286920488735967
2018-10-06 13:00:00,0.001341682720999459
2018-10-06 13:30:00,0.0013241572092480298
2018-10-06 14:00:00,0.0013059929436935649
2018-10-06 14:30:00,0.0013118271555446937
2018-10-06 15:00:00,0.0013100871320180427
2018-10-06 15:30:00,0.0012950672801899984
2018-10-06 16:00:00,0.0012679662781113264
2018-10-06 16:30:00,0.0012484899084994816
2018-10-06 17:00:00,0.0012278736357365862
2018-10-06 17:30:00,0.0013921300335019504
2018-10-06 18:00:00,0.0015343501413002947
2018-10-06 18:30:00,0.0016440435945160466
2018-10-06 19:00:00,0.0017623686669959618
2018-10-06 19:30:00,0.0018194812875312277
2018-10-06 20:00:00,0.0017065594254406442
2018-10-06 20:30:00,0.0015877472679166338
2018-10-06 21:00:00,0.0015273442079809132
2018-10-06 21:30:00,0.001480042177371751
2018-10-06 22:00:00,0.0014811758731294047
2018-10-06 22:30:00,0.0014602784011047993
2018-10-06 23:00:00,0.0014294928118491483
2018-10-06 23:30:00,0.0014175060313414906
2018-10-07 00:00:00,0.0013647329430990854
2018-10-07 00:30:00,0.0013137545728985761
2018-10-07 01:00:00,0.0013279776211378661
2018-10-07 01:30:00,0.0013030704334289944
2018-10-07 02:00:00,0.0013075229576450151
2018-10-07 02:30:00,0.0013083895184448787
2018-10-07 03:00:00,0.0013074254190928287
2018-10-07 03:30:00,0.001325584519054187
2018-10-07 04:00:00,0.0013377756226437944
2018-10-07 04:30:00,0.0013644339464157483
2018-10-07 05:00:00,0.0020578162840106658
2018-10-07 05:30:00,0.0023597584406272135
2018-10-07 06:00:00,0.002126336096825378
2018-10-07 06:30:00,0.0018266490905707257
2018-10-07 07:00:00,0.0016444355718752994
2018-10-07 07:30:00,0.001760876418305038
2018-10-07 08:00:00,0.0015464655841438135
2018-10-07 08:30:00,0.0014037373382538398
2018-10-07 09:00:00,0.0013097692527044421
2018-10-07 09:30:00,0.0012254299629304785
2018-10-07 10:00:00,0.0011750076536349557
2018-10-07 10:30:00,0.0011393722235775432
2018-10-07 11:00:00,0.0010860685551289198
2018-10-07 11:30:00,0.0010797707421485744
2018-10-07 12:00:00,0.0010795650734079167
2018-10-07 12:30:00,0.001058904393907644
2018-10-07 13:00:00,0.001070349004180853
2018-10-07 13:30:00,0.0010697747985874756
2018-10-07 14:00:00,0.001064543615471091
2018-10-07 14:30:00,0.00109129483310227
2018-10-07 15:00:00,0.001101473742839366
2018-10-07 15:30:00,0.0010923875079734903
2018-10-07 16:00:00,0.0010918820611992774
2018-10-07 16:30:00,0.0010937154994852987
2018-10-07 17:00:00,0.0010811146645231568
2018-10-07 17:30:00,0.0012508099109294528
2018-10-07 18:00:00,0.0014270483142844773
2018-10-07 18:30:00,0.0015189804616164118
2018-10-07 19:00:00,0.0016454044461453468
2018-10-07 19:30:00,0.0017190489614050983
2018-10-07 20:00:00,0.0015370322561478616
2018-10-07 20:30:00,0.0013802145729058378
2018-10-07 21:00:00,0.0013475988443984186
2018-10-07 21:30:00,0.001304737878202083
2018-10-07 22:00:00,0.0013237081499145333
2018-10-07 22:30:00,0.0013320499750645916
2018-10-07 23:00:00,0.001327066219517171
2018-10-07 23:30:00,0.0013309720590308181
2018-10-08 00:00:00,0.0014593735107359188
2018-10-08 00:30:00,0.0015856796416070054
2018-10-08 01:00:00,0.001633071180224449
2018-10-08 01:30:00,0.0016862337281420723
2018-10-08 02:00:00,0.00168888979798238
2018-10-08 02:30:00,0.0016928701696251342
2018-10-08 03:00:00,0.0017132032029340844
2018-10-08 03:30:00,0.0017257147903380178
2018-10-08 04:00:00,0.001734401798650953
2018-10-08 04:30:00,0.0017678698500209348
2018-10-08 05:00:00,0.002405595960478183
2018-10-08 05:30:00,0.003579536289715651
2018-10-08 06:00:00,0.003927254977457837
2018-10-08 06:30:00,0.0041421997342678775
2018-10-08 07:00:00,0.004398483734316783
2018-10-08 07:30:00,0.004320092082400561
2018-10-08 08:00:00,0.004325428183487855
2018-10-08 08:30:00,0.004303644790541322
2018-10-08 09:00:00,0.004365101284203993
2018-10-08 09:30:00,0.004462715540544662
2018-10-08 10:00:00,0.004548109522887592
2018-10-08 10:30:00,0.00465333604031664
2018-10-08 11:00:00,0.004770839306000833
2018-10-08 11:30:00,0.004872534684754004
2018-10-08 12:00:00,0.00496852724871767
2018-10-08 12:30:00,0.005029597104247574
2018-10-08 13:00:00,0.004989344892795025
2018-10-08 13:30:00,0.004914009535663997
2018-10-08 14:00:00,0.0048581017137562035
2018-10-08 14:30:00,0.004743655524207422
2018-10-08 15:00:00,0.004518383531343942
2018-10-08 15:30:00,0.004296731403814404
2018-10-08 16:00:00,0.004114723380226254
2018-10-08 16:30:00,0.003930297945880981
2018-10-08 17:00:00,0.003790385512542506
2018-10-08 17:30:00,0.003844829474817289
2018-10-08 18:00:00,0.0038371986349570652
2018-10-08 18:30:00,0.0033985925085324633
2018-10-08 19:00:00,0.0029048942898274297
2018-10-08 19:30:00,0.0026131784448611894
2018-10-08 20:00:00,0.0021629151809041424
2018-10-08 20:30:00,0.0018844980034612132
2018-10-08 21:00:00,0.0017506247561809977
2018-10-08 21:30:00,0.001620895356372434
2018-10-08 22:00:00,0.001615108546434517
2018-10-08 22:30:00,0.001610567816460578
2018-10-08 23:00:00,0.0016153644820391855
2018-10-08 23:30:00,0.0016296213887879128
2018-10-09 00:00:00,0.0016562749376418692
2018-10-09 00:30:00,0.001672153493359254
2018-10-09 01:00:00,0.0016927471503741793
2018-10-09 01:30:00,0.0017059962021586613
2018-10-09 02:00:00,0.0017019379993525466
2018-10-09 02:30:00,0.0017083067849776735
2018-10-09 03:00:00,0.001713599955211335
2018-10-09 03:30:00,0.001724542027069475
2018-10-09 04:00:00,0.0017371409520644183
2018-10-09 04:30:00,0.0017517443876347316
2018-10-09 05:00:00,0.002328192456137382
2018-10-09 05:30:00,0.0033312224959715603
2018-10-09 06:00:00,0.003744600212931092
2018-10-09 06:30:00,0.003971750571718113
2018-10-09 07:00:00,0.0042394946788195465
2018-10-09 07:30:00,0.004218853533074719
2018-10-09 08:00:00,0.004282700090236888
2018-10-09 08:30:00,0.004311132165819893
2018-10-09 09:00:00,0.004421849795537773
2018-10-09 09:30:00,0.004578415276292836
2018-10-09 10:00:00,0.004717591200234362
2018-10-09 10:30:00,0.0048747318849747465
2018-10-09 11:00:00,0.005047085588680351
2018-10-09 11:30:00,0.00520144036921924
2018-10-09 12:00:00,0.0053286312923952715
2018-10-09 12:30:00,0.005389198262243345
2018-10-09 13:00:00,0.0053326328907189425
2018-10-09 13:30:00,0.005216527894657813
2018-10-09 14:00:00,0.0051357332869635
2018-10-09 14:30:00,0.005004182342755563
2018-10-09 15:00:00,0.004747855238219645
2018-10-09 15:30:00,0.004500405487591383
2018-10-09 16:00:00,0.004288440409836846
2018-10-09 16:30:00,0.004073638596708314
2018-10-09 17:00:00,0.0039067817351931405
2018-10-09 17:30:00,0.0039507065965276745
2018-10-09 18:00:00,0.003928821107152687
2018-10-09 18:30:00,0.003454495251663842
2018-10-09 19:00:00,0.002911486150939733
2018-10-09 19:30:00,0.0025850697180433086
2018-10-09 20:00:00,0.002139377266043585
2018-10-09 20:30:00,0.0018629059979096921
2018-10-09 21:00:00,0.0017266484170315745
2018-10-09 21:30:00,0.0015985151420845542
2018-10-09 22:00:00,0.001587860173023103
2018-10-09 22:30:00,0.001578670973561862
2018-10-09 23:00:00,0.001577677356534918
2018-10-09 23:30:00,0.0015807293973022585
2018-10-10 00:00:00,0.001598239976582859
2018-10-10 00:30:00,0.0016141863795441547
2018-10-10 01:00:00,0.0016305495894382905
2018-10-10 01:30:00,0.0016430351318349645
2018-10-10 02:00:00,0.0016401724382703994
2018-10-10 02:30:00,0.0016377374905417236
2018-10-10 03:00:00,0.0016457769765658465
2018-10-10 03:30:00,0.0016562426418328675
2018-10-10 04:00:00,0.0016703329907601717
2018-10-10 04:30:00,0.001695234057892338
2018-10-10 05:00:00,0.002191940040852371
2018-10-10 05:30:00,0.0031141411803993447
2018-10-10 06:00:00,0.0035811913197019464
2018-10-10 06:30:00,0.0038433925283584466
2018-10-10 07:00:00,0.004160590634793844
2018-10-10 07:30:00,0.004192852238019227
2018-10-10 08:00:00,0.004284745144206891
2018-10-10 08:30:00,0.004345651003007753
2018-10-10 09:00:00,0.004465324121655066
2018-10-10 09:30:00,0.004582033058026194
2018-10-10 10:00:00,0.004670356756419038
2018-10-10 10:30:00,0.004791838787637203
2018-10-10 11:00:00,0.004920935641036128
2018-10-10 11:30:00,0.005009332742941098
2018-10-10 12:00:00,0.00509197611206737
2018-10-10 12:30:00,0.00514835456725634
2018-10-10 13:00:00,0.005095040914888268
2018-10-10 13:30:00,0.00499627638080199
2018-10-10 14:00:00,0.004931632499150922
2018-10-10 14:30:00,0.004810861105955829
2018-10-10 15:00:00,0.0045707533126489374
2018-10-10 15:30:00,0.00434848678339815
2018-10-10 16:00:00,0.004162615286841495
2018-10-10 16:30:00,0.003973586310646444
2018-10-10 17:00:00,0.003826839710811462
2018-10-10 17:30:00,0.0038934769036847784
2018-10-10 18:00:00,0.003884115286275481
2018-10-10 18:30:00,0.0034260252371869286
2018-10-10 19:00:00,0.0028792837566975196
2018-10-10 19:30:00,0.0025573770602163957
2018-10-10 20:00:00,0.002128531734345686
2018-10-10 20:30:00,0.0018625212263357806
2018-10-10 21:00:00,0.0017223439152734775
2018-10-10 21:30:00,0.0015879375701030084
2018-10-10 22:00:00,0.0015782905862308395
2018-10-10 22:30:00,0.0015670509501647613
2018-10-10 23:00:00,0.0015643307661982503
2018-10-10 23:30:00,0.0015681026475578932
2018-10-11 00:00:00,0.0015843301195558625
2018-10-11 00:30:00,0.0016012770414710257
2018-10-11 01:00:00,0.0016130808558026863
2018-10-11 01:30:00,0.0016260511391928024
2018-10-11 02:00:00,0.0016242243423836324
2018-10-11 02:30:00,0.0016260112903316957
2018-10-11 03:00:00,0.0016377417879679214
2018-10-11 03:30:00,0.0016370376611966652
2018-10-11 04:00:00,0.0016524864308859253
2018-10-11 04:30:00,0.0016666184084164989
2018-10-11 05:00:00,0.002130785495640528
2018-10-11 05:30:00,0.0030051140018776323
2018-10-11 06:00:00,0.0034903315755439156
2018-10-11 06:30:00,0.0037608837251030137
2018-10-11 07:00:00,0.0040690320596827
2018-10-11 07:30:00,0.004115532338151729
2018-10-11 08:00:00,0.0042482878205370635
2018-10-11 08:30:00,0.004353984537163834
2018-10-11 09:00:00,0.00450980474003617
2018-10-11 09:30:00,0.004679793774124352
2018-10-11 10:00:00,0.0048230700503754075
2018-10-11 10:30:00,0.0049810812894834355
2018-10-11 11:00:00,0.005136545978006683
2018-10-11 11:30:00,0.005255337473158267
2018-10-11 12:00:00,0.0053606781545358015
2018-10-11 12:30:00,0.0054374305336951185
2018-10-11 13:00:00,0.005402597680536404
2018-10-11 13:30:00,0.005318704064244992
2018-10-11 14:00:00,0.005253521137760346
2018-10-11 14:30:00,0.005104103969697683
2018-10-11 15:00:00,0.004820658195886502
2018-10-11 15:30:00,0.0045457287487740165
2018-10-11 16:00:00,0.004313200399846357
2018-10-11 16:30:00,0.004090025985050856
2018-10-11 17:00:00,0.003905315574917821
2018-10-11 17:30:00,0.003926711114297916
2018-10-11 18:00:00,0.0038837409761128183
2018-10-11 18:30:00,0.0034093497476557527
2018-10-11 19:00:00,0.002852162005429731
2018-10-11 19:30:00,0.002518602599067396
2018-10-11 20:00:00,0.002102427865369938
2018-10-11 20:30:00,0.0018469405820930973
2018-10-11 21:00:00,0.0017073751984763522
2018-10-11 21:30:00,0.0015789087210697943
2018-10-11 22:00:00,0.0015659141724145818
2018-10-11 22:30:00,0.0015565983074013697
2018-10-11 23:00:00,0.0015526203666259592
2018-10-11 23:30:00,0.001558252295587374
2018-10-12 00:00:00,0.001577049758676659
2018-10-12 00:30:00,0.001593533730587787
2018-10-12 01:00:00,0.0016030360778529762
2018-10-12 01:30:00,0.0016117633691104727
2018-10-12 02:00:00,0.001620667679600642
2018-10-12 02:30:00,0.00161685225967053
2018-10-12 03:00:00,0.0016338574789936085
2018-10-12 03:30:00,0.0016429665900575272
2018-10-12 04:00:00,0.0016494872614833214
2018-10-12 04:30:00,0.001680003805813983
2018-10-12 05:00:00,0.0021641327849935164
2018-10-12 05:30:00,0.0031185535084874948
2018-10-12 06:00:00,0.003604421860068498
2018-10-12 06:30:00,0.0038250978641343027
2018-10-12 07:00:00,0.0041113989520913255
2018-10-12 07:30:00,0.00409547412307771
2018-10-12 08:00:00,0.004167098978249536
2018-10-12 08:30:00,0.004230836971139778
2018-10-12 09:00:00,0.004373029427822082
2018-10-12 09:30:00,0.004555632406192727
2018-10-12 10:00:00,0.004729081519495313
2018-10-12 10:30:00,0.004949873597476802
2018-10-12 11:00:00,0.005172511441714416
2018-10-12 11:30:00,0.005338106596261256
2018-10-12 12:00:00,0.005480820691030619
2018-10-12 12:30:00,0.00556432458719674
2018-10-12 13:00:00,0.005520640815812736
2018-10-12 13:30:00,0.005417182407109835
2018-10-12 14:00:00,0.005336269294632491
2018-10-12 14:30:00,0.0051939026402599685
2018-10-12 15:00:00,0.004918144223974763
2018-10-12 15:30:00,0.0046395644388698455
2018-10-12 16:00:00,0.004401856692981903
2018-10-12 16:30:00,0.004171917087550787
2018-10-12 17:00:00,0.0039768048224185166
2018-10-12 17:30:00,0.003981440616668952
2018-10-12 18:00:00,0.0039223091608043235
2018-10-12 18:30:00,0.0034337624274934607
2018-10-12 19:00:00,0.0028669945068388897
2018-10-12 19:30:00,0.002519653037618511
2018-10-12 20:00:00,0.002097123365558119
2018-10-12 20:30:00,0.0018406272723334328
2018-10-12 21:00:00,0.0016985674715547698
2018-10-12 21:30:00,0.001574495307773008
2018-10-12 22:00:00,0.0015594805781297245
2018-10-12 22:30:00,0.0015466715567428895
2018-10-12 23:00:00,0.0015423445260535134
2018-10-12 23:30:00,0.0015445654272308628
2018-10-13 00:00:00,0.0014842415007088655
2018-10-13 00:30:00,0.0014050854278295829
2018-10-13 01:00:00,0.00138025494266709
2018-10-13 01:30:00,0.0013471373702781285
2018-10-13 02:00:00,0.0013428619087031259
2018-10-13 02:30:00,0.0013391491929183065
2018-10-13 03:00:00,0.0013466884411696685
2018-10-13 03:30:00,0.0013378567094330617
2018-10-13 04:00:00,0.001324420654496458
2018-10-13 04:30:00,0.0013148445998607248
2018-10-13 05:00:00,0.0017261309027373313
2018-10-13 05:30:00,0.002235442756027577
2018-10-13 06:00:00,0.0021519423325290906
2018-10-13 06:30:00,0.0019414305661796263
2018-10-13 07:00:00,0.001749545320855134
2018-10-13 07:30:00,0.00155283180867656
2018-10-13 08:00:00,0.0014657741580865928
2018-10-13 08:30:00,0.0013615234168545165
2018-10-13 09:00:00,0.001284449468672237
2018-10-13 09:30:00,0.001245904854712301
2018-10-13 10:00:00,0.0012584644083379372
2018-10-13 10:30:00,0.0012554916746177012
2018-10-13 11:00:00,0.0012377174764552907
2018-10-13 11:30:00,0.001276677898956122
2018-10-13 12:00:00,0.0012812616900087297
2018-10-13 12:30:00,0.001311445248921581
2018-10-13 13:00:00,0.001351507201596101
2018-10-13 13:30:00,0.001340457520449634
2018-10-13 14:00:00,0.0013557389509672533
2018-10-13 14:30:00,0.0013549392824277005
2018-10-13 15:00:00,0.0013516260102375485
2018-10-13 15:30:00,0.0013330001403377579
2018-10-13 16:00:00,0.0012978323483856863
2018-10-13 16:30:00,0.0012841239060814953
2018-10-13 17:00:00,0.001261358703177977
2018-10-13 17:30:00,0.001477789501285545
2018-10-13 18:00:00,0.0016128131565364058
2018-10-13 18:30:00,0.0016924193739578206
2018-10-13 19:00:00,0.0017714801221105337
2018-10-13 19:30:00,0.0018423047010259707
2018-10-13 20:00:00,0.0017241215304272732
2018-10-13 20:30:00,0.0015830786569570512
2018-10-13 21:00:00,0.0015413628463215633
2018-10-13 21:30:00,0.0014967554755717977
2018-10-13 22:00:00,0.0014940474025336623
2018-10-13 22:30:00,0.0014764127187934708
2018-10-13 23:00:00,0.0014404592791974213
2018-10-13 23:30:00,0.0014304888163350908
2018-10-14 00:00:00,0.00137659640049737
2018-10-14 00:30:00,0.0013254944033290698
2018-10-14 01:00:00,0.0013364801005743693
2018-10-14 01:30:00,0.0013105442653037896
2018-10-14 02:00:00,0.0013065938020110379
2018-10-14 02:30:00,0.0013090382561673636
2018-10-14 03:00:00,0.0013106879035188247
2018-10-14 03:30:00,0.0013244345451669964
2018-10-14 04:00:00,0.0013349151863131915
2018-10-14 04:30:00,0.0013479819230468582
2018-10-14 05:00:00,0.0019892238924423904
2018-10-14 05:30:00,0.002266624750293715
2018-10-14 06:00:00,0.0021365461303461493
2018-10-14 06:30:00,0.0018607626674456298
2018-10-14 07:00:00,0.0016542890492466898
2018-10-14 07:30:00,0.0017275644633452307
2018-10-14 08:00:00,0.0015538538581697618
2018-10-14 08:30:00,0.001393971111656768
2018-10-14 09:00:00,0.0013311960460932486
2018-10-14 09:30:00,0.0012369338255952024
2018-10-14 10:00:00,0.0011871075996991555
2018-10-14 10:30:00,0.0011751603641941867
2018-10-14 11:00:00,0.0011217822938414924
2018-10-14 11:30:00,0.0011293482382252946
2018-10-14 12:00:00,0.001136424276022549
2018-10-14 12:30:00,0.0011275451423727306
2018-10-14 13:00:00,0.0011228413706533481
2018-10-14 13:30:00,0.0011294076642501916
2018-10-14 14:00:00,0.001150079673328622
2018-10-14 14:30:00,0.0011525328091540339
2018-10-14 15:00:00,0.001167568201169743
2018-10-14 15:30:00,0.0011482705003076972
2018-10-14 16:00:00,0.001149734403349054
2018-10-14 16:30:00,0.0011674026851486098
2018-10-14 17:00:00,0.0011634968890433081
2018-10-14 17:30:00,0.0013870605898806468
2018-10-14 18:00:00,0.001518505747950765
2018-10-14 18:30:00,0.0016050466655967064
2018-10-14 19:00:00,0.0017059958114835523
2018-10-14 19:30:00,0.001738607937098301
2018-10-14 20:00:00,0.0015804315292359027
2018-10-14 20:30:00,0.0014024766296774512
2018-10-14 21:00:00,0.0013532567315504016
2018-10-14 21:30:00,0.0013101784197684868
2018-10-14 22:00:00,0.0013221089864688096
2018-10-14 22:30:00,0.0013320825313236657
2018-10-14 23:00:00,0.0013231502224506926
2018-10-14 23:30:00,0.001322308187365998
2018-10-15 00:00:00,0.0014494102102505847
2018-10-15 00:30:00,0.0015713781544875191
2018-10-15 01:00:00,0.0016136652623572408
2018-10-15 01:30:00,0.0016590410042295022
2018-10-15 02:00:00,0.0016545948610402598
2018-10-15 02:30:00,0.0016576083551968564
2018-10-15 03:00:00,0.0016672934950046608
2018-10-15 03:30:00,0.0016773203887160532
2018-10-15 04:00:00,0.0016934356935494254
2018-10-15 04:30:00,0.0017197994048809306
2018-10-15 05:00:00,0.0023570712904115764
2018-10-15 05:30:00,0.003432061471477699
2018-10-15 06:00:00,0.00389962374243971
2018-10-15 06:30:00,0.00413532120444234
2018-10-15 07:00:00,0.004382289339478032
2018-10-15 07:30:00,0.00431812103965952
2018-10-15 08:00:00,0.004319524952367489
2018-10-15 08:30:00,0.004288703203960093
2018-10-15 09:00:00,0.004340959038358328
2018-10-15 09:30:00,0.004429003230414933
2018-10-15 10:00:00,0.004513667865737911
2018-10-15 10:30:00,0.004636830451049487
2018-10-15 11:00:00,0.00477112823194803
2018-10-15 11:30:00,0.0048784860991378
2018-10-15 12:00:00,0.00497940707300846
2018-10-15 12:30:00,0.005048078467765421
2018-10-15 13:00:00,0.00501173865048668
2018-10-15 13:30:00,0.00493288608875866
2018-10-15 14:00:00,0.0048802199586794
2018-10-15 14:30:00,0.004767490873050881
2018-10-15 15:00:00,0.0045350518584981216
2018-10-15 15:30:00,0.00430028172897896
2018-10-15 16:00:00,0.004100940709651373
2018-10-15 16:30:00,0.0038929596064322626
2018-10-15 17:00:00,0.003784414043503121
2018-10-15 17:30:00,0.0038377499209440546
2018-10-15 18:00:00,0.0038024542045979946
2018-10-15 18:30:00,0.003373409894871824
2018-10-15 19:00:00,0.002837644692016756
2018-10-15 19:30:00,0.002544255585559139
2018-10-15 20:00:00,0.002111078714531129
2018-10-15 20:30:00,0.0018542341825176578
2018-10-15 21:00:00,0.0017120310473823777
2018-10-15 21:30:00,0.0015822073646475352
2018-10-15 22:00:00,0.00157096551475584
2018-10-15 22:30:00,0.0015620079856341709
2018-10-15 23:00:00,0.0015576552137959536
2018-10-15 23:30:00,0.0015631345624231739
2018-10-16 00:00:00,0.0015785025057732396
2018-10-16 00:30:00,0.0015992965357106799
2018-10-16 01:00:00,0.0016067133724279228
2018-10-16 01:30:00,0.0016149881316842882
2018-10-16 02:00:00,0.001617559989334457
2018-10-16 02:30:00,0.0016207655654195915
2018-10-16 03:00:00,0.0016387913149437821
2018-10-16 03:30:00,0.001642643892417584
2018-10-16 04:00:00,0.0016596372612623592
2018-10-16 04:30:00,0.0016852755757333464
2018-10-16 05:00:00,0.002231061334681374
2018-10-16 05:30:00,0.003274294057045963
2018-10-16 06:00:00,0.0037937313844000776
2018-10-16 06:30:00,0.0040231084176743925
2018-10-16 07:00:00,0.004282102487545322
2018-10-16 07:30:00,0.004235193996995849
2018-10-16 08:00:00,0.0042661515267077565
2018-10-16 08:30:00,0.004264693006301232
2018-10-16 09:00:00,0.0043505597489342665
2018-10-16 09:30:00,0.004485500754695424
2018-10-16 10:00:00,0.00461815227409345
2018-10-16 10:30:00,0.004794938186909411
2018-10-16 11:00:00,0.004981110329666531
2018-10-16 11:30:00,0.00513466426964054
2018-10-16 12:00:00,0.0052702219777652545
2018-10-16 12:30:00,0.005355787162622571
2018-10-16 13:00:00,0.005325244226017885
2018-10-16 13:30:00,0.005239687418971238
2018-10-16 14:00:00,0.0051664610128946895
2018-10-16 14:30:00,0.005020877235817147
2018-10-16 15:00:00,0.004755003290461971
2018-10-16 15:30:00,0.004481271219149889
2018-10-16 16:00:00,0.004247961302962723
2018-10-16 16:30:00,0.0040242444140743535
2018-10-16 17:00:00,0.0039029726094731163
2018-10-16 17:30:00,0.003932648638011174
2018-10-16 18:00:00,0.0038726952451257858
2018-10-16 18:30:00,0.003420498486646496
2018-10-16 19:00:00,0.002871847473041523
2018-10-16 19:30:00,0.002551369171575192
2018-10-16 20:00:00,0.0021304098832275026
2018-10-16 20:30:00,0.0018693047787015126
2018-10-16 21:00:00,0.001722739842792165
2018-10-16 21:30:00,0.0015921361120899056
2018-10-16 22:00:00,0.0015795518157073727
2018-10-16 22:30:00,0.0015706109553903498
2018-10-16 23:00:00,0.0015675205850539924
2018-10-16 23:30:00,0.0015756757543186923
2018-10-17 00:00:00,0.001598235852790043
2018-10-17 00:30:00,0.001608676341216714
2018-10-17 01:00:00,0.0016271693815794823
2018-10-17 01:30:00,0.0016353851488944053
2018-10-17 02:00:00,0.0016422267382179801
2018-10-17 02:30:00,0.001641575656444842
2018-10-17 03:00:00,0.0016551133303181027
2018-10-17 03:30:00,0.0016595560442480557
2018-10-17 04:00:00,0.001680408501818448
2018-10-17 04:30:00,0.001703502219080197
2018-10-17 05:00:00,0.0022246806985779443
2018-10-17 05:30:00,0.0031891653431019686
2018-10-17 06:00:00,0.0037294224415423648
2018-10-17 06:30:00,0.003981074337050195
2018-10-17 07:00:00,0.0042788569323740444
2018-10-17 07:30:00,0.004254310164157296
2018-10-17 08:00:00,0.004306489903725988
2018-10-17 08:30:00,0.004329616567921921
2018-10-17 09:00:00,0.0044222113870552235
2018-10-17 09:30:00,0.004557680846013674
2018-10-17 10:00:00,0.004670211078011768
2018-10-17 10:30:00,0.004804883169072972
2018-10-17 11:00:00,0.00494222287659437
2018-10-17 11:30:00,0.005060181582638838
2018-10-17 12:00:00,0.005163851693842413
2018-10-17 12:30:00,0.005223698606056456
2018-10-17 13:00:00,0.005166713215381652
2018-10-17 13:30:00,0.005062996353390046
2018-10-17 14:00:00,0.004984202262703323
2018-10-17 14:30:00,0.004845608227632315
2018-10-17 15:00:00,0.004588123726382137
2018-10-17 15:30:00,0.004330465808791957
2018-10-17 16:00:00,0.004120846952108034
2018-10-17 16:30:00,0.003920488267530132
2018-10-17 17:00:00,0.0038248536053745556
2018-10-17 17:30:00,0.0038929890372904653
2018-10-17 18:00:00,0.0038540222337628553
2018-10-17 18:30:00,0.0033968541345229387
2018-10-17 19:00:00,0.002863316604547107
2018-10-17 19:30:00,0.0025438066998590245
2018-10-17 20:00:00,0.0021172977413645142
2018-10-17 20:30:00,0.001854999949139428
2018-10-17 21:00:00,0.00171851838119888
2018-10-17 21:30:00,0.001586881141200224
2018-10-17 22:00:00,0.0015841629974259485
2018-10-17 22:30:00,0.001567842588160409
2018-10-17 23:00:00,0.001573406973736331
2018-10-17 23:30:00,0.0015705118541377281
2018-10-18 00:00:00,0.0015946129488719231
2018-10-18 00:30:00,0.0016111687181863965
2018-10-18 01:00:00,0.0016272211243272376
2018-10-18 01:30:00,0.0016289025465875552
2018-10-18 02:00:00,0.0016375737976710987
2018-10-18 02:30:00,0.0016344402360310363
2018-10-18 03:00:00,0.0016489778645496739
2018-10-18 03:30:00,0.001653953415919808
2018-10-18 04:00:00,0.0016741590457349143
2018-10-18 04:30:00,0.0016996623168432615
2018-10-18 05:00:00,0.0021913720426523903
2018-10-18 05:30:00,0.00313574863932184
2018-10-18 06:00:00,0.0036696906482604087
2018-10-18 06:30:00,0.003914824910926625
2018-10-18 07:00:00,0.004241687451389056
2018-10-18 07:30:00,0.0042621216695512085
2018-10-18 08:00:00,0.004342688122981931
2018-10-18 08:30:00,0.004388114565801657
2018-10-18 09:00:00,0.004480411690501986
2018-10-18 09:30:00,0.004590770506836522
2018-10-18 10:00:00,0.004670959741745437
2018-10-18 10:30:00,0.004789619188710217
2018-10-18 11:00:00,0.00491217900573712
2018-10-18 11:30:00,0.005019224897148269
2018-10-18 12:00:00,0.005124313853530642
2018-10-18 12:30:00,0.005203953929461493
2018-10-18 13:00:00,0.005160204481250851
2018-10-18 13:30:00,0.005061285066188071
2018-10-18 14:00:00,0.0049820619274150955
2018-10-18 14:30:00,0.004838129707656213
2018-10-18 15:00:00,0.004571929071093314
2018-10-18 15:30:00,0.004295223614935815
2018-10-18 16:00:00,0.0040752092408710885
2018-10-18 16:30:00,0.0038713941667881456
2018-10-18 17:00:00,0.0037894394710621566
2018-10-18 17:30:00,0.0038526305187999528
2018-10-18 18:00:00,0.00383458093809412
2018-10-18 18:30:00,0.0033881848368149396
2018-10-18 19:00:00,0.002866728153231317
2018-10-18 19:30:00,0.002568209352368937
2018-10-18 20:00:00,0.002137754879133055
2018-10-18 20:30:00,0.0018665799500420404
2018-10-18 21:00:00,0.0017246429080642598
2018-10-18 21:30:00,0.0015973269254450375
2018-10-18 22:00:00,0.0015945577334565335
2018-10-18 22:30:00,0.001595138754160144
2018-10-18 23:00:00,0.0015919603082909046
2018-10-18 23:30:00,0.0016026580779809523
2018-10-19 00:00:00,0.00162063633877524
2018-10-19 00:30:00,0.0016327914134381383
2018-10-19 01:00:00,0.001647753141491649
2018-10-19 01:30:00,0.0016520435355374804
2018-10-19 02:00:00,0.0016625578615597312
2018-10-19 02:30:00,0.001662646327767722
2018-10-19 03:00:00,0.001671909451641234
2018-10-19 03:30:00,0.0016833061825094315
2018-10-19 04:00:00,0.0016875183981251395
2018-10-19 04:30:00,0.0017179353637113797
2018-10-19 05:00:00,0.0022523049882608014
2018-10-19 05:30:00,0.0032909183247295287
2018-10-19 06:00:00,0.003799455382462154
2018-10-19 06:30:00,0.0040030689550056
2018-10-19 07:00:00,0.0043148024716512245
2018-10-19 07:30:00,0.004287934528979179
2018-10-19 08:00:00,0.004315787754275846
2018-10-19 08:30:00,0.004296887413407887
2018-10-19 09:00:00,0.004357649547177022
2018-10-19 09:30:00,0.004451136277583922
2018-10-19 10:00:00,0.004522492782364286
2018-10-19 10:30:00,0.004633247005317365
2018-10-19 11:00:00,0.004756624288305448
2018-10-19 11:30:00,0.004871871057969036
2018-10-19 12:00:00,0.0049756891048138435
2018-10-19 12:30:00,0.005049270287297609
2018-10-19 13:00:00,0.005011421075031497
2018-10-19 13:30:00,0.004928472762278565
2018-10-19 14:00:00,0.0048696067050379085
2018-10-19 14:30:00,0.004755975637399653
2018-10-19 15:00:00,0.004521505372730739
2018-10-19 15:30:00,0.004284972256670192
2018-10-19 16:00:00,0.004091144357662571
2018-10-19 16:30:00,0.003888478866791711
2018-10-19 17:00:00,0.0038065832932322
2018-10-19 17:30:00,0.003861430258585976
2018-10-19 18:00:00,0.0038331410832761325
2018-10-19 18:30:00,0.003376589729808117
2018-10-19 19:00:00,0.0028451391862639765
2018-10-19 19:30:00,0.0025403442331856222
2018-10-19 20:00:00,0.0021051751361439988
2018-10-19 20:30:00,0.0018397915748671714
2018-10-19 21:00:00,0.001705077985427733
2018-10-19 21:30:00,0.0015803493572379992
2018-10-19 22:00:00,0.0015701049877159916
2018-10-19 22:30:00,0.0015580274837663805
2018-10-19 23:00:00,0.0015535242586028949
2018-10-19 23:30:00,0.0015657031644474356
2018-10-20 00:00:00,0.0015065078549066765
2018-10-20 00:30:00,0.0014263142357548728
2018-10-20 01:00:00,0.0014016087232188788
2018-10-20 01:30:00,0.00137669428631632
2018-10-20 02:00:00,0.001375822473106659
2018-10-20 02:30:00,0.001364442975351598
2018-10-20 03:00:00,0.001380343625916808
2018-10-20 03:30:00,0.0013721029856199522
2018-10-20 04:00:00,0.0013612673076164666
2018-10-20 04:30:00,0.001355047065349409
2018-10-20 05:00:00,0.001837826262027727
2018-10-20 05:30:00,0.0024057070424341447
2018-10-20 06:00:00,0.0023630668076743315
2018-10-20 06:30:00,0.0021276938230538073
2018-10-20 07:00:00,0.001956642499936208
2018-10-20 07:30:00,0.0017239008423990958
2018-10-20 08:00:00,0.0016140049760685932
2018-10-20 08:30:00,0.0014920640318225177
2018-10-20 09:00:00,0.0013954608426636568
2018-10-20 09:30:00,0.001355125504229605
2018-10-20 10:00:00,0.0013003939616663335
2018-10-20 10:30:00,0.0012925913983915798
2018-10-20 11:00:00,0.001253031767090402
2018-10-20 11:30:00,0.0012495062280910864
2018-10-20 12:00:00,0.0012629540900976478
2018-10-20 12:30:00,0.0012279064958540785
2018-10-20 13:00:00,0.0012663608638638607
2018-10-20 13:30:00,0.0012556101359923859
2018-10-20 14:00:00,0.0012416028706382393
2018-10-20 14:30:00,0.001281808418119449
2018-10-20 15:00:00,0.0012543249885175192
2018-10-20 15:30:00,0.0012785077343494726
2018-10-20 16:00:00,0.0012851082771308622
2018-10-20 16:30:00,0.0012638573743577472
2018-10-20 17:00:00,0.0013459215893392622
2018-10-20 17:30:00,0.0015386611977185518
2018-10-20 18:00:00,0.0016750282544438495
2018-10-20 18:30:00,0.0018007901314799066
2018-10-20 19:00:00,0.0018871466938827975
2018-10-20 19:30:00,0.0019286852682438857
2018-10-20 20:00:00,0.0017677886764149765
2018-10-20 20:30:00,0.0015971526843464726
2018-10-20 21:00:00,0.001550590896251966
2018-10-20 21:30:00,0.0014971336490772033
2018-10-20 22:00:00,0.0014911955176471097
2018-10-20 22:30:00,0.0014765743714718605
2018-10-20 23:00:00,0.0014439846011550096
2018-10-20 23:30:00,0.0014307592503271338
2018-10-21 00:00:00,0.0013784026651591512
2018-10-21 00:30:00,0.0013289193651920186
2018-10-21 01:00:00,0.0013385531095188312
2018-10-21 01:30:00,0.0013142894071226465
2018-10-21 02:00:00,0.0013124696858737817
2018-10-21 02:30:00,0.001322246721148866
2018-10-21 03:00:00,0.0013223102275582335
2018-10-21 03:30:00,0.0013349051155770513
2018-10-21 04:00:00,0.0013490793294277303
2018-10-21 04:30:00,0.0013641533114625288
2018-10-21 05:00:00,0.0021538272097044496
2018-10-21 05:30:00,0.002532118525359595
2018-10-21 06:00:00,0.0023555466156866146
2018-10-21 06:30:00,0.0019824832709302914
2018-10-21 07:00:00,0.0017724238629485758
2018-10-21 07:30:00,0.0019271537784086908
2018-10-21 08:00:00,0.0016904668665802785
2018-10-21 08:30:00,0.0015371390840859703
2018-10-21 09:00:00,0.001452155006748956
2018-10-21 09:30:00,0.0013357273130478833
2018-10-21 10:00:00,0.0012681676494257868
2018-10-21 10:30:00,0.0012270398048291782
2018-10-21 11:00:00,0.0011810681531908228
2018-10-21 11:30:00,0.0011774010161687079
2018-10-21 12:00:00,0.0011867495676660305
2018-10-21 12:30:00,0.0011851652064660992
2018-10-21 13:00:00,0.001189582396288938
2018-10-21 13:30:00,0.0012057955435329148
2018-10-21 14:00:00,0.00119315425199283
2018-10-21 14:30:00,0.0012095752818030814
2018-10-21 15:00:00,0.0012268197679261824
2018-10-21 15:30:00,0.0011942099429537417
2018-10-21 16:00:00,0.001192952620228297
2018-10-21 16:30:00,0.001174250134598818
2018-10-21 17:00:00,0.0012164273325379052
2018-10-21 17:30:00,0.001424176070883917
2018-10-21 18:00:00,0.001519692488706537
2018-10-21 18:30:00,0.0016119523256381391
2018-10-21 19:00:00,0.0016835145425675062
2018-10-21 19:30:00,0.00171153115687638
2018-10-21 20:00:00,0.0015472053491666696
2018-10-21 20:30:00,0.001379367979944873
2018-10-21 21:00:00,0.0013285672801022178
2018-10-21 21:30:00,0.0012929736088731106
2018-10-21 22:00:00,0.0013102912814666105
2018-10-21 22:30:00,0.0013175134751629352
2018-10-21 23:00:00,0.0013022546603932861
2018-10-21 23:30:00,0.0013003172591199547
2018-10-22 00:00:00,0.0014228826324150729
2018-10-22 00:30:00,0.001542155395892465
2018-10-22 01:00:00,0.0015856014631768821
2018-10-22 01:30:00,0.0016281901722306666
2018-10-22 02:00:00,0.001622479804389056
2018-10-22 02:30:00,0.0016252805976530345
2018-10-22 03:00:00,0.0016334339003588809
2018-10-22 03:30:00,0.0016361394991213267
2018-10-22 04:00:00,0.0016493464448107393
2018-10-22 04:30:00,0.0016648515151240252
2018-10-22 05:00:00,0.0022590505583242803
2018-10-22 05:30:00,0.0033906809034939837
2018-10-22 06:00:00,0.003860503143144234
2018-10-22 06:30:00,0.004061522936823068
2018-10-22 07:00:00,0.004339592890910885
2018-10-22 07:30:00,0.004270153428889844
2018-10-22 08:00:00,0.004279783526915641
2018-10-22 08:30:00,0.004275783534700751
2018-10-22 09:00:00,0.0043578852979010655
2018-10-22 09:30:00,0.00447192813710409
2018-10-22 10:00:00,0.004587469085124673
2018-10-22 10:30:00,0.0047391108874823935
2018-10-22 11:00:00,0.004910025387495191
2018-10-22 11:30:00,0.005057939758638989
2018-10-22 12:00:00,0.005200982150724857
2018-10-22 12:30:00,0.005289808040266006
2018-10-22 13:00:00,0.005254983391284576
2018-10-22 13:30:00,0.0051687398208048446
2018-10-22 14:00:00,0.0051061091313982345
2018-10-22 14:30:00,0.0049770310304045355
2018-10-22 15:00:00,0.0047291491931058405
2018-10-22 15:30:00,0.004471759235232013
2018-10-22 16:00:00,0.0042589529905596914
2018-10-22 16:30:00,0.004039628765778992
2018-10-22 17:00:00,0.003940608513129774
2018-10-22 17:30:00,0.003973029555207929
2018-10-22 18:00:00,0.003925220515124119
2018-10-22 18:30:00,0.0034615103007357637
2018-10-22 19:00:00,0.0028822942122699357
2018-10-22 19:30:00,0.002571851312550702
2018-10-22 20:00:00,0.002121670524449976
2018-10-22 20:30:00,0.0018580133564793338
2018-10-22 21:00:00,0.00171621005561383
2018-10-22 21:30:00,0.0015889587080209564
2018-10-22 22:00:00,0.0015773775785013632
2018-10-22 22:30:00,0.0015618337879439517
2018-10-22 23:00:00,0.0015656189088489518
2018-10-22 23:30:00,0.0015649082708258807
2018-10-23 00:00:00,0.0015874966715384532
2018-10-23 00:30:00,0.0016054874773445708
2018-10-23 01:00:00,0.001604992882656716
2018-10-23 01:30:00,0.0016197414757341544
2018-10-23 02:00:00,0.0016165019109145463
2018-10-23 02:30:00,0.0016203469787445886
2018-10-23 03:00:00,0.0016398103258528037
2018-10-23 03:30:00,0.0016366087867437946
2018-10-23 04:00:00,0.001656080989154478
2018-10-23 04:30:00,0.0016734389881008843
2018-10-23 05:00:00,0.0022736706626992394
2018-10-23 05:30:00,0.0033643465362039908
2018-10-23 06:00:00,0.0038643040212786263
2018-10-23 06:30:00,0.004056639628186977
2018-10-23 07:00:00,0.004369323136472387
2018-10-23 07:30:00,0.004314356190451837
2018-10-23 08:00:00,0.004329634452160239
2018-10-23 08:30:00,0.004340723417859321
2018-10-23 09:00:00,0.0044192291903156836
2018-10-23 09:30:00,0.0045254581800741435
2018-10-23 10:00:00,0.004602134117137155
2018-10-23 10:30:00,0.004711507390396998
2018-10-23 11:00:00,0.004828635738201692
2018-10-23 11:30:00,0.0049323361050220334
2018-10-23 12:00:00,0.0050179635374466985
2018-10-23 12:30:00,0.005065476185347899
2018-10-23 13:00:00,0.0050015111234027
2018-10-23 13:30:00,0.004925489523738735
2018-10-23 14:00:00,0.004871717956734696
2018-10-23 14:30:00,0.0047602863031428015
2018-10-23 15:00:00,0.004539906908301335
2018-10-23 15:30:00,0.004318987817501111
2018-10-23 16:00:00,0.0041516604529297976
2018-10-23 16:30:00,0.003994637752072297
2018-10-23 17:00:00,0.00398166785935729
2018-10-23 17:30:00,0.004049050330113333
2018-10-23 18:00:00,0.004048822219258086
2018-10-23 18:30:00,0.003587850290116288
2018-10-23 19:00:00,0.003010893779663589
2018-10-23 19:30:00,0.0026968347477281233
2018-10-23 20:00:00,0.002203404966231242
2018-10-23 20:30:00,0.0018926235248259825
2018-10-23 21:00:00,0.0017558271595643602
2018-10-23 21:30:00,0.0016251776764660151
2018-10-23 22:00:00,0.0016214384381821366
2018-10-23 22:30:00,0.0016249586379549637
2018-10-23 23:00:00,0.0016233133314380462
2018-10-23 23:30:00,0.0016340444387373853
2018-10-24 00:00:00,0.0016612089472254244
2018-10-24 00:30:00,0.001673517079714317
2018-10-24 01:00:00,0.0016960147135765909
2018-10-24 01:30:00,0.0017014282985604815
2018-10-24 02:00:00,0.001711281775931872
2018-10-24 02:30:00,0.0017161181167382046
2018-10-24 03:00:00,0.0017265662016253255
2018-10-24 03:30:00,0.001741342923310604
2018-10-24 04:00:00,0.001746739969714885
2018-10-24 04:30:00,0.0017705570436449172
2018-10-24 05:00:00,0.0024065289360465586
2018-10-24 05:30:00,0.003492605217860965
2018-10-24 06:00:00,0.0039785419809943694
2018-10-24 06:30:00,0.004145246609442111
2018-10-24 07:00:00,0.00443619898842889
2018-10-24 07:30:00,0.0044062891625423345
2018-10-24 08:00:00,0.004447923886388554
2018-10-24 08:30:00,0.004471722989263578
2018-10-24 09:00:00,0.004552834521287892
2018-10-24 09:30:00,0.004646799438028072
2018-10-24 10:00:00,0.00470818439473747
2018-10-24 10:30:00,0.004796309934033415
2018-10-24 11:00:00,0.004885024524576875
2018-10-24 11:30:00,0.0049608108944169445
2018-10-24 12:00:00,0.0050344389579137765
2018-10-24 12:30:00,0.00508150996930855
2018-10-24 13:00:00,0.005020655896663788
2018-10-24 13:30:00,0.0049378210533258145
2018-10-24 14:00:00,0.004877886760112417
2018-10-24 14:30:00,0.004751857921751951
2018-10-24 15:00:00,0.004514431809209174
2018-10-24 15:30:00,0.00428693192642473
2018-10-24 16:00:00,0.004106269301094908
2018-10-24 16:30:00,0.0039288887807632155
2018-10-24 17:00:00,0.003946440858422049
2018-10-24 17:30:00,0.00398570900268365
2018-10-24 18:00:00,0.003990248169957153
2018-10-24 18:30:00,0.00353477968107429
2018-10-24 19:00:00,0.0029729493294875994
2018-10-24 19:30:00,0.002672992800816158
2018-10-24 20:00:00,0.002179783924389182
2018-10-24 20:30:00,0.0018642445376494403
2018-10-24 21:00:00,0.0017373577767498523
2018-10-24 21:30:00,0.0016148862522975586
2018-10-24 22:00:00,0.0016022669253802622
2018-10-24 22:30:00,0.0015990107785726995
2018-10-24 23:00:00,0.0016010165479900867
2018-10-24 23:30:00,0.001609800834405136
2018-10-25 00:00:00,0.001635525010583388
2018-10-25 00:30:00,0.001650555888131172
2018-10-25 01:00:00,0.0016661676561575303
2018-10-25 01:30:00,0.001681672379204053
2018-10-25 02:00:00,0.0016827025894661962
2018-10-25 02:30:00,0.0016861417458581014
2018-10-25 03:00:00,0.0017076890842221732
2018-10-25 03:30:00,0.0017137901271726736
2018-10-25 04:00:00,0.001730074767961577
2018-10-25 04:30:00,0.0017665084774914888
2018-10-25 05:00:00,0.002388999734585767
2018-10-25 05:30:00,0.00340520429407532
2018-10-25 06:00:00,0.003964895395582419
2018-10-25 06:30:00,0.00422851379990059
2018-10-25 07:00:00,0.004516182511188801
2018-10-25 07:30:00,0.004485823408927022
2018-10-25 08:00:00,0.00452841038164699
2018-10-25 08:30:00,0.004541716819264133
2018-10-25 09:00:00,0.004609614112997002
2018-10-25 09:30:00,0.00467887920369444
2018-10-25 10:00:00,0.004710514424495236
2018-10-25 10:30:00,0.0047740508290292916
2018-10-25 11:00:00,0.004831548004096742
2018-10-25 11:30:00,0.004876191794448324
2018-10-25 12:00:00,0.0049268311888793544
2018-10-25 12:30:00,0.004954354727792463
2018-10-25 13:00:00,0.004881786782907776
2018-10-25 13:30:00,0.004787967370941485
2018-10-25 14:00:00,0.0047203184163528335
2018-10-25 14:30:00,0.0046016361800067015
2018-10-25 15:00:00,0.004368063643329671
2018-10-25 15:30:00,0.004132809120083831
2018-10-25 16:00:00,0.003952902494498056
2018-10-25 16:30:00,0.003786835881911476
2018-10-25 17:00:00,0.0038291250733817786
2018-10-25 17:30:00,0.0038805508099903126
2018-10-25 18:00:00,0.003901026092447244
2018-10-25 18:30:00,0.0034745455664189923
2018-10-25 19:00:00,0.0029304073278134998
2018-10-25 19:30:00,0.002633131568330917
2018-10-25 20:00:00,0.002165013366688955
2018-10-25 20:30:00,0.0018767057713726725
2018-10-25 21:00:00,0.0017391669063624316
2018-10-25 21:30:00,0.0016088278363422725
2018-10-25 22:00:00,0.001600530591562973
2018-10-25 22:30:00,0.0015921929770224214
2018-10-25 23:00:00,0.0015963113003869592
2018-10-25 23:30:00,0.0016066236907862597
2018-10-26 00:00:00,0.001625699097511347
2018-10-26 00:30:00,0.0016454013207444758
2018-10-26 01:00:00,0.001657507257160345
2018-10-26 01:30:00,0.0016637976907219667
2018-10-26 02:00:00,0.001668791082922073
2018-10-26 02:30:00,0.0016674118695626547
2018-10-26 03:00:00,0.0016810239887483317
2018-10-26 03:30:00,0.0016866817890836237
2018-10-26 04:00:00,0.0017028764443724463
2018-10-26 04:30:00,0.0017239885272568687
2018-10-26 05:00:00,0.0023095978836546478
2018-10-26 05:30:00,0.0033250156234748956
2018-10-26 06:00:00,0.0038821616068726115
2018-10-26 06:30:00,0.004123856539513542
2018-10-26 07:00:00,0.004397260660775884
2018-10-26 07:30:00,0.0043619385521558
2018-10-26 08:00:00,0.004386797817051315
2018-10-26 08:30:00,0.004363852860189362
2018-10-26 09:00:00,0.004405255826879319
2018-10-26 09:30:00,0.004471046687241744
2018-10-26 10:00:00,0.004502590359842023
2018-10-26 10:30:00,0.004566363773942138
2018-10-26 11:00:00,0.004643473490601054
2018-10-26 11:30:00,0.004718047335128164
2018-10-26 12:00:00,0.004783315515603239
2018-10-26 12:30:00,0.004826919285406611
2018-10-26 13:00:00,0.004760306053939973
2018-10-26 13:30:00,0.004672147220443081
2018-10-26 14:00:00,0.004607008527062431
2018-10-26 14:30:00,0.0044900587177825
2018-10-26 15:00:00,0.0042660587630735675
2018-10-26 15:30:00,0.00404954166917528
2018-10-26 16:00:00,0.0039025578427325115
2018-10-26 16:30:00,0.00378043306414353
2018-10-26 17:00:00,0.00387588219903073
2018-10-26 17:30:00,0.0039540908413626084
2018-10-26 18:00:00,0.003987351183799696
2018-10-26 18:30:00,0.003562133970848559
2018-10-26 19:00:00,0.003032869428172041
2018-10-26 19:30:00,0.0027464486634066606
2018-10-26 20:00:00,0.002245672366712138
2018-10-26 20:30:00,0.0019140505786648615
2018-10-26 21:00:00,0.0017740270633704249
2018-10-26 21:30:00,0.0016455116647585645
2018-10-26 22:00:00,0.0016416368622119014
2018-10-26 22:30:00,0.0016415404956850418
2018-10-26 23:00:00,0.0016458619266978573
2018-10-26 23:30:00,0.0016540940589590083
2018-10-27 00:00:00,0.0015975611568769899
2018-10-27 00:30:00,0.0015243070562760562
2018-10-27 01:00:00,0.0015088532078103801
2018-10-27 01:30:00,0.0014848765648025391
2018-10-27 02:00:00,0.0014882424479073547
2018-10-27 02:30:00,0.0014963108004811898
2018-10-27 03:00:00,0.0015178254957694962
2018-10-27 03:30:00,0.0015130981099101986
2018-10-27 04:00:00,0.0015075502195055408
2018-10-27 04:30:00,0.0015014979241269604
2018-10-27 05:00:00,0.0020631923207757577
2018-10-27 05:30:00,0.002704793624454778
2018-10-27 06:00:00,0.0026535741643037383
2018-10-27 06:30:00,0.002473977300670967
2018-10-27 07:00:00,0.0022339016295396964
2018-10-27 07:30:00,0.001988685455325649
2018-10-27 08:00:00,0.0018462404054812752
2018-10-27 08:30:00,0.0016948742895253953
2018-10-27 09:00:00,0.0015926404302471372
2018-10-27 09:30:00,0.0014921713372524263
2018-10-27 10:00:00,0.0014209632890134411
2018-10-27 10:30:00,0.0013933133449984332
2018-10-27 11:00:00,0.0013117264047749456
2018-10-27 11:30:00,0.0013023585365639057
2018-10-27 12:00:00,0.001296619258764237
2018-10-27 12:30:00,0.001255516330557907
2018-10-27 13:00:00,0.0012880148565326591
2018-10-27 13:30:00,0.001272923424342997
2018-10-27 14:00:00,0.0012655880650901306
2018-10-27 14:30:00,0.0012800827193467903
2018-10-27 15:00:00,0.001268517477281625
2018-10-27 15:30:00,0.0012799824026604963
2018-10-27 16:00:00,0.0012826340882579152
2018-10-27 16:30:00,0.0013255764885102819
2018-10-27 17:00:00,0.0015072936327756908
2018-10-27 17:30:00,0.00168021490059782
2018-10-27 18:00:00,0.0018645139732495386
2018-10-27 18:30:00,0.001963518859344474
2018-10-27 19:00:00,0.002061605572116827
2018-10-27 19:30:00,0.002134220962323071
2018-10-27 20:00:00,0.0018847213828068077
2018-10-27 20:30:00,0.0016754259182963542
2018-10-27 21:00:00,0.0016201236428073397
2018-10-27 21:30:00,0.0015555058061635309
2018-10-27 22:00:00,0.001562509699290677
2018-10-27 22:30:00,0.0015555920151375593
2018-10-27 23:00:00,0.0015285293860362497
2018-10-27 23:30:00,0.0015197462716465275
2018-10-28 00:00:00,0.001475375215929295
2018-10-28 00:30:00,0.0014290581640863352
2018-10-28 01:00:00,0.0014458373561547482
2018-10-28 01:30:00,0.00143311237332467
2018-10-28 02:00:00,0.001427382688769342
2018-10-28 02:30:00,0.00143447417993757
2018-10-28 03:00:00,0.0014409189301672033
2018-10-28 03:30:00,0.001451025304559082
2018-10-28 04:00:00,0.0014642093740504518
2018-10-28 04:30:00,0.0014814473923300832
2018-10-28 05:00:00,0.002246848472423279
2018-10-28 05:30:00,0.0025986669915748477
2018-10-28 06:00:00,0.0024511507183670074
2018-10-28 06:30:00,0.0021454159312016994
2018-10-28 07:00:00,0.001909347631704042
2018-10-28 07:30:00,0.0020632329943954275
2018-10-28 08:00:00,0.0018113556793497676
2018-10-28 08:30:00,0.0016413682513703666
2018-10-28 09:00:00,0.0015432943006515707
2018-10-28 09:30:00,0.0014226006518031449
2018-10-28 10:00:00,0.0013522637222402939
2018-10-28 10:30:00,0.0013155724709969325
2018-10-28 11:00:00,0.0012302531075997995
2018-10-28 11:30:00,0.0012274746262253729
2018-10-28 12:00:00,0.001198352574991722
2018-10-28 12:30:00,0.001155438780838995
2018-10-28 13:00:00,0.001155728835403173
2018-10-28 13:30:00,0.0011314617905643903
2018-10-28 14:00:00,0.0011232408576563608
2018-10-28 14:30:00,0.0011211542618997788
2018-10-28 15:00:00,0.0011276187629265836
2018-10-28 15:30:00,0.0011339839890673852
2018-10-28 16:00:00,0.0011397774838904987
2018-10-28 16:30:00,0.0011865343924977228
2018-10-28 17:00:00,0.0013700736020626496
2018-10-28 17:30:00,0.0015385084871593212
2018-10-28 18:00:00,0.001703008579375942
2018-10-28 18:30:00,0.0017845275421304826
2018-10-28 19:00:00,0.0018721382150412563
2018-10-28 19:30:00,0.0019228698087979835
2018-10-28 20:00:00,0.0016672542538603901
2018-10-28 20:30:00,0.00145033415688311
2018-10-28 21:00:00,0.0014035304540795097
2018-10-28 21:30:00,0.00134382796143072
2018-10-28 22:00:00,0.001369060321055225
2018-10-28 22:30:00,0.0013953221964083462
2018-10-28 23:00:00,0.0013953485452740237
2018-10-28 23:30:00,0.0014003464519420552
2018-10-29 00:00:00,0.001528100902258488
2018-10-29 00:30:00,0.001649378263127941
2018-10-29 01:00:00,0.0017002020562103663
2018-10-29 01:30:00,0.0017527522860073222
2018-10-29 02:00:00,0.0017572677957325652
2018-10-29 02:30:00,0.0017681394592544142
2018-10-29 03:00:00,0.0017871428949427749
2018-10-29 03:30:00,0.001801168304985312
2018-10-29 04:00:00,0.001821274833547797
2018-10-29 04:30:00,0.0018434360961413164
2018-10-29 05:00:00,0.0025655042310982912
2018-10-29 05:30:00,0.0038149164367131715
2018-10-29 06:00:00,0.004277403100068828
2018-10-29 06:30:00,0.004543643672309524
2018-10-29 07:00:00,0.004777831044791257
2018-10-29 07:30:00,0.004677920834243987
2018-10-29 08:00:00,0.004622680979955704
2018-10-29 08:30:00,0.0045207193344116514
2018-10-29 09:00:00,0.004502726965905098
2018-10-29 09:30:00,0.0045251973827347865
2018-10-29 10:00:00,0.004525273303930947
2018-10-29 10:30:00,0.004560144616883716
2018-10-29 11:00:00,0.004621205356661081
2018-10-29 11:30:00,0.004702100324450033
2018-10-29 12:00:00,0.004784306441312766
2018-10-29 12:30:00,0.004847295596835957
2018-10-29 13:00:00,0.004800209696378702
2018-10-29 13:30:00,0.0047391867652702094
2018-10-29 14:00:00,0.004709761289701986
2018-10-29 14:30:00,0.004619467416735011
2018-10-29 15:00:00,0.004415569215670564
2018-10-29 15:30:00,0.0042020765548319225
2018-10-29 16:00:00,0.004040878448635642
2018-10-29 16:30:00,0.00387956943411678
2018-10-29 17:00:00,0.003947403004398555
2018-10-29 17:30:00,0.003980079895264688
2018-10-29 18:00:00,0.00399299005809638
2018-10-29 18:30:00,0.003547535961321425
2018-10-29 19:00:00,0.0029946854507459557
2018-10-29 19:30:00,0.002722935925386454
2018-10-29 20:00:00,0.0022164843347934294
2018-10-29 20:30:00,0.0018853537555830644
2018-10-29 21:00:00,0.0017517806770115125
2018-10-29 21:30:00,0.0016242605449437227
2018-10-29 22:00:00,0.0016146711205375964
2018-10-29 22:30:00,0.001610039146221559
2018-10-29 23:00:00,0.0016138813491008023
2018-10-29 23:30:00,0.0016254854850434749
2018-10-30 00:00:00,0.0016457788431247
2018-10-30 00:30:00,0.0016710139808833123
2018-10-30 01:00:00,0.0016857614453437697
2018-10-30 01:30:00,0.0016959463454325353
2018-10-30 02:00:00,0.0017043853618680161
2018-10-30 02:30:00,0.0017124616581690654
2018-10-30 03:00:00,0.0017344179031471086
2018-10-30 03:30:00,0.0017411343028024568
2018-10-30 04:00:00,0.0017606725293065428
2018-10-30 04:30:00,0.0017786972370304427
2018-10-30 05:00:00,0.0024485857192354165
2018-10-30 05:30:00,0.0036358722481344436
2018-10-30 06:00:00,0.004109407854694694
2018-10-30 06:30:00,0.004383489276370816
2018-10-30 07:00:00,0.0046359901088902635
2018-10-30 07:30:00,0.0045696148853816305
2018-10-30 08:00:00,0.00453615898834837
2018-10-30 08:30:00,0.0044613735715456244
2018-10-30 09:00:00,0.004464501793959198
2018-10-30 09:30:00,0.0045033236570214095
2018-10-30 10:00:00,0.004516427941973875
2018-10-30 10:30:00,0.004578307970862927
2018-10-30 11:00:00,0.00466764490685485
2018-10-30 11:30:00,0.004776384114412965
2018-10-30 12:00:00,0.004877302787641317
2018-10-30 12:30:00,0.004948637110757164
2018-10-30 13:00:00,0.004900832411507897
2018-10-30 13:30:00,0.004832849820376253
2018-10-30 14:00:00,0.004789005134255732
2018-10-30 14:30:00,0.004679046673091118
2018-10-30 15:00:00,0.004442214820797307
2018-10-30 15:30:00,0.004208025408123339
2018-10-30 16:00:00,0.004024265988022034
2018-10-30 16:30:00,0.0038559348054626
2018-10-30 17:00:00,0.003927320567467784
2018-10-30 17:30:00,0.0039494296098217495
2018-10-30 18:00:00,0.00394320263926115
2018-10-30 18:30:00,0.0034905713198357374
2018-10-30 19:00:00,0.0029282791902703383
2018-10-30 19:30:00,0.002636602239181606
2018-10-30 20:00:00,0.002173507511723135
2018-10-30 20:30:00,0.0018778480619827218
2018-10-30 21:00:00,0.0017327864438923834
2018-10-30 21:30:00,0.0015989401966030267
2018-10-30 22:00:00,0.0015905252717992606
2018-10-30 22:30:00,0.0015835579284989684
2018-10-30 23:00:00,0.0015868835720675685
2018-10-30 23:30:00,0.0016006932860416529
2018-10-31 00:00:00,0.0016346522423901274
2018-10-31 00:30:00,0.0016502717371019728
2018-10-31 01:00:00,0.0016726585494583582
2018-10-31 01:30:00,0.001680476869962504
2018-10-31 02:00:00,0.001677332326011047
2018-10-31 02:30:00,0.001685195964827824
2018-10-31 03:00:00,0.0016982812369249899
2018-10-31 03:30:00,0.001712903077633766
2018-10-31 04:00:00,0.001723148185097646
2018-10-31 04:30:00,0.0017383405416904383
2018-10-31 05:00:00,0.002388454786217211
2018-10-31 05:30:00,0.0034936849570452464
2018-10-31 06:00:00,0.003984916453112748
2018-10-31 06:30:00,0.004239168768962041
2018-10-31 07:00:00,0.0045020348632455265
2018-10-31 07:30:00,0.004442058594162097
2018-10-31 08:00:00,0.004428041301480154
2018-10-31 08:30:00,0.004385163232395718
2018-10-31 09:00:00,0.0044166020738417786
2018-10-31 09:30:00,0.004489209520320808
2018-10-31 10:00:00,0.004536097652356275
2018-10-31 10:30:00,0.0046285667175128605
2018-10-31 11:00:00,0.0047403569674463715
2018-10-31 11:30:00,0.004851591199883241
2018-10-31 12:00:00,0.004950389766112337
2018-10-31 12:30:00,0.005011613070143345
2018-10-31 13:00:00,0.004951028302873644
2018-10-31 13:30:00,0.004860496769215428
2018-10-31 14:00:00,0.0047996229023651495
2018-10-31 14:30:00,0.004678867005949374
2018-10-31 15:00:00,0.004438820548634578
2018-10-31 15:30:00,0.004208592842014828
2018-10-31 16:00:00,0.00402800904624031
2018-10-31 16:30:00,0.003849225524775903
2018-10-31 17:00:00,0.003919512578149853
2018-10-31 17:30:00,0.00393525331237049
2018-10-31 18:00:00,0.003931470665741179
2018-10-31 18:30:00,0.0034773701908646136
2018-10-31 19:00:00,0.002923707770596179
2018-10-31 19:30:00,0.0026175731491610947
2018-10-31 20:00:00,0.0021632640537763816
2018-10-31 20:30:00,0.00187582475559378
2018-10-31 21:00:00,0.0017325312896379328
2018-10-31 21:30:00,0.001596624491599253
2018-10-31 22:00:00,0.0015850747897217525
2018-10-31 22:30:00,0.0015797293124318454
2018-10-31 23:00:00,0.0015795347128192724
2018-10-31 23:30:00,0.0015771367055925595
2018-11-01 00:00:00,0.001597173737394007
2018-11-01 00:30:00,0.0016043721867253803
2018-11-01 01:00:00,0.0016183350019338045
2018-11-01 01:30:00,0.0016241003681490777
2018-11-01 02:00:00,0.001620575393458253
2018-11-01 02:30:00,0.0016246677586322224
2018-11-01 03:00:00,0.0016378604229759877
2018-11-01 03:30:00,0.0016506003382768949
2018-11-01 04:00:00,0.0016718580561602423
2018-11-01 04:30:00,0.0016843120840981326
2018-11-01 05:00:00,0.002242695509199086
2018-11-01 05:30:00,0.003297932939717996
2018-11-01 06:00:00,0.00384437407786536
2018-11-01 06:30:00,0.004101943572655894
2018-11-01 07:00:00,0.004349626339282438
2018-11-01 07:30:00,0.004330458038698125
2018-11-01 08:00:00,0.004354284315197389
2018-11-01 08:30:00,0.0043679770436805335
2018-11-01 09:00:00,0.00444964428934307
2018-11-01 09:30:00,0.004544582334371151
2018-11-01 10:00:00,0.004599730119558772
2018-11-01 10:30:00,0.004678436178120958
2018-11-01 11:00:00,0.0047616021403178894
2018-11-01 11:30:00,0.004836734693659058
2018-11-01 12:00:00,0.004900852075488378
2018-11-01 12:30:00,0.004934539816494592
2018-11-01 13:00:00,0.00485471898821336
2018-11-01 13:30:00,0.004750305509094259
2018-11-01 14:00:00,0.004669486028418012
2018-11-01 14:30:00,0.004532796708136225
2018-11-01 15:00:00,0.00428442678740149
2018-11-01 15:30:00,0.004057012809732659
2018-11-01 16:00:00,0.003888323334690027
2018-11-01 16:30:00,0.0037375282555183083
2018-11-01 17:00:00,0.0038454717446963042
2018-11-01 17:30:00,0.003906315052071399
2018-11-01 18:00:00,0.0039427472423092195
2018-11-01 18:30:00,0.0035078698059405567
2018-11-01 19:00:00,0.002972765104469585
2018-11-01 19:30:00,0.0026924217685147913
2018-11-01 20:00:00,0.0022161236548512327
2018-11-01 20:30:00,0.0019225992445809042
2018-11-01 21:00:00,0.0017689736374285857
2018-11-01 21:30:00,0.0016272257256118533
2018-11-01 22:00:00,0.0016229023412234933
2018-11-01 22:30:00,0.0016202881170281824
2018-11-01 23:00:00,0.0016304418499249278
2018-11-01 23:30:00,0.0016413200246985916
2018-11-02 00:00:00,0.00165968952491026
2018-11-02 00:30:00,0.0016805800515995962
2018-11-02 01:00:00,0.0016907791028089726
2018-11-02 01:30:00,0.0017067138723336922
2018-11-02 02:00:00,0.0017172040633158829
2018-11-02 02:30:00,0.0017183628490971964
2018-11-02 03:00:00,0.0017407484894282552
2018-11-02 03:30:00,0.001743520763409285
2018-11-02 04:00:00,0.0017608589681501743
2018-11-02 04:30:00,0.0017916185558069112
2018-11-02 05:00:00,0.00238125203945964
2018-11-02 05:30:00,0.003481988144285076
2018-11-02 06:00:00,0.004023542327495333
2018-11-02 06:30:00,0.0043644400014696775
2018-11-02 07:00:00,0.004564375107412852
2018-11-02 07:30:00,0.004532632364140419
2018-11-02 08:00:00,0.004529447146569294
2018-11-02 08:30:00,0.0044958943187006824
2018-11-02 09:00:00,0.004530844765067175
2018-11-02 09:30:00,0.004584380320897098
2018-11-02 10:00:00,0.0046021285608689394
2018-11-02 10:30:00,0.0046590218824430814
2018-11-02 11:00:00,0.004731382552478329
2018-11-02 11:30:00,0.004801369697593687
2018-11-02 12:00:00,0.004862803315058315
2018-11-02 12:30:00,0.00490629348522169
2018-11-02 13:00:00,0.004833860583699643
2018-11-02 13:30:00,0.0047365922050553785
2018-11-02 14:00:00,0.004672875916337853
2018-11-02 14:30:00,0.0045605046457007315
2018-11-02 15:00:00,0.0043357283761420885
2018-11-02 15:30:00,0.0041268449002381325
2018-11-02 16:00:00,0.003981515409248132
2018-11-02 16:30:00,0.0038612875319461943
2018-11-02 17:00:00,0.003976304150562301
2018-11-02 17:30:00,0.0040294742515320295
2018-11-02 18:00:00,0.004053243880140505
2018-11-02 18:30:00,0.003600954705293789
2018-11-02 19:00:00,0.003054175937035654
2018-11-02 19:30:00,0.002767005987636459
2018-11-02 20:00:00,0.0022678118383162504
2018-11-02 20:30:00,0.0019323020515852993
2018-11-02 21:00:00,0.0017919345251533123
2018-11-02 21:30:00,0.0016595470153122059
2018-11-02 22:00:00,0.0016537437102030247
2018-11-02 22:30:00,0.0016543980476020701
2018-11-02 23:00:00,0.0016608681483054359
2018-11-02 23:30:00,0.0016715591462935961
2018-11-03 00:00:00,0.0016163664334684525
2018-11-03 00:30:00,0.0015500720362990146
2018-11-03 01:00:00,0.0015386489131567942
2018-11-03 01:30:00,0.001511735956030535
2018-11-03 02:00:00,0.0015154130335637544
2018-11-03 02:30:00,0.0015186499504742908
2018-11-03 03:00:00,0.0015323304378040234
2018-11-03 03:30:00,0.0015346095929809431
2018-11-03 04:00:00,0.0015260747309187477
2018-11-03 04:30:00,0.001513208410515942
2018-11-03 05:00:00,0.0021647902912017786
2018-11-03 05:30:00,0.0028272236505288385
2018-11-03 06:00:00,0.002731616118589157
2018-11-03 06:30:00,0.0026702573805204
2018-11-03 07:00:00,0.0023395933542067412
2018-11-03 07:30:00,0.002092873124231812
2018-11-03 08:00:00,0.0019258930698323024
2018-11-03 08:30:00,0.0017384547490472703
2018-11-03 09:00:00,0.0016312893110528013
2018-11-03 09:30:00,0.0015473203378737195
2018-11-03 10:00:00,0.0014641900139283888
2018-11-03 10:30:00,0.0014225505151641707
2018-11-03 11:00:00,0.0013656183431208667
2018-11-03 11:30:00,0.0013528147911855562
2018-11-03 12:00:00,0.0013397665898153893
2018-11-03 12:30:00,0.0013099104166437881
2018-11-03 13:00:00,0.0013229236742958819
2018-11-03 13:30:00,0.00129829369228094
2018-11-03 14:00:00,0.001306654877553061
2018-11-03 14:30:00,0.0013104254132539962
2018-11-03 15:00:00,0.0012910694583923802
2018-11-03 15:30:00,0.0013022933372290662
2018-11-03 16:00:00,0.0012849450617520369
2018-11-03 16:30:00,0.0013145900967314558
2018-11-03 17:00:00,0.001534043287706434
2018-11-03 17:30:00,0.0016980467016346193
2018-11-03 18:00:00,0.0018717415495806966
2018-11-03 18:30:00,0.001972254702046021
2018-11-03 19:00:00,0.0020601020806644364
2018-11-03 19:30:00,0.0021267156159894924
2018-11-03 20:00:00,0.0019038159760205759
2018-11-03 20:30:00,0.0016713812588940147
2018-11-03 21:00:00,0.0016323361901195905
2018-11-03 21:30:00,0.0015862143456060397
2018-11-03 22:00:00,0.001589069225668427
2018-11-03 22:30:00,0.0015888550488920644
2018-11-03 23:00:00,0.0015719000964329961
2018-11-03 23:30:00,0.0015730653066494337
2018-11-04 00:00:00,0.001532951524410468
2018-11-04 00:30:00,0.0014906262171967659
2018-11-04 01:00:00,0.0015031529541132552
2018-11-04 01:30:00,0.0014913395899455993
2018-11-04 02:00:00,0.001497639486526525
2018-11-04 02:30:00,0.0015008834355890216
2018-11-04 03:00:00,0.0015072432790949894
2018-11-04 03:30:00,0.0015253631379120772
2018-11-04 04:00:00,0.0015433764726494738
2018-11-04 04:30:00,0.001568113543052597
2018-11-04 05:00:00,0.0024329557197039766
2018-11-04 05:30:00,0.002872961418002005
2018-11-04 06:00:00,0.0026901555924331555
2018-11-04 06:30:00,0.002486830511753452
2018-11-04 07:00:00,0.0021806376797271435
2018-11-04 07:30:00,0.002205493515363369
2018-11-04 08:00:00,0.0019601450325124445
2018-11-04 08:30:00,0.00174405403493292
2018-11-04 09:00:00,0.0016174549845468565
2018-11-04 09:30:00,0.001486886805279506
2018-11-04 10:00:00,0.0013841977226827
2018-11-04 10:30:00,0.0013565077995815488
2018-11-04 11:00:00,0.0012874597506112718
2018-11-04 11:30:00,0.001256095831969427
2018-11-04 12:00:00,0.0012475674811590466
2018-11-04 12:30:00,0.001215347810395351
2018-11-04 13:00:00,0.0012113823278150798
2018-11-04 13:30:00,0.0011967591414475953
2018-11-04 14:00:00,0.0011710153012888624
2018-11-04 14:30:00,0.0011779049002424852
2018-11-04 15:00:00,0.0011833862890619409
2018-11-04 15:30:00,0.0011965207862228268
2018-11-04 16:00:00,0.0011996770938358956
2018-11-04 16:30:00,0.0012395920658527819
2018-11-04 17:00:00,0.0014594716135965956
2018-11-04 17:30:00,0.001614361445401283
2018-11-04 18:00:00,0.0017735312098405523
2018-11-04 18:30:00,0.0018441317582852134
2018-11-04 19:00:00,0.0018847487300644298
2018-11-04 19:30:00,0.001952212027159667
2018-11-04 20:00:00,0.0017010344112340296
2018-11-04 20:30:00,0.0014651630119912524
2018-11-04 21:00:00,0.0014234572720919045
2018-11-04 21:30:00,0.0013636035881759748
2018-11-04 22:00:00,0.0013824089515841282
2018-11-04 22:30:00,0.0014058156430164443
2018-11-04 23:00:00,0.001398089044346197
2018-11-04 23:30:00,0.001396723938699044
2018-11-05 00:00:00,0.0015218769702820688
2018-11-05 00:30:00,0.0016362099074576177
2018-11-05 01:00:00,0.0016928038850816595
2018-11-05 01:30:00,0.0017495355539774119
2018-11-05 02:00:00,0.0017605678717857057
2018-11-05 02:30:00,0.0017737482515677136
2018-11-05 03:00:00,0.0017877894622479883
2018-11-05 03:30:00,0.0017919669077790048
2018-11-05 04:00:00,0.001807705992482516
2018-11-05 04:30:00,0.0018249407117278947
2018-11-05 05:00:00,0.0018325051802279525
2018-11-05 05:30:00,0.0018520091575474924
2018-11-05 06:00:00,0.002566184700321287
2018-11-05 06:30:00,0.0036152917872565296
2018-11-05 07:00:00,0.0038506572188249486
2018-11-05 07:30:00,0.004096194527978504
2018-11-05 08:00:00,0.004317759838817178
2018-11-05 08:30:00,0.004297415085254962
2018-11-05 09:00:00,0.004343290587408184
2018-11-05 09:30:00,0.004356051859615044
2018-11-05 10:00:00,0.004433726449073069
2018-11-05 10:30:00,0.004529739024283979
2018-11-05 11:00:00,0.004588396417608142
2018-11-05 11:30:00,0.004672940551364201
2018-11-05 12:00:00,0.004753104348982693
2018-11-05 12:30:00,0.0048071419657358845
2018-11-05 13:00:00,0.0048566719296743565
2018-11-05 13:30:00,0.004895425902084312
2018-11-05 14:00:00,0.00481998367360683
2018-11-05 14:30:00,0.004716733104061859
2018-11-05 15:00:00,0.004637681341436649
2018-11-05 15:30:00,0.0045033332936740954
2018-11-05 16:00:00,0.004256868695445418
2018-11-05 16:30:00,0.0040605730319999735
2018-11-05 17:00:00,0.004076818605277989
2018-11-05 17:30:00,0.004085235874132408
2018-11-05 18:00:00,0.004148858704682219
2018-11-05 18:30:00,0.004145258546737106
2018-11-05 19:00:00,0.004107245467966987
2018-11-05 19:30:00,0.003644581785378659
2018-11-05 20:00:00,0.0031145626754334917
2018-11-05 20:30:00,0.0028228360651975848
2018-11-05 21:00:00,0.0022946020800499725
2018-11-05 21:30:00,0.0019594383012404622
2018-11-05 22:00:00,0.0018010810542109933
2018-11-05 22:30:00,0.0016540459191039236
2018-11-05 23:00:00,0.0016549750313295556
2018-11-05 23:30:00,0.0016503054653863734
2018-11-06 00:00:00,0.0016522039293738523
2018-11-06 00:30:00,0.0016631909722778602
2018-11-06 01:00:00,0.0016864299772717715
2018-11-06 01:30:00,0.0017054794258062902
2018-11-06 02:00:00,0.0017217620698113038
2018-11-06 02:30:00,0.0017330811865578684
2018-11-06 03:00:00,0.0017371037077040373
2018-11-06 03:30:00,0.0017473173007091338
2018-11-06 04:00:00,0.0017652246756753303
2018-11-06 04:30:00,0.0017838020584532736
2018-11-06 05:00:00,0.001807851931339859
2018-11-06 05:30:00,0.0018285214661425998
2018-11-06 06:00:00,0.00246630847850849
2018-11-06 06:30:00,0.0034522025530831476
2018-11-06 07:00:00,0.0037594044989157195
2018-11-06 07:30:00,0.004049899050083223
2018-11-06 08:00:00,0.0043107589408658675
2018-11-06 08:30:00,0.004317108540002312
2018-11-06 09:00:00,0.004383630179860088
2018-11-06 09:30:00,0.004412493039863164
2018-11-06 10:00:00,0.004502292578592358
2018-11-06 10:30:00,0.004605353453667792
2018-11-06 11:00:00,0.004656484230569113
2018-11-06 11:30:00,0.004730775052684005
2018-11-06 12:00:00,0.00480119367675296
2018-11-06 12:30:00,0.004852555516277017
2018-11-06 13:00:00,0.004883031647438082
2018-11-06 13:30:00,0.004904172206197108
2018-11-06 14:00:00,0.004804691391002853
2018-11-06 14:30:00,0.004669814499367899
2018-11-06 15:00:00,0.004572497242926677
2018-11-06 15:30:00,0.00444286946205477
2018-11-06 16:00:00,0.004200683928293765
2018-11-06 16:30:00,0.004030189881514826
2018-11-06 17:00:00,0.004062805827063972
2018-11-06 17:30:00,0.004087603408700628
2018-11-06 18:00:00,0.004164534934101544
2018-11-06 18:30:00,0.004178403292750307
2018-11-06 19:00:00,0.0041574135779916584
2018-11-06 19:30:00,0.003682281195444683
2018-11-06 20:00:00,0.0031429829439465398
2018-11-06 20:30:00,0.0028516187065783013
2018-11-06 21:00:00,0.0023309235790069417
2018-11-06 21:30:00,0.0019928420648508585
2018-11-06 22:00:00,0.001828048358585734
2018-11-06 22:30:00,0.0016740834718055168
2018-11-06 23:00:00,0.0016732245942827945
2018-11-06 23:30:00,0.0016756412670980434
2018-11-07 00:00:00,0.001682569195620683
2018-11-07 00:30:00,0.0016937001371897988
2018-11-07 01:00:00,0.0017321249007079963
2018-11-07 01:30:00,0.001751693339420503
2018-11-07 02:00:00,0.0017601901757720998
2018-11-07 02:30:00,0.0017804451608759626
2018-11-07 03:00:00,0.0017771070591122234
2018-11-07 03:30:00,0.0017890990486213332
2018-11-07 04:00:00,0.0018103196523693364
2018-11-07 04:30:00,0.001813179871658212
2018-11-07 05:00:00,0.0018403454653548867
2018-11-07 05:30:00,0.0018459870743773327
2018-11-07 06:00:00,0.002483729983864264
2018-11-07 06:30:00,0.0035038932976405456
2018-11-07 07:00:00,0.003828568448168301
2018-11-07 07:30:00,0.004175454563845096
2018-11-07 08:00:00,0.004427784150441814
2018-11-07 08:30:00,0.004396065368576061
2018-11-07 09:00:00,0.004424075688674848
2018-11-07 09:30:00,0.004396767107888319
2018-11-07 10:00:00,0.004436323483563589
2018-11-07 10:30:00,0.00450730055599653
2018-11-07 11:00:00,0.004541419819364685
2018-11-07 11:30:00,0.004614679085558725
2018-11-07 12:00:00,0.004690944683532367
2018-11-07 12:30:00,0.004760411492811028
2018-11-07 13:00:00,0.004822513034486821
2018-11-07 13:30:00,0.004856651397526966
2018-11-07 14:00:00,0.00476818327956887
2018-11-07 14:30:00,0.00465246383643187
2018-11-07 15:00:00,0.00456690221105888
2018-11-07 15:30:00,0.0044369661007093684
2018-11-07 16:00:00,0.004192310588684923
2018-11-07 16:30:00,0.0040175299243862045
2018-11-07 17:00:00,0.004048924576136615
2018-11-07 17:30:00,0.004050389217119844
2018-11-07 18:00:00,0.004121135183521704
2018-11-07 18:30:00,0.0041243831695603255
2018-11-07 19:00:00,0.0041014701612406106
2018-11-07 19:30:00,0.0036187945368744935
2018-11-07 20:00:00,0.0030767958087986654
2018-11-07 20:30:00,0.002788652687703225
2018-11-07 21:00:00,0.0022768647355728344
2018-11-07 21:30:00,0.0019426298085388825
2018-11-07 22:00:00,0.0017928480537829337
2018-11-07 22:30:00,0.0016514931177173994
2018-11-07 23:00:00,0.0016496930170406701
2018-11-07 23:30:00,0.0016474738956054834
2018-11-08 00:00:00,0.0016556907047206968
2018-11-08 00:30:00,0.001662948710302003
2018-11-08 01:00:00,0.0016805633393866047
2018-11-08 01:30:00,0.0016977002596297247
2018-11-08 02:00:00,0.0017119086358482586
2018-11-08 02:30:00,0.0017207589897650557
2018-11-08 03:00:00,0.0017274224312389765
2018-11-08 03:30:00,0.0017325130147245057
2018-11-08 04:00:00,0.0017420918474943467
2018-11-08 04:30:00,0.0017515475741965412
2018-11-08 05:00:00,0.0017711068537481622
2018-11-08 05:30:00,0.0017854384228510327
2018-11-08 06:00:00,0.0024910470682037032
2018-11-08 06:30:00,0.0034897924004853014
2018-11-08 07:00:00,0.003745493079188288
2018-11-08 07:30:00,0.004029774724099112
2018-11-08 08:00:00,0.004294387960877898
2018-11-08 08:30:00,0.004299436394860013
2018-11-08 09:00:00,0.004363490921405148
2018-11-08 09:30:00,0.004399643865756804
2018-11-08 10:00:00,0.004497267715341813
2018-11-08 10:30:00,0.004608920881720449
2018-11-08 11:00:00,0.004673935948133307
2018-11-08 11:30:00,0.004761874397460441
2018-11-08 12:00:00,0.004844854528530576
2018-11-08 12:30:00,0.00490805195729515
2018-11-08 13:00:00,0.004957647250793498
2018-11-08 13:30:00,0.004981412278117357
2018-11-08 14:00:00,0.004882146117191264
2018-11-08 14:30:00,0.004750131919120874
2018-11-08 15:00:00,0.004651854296445311
2018-11-08 15:30:00,0.00450877887060857
2018-11-08 16:00:00,0.004267289433074917
2018-11-08 16:30:00,0.004096193442769867
2018-11-08 17:00:00,0.004141314898554587
2018-11-08 17:30:00,0.004149778267071856
2018-11-08 18:00:00,0.004218090848445474
2018-11-08 18:30:00,0.004211946397149542
2018-11-08 19:00:00,0.004173577717213642
2018-11-08 19:30:00,0.0036812194707237563
2018-11-08 20:00:00,0.00312646164085834
2018-11-08 20:30:00,0.0028288182126899463
2018-11-08 21:00:00,0.002298605371299115
2018-11-08 21:30:00,0.0019375591060755615
2018-11-08 22:00:00,0.0017856105803490169
2018-11-08 22:30:00,0.0016468152173718946
2018-11-08 23:00:00,0.001645437696937948
2018-11-08 23:30:00,0.0016446412406159574
2018-11-09 00:00:00,0.0016477516221995588
2018-11-09 00:30:00,0.0016575141156789236
2018-11-09 01:00:00,0.0016815756220020846
2018-11-09 01:30:00,0.0017013124850948683
2018-11-09 02:00:00,0.001716146896471226
2018-11-09 02:30:00,0.001730638685777087
2018-11-09 03:00:00,0.0017339444917318248
2018-11-09 03:30:00,0.0017314442578516187
2018-11-09 04:00:00,0.0017517081416662953
2018-11-09 04:30:00,0.0017537900059132253
2018-11-09 05:00:00,0.0017684689285962449
2018-11-09 05:30:00,0.001804526157546223
2018-11-09 06:00:00,0.0024351265276506976
2018-11-09 06:30:00,0.003409692586767977
2018-11-09 07:00:00,0.003732870930728538
2018-11-09 07:30:00,0.004009369198853289
2018-11-09 08:00:00,0.004287569638427476
2018-11-09 08:30:00,0.004317677232735821
2018-11-09 09:00:00,0.004397886912975434
2018-11-09 09:30:00,0.004439346614372872
2018-11-09 10:00:00,0.004537505037731879
2018-11-09 10:30:00,0.004649603877593068
2018-11-09 11:00:00,0.004706113903477043
2018-11-09 11:30:00,0.004779489851303605
2018-11-09 12:00:00,0.004844817284170196
2018-11-09 12:30:00,0.004887472060725727
2018-11-09 13:00:00,0.004926818426825796
2018-11-09 13:30:00,0.0049469284714642615
2018-11-09 14:00:00,0.004845372563724963
2018-11-09 14:30:00,0.004704880802608349
2018-11-09 15:00:00,0.004604471830172062
2018-11-09 15:30:00,0.004473917584983595
2018-11-09 16:00:00,0.0042474494751617315
2018-11-09 16:30:00,0.004097162664306679
2018-11-09 17:00:00,0.004167009166382836
2018-11-09 17:30:00,0.004193848763405315
2018-11-09 18:00:00,0.004277468299403667
2018-11-09 18:30:00,0.004288515506274444
2018-11-09 19:00:00,0.00426624481124209
2018-11-09 19:30:00,0.003751996300459218
2018-11-09 20:00:00,0.00318112477186921
2018-11-09 20:30:00,0.002913069253297646
2018-11-09 21:00:00,0.002366583882046288
2018-11-09 21:30:00,0.0019969589123316517
2018-11-09 22:00:00,0.001840137713013648
2018-11-09 22:30:00,0.0016828162325145377
2018-11-09 23:00:00,0.0016976069750953909
2018-11-09 23:30:00,0.001698228148518526
2018-11-10 00:00:00,0.0016337456156874297
2018-11-10 00:30:00,0.0015951435724864869
2018-11-10 01:00:00,0.0015805354922232128
2018-11-10 01:30:00,0.0015590285236203932
2018-11-10 02:00:00,0.0015726407730311063
2018-11-10 02:30:00,0.001556021280265539
2018-11-10 03:00:00,0.0015605769427103067
2018-11-10 03:30:00,0.0015724586316136727
2018-11-10 04:00:00,0.0015888583479263172
2018-11-10 04:30:00,0.0015983901694580547
2018-11-10 05:00:00,0.001587206313115857
2018-11-10 05:30:00,0.0015955746173566291
2018-11-10 06:00:00,0.00233696506570751
2018-11-10 06:30:00,0.002873957943388093
2018-11-10 07:00:00,0.0025411057457895396
2018-11-10 07:30:00,0.0024244212049085445
2018-11-10 08:00:00,0.0021480757775680596
2018-11-10 08:30:00,0.0019430332457013298
2018-11-10 09:00:00,0.0017918648113505482
2018-11-10 09:30:00,0.0016768165914589667
2018-11-10 10:00:00,0.001609270080565536
2018-11-10 10:30:00,0.0015417406291518597
2018-11-10 11:00:00,0.001514760128640108
2018-11-10 11:30:00,0.0014807279424128893
2018-11-10 12:00:00,0.0014353588854258245
2018-11-10 12:30:00,0.0014285671288828058
2018-11-10 13:00:00,0.0014207791508121176
2018-11-10 13:30:00,0.001397625877300435
2018-11-10 14:00:00,0.0013939323480042969
2018-11-10 14:30:00,0.0013795235988632477
2018-11-10 15:00:00,0.0013703876180335066
2018-11-10 15:30:00,0.0013783589095469552
2018-11-10 16:00:00,0.0013992753944268603
2018-11-10 16:30:00,0.001476106516324792
2018-11-10 17:00:00,0.0017096057363063877
2018-11-10 17:30:00,0.0018917156392812672
2018-11-10 18:00:00,0.0020357821644609174
2018-11-10 18:30:00,0.0021553704197929107
2018-11-10 19:00:00,0.0022308718138452166
2018-11-10 19:30:00,0.0022792815820214646
2018-11-10 20:00:00,0.002352595282280677
2018-11-10 20:30:00,0.002412138770160148
2018-11-10 21:00:00,0.002104179869599929
2018-11-10 21:30:00,0.0018158931102894536
2018-11-10 22:00:00,0.0017433636251988202
2018-11-10 22:30:00,0.0016573765546322484
2018-11-10 23:00:00,0.0016703848637329632
2018-11-10 23:30:00,0.0016775392535937227
2018-11-11 00:00:00,0.0015968694883008727
2018-11-11 00:30:00,0.0015594394270182549
2018-11-11 01:00:00,0.0015559931516576989
2018-11-11 01:30:00,0.0015466796306951398
2018-11-11 02:00:00,0.0015887936694916232
2018-11-11 02:30:00,0.0016056183535060491
2018-11-11 03:00:00,0.0016163205508473305
2018-11-11 03:30:00,0.0016251505896584654
2018-11-11 04:00:00,0.001651146892754232
2018-11-11 04:30:00,0.0016644644863161515
2018-11-11 05:00:00,0.0016874104849783948
2018-11-11 05:30:00,0.001730701627877964
2018-11-11 06:00:00,0.0026190529830652253
2018-11-11 06:30:00,0.0029959827525575435
2018-11-11 07:00:00,0.0026535433009701355
2018-11-11 07:30:00,0.0024446744536785903
2018-11-11 08:00:00,0.0021336749721542246
2018-11-11 08:30:00,0.0021620966731426723
2018-11-11 09:00:00,0.0019592479122373966
2018-11-11 09:30:00,0.001790498794128141
2018-11-11 10:00:00,0.0016839600424166773
2018-11-11 10:30:00,0.0015890870664983998
2018-11-11 11:00:00,0.0015049081271524623
2018-11-11 11:30:00,0.001465114264419332
2018-11-11 12:00:00,0.0014004119985436578
2018-11-11 12:30:00,0.001375082838308839
2018-11-11 13:00:00,0.0013504473868423727
2018-11-11 13:30:00,0.0013161811428165835
2018-11-11 14:00:00,0.0013043119989250471
2018-11-11 14:30:00,0.001294960278618508
2018-11-11 15:00:00,0.0012970370640890223
2018-11-11 15:30:00,0.0013026357856661813
2018-11-11 16:00:00,0.0013243364423063194
2018-11-11 16:30:00,0.0014406807485758165
2018-11-11 17:00:00,0.001668401319388437
2018-11-11 17:30:00,0.0018501584427399887
2018-11-11 18:00:00,0.0020049063292551126
2018-11-11 18:30:00,0.0020925828960342524
2018-11-11 19:00:00,0.002182108094020315
2018-11-11 19:30:00,0.0022209058654508113
2018-11-11 20:00:00,0.0022843040578130105
2018-11-11 20:30:00,0.0023296682530653872
2018-11-11 21:00:00,0.0019478419353916223
2018-11-11 21:30:00,0.001623362686726802
2018-11-11 22:00:00,0.0015855171207617069
2018-11-11 22:30:00,0.001495106001853718
2018-11-11 23:00:00,0.0015373820840037002
2018-11-11 23:30:00,0.0015656252898757304
2018-11-12 00:00:00,0.0016797854618364589
2018-11-12 00:30:00,0.0018006926797444112
2018-11-12 01:00:00,0.0018572658647709906
2018-11-12 01:30:00,0.001912361342902366
2018-11-12 02:00:00,0.0019421410305693154
2018-11-12 02:30:00,0.001947166761986769
2018-11-12 03:00:00,0.0019632818931867597
2018-11-12 03:30:00,0.001973397339922834
2018-11-12 04:00:00,0.001989112550036357
2018-11-12 04:30:00,0.0020050217954539623
2018-11-12 05:00:00,0.0020094664193511143
2018-11-12 05:30:00,0.0020468257684390233
2018-11-12 06:00:00,0.002983284379043215
2018-11-12 06:30:00,0.004090519711571801
2018-11-12 07:00:00,0.004322536059065087
2018-11-12 07:30:00,0.004604270154999184
2018-11-12 08:00:00,0.004794323654963127
2018-11-12 08:30:00,0.0047026444480600255
2018-11-12 09:00:00,0.004672326627134753
2018-11-12 09:30:00,0.004601464977492317
2018-11-12 10:00:00,0.004609073462054643
2018-11-12 10:30:00,0.004649583128403951
2018-11-12 11:00:00,0.004642601764208084
2018-11-12 11:30:00,0.004655654697087903
2018-11-12 12:00:00,0.004673380277903431
2018-11-12 12:30:00,0.004712405812922409
2018-11-12 13:00:00,0.0047375632931510436
2018-11-12 13:30:00,0.004751004470272408
2018-11-12 14:00:00,0.00464977633894947
2018-11-12 14:30:00,0.0045387443459939695
2018-11-12 15:00:00,0.004477041162704209
2018-11-12 15:30:00,0.004380121830565564
2018-11-12 16:00:00,0.004195860609991063
2018-11-12 16:30:00,0.004100290279003417
2018-11-12 17:00:00,0.004195605933228412
2018-11-12 17:30:00,0.00425328368701286
2018-11-12 18:00:00,0.004351590914180009
2018-11-12 18:30:00,0.004374710589632328
2018-11-12 19:00:00,0.004363180768777035
2018-11-12 19:30:00,0.0038721978723038238
2018-11-12 20:00:00,0.003332223449008882
2018-11-12 20:30:00,0.003077003083648104
2018-11-12 21:00:00,0.0024568883466495497
2018-11-12 21:30:00,0.0020191979192718404
2018-11-12 22:00:00,0.0018659325145699186
2018-11-12 22:30:00,0.0017247447874509892
2018-11-12 23:00:00,0.0017322068990725176
2018-11-12 23:30:00,0.0017379534260658735
2018-11-13 00:00:00,0.0017483769852378254
2018-11-13 00:30:00,0.001762327732926219
2018-11-13 01:00:00,0.0017885229330607566
2018-11-13 01:30:00,0.0018151355478449702
2018-11-13 02:00:00,0.0018253902485531907
2018-11-13 02:30:00,0.0018453737144563751
2018-11-13 03:00:00,0.0018518253232045869
2018-11-13 03:30:00,0.0018557105437541537
2018-11-13 04:00:00,0.0018728659125440824
2018-11-13 04:30:00,0.0018826179012038523
2018-11-13 05:00:00,0.0019013552437347134
2018-11-13 05:30:00,0.0019197559111384017
2018-11-13 06:00:00,0.002743240309187419
2018-11-13 06:30:00,0.0039004952951992985
2018-11-13 07:00:00,0.004096853206212092
2018-11-13 07:30:00,0.004377647771917653
2018-11-13 08:00:00,0.004599117714621414
2018-11-13 08:30:00,0.004550451359715317
2018-11-13 09:00:00,0.004563593019253199
2018-11-13 09:30:00,0.004522452282377997
2018-11-13 10:00:00,0.004545858930401967
2018-11-13 10:30:00,0.004597415412946944
2018-11-13 11:00:00,0.004602949586314445
2018-11-13 11:30:00,0.004637691933072934
2018-11-13 12:00:00,0.0046716876996983365
2018-11-13 12:30:00,0.004719205947276097
2018-11-13 13:00:00,0.004755811336812192
2018-11-13 13:30:00,0.00478270311066588
2018-11-13 14:00:00,0.004700931294299198
2018-11-13 14:30:00,0.004601274848939324
2018-11-13 15:00:00,0.004536829213201844
2018-11-13 15:30:00,0.0044285534765479105
2018-11-13 16:00:00,0.00422071757424427
2018-11-13 16:30:00,0.0040970180276996985
2018-11-13 17:00:00,0.004177555180497253
2018-11-13 17:30:00,0.004212664110732918
2018-11-13 18:00:00,0.004299350272702676
2018-11-13 18:30:00,0.004320794168979583
2018-11-13 19:00:00,0.004323303431795638
2018-11-13 19:30:00,0.0038383472197772023
2018-11-13 20:00:00,0.003294614111259629
2018-11-13 20:30:00,0.00301263228389815
2018-11-13 21:00:00,0.0024165410709205033
2018-11-13 21:30:00,0.001995355711909803
2018-11-13 22:00:00,0.0018605894681473552
2018-11-13 22:30:00,0.0017330188087654823
2018-11-13 23:00:00,0.0017459422545508768
2018-11-13 23:30:00,0.0017492713707871112
2018-11-14 00:00:00,0.0017606027720954332
2018-11-14 00:30:00,0.0017739492756154102
2018-11-14 01:00:00,0.0017972854284863987
2018-11-14 01:30:00,0.0018229142365297362
2018-11-14 02:00:00,0.001838454033519368
2018-11-14 02:30:00,0.001855896157839222
2018-11-14 03:00:00,0.0018723836024179849
2018-11-14 03:30:00,0.0018725245059072577
2018-11-14 04:00:00,0.0019036669985790526
2018-11-14 04:30:00,0.0019142724387183657
2018-11-14 05:00:00,0.0019326214935993353
2018-11-14 05:30:00,0.0019629281585798325
2018-11-14 06:00:00,0.002762836963324457
2018-11-14 06:30:00,0.003929506915602171
2018-11-14 07:00:00,0.004100415729121716
2018-11-14 07:30:00,0.004388799202225813
2018-11-14 08:00:00,0.0046223722598029895
2018-11-14 08:30:00,0.004572543255772835
2018-11-14 09:00:00,0.0045945210312902125
2018-11-14 09:30:00,0.004562891410165978
2018-11-14 10:00:00,0.004600735977739127
2018-11-14 10:30:00,0.004669858254980095
2018-11-14 11:00:00,0.004695414788128287
2018-11-14 11:30:00,0.004761967551769738
2018-11-14 12:00:00,0.004819736419671248
2018-11-14 12:30:00,0.004865396573022781
2018-11-14 13:00:00,0.004896583298798571
2018-11-14 13:30:00,0.004910663186314626
2018-11-14 14:00:00,0.004811774460952067
2018-11-14 14:30:00,0.004690785027637867
2018-11-14 15:00:00,0.004612497946425792
2018-11-14 15:30:00,0.004488694393485565
2018-11-14 16:00:00,0.004268564553221989
2018-11-14 16:30:00,0.004149188477882468
2018-11-14 17:00:00,0.00422545168839711
2018-11-14 17:30:00,0.004257952775464242
2018-11-14 18:00:00,0.004340150861783071
2018-11-14 18:30:00,0.004358284654679042
2018-11-14 19:00:00,0.0043490546947814405
2018-11-14 19:30:00,0.0038600494825261214
2018-11-14 20:00:00,0.003313478119342461
2018-11-14 20:30:00,0.003029415426125997
2018-11-14 21:00:00,0.0024411170095453823
2018-11-14 21:30:00,0.002034784293416121
2018-11-14 22:00:00,0.0018837364908572956
2018-11-14 22:30:00,0.0017395148676594163
2018-11-14 23:00:00,0.0017454885939327644
2018-11-14 23:30:00,0.0017542237855091296
2018-11-15 00:00:00,0.001773167751764248
2018-11-15 00:30:00,0.0017865497633107888
2018-11-15 01:00:00,0.0018131108523889744
2018-11-15 01:30:00,0.0018424605369860723
2018-11-15 02:00:00,0.001855957450422972
2018-11-15 02:30:00,0.0018783363190521436
2018-11-15 03:00:00,0.001887523434912804
2018-11-15 03:30:00,0.0018862974096044158
2018-11-15 04:00:00,0.0019158722532892705
2018-11-15 04:30:00,0.0019210218287162423
2018-11-15 05:00:00,0.0019455687705663724
2018-11-15 05:30:00,0.0019800795772103265
2018-11-15 06:00:00,0.002760324748740911
2018-11-15 06:30:00,0.0038855032247123306
2018-11-15 07:00:00,0.004091431851134369
2018-11-15 07:30:00,0.004352456737038
2018-11-15 08:00:00,0.0045854883623226
2018-11-15 08:30:00,0.00454889100333041
2018-11-15 09:00:00,0.004584810888275439
2018-11-15 09:30:00,0.004579428123216806
2018-11-15 10:00:00,0.0046460080604824976
2018-11-15 10:30:00,0.0047341620322447
2018-11-15 11:00:00,0.004772902200800809
2018-11-15 11:30:00,0.004831894055426528
2018-11-15 12:00:00,0.004881358559580088
2018-11-15 12:30:00,0.0049373184280940546
2018-11-15 13:00:00,0.0049647357467858914
2018-11-15 13:30:00,0.004968199255259584
2018-11-15 14:00:00,0.004855270491242077
2018-11-15 14:30:00,0.004719058749576736
2018-11-15 15:00:00,0.004627054674616419
2018-11-15 15:30:00,0.004493803555742939
2018-11-15 16:00:00,0.004266308578101529
2018-11-15 16:30:00,0.004134045389761741
2018-11-15 17:00:00,0.0042065818201876435
2018-11-15 17:30:00,0.004237089552624183
2018-11-15 18:00:00,0.00431321511527546
2018-11-15 18:30:00,0.004329423574418129
2018-11-15 19:00:00,0.004320599005058519
2018-11-15 19:30:00,0.003819917642415456
2018-11-15 20:00:00,0.003267975972368301
2018-11-15 20:30:00,0.0029825361059846543
2018-11-15 21:00:00,0.0024138177615531213
2018-11-15 21:30:00,0.0020245292454411368
2018-11-15 22:00:00,0.0018712902330132375
2018-11-15 22:30:00,0.0017250584561550827
2018-11-15 23:00:00,0.0017356633753942503
2018-11-15 23:30:00,0.0017538482599127954
2018-11-16 00:00:00,0.0017692724170701956
2018-11-16 00:30:00,0.0017785751727630874
2018-11-16 01:00:00,0.0018113936616520206
2018-11-16 01:30:00,0.0018369491964082686
2018-11-16 02:00:00,0.0018688844991010378
2018-11-16 02:30:00,0.0018726364994384728
2018-11-16 03:00:00,0.0018762277586727729
2018-11-16 03:30:00,0.001888887759209739
2018-11-16 04:00:00,0.0019069191952271812
2018-11-16 04:30:00,0.0019207238304248498
2018-11-16 05:00:00,0.001949440838387273
2018-11-16 05:30:00,0.001988137728822985
2018-11-16 06:00:00,0.0027389444890984086
2018-11-16 06:30:00,0.0037964308625858174
2018-11-16 07:00:00,0.004094380232772817
2018-11-16 07:30:00,0.004411720458131161
2018-11-16 08:00:00,0.004663412028866715
2018-11-16 08:30:00,0.0046236074008639185
2018-11-16 09:00:00,0.004650906388406107
2018-11-16 09:30:00,0.004611881634737344
2018-11-16 10:00:00,0.004646494624626447
2018-11-16 10:30:00,0.004704007600331635
2018-11-16 11:00:00,0.0047061172459196415
2018-11-16 11:30:00,0.004720886457961161
2018-11-16 12:00:00,0.004729510393948182
2018-11-16 12:30:00,0.004727626211306351
2018-11-16 13:00:00,0.0047374545986540815
2018-11-16 13:30:00,0.004753594689652695
2018-11-16 14:00:00,0.004654188319770857
2018-11-16 14:30:00,0.004538662260812757
2018-11-16 15:00:00,0.004482723792613087
2018-11-16 15:30:00,0.004389095160324971
2018-11-16 16:00:00,0.004199874970368291
2018-11-16 16:30:00,0.0041079340979589245
2018-11-16 17:00:00,0.004203518102575382
2018-11-16 17:30:00,0.004261292005844963
2018-11-16 18:00:00,0.004362150992598346
2018-11-16 18:30:00,0.004383905779445238
2018-11-16 19:00:00,0.004383129985495672
2018-11-16 19:30:00,0.0039041535335106
2018-11-16 20:00:00,0.0033822159722762795
2018-11-16 20:30:00,0.003108929487630059
2018-11-16 21:00:00,0.002494367763220924
2018-11-16 21:30:00,0.0020785583975669692
2018-11-16 22:00:00,0.0019195521089565978
2018-11-16 22:30:00,0.0017651718911272849
2018-11-16 23:00:00,0.001780168953573977
2018-11-16 23:30:00,0.0018020620828177619
2018-11-17 00:00:00,0.0017545051584042216
2018-11-17 00:30:00,0.00170752461000133
2018-11-17 01:00:00,0.0017093606527880773
2018-11-17 01:30:00,0.0016938351805524383
2018-11-17 02:00:00,0.0017132274681991811
2018-11-17 02:30:00,0.0017176684892036623
2018-11-17 03:00:00,0.0017201270510722533
2018-11-17 03:30:00,0.0017342257778102258
2018-11-17 04:00:00,0.0017559515244740236
2018-11-17 04:30:00,0.0017690940955871599
2018-11-17 05:00:00,0.0017676474690672852
2018-11-17 05:30:00,0.0017676802857764318
2018-11-17 06:00:00,0.0025406662362920385
2018-11-17 06:30:00,0.0032997272236764373
2018-11-17 07:00:00,0.0029639213052129482
2018-11-17 07:30:00,0.002838294775397949
2018-11-17 08:00:00,0.002509723031334123
2018-11-17 08:30:00,0.002247088216715101
2018-11-17 09:00:00,0.002073910318754776
2018-11-17 09:30:00,0.0018744996724411153
2018-11-17 10:00:00,0.0017497823738295394
2018-11-17 10:30:00,0.0016599445055313288
2018-11-17 11:00:00,0.0015819596766284989
2018-11-17 11:30:00,0.0015422975148154101
2018-11-17 12:00:00,0.0014872424064452867
2018-11-17 12:30:00,0.0014707968509198662
2018-11-17 13:00:00,0.0014441619676544455
2018-11-17 13:30:00,0.0014061745866248234
2018-11-17 14:00:00,0.001406831137849486
2018-11-17 14:30:00,0.0013816509984645362
2018-11-17 15:00:00,0.0013918409339213718
2018-11-17 15:30:00,0.0014065500688128121
2018-11-17 16:00:00,0.0014083447000380173
2018-11-17 16:30:00,0.0015371844892152924
2018-11-17 17:00:00,0.0017635862710853362
2018-11-17 17:30:00,0.001955711217293305
2018-11-17 18:00:00,0.0021066275359738163
2018-11-17 18:30:00,0.0021955843016764434
2018-11-17 19:00:00,0.0022883880017679666
2018-11-17 19:30:00,0.002348595593924205
2018-11-17 20:00:00,0.002427572346928507
2018-11-17 20:30:00,0.0024902690604285214
2018-11-17 21:00:00,0.002162479013849239
2018-11-17 21:30:00,0.0018525113486957978
2018-11-17 22:00:00,0.0017814312682591467
2018-11-17 22:30:00,0.0016932890601585554
2018-11-17 23:00:00,0.0017171267096443225
2018-11-17 23:30:00,0.0017225809248395377
2018-11-18 00:00:00,0.0016517151514042856
2018-11-18 00:30:00,0.00161843748903737
2018-11-18 01:00:00,0.0016203751941691194
2018-11-18 01:30:00,0.0016088311787848706
2018-11-18 02:00:00,0.0016513667994321915
2018-11-18 02:30:00,0.0016423799262690105
2018-11-18 03:00:00,0.001651710376486288
2018-11-18 03:30:00,0.0016716732668337372
2018-11-18 04:00:00,0.0016888049780754053
2018-11-18 04:30:00,0.001715391981935814
2018-11-18 05:00:00,0.0017286333070348089
2018-11-18 05:30:00,0.0017664971913216765
2018-11-18 06:00:00,0.002768390019322221
2018-11-18 06:30:00,0.003282504745584471
2018-11-18 07:00:00,0.002823901566444564
2018-11-18 07:30:00,0.0025661224527539373
2018-11-18 08:00:00,0.0022593775967987666
2018-11-18 08:30:00,0.0022647002847073225
2018-11-18 09:00:00,0.0020134298183308048
2018-11-18 09:30:00,0.0018098850480148688
2018-11-18 10:00:00,0.0016832397243325746
2018-11-18 10:30:00,0.0015792346309272997
2018-11-18 11:00:00,0.0014879530010600125
2018-11-18 11:30:00,0.001437933694843483
2018-11-18 12:00:00,0.0013653735200526288
2018-11-18 12:30:00,0.0013421250954477589
2018-11-18 13:00:00,0.0013242879985928169
2018-11-18 13:30:00,0.0012796766776836171
2018-11-18 14:00:00,0.0012713941917417647
2018-11-18 14:30:00,0.0012487909453750541
2018-11-18 15:00:00,0.0012512031471307236
2018-11-18 15:30:00,0.0012720976673878397
2018-11-18 16:00:00,0.0012890857404144725
2018-11-18 16:30:00,0.001429699348756715
2018-11-18 17:00:00,0.001642607516224112
2018-11-18 17:30:00,0.0018236438439997614
2018-11-18 18:00:00,0.001966837340536078
2018-11-18 18:30:00,0.0020365662059961143
2018-11-18 19:00:00,0.002117309982517926
2018-11-18 19:30:00,0.002146744313388617
2018-11-18 20:00:00,0.0022107006936647293
2018-11-18 20:30:00,0.0022697212846151237
2018-11-18 21:00:00,0.0019188625239810611
2018-11-18 21:30:00,0.0016004066607367639
2018-11-18 22:00:00,0.0015468133718074166
2018-11-18 22:30:00,0.0014615289521283563
2018-11-18 23:00:00,0.0015079554364101507
2018-11-18 23:30:00,0.0015405177726526883
2018-11-19 00:00:00,0.0016580173920358646
2018-11-19 00:30:00,0.0017708163651005294
2018-11-19 01:00:00,0.0018229186641809702
2018-11-19 01:30:00,0.001880763496686987
2018-11-19 02:00:00,0.0018950762699762856
2018-11-19 02:30:00,0.0019081850259883306
2018-11-19 03:00:00,0.0019131122638699981
2018-11-19 03:30:00,0.0019066332210474733
2018-11-19 04:00:00,0.001927659442224631
2018-11-19 04:30:00,0.001936111828430505
2018-11-19 05:00:00,0.0019423918005808775
2018-11-19 05:30:00,0.0019741292046268214
2018-11-19 06:00:00,0.0028195085984784765
2018-11-19 06:30:00,0.00402366903645565
2018-11-19 07:00:00,0.0042087922599537446
2018-11-19 07:30:00,0.00448559573215523
2018-11-19 08:00:00,0.004698197046028766
2018-11-19 08:30:00,0.004644203098071079
2018-11-19 09:00:00,0.004652433971490212
2018-11-19 09:30:00,0.004599032807897748
2018-11-19 10:00:00,0.004606485499908318
2018-11-19 10:30:00,0.004628623235178614
2018-11-19 11:00:00,0.004611980605764931
2018-11-19 11:30:00,0.0046197904616417165
2018-11-19 12:00:00,0.004648400685074376
2018-11-19 12:30:00,0.004685511130709577
2018-11-19 13:00:00,0.004712465803255796
2018-11-19 13:30:00,0.004734532262022893
2018-11-19 14:00:00,0.004645618253540516
2018-11-19 14:30:00,0.004537962431467699
2018-11-19 15:00:00,0.0044727062316959635
2018-11-19 15:30:00,0.004361777550602592
2018-11-19 16:00:00,0.00415811414527859
2018-11-19 16:30:00,0.004062157523424941
2018-11-19 17:00:00,0.0041489199104492785
2018-11-19 17:30:00,0.004209376970366717
2018-11-19 18:00:00,0.0042891779610340856
2018-11-19 18:30:00,0.004292844577156056
2018-11-19 19:00:00,0.0042743476300421985
2018-11-19 19:30:00,0.0037978329521432793
2018-11-19 20:00:00,0.0032673449018424073
2018-11-19 20:30:00,0.0029786804465183263
2018-11-19 21:00:00,0.0024071376946829003
2018-11-19 21:30:00,0.002024315850014992
2018-11-19 22:00:00,0.0018621827714664454
2018-11-19 22:30:00,0.0017093980273734945
2018-11-19 23:00:00,0.0017063818418994812
2018-11-19 23:30:00,0.0017096015691052263
2018-11-20 00:00:00,0.0017212304043964497
2018-11-20 00:30:00,0.001736295010228635
2018-11-20 01:00:00,0.0017591572741925397
2018-11-20 01:30:00,0.0017805707846276437
2018-11-20 02:00:00,0.0017909489386702731
2018-11-20 02:30:00,0.0018096524226916975
2018-11-20 03:00:00,0.0018131854713347724
2018-11-20 03:30:00,0.001814261477401347
2018-11-20 04:00:00,0.001841528950484751
2018-11-20 04:30:00,0.0018393258901373741
2018-11-20 05:00:00,0.0018609053506770654
2018-11-20 05:30:00,0.0018837248574207197
2018-11-20 06:00:00,0.002581250130912035
2018-11-20 06:30:00,0.0036762890206245265
2018-11-20 07:00:00,0.00398757391202011
2018-11-20 07:30:00,0.004312069048139357
2018-11-20 08:00:00,0.0045708340955797865
2018-11-20 08:30:00,0.004528168857613005
2018-11-20 09:00:00,0.004553042881345967
2018-11-20 09:30:00,0.004504312151863593
2018-11-20 10:00:00,0.004520029445577696
2018-11-20 10:30:00,0.004559937342034278
2018-11-20 11:00:00,0.004555911174587092
2018-11-20 11:30:00,0.004582968941953713
2018-11-20 12:00:00,0.004613922044014387
2018-11-20 12:30:00,0.004652983694776767
2018-11-20 13:00:00,0.004679990674379232
2018-11-20 13:30:00,0.004697600788995908
2018-11-20 14:00:00,0.004596231971225424
2018-11-20 14:30:00,0.004492529216946085
2018-11-20 15:00:00,0.004430664901878079
2018-11-20 15:30:00,0.004330143458418777
2018-11-20 16:00:00,0.00412660259485393
2018-11-20 16:30:00,0.004029530856014473
2018-11-20 17:00:00,0.004093190106166102
2018-11-20 17:30:00,0.004142570094271106
2018-11-20 18:00:00,0.004223302714848141
2018-11-20 18:30:00,0.004235055480965574
2018-11-20 19:00:00,0.004228388349782291
2018-11-20 19:30:00,0.0037564248632685603
2018-11-20 20:00:00,0.0032361300040504317
2018-11-20 20:30:00,0.002953192151289153
2018-11-20 21:00:00,0.002379803763422639
2018-11-20 21:30:00,0.001990674252079973
2018-11-20 22:00:00,0.0018345587422336608
2018-11-20 22:30:00,0.0016876717164012061
2018-11-20 23:00:00,0.0016898652269125877
2018-11-20 23:30:00,0.0016964414610205353
2018-11-21 00:00:00,0.0017084367929722432
2018-11-21 00:30:00,0.0017313736324736004
2018-11-21 01:00:00,0.0017607299585475494
2018-11-21 01:30:00,0.0017834627354170302
2018-11-21 02:00:00,0.0018107850766490609
2018-11-21 02:30:00,0.0018251792839943904
2018-11-21 03:00:00,0.001844089521965108
2018-11-21 03:30:00,0.001853250636226854
2018-11-21 04:00:00,0.0018765725945688863
2018-11-21 04:30:00,0.001891437999503883
2018-11-21 05:00:00,0.0019101146571678296
2018-11-21 05:30:00,0.0019509546610258768
2018-11-21 06:00:00,0.0028187713077313095
2018-11-21 06:30:00,0.003930313529476992
2018-11-21 07:00:00,0.004225386098387162
2018-11-21 07:30:00,0.00452381691053335
2018-11-21 08:00:00,0.004786823778081073
2018-11-21 08:30:00,0.0047334210517881725
2018-11-21 09:00:00,0.004748548209046126
2018-11-21 09:30:00,0.0046904916306310905
2018-11-21 10:00:00,0.004696674151045967
2018-11-21 10:30:00,0.004728832702859294
2018-11-21 11:00:00,0.004708667616438822
2018-11-21 11:30:00,0.004716834983448588
2018-11-21 12:00:00,0.004724005000313702
2018-11-21 12:30:00,0.0047480115082632005
2018-11-21 13:00:00,0.004773161522256421
2018-11-21 13:30:00,0.004791573953321722
2018-11-21 14:00:00,0.004690279363821926
2018-11-21 14:30:00,0.004594288188925315
2018-11-21 15:00:00,0.004552853924818299
2018-11-21 15:30:00,0.004477633339352595
2018-11-21 16:00:00,0.004303288972333816
2018-11-21 16:30:00,0.004273036307335036
2018-11-21 17:00:00,0.004359453163929732
2018-11-21 17:30:00,0.004447886381578101
2018-11-21 18:00:00,0.004556238951003452
2018-11-21 18:30:00,0.004569617576699048
2018-11-21 19:00:00,0.004566088000723607
2018-11-21 19:30:00,0.004080118203839329
2018-11-21 20:00:00,0.0035441619608560133
2018-11-21 20:30:00,0.003262131559555996
2018-11-21 21:00:00,0.0025859509508639284
2018-11-21 21:30:00,0.0021120434216000145
2018-11-21 22:00:00,0.0019572544273817665
2018-11-21 22:30:00,0.001807190605197199
2018-11-21 23:00:00,0.0018251346168069403
2018-11-21 23:30:00,0.0018449352467591641
2018-11-22 00:00:00,0.0018620770287369726
2018-11-22 00:30:00,0.0018940279584340972
2018-11-22 01:00:00,0.0019270250726644844
2018-11-22 01:30:00,0.001957649182875127
2018-11-22 02:00:00,0.001993274672421436
2018-11-22 02:30:00,0.00200466858174718
2018-11-22 03:00:00,0.0020270824809111155
2018-11-22 03:30:00,0.0020297558706812505
2018-11-22 04:00:00,0.0020469420159880906
2018-11-22 04:30:00,0.002064939506679405
2018-11-22 05:00:00,0.0020881634923857967
2018-11-22 05:30:00,0.0021330470270292017
2018-11-22 06:00:00,0.0031069006249729017
2018-11-22 06:30:00,0.004282659633658945
2018-11-22 07:00:00,0.0045399952442842905
2018-11-22 07:30:00,0.004809352969810476
2018-11-22 08:00:00,0.005046018915408044
2018-11-22 08:30:00,0.004954934316020674
2018-11-22 09:00:00,0.004938279922945378
2018-11-22 09:30:00,0.004858303388929081
2018-11-22 10:00:00,0.004856115998994406
2018-11-22 10:30:00,0.004883352521927517
2018-11-22 11:00:00,0.004848046430986899
2018-11-22 11:30:00,0.004838930417996056
2018-11-22 12:00:00,0.004835022408065137
2018-11-22 12:30:00,0.004849277100988248
2018-11-22 13:00:00,0.004864137383738483
2018-11-22 13:30:00,0.004864411984931687
2018-11-22 14:00:00,0.004755789849681204
2018-11-22 14:30:00,0.0046533762364445105
2018-11-22 15:00:00,0.004607242150777548
2018-11-22 15:30:00,0.004536867629587552
2018-11-22 16:00:00,0.004373868728181015
2018-11-22 16:30:00,0.00436581413605268
2018-11-22 17:00:00,0.00445819668837682
2018-11-22 17:30:00,0.004550877108767316
2018-11-22 18:00:00,0.004658286935746569
2018-11-22 18:30:00,0.004692118401784508
2018-11-22 19:00:00,0.004695193666016655
2018-11-22 19:30:00,0.0041951245346775684
2018-11-22 20:00:00,0.0036564099083837612
2018-11-22 20:30:00,0.003376400122155269
2018-11-22 21:00:00,0.002672422458565524
2018-11-22 21:30:00,0.002176052152340718
2018-11-22 22:00:00,0.0020144531700743698
2018-11-22 22:30:00,0.0018745399987940218
2018-11-22 23:00:00,0.001908318636875571
2018-11-22 23:30:00,0.0019187412410639234
2018-11-23 00:00:00,0.0019513600949722138
2018-11-23 00:30:00,0.0019771396601992374
2018-11-23 01:00:00,0.0019998128808187848
2018-11-23 01:30:00,0.0020448651437008853
2018-11-23 02:00:00,0.002066019419497068
2018-11-23 02:30:00,0.0020914409092826214
2018-11-23 03:00:00,0.002112383743028203
2018-11-23 03:30:00,0.002113320712164358
2018-11-23 04:00:00,0.002146583355243754
2018-11-23 04:30:00,0.0021504769536039893
2018-11-23 05:00:00,0.002182058391464795
2018-11-23 05:30:00,0.0022185183196353478
2018-11-23 06:00:00,0.0031509740296655053
2018-11-23 06:30:00,0.004370400835464433
2018-11-23 07:00:00,0.004563049720401769
2018-11-23 07:30:00,0.0048428215420806015
2018-11-23 08:00:00,0.00506757819106711
2018-11-23 08:30:00,0.004977542337305382
2018-11-23 09:00:00,0.004974600466918749
2018-11-23 09:30:00,0.004903190439648467
2018-11-23 10:00:00,0.004892018694234645
2018-11-23 10:30:00,0.004901366117114987
2018-11-23 11:00:00,0.00485978656527581
2018-11-23 11:30:00,0.004846354937990441
2018-11-23 12:00:00,0.004832636815625218
2018-11-23 12:30:00,0.004840058210218731
2018-11-23 13:00:00,0.004848924929081755
2018-11-23 13:30:00,0.004842624468192339
2018-11-23 14:00:00,0.004720266065888242
2018-11-23 14:30:00,0.00460344930318706
2018-11-23 15:00:00,0.004541744166521755
2018-11-23 15:30:00,0.004463359937432604
2018-11-23 16:00:00,0.004292264945519498
2018-11-23 16:30:00,0.004285458603772415
2018-11-23 17:00:00,0.0043666740553756946
2018-11-23 17:30:00,0.004446677545974505
2018-11-23 18:00:00,0.0045527564730828045
2018-11-23 18:30:00,0.004567091210994891
2018-11-23 19:00:00,0.004559623195838384
2018-11-23 19:30:00,0.004072236984642652
2018-11-23 20:00:00,0.0035517779550620996
2018-11-23 20:30:00,0.003275165522988861
2018-11-23 21:00:00,0.002604268404469424
2018-11-23 21:30:00,0.002143463510640848
2018-11-23 22:00:00,0.00199166773888188
2018-11-23 22:30:00,0.001862063615558234
2018-11-23 23:00:00,0.0019023798977286413
2018-11-23 23:30:00,0.0019064674011679222
2018-11-24 00:00:00,0.001863294632826347
2018-11-24 00:30:00,0.0018378882057366584
2018-11-24 01:00:00,0.001813503437465064
2018-11-24 01:30:00,0.0018219885101550483
2018-11-24 02:00:00,0.001821512364014002
2018-11-24 02:30:00,0.0018406468060888773
2018-11-24 03:00:00,0.001862244194275232
2018-11-24 03:30:00,0.0018495484686699751
2018-11-24 04:00:00,0.0018980636323089324
2018-11-24 04:30:00,0.0018863333951227791
2018-11-24 05:00:00,0.0019016731230483137
2018-11-24 05:30:00,0.0019111417420291017
2018-11-24 06:00:00,0.0027220398903200415
2018-11-24 06:30:00,0.003397291864278277
2018-11-24 07:00:00,0.003057385506688568
2018-11-24 07:30:00,0.0029376985841874067
2018-11-24 08:00:00,0.0026534015727223
2018-11-24 08:30:00,0.0023321513406491475
2018-11-24 09:00:00,0.002166640702150864
2018-11-24 09:30:00,0.001961943179813629
2018-11-24 10:00:00,0.0018491043578878579
2018-11-24 10:30:00,0.0017580807038174748
2018-11-24 11:00:00,0.0016521607814784928
2018-11-24 11:30:00,0.0016328804873629653
2018-11-24 12:00:00,0.0015546532228508964
2018-11-24 12:30:00,0.001534301871220174
2018-11-24 13:00:00,0.0015197683230860069
2018-11-24 13:30:00,0.001453853618714065
2018-11-24 14:00:00,0.0014725467715492758
2018-11-24 14:30:00,0.0014513210890248574
2018-11-24 15:00:00,0.001464514013818695
2018-11-24 15:30:00,0.001487992502654356
2018-11-24 16:00:00,0.0014924326989002737
2018-11-24 16:30:00,0.001703347641962113
2018-11-24 17:00:00,0.0018753373232829214
2018-11-24 17:30:00,0.0020800620192443966
2018-11-24 18:00:00,0.002239844579296133
2018-11-24 18:30:00,0.0023171610499043427
2018-11-24 19:00:00,0.0024412194966489478
2018-11-24 19:30:00,0.0024938008502295786
2018-11-24 20:00:00,0.0025826853844454073
2018-11-24 20:30:00,0.00265222060527647
2018-11-24 21:00:00,0.002260492019251049
2018-11-24 21:30:00,0.0019462182462307294
2018-11-24 22:00:00,0.0018706819518686957
2018-11-24 22:30:00,0.001773628227492593
2018-11-24 23:00:00,0.0018063545170558287
2018-11-24 23:30:00,0.0018295664786505356
2018-11-25 00:00:00,0.0017770047890503851
2018-11-25 00:30:00,0.0017357253191031823
2018-11-25 01:00:00,0.0017313768446911627
2018-11-25 01:30:00,0.0017284670964801488
2018-11-25 02:00:00,0.0017885722449411676
2018-11-25 02:30:00,0.0017812919708786545
2018-11-25 03:00:00,0.0017990249745212501
2018-11-25 03:30:00,0.0018176506707876594
2018-11-25 04:00:00,0.0018150024144495294
2018-11-25 04:30:00,0.001853320306621273
2018-11-25 05:00:00,0.001869310942686564
2018-11-25 05:30:00,0.00190282114355996
2018-11-25 06:00:00,0.0028936866457119357
2018-11-25 06:30:00,0.0033635545075332346
2018-11-25 07:00:00,0.0030964094790071122
2018-11-25 07:30:00,0.0028319656650005473
2018-11-25 08:00:00,0.002536402060886848
2018-11-25 08:30:00,0.0024915957062816214
2018-11-25 09:00:00,0.002206877026148985
2018-11-25 09:30:00,0.002019039782669431
2018-11-25 10:00:00,0.0018556560228722907
2018-11-25 10:30:00,0.0017518374985356832
2018-11-25 11:00:00,0.0016811521301840478
2018-11-25 11:30:00,0.0015769859918172188
2018-11-25 12:00:00,0.0015229264104412383
2018-11-25 12:30:00,0.001472208056229868
2018-11-25 13:00:00,0.0014430010548642058
2018-11-25 13:30:00,0.001420239498261704
2018-11-25 14:00:00,0.0013851096886118856
2018-11-25 14:30:00,0.001393750076361827
2018-11-25 15:00:00,0.0013813635049927386
2018-11-25 15:30:00,0.00140516946638634
2018-11-25 16:00:00,0.0014392555657785854
2018-11-25 16:30:00,0.001600982429030577
2018-11-25 17:00:00,0.0018119179476481513
2018-11-25 17:30:00,0.0019698273941861416
2018-11-25 18:00:00,0.0021044877649940797
2018-11-25 18:30:00,0.0021821637001108135
2018-11-25 19:00:00,0.0022146654383031275
2018-11-25 19:30:00,0.0022680602208688134
2018-11-25 20:00:00,0.002299339580053756
2018-11-25 20:30:00,0.0023461220127680947
2018-11-25 21:00:00,0.002038745174711776
2018-11-25 21:30:00,0.0017156924979112413
2018-11-25 22:00:00,0.0016122573126731462
2018-11-25 22:30:00,0.0014948478524234325
2018-11-25 23:00:00,0.0015312473995854892
2018-11-25 23:30:00,0.001562995178225991
2018-11-26 00:00:00,0.0016782153385738298
2018-11-26 00:30:00,0.0017943966465062287
2018-11-26 01:00:00,0.001844701623044048
2018-11-26 01:30:00,0.0018994110273511488
2018-11-26 02:00:00,0.0019185406076913357
2018-11-26 02:30:00,0.0019255883432473682
2018-11-26 03:00:00,0.0019390888161685935
2018-11-26 03:30:00,0.001939650476750141
2018-11-26 04:00:00,0.0019531862840645483
2018-11-26 04:30:00,0.0019707684437067666
2018-11-26 05:00:00,0.0019813328195513007
2018-11-26 05:30:00,0.002014763669969247
2018-11-26 06:00:00,0.0027638970385282574
2018-11-26 06:30:00,0.0039069701708206615
2018-11-26 07:00:00,0.004264311360128193
2018-11-26 07:30:00,0.004563848824632831
2018-11-26 08:00:00,0.004801529440304878
2018-11-26 08:30:00,0.004726936539514123
2018-11-26 09:00:00,0.004737245630879171
2018-11-26 09:30:00,0.004683152494852171
2018-11-26 10:00:00,0.004687357374457501
2018-11-26 10:30:00,0.00470425624333427
2018-11-26 11:00:00,0.0046796071616473384
2018-11-26 11:30:00,0.00468733219761715
2018-11-26 12:00:00,0.004689384674414222
2018-11-26 12:30:00,0.004699511320503418
2018-11-26 13:00:00,0.004710050085424147
2018-11-26 13:30:00,0.004715518147881555
2018-11-26 14:00:00,0.004613463044169787
2018-11-26 14:30:00,0.004513272936611169
2018-11-26 15:00:00,0.004451612206683241
2018-11-26 15:30:00,0.0043475770312945815
2018-11-26 16:00:00,0.004154538599865336
2018-11-26 16:30:00,0.004143143648739301
2018-11-26 17:00:00,0.004208526904738117
2018-11-26 17:30:00,0.00428362881178741
2018-11-26 18:00:00,0.0043717501404738485
2018-11-26 18:30:00,0.004393896644229921
2018-11-26 19:00:00,0.004395825277017476
2018-11-26 19:30:00,0.003918367552814041
2018-11-26 20:00:00,0.0033934977578457728
2018-11-26 20:30:00,0.003101570123562169
2018-11-26 21:00:00,0.0025006436549868255
2018-11-26 21:30:00,0.0020829332208446663
2018-11-26 22:00:00,0.0018890966401679588
2018-11-26 22:30:00,0.0017197289965446396
2018-11-26 23:00:00,0.0017332566864984508
2018-11-26 23:30:00,0.0017349517823875798
2018-11-27 00:00:00,0.00175243071698436
2018-11-27 00:30:00,0.0017575117506338947
2018-11-27 01:00:00,0.0017876213417261293
2018-11-27 01:30:00,0.00181529121017169
2018-11-27 02:00:00,0.001846196997135843
2018-11-27 02:30:00,0.0018659460145653477
2018-11-27 03:00:00,0.0018613593151535959
2018-11-27 03:30:00,0.001879502831518944
2018-11-27 04:00:00,0.0018908831106242228
2018-11-27 04:30:00,0.001905248972319985
2018-11-27 05:00:00,0.001935028920437007
2018-11-27 05:30:00,0.0019498024299047234
2018-11-27 06:00:00,0.0027384547127368964
2018-11-27 06:30:00,0.003817256841065496
2018-11-27 07:00:00,0.004198337750631499
2018-11-27 07:30:00,0.0044511035476914665
2018-11-27 08:00:00,0.004713883129142504
2018-11-27 08:30:00,0.004660725052284461
2018-11-27 09:00:00,0.004691158165775202
2018-11-27 09:30:00,0.004655201513961591
2018-11-27 10:00:00,0.004678187448301632
2018-11-27 10:30:00,0.004723137658163621
2018-11-27 11:00:00,0.004715861898569033
2018-11-27 11:30:00,0.004732915778647341
2018-11-27 12:00:00,0.0047515700810133905
2018-11-27 12:30:00,0.004770246825494028
2018-11-27 13:00:00,0.004803469576303972
2018-11-27 13:30:00,0.004817525589230039
2018-11-27 14:00:00,0.004720018985586041
2018-11-27 14:30:00,0.004609739172440191
2018-11-27 15:00:00,0.004547126193638517
2018-11-27 15:30:00,0.004451617198642965
2018-11-27 16:00:00,0.004260492554347137
2018-11-27 16:30:00,0.00424495423324125
2018-11-27 17:00:00,0.004294165406290868
2018-11-27 17:30:00,0.004354344001672358
2018-11-27 18:00:00,0.004432193874029239
2018-11-27 18:30:00,0.004434867133574338
2018-11-27 19:00:00,0.004420040709333539
2018-11-27 19:30:00,0.003950775485571876
2018-11-27 20:00:00,0.003434315797081031
2018-11-27 20:30:00,0.003146239828695975
2018-11-27 21:00:00,0.002541029564143306
2018-11-27 21:30:00,0.0021260694827677333
2018-11-27 22:00:00,0.0019451393318050112
2018-11-27 22:30:00,0.0017879555859859574
2018-11-27 23:00:00,0.0018136743795293757
2018-11-27 23:30:00,0.0018246455349789554
2018-11-28 00:00:00,0.0018489868080884275
2018-11-28 00:30:00,0.0018612689823867515
2018-11-28 01:00:00,0.0018987440147152372
2018-11-28 01:30:00,0.0019203508225125508
2018-11-28 02:00:00,0.0019344273675860073
2018-11-28 02:30:00,0.0019521723085235965
2018-11-28 03:00:00,0.001954642156562
2018-11-28 03:30:00,0.0019701310789707847
2018-11-28 04:00:00,0.0019910786876343647
2018-11-28 04:30:00,0.001995495096106986
2018-11-28 05:00:00,0.002025349142269661
2018-11-28 05:30:00,0.002050936712384838
2018-11-28 06:00:00,0.002805304910361249
2018-11-28 06:30:00,0.0039026159230987
2018-11-28 07:00:00,0.004296527862082672
2018-11-28 07:30:00,0.0045551064272711245
2018-11-28 08:00:00,0.004819106304128953
2018-11-28 08:30:00,0.004775767759316173
2018-11-28 09:00:00,0.004819893905148476
2018-11-28 09:30:00,0.004794685941014103
2018-11-28 10:00:00,0.004831723764487397
2018-11-28 10:30:00,0.0048867482265656445
2018-11-28 11:00:00,0.0048893899716519595
2018-11-28 11:30:00,0.004920432017412424
2018-11-28 12:00:00,0.004943088612635671
2018-11-28 12:30:00,0.004975593302595475
2018-11-28 13:00:00,0.00499492902916812
2018-11-28 13:30:00,0.0049833662179702976
2018-11-28 14:00:00,0.004860084433342167
2018-11-28 14:30:00,0.004732681851073808
2018-11-28 15:00:00,0.004665021219640235
2018-11-28 15:30:00,0.004563565151095432
2018-11-28 16:00:00,0.004373434557910001
2018-11-28 16:30:00,0.004374651467465849
2018-11-28 17:00:00,0.004439740371474288
2018-11-28 17:30:00,0.004523898865489526
2018-11-28 18:00:00,0.004624688312073527
2018-11-28 18:30:00,0.004637841952314748
2018-11-28 19:00:00,0.004627739614898995
2018-11-28 19:30:00,0.0041338907258269665
2018-11-28 20:00:00,0.0035986748989916884
2018-11-28 20:30:00,0.0033207785782856003
2018-11-28 21:00:00,0.002663437104694433
2018-11-28 21:30:00,0.0022071758057905953
2018-11-28 22:00:00,0.0020200454238080592
2018-11-28 22:30:00,0.0018565057846424724
2018-11-28 23:00:00,0.00188334776912395
2018-11-28 23:30:00,0.0019160020876504585
2018-11-29 00:00:00,0.0019354780665871946
2018-11-29 00:30:00,0.0019452902192137334
2018-11-29 01:00:00,0.001982538573162372
2018-11-29 01:30:00,0.0020031432124886913
2018-11-29 02:00:00,0.002036449307321865
2018-11-29 02:30:00,0.0020627622742975605
2018-11-29 03:00:00,0.00206851570321784
2018-11-29 03:30:00,0.0020989667877635895
2018-11-29 04:00:00,0.0021237680157012613
2018-11-29 04:30:00,0.0021406435308881887
2018-11-29 05:00:00,0.0021848507201014146
2018-11-29 05:30:00,0.002204188573682985
2018-11-29 06:00:00,0.003170361889661014
2018-11-29 06:30:00,0.004305764550273815
2018-11-29 07:00:00,0.004666571201430584
2018-11-29 07:30:00,0.004927486220811926
2018-11-29 08:00:00,0.0051717899081966424
2018-11-29 08:30:00,0.0050668107749282125
2018-11-29 09:00:00,0.005063082996447529
2018-11-29 09:30:00,0.004998427915443339
2018-11-29 10:00:00,0.004994250035828868
2018-11-29 10:30:00,0.004999821236515023
2018-11-29 11:00:00,0.004952323130409542
2018-11-29 11:30:00,0.004941987603362128
2018-11-29 12:00:00,0.004922586937904716
2018-11-29 12:30:00,0.004926652520129554
2018-11-29 13:00:00,0.004928322439178332
2018-11-29 13:30:00,0.004928323567795314
2018-11-29 14:00:00,0.004800784553097261
2018-11-29 14:30:00,0.0046859320180268876
2018-11-29 15:00:00,0.004636745153650713
2018-11-29 15:30:00,0.0045638875014686105
2018-11-29 16:00:00,0.004403497615255932
2018-11-29 16:30:00,0.004438441984454065
2018-11-29 17:00:00,0.004525551290975096
2018-11-29 17:30:00,0.004633638722226545
2018-11-29 18:00:00,0.004754042099469065
2018-11-29 18:30:00,0.0047858633684383835
2018-11-29 19:00:00,0.0047872407152389496
2018-11-29 19:30:00,0.004286629977973904
2018-11-29 20:00:00,0.0037405118413249023
2018-11-29 20:30:00,0.0034622653454962123
2018-11-29 21:00:00,0.002745758383897598
2018-11-29 21:30:00,0.002236285225195726
2018-11-29 22:00:00,0.0020658460031570663
2018-11-29 22:30:00,0.001916862571281962
2018-11-29 23:00:00,0.0019439570187004733
2018-11-29 23:30:00,0.0019648210228907503
2018-11-30 00:00:00,0.0019954686604246176
2018-11-30 00:30:00,0.0020197834978517215
2018-11-30 01:00:00,0.002064799341132004
2018-11-30 01:30:00,0.002093581070937467
2018-11-30 02:00:00,0.002110832415579146
2018-11-30 02:30:00,0.0021392598030608454
2018-11-30 03:00:00,0.0021496950390777186
2018-11-30 03:30:00,0.0021726950377216796
2018-11-30 04:00:00,0.002202500075862362
2018-11-30 04:30:00,0.0022068542367676336
2018-11-30 05:00:00,0.0022379391265650393
2018-11-30 05:30:00,0.0022613183405146967
2018-11-30 06:00:00,0.0032346828566304124
2018-11-30 06:30:00,0.00446341784416541
2018-11-30 07:00:00,0.004810666897018364
2018-11-30 07:30:00,0.00502798769643233
2018-11-30 08:00:00,0.00525495209386752
2018-11-30 08:30:00,0.005144873912486202
2018-11-30 09:00:00,0.005125114433645448
2018-11-30 09:30:00,0.005039163956314076
2018-11-30 10:00:00,0.005018105960228062
2018-11-30 10:30:00,0.005020562004412618
2018-11-30 11:00:00,0.004967679917814832
2018-11-30 11:30:00,0.004945296751759464
2018-11-30 12:00:00,0.00491158952040615
2018-11-30 12:30:00,0.004897971888360603
2018-11-30 13:00:00,0.004887866946444124
2018-11-30 13:30:00,0.004882558713514598
2018-11-30 14:00:00,0.004751016190525675
2018-11-30 14:30:00,0.004628926312246422
2018-11-30 15:00:00,0.004578775174884815
2018-11-30 15:30:00,0.0045109847524983995
2018-11-30 16:00:00,0.0043524374637326285
2018-11-30 16:30:00,0.004391482358873671
2018-11-30 17:00:00,0.004477045243088678
2018-11-30 17:30:00,0.004575065975175975
2018-11-30 18:00:00,0.004694581781979443
2018-11-30 18:30:00,0.0047339621802223305
2018-11-30 19:00:00,0.004746289672833286
2018-11-30 19:30:00,0.004244116191724335
2018-11-30 20:00:00,0.0036905540881421953
2018-11-30 20:30:00,0.003410202113926661
2018-11-30 21:00:00,0.0027167817940294894
2018-11-30 21:30:00,0.002218293811672772
2018-11-30 22:00:00,0.0020131714084504464
2018-11-30 22:30:00,0.0018233848698109125
2018-11-30 23:00:00,0.0018348404189871706
2018-11-30 23:30:00,0.001830677775701946
2018-12-01 00:00:00,0.0017733291439925654
2018-12-01 00:30:00,0.0017260818078986473
2018-12-01 01:00:00,0.001699144238240528
2018-12-01 01:30:00,0.0016827463884867373
2018-12-01 02:00:00,0.001683770130905411
2018-12-01 02:30:00,0.0016758482380890643
2018-12-01 03:00:00,0.0016775603500496026
2018-12-01 03:30:00,0.0016804380194933416
2018-12-01 04:00:00,0.0016994322526124707
2018-12-01 04:30:00,0.001699430863545417
2018-12-01 05:00:00,0.0017017802100169005
2018-12-01 05:30:00,0.001696685589555246
2018-12-01 06:00:00,0.002479192596332923
2018-12-01 06:30:00,0.0031905366561425187
2018-12-01 07:00:00,0.0029942705537803135
2018-12-01 07:30:00,0.0028388523121866804
2018-12-01 08:00:00,0.0025536395582663345
2018-12-01 08:30:00,0.002265117178456853
2018-12-01 09:00:00,0.002116048145324557
2018-12-01 09:30:00,0.0019506142093726518
2018-12-01 10:00:00,0.0018470181528063845
2018-12-01 10:30:00,0.0017642489428867046
2018-12-01 11:00:00,0.0016726624996177926
2018-12-01 11:30:00,0.0016189909020332856
2018-12-01 12:00:00,0.0015433425707316911
2018-12-01 12:30:00,0.0015283022301646027
2018-12-01 13:00:00,0.001496811038253951
2018-12-01 13:30:00,0.0014471144296773646
2018-12-01 14:00:00,0.0014530553392415658
2018-12-01 14:30:00,0.0014296983069564243
2018-12-01 15:00:00,0.0014569759810010056
2018-12-01 15:30:00,0.0014765777573228043
2018-12-01 16:00:00,0.0014729739530766745
2018-12-01 16:30:00,0.0016901804149087713
2018-12-01 17:00:00,0.0018561829133691473
2018-12-01 17:30:00,0.0020653695097492568
2018-12-01 18:00:00,0.002219802295084888
2018-12-01 18:30:00,0.0022969541178388727
2018-12-01 19:00:00,0.002397095825092334
2018-12-01 19:30:00,0.0024668541648189186
2018-12-01 20:00:00,0.0025798687037269998
2018-12-01 20:30:00,0.002651249169914042
2018-12-01 21:00:00,0.002259943598214858
2018-12-01 21:30:00,0.00193852559288661
2018-12-01 22:00:00,0.0018369284906274974
2018-12-01 22:30:00,0.001742502750892208
2018-12-01 23:00:00,0.001780735909973668
2018-12-01 23:30:00,0.0017989727976900406
2018-12-02 00:00:00,0.0017533308324352431
2018-12-02 00:30:00,0.0017254140573208635
2018-12-02 01:00:00,0.0017480216011137718
2018-12-02 01:30:00,0.0017542332051200885
2018-12-02 02:00:00,0.0017850423651073091
2018-12-02 02:30:00,0.001816845098713128
2018-12-02 03:00:00,0.0018346548483104477
2018-12-02 03:30:00,0.0018517671560217075
2018-12-02 04:00:00,0.00187522168345069
2018-12-02 04:30:00,0.0018939531658549173
2018-12-02 05:00:00,0.00193541586242819
2018-12-02 05:30:00,0.001963723920368296
2018-12-02 06:00:00,0.003080105261054419
2018-12-02 06:30:00,0.0036968280699408987
2018-12-02 07:00:00,0.0033579816139216075
2018-12-02 07:30:00,0.003093122382049256
2018-12-02 08:00:00,0.0027236244685617003
2018-12-02 08:30:00,0.0026333180505828937
2018-12-02 09:00:00,0.0023594291883271105
2018-12-02 09:30:00,0.0021003134448639342
2018-12-02 10:00:00,0.001944729774065858
2018-12-02 10:30:00,0.0018198551636104357
2018-12-02 11:00:00,0.0017035044763141598
2018-12-02 11:30:00,0.0016339465529184357
2018-12-02 12:00:00,0.0015390937184724383
2018-12-02 12:30:00,0.001497963052333377
2018-12-02 13:00:00,0.0014490953261128193
2018-12-02 13:30:00,0.0014118257888916098
2018-12-02 14:00:00,0.0014011472056902436
2018-12-02 14:30:00,0.0013642540188239316
2018-12-02 15:00:00,0.0013914789951371578
2018-12-02 15:30:00,0.001406897509209652
2018-12-02 16:00:00,0.0014264021376543734
2018-12-02 16:30:00,0.0016558593027343556
2018-12-02 17:00:00,0.0018250978499383592
2018-12-02 17:30:00,0.0020368559567018746
2018-12-02 18:00:00,0.0021954212165226543
2018-12-02 18:30:00,0.002253842859122775
2018-12-02 19:00:00,0.0023268373344096783
2018-12-02 19:30:00,0.002349322857343577
2018-12-02 20:00:00,0.002428144555737995
2018-12-02 20:30:00,0.0024737265306594047
2018-12-02 21:00:00,0.0020810943999238114
2018-12-02 21:30:00,0.0017188970321960853
2018-12-02 22:00:00,0.001683170270979883
2018-12-02 22:30:00,0.0016018067101019897
2018-12-02 23:00:00,0.0016378910258595175
2018-12-02 23:30:00,0.0017016484656885138
2018-12-03 00:00:00,0.001821002576405246
2018-12-03 00:30:00,0.0019472290963708097
2018-12-03 01:00:00,0.0020141072489696203
2018-12-03 01:30:00,0.002053205275925472
2018-12-03 02:00:00,0.0020946638487059285
2018-12-03 02:30:00,0.0021138040206824006
2018-12-03 03:00:00,0.0021454116771838475
2018-12-03 03:30:00,0.0021768990925684463
2018-12-03 04:00:00,0.0021887284310072213
2018-12-03 04:30:00,0.0022173747267749356
2018-12-03 05:00:00,0.0022325599643990765
2018-12-03 05:30:00,0.002278170502011781
2018-12-03 06:00:00,0.0033281194069899912
2018-12-03 06:30:00,0.004526137650905194
2018-12-03 07:00:00,0.004907515039470498
2018-12-03 07:30:00,0.005124744637950712
2018-12-03 08:00:00,0.005330569605243857
2018-12-03 08:30:00,0.0051957838711343095
2018-12-03 09:00:00,0.005142278050021009
2018-12-03 09:30:00,0.0050276940823838255
2018-12-03 10:00:00,0.004980010101743204
2018-12-03 10:30:00,0.004955623814179519
2018-12-03 11:00:00,0.004885750225295812
2018-12-03 11:30:00,0.004851730931347186
2018-12-03 12:00:00,0.004817853886546542
2018-12-03 12:30:00,0.004817134783896112
2018-12-03 13:00:00,0.004828416352423879
2018-12-03 13:30:00,0.004831815356096259
2018-12-03 14:00:00,0.004707522460877973
2018-12-03 14:30:00,0.004594751442787767
2018-12-03 15:00:00,0.004544596702533489
2018-12-03 15:30:00,0.00445786322546721
2018-12-03 16:00:00,0.004290960611555952
2018-12-03 16:30:00,0.004312305059313472
2018-12-03 17:00:00,0.004392166387580993
2018-12-03 17:30:00,0.00448721916086605
2018-12-03 18:00:00,0.004606617070603324
2018-12-03 18:30:00,0.004636198512356684
2018-12-03 19:00:00,0.00464336453565402
2018-12-03 19:30:00,0.0041491795791716544
2018-12-03 20:00:00,0.003602671678989016
2018-12-03 20:30:00,0.003320661766428042
2018-12-03 21:00:00,0.0026404039854829066
2018-12-03 21:30:00,0.0021591388284849192
2018-12-03 22:00:00,0.0019835692175079692
2018-12-03 22:30:00,0.0018274089102491716
2018-12-03 23:00:00,0.0018510434520866612
2018-12-03 23:30:00,0.0018689740505176643
2018-12-04 00:00:00,0.0018820904029901598
2018-12-04 00:30:00,0.0019177258330475727
2018-12-04 01:00:00,0.001960492472909284
2018-12-04 01:30:00,0.00198123732119135
2018-12-04 02:00:00,0.0019953495479247516
2018-12-04 02:30:00,0.002025703484593424
2018-12-04 03:00:00,0.002053528364240524
2018-12-04 03:30:00,0.0020508355709399806
2018-12-04 04:00:00,0.0020960180154500326
2018-12-04 04:30:00,0.002107659525978122
2018-12-04 05:00:00,0.002119615660193905
2018-12-04 05:30:00,0.002170481385738017
2018-12-04 06:00:00,0.0030549986554066315
2018-12-04 06:30:00,0.004317465834093565
2018-12-04 07:00:00,0.004679309640847746
2018-12-04 07:30:00,0.004919139316885452
2018-12-04 08:00:00,0.005158690007487065
2018-12-04 08:30:00,0.005041350738531916
2018-12-04 09:00:00,0.0050273076178844415
2018-12-04 09:30:00,0.004945813701745216
2018-12-04 10:00:00,0.0049301155077031015
2018-12-04 10:30:00,0.004937677458519125
2018-12-04 11:00:00,0.0048968842488574535
2018-12-04 11:30:00,0.004880467429656709
2018-12-04 12:00:00,0.004860939230480418
2018-12-04 12:30:00,0.0048647057726135725
2018-12-04 13:00:00,0.004873389655525638
2018-12-04 13:30:00,0.0048726561847128695
2018-12-04 14:00:00,0.004764758447930958
2018-12-04 14:30:00,0.004651407971837576
2018-12-04 15:00:00,0.004590831408745164
2018-12-04 15:30:00,0.004493229827641361
2018-12-04 16:00:00,0.00430621287166544
2018-12-04 16:30:00,0.004313697816076666
2018-12-04 17:00:00,0.004385965288394271
2018-12-04 17:30:00,0.004477732093338453
2018-12-04 18:00:00,0.0045903639008648585
2018-12-04 18:30:00,0.0046180026021184
2018-12-04 19:00:00,0.004626164109001532
2018-12-04 19:30:00,0.004132083810040004
2018-12-04 20:00:00,0.0035830850955881183
2018-12-04 20:30:00,0.0032872432005718534
2018-12-04 21:00:00,0.0026194884989949466
2018-12-04 21:30:00,0.0021573431988677694
2018-12-04 22:00:00,0.00197522778303302
2018-12-04 22:30:00,0.0018078804072144627
2018-12-04 23:00:00,0.0018276183989242277
2018-12-04 23:30:00,0.0018426086028523418
2018-12-05 00:00:00,0.0018640161229357762
2018-12-05 00:30:00,0.001892308293421454
2018-12-05 01:00:00,0.0019250289833081281
2018-12-05 01:30:00,0.0019545986179915313
2018-12-05 02:00:00,0.0019812998726171176
2018-12-05 02:30:00,0.0020018227740289884
2018-12-05 03:00:00,0.0020136074452803136
2018-12-05 03:30:00,0.0020217050984873155
2018-12-05 04:00:00,0.0020497711114932913
2018-12-05 04:30:00,0.0020583550683941705
2018-12-05 05:00:00,0.0020934037912547212
2018-12-05 05:30:00,0.0021242507599108134
2018-12-05 06:00:00,0.0030696814848407395
2018-12-05 06:30:00,0.004171460865840294
2018-12-05 07:00:00,0.004588075586527053
2018-12-05 07:30:00,0.004886194119036202
2018-12-05 08:00:00,0.005146002095383986
2018-12-05 08:30:00,0.005067976809903214
2018-12-05 09:00:00,0.0050886264636837465
2018-12-05 09:30:00,0.00502996776810922
2018-12-05 10:00:00,0.005037404529257017
2018-12-05 10:30:00,0.005055963333263115
2018-12-05 11:00:00,0.005038715287655688
2018-12-05 11:30:00,0.005050673114796943
2018-12-05 12:00:00,0.005050824392880774
2018-12-05 12:30:00,0.0050717124018860756
2018-12-05 13:00:00,0.005093122700103617
2018-12-05 13:30:00,0.005098800381461118
2018-12-05 14:00:00,0.004983534642350575
2018-12-05 14:30:00,0.0048701052932935435
2018-12-05 15:00:00,0.004806194752230208
2018-12-05 15:30:00,0.004697381272993059
2018-12-05 16:00:00,0.0045055978202386045
2018-12-05 16:30:00,0.004514382888003871
2018-12-05 17:00:00,0.00456985827597447
2018-12-05 17:30:00,0.004642567949106992
2018-12-05 18:00:00,0.004737820270556002
2018-12-05 18:30:00,0.004757348556548985
2018-12-05 19:00:00,0.004752713370015385
2018-12-05 19:30:00,0.004252314248434322
2018-12-05 20:00:00,0.003695504332446942
2018-12-05 20:30:00,0.0033931406373879014
2018-12-05 21:00:00,0.0027126215816116093
2018-12-05 21:30:00,0.002242480811522578
2018-12-05 22:00:00,0.002034034935148924
2018-12-05 22:30:00,0.0018427626590702807
2018-12-05 23:00:00,0.0018902689259447018
2018-12-05 23:30:00,0.001905541848426616
2018-12-06 00:00:00,0.0019335783003493526
2018-12-06 00:30:00,0.001970473614224591
2018-12-06 01:00:00,0.0019832239041200563
2018-12-06 01:30:00,0.002022644455082469
2018-12-06 02:00:00,0.002038858253451627
2018-12-06 02:30:00,0.002063148174488453
2018-12-06 03:00:00,0.002089831023975576
2018-12-06 03:30:00,0.0020724715491454247
2018-12-06 04:00:00,0.002105059843578531
2018-12-06 04:30:00,0.002111998928045947
2018-12-06 05:00:00,0.0021393555618708683
2018-12-06 05:30:00,0.002188423270338833
2018-12-06 06:00:00,0.0029999903412328832
2018-12-06 06:30:00,0.0041533318912706655
2018-12-06 07:00:00,0.004620335453418618
2018-12-06 07:30:00,0.004858016286132393
2018-12-06 08:00:00,0.005133283233130614
2018-12-06 08:30:00,0.005074937034234854
2018-12-06 09:00:00,0.005114463588376814
2018-12-06 09:30:00,0.0050687382790987855
2018-12-06 10:00:00,0.00509418503254138
2018-12-06 10:30:00,0.005141073251393537
2018-12-06 11:00:00,0.005135923285291456
2018-12-06 11:30:00,0.005146321624214713
2018-12-06 12:00:00,0.005142907427621431
2018-12-06 12:30:00,0.005145098290223742
2018-12-06 13:00:00,0.005158905486513791
2018-12-06 13:30:00,0.005164673023146335
2018-12-06 14:00:00,0.0050429062765904795
2018-12-06 14:30:00,0.004923249566297739
2018-12-06 15:00:00,0.004855005526701558
2018-12-06 15:30:00,0.004751583494192128
2018-12-06 16:00:00,0.004568271570723885
2018-12-06 16:30:00,0.004574329682820753
2018-12-06 17:00:00,0.004626909256659222
2018-12-06 17:30:00,0.004712932877052648
2018-12-06 18:00:00,0.0048094906176738405
2018-12-06 18:30:00,0.004826726031452747
2018-12-06 19:00:00,0.0048185169924313655
2018-12-06 19:30:00,0.004325488781538079
2018-12-06 20:00:00,0.003794017705846549
2018-12-06 20:30:00,0.0034770752745657465
2018-12-06 21:00:00,0.0027621396950717786
2018-12-06 21:30:00,0.0022770107178385224
2018-12-06 22:00:00,0.002081854523460675
2018-12-06 22:30:00,0.0019278866415046233
2018-12-06 23:00:00,0.0019587037018107124
2018-12-06 23:30:00,0.001960671011434047
2018-12-07 00:00:00,0.001993853783157848
2018-12-07 00:30:00,0.00200007398201656
2018-12-07 01:00:00,0.0020484752421571027
2018-12-07 01:30:00,0.0020835121145393503
2018-12-07 02:00:00,0.0020854563309229152
2018-12-07 02:30:00,0.0021128374036463154
2018-12-07 03:00:00,0.0021245142919759322
2018-12-07 03:30:00,0.0021320297958623427
2018-12-07 04:00:00,0.0021625359221901013
2018-12-07 04:30:00,0.002172148135977579
2018-12-07 05:00:00,0.0022055290233899327
2018-12-07 05:30:00,0.0022443221501274677
2018-12-07 06:00:00,0.0030884585025993255
2018-12-07 06:30:00,0.004107716535331618
2018-12-07 07:00:00,0.004629992681660309
2018-12-07 07:30:00,0.004891119967850816
2018-12-07 08:00:00,0.005148921219797613
2018-12-07 08:30:00,0.005102041595797852
2018-12-07 09:00:00,0.005146302784992796
2018-12-07 09:30:00,0.005099525214013145
2018-12-07 10:00:00,0.005115176613858883
2018-12-07 10:30:00,0.005139291512446926
2018-12-07 11:00:00,0.005122650402325332
2018-12-07 11:30:00,0.005139294203764343
2018-12-07 12:00:00,0.005140944762691058
2018-12-07 12:30:00,0.005143176863221528
2018-12-07 13:00:00,0.005148247261826432
2018-12-07 13:30:00,0.005135144800024475
2018-12-07 14:00:00,0.005005348073872146
2018-12-07 14:30:00,0.004878936894805114
2018-12-07 15:00:00,0.004800250283181682
2018-12-07 15:30:00,0.004694255394630137
2018-12-07 16:00:00,0.004499585373721131
2018-12-07 16:30:00,0.00449357110405315
2018-12-07 17:00:00,0.004522460443146938
2018-12-07 17:30:00,0.00457909461689885
2018-12-07 18:00:00,0.004665728254770636
2018-12-07 18:30:00,0.004679482926962711
2018-12-07 19:00:00,0.004673316511043989
2018-12-07 19:30:00,0.004203790446534623
2018-12-07 20:00:00,0.0036880014169807076
2018-12-07 20:30:00,0.003371089762216816
2018-12-07 21:00:00,0.002700494375106479
2018-12-07 21:30:00,0.002240410016403733
2018-12-07 22:00:00,0.002042090569077548
2018-12-07 22:30:00,0.001890944403207973
2018-12-07 23:00:00,0.001934438393305747
2018-12-07 23:30:00,0.0019587423786464925
2018-12-08 00:00:00,0.0019037089744490853
2018-12-08 00:30:00,0.0018700509681594927
2018-12-08 01:00:00,0.0018763819017074026
2018-12-08 01:30:00,0.001857094575439915
2018-12-08 02:00:00,0.0018762880962729235
2018-12-08 02:30:00,0.0018729329784377751
2018-12-08 03:00:00,0.0018979094892743022
2018-12-08 03:30:00,0.0019101670510407664
2018-12-08 04:00:00,0.0019161011889030804
2018-12-08 04:30:00,0.0019345099736673647
2018-12-08 05:00:00,0.001927444831364814
2018-12-08 05:30:00,0.0019442577517176278
2018-12-08 06:00:00,0.002789503881948806
2018-12-08 06:30:00,0.003323334722114723
2018-12-08 07:00:00,0.003297355087823602
2018-12-08 07:30:00,0.003083983189001953
2018-12-08 08:00:00,0.002776285650089581
2018-12-08 08:30:00,0.0025486599699200757
2018-12-08 09:00:00,0.0023678796211574395
2018-12-08 09:30:00,0.0022311592205003236
2018-12-08 10:00:00,0.002101441844803445
2018-12-08 10:30:00,0.002031235487543654
2018-12-08 11:00:00,0.001959233196808295
2018-12-08 11:30:00,0.0018751308297837001
2018-12-08 12:00:00,0.0018269771708455027
2018-12-08 12:30:00,0.0017506940359003076
2018-12-08 13:00:00,0.0017403966647885267
2018-12-08 13:30:00,0.001717323392857476
2018-12-08 14:00:00,0.0016635777406356616
2018-12-08 14:30:00,0.001668056440083978
2018-12-08 15:00:00,0.0016459128880953948
2018-12-08 15:30:00,0.0016693337306483216
2018-12-08 16:00:00,0.0017197513952508826
2018-12-08 16:30:00,0.001914227684714225
2018-12-08 17:00:00,0.002092264061737053
2018-12-08 17:30:00,0.002269014813793214
2018-12-08 18:00:00,0.0024361758375848305
2018-12-08 18:30:00,0.002521408557924481
2018-12-08 19:00:00,0.002586529627516886
2018-12-08 19:30:00,0.002671617363982792
2018-12-08 20:00:00,0.002701593778271241
2018-12-08 20:30:00,0.0027819156690837964
2018-12-08 21:00:00,0.0024234344898085244
2018-12-08 21:30:00,0.002049498897759086
2018-12-08 22:00:00,0.0019162478222939502
2018-12-08 22:30:00,0.0017932401613672232
2018-12-08 23:00:00,0.0018325908683018356
2018-12-08 23:30:00,0.0018686817387195236
2018-12-09 00:00:00,0.0018107735734375213
2018-12-09 00:30:00,0.0017545886326524875
2018-12-09 01:00:00,0.0017660649744262076
2018-12-09 01:30:00,0.001743264306904471
2018-12-09 02:00:00,0.0017766408534822815
2018-12-09 02:30:00,0.0017971688770789132
2018-12-09 03:00:00,0.001802994146810883
2018-12-09 03:30:00,0.0018315401693006481
2018-12-09 04:00:00,0.00184249296302011
2018-12-09 04:30:00,0.0018820455187609827
2018-12-09 05:00:00,0.0019106022631120699
2018-12-09 05:30:00,0.0019193986604554947
2018-12-09 06:00:00,0.002873352006294204
2018-12-09 06:30:00,0.00331202129186141
2018-12-09 07:00:00,0.0032108260206559634
2018-12-09 07:30:00,0.002975553222496697
2018-12-09 08:00:00,0.0026596143053455976
2018-12-09 08:30:00,0.0027486800259952596
2018-12-09 09:00:00,0.002485852044239064
2018-12-09 09:30:00,0.002326839765277023
2018-12-09 10:00:00,0.002199541666896119
2018-12-09 10:30:00,0.002034304457565713
2018-12-09 11:00:00,0.001975533768459972
2018-12-09 11:30:00,0.001893261150012037
2018-12-09 12:00:00,0.0018541257918791138
2018-12-09 12:30:00,0.0018215997884217026
2018-12-09 13:00:00,0.001769388143719118
2018-12-09 13:30:00,0.0017672564032832861
2018-12-09 14:00:00,0.0017197296910781666
2018-12-09 14:30:00,0.00175453063910299
2018-12-09 15:00:00,0.0017519708055645056
2018-12-09 15:30:00,0.001732381964929646
2018-12-09 16:00:00,0.0018049942731433641
2018-12-09 16:30:00,0.0019886785099903805
2018-12-09 17:00:00,0.0021967348398721246
2018-12-09 17:30:00,0.002384567351842027
2018-12-09 18:00:00,0.002477285233634631
2018-12-09 18:30:00,0.0025697733984632065
2018-12-09 19:00:00,0.0026109955259860937
2018-12-09 19:30:00,0.0026807250859796567
2018-12-09 20:00:00,0.0027278724092456986
2018-12-09 20:30:00,0.002749625720208846
2018-12-09 21:00:00,0.0023116909038463536
2018-12-09 21:30:00,0.001897769670993665
2018-12-09 22:00:00,0.001818928048168694
2018-12-09 22:30:00,0.0017257491697476
2018-12-09 23:00:00,0.0017856428761580186
2018-12-09 23:30:00,0.0018383427345216793
2018-12-10 00:00:00,0.001965883181695132
2018-12-10 00:30:00,0.0020860535429393715
2018-12-10 01:00:00,0.0021597818797141526
2018-12-10 01:30:00,0.0022033687202628067
2018-12-10 02:00:00,0.0022206121211772716
2018-12-10 02:30:00,0.002249530457045809
2018-12-10 03:00:00,0.002259312354055582
2018-12-10 03:30:00,0.00227000565268605
2018-12-10 04:00:00,0.002287338084116997
2018-12-10 04:30:00,0.0022958414317204084
2018-12-10 05:00:00,0.002317022837732486
2018-12-10 05:30:00,0.002362999437922221
2018-12-10 06:00:00,0.003269790180757296
2018-12-10 06:30:00,0.004406395512988643
2018-12-10 07:00:00,0.004893372079628531
2018-12-10 07:30:00,0.005141300711123602
2018-12-10 08:00:00,0.005381023863081618
2018-12-10 08:30:00,0.005304329781330216
2018-12-10 09:00:00,0.005302875818799963
2018-12-10 09:30:00,0.005238309117187073
2018-12-10 10:00:00,0.005219424707181888
2018-12-10 10:30:00,0.0052197655495102215
2018-12-10 11:00:00,0.005170570350731723
2018-12-10 11:30:00,0.005134861169895421
2018-12-10 12:00:00,0.005095690651002698
2018-12-10 12:30:00,0.005089526969809738
2018-12-10 13:00:00,0.005075543275187161
2018-12-10 13:30:00,0.005057002094969308
2018-12-10 14:00:00,0.004933930406733069
2018-12-10 14:30:00,0.004805393911665328
2018-12-10 15:00:00,0.004767077148110566
2018-12-10 15:30:00,0.004695075508500389
2018-12-10 16:00:00,0.004548194212569531
2018-12-10 16:30:00,0.004595391021349366
2018-12-10 17:00:00,0.004681506320168344
2018-12-10 17:30:00,0.004787674060751399
2018-12-10 18:00:00,0.004910545419473469
2018-12-10 18:30:00,0.004941775206327928
2018-12-10 19:00:00,0.004940088575066158
2018-12-10 19:30:00,0.0044298576802864215
2018-12-10 20:00:00,0.003874647752503328
2018-12-10 20:30:00,0.0035805829517407137
2018-12-10 21:00:00,0.00284280811470592
2018-12-10 21:30:00,0.0023233782969955654
2018-12-10 22:00:00,0.002116877461764039
2018-12-10 22:30:00,0.0019530375236647517
2018-12-10 23:00:00,0.0019924104556722257
2018-12-10 23:30:00,0.002000573351622412
2018-12-11 00:00:00,0.0020349136502855088
2018-12-11 00:30:00,0.0020570931009757645
2018-12-11 01:00:00,0.002100953761367405
2018-12-11 01:30:00,0.002136236802476599
2018-12-11 02:00:00,0.002141020966451722
2018-12-11 02:30:00,0.002181227946408331
2018-12-11 03:00:00,0.0021937530338076933
2018-12-11 03:30:00,0.002212824533781692
2018-12-11 04:00:00,0.002248234631117966
2018-12-11 04:30:00,0.0022457100885643184
2018-12-11 05:00:00,0.0022723417162038313
2018-12-11 05:30:00,0.002297597863601633
2018-12-11 06:00:00,0.003193451396313257
2018-12-11 06:30:00,0.0044467710475505655
2018-12-11 07:00:00,0.004896437012674465
2018-12-11 07:30:00,0.005172378525360703
2018-12-11 08:00:00,0.005427325201103531
2018-12-11 08:30:00,0.005364557688592117
2018-12-11 09:00:00,0.005382121790362635
2018-12-11 09:30:00,0.005309422448416326
2018-12-11 10:00:00,0.0053051645672212225
2018-12-11 10:30:00,0.0053130438330423555
2018-12-11 11:00:00,0.005263584624706938
2018-12-11 11:30:00,0.005222400045402849
2018-12-11 12:00:00,0.005184839498633863
2018-12-11 12:30:00,0.005171841867986124
2018-12-11 13:00:00,0.005157185474234384
2018-12-11 13:30:00,0.005144432666654883
2018-12-11 14:00:00,0.00501254109716034
2018-12-11 14:30:00,0.0048961482169523046
2018-12-11 15:00:00,0.004859206325922417
2018-12-11 15:30:00,0.004801018697712522
2018-12-11 16:00:00,0.004657535624103827
2018-12-11 16:30:00,0.004714320555039425
2018-12-11 17:00:00,0.00480793134649757
2018-12-11 17:30:00,0.004931762029653692
2018-12-11 18:00:00,0.00505718054667738
2018-12-11 18:30:00,0.005095847485354744
2018-12-11 19:00:00,0.005117733886304987
2018-12-11 19:30:00,0.004599251759592109
2018-12-11 20:00:00,0.004041311533698019
2018-12-11 20:30:00,0.0037547560728367632
2018-12-11 21:00:00,0.002941894695306959
2018-12-11 21:30:00,0.0023517479947861852
2018-12-11 22:00:00,0.0021656563745098426
2018-12-11 22:30:00,0.0020129289294328625
2018-12-11 23:00:00,0.0020617038052025407
2018-12-11 23:30:00,0.0020872862965413018
2018-12-12 00:00:00,0.002136921525717447
2018-12-12 00:30:00,0.002161541219954521
2018-12-12 01:00:00,0.0022081000562815386
2018-12-12 01:30:00,0.002235583095208359
2018-12-12 02:00:00,0.002246752583388219
2018-12-12 02:30:00,0.002280308580066046
2018-12-12 03:00:00,0.002294142559305227
2018-12-12 03:30:00,0.0023237205283909534
2018-12-12 04:00:00,0.002338723971864424
2018-12-12 04:30:00,0.002338911799775109
2018-12-12 05:00:00,0.0023718661133769
2018-12-12 05:30:00,0.0023996230589633984
2018-12-12 06:00:00,0.0035201478998544092
2018-12-12 06:30:00,0.0047954625597222324
2018-12-12 07:00:00,0.005176553670249412
2018-12-12 07:30:00,0.005355779956837228
2018-12-12 08:00:00,0.0055764649030221915
2018-12-12 08:30:00,0.005475774731324194
2018-12-12 09:00:00,0.005456740302077196
2018-12-12 09:30:00,0.005368370026529703
2018-12-12 10:00:00,0.005331342838101041
2018-12-12 10:30:00,0.005303498598331879
2018-12-12 11:00:00,0.005231727500444292
2018-12-12 11:30:00,0.005170360080706449
2018-12-12 12:00:00,0.005120688041253377
2018-12-12 12:30:00,0.005091385064035964
2018-12-12 13:00:00,0.005066066669070813
2018-12-12 13:30:00,0.005045924892931838
2018-12-12 14:00:00,0.0049053210948756636
2018-12-12 14:30:00,0.00477687927340931
2018-12-12 15:00:00,0.004731503054045249
2018-12-12 15:30:00,0.004659185575313706
2018-12-12 16:00:00,0.0045051088686356554
2018-12-12 16:30:00,0.004561948016594699
2018-12-12 17:00:00,0.004653301313640295
2018-12-12 17:30:00,0.004755193722873382
2018-12-12 18:00:00,0.004864428436694606
2018-12-12 18:30:00,0.004897172436862779
2018-12-12 19:00:00,0.004899403842859722
2018-12-12 19:30:00,0.0043937497069806335
2018-12-12 20:00:00,0.0038514406526433094
2018-12-12 20:30:00,0.0035468448136454526
2018-12-12 21:00:00,0.0028059313796025267
2018-12-12 21:30:00,0.002287507637114255
2018-12-12 22:00:00,0.0020785459393718305
2018-12-12 22:30:00,0.001903203484266527
2018-12-12 23:00:00,0.0019490854976715647
2018-12-12 23:30:00,0.0019568760368346336
2018-12-13 00:00:00,0.0019962585186781025
2018-12-13 00:30:00,0.0020190508952058614
2018-12-13 01:00:00,0.0020365458474821065
2018-12-13 01:30:00,0.0020805502763138186
2018-12-13 02:00:00,0.0020852543084832736
2018-12-13 02:30:00,0.0021156243930564467
2018-12-13 03:00:00,0.0021486091359083858
2018-12-13 03:30:00,0.0021426815961145774
2018-12-13 04:00:00,0.002162174504306032
2018-12-13 04:30:00,0.0021744891046383942
2018-12-13 05:00:00,0.002198562244398131
2018-12-13 05:30:00,0.0022452331610730543
2018-12-13 06:00:00,0.0032178587803328215
2018-12-13 06:30:00,0.004382518058050115
2018-12-13 07:00:00,0.004862398532237159
2018-12-13 07:30:00,0.005122360130719428
2018-12-13 08:00:00,0.00538410724467436
2018-12-13 08:30:00,0.0053086474358169785
2018-12-13 09:00:00,0.005326525640375045
2018-12-13 09:30:00,0.005266694181531976
2018-12-13 10:00:00,0.0052577847488570455
2018-12-13 10:30:00,0.005253350586371142
2018-12-13 11:00:00,0.005193502198273355
2018-12-13 11:30:00,0.005137127345977056
2018-12-13 12:00:00,0.005081913970779487
2018-12-13 12:30:00,0.00506535290564687
2018-12-13 13:00:00,0.005044043184565696
2018-12-13 13:30:00,0.0050298420575408485
2018-12-13 14:00:00,0.004899349061527787
2018-12-13 14:30:00,0.0047891657017254865
2018-12-13 15:00:00,0.0047544876861349275
2018-12-13 15:30:00,0.004695687392537602
2018-12-13 16:00:00,0.004562047682155811
2018-12-13 16:30:00,0.004629320373206255
2018-12-13 17:00:00,0.004727148459056523
2018-12-13 17:30:00,0.004846645339821382
2018-12-13 18:00:00,0.004970098891272389
2018-12-13 18:30:00,0.0050015592632577845
2018-12-13 19:00:00,0.005001367268145938
2018-12-13 19:30:00,0.004496224178717622
2018-12-13 20:00:00,0.003953535171132731
2018-12-13 20:30:00,0.0036460263717062982
2018-12-13 21:00:00,0.0028808234941183463
2018-12-13 21:30:00,0.0023326787086378037
2018-12-13 22:00:00,0.002112536453587434
2018-12-13 22:30:00,0.0019368685661164254
2018-12-13 23:00:00,0.0019738615053605407
2018-12-13 23:30:00,0.00198991725394398
2018-12-14 00:00:00,0.002025105274185023
2018-12-14 00:30:00,0.0020444740779168866
2018-12-14 01:00:00,0.0020943271301704105
2018-12-14 01:30:00,0.002148395783890586
2018-12-14 02:00:00,0.0021735601660461444
2018-12-14 02:30:00,0.0021972455824644807
2018-12-14 03:00:00,0.002220680532729673
2018-12-14 03:30:00,0.002236861036897884
2018-12-14 04:00:00,0.0022753056380299445
2018-12-14 04:30:00,0.0022874302834426947
2018-12-14 05:00:00,0.0023151492901352854
2018-12-14 05:30:00,0.0023729606982153192
2018-12-14 06:00:00,0.0034527870030460475
2018-12-14 06:30:00,0.004670951841426569
2018-12-14 07:00:00,0.005141373246468819
2018-12-14 07:30:00,0.005363615987946309
2018-12-14 08:00:00,0.005587781241634648
2018-12-14 08:30:00,0.005487588312533577
2018-12-14 09:00:00,0.0054787799778951585
2018-12-14 09:30:00,0.005390397374377564
2018-12-14 10:00:00,0.005353801881944226
2018-12-14 10:30:00,0.0053396495893079906
2018-12-14 11:00:00,0.0052753535387288705
2018-12-14 11:30:00,0.005233154549800377
2018-12-14 12:00:00,0.00519295620810451
2018-12-14 12:30:00,0.005170552379676714
2018-12-14 13:00:00,0.005151308157896241
2018-12-14 13:30:00,0.005125435655401647
2018-12-14 14:00:00,0.004980798918196399
2018-12-14 14:30:00,0.004868740144238045
2018-12-14 15:00:00,0.004833608337804337
2018-12-14 15:30:00,0.004765832587438679
2018-12-14 16:00:00,0.004610052754327593
2018-12-14 16:30:00,0.004679256726074664
2018-12-14 17:00:00,0.004780725730306405
2018-12-14 17:30:00,0.004896902784220954
2018-12-14 18:00:00,0.005018103529360718
2018-12-14 18:30:00,0.005058872386940602
2018-12-14 19:00:00,0.005067658279464432
2018-12-14 19:30:00,0.004568911974044047
2018-12-14 20:00:00,0.004029445905882462
2018-12-14 20:30:00,0.0037497108076638653
2018-12-14 21:00:00,0.00294106021327437
2018-12-14 21:30:00,0.002349330670845755
2018-12-14 22:00:00,0.002158579425137334
2018-12-14 22:30:00,0.0019878021823127945
2018-12-14 23:00:00,0.0020416880868987003
2018-12-14 23:30:00,0.002077220595769093
2018-12-15 00:00:00,0.0020529522920882926
2018-12-15 00:30:00,0.0020213774957043382
2018-12-15 01:00:00,0.0020370015917007996
2018-12-15 01:30:00,0.00204142893907647
2018-12-15 02:00:00,0.0020596605309746996
2018-12-15 02:30:00,0.0020951085672048816
2018-12-15 03:00:00,0.002119785603866272
2018-12-15 03:30:00,0.0021370269211801567
2018-12-15 04:00:00,0.0021896235110900344
2018-12-15 04:30:00,0.0021934504776400313
2018-12-15 05:00:00,0.0022143538966079607
2018-12-15 05:30:00,0.002240836980889405
2018-12-15 06:00:00,0.0033281132430049397
2018-12-15 06:30:00,0.004169683511136571
2018-12-15 07:00:00,0.004013504711922619
2018-12-15 07:30:00,0.003748321740610033
2018-12-15 08:00:00,0.0034116499558802076
2018-12-15 08:30:00,0.00309384487055063
2018-12-15 09:00:00,0.0028932905879682116
2018-12-15 09:30:00,0.002646267975459002
2018-12-15 10:00:00,0.002445404929315524
2018-12-15 10:30:00,0.00229343882320908
2018-12-15 11:00:00,0.002129693732344562
2018-12-15 11:30:00,0.0020527728419882756
2018-12-15 12:00:00,0.001957198647657886
2018-12-15 12:30:00,0.0018763955319278682
2018-12-15 13:00:00,0.0018460093428585395
2018-12-15 13:30:00,0.0017902640417960438
2018-12-15 14:00:00,0.0017866510783890277
2018-12-15 14:30:00,0.001759642362452745
2018-12-15 15:00:00,0.00173728975587256
2018-12-15 15:30:00,0.001765084336494548
2018-12-15 16:00:00,0.00178163194504008
2018-12-15 16:30:00,0.002019124472351369
2018-12-15 17:00:00,0.0022094273532598198
2018-12-15 17:30:00,0.0024119502911242813
2018-12-15 18:00:00,0.002595749690311729
2018-12-15 18:30:00,0.002667777114479093
2018-12-15 19:00:00,0.002791140550204983
2018-12-15 19:30:00,0.0028673402543102572
2018-12-15 20:00:00,0.0029294908474163887
2018-12-15 20:30:00,0.003021972761443222
2018-12-15 21:00:00,0.002519720754637385
2018-12-15 21:30:00,0.002045887280010778
2018-12-15 22:00:00,0.0019745008234720663
2018-12-15 22:30:00,0.0018906339467214418
2018-12-15 23:00:00,0.0019310142562013613
2018-12-15 23:30:00,0.001968860473291638
2018-12-16 00:00:00,0.0019193794305584684
2018-12-16 00:30:00,0.001884289686811484
2018-12-16 01:00:00,0.001918146763773229
2018-12-16 01:30:00,0.0019191432457509715
2018-12-16 02:00:00,0.0019666546782184987
2018-12-16 02:30:00,0.002001728230652637
2018-12-16 03:00:00,0.0020118950294613575
2018-12-16 03:30:00,0.0020275305418526674
2018-12-16 04:00:00,0.0020423974660797534
2018-12-16 04:30:00,0.002077184002533894
2018-12-16 05:00:00,0.00211379994029793
2018-12-16 05:30:00,0.0021293935636358978
2018-12-16 06:00:00,0.00329824916951447
2018-12-16 06:30:00,0.0039506864550553945
2018-12-16 07:00:00,0.0037335808742180827
2018-12-16 07:30:00,0.0034035614184257457
2018-12-16 08:00:00,0.0030358141201011265
2018-12-16 08:30:00,0.0029171355734643567
2018-12-16 09:00:00,0.0026147505214993635
2018-12-16 09:30:00,0.0023972807012355296
2018-12-16 10:00:00,0.002197860027594074
2018-12-16 10:30:00,0.002022572831312506
2018-12-16 11:00:00,0.00188812511798884
2018-12-16 11:30:00,0.0017836835536702437
2018-12-16 12:00:00,0.0017077288896749341
2018-12-16 12:30:00,0.001655699473206474
2018-12-16 13:00:00,0.0015895484538019989
2018-12-16 13:30:00,0.0015552445313323743
2018-12-16 14:00:00,0.0015303995911908523
2018-12-16 14:30:00,0.0015172860602608099
2018-12-16 15:00:00,0.001537679865253365
2018-12-16 15:30:00,0.0015492266587717215
2018-12-16 16:00:00,0.001583680687299851
2018-12-16 16:30:00,0.0018096630143279828
2018-12-16 17:00:00,0.002020025108702397
2018-12-16 17:30:00,0.0022243691134744316
2018-12-16 18:00:00,0.002369882525624029
2018-12-16 18:30:00,0.0024402367317083616
2018-12-16 19:00:00,0.0024964620422546473
2018-12-16 19:30:00,0.0025540419536284917
2018-12-16 20:00:00,0.0026194347594633016
2018-12-16 20:30:00,0.0026479127176674295
2018-12-16 21:00:00,0.002214143539765996
2018-12-16 21:30:00,0.0017962500960394946
2018-12-16 22:00:00,0.00171544628577595
2018-12-16 22:30:00,0.0016108385543110388
2018-12-16 23:00:00,0.0016631997841719832
2018-12-16 23:30:00,0.0017133537430760435
2018-12-17 00:00:00,0.0018278844920817273
2018-12-17 00:30:00,0.0019524346251550435
2018-12-17 01:00:00,0.0020221313684394603
2018-12-17 01:30:00,0.0020621575960456887
2018-12-17 02:00:00,0.002101981931437313
2018-12-17 02:30:00,0.002136733784623452
2018-12-17 03:00:00,0.0021583941149106844
2018-12-17 03:30:00,0.0021789196208232805
2018-12-17 04:00:00,0.0021966580071007095
2018-12-17 04:30:00,0.0022159823172785056
2018-12-17 05:00:00,0.0022307110293337358
2018-12-17 05:30:00,0.002263178995833304
2018-12-17 06:00:00,0.0031992139409860766
2018-12-17 06:30:00,0.004579025684446304
2018-12-17 07:00:00,0.005094300064656776
2018-12-17 07:30:00,0.005292484598845358
2018-12-17 08:00:00,0.005534390843311851
2018-12-17 08:30:00,0.005437134184920853
2018-12-17 09:00:00,0.005425197627868861
2018-12-17 09:30:00,0.005317610955290318
2018-12-17 10:00:00,0.0052554743396714156
2018-12-17 10:30:00,0.005233857461137961
2018-12-17 11:00:00,0.005147855805367325
2018-12-17 11:30:00,0.005091667652364729
2018-12-17 12:00:00,0.00503377342116161
2018-12-17 12:30:00,0.005012518785270788
2018-12-17 13:00:00,0.004998109081146139
2018-12-17 13:30:00,0.004974874677436843
2018-12-17 14:00:00,0.00484203051180179
2018-12-17 14:30:00,0.004720208115747091
2018-12-17 15:00:00,0.00468575256792687
2018-12-17 15:30:00,0.004619612357200408
2018-12-17 16:00:00,0.00448431527278167
2018-12-17 16:30:00,0.004545693631422562
2018-12-17 17:00:00,0.004660661632691784
2018-12-17 17:30:00,0.004797602851602115
2018-12-17 18:00:00,0.004941243410688038
2018-12-17 18:30:00,0.004992258374123745
2018-12-17 19:00:00,0.005017592396093253
2018-12-17 19:30:00,0.004530808128423629
2018-12-17 20:00:00,0.003992784953664213
2018-12-17 20:30:00,0.003713094869899829
2018-12-17 21:00:00,0.002922111298467872
2018-12-17 21:30:00,0.0023508096799913216
2018-12-17 22:00:00,0.002156642978847602
2018-12-17 22:30:00,0.00199431951129599
2018-12-17 23:00:00,0.002048752534667724
2018-12-17 23:30:00,0.0020814681891863284
2018-12-18 00:00:00,0.002127243548286639
2018-12-18 00:30:00,0.002164886440686911
2018-12-18 01:00:00,0.0022148965009258638
2018-12-18 01:30:00,0.0022453178507549926
2018-12-18 02:00:00,0.00229063043348465
2018-12-18 02:30:00,0.0023327199899743096
2018-12-18 03:00:00,0.0023296418607913643
2018-12-18 03:30:00,0.0023498795259653997
2018-12-18 04:00:00,0.002363584539010302
2018-12-18 04:30:00,0.0023798025913973125
2018-12-18 05:00:00,0.002409077526823576
2018-12-18 05:30:00,0.0024431822049876665
2018-12-18 06:00:00,0.00356825107488687
2018-12-18 06:30:00,0.004761840799401075
2018-12-18 07:00:00,0.005313942168751075
2018-12-18 07:30:00,0.005533000170149239
2018-12-18 08:00:00,0.0057439681148008515
2018-12-18 08:30:00,0.005600692446266631
2018-12-18 09:00:00,0.00556064542606294
2018-12-18 09:30:00,0.00544190519616731
2018-12-18 10:00:00,0.005375407430899523
2018-12-18 10:30:00,0.005325433920487423
2018-12-18 11:00:00,0.005226627888022913
2018-12-18 11:30:00,0.005154852405892437
2018-12-18 12:00:00,0.005088944820489147
2018-12-18 12:30:00,0.005067402647718181
2018-12-18 13:00:00,0.005036151764407842
2018-12-18 13:30:00,0.005017966662847571
2018-12-18 14:00:00,0.004871173789716358
2018-12-18 14:30:00,0.004756214904199675
2018-12-18 15:00:00,0.004705831922865115
2018-12-18 15:30:00,0.0046338681353321545
2018-12-18 16:00:00,0.004482696575580502
2018-12-18 16:30:00,0.004529278939230743
2018-12-18 17:00:00,0.00465429966217689
2018-12-18 17:30:00,0.004805951708904133
2018-12-18 18:00:00,0.004957552881050528
2018-12-18 18:30:00,0.0050163986231855215
2018-12-18 19:00:00,0.0050409250328882615
2018-12-18 19:30:00,0.004553214257493733
2018-12-18 20:00:00,0.004009935113452689
2018-12-18 20:30:00,0.0036956223597381724
2018-12-18 21:00:00,0.002922853928441527
2018-12-18 21:30:00,0.0023813036085740136
2018-12-18 22:00:00,0.002156191618871798
2018-12-18 22:30:00,0.001971853522117536
2018-12-18 23:00:00,0.0020174059793640524
2018-12-18 23:30:00,0.0020323919292743143
2018-12-19 00:00:00,0.002072285544385248
2018-12-19 00:30:00,0.00209062535328864
2018-12-19 01:00:00,0.0021391526712643185
2018-12-19 01:30:00,0.002174642119056043
2018-12-19 02:00:00,0.0021923437384648906
2018-12-19 02:30:00,0.0022318880900284764
2018-12-19 03:00:00,0.0022378237471828806
2018-12-19 03:30:00,0.002254682159481707
2018-12-19 04:00:00,0.00228099391102373
2018-12-19 04:30:00,0.002306781246344586
2018-12-19 05:00:00,0.00234522228799232
2018-12-19 05:30:00,0.00236495767520136
2018-12-19 06:00:00,0.0034561045726623973
2018-12-19 06:30:00,0.004645806862801419
2018-12-19 07:00:00,0.0051978223270358085
2018-12-19 07:30:00,0.005414704571935871
2018-12-19 08:00:00,0.005622715366463258
2018-12-19 08:30:00,0.005519732409367876
2018-12-19 09:00:00,0.00550218966450331
2018-12-19 09:30:00,0.00541000544490945
2018-12-19 10:00:00,0.005379869157684776
2018-12-19 10:30:00,0.005368451200135661
2018-12-19 11:00:00,0.005289497323329402
2018-12-19 11:30:00,0.005254966288396477
2018-12-19 12:00:00,0.005218298868334757
2018-12-19 12:30:00,0.005219580586550335
2018-12-19 13:00:00,0.00520820625438838
2018-12-19 13:30:00,0.005212479632362803
2018-12-19 14:00:00,0.005085408863486927
2018-12-19 14:30:00,0.004979325769177466
2018-12-19 15:00:00,0.004950449409178961
2018-12-19 15:30:00,0.004898795778756907
2018-12-19 16:00:00,0.004775390714427749
2018-12-19 16:30:00,0.00483678226920565
2018-12-19 17:00:00,0.004967368766794775
2018-12-19 17:30:00,0.005116493058750806
2018-12-19 18:00:00,0.005274038743354074
2018-12-19 18:30:00,0.005327676091754035
2018-12-19 19:00:00,0.005369477633871752
2018-12-19 19:30:00,0.004913850140219571
2018-12-19 20:00:00,0.004415739029117896
2018-12-19 20:30:00,0.004116353189963852
2018-12-19 21:00:00,0.003206353137925935
2018-12-19 21:30:00,0.0025627400744778575
2018-12-19 22:00:00,0.0023889330593671832
2018-12-19 22:30:00,0.0022258768155363293
2018-12-19 23:00:00,0.0023027663216588674
2018-12-19 23:30:00,0.0023584762015114906
2018-12-20 00:00:00,0.00241449297836632
2018-12-20 00:30:00,0.0024601217908924514
2018-12-20 01:00:00,0.0025240045072063653
2018-12-20 01:30:00,0.002588176366509203
2018-12-20 02:00:00,0.002614721524724615
2018-12-20 02:30:00,0.0026605705911954694
2018-12-20 03:00:00,0.002694334427031226
2018-12-20 03:30:00,0.0027153987173273277
2018-12-20 04:00:00,0.0027671877817871293
2018-12-20 04:30:00,0.0028213623084618143
2018-12-20 05:00:00,0.002860907745234036
2018-12-20 05:30:00,0.0029024588646069547
2018-12-20 06:00:00,0.004057966751531877
2018-12-20 06:30:00,0.005384283960048615
2018-12-20 07:00:00,0.005888375569125526
2018-12-20 07:30:00,0.006123102811199399
2018-12-20 08:00:00,0.006331884885208425
2018-12-20 08:30:00,0.006169016035204802
2018-12-20 09:00:00,0.006098759107222584
2018-12-20 09:30:00,0.005949644104652473
2018-12-20 10:00:00,0.005860661207125896
2018-12-20 10:30:00,0.005813871785667943
2018-12-20 11:00:00,0.005710526021621438
2018-12-20 11:30:00,0.005619084345184542
2018-12-20 12:00:00,0.005533308673260226
2018-12-20 12:30:00,0.005490734853268925
2018-12-20 13:00:00,0.005452426163666412
2018-12-20 13:30:00,0.005434695547482816
2018-12-20 14:00:00,0.005260532193264489
2018-12-20 14:30:00,0.005110822322728576
2018-12-20 15:00:00,0.005069072002458468
2018-12-20 15:30:00,0.005015939840382648
2018-12-20 16:00:00,0.004883887573193315
2018-12-20 16:30:00,0.004945464004114414
2018-12-20 17:00:00,0.005084085082584625
2018-12-20 17:30:00,0.005245451092261039
2018-12-20 18:00:00,0.005398519640116426
2018-12-20 18:30:00,0.005455256518013631
2018-12-20 19:00:00,0.00548284304243596
2018-12-20 19:30:00,0.004987659997867073
2018-12-20 20:00:00,0.00445631762791975
2018-12-20 20:30:00,0.004168788214012032
2018-12-20 21:00:00,0.003197285915915359
2018-12-20 21:30:00,0.0024962082336589054
2018-12-20 22:00:00,0.0023540771129686973
2018-12-20 22:30:00,0.0022116769907618455
2018-12-20 23:00:00,0.0022694218104399866
2018-12-20 23:30:00,0.0023119034311055897
2018-12-21 00:00:00,0.0023783685967059586
2018-12-21 00:30:00,0.0024372261893192545
2018-12-21 01:00:00,0.002481654674277494
2018-12-21 01:30:00,0.0025245465038074323
2018-12-21 02:00:00,0.002545277635052341
2018-12-21 02:30:00,0.0025754534672797055
2018-12-21 03:00:00,0.002613990094104082
2018-12-21 03:30:00,0.002618615904435068
2018-12-21 04:00:00,0.002656089417471463
2018-12-21 04:30:00,0.002664720211977064
2018-12-21 05:00:00,0.002667481156379936
2018-12-21 05:30:00,0.0027141679605092875
2018-12-21 06:00:00,0.0038333138918992984
2018-12-21 06:30:00,0.005146839355550683
2018-12-21 07:00:00,0.005585849917529678
2018-12-21 07:30:00,0.005777217474926544
2018-12-21 08:00:00,0.005954189783177792
2018-12-21 08:30:00,0.005800925116417742
2018-12-21 09:00:00,0.005726519479229183
2018-12-21 09:30:00,0.005578555665979935
2018-12-21 10:00:00,0.0055110722274124176
2018-12-21 10:30:00,0.0054726472902608386
2018-12-21 11:00:00,0.005370727924445236
2018-12-21 11:30:00,0.005298985128798872
2018-12-21 12:00:00,0.005228960782731477
2018-12-21 12:30:00,0.005187999018464493
2018-12-21 13:00:00,0.005159927275556921
2018-12-21 13:30:00,0.005133237090059419
2018-12-21 14:00:00,0.004980598892540648
2018-12-21 14:30:00,0.0048523873957551575
2018-12-21 15:00:00,0.004811653481893347
2018-12-21 15:30:00,0.004763765959520995
2018-12-21 16:00:00,0.004629673239646274
2018-12-21 16:30:00,0.00468817579540228
2018-12-21 17:00:00,0.004825338830957769
2018-12-21 17:30:00,0.004958880308253846
2018-12-21 18:00:00,0.005101160840469032
2018-12-21 18:30:00,0.005162877784204295
2018-12-21 19:00:00,0.005212462789924775
2018-12-21 19:30:00,0.004681333120870069
2018-12-21 20:00:00,0.004127630764923838
2018-12-21 20:30:00,0.0038637289909266848
2018-12-21 21:00:00,0.0030041209057508336
2018-12-21 21:30:00,0.0023773083044604307
2018-12-21 22:00:00,0.0022250207595560607
2018-12-21 22:30:00,0.0020834716579614075
2018-12-21 23:00:00,0.00212581150697083
2018-12-21 23:30:00,0.002160341066020011
2018-12-22 00:00:00,0.0021342008642591358
2018-12-22 00:30:00,0.002136913885848651
2018-12-22 01:00:00,0.0021594702077939493
2018-12-22 01:30:00,0.002163626383235704
2018-12-22 02:00:00,0.002193186945574912
2018-12-22 02:30:00,0.002192067617979596
2018-12-22 03:00:00,0.0022222171447496284
2018-12-22 03:30:00,0.00224078580245014
2018-12-22 04:00:00,0.002263443092206914
2018-12-22 04:30:00,0.0022896777505274487
2018-12-22 05:00:00,0.0022954669479243643
2018-12-22 05:30:00,0.0023271062925179766
2018-12-22 06:00:00,0.0034141627781805886
2018-12-22 06:30:00,0.004107667657534662
2018-12-22 07:00:00,0.004007377189881404
2018-12-22 07:30:00,0.003760087572639441
2018-12-22 08:00:00,0.0033985285246312964
2018-12-22 08:30:00,0.0031333011031729886
2018-12-22 09:00:00,0.0028724998570650237
2018-12-22 09:30:00,0.002627060433730419
2018-12-22 10:00:00,0.0024440596178738885
2018-12-22 10:30:00,0.0022993054610942463
2018-12-22 11:00:00,0.0022040028293728803
2018-12-22 11:30:00,0.002103717744354457
2018-12-22 12:00:00,0.0020358472335707204
2018-12-22 12:30:00,0.0019673015059737844
2018-12-22 13:00:00,0.001932672889080327
2018-12-22 13:30:00,0.0019214070343736077
2018-12-22 14:00:00,0.0018818495300813563
2018-12-22 14:30:00,0.0018755010161535463
2018-12-22 15:00:00,0.0018700194971090541
2018-12-22 15:30:00,0.0018876227097988072
2018-12-22 16:00:00,0.0019469363070808692
2018-12-22 16:30:00,0.002137396716874894
2018-12-22 17:00:00,0.0023474266505900607
2018-12-22 17:30:00,0.00254733623242612
2018-12-22 18:00:00,0.002719401791534743
2018-12-22 18:30:00,0.0028272632823482186
2018-12-22 19:00:00,0.002904771704659929
2018-12-22 19:30:00,0.002990590871746369
2018-12-22 20:00:00,0.003042170751389533
2018-12-22 20:30:00,0.0031180696356609616
2018-12-22 21:00:00,0.002611350041943239
2018-12-22 21:30:00,0.0021033947862644413
2018-12-22 22:00:00,0.0020512711736863933
2018-12-22 22:30:00,0.001971045258725588
2018-12-22 23:00:00,0.0020155371198681583
2018-12-22 23:30:00,0.002048328044457742
2018-12-23 00:00:00,0.0020045263325991986
2018-12-23 00:30:00,0.0019793668555866746
2018-12-23 01:00:00,0.0019762685415231035
2018-12-23 01:30:00,0.001976170872745881
2018-12-23 02:00:00,0.002010206618457425
2018-12-23 02:30:00,0.0020171040309132256
2018-12-23 03:00:00,0.002034430775850921
2018-12-23 03:30:00,0.00203706088750066
2018-12-23 04:00:00,0.0020609215868178515
2018-12-23 04:30:00,0.0020820719124546
2018-12-23 05:00:00,0.0021064117096803274
2018-12-23 05:30:00,0.002129884164755973
2018-12-23 06:00:00,0.003195905096447159
2018-12-23 06:30:00,0.003807130715876446
2018-12-23 07:00:00,0.0036212964202718256
2018-12-23 07:30:00,0.003372510387137777
2018-12-23 08:00:00,0.003064980013763665
2018-12-23 08:30:00,0.0030307069112192973
2018-12-23 09:00:00,0.0028570538221015258
2018-12-23 09:30:00,0.0026808108608702306
2018-12-23 10:00:00,0.002555094996680332
2018-12-23 10:30:00,0.00246132329048567
2018-12-23 11:00:00,0.0023265750611865766
2018-12-23 11:30:00,0.0022655435352256885
2018-12-23 12:00:00,0.0021745551287317964
2018-12-23 12:30:00,0.002105361097495831
2018-12-23 13:00:00,0.002055771360265699
2018-12-23 13:30:00,0.0019980920871891603
2018-12-23 14:00:00,0.0019963067019415325
2018-12-23 14:30:00,0.001964606846114388
2018-12-23 15:00:00,0.001980287633409983
2018-12-23 15:30:00,0.0019957248564793587
2018-12-23 16:00:00,0.002003269704407281
2018-12-23 16:30:00,0.0022465630625520617
2018-12-23 17:00:00,0.002422330007867347
2018-12-23 17:30:00,0.002618600624697476
2018-12-23 18:00:00,0.00278593814682162
2018-12-23 18:30:00,0.0028252391512007128
2018-12-23 19:00:00,0.002916305041591202
2018-12-23 19:30:00,0.002942354606726814
2018-12-23 20:00:00,0.0029925045720630944
2018-12-23 20:30:00,0.003034054128735577
2018-12-23 21:00:00,0.002464433715477617
2018-12-23 21:30:00,0.00199239283188398
2018-12-23 22:00:00,0.001913381178569951
2018-12-23 22:30:00,0.0018195341154876184
2018-12-23 23:00:00,0.0018928900954752821
2018-12-23 23:30:00,0.0019395760314377245
2018-12-24 00:00:00,0.002079607533867721
2018-12-24 00:30:00,0.0021980527172394473
2018-12-24 01:00:00,0.0022622267903679026
2018-12-24 01:30:00,0.0023307109215226695
2018-12-24 02:00:00,0.002347031243971518
2018-12-24 02:30:00,0.0023817291405842855
2018-12-24 03:00:00,0.0023906800282291036
2018-12-24 03:30:00,0.002398210725036415
2018-12-24 04:00:00,0.0024180673517542467
2018-12-24 04:30:00,0.0024230039658385276
2018-12-24 05:00:00,0.0024501383055264914
2018-12-24 05:30:00,0.0024768856598149265
2018-12-24 06:00:00,0.0034734100475108296
2018-12-24 06:30:00,0.00477194179115812
2018-12-24 07:00:00,0.005196798541208789
2018-12-24 07:30:00,0.005423136860077811
2018-12-24 08:00:00,0.005668763937689719
2018-12-24 08:30:00,0.005603036974411771
2018-12-24 09:00:00,0.005624643174492249
2018-12-24 09:30:00,0.005575226983827154
2018-12-24 10:00:00,0.005566452594514864
2018-12-24 10:30:00,0.005584113062812243
2018-12-24 11:00:00,0.0055249101134026875
2018-12-24 11:30:00,0.005497131029560019
2018-12-24 12:00:00,0.005464592090415669
2018-12-24 12:30:00,0.0054543734620425026
2018-12-24 13:00:00,0.005443150928864525
2018-12-24 13:30:00,0.005418077747642721
2018-12-24 14:00:00,0.005261911102765488
2018-12-24 14:30:00,0.005122922529242848
2018-12-24 15:00:00,0.0050855829309521105
2018-12-24 15:30:00,0.005036023622972127
2018-12-24 16:00:00,0.004905101492056122
2018-12-24 16:30:00,0.004936007756512074
2018-12-24 17:00:00,0.0050478616430799875
2018-12-24 17:30:00,0.005174448669354367
2018-12-24 18:00:00,0.005299685869719184
2018-12-24 18:30:00,0.005348767208407614
2018-12-24 19:00:00,0.005358345173010546
2018-12-24 19:30:00,0.00484711310815176
2018-12-24 20:00:00,0.004289341523679675
2018-12-24 20:30:00,0.003993890086730572
2018-12-24 21:00:00,0.0031483852861689636
2018-12-24 21:30:00,0.0025534479104212513
2018-12-24 22:00:00,0.0023400422399068553
2018-12-24 22:30:00,0.0021730587562480566
2018-12-24 23:00:00,0.0022541314378032085
2018-12-24 23:30:00,0.0023109161951054245
2018-12-25 00:00:00,0.0023738389358601043
2018-12-25 00:30:00,0.0024126529420117927
2018-12-25 01:00:00,0.002484199792386877
2018-12-25 01:30:00,0.002540273130315804
2018-12-25 02:00:00,0.0025790791927402783
2018-12-25 02:30:00,0.002646438700481587
2018-12-25 03:00:00,0.0026831338150676916
2018-12-25 03:30:00,0.0027340811917095625
2018-12-25 04:00:00,0.0027767217303277933
2018-12-25 04:30:00,0.0027926056686800116
2018-12-25 05:00:00,0.002843491796146478
2018-12-25 05:30:00,0.00288963282714871
2018-12-25 06:00:00,0.003963593535894561
2018-12-25 06:30:00,0.005294316517839289
2018-12-25 07:00:00,0.0058118470902119475
2018-12-25 07:30:00,0.0060754627163960104
2018-12-25 08:00:00,0.006302167966008972
2018-12-25 08:30:00,0.006177998827983513
2018-12-25 09:00:00,0.006149007783136377
2018-12-25 09:30:00,0.006048440022972498
2018-12-25 10:00:00,0.005997698358479631
2018-12-25 10:30:00,0.0059724292753948905
2018-12-25 11:00:00,0.0058675168173450455
2018-12-25 11:30:00,0.005786572667900718
2018-12-25 12:00:00,0.005707980252386873
2018-12-25 12:30:00,0.00566145596910282
2018-12-25 13:00:00,0.005618891698947514
2018-12-25 13:30:00,0.005585375117047339
2018-12-25 14:00:00,0.00540935466699473
2018-12-25 14:30:00,0.0052679027566855
2018-12-25 15:00:00,0.0052305136728809706
2018-12-25 15:30:00,0.005167715514077681
2018-12-25 16:00:00,0.005046738278508547
2018-12-25 16:30:00,0.005123926868131114
2018-12-25 17:00:00,0.005281153892070563
2018-12-25 17:30:00,0.005439592442931027
2018-12-25 18:00:00,0.0055997775719783
2018-12-25 18:30:00,0.005683024403922772
2018-12-25 19:00:00,0.0057286986215782255
2018-12-25 19:30:00,0.005239920999278008
2018-12-25 20:00:00,0.004705335461618406
2018-12-25 20:30:00,0.004413512311222258
2018-12-25 21:00:00,0.0033957872876172503
2018-12-25 21:30:00,0.0026718523333566172
2018-12-25 22:00:00,0.002524394270740001
2018-12-25 22:30:00,0.0023655047939871877
2018-12-25 23:00:00,0.0024659403757392247
2018-12-25 23:30:00,0.0025465905638682846
2018-12-26 00:00:00,0.0026019548264745763
2018-12-26 00:30:00,0.0026723887736894688
2018-12-26 01:00:00,0.002731852563846726
2018-12-26 01:30:00,0.002780940240153589
2018-12-26 02:00:00,0.0028260657763227795
2018-12-26 02:30:00,0.002863716308591847
2018-12-26 03:00:00,0.002879722398028112
2018-12-26 03:30:00,0.002916634033441233
2018-12-26 04:00:00,0.002960227992958537
2018-12-26 04:30:00,0.002971798140166736
2018-12-26 05:00:00,0.003016988615220693
2018-12-26 05:30:00,0.0030602643915659793
2018-12-26 06:00:00,0.004345043676846811
2018-12-26 06:30:00,0.005613180289305613
2018-12-26 07:00:00,0.006085958507054762
2018-12-26 07:30:00,0.006324552607948085
2018-12-26 08:00:00,0.006537032986171247
2018-12-26 08:30:00,0.00637227218343196
2018-12-26 09:00:00,0.00628847805906828
2018-12-26 09:30:00,0.006122735620005388
2018-12-26 10:00:00,0.006022453269712727
2018-12-26 10:30:00,0.005933759384950037
2018-12-26 11:00:00,0.005750785482267674
2018-12-26 11:30:00,0.005640618444003258
2018-12-26 12:00:00,0.005527357692959884
2018-12-26 12:30:00,0.005465782477472456
2018-12-26 13:00:00,0.005410589113522132
2018-12-26 13:30:00,0.005369761915125988
2018-12-26 14:00:00,0.005196121935328537
2018-12-26 14:30:00,0.00504367460430463
2018-12-26 15:00:00,0.00500035021061246
2018-12-26 15:30:00,0.004955124487982012
2018-12-26 16:00:00,0.004828855167387852
2018-12-26 16:30:00,0.004876620842534577
2018-12-26 17:00:00,0.005020939483384496
2018-12-26 17:30:00,0.005188499560095672
2018-12-26 18:00:00,0.005361878742553766
2018-12-26 18:30:00,0.0054483454753373635
2018-12-26 19:00:00,0.005496487240388913
2018-12-26 19:30:00,0.005001129998129805
2018-12-26 20:00:00,0.0044606530364197945
2018-12-26 20:30:00,0.004158685789779587
2018-12-26 21:00:00,0.003208077881714994
2018-12-26 21:30:00,0.0025342669346000725
2018-12-26 22:00:00,0.002364473281474682
2018-12-26 22:30:00,0.002190034414487896
2018-12-26 23:00:00,0.0022587316372103894
2018-12-26 23:30:00,0.00230418712021321
2018-12-27 00:00:00,0.0023380066923645018
2018-12-27 00:30:00,0.0024023335194605327
2018-12-27 01:00:00,0.0024683992414662338
2018-12-27 01:30:00,0.002526986790762596
2018-12-27 02:00:00,0.002581408745006245
2018-12-27 02:30:00,0.0026217256348934877
2018-12-27 03:00:00,0.002666850693570879
2018-12-27 03:30:00,0.002687947887392817
2018-12-27 04:00:00,0.002736454890262833
2018-12-27 04:30:00,0.002765564005809546
2018-12-27 05:00:00,0.0027880912875717506
2018-12-27 05:30:00,0.002841580309655369
2018-12-27 06:00:00,0.00409423576979922
2018-12-27 06:30:00,0.005426957402192683
2018-12-27 07:00:00,0.005909748666391031
2018-12-27 07:30:00,0.006127775762993525
2018-12-27 08:00:00,0.0063211049435204746
2018-12-27 08:30:00,0.006116776869611214
2018-12-27 09:00:00,0.006003905925509822
2018-12-27 09:30:00,0.005832499174859824
2018-12-27 10:00:00,0.00572892655880009
2018-12-27 10:30:00,0.005649295164538324
2018-12-27 11:00:00,0.005510732426884373
2018-12-27 11:30:00,0.005425393356098415
2018-12-27 12:00:00,0.00534798446912278
2018-12-27 12:30:00,0.005308644527457836
2018-12-27 13:00:00,0.005283523293197636
2018-12-27 13:30:00,0.005262400010960092
2018-12-27 14:00:00,0.00511243515980311
2018-12-27 14:30:00,0.00499023359185106
2018-12-27 15:00:00,0.004958742139490335
2018-12-27 15:30:00,0.0049008149613530335
2018-12-27 16:00:00,0.004756364923441491
2018-12-27 16:30:00,0.004789012166407694
2018-12-27 17:00:00,0.004919108019468396
2018-12-27 17:30:00,0.005074864542297983
2018-12-27 18:00:00,0.005228227398735401
2018-12-27 18:30:00,0.005297405499108593
2018-12-27 19:00:00,0.005321388913818321
2018-12-27 19:30:00,0.004797507049383745
2018-12-27 20:00:00,0.00423751208945862
2018-12-27 20:30:00,0.0039673466214406325
2018-12-27 21:00:00,0.0031057394083242444
2018-12-27 21:30:00,0.0024635700196285523
2018-12-27 22:00:00,0.002276994786975749
2018-12-27 22:30:00,0.00210137156669219
2018-12-27 23:00:00,0.0021622325846722204
2018-12-27 23:30:00,0.0022109823270098938
2018-12-28 00:00:00,0.002246116607719291
2018-12-28 00:30:00,0.0022737323459580986
2018-12-28 01:00:00,0.0023204425905939833
2018-12-28 01:30:00,0.0023539728461229687
2018-12-28 02:00:00,0.002394403856550354
2018-12-28 02:30:00,0.002425494519657702
2018-12-28 03:00:00,0.002451829972156331
2018-12-28 03:30:00,0.002484237904914166
2018-12-28 04:00:00,0.0025156920695061646
2018-12-28 04:30:00,0.0025481046903653064
2018-12-28 05:00:00,0.0025822983990458786
2018-12-28 05:30:00,0.0026386836693450817
2018-12-28 06:00:00,0.0038817378546045023
2018-12-28 06:30:00,0.00512352082646794
2018-12-28 07:00:00,0.005594149853626393
2018-12-28 07:30:00,0.005859028923112608
2018-12-28 08:00:00,0.006047490899499623
2018-12-28 08:30:00,0.005881371502364998
2018-12-28 09:00:00,0.00580029118094105
2018-12-28 09:30:00,0.005639202854450366
2018-12-28 10:00:00,0.00554847867455512
2018-12-28 10:30:00,0.005473780682160074
2018-12-28 11:00:00,0.005341846094995207
2018-12-28 11:30:00,0.005254551955739325
2018-12-28 12:00:00,0.005175676300771535
2018-12-28 12:30:00,0.005130946258037578
2018-12-28 13:00:00,0.0050998623232237725
2018-12-28 13:30:00,0.005076225654377356
2018-12-28 14:00:00,0.004931715973399188
2018-12-28 14:30:00,0.004810206334473328
2018-12-28 15:00:00,0.004767428755708567
2018-12-28 15:30:00,0.0047002885469283814
2018-12-28 16:00:00,0.004552688756063929
2018-12-28 16:30:00,0.00455980143050473
2018-12-28 17:00:00,0.004697031488545565
2018-12-28 17:30:00,0.004841727868817437
2018-12-28 18:00:00,0.0049878927534152805
2018-12-28 18:30:00,0.005042524196333985
2018-12-28 19:00:00,0.00506292294987792
2018-12-28 19:30:00,0.0045553224271979945
2018-12-28 20:00:00,0.003998300504851523
2018-12-28 20:30:00,0.003699512919514228
2018-12-28 21:00:00,0.0029153066062379152
2018-12-28 21:30:00,0.00236545582937354
2018-12-28 22:00:00,0.0021674208803433175
2018-12-28 22:30:00,0.0019964525105738394
2018-12-28 23:00:00,0.0020340039849986308
2018-12-28 23:30:00,0.0020681004155770895
2018-12-29 00:00:00,0.0020410700822847813
2018-12-29 00:30:00,0.0020054382551200393
2018-12-29 01:00:00,0.0020234597072180316
2018-12-29 01:30:00,0.0020196733274710143
2018-12-29 02:00:00,0.0020331232730781564
2018-12-29 02:30:00,0.0020552280180059232
2018-12-29 03:00:00,0.0020630109607085415
2018-12-29 03:30:00,0.0020805780142465493
2018-12-29 04:00:00,0.002100032245602224
2018-12-29 04:30:00,0.002108306787816862
2018-12-29 05:00:00,0.002114761608782636
2018-12-29 05:30:00,0.002117979122162764
2018-12-29 06:00:00,0.003135228390301834
2018-12-29 06:30:00,0.003876705394893507
2018-12-29 07:00:00,0.003756014090095735
2018-12-29 07:30:00,0.0036051418308858376
2018-12-29 08:00:00,0.0032255531266024134
2018-12-29 08:30:00,0.0029549564834892464
2018-12-29 09:00:00,0.0027275431135372497
2018-12-29 09:30:00,0.002498381993373115
2018-12-29 10:00:00,0.002344343182180627
2018-12-29 10:30:00,0.0021936677798172653
2018-12-29 11:00:00,0.0020764596040653205
2018-12-29 11:30:00,0.0019993875224418945
2018-12-29 12:00:00,0.0019001172811313313
2018-12-29 12:30:00,0.0018518547106544444
2018-12-29 13:00:00,0.0018052183904308308
2018-12-29 13:30:00,0.0017650283397289404
2018-12-29 14:00:00,0.0017490345348544329
2018-12-29 14:30:00,0.0017232841400355399
2018-12-29 15:00:00,0.0017219225504643667
2018-12-29 15:30:00,0.001728201176956031
2018-12-29 16:00:00,0.0017564353538922113
2018-12-29 16:30:00,0.0019252455041351441
2018-12-29 17:00:00,0.0021313091739198226
2018-12-29 17:30:00,0.002358967323531711
2018-12-29 18:00:00,0.0025293472063621647
2018-12-29 18:30:00,0.002621329750783146
2018-12-29 19:00:00,0.00271784434350898
2018-12-29 19:30:00,0.0027687088970277662
2018-12-29 20:00:00,0.002841967338463243
2018-12-29 20:30:00,0.002905070788159957
2018-12-29 21:00:00,0.002473365763900518
2018-12-29 21:30:00,0.002074798149643902
2018-12-29 22:00:00,0.0019614434195326684
2018-12-29 22:30:00,0.001864971887885503
2018-12-29 23:00:00,0.0018923583866520828
2018-12-29 23:30:00,0.0019246443853675986
2018-12-30 00:00:00,0.0018718120013253331
2018-12-30 00:30:00,0.0018351273481504776
2018-12-30 01:00:00,0.0018604632366788383
2018-12-30 01:30:00,0.001849297611841722
2018-12-30 02:00:00,0.0019004873372761412
2018-12-30 02:30:00,0.0019171001885648579
2018-12-30 03:00:00,0.0019149178774065976
2018-12-30 03:30:00,0.0019441289591567304
2018-12-30 04:00:00,0.001951809197714056
2018-12-30 04:30:00,0.0019887792607601283
2018-12-30 05:00:00,0.002011398915481412
2018-12-30 05:30:00,0.0020272230805419705
2018-12-30 06:00:00,0.0031265074800711163
2018-12-30 06:30:00,0.0037002191732944095
2018-12-30 07:00:00,0.0035638971310233253
2018-12-30 07:30:00,0.003349706333765097
2018-12-30 08:00:00,0.0030172033997138917
2018-12-30 08:30:00,0.0029367578385251997
2018-12-30 09:00:00,0.0027171034932774877
2018-12-30 09:30:00,0.002569718877581344
2018-12-30 10:00:00,0.0024344774860697947
2018-12-30 10:30:00,0.002288684046683814
2018-12-30 11:00:00,0.002171534168339786
2018-12-30 11:30:00,0.002065063350688923
2018-12-30 12:00:00,0.001974553173936658
2018-12-30 12:30:00,0.0019252576150635197
2018-12-30 13:00:00,0.0018629328242671691
2018-12-30 13:30:00,0.001823903729763864
2018-12-30 14:00:00,0.0017968479591811324
2018-12-30 14:30:00,0.0017852832380161126
2018-12-30 15:00:00,0.001815140235946277
2018-12-30 15:30:00,0.0018138819582372324
2018-12-30 16:00:00,0.0018493460121468794
2018-12-30 16:30:00,0.0020127136240395186
2018-12-30 17:00:00,0.00224943361302715
2018-12-30 17:30:00,0.002466278743791869
2018-12-30 18:00:00,0.0026258829389522245
2018-12-30 18:30:00,0.0026963667623560177
2018-12-30 19:00:00,0.0027651476763685054
2018-12-30 19:30:00,0.0028093789138051006
2018-12-30 20:00:00,0.002878634063991435
2018-12-30 20:30:00,0.0029178179092462057
2018-12-30 21:00:00,0.0023671678545173877
2018-12-30 21:30:00,0.001859812849439227
2018-12-30 22:00:00,0.001807086077901398
2018-12-30 22:30:00,0.0017322680614312315
2018-12-30 23:00:00,0.0017904708391536825
2018-12-30 23:30:00,0.0018408729635685792
2018-12-31 00:00:00,0.001967102565526669
2018-12-31 00:30:00,0.002099634364707992
2018-12-31 01:00:00,0.0021745543039732333
2018-12-31 01:30:00,0.0022224952620188126
2018-12-31 02:00:00,0.002255116373161066
2018-12-31 02:30:00,0.0022765030572386926
2018-12-31 03:00:00,0.0022998712020602646
2018-12-31 03:30:00,0.0023302950695734286
2018-12-31 04:00:00,0.0023656244707955442
2018-12-31 04:30:00,0.0023971211755660663
2018-12-31 05:00:00,0.002407417982369356
2018-12-31 05:30:00,0.0024568581344411285
2018-12-31 06:00:00,0.003567491689291878
2018-12-31 06:30:00,0.004829341254040003
2018-12-31 07:00:00,0.005283645053606574
2018-12-31 07:30:00,0.005512343006724946
2018-12-31 08:00:00,0.0057300480568126776
2018-12-31 08:30:00,0.00562822796588308
2018-12-31 09:00:00,0.005591639722643428
2018-12-31 09:30:00,0.005475448474199927
2018-12-31 10:00:00,0.005427435414892583
2018-12-31 10:30:00,0.005397997350904185
2018-12-31 11:00:00,0.00532036096079014
2018-12-31 11:30:00,0.005281166567307429
2018-12-31 12:00:00,0.005243577327622111
2018-12-31 12:30:00,0.005227310571071526
2018-12-31 13:00:00,0.0052139623746260775
2018-12-31 13:30:00,0.005201322515561392
2018-12-31 14:00:00,0.005058324486804556
2018-12-31 14:30:00,0.004932000949186952
2018-12-31 15:00:00,0.00488670065101905
2018-12-31 15:30:00,0.004823823011535275
2018-12-31 16:00:00,0.004663992094586728
2018-12-31 16:30:00,0.004627711008799355
2018-12-31 17:00:00,0.004771188178873072
2018-12-31 17:30:00,0.004898806370393192
2018-12-31 18:00:00,0.005031896748163539
2018-12-31 18:30:00,0.005083976735354427
2018-12-31 19:00:00,0.005102303261304118
2018-12-31 19:30:00,0.0046067693470791
2018-12-31 20:00:00,0.004080974259819598
2018-12-31 20:30:00,0.003792658373509338
2018-12-31 21:00:00,0.0029831559771574265
2018-12-31 21:30:00,0.0023946077021405033
2018-12-31 22:00:00,0.0021895733310427143
2018-12-31 22:30:00,0.0020160343190567392
2018-12-31 23:00:00,0.0020683502740133975
2018-12-31 23:30:00,0.0020921209010138168
2019-01-01 00:00:00,0.0010522146903847367
