timestamp,demand_kWh_per_m2
2018-01-01 00:00:00,0.002185400429111961
2018-01-01 00:30:00,0.004326347375077456
2018-01-01 01:00:00,0.004347330342230748
2018-01-01 01:30:00,0.00429733731736737
2018-01-01 02:00:00,0.00431654872479552
2018-01-01 02:30:00,0.004337948608303655
2018-01-01 03:00:00,0.00429790566720549
2018-01-01 03:30:00,0.004314948239152815
2018-01-01 04:00:00,0.004326194044490852
2018-01-01 04:30:00,0.004290658062927758
2018-01-01 05:00:00,0.004342987426336367
2018-01-01 05:30:00,0.004393700457709766
2018-01-01 06:00:00,0.0044310867845832585
2018-01-01 06:30:00,0.004597850648256774
2018-01-01 07:00:00,0.004772077939610128
2018-01-01 07:30:00,0.005079470501948747
2018-01-01 08:00:00,0.005619674022343537
2018-01-01 08:30:00,0.006361315991469841
2018-01-01 09:00:00,0.007007670366246249
2018-01-01 09:30:00,0.007770232474927404
2018-01-01 10:00:00,0.008443663982311587
2018-01-01 10:30:00,0.008968645257199145
2018-01-01 11:00:00,0.009270799359278391
2018-01-01 11:30:00,0.00944888178778228
2018-01-01 12:00:00,0.009459532572241296
2018-01-01 12:30:00,0.009357613597412232
2018-01-01 13:00:00,0.009232153467389613
2018-01-01 13:30:00,0.008957742157997543
2018-01-01 14:00:00,0.0085703787671997
2018-01-01 14:30:00,0.007925061438377672
2018-01-01 15:00:00,0.007332285836942639
2018-01-01 15:30:00,0.006711275981464242
2018-01-01 16:00:00,0.006139243642597332
2018-01-01 16:30:00,0.005740881293082681
2018-01-01 17:00:00,0.005324931902965653
2018-01-01 17:30:00,0.005071756098658086
2018-01-01 18:00:00,0.004827781803461479
2018-01-01 18:30:00,0.004697258751034458
2018-01-01 19:00:00,0.004580611558723562
2018-01-01 19:30:00,0.004513373753016988
2018-01-01 20:00:00,0.004460733711039888
2018-01-01 20:30:00,0.004411850938000474
2018-01-01 21:00:00,0.00437580575158536
2018-01-01 21:30:00,0.004361711836180863
2018-01-01 22:00:00,0.004347335810352104
2018-01-01 22:30:00,0.0043450096268893915
2018-01-01 23:00:00,0.004346753734413438
2018-01-01 23:30:00,0.0043367802158424135
2018-01-02 00:00:00,0.00433319692243931
2018-01-02 00:30:00,0.004332558044995125
2018-01-02 01:00:00,0.004328020843401123
2018-01-02 01:30:00,0.004324125085920514
2018-01-02 02:00:00,0.004317433109729174
2018-01-02 02:30:00,0.004302700986446373
2018-01-02 03:00:00,0.004300847962872454
2018-01-02 03:30:00,0.004307504452072135
2018-01-02 04:00:00,0.004300000962033789
2018-01-02 04:30:00,0.00429001550287123
2018-01-02 05:00:00,0.00436773279576576
2018-01-02 05:30:00,0.004431939253543281
2018-01-02 06:00:00,0.00448568151255378
2018-01-02 06:30:00,0.004637360280131227
2018-01-02 07:00:00,0.004807861102577391
2018-01-02 07:30:00,0.005121424718852425
2018-01-02 08:00:00,0.005675271313625595
2018-01-02 08:30:00,0.006434155831708831
2018-01-02 09:00:00,0.0071089828259820135
2018-01-02 09:30:00,0.007869271646905006
2018-01-02 10:00:00,0.008524281611411246
2018-01-02 10:30:00,0.009050607486180896
2018-01-02 11:00:00,0.00938220139567111
2018-01-02 11:30:00,0.009562205589845968
2018-01-02 12:00:00,0.009548834024432077
2018-01-02 12:30:00,0.00945121254661184
2018-01-02 13:00:00,0.009315347697591243
2018-01-02 13:30:00,0.009012924876405343
2018-01-02 14:00:00,0.00863530712859057
2018-01-02 14:30:00,0.007996786674614472
2018-01-02 15:00:00,0.007395346221121596
2018-01-02 15:30:00,0.006767148129540193
2018-01-02 16:00:00,0.006179544254965126
2018-01-02 16:30:00,0.0057532458314125
2018-01-02 17:00:00,0.005312520606618521
2018-01-02 17:30:00,0.0050706667149707264
2018-01-02 18:00:00,0.004847334354705678
2018-01-02 18:30:00,0.004728732030024106
2018-01-02 19:00:00,0.004621238807646662
2018-01-02 19:30:00,0.004547351431587839
2018-01-02 20:00:00,0.004500440641660422
2018-01-02 20:30:00,0.00445463418905836
2018-01-02 21:00:00,0.004421210687847827
2018-01-02 21:30:00,0.004412120326673009
2018-01-02 22:00:00,0.004392364227401179
2018-01-02 22:30:00,0.004384447838403272
2018-01-02 23:00:00,0.004387161923699345
2018-01-02 23:30:00,0.004378749274789772
2018-01-03 00:00:00,0.004381186606188625
2018-01-03 00:30:00,0.004378496625264246
2018-01-03 01:00:00,0.004366703449819008
2018-01-03 01:30:00,0.004372030739151844
2018-01-03 02:00:00,0.004369851636994186
2018-01-03 02:30:00,0.004354758840890493
2018-01-03 03:00:00,0.004358806255043006
2018-01-03 03:30:00,0.004360292468108796
2018-01-03 04:00:00,0.0043516273928623245
2018-01-03 04:30:00,0.0043595466833123795
2018-01-03 05:00:00,0.004413914763232395
2018-01-03 05:30:00,0.004427858472691063
2018-01-03 06:00:00,0.004497525240222986
2018-01-03 06:30:00,0.004681261259832075
2018-01-03 07:00:00,0.00484969635994299
2018-01-03 07:30:00,0.005177527755562789
2018-01-03 08:00:00,0.005712055700772637
2018-01-03 08:30:00,0.006450810390228481
2018-01-03 09:00:00,0.007129620966706916
2018-01-03 09:30:00,0.007916636960470878
2018-01-03 10:00:00,0.00859413741971006
2018-01-03 10:30:00,0.009115655923052978
2018-01-03 11:00:00,0.009432615354284614
2018-01-03 11:30:00,0.009584415648069347
2018-01-03 12:00:00,0.009585680234828736
2018-01-03 12:30:00,0.009478443567777786
2018-01-03 13:00:00,0.009326498089791326
2018-01-03 13:30:00,0.00903251592768766
2018-01-03 14:00:00,0.008644070518427143
2018-01-03 14:30:00,0.007990839925247982
2018-01-03 15:00:00,0.007385714850715441
2018-01-03 15:30:00,0.006752206990108403
2018-01-03 16:00:00,0.00616570209633165
2018-01-03 16:30:00,0.005754000878536929
2018-01-03 17:00:00,0.005333435054863388
2018-01-03 17:30:00,0.005090506286788976
2018-01-03 18:00:00,0.004867809344544397
2018-01-03 18:30:00,0.004734246463020505
2018-01-03 19:00:00,0.004618927019850378
2018-01-03 19:30:00,0.004560394574937411
2018-01-03 20:00:00,0.004519900234841563
2018-01-03 20:30:00,0.004473140208831544
2018-01-03 21:00:00,0.004451774807966248
2018-01-03 21:30:00,0.004441761785008283
2018-01-03 22:00:00,0.004426520010496208
2018-01-03 22:30:00,0.004431346799333468
2018-01-03 23:00:00,0.004424043844276292
2018-01-03 23:30:00,0.0044175479392935865
2018-01-04 00:00:00,0.004416309688792159
2018-01-04 00:30:00,0.004414930383078601
2018-01-04 01:00:00,0.004392096735831972
2018-01-04 01:30:00,0.004394199953856521
2018-01-04 02:00:00,0.004398715059776471
2018-01-04 02:30:00,0.004382623382973582
2018-01-04 03:00:00,0.004380125121079615
2018-01-04 03:30:00,0.004382471837895993
2018-01-04 04:00:00,0.004371755547575013
2018-01-04 04:30:00,0.00438168085740265
2018-01-04 05:00:00,0.004425537868944021
2018-01-04 05:30:00,0.004458560746569466
2018-01-04 06:00:00,0.004534809793082662
2018-01-04 06:30:00,0.004678461246914688
2018-01-04 07:00:00,0.00491192648243029
2018-01-04 07:30:00,0.005251222073459441
2018-01-04 08:00:00,0.005819324841768784
2018-01-04 08:30:00,0.00658829592346251
2018-01-04 09:00:00,0.00725945481265441
2018-01-04 09:30:00,0.008018103755142067
2018-01-04 10:00:00,0.008617410525362836
2018-01-04 10:30:00,0.009114454721863598
2018-01-04 11:00:00,0.009415247596508056
2018-01-04 11:30:00,0.009568114508740217
2018-01-04 12:00:00,0.009557210182001168
2018-01-04 12:30:00,0.00943139696757097
2018-01-04 13:00:00,0.009261947921528551
2018-01-04 13:30:00,0.008964412261703457
2018-01-04 14:00:00,0.008566654195395838
2018-01-04 14:30:00,0.007922411966189055
2018-01-04 15:00:00,0.007329203936789618
2018-01-04 15:30:00,0.006701981179507285
2018-01-04 16:00:00,0.006136359822350586
2018-01-04 16:30:00,0.00573809098887056
2018-01-04 17:00:00,0.005322225964054458
2018-01-04 17:30:00,0.005097454371929558
2018-01-04 18:00:00,0.004896939812518635
2018-01-04 18:30:00,0.004780039635899272
2018-01-04 19:00:00,0.004680317506723696
2018-01-04 19:30:00,0.004612874144291849
2018-01-04 20:00:00,0.004562766735257242
2018-01-04 20:30:00,0.004521528619062619
2018-01-04 21:00:00,0.004495531161436936
2018-01-04 21:30:00,0.004491938605705821
2018-01-04 22:00:00,0.004480916323777513
2018-01-04 22:30:00,0.004479924250331434
2018-01-04 23:00:00,0.004513130365819474
2018-01-04 23:30:00,0.004500792721719183
2018-01-05 00:00:00,0.0045045278949828165
2018-01-05 00:30:00,0.004517198090137024
2018-01-05 01:00:00,0.00451277616546876
2018-01-05 01:30:00,0.0045147003862146245
2018-01-05 02:00:00,0.00452394943450309
2018-01-05 02:30:00,0.004519158579034743
2018-01-05 03:00:00,0.004522202202338269
2018-01-05 03:30:00,0.004530613065738828
2018-01-05 04:00:00,0.004523707498031651
2018-01-05 04:30:00,0.004530953428394681
2018-01-05 05:00:00,0.004571178156629368
2018-01-05 05:30:00,0.004589779366351876
2018-01-05 06:00:00,0.004654200196805428
2018-01-05 06:30:00,0.0048063751127002275
2018-01-05 07:00:00,0.005037544630000673
2018-01-05 07:30:00,0.005374765236366562
2018-01-05 08:00:00,0.005948556301612574
2018-01-05 08:30:00,0.006701922592492753
2018-01-05 09:00:00,0.007341566689610423
2018-01-05 09:30:00,0.008071551516759519
2018-01-05 10:00:00,0.008638491025946035
2018-01-05 10:30:00,0.009077886827684544
2018-01-05 11:00:00,0.009321603340017208
2018-01-05 11:30:00,0.009450952643455943
2018-01-05 12:00:00,0.009419008771246712
2018-01-05 12:30:00,0.009300729065725164
2018-01-05 13:00:00,0.009138742666202387
2018-01-05 13:30:00,0.008830302121666678
2018-01-05 14:00:00,0.008432984741302656
2018-01-05 14:30:00,0.0078010865170720246
2018-01-05 15:00:00,0.007201684445307617
2018-01-05 15:30:00,0.0065794623408028125
2018-01-05 16:00:00,0.006015368709796487
2018-01-05 16:30:00,0.005616585203343085
2018-01-05 17:00:00,0.005212983835597493
2018-01-05 17:30:00,0.004995843955377029
2018-01-05 18:00:00,0.004799798078651684
2018-01-05 18:30:00,0.004678599400674671
2018-01-05 19:00:00,0.004576693036003021
2018-01-05 19:30:00,0.004520322507723449
2018-01-05 20:00:00,0.004485523941383266
2018-01-05 20:30:00,0.004456550821390915
2018-01-05 21:00:00,0.004436695737963103
2018-01-05 21:30:00,0.004429278398734698
2018-01-05 22:00:00,0.004417702832200579
2018-01-05 22:30:00,0.004419559092009587
2018-01-05 23:00:00,0.004421629166523057
2018-01-05 23:30:00,0.004409322099264637
2018-01-06 00:00:00,0.004778619151884071
2018-01-06 00:30:00,0.0050925695540493315
2018-01-06 01:00:00,0.005306178813382615
2018-01-06 01:30:00,0.0053239606976561785
2018-01-06 02:00:00,0.005409295864760284
2018-01-06 02:30:00,0.0054086860018375815
2018-01-06 03:00:00,0.005431608812940613
2018-01-06 03:30:00,0.0054553136769919155
2018-01-06 04:00:00,0.005471660904772479
2018-01-06 04:30:00,0.005472109625506639
2018-01-06 05:00:00,0.005538587139156054
2018-01-06 05:30:00,0.005620282880917418
2018-01-06 06:00:00,0.005637026938076412
2018-01-06 06:30:00,0.005655570118755956
2018-01-06 07:00:00,0.005674852834950366
2018-01-06 07:30:00,0.005672347877397595
2018-01-06 08:00:00,0.005722092828102297
2018-01-06 08:30:00,0.005789169156837388
2018-01-06 09:00:00,0.005921782482348604
2018-01-06 09:30:00,0.006134837675915883
2018-01-06 10:00:00,0.006381175538670189
2018-01-06 10:30:00,0.006653716415775451
2018-01-06 11:00:00,0.006881411890505607
2018-01-06 11:30:00,0.007034160401171255
2018-01-06 12:00:00,0.00706966580589248
2018-01-06 12:30:00,0.007022373140224626
2018-01-06 13:00:00,0.0068948545414971325
2018-01-06 13:30:00,0.006729317434110763
2018-01-06 14:00:00,0.006511740438964733
2018-01-06 14:30:00,0.006266336174236286
2018-01-06 15:00:00,0.00600900984263063
2018-01-06 15:30:00,0.0057823613457487445
2018-01-06 16:00:00,0.005537070126059767
2018-01-06 16:30:00,0.005377164625698862
2018-01-06 17:00:00,0.0052709906712943705
2018-01-06 17:30:00,0.0052112396164791346
2018-01-06 18:00:00,0.005170813572103084
2018-01-06 18:30:00,0.005143641472734609
2018-01-06 19:00:00,0.005120580507871595
2018-01-06 19:30:00,0.005112118869058442
2018-01-06 20:00:00,0.005117983819793213
2018-01-06 20:30:00,0.005112939756827773
2018-01-06 21:00:00,0.005122261118231318
2018-01-06 21:30:00,0.005143872026586082
2018-01-06 22:00:00,0.005156184561965859
2018-01-06 22:30:00,0.005166008990534189
2018-01-06 23:00:00,0.005174920689213262
2018-01-06 23:30:00,0.005191474254879292
2018-01-07 00:00:00,0.0047841610370815656
2018-01-07 00:30:00,0.004350705623833684
2018-01-07 01:00:00,0.004252408442445845
2018-01-07 01:30:00,0.004095984796257167
2018-01-07 02:00:00,0.004107490839534041
2018-01-07 02:30:00,0.004116921228581774
2018-01-07 03:00:00,0.004088293492989378
2018-01-07 03:30:00,0.004089502170997756
2018-01-07 04:00:00,0.004086820336458255
2018-01-07 04:30:00,0.0040558902985862125
2018-01-07 05:00:00,0.004069063449310891
2018-01-07 05:30:00,0.004081776608275755
2018-01-07 06:00:00,0.004073905526569086
2018-01-07 06:30:00,0.00410793029794019
2018-01-07 07:00:00,0.0042233818687773764
2018-01-07 07:30:00,0.004246837877509808
2018-01-07 08:00:00,0.004288110253158643
2018-01-07 08:30:00,0.004329787046599221
2018-01-07 09:00:00,0.004390549703865381
2018-01-07 09:30:00,0.0045720372096538795
2018-01-07 10:00:00,0.004738338738087001
2018-01-07 10:30:00,0.00489949911650203
2018-01-07 11:00:00,0.0051108029489148905
2018-01-07 11:30:00,0.00537363300046286
2018-01-07 12:00:00,0.005481043419859765
2018-01-07 12:30:00,0.005580771798316892
2018-01-07 13:00:00,0.005607250673810559
2018-01-07 13:30:00,0.005586611751925463
2018-01-07 14:00:00,0.005506454895745812
2018-01-07 14:30:00,0.00538925531158361
2018-01-07 15:00:00,0.005192193815012061
2018-01-07 15:30:00,0.004982682522055259
2018-01-07 16:00:00,0.0047391207910352715
2018-01-07 16:30:00,0.004552832386290219
2018-01-07 17:00:00,0.004420208012941976
2018-01-07 17:30:00,0.00434398887370477
2018-01-07 18:00:00,0.0042848185556964395
2018-01-07 18:30:00,0.00425450463002865
2018-01-07 19:00:00,0.0042352134326664225
2018-01-07 19:30:00,0.004192381638082209
2018-01-07 20:00:00,0.004193875216372683
2018-01-07 20:30:00,0.004198811144448445
2018-01-07 21:00:00,0.004177027599690859
2018-01-07 21:30:00,0.00419109138463074
2018-01-07 22:00:00,0.0041952914598039764
2018-01-07 22:30:00,0.004171509260893492
2018-01-07 23:00:00,0.004178921689972108
2018-01-07 23:30:00,0.004184609317342896
2018-01-08 00:00:00,0.004237769612009041
2018-01-08 00:30:00,0.004326381746125982
2018-01-08 01:00:00,0.0043728212732679315
2018-01-08 01:30:00,0.004394927883562795
2018-01-08 02:00:00,0.004411699058139944
2018-01-08 02:30:00,0.004420728377225336
2018-01-08 03:00:00,0.0044057282044017605
2018-01-08 03:30:00,0.004407226023276145
2018-01-08 04:00:00,0.004410960415379585
2018-01-08 04:30:00,0.004403943030170386
2018-01-08 05:00:00,0.004461553148083145
2018-01-08 05:30:00,0.00450822981314106
2018-01-08 06:00:00,0.004542977046097079
2018-01-08 06:30:00,0.004699650998330701
2018-01-08 07:00:00,0.004905417632507231
2018-01-08 07:30:00,0.005259867954484007
2018-01-08 08:00:00,0.005810603299799735
2018-01-08 08:30:00,0.006576780059886058
2018-01-08 09:00:00,0.007176645248051054
2018-01-08 09:30:00,0.007935079706268368
2018-01-08 10:00:00,0.008536357901629568
2018-01-08 10:30:00,0.00903620490090555
2018-01-08 11:00:00,0.009316565749521947
2018-01-08 11:30:00,0.009454047376955006
2018-01-08 12:00:00,0.009445277961025511
2018-01-08 12:30:00,0.009314048628189013
2018-01-08 13:00:00,0.00914850248166326
2018-01-08 13:30:00,0.008854435284692787
2018-01-08 14:00:00,0.008470111053425936
2018-01-08 14:30:00,0.00783659560440559
2018-01-08 15:00:00,0.0072355614658077844
2018-01-08 15:30:00,0.006620925207944613
2018-01-08 16:00:00,0.00606298946274572
2018-01-08 16:30:00,0.0056699806272275536
2018-01-08 17:00:00,0.0052671518269135935
2018-01-08 17:30:00,0.0050462353719392256
2018-01-08 18:00:00,0.004849330888566622
2018-01-08 18:30:00,0.004737492630002843
2018-01-08 19:00:00,0.00464676835031628
2018-01-08 19:30:00,0.004591633952246182
2018-01-08 20:00:00,0.00454967002663724
2018-01-08 20:30:00,0.004514926476293562
2018-01-08 21:00:00,0.00448647048434948
2018-01-08 21:30:00,0.0044830038070038745
2018-01-08 22:00:00,0.004480757301880926
2018-01-08 22:30:00,0.00448887679252921
2018-01-08 23:00:00,0.004494195712288542
2018-01-08 23:30:00,0.004491080668624442
2018-01-09 00:00:00,0.004496397133308879
2018-01-09 00:30:00,0.004498297584465991
2018-01-09 01:00:00,0.004493782701734669
2018-01-09 01:30:00,0.004499735365599769
2018-01-09 02:00:00,0.0045129387583833745
2018-01-09 02:30:00,0.004511032727510593
2018-01-09 03:00:00,0.004519260464642872
2018-01-09 03:30:00,0.004535851414403888
2018-01-09 04:00:00,0.004545025248125126
2018-01-09 04:30:00,0.004560175626894531
2018-01-09 05:00:00,0.0045963542801084655
2018-01-09 05:30:00,0.0046266651927297925
2018-01-09 06:00:00,0.004685143291212136
2018-01-09 06:30:00,0.004839898267632622
2018-01-09 07:00:00,0.005066054521998124
2018-01-09 07:30:00,0.005441386929868884
2018-01-09 08:00:00,0.005992750327980396
2018-01-09 08:30:00,0.006745842878009818
2018-01-09 09:00:00,0.0073514528298340605
2018-01-09 09:30:00,0.008042925231893197
2018-01-09 10:00:00,0.008578430408505443
2018-01-09 10:30:00,0.009051054086623102
2018-01-09 11:00:00,0.009310130328657101
2018-01-09 11:30:00,0.009430726620530409
2018-01-09 12:00:00,0.009428369079065631
2018-01-09 12:30:00,0.009299849702535614
2018-01-09 13:00:00,0.009154733015368715
2018-01-09 13:30:00,0.008854338086045821
2018-01-09 14:00:00,0.0084754243934696
2018-01-09 14:30:00,0.007848747109191138
2018-01-09 15:00:00,0.007262866920380766
2018-01-09 15:30:00,0.00664868875717408
2018-01-09 16:00:00,0.006081237476466335
2018-01-09 16:30:00,0.005687497921384059
2018-01-09 17:00:00,0.005269403800157898
2018-01-09 17:30:00,0.005050940522974886
2018-01-09 18:00:00,0.004849150105778923
2018-01-09 18:30:00,0.004725592993582626
2018-01-09 19:00:00,0.0046244306281983776
2018-01-09 19:30:00,0.004569377693977058
2018-01-09 20:00:00,0.0045218832657905874
2018-01-09 20:30:00,0.0044965815987089205
2018-01-09 21:00:00,0.0044820203263199266
2018-01-09 21:30:00,0.004476665361597369
2018-01-09 22:00:00,0.004453970314487975
2018-01-09 22:30:00,0.004454975779251661
2018-01-09 23:00:00,0.004462244140071686
2018-01-09 23:30:00,0.004454467690342776
2018-01-10 00:00:00,0.004453333334147118
2018-01-10 00:30:00,0.004455005016961771
2018-01-10 01:00:00,0.004436168789615253
2018-01-10 01:30:00,0.0044473401615462566
2018-01-10 02:00:00,0.00445484588347087
2018-01-10 02:30:00,0.0044381911017625925
2018-01-10 03:00:00,0.004438624868858758
2018-01-10 03:30:00,0.004445743916487458
2018-01-10 04:00:00,0.004438208510475482
2018-01-10 04:30:00,0.004437391082129866
2018-01-10 05:00:00,0.0044861148332726915
2018-01-10 05:30:00,0.004513498515459363
2018-01-10 06:00:00,0.0045678908113453865
2018-01-10 06:30:00,0.004713465146791517
2018-01-10 07:00:00,0.004892373150025898
2018-01-10 07:30:00,0.00523549062310019
2018-01-10 08:00:00,0.005730474230604118
2018-01-10 08:30:00,0.006457628356399642
2018-01-10 09:00:00,0.00708895086556747
2018-01-10 09:30:00,0.007836926146761866
2018-01-10 10:00:00,0.008455670191301097
2018-01-10 10:30:00,0.008947883581569316
2018-01-10 11:00:00,0.009235529864935685
2018-01-10 11:30:00,0.009379136792636666
2018-01-10 12:00:00,0.009378272271490799
2018-01-10 12:30:00,0.009263132718353863
2018-01-10 13:00:00,0.009126663362937605
2018-01-10 13:30:00,0.008844477612514267
2018-01-10 14:00:00,0.008475745338714922
2018-01-10 14:30:00,0.007840508547410462
2018-01-10 15:00:00,0.007249261676474625
2018-01-10 15:30:00,0.006621345695317485
2018-01-10 16:00:00,0.006049778035171548
2018-01-10 16:30:00,0.0056545821742994724
2018-01-10 17:00:00,0.005248861295759575
2018-01-10 17:30:00,0.005012878269345163
2018-01-10 18:00:00,0.004810200788952024
2018-01-10 18:30:00,0.00469159277296047
2018-01-10 19:00:00,0.0045982546196712635
2018-01-10 19:30:00,0.004543912094849015
2018-01-10 20:00:00,0.004488831708426599
2018-01-10 20:30:00,0.0044494083389564005
2018-01-10 21:00:00,0.00442741655921002
2018-01-10 21:30:00,0.004406091109108921
2018-01-10 22:00:00,0.004383732072477158
2018-01-10 22:30:00,0.004383918100197587
2018-01-10 23:00:00,0.004379005383739013
2018-01-10 23:30:00,0.004369123707287912
2018-01-11 00:00:00,0.004378627079016605
2018-01-11 00:30:00,0.004385607303319443
2018-01-11 01:00:00,0.0043867055029575604
2018-01-11 01:30:00,0.0043991363283095355
2018-01-11 02:00:00,0.004399128628301912
2018-01-11 02:30:00,0.004384687208205503
2018-01-11 03:00:00,0.0043852336855581975
2018-01-11 03:30:00,0.0043874323167207
2018-01-11 04:00:00,0.0043801078239610386
2018-01-11 04:30:00,0.004386478185341176
2018-01-11 05:00:00,0.004413035176854218
2018-01-11 05:30:00,0.004424405075068751
2018-01-11 06:00:00,0.004511936976232032
2018-01-11 06:30:00,0.004665456492008924
2018-01-11 07:00:00,0.0048927897315977995
2018-01-11 07:30:00,0.005225487308847488
2018-01-11 08:00:00,0.005758643759945715
2018-01-11 08:30:00,0.006484138589895374
2018-01-11 09:00:00,0.007152082446918374
2018-01-11 09:30:00,0.007917701681814977
2018-01-11 10:00:00,0.008572037728262625
2018-01-11 10:30:00,0.009086854323520315
2018-01-11 11:00:00,0.009378642764611268
2018-01-11 11:30:00,0.009523755769165823
2018-01-11 12:00:00,0.009513981669632837
2018-01-11 12:30:00,0.009364049241465703
2018-01-11 13:00:00,0.009214396803430877
2018-01-11 13:30:00,0.008929039542620861
2018-01-11 14:00:00,0.008542374955413495
2018-01-11 14:30:00,0.007925508596791444
2018-01-11 15:00:00,0.007347140602375863
2018-01-11 15:30:00,0.006720742750258141
2018-01-11 16:00:00,0.006146790208040649
2018-01-11 16:30:00,0.005749050889577681
2018-01-11 17:00:00,0.005338655325249679
2018-01-11 17:30:00,0.0050930016472307965
2018-01-11 18:00:00,0.004869134750204586
2018-01-11 18:30:00,0.00474517924630947
2018-01-11 19:00:00,0.00463261283485079
2018-01-11 19:30:00,0.004573487042973504
2018-01-11 20:00:00,0.004520422161445311
2018-01-11 20:30:00,0.004485405539816755
2018-01-11 21:00:00,0.004463420120946238
2018-01-11 21:30:00,0.004452059596654031
2018-01-11 22:00:00,0.004437700421566595
2018-01-11 22:30:00,0.0044351722523966386
2018-01-11 23:00:00,0.004431598221321546
2018-01-11 23:30:00,0.004425987036055434
2018-01-12 00:00:00,0.004428043496062672
2018-01-12 00:30:00,0.0044219474335048595
2018-01-12 01:00:00,0.004403815366275862
2018-01-12 01:30:00,0.004414606536381129
2018-01-12 02:00:00,0.004422074985805069
2018-01-12 02:30:00,0.004414065638744105
2018-01-12 03:00:00,0.004412441718295586
2018-01-12 03:30:00,0.004409146226626727
2018-01-12 04:00:00,0.0043975503499275705
2018-01-12 04:30:00,0.0043899876033088115
2018-01-12 05:00:00,0.004434715720060541
2018-01-12 05:30:00,0.004470730664416726
2018-01-12 06:00:00,0.004523120288754567
2018-01-12 06:30:00,0.004657088480824708
2018-01-12 07:00:00,0.004859773326442531
2018-01-12 07:30:00,0.005207429786619839
2018-01-12 08:00:00,0.0057367629049468495
2018-01-12 08:30:00,0.006463405036032519
2018-01-12 09:00:00,0.0070873788364746795
2018-01-12 09:30:00,0.007845502727717816
2018-01-12 10:00:00,0.008470577517655929
2018-01-12 10:30:00,0.009001967095990177
2018-01-12 11:00:00,0.009306239369731968
2018-01-12 11:30:00,0.009479329738220455
2018-01-12 12:00:00,0.009487967919237398
2018-01-12 12:30:00,0.00939601855717839
2018-01-12 13:00:00,0.009263664130474247
2018-01-12 13:30:00,0.00897921614012977
2018-01-12 14:00:00,0.008604667570716297
2018-01-12 14:30:00,0.007969598840447808
2018-01-12 15:00:00,0.007382808376823076
2018-01-12 15:30:00,0.006739729853116371
2018-01-12 16:00:00,0.006159624446835545
2018-01-12 16:30:00,0.005742895570439456
2018-01-12 17:00:00,0.005295804113254936
2018-01-12 17:30:00,0.005039482353658459
2018-01-12 18:00:00,0.0048131477715801525
2018-01-12 18:30:00,0.004685066849107461
2018-01-12 19:00:00,0.00457047310375734
2018-01-12 19:30:00,0.00449869430225011
2018-01-12 20:00:00,0.004443602979584981
2018-01-12 20:30:00,0.004412530324180422
2018-01-12 21:00:00,0.004397390658465103
2018-01-12 21:30:00,0.004381917548941361
2018-01-12 22:00:00,0.004361009015195103
2018-01-12 22:30:00,0.004358803688373797
2018-01-12 23:00:00,0.0043535180237198575
2018-01-12 23:30:00,0.004344759432438761
2018-01-13 00:00:00,0.004709682434350377
2018-01-13 00:30:00,0.005006789795200662
2018-01-13 01:00:00,0.0052172936079807955
2018-01-13 01:30:00,0.005251377524337998
2018-01-13 02:00:00,0.005333629228968696
2018-01-13 02:30:00,0.0053402339384069596
2018-01-13 03:00:00,0.005377950919231041
2018-01-13 03:30:00,0.005408885309281305
2018-01-13 04:00:00,0.005435289193396371
2018-01-13 04:30:00,0.005455581168561123
2018-01-13 05:00:00,0.005524490322299409
2018-01-13 05:30:00,0.005572267753664649
2018-01-13 06:00:00,0.005595266002523535
2018-01-13 06:30:00,0.005648277653564239
2018-01-13 07:00:00,0.00567346772633251
2018-01-13 07:30:00,0.005671396312687278
2018-01-13 08:00:00,0.0057264243613767115
2018-01-13 08:30:00,0.005806683549541745
2018-01-13 09:00:00,0.005954974090575903
2018-01-13 09:30:00,0.00616672385386509
2018-01-13 10:00:00,0.0064230151482140094
2018-01-13 10:30:00,0.006710333344298998
2018-01-13 11:00:00,0.006942926805038359
2018-01-13 11:30:00,0.007102646612461776
2018-01-13 12:00:00,0.0071483224997171664
2018-01-13 12:30:00,0.007113342704212031
2018-01-13 13:00:00,0.006996080515640016
2018-01-13 13:30:00,0.006840065862609931
2018-01-13 14:00:00,0.006630600546510247
2018-01-13 14:30:00,0.0063760910785633
2018-01-13 15:00:00,0.006109598836432657
2018-01-13 15:30:00,0.005874263615007501
2018-01-13 16:00:00,0.005617257559081287
2018-01-13 16:30:00,0.005438498087878036
2018-01-13 17:00:00,0.0053194743830690845
2018-01-13 17:30:00,0.005233254831031327
2018-01-13 18:00:00,0.005182613108424185
2018-01-13 18:30:00,0.005149733741085766
2018-01-13 19:00:00,0.00511140020168018
2018-01-13 19:30:00,0.005099686704574705
2018-01-13 20:00:00,0.005099619636392355
2018-01-13 20:30:00,0.0051123802229404115
2018-01-13 21:00:00,0.005147952249466733
2018-01-13 21:30:00,0.005156734945119522
2018-01-13 22:00:00,0.0051763582471584125
2018-01-13 22:30:00,0.005214364815225752
2018-01-13 23:00:00,0.005248876026208944
2018-01-13 23:30:00,0.005271024707559956
2018-01-14 00:00:00,0.0048782011186020244
2018-01-14 00:30:00,0.004442501543711775
2018-01-14 01:00:00,0.004355773679576505
2018-01-14 01:30:00,0.004185027014857932
2018-01-14 02:00:00,0.004181638341937388
2018-01-14 02:30:00,0.004199349363821947
2018-01-14 03:00:00,0.004184301205443613
2018-01-14 03:30:00,0.004198520218073425
2018-01-14 04:00:00,0.004215639790096992
2018-01-14 04:30:00,0.00417442209566172
2018-01-14 05:00:00,0.004181565470850742
2018-01-14 05:30:00,0.004205710686062699
2018-01-14 06:00:00,0.004205120575333468
2018-01-14 06:30:00,0.004249008944876901
2018-01-14 07:00:00,0.004367698759500176
2018-01-14 07:30:00,0.004342588588260294
2018-01-14 08:00:00,0.0043759748169701525
2018-01-14 08:30:00,0.004445720704870273
2018-01-14 09:00:00,0.004478117538397574
2018-01-14 09:30:00,0.0046344151946064276
2018-01-14 10:00:00,0.004802658798875557
2018-01-14 10:30:00,0.004945760762308429
2018-01-14 11:00:00,0.005152824903566798
2018-01-14 11:30:00,0.005412825146515705
2018-01-14 12:00:00,0.005522842632262136
2018-01-14 12:30:00,0.005630260082100784
2018-01-14 13:00:00,0.005665946269609708
2018-01-14 13:30:00,0.005653770995235406
2018-01-14 14:00:00,0.005577140630953341
2018-01-14 14:30:00,0.005458070279721391
2018-01-14 15:00:00,0.005258827672294542
2018-01-14 15:30:00,0.005040329242902812
2018-01-14 16:00:00,0.004788672014011919
2018-01-14 16:30:00,0.004587651597578379
2018-01-14 17:00:00,0.004455796667020994
2018-01-14 17:30:00,0.0043617304724311995
2018-01-14 18:00:00,0.00428827976492069
2018-01-14 18:30:00,0.0042636877260779
2018-01-14 19:00:00,0.004234902530909305
2018-01-14 19:30:00,0.004206850845162652
2018-01-14 20:00:00,0.004211681428206569
2018-01-14 20:30:00,0.0042138384346901755
2018-01-14 21:00:00,0.004186600829459737
2018-01-14 21:30:00,0.004204432819580016
2018-01-14 22:00:00,0.004214098672629011
2018-01-14 22:30:00,0.0041833237508525885
2018-01-14 23:00:00,0.004198387978812052
2018-01-14 23:30:00,0.004201532818157828
2018-01-15 00:00:00,0.004252430872902837
2018-01-15 00:30:00,0.004337106071237526
2018-01-15 01:00:00,0.004379818794689346
2018-01-15 01:30:00,0.004394784261681456
2018-01-15 02:00:00,0.0044109376501396515
2018-01-15 02:30:00,0.004407007856393457
2018-01-15 03:00:00,0.004387692443065222
2018-01-15 03:30:00,0.004400907106874483
2018-01-15 04:00:00,0.00441062462809058
2018-01-15 04:30:00,0.004384926578007735
2018-01-15 05:00:00,0.004407056176731158
2018-01-15 05:30:00,0.004434181406488007
2018-01-15 06:00:00,0.004468070813956963
2018-01-15 06:30:00,0.004652747127250716
2018-01-15 07:00:00,0.00487563590012002
2018-01-15 07:30:00,0.0052271949250310545
2018-01-15 08:00:00,0.00576970242162019
2018-01-15 08:30:00,0.006522203633382933
2018-01-15 09:00:00,0.007109499730841658
2018-01-15 09:30:00,0.007847358541149568
2018-01-15 10:00:00,0.00846590071157587
2018-01-15 10:30:00,0.00897648464612081
2018-01-15 11:00:00,0.009272473273979311
2018-01-15 11:30:00,0.009411049641626774
2018-01-15 12:00:00,0.009403225875908985
2018-01-15 12:30:00,0.009275789410596149
2018-01-15 13:00:00,0.009126733444166417
2018-01-15 13:30:00,0.008850315780613823
2018-01-15 14:00:00,0.008473343159524789
2018-01-15 14:30:00,0.007867186730347852
2018-01-15 15:00:00,0.007269540148727457
2018-01-15 15:30:00,0.0066344641648285975
2018-01-15 16:00:00,0.0060776105496866935
2018-01-15 16:30:00,0.005654623241006802
2018-01-15 17:00:00,0.005260003876357723
2018-01-15 17:30:00,0.005031615958912953
2018-01-15 18:00:00,0.004828488418653894
2018-01-15 18:30:00,0.0047117800726592576
2018-01-15 19:00:00,0.004616849022140655
2018-01-15 19:30:00,0.004555980127088143
2018-01-15 20:00:00,0.004499991586143323
2018-01-15 20:30:00,0.004457231211919682
2018-01-15 21:00:00,0.004432204959603473
2018-01-15 21:30:00,0.004411626633430551
2018-01-15 22:00:00,0.0043975511310877635
2018-01-15 22:30:00,0.004396280183452512
2018-01-15 23:00:00,0.0043982594201948805
2018-01-15 23:30:00,0.004396564190980102
2018-01-16 00:00:00,0.0044067235140829285
2018-01-16 00:30:00,0.004397558161529508
2018-01-16 01:00:00,0.0043923337621536215
2018-01-16 01:30:00,0.004399669191155996
2018-01-16 02:00:00,0.0043907938722230885
2018-01-16 02:30:00,0.004384056700334824
2018-01-16 03:00:00,0.004388785732553551
2018-01-16 03:30:00,0.004385034824491728
2018-01-16 04:00:00,0.004379800046844696
2018-01-16 04:30:00,0.004382733861343843
2018-01-16 05:00:00,0.004424208669077176
2018-01-16 05:30:00,0.004462325045948897
2018-01-16 06:00:00,0.004503889575510199
2018-01-16 06:30:00,0.004688820435432805
2018-01-16 07:00:00,0.0048449250334794865
2018-01-16 07:30:00,0.005200120359092486
2018-01-16 08:00:00,0.005690868181242892
2018-01-16 08:30:00,0.006435996914691215
2018-01-16 09:00:00,0.007030755881858209
2018-01-16 09:30:00,0.007795193667758903
2018-01-16 10:00:00,0.008439307340316657
2018-01-16 10:30:00,0.008951517315602075
2018-01-16 11:00:00,0.00925773121880262
2018-01-16 11:30:00,0.009399243521241184
2018-01-16 12:00:00,0.009403506312418548
2018-01-16 12:30:00,0.00927500244749809
2018-01-16 13:00:00,0.00913459939253467
2018-01-16 13:30:00,0.008849736606127305
2018-01-16 14:00:00,0.008463402784464842
2018-01-16 14:30:00,0.007846012602135716
2018-01-16 15:00:00,0.007252276731633924
2018-01-16 15:30:00,0.006626122936279598
2018-01-16 16:00:00,0.0060711130823836
2018-01-16 16:30:00,0.00566240225740492
2018-01-16 17:00:00,0.005254150196648604
2018-01-16 17:30:00,0.005012140965716564
2018-01-16 18:00:00,0.004803436276456978
2018-01-16 18:30:00,0.004692337888191006
2018-01-16 19:00:00,0.004585551727383231
2018-01-16 19:30:00,0.004518898229501592
2018-01-16 20:00:00,0.004463755015480736
2018-01-16 20:30:00,0.004420894987535234
2018-01-16 21:00:00,0.004396220815277786
2018-01-16 21:30:00,0.004393042497637991
2018-01-16 22:00:00,0.0043894294085532115
2018-01-16 22:30:00,0.004384965189640169
2018-01-16 23:00:00,0.004386421049052717
2018-01-16 23:30:00,0.004369936002295112
2018-01-17 00:00:00,0.004368181293311293
2018-01-17 00:30:00,0.0043697138180171435
2018-01-17 01:00:00,0.004370111205367141
2018-01-17 01:30:00,0.004382414701607534
2018-01-17 02:00:00,0.004394504829520716
2018-01-17 02:30:00,0.004389783608903927
2018-01-17 03:00:00,0.004408504782513334
2018-01-17 03:30:00,0.004426411206040648
2018-01-17 04:00:00,0.004435768500813106
2018-01-17 04:30:00,0.004451145750821643
2018-01-17 05:00:00,0.004488444141376179
2018-01-17 05:30:00,0.004521127214317338
2018-01-17 06:00:00,0.004578119434516831
2018-01-17 06:30:00,0.004748262373999938
2018-01-17 07:00:00,0.004947152120207833
2018-01-17 07:30:00,0.005331804996727633
2018-01-17 08:00:00,0.005846214384335744
2018-01-17 08:30:00,0.00664791752887421
2018-01-17 09:00:00,0.007249197844527364
2018-01-17 09:30:00,0.007978058358969007
2018-01-17 10:00:00,0.008592818374925733
2018-01-17 10:30:00,0.009108659182791759
2018-01-17 11:00:00,0.009399568930259042
2018-01-17 11:30:00,0.009535574276520204
2018-01-17 12:00:00,0.009523975386774585
2018-01-17 12:30:00,0.009413088804515437
2018-01-17 13:00:00,0.009264303231107059
2018-01-17 13:30:00,0.00895803721336216
2018-01-17 14:00:00,0.008576827133004901
2018-01-17 14:30:00,0.007965513484228743
2018-01-17 15:00:00,0.007369413041820429
2018-01-17 15:30:00,0.006754890163779666
2018-01-17 16:00:00,0.006212022775529832
2018-01-17 16:30:00,0.005804846707143269
2018-01-17 17:00:00,0.005406882972516064
2018-01-17 17:30:00,0.00518138969996644
2018-01-17 18:00:00,0.004973597963784736
2018-01-17 18:30:00,0.004886340138255153
2018-01-17 19:00:00,0.004794611844530979
2018-01-17 19:30:00,0.004736192779440422
2018-01-17 20:00:00,0.004712039641032213
2018-01-17 20:30:00,0.004682393830518718
2018-01-17 21:00:00,0.004662819741572034
2018-01-17 21:30:00,0.004665270017911241
2018-01-17 22:00:00,0.004660635059698706
2018-01-17 22:30:00,0.004666629794619956
2018-01-17 23:00:00,0.004687494806583989
2018-01-17 23:30:00,0.004687918307003322
2018-01-18 00:00:00,0.004690211570143583
2018-01-18 00:30:00,0.004698864704798522
2018-01-18 01:00:00,0.004711742018998389
2018-01-18 01:30:00,0.004704749184538138
2018-01-18 02:00:00,0.0047127193619951
2018-01-18 02:30:00,0.004712647160474334
2018-01-18 03:00:00,0.0047169686502605435
2018-01-18 03:30:00,0.004731229287569252
2018-01-18 04:00:00,0.004734168347001128
2018-01-18 04:30:00,0.004735852416784567
2018-01-18 05:00:00,0.004827256417434017
2018-01-18 05:30:00,0.004877918450206195
2018-01-18 06:00:00,0.004907995349552335
2018-01-18 06:30:00,0.005030985897419527
2018-01-18 07:00:00,0.005244319741987351
2018-01-18 07:30:00,0.005620152538759374
2018-01-18 08:00:00,0.006144968877251734
2018-01-18 08:30:00,0.0069891708189432425
2018-01-18 09:00:00,0.007595630115086731
2018-01-18 09:30:00,0.00830056045655833
2018-01-18 10:00:00,0.008868050906870074
2018-01-18 10:30:00,0.009352887578239965
2018-01-18 11:00:00,0.009599659208090437
2018-01-18 11:30:00,0.0096773776169281
2018-01-18 12:00:00,0.009619602897403084
2018-01-18 12:30:00,0.009501085607588318
2018-01-18 13:00:00,0.009311704812824785
2018-01-18 13:30:00,0.009005577841594375
2018-01-18 14:00:00,0.00860968708293279
2018-01-18 14:30:00,0.008000341288279034
2018-01-18 15:00:00,0.007403769694679568
2018-01-18 15:30:00,0.006766731771156918
2018-01-18 16:00:00,0.0062194162335751715
2018-01-18 16:30:00,0.005799057863730232
2018-01-18 17:00:00,0.005410320858528815
2018-01-18 17:30:00,0.005181048890933333
2018-01-18 18:00:00,0.0049797858684624725
2018-01-18 18:30:00,0.004877114301583874
2018-01-18 19:00:00,0.004776071676897898
2018-01-18 19:30:00,0.004732989018297174
2018-01-18 20:00:00,0.004691813618106678
2018-01-18 20:30:00,0.004656231659686465
2018-01-18 21:00:00,0.004632699766820925
2018-01-18 21:30:00,0.004622116831704452
2018-01-18 22:00:00,0.004619334785471522
2018-01-18 22:30:00,0.004616435899992468
2018-01-18 23:00:00,0.004610956507610474
2018-01-18 23:30:00,0.0046171278963298285
2018-01-19 00:00:00,0.004637009650798541
2018-01-19 00:30:00,0.004646442048543914
2018-01-19 01:00:00,0.004633470102366288
2018-01-19 01:30:00,0.004627342235429158
2018-01-19 02:00:00,0.004641270879655518
2018-01-19 02:30:00,0.00463929889654352
2018-01-19 03:00:00,0.004649248645525792
2018-01-19 03:30:00,0.0046505407960805885
2018-01-19 04:00:00,0.004646535452984226
2018-01-19 04:30:00,0.004637791034180931
2018-01-19 05:00:00,0.00467659773347531
2018-01-19 05:30:00,0.0047107671310765735
2018-01-19 06:00:00,0.004775660786635978
2018-01-19 06:30:00,0.004925172281052987
2018-01-19 07:00:00,0.00510844920165677
2018-01-19 07:30:00,0.005467005747989218
2018-01-19 08:00:00,0.005969974374993792
2018-01-19 08:30:00,0.006767075816425114
2018-01-19 09:00:00,0.007330436272792436
2018-01-19 09:30:00,0.008016674343581796
2018-01-19 10:00:00,0.008607730611430355
2018-01-19 10:30:00,0.009109560753249674
2018-01-19 11:00:00,0.009390880308612445
2018-01-19 11:30:00,0.009502746800537512
2018-01-19 12:00:00,0.009478377057567003
2018-01-19 12:30:00,0.009363640025118483
2018-01-19 13:00:00,0.009210820094092263
2018-01-19 13:30:00,0.008923613269132043
2018-01-19 14:00:00,0.008559113656045446
2018-01-19 14:30:00,0.00792900127561207
2018-01-19 15:00:00,0.007336368849681124
2018-01-19 15:30:00,0.006711099550854766
2018-01-19 16:00:00,0.006172518723371051
2018-01-19 16:30:00,0.005766107634002806
2018-01-19 17:00:00,0.005382556193356213
2018-01-19 17:30:00,0.0051413467588682735
2018-01-19 18:00:00,0.004917530972037598
2018-01-19 18:30:00,0.004823139256835633
2018-01-19 19:00:00,0.004722905579327455
2018-01-19 19:30:00,0.004658851782570659
2018-01-19 20:00:00,0.004606078720171992
2018-01-19 20:30:00,0.004568531027921332
2018-01-19 21:00:00,0.004543568495958073
2018-01-19 21:30:00,0.004532966589808321
2018-01-19 22:00:00,0.004521368369628584
2018-01-19 22:30:00,0.004527640304824307
2018-01-19 23:00:00,0.004533312420585531
2018-01-19 23:30:00,0.004527891726812385
2018-01-20 00:00:00,0.0049011102036045084
2018-01-20 00:30:00,0.005196428261233823
2018-01-20 01:00:00,0.0054032799269194895
2018-01-20 01:30:00,0.005418734846570149
2018-01-20 02:00:00,0.005492175622186766
2018-01-20 02:30:00,0.005489102314795876
2018-01-20 03:00:00,0.005514345283268697
2018-01-20 03:30:00,0.0055413717520581916
2018-01-20 04:00:00,0.005558058226551475
2018-01-20 04:30:00,0.005589880460959106
2018-01-20 05:00:00,0.005639662126192916
2018-01-20 05:30:00,0.00566833717777419
2018-01-20 06:00:00,0.005685247733648769
2018-01-20 06:30:00,0.005762804442326324
2018-01-20 07:00:00,0.005786903792275476
2018-01-20 07:30:00,0.005791131654432746
2018-01-20 08:00:00,0.005866758897431707
2018-01-20 08:30:00,0.0059480008967148085
2018-01-20 09:00:00,0.006091462751808378
2018-01-20 09:30:00,0.006303412492107167
2018-01-20 10:00:00,0.006554042606937574
2018-01-20 10:30:00,0.0068259691573476
2018-01-20 11:00:00,0.007052819863125356
2018-01-20 11:30:00,0.007194481255566615
2018-01-20 12:00:00,0.0072311518165139935
2018-01-20 12:30:00,0.007178624261604795
2018-01-20 13:00:00,0.007053972632382723
2018-01-20 13:30:00,0.00689398332469246
2018-01-20 14:00:00,0.006683328301617674
2018-01-20 14:30:00,0.006440219866698698
2018-01-20 15:00:00,0.006181916526879271
2018-01-20 15:30:00,0.0059588108146647265
2018-01-20 16:00:00,0.005728333070513014
2018-01-20 16:30:00,0.0055657556675065
2018-01-20 17:00:00,0.005490261779712046
2018-01-20 17:30:00,0.005429876869196729
2018-01-20 18:00:00,0.005396508383982699
2018-01-20 18:30:00,0.005387062929702658
2018-01-20 19:00:00,0.005373255253712019
2018-01-20 19:30:00,0.005361590300132871
2018-01-20 20:00:00,0.005367022934497552
2018-01-20 20:30:00,0.005378679630097509
2018-01-20 21:00:00,0.005402035203947886
2018-01-20 21:30:00,0.005417428635131863
2018-01-20 22:00:00,0.005427895400568092
2018-01-20 22:30:00,0.005453373833042176
2018-01-20 23:00:00,0.005476196990423346
2018-01-20 23:30:00,0.005490316014548357
2018-01-21 00:00:00,0.00507183019728218
2018-01-21 00:30:00,0.004626756476878149
2018-01-21 01:00:00,0.004533544201974453
2018-01-21 01:30:00,0.004373281376622058
2018-01-21 02:00:00,0.0043949905995669235
2018-01-21 02:30:00,0.004412472964703337
2018-01-21 03:00:00,0.004392481401430243
2018-01-21 03:30:00,0.0044161985408560185
2018-01-21 04:00:00,0.004433373463659029
2018-01-21 04:30:00,0.004403020368387238
2018-01-21 05:00:00,0.004423307656590827
2018-01-21 05:30:00,0.004442622846730436
2018-01-21 06:00:00,0.00443579160083598
2018-01-21 06:30:00,0.00448974856730545
2018-01-21 07:00:00,0.004612683652798885
2018-01-21 07:30:00,0.004625743200512526
2018-01-21 08:00:00,0.0046701980227907515
2018-01-21 08:30:00,0.004693796649055702
2018-01-21 09:00:00,0.004731896286780412
2018-01-21 09:30:00,0.00487554450437735
2018-01-21 10:00:00,0.005021546134449469
2018-01-21 10:30:00,0.005130337868257573
2018-01-21 11:00:00,0.005317615668185184
2018-01-21 11:30:00,0.005545232803707336
2018-01-21 12:00:00,0.005645375197067156
2018-01-21 12:30:00,0.005741388824020001
2018-01-21 13:00:00,0.005757637848804776
2018-01-21 13:30:00,0.00571606863228231
2018-01-21 14:00:00,0.00563317972412213
2018-01-21 14:30:00,0.005518724244126304
2018-01-21 15:00:00,0.005343114299229991
2018-01-21 15:30:00,0.005133297014665861
2018-01-21 16:00:00,0.004904636137530527
2018-01-21 16:30:00,0.004713304227791601
2018-01-21 17:00:00,0.004588962384383513
2018-01-21 17:30:00,0.004525243370566902
2018-01-21 18:00:00,0.004474403010081918
2018-01-21 18:30:00,0.004483364145041826
2018-01-21 19:00:00,0.004474570959523577
2018-01-21 19:30:00,0.004466224374447534
2018-01-21 20:00:00,0.004490522697057468
2018-01-21 20:30:00,0.004496636837894051
2018-01-21 21:00:00,0.004493850774265839
2018-01-21 21:30:00,0.004515752943778563
2018-01-21 22:00:00,0.004521755713490377
2018-01-21 22:30:00,0.00450752308635433
2018-01-21 23:00:00,0.00452139057689695
2018-01-21 23:30:00,0.004533999395178789
2018-01-22 00:00:00,0.0046027866879268485
2018-01-22 00:30:00,0.0046896002564948075
2018-01-22 01:00:00,0.004730372801213948
2018-01-22 01:30:00,0.004757445916426442
2018-01-22 02:00:00,0.00476948761240761
2018-01-22 02:30:00,0.004768418538885289
2018-01-22 03:00:00,0.0047518562688628144
2018-01-22 03:30:00,0.0047659997321424594
2018-01-22 04:00:00,0.004780413923226399
2018-01-22 04:30:00,0.004769522318239076
2018-01-22 05:00:00,0.004799072046048739
2018-01-22 05:30:00,0.004840613810370108
2018-01-22 06:00:00,0.0049013694371945245
2018-01-22 06:30:00,0.005073559574356857
2018-01-22 07:00:00,0.005320747562590605
2018-01-22 07:30:00,0.005680836968411844
2018-01-22 08:00:00,0.0062534416745121555
2018-01-22 08:30:00,0.007116762846728951
2018-01-22 09:00:00,0.007689394000681539
2018-01-22 09:30:00,0.008394348000147576
2018-01-22 10:00:00,0.00893651323697753
2018-01-22 10:30:00,0.009330554766271851
2018-01-22 11:00:00,0.009555631234060946
2018-01-22 11:30:00,0.009633944440589003
2018-01-22 12:00:00,0.009584328716099214
2018-01-22 12:30:00,0.009463328341217103
2018-01-22 13:00:00,0.009303036724531852
2018-01-22 13:30:00,0.008970678728777824
2018-01-22 14:00:00,0.00860592869805197
2018-01-22 14:30:00,0.007986800657480348
2018-01-22 15:00:00,0.007438992096222024
2018-01-22 15:30:00,0.006824186103408178
2018-01-22 16:00:00,0.006295388414596835
2018-01-22 16:30:00,0.005876076576222911
2018-01-22 17:00:00,0.005464834792216438
2018-01-22 17:30:00,0.005267741268076944
2018-01-22 18:00:00,0.005067106298401869
2018-01-22 18:30:00,0.004975445965614553
2018-01-22 19:00:00,0.00488583048702588
2018-01-22 19:30:00,0.004839855750199219
2018-01-22 20:00:00,0.0048147560688247965
2018-01-22 20:30:00,0.004792630375902343
2018-01-22 21:00:00,0.004773101371058271
2018-01-22 21:30:00,0.004773091773947319
2018-01-22 22:00:00,0.00480230482171347
2018-01-22 22:30:00,0.004812447294074974
2018-01-22 23:00:00,0.004811717578859686
2018-01-22 23:30:00,0.004817428306253346
2018-01-23 00:00:00,0.004820897327079533
2018-01-23 00:30:00,0.004822872658020933
2018-01-23 01:00:00,0.004824633058314735
2018-01-23 01:30:00,0.004824339900053446
2018-01-23 02:00:00,0.004821142276597435
2018-01-23 02:30:00,0.004818292381021961
2018-01-23 03:00:00,0.004827665075809668
2018-01-23 03:30:00,0.004835070920823794
2018-01-23 04:00:00,0.004844704523116218
2018-01-23 04:30:00,0.004872108738656554
2018-01-23 05:00:00,0.004908744482178153
2018-01-23 05:30:00,0.004928177627507019
2018-01-23 06:00:00,0.0049954829477731975
2018-01-23 06:30:00,0.005128293237247556
2018-01-23 07:00:00,0.005383183911369058
2018-01-23 07:30:00,0.0057935436539224595
2018-01-23 08:00:00,0.006357010794453388
2018-01-23 08:30:00,0.0072339801743869815
2018-01-23 09:00:00,0.00785170871067432
2018-01-23 09:30:00,0.008522538285047395
2018-01-23 10:00:00,0.00903859938008806
2018-01-23 10:30:00,0.009451767505132352
2018-01-23 11:00:00,0.009712920852121566
2018-01-23 11:30:00,0.0098268365504235
2018-01-23 12:00:00,0.00977485524967837
2018-01-23 12:30:00,0.00963660339829426
2018-01-23 13:00:00,0.009465374869330448
2018-01-23 13:30:00,0.009099943108944067
2018-01-23 14:00:00,0.008716047511434965
2018-01-23 14:30:00,0.00807614295318983
2018-01-23 15:00:00,0.007489479372299426
2018-01-23 15:30:00,0.006865488721115943
2018-01-23 16:00:00,0.0063207619484163275
2018-01-23 16:30:00,0.0059069586285401925
2018-01-23 17:00:00,0.0054892872265731715
2018-01-23 17:30:00,0.005282141621466022
2018-01-23 18:00:00,0.005083353091300376
2018-01-23 18:30:00,0.0049942892234028135
2018-01-23 19:00:00,0.004921274961251991
2018-01-23 19:30:00,0.004870453013828716
2018-01-23 20:00:00,0.00483350536420118
2018-01-23 20:30:00,0.0048128546133188645
2018-01-23 21:00:00,0.004795322700307303
2018-01-23 21:30:00,0.004785726147326926
2018-01-23 22:00:00,0.004789962044274763
2018-01-23 22:30:00,0.004782770125559414
2018-01-23 23:00:00,0.0047807579684945945
2018-01-23 23:30:00,0.0047866844076960464
2018-01-24 00:00:00,0.004797875866603461
2018-01-24 00:30:00,0.004816594473543661
2018-01-24 01:00:00,0.004822490782280496
2018-01-24 01:30:00,0.0048389762754153555
2018-01-24 02:00:00,0.004840914668639021
2018-01-24 02:30:00,0.00484655107421996
2018-01-24 03:00:00,0.004854864515784926
2018-01-24 03:30:00,0.004856949209153452
2018-01-24 04:00:00,0.00485453464299453
2018-01-24 04:30:00,0.004861308864194842
2018-01-24 05:00:00,0.004907310160468092
2018-01-24 05:30:00,0.004943608554380299
2018-01-24 06:00:00,0.004985007143197584
2018-01-24 06:30:00,0.00508313101861672
2018-01-24 07:00:00,0.0053269438368418465
2018-01-24 07:30:00,0.0057139535852605405
2018-01-24 08:00:00,0.0062584508084575045
2018-01-24 08:30:00,0.007096141333556745
2018-01-24 09:00:00,0.007672382898330591
2018-01-24 09:30:00,0.008323964908717972
2018-01-24 10:00:00,0.008887330944800964
2018-01-24 10:30:00,0.009328719932571016
2018-01-24 11:00:00,0.009572732058239861
2018-01-24 11:30:00,0.009670718449464898
2018-01-24 12:00:00,0.009616628462573861
2018-01-24 12:30:00,0.009479400935392401
2018-01-24 13:00:00,0.009326083405322752
2018-01-24 13:30:00,0.009000481998867518
2018-01-24 14:00:00,0.008616621441972823
2018-01-24 14:30:00,0.00798282276658508
2018-01-24 15:00:00,0.007389153741077011
2018-01-24 15:30:00,0.006768450546771823
2018-01-24 16:00:00,0.006210686098843992
2018-01-24 16:30:00,0.005790054657714174
2018-01-24 17:00:00,0.005368333721302685
2018-01-24 17:30:00,0.005143439263838737
2018-01-24 18:00:00,0.004934687370184586
2018-01-24 18:30:00,0.004836303814798179
2018-01-24 19:00:00,0.004735733234057862
2018-01-24 19:30:00,0.004668417089143286
2018-01-24 20:00:00,0.004617520373530038
2018-01-24 20:30:00,0.004585531752001134
2018-01-24 21:00:00,0.004559766745330252
2018-01-24 21:30:00,0.004544307138718432
2018-01-24 22:00:00,0.004530011683983944
2018-01-24 22:30:00,0.004535466190834049
2018-01-24 23:00:00,0.00454090473969734
2018-01-24 23:30:00,0.00452554869260835
2018-01-25 00:00:00,0.004530149837743926
2018-01-25 00:30:00,0.004536914908210539
2018-01-25 01:00:00,0.004533996605320955
2018-01-25 01:30:00,0.004534016692297365
2018-01-25 02:00:00,0.004530447013400496
2018-01-25 02:30:00,0.004530078752166294
2018-01-25 03:00:00,0.004535884557914966
2018-01-25 03:30:00,0.004535473221275793
2018-01-25 04:00:00,0.004531548784056642
2018-01-25 04:30:00,0.0045467229324147995
2018-01-25 05:00:00,0.004571221455222965
2018-01-25 05:30:00,0.0045774680585095465
2018-01-25 06:00:00,0.004637802974772464
2018-01-25 06:30:00,0.0048283057387628675
2018-01-25 07:00:00,0.005039337504239672
2018-01-25 07:30:00,0.005430749648321788
2018-01-25 08:00:00,0.005986973090375952
2018-01-25 08:30:00,0.0068075969391561755
2018-01-25 09:00:00,0.0074186967732278696
2018-01-25 09:30:00,0.00816282015350682
2018-01-25 10:00:00,0.008764597733420462
2018-01-25 10:30:00,0.009223268439751442
2018-01-25 11:00:00,0.009491867136141724
2018-01-25 11:30:00,0.009626199348862158
2018-01-25 12:00:00,0.00959361168905895
2018-01-25 12:30:00,0.009476701468951384
2018-01-25 13:00:00,0.009340462555792284
2018-01-25 13:30:00,0.009006142732008778
2018-01-25 14:00:00,0.008620647764800104
2018-01-25 14:30:00,0.007975690774016025
2018-01-25 15:00:00,0.007406246642059676
2018-01-25 15:30:00,0.006797949499168891
2018-01-25 16:00:00,0.0062563651107401565
2018-01-25 16:30:00,0.005841773488634201
2018-01-25 17:00:00,0.005396715837811299
2018-01-25 17:30:00,0.005170511597891038
2018-01-25 18:00:00,0.004964085776105285
2018-01-25 18:30:00,0.004884040514239029
2018-01-25 19:00:00,0.004786629838076796
2018-01-25 19:30:00,0.004701910113611063
2018-01-25 20:00:00,0.004645892781333386
2018-01-25 20:30:00,0.004608533906660989
2018-01-25 21:00:00,0.0045840704244672304
2018-01-25 21:30:00,0.0045781569302061325
2018-01-25 22:00:00,0.004561655813867398
2018-01-25 22:30:00,0.004564127739503404
2018-01-25 23:00:00,0.004572495415904678
2018-01-25 23:30:00,0.004571730213697731
2018-01-26 00:00:00,0.004585344161960317
2018-01-26 00:30:00,0.004593532952677221
2018-01-26 01:00:00,0.004595378945809395
2018-01-26 01:30:00,0.004605649528442677
2018-01-26 02:00:00,0.004618714432683361
2018-01-26 02:30:00,0.004611199560025049
2018-01-26 03:00:00,0.004618914298098652
2018-01-26 03:30:00,0.004625312892840076
2018-01-26 04:00:00,0.004622841748364264
2018-01-26 04:30:00,0.004635945041048755
2018-01-26 05:00:00,0.004662864379297391
2018-01-26 05:30:00,0.004683677388311384
2018-01-26 06:00:00,0.004762904217483203
2018-01-26 06:30:00,0.004925474366859346
2018-01-26 07:00:00,0.005133818160109414
2018-01-26 07:30:00,0.005489836382189386
2018-01-26 08:00:00,0.006049290925993581
2018-01-26 08:30:00,0.006857585946624271
2018-01-26 09:00:00,0.007499638472213626
2018-01-26 09:30:00,0.008243959486021597
2018-01-26 10:00:00,0.008841710296730705
2018-01-26 10:30:00,0.00929522958636676
2018-01-26 11:00:00,0.009541759726123044
2018-01-26 11:30:00,0.009671137262923069
2018-01-26 12:00:00,0.009636101558666923
2018-01-26 12:30:00,0.009495649513799923
2018-01-26 13:00:00,0.009336273863239018
2018-01-26 13:30:00,0.00901973871358691
2018-01-26 14:00:00,0.008634695368564541
2018-01-26 14:30:00,0.007992068020666892
2018-01-26 15:00:00,0.007410431652000605
2018-01-26 15:30:00,0.006802641705264198
2018-01-26 16:00:00,0.00624695268837688
2018-01-26 16:30:00,0.005830044368324851
2018-01-26 17:00:00,0.00540038941101394
2018-01-26 17:30:00,0.005173052823595662
2018-01-26 18:00:00,0.004974392738484733
2018-01-26 18:30:00,0.004886988389621663
2018-01-26 19:00:00,0.004801993696767725
2018-01-26 19:30:00,0.00472947937714091
2018-01-26 20:00:00,0.004681842777799174
2018-01-26 20:30:00,0.004658434977810129
2018-01-26 21:00:00,0.00464038337008109
2018-01-26 21:30:00,0.004646807296731656
2018-01-26 22:00:00,0.004646481106553603
2018-01-26 22:30:00,0.004649805166366691
2018-01-26 23:00:00,0.00466203523354887
2018-01-26 23:30:00,0.004671414066023814
2018-01-27 00:00:00,0.005067741716422339
2018-01-27 00:30:00,0.005391207430907824
2018-01-27 01:00:00,0.005626356178235298
2018-01-27 01:30:00,0.0056742974300526
2018-01-27 02:00:00,0.005786890289363555
2018-01-27 02:30:00,0.005865589946998899
2018-01-27 03:00:00,0.005925121607394002
2018-01-27 03:30:00,0.005963706791976292
2018-01-27 04:00:00,0.00599177577484152
2018-01-27 04:30:00,0.006020687741150131
2018-01-27 05:00:00,0.006100526888319548
2018-01-27 05:30:00,0.0061595147496254785
2018-01-27 06:00:00,0.00618739379896931
2018-01-27 06:30:00,0.006276455211791977
2018-01-27 07:00:00,0.006300108184487551
2018-01-27 07:30:00,0.0062959129078697905
2018-01-27 08:00:00,0.0063597300130878755
2018-01-27 08:30:00,0.006388218144194216
2018-01-27 09:00:00,0.006497972825332602
2018-01-27 09:30:00,0.006682445925381663
2018-01-27 10:00:00,0.006894822737117813
2018-01-27 10:30:00,0.007109334571257835
2018-01-27 11:00:00,0.007281555508450663
2018-01-27 11:30:00,0.00740175329703084
2018-01-27 12:00:00,0.00740480261164435
2018-01-27 12:30:00,0.00733063691936792
2018-01-27 13:00:00,0.0071783261931937185
2018-01-27 13:30:00,0.006985762059046288
2018-01-27 14:00:00,0.0067457039430896416
2018-01-27 14:30:00,0.00648126336241076
2018-01-27 15:00:00,0.006217787291382549
2018-01-27 15:30:00,0.006003561473467761
2018-01-27 16:00:00,0.00577863666235057
2018-01-27 16:30:00,0.005610162057852713
2018-01-27 17:00:00,0.005505846595143497
2018-01-27 17:30:00,0.005482625380846448
2018-01-27 18:00:00,0.005473568163182707
2018-01-27 18:30:00,0.00549073918018475
2018-01-27 19:00:00,0.0054899066866068245
2018-01-27 19:30:00,0.00550208698272523
2018-01-27 20:00:00,0.00552492855316811
2018-01-27 20:30:00,0.005538343193986973
2018-01-27 21:00:00,0.005563680906031867
2018-01-27 21:30:00,0.005612391042668459
2018-01-27 22:00:00,0.005634309393356624
2018-01-27 22:30:00,0.005660502699002315
2018-01-27 23:00:00,0.0056869059135515
2018-01-27 23:30:00,0.005704780421105183
2018-01-28 00:00:00,0.00526165167798931
2018-01-28 00:30:00,0.004790000209529943
2018-01-28 01:00:00,0.004693275392017835
2018-01-28 01:30:00,0.004538762910040356
2018-01-28 02:00:00,0.0045586243543440305
2018-01-28 02:30:00,0.004571483813453755
2018-01-28 03:00:00,0.0045434094740614845
2018-01-28 03:30:00,0.004560303067600427
2018-01-28 04:00:00,0.004561892282217482
2018-01-28 04:30:00,0.00455047573757995
2018-01-28 05:00:00,0.004584246743482394
2018-01-28 05:30:00,0.0046168880801503425
2018-01-28 06:00:00,0.004619766990247299
2018-01-28 06:30:00,0.0046618646058436885
2018-01-28 07:00:00,0.004768053067508922
2018-01-28 07:30:00,0.00472018680707022
2018-01-28 08:00:00,0.004750044088807599
2018-01-28 08:30:00,0.004739665148096011
2018-01-28 09:00:00,0.004765752327549663
2018-01-28 09:30:00,0.0048799145376898865
2018-01-28 10:00:00,0.00497581768627247
2018-01-28 10:30:00,0.005088267370079339
2018-01-28 11:00:00,0.005271666040079035
2018-01-28 11:30:00,0.005486038939298879
2018-01-28 12:00:00,0.0055808086244403116
2018-01-28 12:30:00,0.005665518082229213
2018-01-28 13:00:00,0.005675517044303691
2018-01-28 13:30:00,0.0056449764705853965
2018-01-28 14:00:00,0.005551863403026307
2018-01-28 14:30:00,0.0054264540484162856
2018-01-28 15:00:00,0.0052425671532954875
2018-01-28 15:30:00,0.0050360106545687495
2018-01-28 16:00:00,0.004793769084276223
2018-01-28 16:30:00,0.004589685069157058
2018-01-28 17:00:00,0.004448679628089933
2018-01-28 17:30:00,0.004395423473908581
2018-01-28 18:00:00,0.0043501678508374355
2018-01-28 18:30:00,0.004363779009242187
2018-01-28 19:00:00,0.004368980420189513
2018-01-28 19:30:00,0.004355175534056709
2018-01-28 20:00:00,0.004376290517282746
2018-01-28 20:30:00,0.004375147233542018
2018-01-28 21:00:00,0.004363256747855499
2018-01-28 21:30:00,0.004372789134105675
2018-01-28 22:00:00,0.004373293205619278
2018-01-28 22:30:00,0.004363555820615397
2018-01-28 23:00:00,0.004382112169423922
2018-01-28 23:30:00,0.004385699257033681
2018-01-29 00:00:00,0.00444315258493612
2018-01-29 00:30:00,0.004538753759306657
2018-01-29 01:00:00,0.004576310825479643
2018-01-29 01:30:00,0.0045954799386630175
2018-01-29 02:00:00,0.0046105093491967016
2018-01-29 02:30:00,0.0046105831130378565
2018-01-29 03:00:00,0.00460536663685822
2018-01-29 03:30:00,0.00460868188072055
2018-01-29 04:00:00,0.004611768356240421
2018-01-29 04:30:00,0.004610944343830315
2018-01-29 05:00:00,0.004664390766316005
2018-01-29 05:30:00,0.004691890060211353
2018-01-29 06:00:00,0.004730948739465378
2018-01-29 06:30:00,0.004874334710425838
2018-01-29 07:00:00,0.005078782857789611
2018-01-29 07:30:00,0.005444585111296463
2018-01-29 08:00:00,0.005985983583599082
2018-01-29 08:30:00,0.006765610583090241
2018-01-29 09:00:00,0.00729554653389821
2018-01-29 09:30:00,0.007975416698382327
2018-01-29 10:00:00,0.008525880981110817
2018-01-29 10:30:00,0.00898731732931066
2018-01-29 11:00:00,0.00925374339601346
2018-01-29 11:30:00,0.009378410983222348
2018-01-29 12:00:00,0.009354044030109674
2018-01-29 12:30:00,0.009235268399459401
2018-01-29 13:00:00,0.009072820892233678
2018-01-29 13:30:00,0.008792687026450727
2018-01-29 14:00:00,0.008415679922718852
2018-01-29 14:30:00,0.007800938543012462
2018-01-29 15:00:00,0.007219674118192722
2018-01-29 15:30:00,0.00659532056230208
2018-01-29 16:00:00,0.006031544751900303
2018-01-29 16:30:00,0.005613870894858385
2018-01-29 17:00:00,0.005185949443611747
2018-01-29 17:30:00,0.004970773511712717
2018-01-29 18:00:00,0.00475875748439177
2018-01-29 18:30:00,0.00467346293761774
2018-01-29 19:00:00,0.004590897429777778
2018-01-29 19:30:00,0.004518081359127544
2018-01-29 20:00:00,0.004466638166161602
2018-01-29 20:30:00,0.004429262217559255
2018-01-29 21:00:00,0.004395842956932632
2018-01-29 21:30:00,0.004385080801348846
2018-01-29 22:00:00,0.00437027190117843
2018-01-29 22:30:00,0.004358214916776328
2018-01-29 23:00:00,0.00435712988526719
2018-01-29 23:30:00,0.004348025574803197
2018-01-30 00:00:00,0.004331794739891506
2018-01-30 00:30:00,0.004327709718455379
2018-01-30 01:00:00,0.004321810731455021
2018-01-30 01:30:00,0.0043259227587149895
2018-01-30 02:00:00,0.004333494098095881
2018-01-30 02:30:00,0.004330741401167373
2018-01-30 03:00:00,0.00432435307310278
2018-01-30 03:30:00,0.00432620710102552
2018-01-30 04:00:00,0.00432107532492975
2018-01-30 04:30:00,0.0043148172274288885
2018-01-30 05:00:00,0.0043544676913268455
2018-01-30 05:30:00,0.0043954289420299365
2018-01-30 06:00:00,0.004439142443284282
2018-01-30 06:30:00,0.00459999381704552
2018-01-30 07:00:00,0.004784126666033041
2018-01-30 07:30:00,0.0051391731248319715
2018-01-30 08:00:00,0.005681930034711544
2018-01-30 08:30:00,0.006459404937868887
2018-01-30 09:00:00,0.007066665704371177
2018-01-30 09:30:00,0.007772940199347614
2018-01-30 10:00:00,0.008365803848695914
2018-01-30 10:30:00,0.008877275962381163
2018-01-30 11:00:00,0.009171658301692661
2018-01-30 11:30:00,0.00933387893767925
2018-01-30 12:00:00,0.009330087967258921
2018-01-30 12:30:00,0.009220175268572769
2018-01-30 13:00:00,0.009070574163922103
2018-01-30 13:30:00,0.008789660365482836
2018-01-30 14:00:00,0.008415073519219867
2018-01-30 14:30:00,0.007800519841148606
2018-01-30 15:00:00,0.007220310317373385
2018-01-30 15:30:00,0.006601736677350707
2018-01-30 16:00:00,0.0060401870619068414
2018-01-30 16:30:00,0.005611130584898665
2018-01-30 17:00:00,0.0051669646842341
2018-01-30 17:30:00,0.0049552783065149215
2018-01-30 18:00:00,0.004736824849631489
2018-01-30 18:30:00,0.0046373947627740665
2018-01-30 19:00:00,0.004552948890753403
2018-01-30 19:30:00,0.004494741185292415
2018-01-30 20:00:00,0.0044594886532853435
2018-01-30 20:30:00,0.004424065158790151
2018-01-30 21:00:00,0.0043960612354096325
2018-01-30 21:30:00,0.004383490136005719
2018-01-30 22:00:00,0.004372972260373956
2018-01-30 22:30:00,0.004370836456809894
2018-01-30 23:00:00,0.004373179937391183
2018-01-30 23:30:00,0.004364354835899303
2018-01-31 00:00:00,0.004362070611898427
2018-01-31 00:30:00,0.004362195932312369
2018-01-31 01:00:00,0.004352475621238437
2018-01-31 01:30:00,0.0043528312723152265
2018-01-31 02:00:00,0.0043536008267003965
2018-01-31 02:30:00,0.0043323551665333734
2018-01-31 03:00:00,0.0043238240044629755
2018-01-31 03:30:00,0.004334978637246969
2018-01-31 04:00:00,0.004332816385830633
2018-01-31 04:30:00,0.004333482045910033
2018-01-31 05:00:00,0.004382805616487356
2018-01-31 05:30:00,0.004445721262841839
2018-01-31 06:00:00,0.004490638755143399
2018-01-31 06:30:00,0.004593558172992047
2018-01-31 07:00:00,0.00481383508095635
2018-01-31 07:30:00,0.005167162094574497
2018-01-31 08:00:00,0.00570498184884086
2018-01-31 08:30:00,0.006512064620445145
2018-01-31 09:00:00,0.0071149358246300545
2018-01-31 09:30:00,0.007815102651240085
2018-01-31 10:00:00,0.008426248015791645
2018-01-31 10:30:00,0.00892446160910247
2018-01-31 11:00:00,0.009214721431288542
2018-01-31 11:30:00,0.009356955972123396
2018-01-31 12:00:00,0.009320261195210011
2018-01-31 12:30:00,0.009211316130815304
2018-01-31 13:00:00,0.009059300348411403
2018-01-31 13:30:00,0.008772075445172414
2018-01-31 14:00:00,0.0083903050497676
2018-01-31 14:30:00,0.007779379860796368
2018-01-31 15:00:00,0.0071945651744902885
2018-01-31 15:30:00,0.006572346864192141
2018-01-31 16:00:00,0.006012489799699532
2018-01-31 16:30:00,0.00559593411767783
2018-01-31 17:00:00,0.005162528698682348
2018-01-31 17:30:00,0.004958973640608674
2018-01-31 18:00:00,0.004743921355208885
2018-01-31 18:30:00,0.004652045310613776
2018-01-31 19:00:00,0.004577733206598172
2018-01-31 19:30:00,0.00451473509204609
2018-01-31 20:00:00,0.004473239081393211
2018-01-31 20:30:00,0.004448458671349411
2018-01-31 21:00:00,0.004424637526023552
2018-01-31 21:30:00,0.004395854674335538
2018-01-31 22:00:00,0.00437021108227763
2018-01-31 22:30:00,0.0043691772725583415
2018-01-31 23:00:00,0.004369178165312849
2018-01-31 23:30:00,0.004356292258350849
2018-02-01 00:00:00,0.004356572918049037
2018-02-01 00:30:00,0.004352156573096441
2018-02-01 01:00:00,0.004348298646088074
2018-02-01 01:30:00,0.0043539256777466884
2018-02-01 02:00:00,0.004363703459892019
2018-02-01 02:30:00,0.004367208079304179
2018-02-01 03:00:00,0.0043812259989812535
2018-02-01 03:30:00,0.004404458372709643
2018-02-01 04:00:00,0.004417178115738997
2018-02-01 04:30:00,0.004431899972344966
2018-02-01 05:00:00,0.004516186264497474
2018-02-01 05:30:00,0.00459437448539453
2018-02-01 06:00:00,0.004621117839410943
2018-02-01 06:30:00,0.004755980459902942
2018-02-01 07:00:00,0.004930764495285822
2018-02-01 07:30:00,0.005311278450316125
2018-02-01 08:00:00,0.005806082837352742
2018-02-01 08:30:00,0.006587667647478097
2018-02-01 09:00:00,0.007213225863981836
2018-02-01 09:30:00,0.00798030631481803
2018-02-01 10:00:00,0.008671297410603497
2018-02-01 10:30:00,0.009185517757444715
2018-02-01 11:00:00,0.009496672722059438
2018-02-01 11:30:00,0.009645195602454082
2018-02-01 12:00:00,0.009632146098228649
2018-02-01 12:30:00,0.00951883088892709
2018-02-01 13:00:00,0.009390698521475924
2018-02-01 13:30:00,0.009106893983942481
2018-02-01 14:00:00,0.008715239680200298
2018-02-01 14:30:00,0.008077753370726429
2018-02-01 15:00:00,0.007489350592461769
2018-02-01 15:30:00,0.0068469776795986575
2018-02-01 16:00:00,0.006268838118742595
2018-02-01 16:30:00,0.005843422071425982
2018-02-01 17:00:00,0.005419769325855317
2018-02-01 17:30:00,0.005167012446600234
2018-02-01 18:00:00,0.004935248577986648
2018-02-01 18:30:00,0.00482505466163074
2018-02-01 19:00:00,0.0047316602648075825
2018-02-01 19:30:00,0.004644262276820376
2018-02-01 20:00:00,0.004592548579238766
2018-02-01 20:30:00,0.004559112579465133
2018-02-01 21:00:00,0.0045265330660468036
2018-02-01 21:30:00,0.0045131735528187574
2018-02-01 22:00:00,0.004501349242560082
2018-02-01 22:30:00,0.004499249372364934
2018-02-01 23:00:00,0.004501214548223815
2018-02-01 23:30:00,0.004493692310340819
2018-02-02 00:00:00,0.004496188675131458
2018-02-02 00:30:00,0.004512638346491717
2018-02-02 01:00:00,0.004510932069439911
2018-02-02 01:30:00,0.00450946192595525
2018-02-02 02:00:00,0.004508199459487816
2018-02-02 02:30:00,0.004491015609139733
2018-02-02 03:00:00,0.004493075640164999
2018-02-02 03:30:00,0.004498659261635703
2018-02-02 04:00:00,0.004491151531013447
2018-02-02 04:30:00,0.004507153039611114
2018-02-02 05:00:00,0.004586584644348013
2018-02-02 05:30:00,0.004652572370555939
2018-02-02 06:00:00,0.004693119829544963
2018-02-02 06:30:00,0.004807467844216989
2018-02-02 07:00:00,0.00499485054279919
2018-02-02 07:30:00,0.005386198296962476
2018-02-02 08:00:00,0.0059050495846209505
2018-02-02 08:30:00,0.006685978331777859
2018-02-02 09:00:00,0.0073235965457301615
2018-02-02 09:30:00,0.008092202044453208
2018-02-02 10:00:00,0.008790933098627102
2018-02-02 10:30:00,0.009284528472872401
2018-02-02 11:00:00,0.009576447702498653
2018-02-02 11:30:00,0.00971496247008512
2018-02-02 12:00:00,0.00970095448230194
2018-02-02 12:30:00,0.009586015910523427
2018-02-02 13:00:00,0.009444566770466244
2018-02-02 13:30:00,0.009157680221185467
2018-02-02 14:00:00,0.008754800533864602
2018-02-02 14:30:00,0.008102685549036445
2018-02-02 15:00:00,0.007494651322348018
2018-02-02 15:30:00,0.006847362568385557
2018-02-02 16:00:00,0.006263665164345185
2018-02-02 16:30:00,0.005842149003498774
2018-02-02 17:00:00,0.0054318492986859795
2018-02-02 17:30:00,0.005216286804085349
2018-02-02 18:00:00,0.004998003193746903
2018-02-02 18:30:00,0.004916070983635456
2018-02-02 19:00:00,0.004830523564147274
2018-02-02 19:30:00,0.004743238955982476
2018-02-02 20:00:00,0.00467088734086459
2018-02-02 20:30:00,0.0046435891399219794
2018-02-02 21:00:00,0.004638150144681435
2018-02-02 21:30:00,0.004621724912475809
2018-02-02 22:00:00,0.00461586955885199
2018-02-02 22:30:00,0.0046128605297856146
2018-02-02 23:00:00,0.0046150954290999704
2018-02-02 23:30:00,0.00462789752873261
2018-02-03 00:00:00,0.005013080255052407
2018-02-03 00:30:00,0.005312891769304872
2018-02-03 01:00:00,0.0055377154759741285
2018-02-03 01:30:00,0.005579349751981303
2018-02-03 02:00:00,0.005674833194351209
2018-02-03 02:30:00,0.0056866204552978375
2018-02-03 03:00:00,0.005715548714376204
2018-02-03 03:30:00,0.005742311262614521
2018-02-03 04:00:00,0.005765649762534948
2018-02-03 04:30:00,0.005795104858366852
2018-02-03 05:00:00,0.00586627245781962
2018-02-03 05:30:00,0.005921976210076658
2018-02-03 06:00:00,0.005970359152186376
2018-02-03 06:30:00,0.006067675307965163
2018-02-03 07:00:00,0.006075081376167916
2018-02-03 07:30:00,0.006077717568633239
2018-02-03 08:00:00,0.006121429842350136
2018-02-03 08:30:00,0.006191856790344903
2018-02-03 09:00:00,0.006340857182806565
2018-02-03 09:30:00,0.006500822944096703
2018-02-03 10:00:00,0.006726798750457445
2018-02-03 10:30:00,0.006983155327479702
2018-02-03 11:00:00,0.007176944878782519
2018-02-03 11:30:00,0.00730139563824048
2018-02-03 12:00:00,0.00732282364351559
2018-02-03 12:30:00,0.007245705165706736
2018-02-03 13:00:00,0.007105791340213239
2018-02-03 13:30:00,0.006940289273441275
2018-02-03 14:00:00,0.006721421243683582
2018-02-03 14:30:00,0.006475911857111917
2018-02-03 15:00:00,0.006216660969977457
2018-02-03 15:30:00,0.006006723163554859
2018-02-03 16:00:00,0.005785555063403787
2018-02-03 16:30:00,0.005625135782824014
2018-02-03 17:00:00,0.005508007507428072
2018-02-03 17:30:00,0.0054809038153737066
2018-02-03 18:00:00,0.005441911534736153
2018-02-03 18:30:00,0.0054350153409513
2018-02-03 19:00:00,0.005432767050319337
2018-02-03 19:30:00,0.00543235984266976
2018-02-03 20:00:00,0.005440140867765519
2018-02-03 20:30:00,0.00544519285392721
2018-02-03 21:00:00,0.005464005869656542
2018-02-03 21:30:00,0.005479663332986012
2018-02-03 22:00:00,0.005488479618527133
2018-02-03 22:30:00,0.005515550278664733
2018-02-03 23:00:00,0.005541872810525334
2018-02-03 23:30:00,0.0055555873052642885
2018-02-04 00:00:00,0.005141022688982175
2018-02-04 00:30:00,0.004701335849274334
2018-02-04 01:00:00,0.004608903395432639
2018-02-04 01:30:00,0.004450544034283818
2018-02-04 02:00:00,0.004468987003269934
2018-02-04 02:30:00,0.004472803305599405
2018-02-04 03:00:00,0.004465917936462952
2018-02-04 03:30:00,0.004494667644639887
2018-02-04 04:00:00,0.004495588967291275
2018-02-04 04:30:00,0.004448991980573125
2018-02-04 05:00:00,0.004452962729432335
2018-02-04 05:30:00,0.004473971586466334
2018-02-04 06:00:00,0.004500283293678536
2018-02-04 06:30:00,0.004561261327969548
2018-02-04 07:00:00,0.004628260879817023
2018-02-04 07:30:00,0.004592699343156162
2018-02-04 08:00:00,0.004627794303992721
2018-02-04 08:30:00,0.004731423126891619
2018-02-04 09:00:00,0.004752044528469512
2018-02-04 09:30:00,0.00490353235817674
2018-02-04 10:00:00,0.005048024005594315
2018-02-04 10:30:00,0.005159506055109739
2018-02-04 11:00:00,0.005332507371336137
2018-02-04 11:30:00,0.005553964835541844
2018-02-04 12:00:00,0.005642470620278119
2018-02-04 12:30:00,0.005724052647434134
2018-02-04 13:00:00,0.005739211172588416
2018-02-04 13:30:00,0.005708683766999102
2018-02-04 14:00:00,0.005619626036788778
2018-02-04 14:30:00,0.005501334279081383
2018-02-04 15:00:00,0.005305428006842094
2018-02-04 15:30:00,0.005089106224533127
2018-02-04 16:00:00,0.004834374907091151
2018-02-04 16:30:00,0.004634092687040717
2018-02-04 17:00:00,0.004475507459001585
2018-02-04 17:30:00,0.004463707587897544
2018-02-04 18:00:00,0.004435116455239941
2018-02-04 18:30:00,0.004468349018580255
2018-02-04 19:00:00,0.004477234492595681
2018-02-04 19:30:00,0.004461711946791106
2018-02-04 20:00:00,0.004490827014750096
2018-02-04 20:30:00,0.004494113913656824
2018-02-04 21:00:00,0.004483136046265247
2018-02-04 21:30:00,0.004501103065504733
2018-02-04 22:00:00,0.0045082926407395
2018-02-04 22:30:00,0.004479083498774319
2018-02-04 23:00:00,0.004488083580149601
2018-02-04 23:30:00,0.004499704677163585
2018-02-05 00:00:00,0.004552814419605762
2018-02-05 00:30:00,0.004643082724927795
2018-02-05 01:00:00,0.004690666093782041
2018-02-05 01:30:00,0.004698250936074851
2018-02-05 02:00:00,0.004702110648592233
2018-02-05 02:30:00,0.004707493065515886
2018-02-05 03:00:00,0.004692146615537848
2018-02-05 03:30:00,0.0046964021530848405
2018-02-05 04:00:00,0.004697408733791661
2018-02-05 04:30:00,0.004688673242533438
2018-02-05 05:00:00,0.004718988507332988
2018-02-05 05:30:00,0.00474131730190582
2018-02-05 06:00:00,0.004782756399458866
2018-02-05 06:30:00,0.004948621705720928
2018-02-05 07:00:00,0.0051404583565393385
2018-02-05 07:30:00,0.0055445021957375405
2018-02-05 08:00:00,0.006111023003060201
2018-02-05 08:30:00,0.0069527646249242965
2018-02-05 09:00:00,0.0075490144921182434
2018-02-05 09:30:00,0.008263647847545198
2018-02-05 10:00:00,0.008826832208085982
2018-02-05 10:30:00,0.009282917162581296
2018-02-05 11:00:00,0.00949052978989
2018-02-05 11:30:00,0.009604534428859711
2018-02-05 12:00:00,0.009556758783003485
2018-02-05 12:30:00,0.009434847575335447
2018-02-05 13:00:00,0.00928199751384461
2018-02-05 13:30:00,0.008969168299746026
2018-02-05 14:00:00,0.008583644318015868
2018-02-05 14:30:00,0.007969078476164449
2018-02-05 15:00:00,0.0073815329654152865
2018-02-05 15:30:00,0.006759091689678977
2018-02-05 16:00:00,0.006203417068458087
2018-02-05 16:30:00,0.005801365857319862
2018-02-05 17:00:00,0.005361758026385903
2018-02-05 17:30:00,0.005156189025738395
2018-02-05 18:00:00,0.004947707301916972
2018-02-05 18:30:00,0.0048745862440082305
2018-02-05 19:00:00,0.004804022704573868
2018-02-05 19:30:00,0.004732250040753873
2018-02-05 20:00:00,0.004697184429221738
2018-02-05 20:30:00,0.004672456468505233
2018-02-05 21:00:00,0.004666298917480741
2018-02-05 21:30:00,0.004684121533678694
2018-02-05 22:00:00,0.004718888965205439
2018-02-05 22:30:00,0.004715107480301747
2018-02-05 23:00:00,0.004774350557802411
2018-02-05 23:30:00,0.0048157748133117765
2018-02-06 00:00:00,0.00483727033314649
2018-02-06 00:30:00,0.004827824320894882
2018-02-06 01:00:00,0.004821960262914618
2018-02-06 01:30:00,0.004827094828868221
2018-02-06 02:00:00,0.004816220967376729
2018-02-06 02:30:00,0.00481025256871344
2018-02-06 03:00:00,0.004832322464479196
2018-02-06 03:30:00,0.004828059338518892
2018-02-06 04:00:00,0.004818320502788936
2018-02-06 04:30:00,0.004835059649798142
2018-02-06 05:00:00,0.004869901961109174
2018-02-06 05:30:00,0.004847526631707656
2018-02-06 06:00:00,0.00490548793692467
2018-02-06 06:30:00,0.005118858049644348
2018-02-06 07:00:00,0.0052980790749278
2018-02-06 07:30:00,0.0056618316756805315
2018-02-06 08:00:00,0.006185600924730311
2018-02-06 08:30:00,0.006943421614223951
2018-02-06 09:00:00,0.00756701498965175
2018-02-06 09:30:00,0.00831384776826561
2018-02-06 10:00:00,0.008901694695255249
2018-02-06 10:30:00,0.009377056786229302
2018-02-06 11:00:00,0.00960818233537027
2018-02-06 11:30:00,0.009712458182098233
2018-02-06 12:00:00,0.009655472769151855
2018-02-06 12:30:00,0.009535373853133347
2018-02-06 13:00:00,0.00939308630499963
2018-02-06 13:30:00,0.009058139209580532
2018-02-06 14:00:00,0.008657702098591246
2018-02-06 14:30:00,0.008002423526572666
2018-02-06 15:00:00,0.007403363937756065
2018-02-06 15:30:00,0.00678720419432643
2018-02-06 16:00:00,0.0062375385920989046
2018-02-06 16:30:00,0.005846223200286502
2018-02-06 17:00:00,0.005389884926699784
2018-02-06 17:30:00,0.005186669338527457
2018-02-06 18:00:00,0.004970520304215624
2018-02-06 18:30:00,0.004885818769622973
2018-02-06 19:00:00,0.004808488151024356
2018-02-06 19:30:00,0.004750354320998835
2018-02-06 20:00:00,0.004705716818829583
2018-02-06 20:30:00,0.0046781875060639315
2018-02-06 21:00:00,0.004646209709183427
2018-02-06 21:30:00,0.004646046893080184
2018-02-06 22:00:00,0.004643430006431078
2018-02-06 22:30:00,0.004654548482657533
2018-02-06 23:00:00,0.004674889001348611
2018-02-06 23:30:00,0.004683367825686026
2018-02-07 00:00:00,0.004692278631610593
2018-02-07 00:30:00,0.0047091037062411125
2018-02-07 01:00:00,0.00471248825017206
2018-02-07 01:30:00,0.004715710647565645
2018-02-07 02:00:00,0.0047312259397398505
2018-02-07 02:30:00,0.004732107758004295
2018-02-07 03:00:00,0.004728928882392933
2018-02-07 03:30:00,0.004740129715222673
2018-02-07 04:00:00,0.004747337815113464
2018-02-07 04:30:00,0.004751531529410836
2018-02-07 05:00:00,0.004793848985804613
2018-02-07 05:30:00,0.00481202211974094
2018-02-07 06:00:00,0.004874802067410335
2018-02-07 06:30:00,0.0050476009515522365
2018-02-07 07:00:00,0.00524537888361578
2018-02-07 07:30:00,0.005599314755807808
2018-02-07 08:00:00,0.006135602766528516
2018-02-07 08:30:00,0.006877073326789448
2018-02-07 09:00:00,0.0075046054235085105
2018-02-07 09:30:00,0.008244260790667764
2018-02-07 10:00:00,0.008818765501547934
2018-02-07 10:30:00,0.009278264014495677
2018-02-07 11:00:00,0.009511001431899316
2018-02-07 11:30:00,0.00962903797341198
2018-02-07 12:00:00,0.009594854068549975
2018-02-07 12:30:00,0.009463500531242671
2018-02-07 13:00:00,0.009300840660038558
2018-02-07 13:30:00,0.008980085683019744
2018-02-07 14:00:00,0.008577069181070653
2018-02-07 14:30:00,0.00793154105059062
2018-02-07 15:00:00,0.007336796144307114
2018-02-07 15:30:00,0.006723295358582733
2018-02-07 16:00:00,0.006172502207412668
2018-02-07 16:30:00,0.005760830227328057
2018-02-07 17:00:00,0.005318148531031642
2018-02-07 17:30:00,0.0051050353084213995
2018-02-07 18:00:00,0.0048937213209260194
2018-02-07 18:30:00,0.004810298099193306
2018-02-07 19:00:00,0.004741405238224775
2018-02-07 19:30:00,0.004669002512911354
2018-02-07 20:00:00,0.004624146620670788
2018-02-07 20:30:00,0.004600918933903562
2018-02-07 21:00:00,0.0045845233857853
2018-02-07 21:30:00,0.004578575520475675
2018-02-07 22:00:00,0.004574677865891739
2018-02-07 22:30:00,0.004567663828511943
2018-02-07 23:00:00,0.004569973607610585
2018-02-07 23:30:00,0.00456130217148825
2018-02-08 00:00:00,0.004562201398465585
2018-02-08 00:30:00,0.004570509818286446
2018-02-08 01:00:00,0.004565410292947249
2018-02-08 01:30:00,0.004562591755373839
2018-02-08 02:00:00,0.004568706788964929
2018-02-08 02:30:00,0.004562949526742582
2018-02-08 03:00:00,0.004567961004168512
2018-02-08 03:30:00,0.0045915744724771435
2018-02-08 04:00:00,0.004596064692865206
2018-02-08 04:30:00,0.004595484848812807
2018-02-08 05:00:00,0.004619607633567772
2018-02-08 05:30:00,0.00464359114861962
2018-02-08 06:00:00,0.004721811620273247
2018-02-08 06:30:00,0.004904491064923115
2018-02-08 07:00:00,0.0051250652601383005
2018-02-08 07:30:00,0.005475412482400181
2018-02-08 08:00:00,0.006033436387106655
2018-02-08 08:30:00,0.006779191834219003
2018-02-08 09:00:00,0.007408217509228541
2018-02-08 09:30:00,0.00811566988218286
2018-02-08 10:00:00,0.008722804212328072
2018-02-08 10:30:00,0.009195187739483307
2018-02-08 11:00:00,0.009441155443900083
2018-02-08 11:30:00,0.009572717662573435
2018-02-08 12:00:00,0.009542961820066934
2018-02-08 12:30:00,0.009404866870287455
2018-02-08 13:00:00,0.00924405176467807
2018-02-08 13:30:00,0.00897587020783126
2018-02-08 14:00:00,0.008589368994698704
2018-02-08 14:30:00,0.007969571946218279
2018-02-08 15:00:00,0.007396558470148003
2018-02-08 15:30:00,0.00678004675825392
2018-02-08 16:00:00,0.006213067633086147
2018-02-08 16:30:00,0.005782351525449165
2018-02-08 17:00:00,0.005335035317317469
2018-02-08 17:30:00,0.005111043211471629
2018-02-08 18:00:00,0.004887542790170608
2018-02-08 18:30:00,0.004811964537075228
2018-02-08 19:00:00,0.004730027193625364
2018-02-08 19:30:00,0.004667776314595773
2018-02-08 20:00:00,0.004615175665411302
2018-02-08 20:30:00,0.004581923461471829
2018-02-08 21:00:00,0.004565897290530903
2018-02-08 21:30:00,0.00456881961081577
2018-02-08 22:00:00,0.004552107469630407
2018-02-08 22:30:00,0.0045546432272136755
2018-02-08 23:00:00,0.004565618527936043
2018-02-08 23:30:00,0.004559862381656832
2018-02-09 00:00:00,0.004565729341089245
2018-02-09 00:30:00,0.004581053360610291
2018-02-09 01:00:00,0.0045839101750331955
2018-02-09 01:30:00,0.004588601041996742
2018-02-09 02:00:00,0.004600388972509251
2018-02-09 02:30:00,0.004586411784756565
2018-02-09 03:00:00,0.004581828383116817
2018-02-09 03:30:00,0.0045825665794999235
2018-02-09 04:00:00,0.004574820706612883
2018-02-09 04:30:00,0.004568863021003681
2018-02-09 05:00:00,0.004585334564849365
2018-02-09 05:30:00,0.0046005194262616084
2018-02-09 06:00:00,0.004675899041479146
2018-02-09 06:30:00,0.004819579733021282
2018-02-09 07:00:00,0.005018560093811654
2018-02-09 07:30:00,0.005412798252286176
2018-02-09 08:00:00,0.005964666726260113
2018-02-09 08:30:00,0.00668058486701718
2018-02-09 09:00:00,0.007299084520010076
2018-02-09 09:30:00,0.00799645356558899
2018-02-09 10:00:00,0.008576259564326973
2018-02-09 10:30:00,0.009069134485684997
2018-02-09 11:00:00,0.009329517831911787
2018-02-09 11:30:00,0.009463376661554803
2018-02-09 12:00:00,0.00945412772486065
2018-02-09 12:30:00,0.009324047367074866
2018-02-09 13:00:00,0.00917900310461736
2018-02-09 13:30:00,0.008902189616035155
2018-02-09 14:00:00,0.00851366798785859
2018-02-09 14:30:00,0.007884418454656381
2018-02-09 15:00:00,0.007297660018599593
2018-02-09 15:30:00,0.006669758433108879
2018-02-09 16:00:00,0.006103977496084026
2018-02-09 16:30:00,0.005677192521324999
2018-02-09 17:00:00,0.005221291585852475
2018-02-09 17:30:00,0.004995182870664479
2018-02-09 18:00:00,0.004766576451554082
2018-02-09 18:30:00,0.004670870266934641
2018-02-09 19:00:00,0.004582210928423134
2018-02-09 19:30:00,0.004508610461344049
2018-02-09 20:00:00,0.004460047517606824
2018-02-09 20:30:00,0.004417028914141988
2018-02-09 21:00:00,0.004381164845297513
2018-02-09 21:30:00,0.004367970603247605
2018-02-09 22:00:00,0.00435594084785797
2018-02-09 22:30:00,0.004360878784631372
2018-02-09 23:00:00,0.004361280970536847
2018-02-09 23:30:00,0.004353591899155324
2018-02-10 00:00:00,0.004708565598461923
2018-02-10 00:30:00,0.005011552528902034
2018-02-10 01:00:00,0.00520751627221272
2018-02-10 01:30:00,0.0052185629932956605
2018-02-10 02:00:00,0.005301426123169447
2018-02-10 02:30:00,0.005317753487162225
2018-02-10 03:00:00,0.005355511534693635
2018-02-10 03:30:00,0.005371788346462446
2018-02-10 04:00:00,0.005384012945523268
2018-02-10 04:30:00,0.005405323665175
2018-02-10 05:00:00,0.005444728175206234
2018-02-10 05:30:00,0.005461046165276687
2018-02-10 06:00:00,0.005495282407871675
2018-02-10 06:30:00,0.005579500962275953
2018-02-10 07:00:00,0.005555627702405738
2018-02-10 07:30:00,0.005570643944810442
2018-02-10 08:00:00,0.005618478400869826
2018-02-10 08:30:00,0.005700661921375038
2018-02-10 09:00:00,0.0058608778771158075
2018-02-10 09:30:00,0.00610022089671222
2018-02-10 10:00:00,0.006372464486566598
2018-02-10 10:30:00,0.006681060370386554
2018-02-10 11:00:00,0.006931048817914942
2018-02-10 11:30:00,0.007090448126470288
2018-02-10 12:00:00,0.007138653410433082
2018-02-10 12:30:00,0.007101611352016412
2018-02-10 13:00:00,0.0069846502449019375
2018-02-10 13:30:00,0.006819129988256891
2018-02-10 14:00:00,0.006595114001227986
2018-02-10 14:30:00,0.006338619158851434
2018-02-10 15:00:00,0.006065724304584083
2018-02-10 15:30:00,0.005827096939319471
2018-02-10 16:00:00,0.005573503549091181
2018-02-10 16:30:00,0.005386162475187877
2018-02-10 17:00:00,0.005221380972897504
2018-02-10 17:30:00,0.00516746005139126
2018-02-10 18:00:00,0.005119757388215995
2018-02-10 18:30:00,0.0050974145327596755
2018-02-10 19:00:00,0.005087227087889874
2018-02-10 19:30:00,0.005077180921420829
2018-02-10 20:00:00,0.005078631424306333
2018-02-10 20:30:00,0.00509079007112794
2018-02-10 21:00:00,0.005120957361867929
2018-02-10 21:30:00,0.005141844581100327
2018-02-10 22:00:00,0.0051589491994858995
2018-02-10 22:30:00,0.005179980821759832
2018-02-10 23:00:00,0.005206523529200761
2018-02-10 23:30:00,0.005219528730483779
2018-02-11 00:00:00,0.00481724138577841
2018-02-11 00:30:00,0.004387952346221119
2018-02-11 01:00:00,0.004304570191195734
2018-02-11 01:30:00,0.00414344016643395
2018-02-11 02:00:00,0.004151241166911806
2018-02-11 02:30:00,0.004167487067055806
2018-02-11 03:00:00,0.004137866030479885
2018-02-11 03:30:00,0.0041532825616867365
2018-02-11 04:00:00,0.004169170020896112
2018-02-11 04:30:00,0.00413531297577804
2018-02-11 05:00:00,0.004149481101400945
2018-02-11 05:30:00,0.004176587360124518
2018-02-11 06:00:00,0.0041670422521226155
2018-02-11 06:30:00,0.004207499989283669
2018-02-11 07:00:00,0.004260963597293622
2018-02-11 07:30:00,0.004274241423484263
2018-02-11 08:00:00,0.004314394061792497
2018-02-11 08:30:00,0.004369149373979992
2018-02-11 09:00:00,0.00442397967754609
2018-02-11 09:30:00,0.004580295077250774
2018-02-11 10:00:00,0.004746913087156683
2018-02-11 10:30:00,0.004898518983647484
2018-02-11 11:00:00,0.005110487918168177
2018-02-11 11:30:00,0.005368318656070377
2018-02-11 12:00:00,0.005477130588449206
2018-02-11 12:30:00,0.005590996180904427
2018-02-11 13:00:00,0.005632423449460255
2018-02-11 13:30:00,0.005614752266745578
2018-02-11 14:00:00,0.005538790798777999
2018-02-11 14:30:00,0.0054173939293003966
2018-02-11 15:00:00,0.005226173167497613
2018-02-11 15:30:00,0.0050094061238782
2018-02-11 16:00:00,0.004770924947164134
2018-02-11 16:30:00,0.004556247841845978
2018-02-11 17:00:00,0.004377462145979077
2018-02-11 17:30:00,0.004319745790279966
2018-02-11 18:00:00,0.0042418415769105
2018-02-11 18:30:00,0.004253686978494407
2018-02-11 19:00:00,0.004270491519771262
2018-02-11 19:30:00,0.004241945359621958
2018-02-11 20:00:00,0.004249997112522012
2018-02-11 20:30:00,0.004251543363328409
2018-02-11 21:00:00,0.00423167455380005
2018-02-11 21:30:00,0.004238809001443999
2018-02-11 22:00:00,0.004233440087432267
2018-02-11 22:30:00,0.004218906044055741
2018-02-11 23:00:00,0.00423653024556448
2018-02-11 23:30:00,0.004226625580684819
2018-02-12 00:00:00,0.004275364620248582
2018-02-12 00:30:00,0.004358597573676957
2018-02-12 01:00:00,0.004397261767033131
2018-02-12 01:30:00,0.004424060248640361
2018-02-12 02:00:00,0.0044469999104847155
2018-02-12 02:30:00,0.0044602705946393
2018-02-12 03:00:00,0.004436924171522622
2018-02-12 03:30:00,0.0044460930950940706
2018-02-12 04:00:00,0.004457610409396597
2018-02-12 04:30:00,0.004454726031178285
2018-02-12 05:00:00,0.00452915196139355
2018-02-12 05:30:00,0.0045840340447210635
2018-02-12 06:00:00,0.004624635292169143
2018-02-12 06:30:00,0.004805246447814554
2018-02-12 07:00:00,0.004979016648860243
2018-02-12 07:30:00,0.005361310756377817
2018-02-12 08:00:00,0.005949401182159286
2018-02-12 08:30:00,0.006745496824043981
2018-02-12 09:00:00,0.007385033009460598
2018-02-12 09:30:00,0.008164409033340935
2018-02-12 10:00:00,0.008808434769579734
2018-02-12 10:30:00,0.009288198809839953
2018-02-12 11:00:00,0.009521966465944854
2018-02-12 11:30:00,0.009664574736135268
2018-02-12 12:00:00,0.009637893428557101
2018-02-12 12:30:00,0.009488825744724464
2018-02-12 13:00:00,0.009317853659492833
2018-02-12 13:30:00,0.009006596586081354
2018-02-12 14:00:00,0.008599003266557007
2018-02-12 14:30:00,0.007965140536033376
2018-02-12 15:00:00,0.007390114233332398
2018-02-12 15:30:00,0.006776446279326553
2018-02-12 16:00:00,0.006216747120787397
2018-02-12 16:30:00,0.005804363726954896
2018-02-12 17:00:00,0.005345462801555383
2018-02-12 17:30:00,0.005130698652672778
2018-02-12 18:00:00,0.004923502606935975
2018-02-12 18:30:00,0.004848196755559591
2018-02-12 19:00:00,0.0047905764825643135
2018-02-12 19:30:00,0.004729049850628653
2018-02-12 20:00:00,0.004674887550622537
2018-02-12 20:30:00,0.004643809315502307
2018-02-12 21:00:00,0.004622451614644635
2018-02-12 21:30:00,0.004611264954292697
2018-02-12 22:00:00,0.004613471062274197
2018-02-12 22:30:00,0.004633662937339834
2018-02-12 23:00:00,0.004648727834865179
2018-02-12 23:30:00,0.004655744996885751
2018-02-13 00:00:00,0.004669454581474916
2018-02-13 00:30:00,0.004660215018703088
2018-02-13 01:00:00,0.00465103426613442
2018-02-13 01:30:00,0.004660481505923475
2018-02-13 02:00:00,0.004671925056384848
2018-02-13 02:30:00,0.004689330421445019
2018-02-13 03:00:00,0.004710267858118445
2018-02-13 03:30:00,0.004713115968184905
2018-02-13 04:00:00,0.004707269207323216
2018-02-13 04:30:00,0.004705093006617707
2018-02-13 05:00:00,0.004717644577016775
2018-02-13 05:30:00,0.004737125038334521
2018-02-13 06:00:00,0.0048080741361216615
2018-02-13 06:30:00,0.004957423037624055
2018-02-13 07:00:00,0.005139482575863015
2018-02-13 07:30:00,0.005547026459106529
2018-02-13 08:00:00,0.006113443706906358
2018-02-13 08:30:00,0.006910989293704992
2018-02-13 09:00:00,0.0075561170237885625
2018-02-13 09:30:00,0.00828970936030677
2018-02-13 10:00:00,0.008867447962794804
2018-02-13 10:30:00,0.009313001315557805
2018-02-13 11:00:00,0.009543250402961372
2018-02-13 11:30:00,0.009645358418557327
2018-02-13 12:00:00,0.009600422847976997
2018-02-13 12:30:00,0.009467705070188442
2018-02-13 13:00:00,0.009301374527233838
2018-02-13 13:30:00,0.008971801702353514
2018-02-13 14:00:00,0.008581336659209179
2018-02-13 14:30:00,0.0079469628267302
2018-02-13 15:00:00,0.007355282969858393
2018-02-13 15:30:00,0.006732525101054982
2018-02-13 16:00:00,0.006177795460479918
2018-02-13 16:30:00,0.0057551877956541955
2018-02-13 17:00:00,0.005275975477679398
2018-02-13 17:30:00,0.005084495035909345
2018-02-13 18:00:00,0.004870128274376739
2018-02-13 18:30:00,0.004778420290817602
2018-02-13 19:00:00,0.004719342372900762
2018-02-13 19:30:00,0.004661803005782695
2018-02-13 20:00:00,0.004616311583927346
2018-02-13 20:30:00,0.0045824300996546415
2018-02-13 21:00:00,0.004549005705689601
2018-02-13 21:30:00,0.004540457134906315
2018-02-13 22:00:00,0.0045314587274457325
2018-02-13 22:30:00,0.004531983667095941
2018-02-13 23:00:00,0.004535038673019435
2018-02-13 23:30:00,0.004524365458103426
2018-02-14 00:00:00,0.004518672585799908
2018-02-14 00:30:00,0.004541426219923834
2018-02-14 01:00:00,0.00454688798040431
2018-02-14 01:30:00,0.0045355457575795
2018-02-14 02:00:00,0.004536014676884385
2018-02-14 02:30:00,0.004524505285778109
2018-02-14 03:00:00,0.004520857156078923
2018-02-14 03:30:00,0.004542429341206938
2018-02-14 04:00:00,0.004540519627721815
2018-02-14 04:30:00,0.004537155393955905
2018-02-14 05:00:00,0.004590688860006043
2018-02-14 05:30:00,0.004606494185800761
2018-02-14 06:00:00,0.004668734909747833
2018-02-14 06:30:00,0.004849889306510849
2018-02-14 07:00:00,0.004985833833871211
2018-02-14 07:30:00,0.005347922005439662
2018-02-14 08:00:00,0.005912818557530862
2018-02-14 08:30:00,0.006644291160066135
2018-02-14 09:00:00,0.007272284810865399
2018-02-14 09:30:00,0.007959715713270633
2018-02-14 10:00:00,0.008565082612680302
2018-02-14 10:30:00,0.009043851454853667
2018-02-14 11:00:00,0.009301621485449382
2018-02-14 11:30:00,0.009452507152241532
2018-02-14 12:00:00,0.009443100197999613
2018-02-14 12:30:00,0.00930734660850947
2018-02-14 13:00:00,0.009164250671169522
2018-02-14 13:30:00,0.00888922336116751
2018-02-14 14:00:00,0.008507529519461687
2018-02-14 14:30:00,0.00787779321186445
2018-02-14 15:00:00,0.007289558048258511
2018-02-14 15:30:00,0.006641713108238091
2018-02-14 16:00:00,0.006071522075542192
2018-02-14 16:30:00,0.005639333146157027
2018-02-14 17:00:00,0.00518013660742133
2018-02-14 17:30:00,0.004962483393359251
2018-02-14 18:00:00,0.0047338256408646934
2018-02-14 18:30:00,0.004649087391742936
2018-02-14 19:00:00,0.004580008503053977
2018-02-14 19:30:00,0.004500955426228112
2018-02-14 20:00:00,0.00444760787630409
2018-02-14 20:30:00,0.004411513142013828
2018-02-14 21:00:00,0.004375612358640247
2018-02-14 21:30:00,0.004360740742465702
2018-02-14 22:00:00,0.004352598374983171
2018-02-14 22:30:00,0.004343413716613534
2018-02-14 23:00:00,0.004356722008051733
2018-02-14 23:30:00,0.004358725907137361
2018-02-15 00:00:00,0.0043597617255542905
2018-02-15 00:30:00,0.004362938815656638
2018-02-15 01:00:00,0.004355173860142008
2018-02-15 01:30:00,0.0043483273258266165
2018-02-15 02:00:00,0.004358327180655602
2018-02-15 02:30:00,0.004363620880100106
2018-02-15 03:00:00,0.004370327921523754
2018-02-15 03:30:00,0.004384221190352767
2018-02-15 04:00:00,0.004388485655444833
2018-02-15 04:30:00,0.004391211011766557
2018-02-15 05:00:00,0.004427401605572026
2018-02-15 05:30:00,0.0044373308212006315
2018-02-15 06:00:00,0.004512223773617456
2018-02-15 06:30:00,0.004716848909562271
2018-02-15 07:00:00,0.004868591955464234
2018-02-15 07:30:00,0.0051988247491139734
2018-02-15 08:00:00,0.005739955841441699
2018-02-15 08:30:00,0.00647560686985341
2018-02-15 09:00:00,0.007082856253735733
2018-02-15 09:30:00,0.007825967027214938
2018-02-15 10:00:00,0.008479146956575818
2018-02-15 10:30:00,0.009005790317167077
2018-02-15 11:00:00,0.009319417430606432
2018-02-15 11:30:00,0.009499388816053153
2018-02-15 12:00:00,0.009498272984513518
2018-02-15 12:30:00,0.009376457636360686
2018-02-15 13:00:00,0.009243570235215774
2018-02-15 13:30:00,0.008958922714238945
2018-02-15 14:00:00,0.008566504770610203
2018-02-15 14:30:00,0.007920799651549128
2018-02-15 15:00:00,0.007331869032182111
2018-02-15 15:30:00,0.006690235320050927
2018-02-15 16:00:00,0.0061211145884147965
2018-02-15 16:30:00,0.005692185886895457
2018-02-15 17:00:00,0.0052394239878644135
2018-02-15 17:30:00,0.004998857225027312
2018-02-15 18:00:00,0.004764867384644443
2018-02-15 18:30:00,0.004675859425497891
2018-02-15 19:00:00,0.004614298980485273
2018-02-15 19:30:00,0.0045614548325089745
2018-02-15 20:00:00,0.004517795231307999
2018-02-15 20:30:00,0.004481428876458935
2018-02-15 21:00:00,0.004464290668185031
2018-02-15 21:30:00,0.004458614981405776
2018-02-15 22:00:00,0.004445244866717957
2018-02-15 22:30:00,0.0044445017601850625
2018-02-15 23:00:00,0.004443905288579967
2018-02-15 23:30:00,0.0044351056305915425
2018-02-16 00:00:00,0.004437728878116511
2018-02-16 00:30:00,0.004447926924446085
2018-02-16 01:00:00,0.004443268196644797
2018-02-16 01:30:00,0.004446288608331138
2018-02-16 02:00:00,0.0044520993242296
2018-02-16 02:30:00,0.004445663568581814
2018-02-16 03:00:00,0.004452079125658875
2018-02-16 03:30:00,0.004452963845375469
2018-02-16 04:00:00,0.004440339515484067
2018-02-16 04:30:00,0.004459444685125866
2018-02-16 05:00:00,0.0045084110423060115
2018-02-16 05:30:00,0.004551771682341403
2018-02-16 06:00:00,0.004606058410006954
2018-02-16 06:30:00,0.004778517824247509
2018-02-16 07:00:00,0.00492198336195342
2018-02-16 07:30:00,0.0053167032730788676
2018-02-16 08:00:00,0.005865493752700752
2018-02-16 08:30:00,0.006662493531712572
2018-02-16 09:00:00,0.0072456582960951105
2018-02-16 09:30:00,0.007955632142560582
2018-02-16 10:00:00,0.008584454715919742
2018-02-16 10:30:00,0.009051765611965306
2018-02-16 11:00:00,0.00933746502094019
2018-02-16 11:30:00,0.009497219199412132
2018-02-16 12:00:00,0.009476381639649194
2018-02-16 12:30:00,0.009350206636454972
2018-02-16 13:00:00,0.00920310334732102
2018-02-16 13:30:00,0.008917609383477094
2018-02-16 14:00:00,0.008549583948058792
2018-02-16 14:30:00,0.007919251057262149
2018-02-16 15:00:00,0.0073136947823026505
2018-02-16 15:30:00,0.006670327340918565
2018-02-16 16:00:00,0.006097387070717875
2018-02-16 16:30:00,0.005670663249642589
2018-02-16 17:00:00,0.005208013759661834
2018-02-16 17:30:00,0.004976026256044205
2018-02-16 18:00:00,0.004745547842326612
2018-02-16 18:30:00,0.004645943333557354
2018-02-16 19:00:00,0.004578856849739743
2018-02-16 19:30:00,0.004520035040772145
2018-02-16 20:00:00,0.0044784091343384735
2018-02-16 20:30:00,0.004437101048509352
2018-02-16 21:00:00,0.00442209473799854
2018-02-16 21:30:00,0.0044206305090124885
2018-02-16 22:00:00,0.004408985642409752
2018-02-16 22:30:00,0.004409959972360001
2018-02-16 23:00:00,0.0044106527498575555
2018-02-16 23:30:00,0.004403879309817437
2018-02-17 00:00:00,0.004771337288152128
2018-02-17 00:30:00,0.0050692672106864445
2018-02-17 01:00:00,0.005285768213462724
2018-02-17 01:30:00,0.005316889300799297
2018-02-17 02:00:00,0.005396524453563828
2018-02-17 02:30:00,0.005398807115244316
2018-02-17 03:00:00,0.0054232954829699625
2018-02-17 03:30:00,0.005441031167197782
2018-02-17 04:00:00,0.005456770652347597
2018-02-17 04:30:00,0.005482409111067089
2018-02-17 05:00:00,0.005518554285987005
2018-02-17 05:30:00,0.005548446385150162
2018-02-17 06:00:00,0.0056354499988338315
2018-02-17 06:30:00,0.00567989109501151
2018-02-17 07:00:00,0.005629369001508328
2018-02-17 07:30:00,0.0056493774155227435
2018-02-17 08:00:00,0.005671745714482517
2018-02-17 08:30:00,0.005747956037768965
2018-02-17 09:00:00,0.005901550321735833
2018-02-17 09:30:00,0.006125746979958123
2018-02-17 10:00:00,0.006392405943992978
2018-02-17 10:30:00,0.006671994671554996
2018-02-17 11:00:00,0.00689859607563663
2018-02-17 11:30:00,0.007058856892291382
2018-02-17 12:00:00,0.0071077292870596505
2018-02-17 12:30:00,0.007074584102066725
2018-02-17 13:00:00,0.006960630684886861
2018-02-17 13:30:00,0.0068020825061597765
2018-02-17 14:00:00,0.006587480392220221
2018-02-17 14:30:00,0.0063451341464617304
2018-02-17 15:00:00,0.0060912696936462046
2018-02-17 15:30:00,0.005862202501615801
2018-02-17 16:00:00,0.005621844308550436
2018-02-17 16:30:00,0.005428143139943828
2018-02-17 17:00:00,0.005264197144277841
2018-02-17 17:30:00,0.005192873201192007
2018-02-17 18:00:00,0.005144832853624411
2018-02-17 18:30:00,0.005123543336892224
2018-02-17 19:00:00,0.005138186631101562
2018-02-17 19:30:00,0.005132403478998509
2018-02-17 20:00:00,0.005130115349196664
2018-02-17 20:30:00,0.005133304379890544
2018-02-17 21:00:00,0.005151228658508001
2018-02-17 21:30:00,0.005166859227607942
2018-02-17 22:00:00,0.00518379835162675
2018-02-17 22:30:00,0.005202100376995048
2018-02-17 23:00:00,0.005221700021039499
2018-02-17 23:30:00,0.005237012881129206
2018-02-18 00:00:00,0.004848140958402894
2018-02-18 00:30:00,0.0044284629790867225
2018-02-18 01:00:00,0.004326144273427078
2018-02-18 01:30:00,0.00415784911258516
2018-02-18 02:00:00,0.004179570164527244
2018-02-18 02:30:00,0.004188622583635509
2018-02-18 03:00:00,0.0041670742796905596
2018-02-18 03:30:00,0.004187751701613777
2018-02-18 04:00:00,0.004203131295102894
2018-02-18 04:30:00,0.004183910290563791
2018-02-18 05:00:00,0.004203429475108284
2018-02-18 05:30:00,0.004210001375818412
2018-02-18 06:00:00,0.004205675645448293
2018-02-18 06:30:00,0.004265584383028357
2018-02-18 07:00:00,0.00425909037514898
2018-02-18 07:30:00,0.004264343900640661
2018-02-18 08:00:00,0.004315808854497715
2018-02-18 08:30:00,0.004374355583482795
2018-02-18 09:00:00,0.004432721083302924
2018-02-18 09:30:00,0.004577658550002511
2018-02-18 10:00:00,0.004738105394377693
2018-02-18 10:30:00,0.00489549355021704
2018-02-18 11:00:00,0.005119685298289542
2018-02-18 11:30:00,0.005374253799628274
2018-02-18 12:00:00,0.005506363946380394
2018-02-18 12:30:00,0.00562980265701018
2018-02-18 13:00:00,0.005677350873655706
2018-02-18 13:30:00,0.005665574437357478
2018-02-18 14:00:00,0.005592368902553496
2018-02-18 14:30:00,0.005467254268525148
2018-02-18 15:00:00,0.005269809891864341
2018-02-18 15:30:00,0.00504785482861521
2018-02-18 16:00:00,0.004780658761149987
2018-02-18 16:30:00,0.004558421141099339
2018-02-18 17:00:00,0.00435314072334627
2018-02-18 17:30:00,0.00425541222657949
2018-02-18 18:00:00,0.004166383399296333
2018-02-18 18:30:00,0.0041504766342707385
2018-02-18 19:00:00,0.004152876916357545
2018-02-18 19:30:00,0.004125193491845096
2018-02-18 20:00:00,0.0041345767880925765
2018-02-18 20:30:00,0.004123813404971344
2018-02-18 21:00:00,0.0041030782887881015
2018-02-18 21:30:00,0.004119173090231765
2018-02-18 22:00:00,0.004119031142265127
2018-02-18 22:30:00,0.004095454165296976
2018-02-18 23:00:00,0.004106553112518586
2018-02-18 23:30:00,0.004105896603172885
2018-02-19 00:00:00,0.004157053779913596
2018-02-19 00:30:00,0.004251087500558191
2018-02-19 01:00:00,0.004291743764002775
2018-02-19 01:30:00,0.004323522365033869
2018-02-19 02:00:00,0.004340283272934186
2018-02-19 02:30:00,0.004337339749729774
2018-02-19 03:00:00,0.0043145161459713505
2018-02-19 03:30:00,0.004330522787907432
2018-02-19 04:00:00,0.0043345100527250255
2018-02-19 04:30:00,0.004316250656384444
2018-02-19 05:00:00,0.004364057995025673
2018-02-19 05:30:00,0.004389861724923303
2018-02-19 06:00:00,0.004431371461676728
2018-02-19 06:30:00,0.004624251519325379
2018-02-19 07:00:00,0.0047117962538347
2018-02-19 07:30:00,0.005056032236712147
2018-02-19 08:00:00,0.0055674109459570836
2018-02-19 08:30:00,0.006337503662094741
2018-02-19 09:00:00,0.006935739238501235
2018-02-19 09:30:00,0.007692379818130727
2018-02-19 10:00:00,0.008338764658154689
2018-02-19 10:30:00,0.008875561315755853
2018-02-19 11:00:00,0.009213686059248865
2018-02-19 11:30:00,0.009399243967618435
2018-02-19 12:00:00,0.009425300458635905
2018-02-19 12:30:00,0.009319735474399609
2018-02-19 13:00:00,0.009191001278816304
2018-02-19 13:30:00,0.008907803256376162
2018-02-19 14:00:00,0.00854263809480448
2018-02-19 14:30:00,0.007924622984320343
2018-02-19 15:00:00,0.0073323498920785275
2018-02-19 15:30:00,0.0066895465599486545
2018-02-19 16:00:00,0.006112987174570261
2018-02-19 16:30:00,0.005675212503422437
2018-02-19 17:00:00,0.005189267365737598
2018-02-19 17:30:00,0.0049407264080482535
2018-02-19 18:00:00,0.004720704046712805
2018-02-19 18:30:00,0.004600079744666833
2018-02-19 19:00:00,0.004515872238099582
2018-02-19 19:30:00,0.004444725729972045
2018-02-19 20:00:00,0.004383699710126274
2018-02-19 20:30:00,0.004337225923530112
2018-02-19 21:00:00,0.004300104186773679
2018-02-19 21:30:00,0.004283363031066832
2018-02-19 22:00:00,0.004281889316564143
2018-02-19 22:30:00,0.004264271475931268
2018-02-19 23:00:00,0.004266004424023974
2018-02-19 23:30:00,0.004264928878031475
2018-02-20 00:00:00,0.004253028795234006
2018-02-20 00:30:00,0.004249906274750908
2018-02-20 01:00:00,0.004252170746558313
2018-02-20 01:30:00,0.0042598597063455215
2018-02-20 02:00:00,0.00426705653521066
2018-02-20 02:30:00,0.0042693077272947695
2018-02-20 03:00:00,0.004264055987312103
2018-02-20 03:30:00,0.004254485882184
2018-02-20 04:00:00,0.004251689328690329
2018-02-20 04:30:00,0.004245677966216383
2018-02-20 05:00:00,0.004323057797907207
2018-02-20 05:30:00,0.004390749122903418
2018-02-20 06:00:00,0.0044367326756808365
2018-02-20 06:30:00,0.0045855504998457836
2018-02-20 07:00:00,0.0046706427261296295
2018-02-20 07:30:00,0.004995069044464817
2018-02-20 08:00:00,0.005500325354893981
2018-02-20 08:30:00,0.00624598617002857
2018-02-20 09:00:00,0.0068933557182739285
2018-02-20 09:30:00,0.007658684473172764
2018-02-20 10:00:00,0.008354258859003663
2018-02-20 10:30:00,0.008879141707706808
2018-02-20 11:00:00,0.00920919773596413
2018-02-20 11:30:00,0.009402659757957135
2018-02-20 12:00:00,0.009435540352833002
2018-02-20 12:30:00,0.009319595311941984
2018-02-20 13:00:00,0.009189836792156032
2018-02-20 13:30:00,0.008917859243144786
2018-02-20 14:00:00,0.008553202282076303
2018-02-20 14:30:00,0.00791586517419944
2018-02-20 15:00:00,0.007318502042135067
2018-02-20 15:30:00,0.006677993089088587
2018-02-20 16:00:00,0.0060858115041837555
2018-02-20 16:30:00,0.005645396846363955
2018-02-20 17:00:00,0.005163451472059809
2018-02-20 17:30:00,0.004909520062656247
2018-02-20 18:00:00,0.0046842065685455
2018-02-20 18:30:00,0.004570468305201864
2018-02-20 19:00:00,0.004483929816616423
2018-02-20 19:30:00,0.004412597503957085
2018-02-20 20:00:00,0.004352683298255665
2018-02-20 20:30:00,0.004313684321959306
2018-02-20 21:00:00,0.004280765338639631
2018-02-20 21:30:00,0.004264086117776719
2018-02-20 22:00:00,0.00425479522162073
2018-02-20 22:30:00,0.004251949789817792
2018-02-20 23:00:00,0.0042480907468662905
2018-02-20 23:30:00,0.0042374835957838105
2018-02-21 00:00:00,0.00423504537163045
2018-02-21 00:30:00,0.004245225786058508
2018-02-21 01:00:00,0.0042379719324992255
2018-02-21 01:30:00,0.004237752426484778
2018-02-21 02:00:00,0.0042351324151948975
2018-02-21 02:30:00,0.0042289622540129905
2018-02-21 03:00:00,0.004228364108493195
2018-02-21 03:30:00,0.004228735829151113
2018-02-21 04:00:00,0.004222870320444775
2018-02-21 04:30:00,0.004227765851379087
2018-02-21 05:00:00,0.004293800000821385
2018-02-21 05:30:00,0.004327835596840888
2018-02-21 06:00:00,0.004393844749156986
2018-02-21 06:30:00,0.004558838169048495
2018-02-21 07:00:00,0.004641301456497387
2018-02-21 07:30:00,0.00501131472142019
2018-02-21 08:00:00,0.005533047820627768
2018-02-21 08:30:00,0.006270688129270053
2018-02-21 09:00:00,0.006914896322211253
2018-02-21 09:30:00,0.007662702538020855
2018-02-21 10:00:00,0.008316076529892727
2018-02-21 10:30:00,0.008879903562084353
2018-02-21 11:00:00,0.00924629570313181
2018-02-21 11:30:00,0.009439743217864074
2018-02-21 12:00:00,0.009467722478901333
2018-02-21 12:30:00,0.00939228751290435
2018-02-21 13:00:00,0.009268751715221912
2018-02-21 13:30:00,0.008969377539083641
2018-02-21 14:00:00,0.0085854599574948
2018-02-21 14:30:00,0.007948299280227417
2018-02-21 15:00:00,0.007350222502528883
2018-02-21 15:30:00,0.006717474822384692
2018-02-21 16:00:00,0.0061292466892204946
2018-02-21 16:30:00,0.0056871278746408425
2018-02-21 17:00:00,0.005194349817146846
2018-02-21 17:30:00,0.004939666150476691
2018-02-21 18:00:00,0.0047129342926426985
2018-02-21 18:30:00,0.004610970680088276
2018-02-21 19:00:00,0.004535411732809113
2018-02-21 19:30:00,0.004467170582630808
2018-02-21 20:00:00,0.004415598386638581
2018-02-21 20:30:00,0.004382539575644223
2018-02-21 21:00:00,0.0043508373051234905
2018-02-21 21:30:00,0.004341166765113332
2018-02-21 22:00:00,0.004336341203813519
2018-02-21 22:30:00,0.004325338450890055
2018-02-21 23:00:00,0.004326523917281247
2018-02-21 23:30:00,0.004322623361245162
2018-02-22 00:00:00,0.004320454637358649
2018-02-22 00:30:00,0.004332153738797697
2018-02-22 01:00:00,0.004339698853514939
2018-02-22 01:30:00,0.004330858686790751
2018-02-22 02:00:00,0.004332114122816441
2018-02-22 02:30:00,0.004329557608690882
2018-02-22 03:00:00,0.004320286129945422
2018-02-22 03:30:00,0.004327158219358583
2018-02-22 04:00:00,0.004320292490821286
2018-02-22 04:30:00,0.004320837071070652
2018-02-22 05:00:00,0.004375982182194837
2018-02-22 05:30:00,0.004406920031668816
2018-02-22 06:00:00,0.0044644564973347345
2018-02-22 06:30:00,0.004625628816341296
2018-02-22 07:00:00,0.00471676309353527
2018-02-22 07:30:00,0.005048908278933655
2018-02-22 08:00:00,0.005550597030757906
2018-02-22 08:30:00,0.006292184988236527
2018-02-22 09:00:00,0.00693648825953274
2018-02-22 09:30:00,0.0076826803751934
2018-02-22 10:00:00,0.008332384476474976
2018-02-22 10:30:00,0.008909622578467436
2018-02-22 11:00:00,0.009279422028685773
2018-02-22 11:30:00,0.009489354143798388
2018-02-22 12:00:00,0.009535867323187178
2018-02-22 12:30:00,0.009451213774149288
2018-02-22 13:00:00,0.00934325721218263
2018-02-22 13:30:00,0.009098004827314713
2018-02-22 14:00:00,0.008731889998136042
2018-02-22 14:30:00,0.008096455684896874
2018-02-22 15:00:00,0.007491652894741416
2018-02-22 15:30:00,0.0068505913266550065
2018-02-22 16:00:00,0.006261679678321266
2018-02-22 16:30:00,0.00580139766169918
2018-02-22 17:00:00,0.005304211740420405
2018-02-22 17:30:00,0.005024407524239223
2018-02-22 18:00:00,0.004785514564508729
2018-02-22 18:30:00,0.004671328361591126
2018-02-22 19:00:00,0.0045782434157990125
2018-02-22 19:30:00,0.004505851180351051
2018-02-22 20:00:00,0.004461694984455471
2018-02-22 20:30:00,0.00440613875988074
2018-02-22 21:00:00,0.004363773429526516
2018-02-22 21:30:00,0.004341586248137383
2018-02-22 22:00:00,0.004318262701854951
2018-02-22 22:30:00,0.004313956946866929
2018-02-22 23:00:00,0.004299190564129916
2018-02-22 23:30:00,0.0042855996042958895
2018-02-23 00:00:00,0.00428299476983263
2018-02-23 00:30:00,0.004268184418936139
2018-02-23 01:00:00,0.004250404096982963
2018-02-23 01:30:00,0.004256729374260487
2018-02-23 02:00:00,0.004252829822573223
2018-02-23 02:30:00,0.004239797392277736
2018-02-23 03:00:00,0.004239056406036796
2018-02-23 03:30:00,0.004236614387676779
2018-02-23 04:00:00,0.004228605040615815
2018-02-23 04:30:00,0.004232472453140822
2018-02-23 05:00:00,0.00432150038766947
2018-02-23 05:30:00,0.00439355951409195
2018-02-23 06:00:00,0.004424351732986948
2018-02-23 06:30:00,0.004551974337614527
2018-02-23 07:00:00,0.00463489850957774
2018-02-23 07:30:00,0.004979068763404598
2018-02-23 08:00:00,0.005468709011994562
2018-02-23 08:30:00,0.006235619727880082
2018-02-23 09:00:00,0.006928440412433654
2018-02-23 09:30:00,0.007757907440984527
2018-02-23 10:00:00,0.008492978067372271
2018-02-23 10:30:00,0.009095763567124495
2018-02-23 11:00:00,0.00949527009313438
2018-02-23 11:30:00,0.009713162900187318
2018-02-23 12:00:00,0.009755191996875284
2018-02-23 12:30:00,0.009660175353518308
2018-02-23 13:00:00,0.009545957904192954
2018-02-23 13:30:00,0.009275680494546277
2018-02-23 14:00:00,0.008888229948589673
2018-02-23 14:30:00,0.008222024730969363
2018-02-23 15:00:00,0.00759222146678409
2018-02-23 15:30:00,0.006932615602075002
2018-02-23 16:00:00,0.006312815094170865
2018-02-23 16:30:00,0.005837271774031859
2018-02-23 17:00:00,0.005335102608688445
2018-02-23 17:30:00,0.005042326111546696
2018-02-23 18:00:00,0.004800960221831377
2018-02-23 18:30:00,0.00467552865995299
2018-02-23 19:00:00,0.004570758338822377
2018-02-23 19:30:00,0.004499301598503603
2018-02-23 20:00:00,0.004445302449383669
2018-02-23 20:30:00,0.004384856050401669
2018-02-23 21:00:00,0.0043356912785323075
2018-02-23 21:30:00,0.004322629945309652
2018-02-23 22:00:00,0.004294682377057397
2018-02-23 22:30:00,0.004287468697450936
2018-02-23 23:00:00,0.004274701415244076
2018-02-23 23:30:00,0.0042520974290944135
2018-02-24 00:00:00,0.004591699123325205
2018-02-24 00:30:00,0.004861730355916534
2018-02-24 01:00:00,0.005058435197062474
2018-02-24 01:30:00,0.005087029454360851
2018-02-24 02:00:00,0.005156751349483591
2018-02-24 02:30:00,0.005153453291145524
2018-02-24 03:00:00,0.005180662216637419
2018-02-24 03:30:00,0.005197433056431628
2018-02-24 04:00:00,0.005214634203898287
2018-02-24 04:30:00,0.005235551665189617
2018-02-24 05:00:00,0.005349091290655411
2018-02-24 05:30:00,0.005447679844795524
2018-02-24 06:00:00,0.005463727553438936
2018-02-24 06:30:00,0.0053959033196154735
2018-02-24 07:00:00,0.0053168412036502235
2018-02-24 07:30:00,0.00536911722497703
2018-02-24 08:00:00,0.005452529064089778
2018-02-24 08:30:00,0.005600881874750809
2018-02-24 09:00:00,0.005825480718878576
2018-02-24 09:30:00,0.0061063088128851545
2018-02-24 10:00:00,0.006415679272834383
2018-02-24 10:30:00,0.006745875017172075
2018-02-24 11:00:00,0.0070175539398006775
2018-02-24 11:30:00,0.007197333271434044
2018-02-24 12:00:00,0.007258283741929647
2018-02-24 12:30:00,0.007231881196946342
2018-02-24 13:00:00,0.007118981453273552
2018-02-24 13:30:00,0.006947685521344451
2018-02-24 14:00:00,0.006724627459901725
2018-02-24 14:30:00,0.006474116416203711
2018-02-24 15:00:00,0.006206246095896956
2018-02-24 15:30:00,0.00596811632967577
2018-02-24 16:00:00,0.005713783961904181
2018-02-24 16:30:00,0.005528867944025256
2018-02-24 17:00:00,0.005358518220279428
2018-02-24 17:30:00,0.0052539684095120835
2018-02-24 18:00:00,0.00520351037114479
2018-02-24 18:30:00,0.005183346059874562
2018-02-24 19:00:00,0.0051760233526239145
2018-02-24 19:30:00,0.005161886138625822
2018-02-24 20:00:00,0.005155846096413333
2018-02-24 20:30:00,0.005154766198242613
2018-02-24 21:00:00,0.005174215413152608
2018-02-24 21:30:00,0.005197208417078765
2018-02-24 22:00:00,0.005214049226507473
2018-02-24 22:30:00,0.005230515748609053
2018-02-24 23:00:00,0.005250974780460957
2018-02-24 23:30:00,0.005264330053105094
2018-02-25 00:00:00,0.004855041615960284
2018-02-25 00:30:00,0.004421401290935106
2018-02-25 01:00:00,0.00430684191663351
2018-02-25 01:30:00,0.004153578175022918
2018-02-25 02:00:00,0.00416708119853799
2018-02-25 02:30:00,0.004167396117690391
2018-02-25 03:00:00,0.0041490674212811916
2018-02-25 03:30:00,0.004174608569759403
2018-02-25 04:00:00,0.004181394396768307
2018-02-25 04:30:00,0.004148087511615273
2018-02-25 05:00:00,0.0041511294610040985
2018-02-25 05:30:00,0.00416906311354388
2018-02-25 06:00:00,0.004168812137933055
2018-02-25 06:30:00,0.004192567331019698
2018-02-25 07:00:00,0.004231076073497314
2018-02-25 07:30:00,0.004241001941296519
2018-02-25 08:00:00,0.00430222258162485
2018-02-25 08:30:00,0.004392187238820134
2018-02-25 09:00:00,0.004446166300963658
2018-02-25 09:30:00,0.004605344652778482
2018-02-25 10:00:00,0.0047818462362388195
2018-02-25 10:30:00,0.004944833748347059
2018-02-25 11:00:00,0.005177394400358283
2018-02-25 11:30:00,0.0054492331260436655
2018-02-25 12:00:00,0.005574233375900782
2018-02-25 12:30:00,0.0056932297401029505
2018-02-25 13:00:00,0.005737085189323934
2018-02-25 13:30:00,0.005738254920916937
2018-02-25 14:00:00,0.00567180564062881
2018-02-25 14:30:00,0.005548057590562296
2018-02-25 15:00:00,0.005351411671213827
2018-02-25 15:30:00,0.005135132183149637
2018-02-25 16:00:00,0.004868639159858799
2018-02-25 16:30:00,0.004639491619922753
2018-02-25 17:00:00,0.004431703231570451
2018-02-25 17:30:00,0.004292424824097422
2018-02-25 18:00:00,0.004222363012696083
2018-02-25 18:30:00,0.004190974210601675
2018-02-25 19:00:00,0.004196985238292681
2018-02-25 19:30:00,0.004171310734609962
2018-02-25 20:00:00,0.004161187568064675
2018-02-25 20:30:00,0.004161747994706543
2018-02-25 21:00:00,0.004138092455341763
2018-02-25 21:30:00,0.004150809073730341
2018-02-25 22:00:00,0.0041469500307788395
2018-02-25 22:30:00,0.004126750902082832
2018-02-25 23:00:00,0.004138727538579292
2018-02-25 23:30:00,0.004135523107870163
2018-02-26 00:00:00,0.004187853029250339
2018-02-26 00:30:00,0.00427318049634682
2018-02-26 01:00:00,0.004314541812663431
2018-02-26 01:30:00,0.0043385890480682286
2018-02-26 02:00:00,0.004351735527752004
2018-02-26 02:30:00,0.004357230543337871
2018-02-26 03:00:00,0.004340416962921633
2018-02-26 03:30:00,0.0043571796563309645
2018-02-26 04:00:00,0.004362474025341349
2018-02-26 04:30:00,0.004353942193705071
2018-02-26 05:00:00,0.0044473462992334935
2018-02-26 05:30:00,0.004493981116423884
2018-02-26 06:00:00,0.0045251242994345095
2018-02-26 06:30:00,0.004694277732140747
2018-02-26 07:00:00,0.004799404820291281
2018-02-26 07:30:00,0.0051183325520225715
2018-02-26 08:00:00,0.005649114610914699
2018-02-26 08:30:00,0.006430741826879145
2018-02-26 09:00:00,0.007092810578084854
2018-02-26 09:30:00,0.007865943346508008
2018-02-26 10:00:00,0.008492856206382043
2018-02-26 10:30:00,0.009030879843458982
2018-02-26 11:00:00,0.009358432476483922
2018-02-26 11:30:00,0.009541491564987957
2018-02-26 12:00:00,0.009573684850487627
2018-02-26 12:30:00,0.009464006946236857
2018-02-26 13:00:00,0.009345982233721415
2018-02-26 13:30:00,0.009092375675364143
2018-02-26 14:00:00,0.008724597309755697
2018-02-26 14:30:00,0.008075697133907819
2018-02-26 15:00:00,0.007468722606819386
2018-02-26 15:30:00,0.006818473813694131
2018-02-26 16:00:00,0.006230913684089914
2018-02-26 16:30:00,0.005792875761956793
2018-02-26 17:00:00,0.005314634984074411
2018-02-26 17:30:00,0.0050398707018690725
2018-02-26 18:00:00,0.004807347545547149
2018-02-26 18:30:00,0.004692366009957982
2018-02-26 19:00:00,0.004612758532583172
2018-02-26 19:30:00,0.004551954027449489
2018-02-26 20:00:00,0.004494725338899913
2018-02-26 20:30:00,0.0044445169370116834
2018-02-26 21:00:00,0.004396497234392064
2018-02-26 21:30:00,0.004393553264810399
2018-02-26 22:00:00,0.00436990274718972
2018-02-26 22:30:00,0.004359932130070845
2018-02-26 23:00:00,0.004365025629317119
2018-02-26 23:30:00,0.004339671178125217
2018-02-27 00:00:00,0.004329689066792061
2018-02-27 00:30:00,0.004346840331600632
2018-02-27 01:00:00,0.004332690953822378
2018-02-27 01:30:00,0.004331697318055911
2018-02-27 02:00:00,0.0043444781031746925
2018-02-27 02:30:00,0.00433250660001665
2018-02-27 03:00:00,0.00433085701287605
2018-02-27 03:30:00,0.004338127605582342
2018-02-27 04:00:00,0.0043217137559966815
2018-02-27 04:30:00,0.004312264730698612
2018-02-27 05:00:00,0.004396534283704112
2018-02-27 05:30:00,0.004438382932387318
2018-02-27 06:00:00,0.004468648649311721
2018-02-27 06:30:00,0.004572773508933658
2018-02-27 07:00:00,0.004675642151369711
2018-02-27 07:30:00,0.0050284907601663344
2018-02-27 08:00:00,0.005545697705616937
2018-02-27 08:30:00,0.006288380180121334
2018-02-27 09:00:00,0.006967949374742226
2018-02-27 09:30:00,0.007762829084988173
2018-02-27 10:00:00,0.008437619141543624
2018-02-27 10:30:00,0.009002383677562079
2018-02-27 11:00:00,0.00933209945475786
2018-02-27 11:30:00,0.00952292361037084
2018-02-27 12:00:00,0.009540155892650936
2018-02-27 12:30:00,0.009444824664924502
2018-02-27 13:00:00,0.009328657997727082
2018-02-27 13:30:00,0.009077432527234714
2018-02-27 14:00:00,0.008711189141407012
2018-02-27 14:30:00,0.008068999243217866
2018-02-27 15:00:00,0.007461470985146371
2018-02-27 15:30:00,0.006814057580335849
2018-02-27 16:00:00,0.006229624546581579
2018-02-27 16:30:00,0.005777629858455122
2018-02-27 17:00:00,0.005294235989963114
2018-02-27 17:30:00,0.005012566251644911
2018-02-27 18:00:00,0.004794647108334012
2018-02-27 18:30:00,0.004686217609667188
2018-02-27 19:00:00,0.004590856586259075
2018-02-27 19:30:00,0.004530430720630741
2018-02-27 20:00:00,0.004486588104755798
2018-02-27 20:30:00,0.004424342693847563
2018-02-27 21:00:00,0.004388369708953215
2018-02-27 21:30:00,0.0043844720543692785
2018-02-27 22:00:00,0.004363043267933976
2018-02-27 22:30:00,0.00435075316301119
2018-02-27 23:00:00,0.0043559786783302105
2018-02-27 23:30:00,0.004352525950273778
2018-02-28 00:00:00,0.004353193395862192
2018-02-28 00:30:00,0.004352866982495512
2018-02-28 01:00:00,0.0043370604291633474
2018-02-28 01:30:00,0.0043271896889549594
2018-02-28 02:00:00,0.004329363880962828
2018-02-28 02:30:00,0.0043171270065275325
2018-02-28 03:00:00,0.004315584438333478
2018-02-28 03:30:00,0.004316548501606895
2018-02-28 04:00:00,0.004304679218839921
2018-02-28 04:30:00,0.004303180953588283
2018-02-28 05:00:00,0.00436904637242873
2018-02-28 05:30:00,0.004402749975365883
2018-02-28 06:00:00,0.004447797475042548
2018-02-28 06:30:00,0.004546423748060588
2018-02-28 07:00:00,0.004686039951520263
2018-02-28 07:30:00,0.005056375947197402
2018-02-28 08:00:00,0.005568152936546845
2018-02-28 08:30:00,0.006312624156300647
2018-02-28 09:00:00,0.00697404220106495
2018-02-28 09:30:00,0.007710362348979776
2018-02-28 10:00:00,0.008340732512277092
2018-02-28 10:30:00,0.008859961211903467
2018-02-28 11:00:00,0.009185196477416453
2018-02-28 11:30:00,0.0093651372860213
2018-02-28 12:00:00,0.00937940517696038
2018-02-28 12:30:00,0.0092689590574562
2018-02-28 13:00:00,0.009138201210593796
2018-02-28 13:30:00,0.008873450062940737
2018-02-28 14:00:00,0.008491347674453576
2018-02-28 14:30:00,0.007862541617052798
2018-02-28 15:00:00,0.007262102834116954
2018-02-28 15:30:00,0.006629623761485102
2018-02-28 16:00:00,0.006053993956737286
2018-02-28 16:30:00,0.005614992752490943
2018-02-28 17:00:00,0.00513942488160299
2018-02-28 17:30:00,0.004857770208517097
2018-02-28 18:00:00,0.004642217087838791
2018-02-28 18:30:00,0.004550408223020346
2018-02-28 19:00:00,0.004484733518861491
2018-02-28 19:30:00,0.004433378039025879
2018-02-28 20:00:00,0.004393100861463897
2018-02-28 20:30:00,0.004364325263406254
2018-02-28 21:00:00,0.0043322337519204005
2018-02-28 21:30:00,0.004321973324369638
2018-02-28 22:00:00,0.004311572511172625
2018-02-28 22:30:00,0.004306593284503267
2018-02-28 23:00:00,0.004311755525846592
2018-02-28 23:30:00,0.004309929061719261
2018-03-01 00:00:00,0.004312082385590525
2018-03-01 00:30:00,0.004310047909663026
2018-03-01 01:00:00,0.004307248901094461
2018-03-01 01:30:00,0.004318177443799517
2018-03-01 02:00:00,0.0043283074175979215
2018-03-01 02:30:00,0.004335499782690522
2018-03-01 03:00:00,0.004348629300038662
2018-03-01 03:30:00,0.004363759703425969
2018-03-01 04:00:00,0.004367469321591835
2018-03-01 04:30:00,0.004368876079506489
2018-03-01 05:00:00,0.004416562784694938
2018-03-01 05:30:00,0.004476604096319316
2018-03-01 06:00:00,0.004527703690394315
2018-03-01 06:30:00,0.004626676240566819
2018-03-01 07:00:00,0.004749440809949386
2018-03-01 07:30:00,0.005125112352938553
2018-03-01 08:00:00,0.005615875128726955
2018-03-01 08:30:00,0.006354809261838737
2018-03-01 09:00:00,0.006958401030505235
2018-03-01 09:30:00,0.007714718656191765
2018-03-01 10:00:00,0.008373723697117535
2018-03-01 10:30:00,0.008927974709682448
2018-03-01 11:00:00,0.00928786302255095
2018-03-01 11:30:00,0.009490539721783892
2018-03-01 12:00:00,0.009522957423447798
2018-03-01 12:30:00,0.009434289380579847
2018-03-01 13:00:00,0.00931641900299983
2018-03-01 13:30:00,0.009055819610182309
2018-03-01 14:00:00,0.008687236872762915
2018-03-01 14:30:00,0.008060483034785466
2018-03-01 15:00:00,0.007462150706109259
2018-03-01 15:30:00,0.0068213590846669505
2018-03-01 16:00:00,0.006228637160096662
2018-03-01 16:30:00,0.00578037597131914
2018-03-01 17:00:00,0.005307629985833999
2018-03-01 17:30:00,0.005022974206877981
2018-03-01 18:00:00,0.004799153398303203
2018-03-01 18:30:00,0.004690144167178292
2018-03-01 19:00:00,0.004584630516326158
2018-03-01 19:30:00,0.004525381189543943
2018-03-01 20:00:00,0.004468864807496766
2018-03-01 20:30:00,0.004414075347449371
2018-03-01 21:00:00,0.004367647872493267
2018-03-01 21:30:00,0.004361469118549229
2018-03-01 22:00:00,0.00433312985425696
2018-03-01 22:30:00,0.004318027795825255
2018-03-01 23:00:00,0.004331758918116905
2018-03-01 23:30:00,0.004314295747202396
2018-03-02 00:00:00,0.004307262069223441
2018-03-02 00:30:00,0.004329591979739407
2018-03-02 01:00:00,0.004321360448400474
2018-03-02 01:30:00,0.0043152370452358806
2018-03-02 02:00:00,0.004335787919207707
2018-03-02 02:30:00,0.004308519402352459
2018-03-02 03:00:00,0.004301201493657288
2018-03-02 03:30:00,0.004318663325440038
2018-03-02 04:00:00,0.004299302604820565
2018-03-02 04:30:00,0.0042930500870353725
2018-03-02 05:00:00,0.004368810908427467
2018-03-02 05:30:00,0.004395350268038993
2018-03-02 06:00:00,0.004459944850838501
2018-03-02 06:30:00,0.0046146661257763415
2018-03-02 07:00:00,0.004714130025710722
2018-03-02 07:30:00,0.005070769604927677
2018-03-02 08:00:00,0.005552456526802
2018-03-02 08:30:00,0.006320508852513548
2018-03-02 09:00:00,0.0069788351768252516
2018-03-02 09:30:00,0.007781184787221214
2018-03-02 10:00:00,0.008463298778564759
2018-03-02 10:30:00,0.009031626074632652
2018-03-02 11:00:00,0.009385151502940014
2018-03-02 11:30:00,0.009576957130539299
2018-03-02 12:00:00,0.009613559618955506
2018-03-02 12:30:00,0.0095008788233256
2018-03-02 13:00:00,0.009386898177133268
2018-03-02 13:30:00,0.0091256135952315
2018-03-02 14:00:00,0.008749539419959606
2018-03-02 14:30:00,0.008110978010870493
2018-03-02 15:00:00,0.007507947226817429
2018-03-02 15:30:00,0.006867657779785397
2018-03-02 16:00:00,0.0062799895152915
2018-03-02 16:30:00,0.005836140765665604
2018-03-02 17:00:00,0.0053538048112645766
2018-03-02 17:30:00,0.00505891170478067
2018-03-02 18:00:00,0.004823101537957706
2018-03-02 18:30:00,0.004700610932614522
2018-03-02 19:00:00,0.004607267645986899
2018-03-02 19:30:00,0.004535635925784723
2018-03-02 20:00:00,0.004482891766313226
2018-03-02 20:30:00,0.004434497999555108
2018-03-02 21:00:00,0.004391397597458554
2018-03-02 21:30:00,0.004378456451311424
2018-03-02 22:00:00,0.004352599490926305
2018-03-02 22:30:00,0.004350089846412372
2018-03-02 23:00:00,0.004355903352168669
2018-03-02 23:30:00,0.004344770033898533
2018-03-03 00:00:00,0.004680677509978707
2018-03-03 00:30:00,0.004952662758997577
2018-03-03 01:00:00,0.005159029212608603
2018-03-03 01:30:00,0.005180752496436956
2018-03-03 02:00:00,0.00525011126366391
2018-03-03 02:30:00,0.005260717521991882
2018-03-03 03:00:00,0.005286922433446166
2018-03-03 03:30:00,0.005305908755144199
2018-03-03 04:00:00,0.005327256970485231
2018-03-03 04:30:00,0.005352214257515761
2018-03-03 05:00:00,0.005443675729236609
2018-03-03 05:30:00,0.0055273636526806955
2018-03-03 06:00:00,0.0055204317487155576
2018-03-03 06:30:00,0.005512613897496379
2018-03-03 07:00:00,0.005471462490083263
2018-03-03 07:30:00,0.005509906061481856
2018-03-03 08:00:00,0.005592423025795492
2018-03-03 08:30:00,0.005730978636900664
2018-03-03 09:00:00,0.00594325043838791
2018-03-03 09:30:00,0.006211495269210416
2018-03-03 10:00:00,0.006501218657532001
2018-03-03 10:30:00,0.006813305657852195
2018-03-03 11:00:00,0.00705687520047412
2018-03-03 11:30:00,0.007238348533784817
2018-03-03 12:00:00,0.0073039428900380276
2018-03-03 12:30:00,0.007278925342078264
2018-03-03 13:00:00,0.007171419732732033
2018-03-03 13:30:00,0.0070147688805212854
2018-03-03 14:00:00,0.006799010761089275
2018-03-03 14:30:00,0.006548914625048462
2018-03-03 15:00:00,0.006284180551325352
2018-03-03 15:30:00,0.006048480304901082
2018-03-03 16:00:00,0.005786348833754964
2018-03-03 16:30:00,0.005585644452416957
2018-03-03 17:00:00,0.005405549420470997
2018-03-03 17:30:00,0.005280102458577362
2018-03-03 18:00:00,0.0052295385172066566
2018-03-03 18:30:00,0.0051922036353116395
2018-03-03 19:00:00,0.005182510553250176
2018-03-03 19:30:00,0.00517551727241267
2018-03-03 20:00:00,0.005176881066516667
2018-03-03 20:30:00,0.005165832894707652
2018-03-03 21:00:00,0.00517425000738976
2018-03-03 21:30:00,0.005194496005697394
2018-03-03 22:00:00,0.00519384697317069
2018-03-03 22:30:00,0.0052076345621849185
2018-03-03 23:00:00,0.005224934247430304
2018-03-03 23:30:00,0.005231326704484493
2018-03-04 00:00:00,0.004822249961752191
2018-03-04 00:30:00,0.004391712516610954
2018-03-04 01:00:00,0.004278156598375403
2018-03-04 01:30:00,0.004117663442360163
2018-03-04 02:00:00,0.004136358837683176
2018-03-04 02:30:00,0.004133748423504247
2018-03-04 03:00:00,0.004115939756595468
2018-03-04 03:30:00,0.004136506030582543
2018-03-04 04:00:00,0.004131412642930583
2018-03-04 04:30:00,0.0041146671350455145
2018-03-04 05:00:00,0.004142056173759229
2018-03-04 05:30:00,0.004149357678090331
2018-03-04 06:00:00,0.004152594136367403
2018-03-04 06:30:00,0.0041530921817880834
2018-03-04 07:00:00,0.004204112878683514
2018-03-04 07:30:00,0.004243649070004555
2018-03-04 08:00:00,0.004287569578710246
2018-03-04 08:30:00,0.0043986429698500175
2018-03-04 09:00:00,0.004467672757041083
2018-03-04 09:30:00,0.004628011131743647
2018-03-04 10:00:00,0.004811848032612044
2018-03-04 10:30:00,0.004987745109676723
2018-03-04 11:00:00,0.005232112216856478
2018-03-04 11:30:00,0.005494835249457901
2018-03-04 12:00:00,0.005627369231412294
2018-03-04 12:30:00,0.005747225541393484
2018-03-04 13:00:00,0.0057951695830686205
2018-03-04 13:30:00,0.00579375958891888
2018-03-04 14:00:00,0.005728884904392752
2018-03-04 14:30:00,0.00559447558000176
2018-03-04 15:00:00,0.005408122227366313
2018-03-04 15:30:00,0.005187568677099104
2018-03-04 16:00:00,0.004900447779760198
2018-03-04 16:30:00,0.004681726161741677
2018-03-04 17:00:00,0.004473549201990135
2018-03-04 17:30:00,0.004319202772350988
2018-03-04 18:00:00,0.004238402351765989
2018-03-04 18:30:00,0.004196884357033372
2018-03-04 19:00:00,0.004180484903114141
2018-03-04 19:30:00,0.004167428480041275
2018-03-04 20:00:00,0.004164885134044696
2018-03-04 20:30:00,0.004149800372731567
2018-03-04 21:00:00,0.004135182968402935
2018-03-04 21:30:00,0.0041507337475688005
2018-03-04 22:00:00,0.0041302154591364845
2018-03-04 22:30:00,0.0041091044933057284
2018-03-04 23:00:00,0.004115960178354819
2018-03-04 23:30:00,0.004113718137004406
2018-03-05 00:00:00,0.004169889357840254
2018-03-05 00:30:00,0.004256693775674515
2018-03-05 01:00:00,0.0042739801811966065
2018-03-05 01:30:00,0.004279593040377419
2018-03-05 02:00:00,0.00427669103025759
2018-03-05 02:30:00,0.00427502336483822
2018-03-05 03:00:00,0.004257971865345824
2018-03-05 03:30:00,0.004266246918466981
2018-03-05 04:00:00,0.00426023968498263
2018-03-05 04:30:00,0.004238769273868431
2018-03-05 05:00:00,0.004321030687204393
2018-03-05 05:30:00,0.0043697505325462505
2018-03-05 06:00:00,0.004396195594962959
2018-03-05 06:30:00,0.00449991525563296
2018-03-05 07:00:00,0.004611968333250024
2018-03-05 07:30:00,0.004945594821564411
2018-03-05 08:00:00,0.005420482301923596
2018-03-05 08:30:00,0.0061888669555004334
2018-03-05 09:00:00,0.006856674555866776
2018-03-05 09:30:00,0.007648763627117663
2018-03-05 10:00:00,0.00833818180105583
2018-03-05 10:30:00,0.008897609450630495
2018-03-05 11:00:00,0.00925286671108743
2018-03-05 11:30:00,0.009455375349284402
2018-03-05 12:00:00,0.009497010294857458
2018-03-05 12:30:00,0.009418952192929821
2018-03-05 13:00:00,0.009306462000387188
2018-03-05 13:30:00,0.009023322788150205
2018-03-05 14:00:00,0.008653225492709419
2018-03-05 14:30:00,0.008001536686564118
2018-03-05 15:00:00,0.007415089933424639
2018-03-05 15:30:00,0.006773619260585325
2018-03-05 16:00:00,0.006176477643233041
2018-03-05 16:30:00,0.005734130506688183
2018-03-05 17:00:00,0.005243411475870632
2018-03-05 17:30:00,0.0049376618050138085
2018-03-05 18:00:00,0.004715017423690838
2018-03-05 18:30:00,0.004584793220835088
2018-03-05 19:00:00,0.004494011693265755
2018-03-05 19:30:00,0.004435519199116982
2018-03-05 20:00:00,0.004376943901987672
2018-03-05 20:30:00,0.00433708944368483
2018-03-05 21:00:00,0.004287278540740912
2018-03-05 21:30:00,0.00426784617657224
2018-03-05 22:00:00,0.004248474184927114
2018-03-05 22:30:00,0.0042368919227341924
2018-03-05 23:00:00,0.004238618733139661
2018-03-05 23:30:00,0.004242218207718208
2018-03-06 00:00:00,0.004234108537369502
2018-03-06 00:30:00,0.0042365670716879005
2018-03-06 01:00:00,0.004235553572133649
2018-03-06 01:30:00,0.0042266405343228146
2018-03-06 02:00:00,0.004230331181455404
2018-03-06 02:30:00,0.0042230023365175205
2018-03-06 03:00:00,0.0042142795670110245
2018-03-06 03:30:00,0.004219276425581898
2018-03-06 04:00:00,0.00421296811064001
2018-03-06 04:30:00,0.0042107241721862695
2018-03-06 05:00:00,0.004291166151836644
2018-03-06 05:30:00,0.004354533308783121
2018-03-06 06:00:00,0.00439711312340769
2018-03-06 06:30:00,0.004470388404657544
2018-03-06 07:00:00,0.004583441144133998
2018-03-06 07:30:00,0.004941474982702506
2018-03-06 08:00:00,0.005453707500039226
2018-03-06 08:30:00,0.006196466416648299
2018-03-06 09:00:00,0.006905615581137784
2018-03-06 09:30:00,0.007672566470976125
2018-03-06 10:00:00,0.008353491536504762
2018-03-06 10:30:00,0.008904662546019982
2018-03-06 11:00:00,0.009260805307353702
2018-03-06 11:30:00,0.00948446564330582
2018-03-06 12:00:00,0.009534487905879307
2018-03-06 12:30:00,0.009438065508956497
2018-03-06 13:00:00,0.009310682832102717
2018-03-06 13:30:00,0.009016943722413625
2018-03-06 14:00:00,0.008643996977774617
2018-03-06 14:30:00,0.008019552472518558
2018-03-06 15:00:00,0.0074247046762781
2018-03-06 15:30:00,0.006793007098622952
2018-03-06 16:00:00,0.00619559073607109
2018-03-06 16:30:00,0.005747979360980464
2018-03-06 17:00:00,0.005251551165089642
2018-03-06 17:30:00,0.004948248199553996
2018-03-06 18:00:00,0.0047210329151543785
2018-03-06 18:30:00,0.004596719974673459
2018-03-06 19:00:00,0.004513401986378276
2018-03-06 19:30:00,0.0044585837349980255
2018-03-06 20:00:00,0.0044024281373660525
2018-03-06 20:30:00,0.004348900027842958
2018-03-06 21:00:00,0.004308394639910083
2018-03-06 21:30:00,0.0043011555168001704
2018-03-06 22:00:00,0.004293145611767639
2018-03-06 22:30:00,0.004288882485807334
2018-03-06 23:00:00,0.004303422220493843
2018-03-06 23:30:00,0.004281938752844976
2018-03-07 00:00:00,0.004282107818229769
2018-03-07 00:30:00,0.0043059050823725615
2018-03-07 01:00:00,0.004302790150302776
2018-03-07 01:30:00,0.00432207956215599
2018-03-07 02:00:00,0.0043387723975251355
2018-03-07 02:30:00,0.00432392310021327
2018-03-07 03:00:00,0.004313203573657202
2018-03-07 03:30:00,0.0043259053500021
2018-03-07 04:00:00,0.004315260703230319
2018-03-07 04:30:00,0.004308547747308062
2018-03-07 05:00:00,0.004389545801422082
2018-03-07 05:30:00,0.00445148823376945
2018-03-07 06:00:00,0.004497917940611822
2018-03-07 06:30:00,0.004527829345591197
2018-03-07 07:00:00,0.004639117555784254
2018-03-07 07:30:00,0.005001569190031431
2018-03-07 08:00:00,0.005520101317953595
2018-03-07 08:30:00,0.006238100134683906
2018-03-07 09:00:00,0.006932357372833807
2018-03-07 09:30:00,0.007697838230781802
2018-03-07 10:00:00,0.008376441911403201
2018-03-07 10:30:00,0.008940202768166986
2018-03-07 11:00:00,0.00932140157749859
2018-03-07 11:30:00,0.009524464616244507
2018-03-07 12:00:00,0.009575829916379699
2018-03-07 12:30:00,0.009489384385857318
2018-03-07 13:00:00,0.009369746465947442
2018-03-07 13:30:00,0.009089677101677634
2018-03-07 14:00:00,0.00873279268453709
2018-03-07 14:30:00,0.00810283396947326
2018-03-07 15:00:00,0.0074954314781929595
2018-03-07 15:30:00,0.00685183080469388
2018-03-07 16:00:00,0.006268961988430463
2018-03-07 16:30:00,0.005822838723508955
2018-03-07 17:00:00,0.005317278541764418
2018-03-07 17:30:00,0.0050017269843905705
2018-03-07 18:00:00,0.004777248773715584
2018-03-07 18:30:00,0.004654877797476359
2018-03-07 19:00:00,0.004551401300815245
2018-03-07 19:30:00,0.004495086234909431
2018-03-07 20:00:00,0.00443492440142659
2018-03-07 20:30:00,0.004369000730354551
2018-03-07 21:00:00,0.00433911934424548
2018-03-07 21:30:00,0.004348723374044855
2018-03-07 22:00:00,0.004318854263310256
2018-03-07 22:30:00,0.004312129032013524
2018-03-07 23:00:00,0.004332970385983119
2018-03-07 23:30:00,0.004304990343785666
2018-03-08 00:00:00,0.004305590609597416
2018-03-08 00:30:00,0.004324997976639888
2018-03-08 01:00:00,0.004314651175090558
2018-03-08 01:30:00,0.004313961410639465
2018-03-08 02:00:00,0.00432555818009313
2018-03-08 02:30:00,0.004304681115943249
2018-03-08 03:00:00,0.004305022259759296
2018-03-08 03:30:00,0.004320811292784259
2018-03-08 04:00:00,0.004297169925897279
2018-03-08 04:30:00,0.004300204956438674
2018-03-08 05:00:00,0.0043889468747420925
2018-03-08 05:30:00,0.00443475053748632
2018-03-08 06:00:00,0.00449970322643751
2018-03-08 06:30:00,0.004598630134535837
2018-03-08 07:00:00,0.004700590845638111
2018-03-08 07:30:00,0.005057099524725453
2018-03-08 08:00:00,0.005562968264746528
2018-03-08 08:30:00,0.006380703941101783
2018-03-08 09:00:00,0.00707538836228336
2018-03-08 09:30:00,0.007888295017915086
2018-03-08 10:00:00,0.008603038405335047
2018-03-08 10:30:00,0.009204312248518025
2018-03-08 11:00:00,0.0095828972958413
2018-03-08 11:30:00,0.00977587008836438
2018-03-08 12:00:00,0.009793366737572909
2018-03-08 12:30:00,0.009728049804782798
2018-03-08 13:00:00,0.009614792401335578
2018-03-08 13:30:00,0.009373216044745197
2018-03-08 14:00:00,0.009017595544798163
2018-03-08 14:30:00,0.0084119595914989
2018-03-08 15:00:00,0.007808489572228315
2018-03-08 15:30:00,0.007150720438323391
2018-03-08 16:00:00,0.006543241728127041
2018-03-08 16:30:00,0.006044389703749285
2018-03-08 17:00:00,0.0055216990137384675
2018-03-08 17:30:00,0.005186560310883269
2018-03-08 18:00:00,0.004956842858788716
2018-03-08 18:30:00,0.004835610814111997
2018-03-08 19:00:00,0.004739829972896894
2018-03-08 19:30:00,0.004680494606899054
2018-03-08 20:00:00,0.004587236466732552
2018-03-08 20:30:00,0.004527859476055813
2018-03-08 21:00:00,0.0044902871214618926
2018-03-08 21:30:00,0.004467457045233291
2018-03-08 22:00:00,0.004446234261900515
2018-03-08 22:30:00,0.0044315549227279495
2018-03-08 23:00:00,0.004421875566767033
2018-03-08 23:30:00,0.004405015005144855
2018-03-09 00:00:00,0.004405960097384995
2018-03-09 00:30:00,0.0043942203756158725
2018-03-09 01:00:00,0.004383635989773326
2018-03-09 01:30:00,0.004383643578186636
2018-03-09 02:00:00,0.004372755655811656
2018-03-09 02:30:00,0.004355507527139058
2018-03-09 03:00:00,0.004361180982032045
2018-03-09 03:30:00,0.004358386325641702
2018-03-09 04:00:00,0.004351880153982164
2018-03-09 04:30:00,0.004363131873818811
2018-03-09 05:00:00,0.004416628290556901
2018-03-09 05:30:00,0.004448792784723715
2018-03-09 06:00:00,0.004497686047628588
2018-03-09 06:30:00,0.004549273866824689
2018-03-09 07:00:00,0.004676019228554672
2018-03-09 07:30:00,0.005053422603693411
2018-03-09 08:00:00,0.005554742647906204
2018-03-09 08:30:00,0.006373148224924768
2018-03-09 09:00:00,0.00704565628936561
2018-03-09 09:30:00,0.007857012565201344
2018-03-09 10:00:00,0.008550012247033601
2018-03-09 10:30:00,0.009124331264976283
2018-03-09 11:00:00,0.009467309803130399
2018-03-09 11:30:00,0.009659644945746743
2018-03-09 12:00:00,0.009675749344301359
2018-03-09 12:30:00,0.009568841992069237
2018-03-09 13:00:00,0.00943641313195806
2018-03-09 13:30:00,0.009179713402422117
2018-03-09 14:00:00,0.008804395948189351
2018-03-09 14:30:00,0.008166498748453562
2018-03-09 15:00:00,0.007560458377362557
2018-03-09 15:30:00,0.006912502958971876
2018-03-09 16:00:00,0.00632401938642432
2018-03-09 16:30:00,0.00587104958718742
2018-03-09 17:00:00,0.005388752356013141
2018-03-09 17:30:00,0.00507953366433013
2018-03-09 18:00:00,0.00485180125188224
2018-03-09 18:30:00,0.004731399357302865
2018-03-09 19:00:00,0.004637216323466948
2018-03-09 19:30:00,0.004585102671866131
2018-03-09 20:00:00,0.004525927890085265
2018-03-09 20:30:00,0.004468726988519724
2018-03-09 21:00:00,0.004438396546893552
2018-03-09 21:30:00,0.0044236828366724604
2018-03-09 22:00:00,0.0044025879404228346
2018-03-09 22:30:00,0.0044007338009057805
2018-03-09 23:00:00,0.004397192466964513
2018-03-09 23:30:00,0.00439684094487732
2018-03-10 00:00:00,0.004751045536176002
2018-03-10 00:30:00,0.005042208491140378
2018-03-10 01:00:00,0.00524782235270187
2018-03-10 01:30:00,0.005264074390533107
2018-03-10 02:00:00,0.005358264789593709
2018-03-10 02:30:00,0.0053799091762424915
2018-03-10 03:00:00,0.005413081701842199
2018-03-10 03:30:00,0.005435086091745993
2018-03-10 04:00:00,0.005453701139163362
2018-03-10 04:30:00,0.005470451780386847
2018-03-10 05:00:00,0.005549503964458203
2018-03-10 05:30:00,0.005627802775319834
2018-03-10 06:00:00,0.005634216323699253
2018-03-10 06:30:00,0.005590144046727344
2018-03-10 07:00:00,0.005524131323393218
2018-03-10 07:30:00,0.005500591172548487
2018-03-10 08:00:00,0.005569466178426874
2018-03-10 08:30:00,0.005697625663296195
2018-03-10 09:00:00,0.005878598830894258
2018-03-10 09:30:00,0.006138271879316291
2018-03-10 10:00:00,0.006432760568008455
2018-03-10 10:30:00,0.006744814648006199
2018-03-10 11:00:00,0.007008541136673669
2018-03-10 11:30:00,0.00719189695445702
2018-03-10 12:00:00,0.007252051087932239
2018-03-10 12:30:00,0.007220540090064665
2018-03-10 13:00:00,0.007119687287305773
2018-03-10 13:30:00,0.006968557005778661
2018-03-10 14:00:00,0.006756610836497899
2018-03-10 14:30:00,0.006503938880515311
2018-03-10 15:00:00,0.006235971919533156
2018-03-10 15:30:00,0.005990085009399277
2018-03-10 16:00:00,0.005719815969326104
2018-03-10 16:30:00,0.0055208552491348905
2018-03-10 17:00:00,0.005334738364849525
2018-03-10 17:30:00,0.0051955253516441455
2018-03-10 18:00:00,0.005152611535239588
2018-03-10 18:30:00,0.005116755835968618
2018-03-10 19:00:00,0.00511123158267264
2018-03-10 19:30:00,0.005112762545058102
2018-03-10 20:00:00,0.00509956093778351
2018-03-10 20:30:00,0.005102716043806117
2018-03-10 21:00:00,0.005121294823071634
2018-03-10 21:30:00,0.0051289551031203
2018-03-10 22:00:00,0.005139574752765879
2018-03-10 22:30:00,0.005165817829475344
2018-03-10 23:00:00,0.005174675181723794
2018-03-10 23:30:00,0.005191412208441045
2018-03-11 00:00:00,0.004786264255106115
2018-03-11 00:30:00,0.004354308334647318
2018-03-11 01:00:00,0.004249556761361356
2018-03-11 01:30:00,0.004083261259021158
2018-03-11 02:00:00,0.0041048906920319456
2018-03-11 02:30:00,0.004111148008372612
2018-03-11 03:00:00,0.0040856545106662204
2018-03-11 03:30:00,0.004114687668399179
2018-03-11 04:00:00,0.004128577812587417
2018-03-11 04:30:00,0.004102415864943791
2018-03-11 05:00:00,0.004140811450787624
2018-03-11 05:30:00,0.004190839293076782
2018-03-11 06:00:00,0.004278581772709436
2018-03-11 06:30:00,0.004308107954118973
2018-03-11 07:00:00,0.004328931564592737
2018-03-11 07:30:00,0.004373930409148762
2018-03-11 08:00:00,0.004442731539591682
2018-03-11 08:30:00,0.00460999646173234
2018-03-11 09:00:00,0.004763680802310117
2018-03-11 09:30:00,0.004955094510680762
2018-03-11 10:00:00,0.005174634115016465
2018-03-11 10:30:00,0.005430049282410923
2018-03-11 11:00:00,0.005604189753388455
2018-03-11 11:30:00,0.005734540169412654
2018-03-11 12:00:00,0.005783478962797392
2018-03-11 12:30:00,0.005817308667308682
2018-03-11 13:00:00,0.005766307164635156
2018-03-11 13:30:00,0.005632129398444459
2018-03-11 14:00:00,0.005470760561852009
2018-03-11 14:30:00,0.005263594758174138
2018-03-11 15:00:00,0.0049730989140152355
2018-03-11 15:30:00,0.0047712408706653536
2018-03-11 16:00:00,0.004572773843716599
2018-03-11 16:30:00,0.00438677022765933
2018-03-11 17:00:00,0.004272402683982459
2018-03-11 17:30:00,0.004198296917852323
2018-03-11 18:00:00,0.004181208927019446
2018-03-11 18:30:00,0.004189282887187866
2018-03-11 19:00:00,0.004222059922540902
2018-03-11 19:30:00,0.004207551545856458
2018-03-11 20:00:00,0.004199356282669377
2018-03-11 20:30:00,0.004199759026546419
2018-03-11 21:00:00,0.004164113347773258
2018-03-11 21:30:00,0.00416929389058398
2018-03-11 22:00:00,0.004176064205983323
2018-03-11 22:30:00,0.004151234694441629
2018-03-11 23:00:00,0.004143505672295912
2018-03-11 23:30:00,0.004151896671908687
2018-03-12 00:00:00,0.00419525608440663
2018-03-12 00:30:00,0.00427006578746566
2018-03-12 01:00:00,0.004309603652701402
2018-03-12 01:30:00,0.00431968675688818
2018-03-12 02:00:00,0.004324532293570092
2018-03-12 02:30:00,0.004318294729422895
2018-03-12 03:00:00,0.004289579727077424
2018-03-12 03:30:00,0.004296434854154947
2018-03-12 04:00:00,0.00440667820679169
2018-03-12 04:30:00,0.004464304729068518
2018-03-12 05:00:00,0.004517986057583904
2018-03-12 05:30:00,0.004651892426404425
2018-03-12 06:00:00,0.004811249775497935
2018-03-12 06:30:00,0.005149736642537914
2018-03-12 07:00:00,0.005640122341141354
2018-03-12 07:30:00,0.006369628875063239
2018-03-12 08:00:00,0.006975348970474802
2018-03-12 08:30:00,0.007730445084806912
2018-03-12 09:00:00,0.00838739812949798
2018-03-12 09:30:00,0.008947398034711734
2018-03-12 10:00:00,0.009310727135045134
2018-03-12 10:30:00,0.009520548660193175
2018-03-12 11:00:00,0.00955764551141772
2018-03-12 11:30:00,0.009464973018207912
2018-03-12 12:00:00,0.009369310466965009
2018-03-12 12:30:00,0.009106525834302593
2018-03-12 13:00:00,0.008749560064907586
2018-03-12 13:30:00,0.008117569217396836
2018-03-12 14:00:00,0.00752161228527555
2018-03-12 14:30:00,0.006884675131417894
2018-03-12 15:00:00,0.0063039222549307545
2018-03-12 15:30:00,0.005869730653997408
2018-03-12 16:00:00,0.005392922635504701
2018-03-12 16:30:00,0.0051024972073575505
2018-03-12 17:00:00,0.004815396620183682
2018-03-12 17:30:00,0.004628693977347309
2018-03-12 18:00:00,0.004528793632053241
2018-03-12 18:30:00,0.004453461109635955
2018-03-12 19:00:00,0.0044080829560087026
2018-03-12 19:30:00,0.004374594618502087
2018-03-12 20:00:00,0.004323143502339895
2018-03-12 20:30:00,0.004297257304244666
2018-03-12 21:00:00,0.004282842332000533
2018-03-12 21:30:00,0.00427350791406232
2018-03-12 22:00:00,0.0042741166610418884
2018-03-12 22:30:00,0.004267904094020892
2018-03-12 23:00:00,0.004255693221060617
2018-03-12 23:30:00,0.0042579006681738776
2018-03-13 00:00:00,0.004257160463093131
2018-03-13 00:30:00,0.004245104817822788
2018-03-13 01:00:00,0.004246436137981587
2018-03-13 01:30:00,0.0042409958036092816
2018-03-13 02:00:00,0.00423013577981265
2018-03-13 02:30:00,0.004232198042724185
2018-03-13 03:00:00,0.004233951635764868
2018-03-13 03:30:00,0.004232987460897139
2018-03-13 04:00:00,0.0043210475379457155
2018-03-13 04:30:00,0.004396580037372604
2018-03-13 05:00:00,0.004439004177929987
2018-03-13 05:30:00,0.004590033578197789
2018-03-13 06:00:00,0.0047597091606964
2018-03-13 06:30:00,0.005097164003526104
2018-03-13 07:00:00,0.005626378385503663
2018-03-13 07:30:00,0.006362955423527923
2018-03-13 08:00:00,0.00696414903039957
2018-03-13 08:30:00,0.00769187172922184
2018-03-13 09:00:00,0.008368345074400537
2018-03-13 09:30:00,0.008945560187964437
2018-03-13 10:00:00,0.009333290166081781
2018-03-13 10:30:00,0.00957394821306724
2018-03-13 11:00:00,0.009644748667228937
2018-03-13 11:30:00,0.009594664135028578
2018-03-13 12:00:00,0.009505261578389861
2018-03-13 12:30:00,0.00923128872305512
2018-03-13 13:00:00,0.008861369755327135
2018-03-13 13:30:00,0.008249856129541374
2018-03-13 14:00:00,0.007671966205164375
2018-03-13 14:30:00,0.007036173562584895
2018-03-13 15:00:00,0.0064412584749734625
2018-03-13 15:30:00,0.0060014610453010455
2018-03-13 16:00:00,0.005531224257952585
2018-03-13 16:30:00,0.005215712539748621
2018-03-13 17:00:00,0.0049005559146498776
2018-03-13 17:30:00,0.004701100831650325
2018-03-13 18:00:00,0.004608983743338284
2018-03-13 18:30:00,0.004542674067536213
2018-03-13 19:00:00,0.004497401593723745
2018-03-13 19:30:00,0.004468267443137164
2018-03-13 20:00:00,0.004414390824573337
2018-03-13 20:30:00,0.004390414339963233
2018-03-13 21:00:00,0.0043702990185965854
2018-03-13 21:30:00,0.004351313701247372
2018-03-13 22:00:00,0.004342825949364884
2018-03-13 22:30:00,0.004321174197491418
2018-03-13 23:00:00,0.0042992944584356865
2018-03-13 23:30:00,0.00429417261423381
2018-03-14 00:00:00,0.004278788110594903
2018-03-14 00:30:00,0.004265562510542931
2018-03-14 01:00:00,0.00426153484858389
2018-03-14 01:30:00,0.004251823576649343
2018-03-14 02:00:00,0.004232911018792463
2018-03-14 02:30:00,0.004234255060702989
2018-03-14 03:00:00,0.004221777254145073
2018-03-14 03:30:00,0.004204376018074499
2018-03-14 04:00:00,0.004313040087988079
2018-03-14 04:30:00,0.004394853338561448
2018-03-14 05:00:00,0.004415180577529232
2018-03-14 05:30:00,0.004543826613604954
2018-03-14 06:00:00,0.004686229327070093
2018-03-14 06:30:00,0.004989182332838933
2018-03-14 07:00:00,0.005476837206999291
2018-03-14 07:30:00,0.006178970437005651
2018-03-14 08:00:00,0.006818996075080819
2018-03-14 08:30:00,0.007595155058094611
2018-03-14 09:00:00,0.00829518473529348
2018-03-14 09:30:00,0.008896097236089685
2018-03-14 10:00:00,0.009292720165041454
2018-03-14 10:30:00,0.009515033222847954
2018-03-14 11:00:00,0.009574447709213993
2018-03-14 11:30:00,0.009474717991625106
2018-03-14 12:00:00,0.0093589305219046
2018-03-14 12:30:00,0.009091147579945235
2018-03-14 13:00:00,0.008724954634747189
2018-03-14 13:30:00,0.008100377332258189
2018-03-14 14:00:00,0.0075184503719998245
2018-03-14 14:30:00,0.006867840459676424
2018-03-14 15:00:00,0.0062624045949810775
2018-03-14 15:30:00,0.005811268959879134
2018-03-14 16:00:00,0.005327431169208441
2018-03-14 16:30:00,0.005007762004858956
2018-03-14 17:00:00,0.0047032381975347735
2018-03-14 17:30:00,0.00452571273624904
2018-03-14 18:00:00,0.004441524981875259
2018-03-14 18:30:00,0.004389690650840869
2018-03-14 19:00:00,0.004361751005784864
2018-03-14 19:30:00,0.004340275014954995
2018-03-14 20:00:00,0.0042848200064225135
2018-03-14 20:30:00,0.004264120042447991
2018-03-14 21:00:00,0.004249709868759334
2018-03-14 21:30:00,0.004231212664936909
2018-03-14 22:00:00,0.004220374625220015
2018-03-14 22:30:00,0.004217943877885652
2018-03-14 23:00:00,0.0042006203114572
2018-03-14 23:30:00,0.004205040673805077
2018-03-15 00:00:00,0.0042058457151819065
2018-03-15 00:30:00,0.004190724239339671
2018-03-15 01:00:00,0.004191283215255465
2018-03-15 01:30:00,0.004186194179781727
2018-03-15 02:00:00,0.0041727263084753745
2018-03-15 02:30:00,0.004169963791247289
2018-03-15 03:00:00,0.0041653760374293185
2018-03-15 03:30:00,0.0041489018153201135
2018-03-15 04:00:00,0.004229935021642853
2018-03-15 04:30:00,0.0042848347368718825
2018-03-15 05:00:00,0.0043419198035401195
2018-03-15 05:30:00,0.0045079118809421975
2018-03-15 06:00:00,0.0046705883796990064
2018-03-15 06:30:00,0.00496959875837561
2018-03-15 07:00:00,0.005498474116829076
2018-03-15 07:30:00,0.006191784700418451
2018-03-15 08:00:00,0.006855642978033757
2018-03-15 08:30:00,0.007626454361549675
2018-03-15 09:00:00,0.008326461273508612
2018-03-15 09:30:00,0.008923735241716583
2018-03-15 10:00:00,0.009327759217127
2018-03-15 10:30:00,0.009551723312800176
2018-03-15 11:00:00,0.009613867396071849
2018-03-15 11:30:00,0.009546725561474796
2018-03-15 12:00:00,0.00943801830456193
2018-03-15 12:30:00,0.009172038615112711
2018-03-15 13:00:00,0.008803963743413575
2018-03-15 13:30:00,0.008170681303319596
2018-03-15 14:00:00,0.007605030262075534
2018-03-15 14:30:00,0.006960296794701185
2018-03-15 15:00:00,0.006359573111483243
2018-03-15 15:30:00,0.005902017232343076
2018-03-15 16:00:00,0.005422621564911372
2018-03-15 16:30:00,0.0051261908003832
2018-03-15 17:00:00,0.004812884743783481
2018-03-15 17:30:00,0.004624505396388352
2018-03-15 18:00:00,0.004527769196256278
2018-03-15 18:30:00,0.004474697730663594
2018-03-15 19:00:00,0.004427163016929988
2018-03-15 19:30:00,0.004408953503247494
2018-03-15 20:00:00,0.004353138491460002
2018-03-15 20:30:00,0.00433065022861333
2018-03-15 21:00:00,0.004323530065041494
2018-03-15 21:30:00,0.004309415616283332
2018-03-15 22:00:00,0.004304999159736424
2018-03-15 22:30:00,0.004290868976180074
2018-03-15 23:00:00,0.004276385485027516
2018-03-15 23:30:00,0.004278699058332815
2018-03-16 00:00:00,0.004289013943908513
2018-03-16 00:30:00,0.004272689927745137
2018-03-16 01:00:00,0.004271965569056892
2018-03-16 01:30:00,0.0042805054354837346
2018-03-16 02:00:00,0.004280120211913896
2018-03-16 02:30:00,0.004275632781383668
2018-03-16 03:00:00,0.0042728177032339745
2018-03-16 03:30:00,0.004268283291497808
2018-03-16 04:00:00,0.004339958645076521
2018-03-16 04:30:00,0.004418058260088741
2018-03-16 05:00:00,0.004465398464934099
2018-03-16 05:30:00,0.004607250460462637
2018-03-16 06:00:00,0.004783697474303724
2018-03-16 06:30:00,0.00514732888363211
2018-03-16 07:00:00,0.005679293284274654
2018-03-16 07:30:00,0.006421619661325009
2018-03-16 08:00:00,0.0070599045397055325
2018-03-16 08:30:00,0.007805668467985697
2018-03-16 09:00:00,0.008499496068029029
2018-03-16 09:30:00,0.00909595707166392
2018-03-16 10:00:00,0.009489572757058327
2018-03-16 10:30:00,0.009721273798073473
2018-03-16 11:00:00,0.009782848527158206
2018-03-16 11:30:00,0.009728138857044887
2018-03-16 12:00:00,0.009629545169566357
2018-03-16 12:30:00,0.009357339298589906
2018-03-16 13:00:00,0.0089936227428004
2018-03-16 13:30:00,0.008348780359376178
2018-03-16 14:00:00,0.0077523256050228365
2018-03-16 14:30:00,0.007087147724651639
2018-03-16 15:00:00,0.006476877036328469
2018-03-16 15:30:00,0.006025644872145438
2018-03-16 16:00:00,0.00553605640331689
2018-03-16 16:30:00,0.005224941277872049
2018-03-16 17:00:00,0.004915851700809635
2018-03-16 17:30:00,0.0047276673086800065
2018-03-16 18:00:00,0.004623754813036458
2018-03-16 18:30:00,0.0045595520378712805
2018-03-16 19:00:00,0.004495984345943632
2018-03-16 19:30:00,0.004464086896968773
2018-03-16 20:00:00,0.004422070522032534
2018-03-16 20:30:00,0.004397370013517124
2018-03-16 21:00:00,0.00437412592238583
2018-03-16 21:30:00,0.004349937854957528
2018-03-16 22:00:00,0.004342003499275165
2018-03-16 22:30:00,0.004327508067531074
2018-03-16 23:00:00,0.0043187709023581496
2018-03-16 23:30:00,0.0043127522862538336
2018-03-17 00:00:00,0.004647708755595259
2018-03-17 00:30:00,0.004988370707397613
2018-03-17 01:00:00,0.005131539627418521
2018-03-17 01:30:00,0.005222707048123573
2018-03-17 02:00:00,0.005247180127428284
2018-03-17 02:30:00,0.005263875083089385
2018-03-17 03:00:00,0.005272245549348495
2018-03-17 03:30:00,0.005294578249722294
2018-03-17 04:00:00,0.005403208841341857
2018-03-17 04:30:00,0.005466946714597432
2018-03-17 05:00:00,0.005503554336352056
2018-03-17 05:30:00,0.005561790498362961
2018-03-17 06:00:00,0.005513228558974556
2018-03-17 06:30:00,0.005527484844105042
2018-03-17 07:00:00,0.005621377063160253
2018-03-17 07:30:00,0.005731054632628084
2018-03-17 08:00:00,0.005928579915166103
2018-03-17 08:30:00,0.0062167765816861335
2018-03-17 09:00:00,0.006524186887520584
2018-03-17 09:30:00,0.006845245289477518
2018-03-17 10:00:00,0.0071291560647973136
2018-03-17 10:30:00,0.007326497774689796
2018-03-17 11:00:00,0.007411366812346853
2018-03-17 11:30:00,0.0074073520953281645
2018-03-17 12:00:00,0.007312163150351309
2018-03-17 12:30:00,0.007169104931889287
2018-03-17 13:00:00,0.00695949454318219
2018-03-17 13:30:00,0.006709504086956163
2018-03-17 14:00:00,0.00643977650249158
2018-03-17 14:30:00,0.0062008141310981564
2018-03-17 15:00:00,0.005936411046108576
2018-03-17 15:30:00,0.0057427105470678474
2018-03-17 16:00:00,0.005556763955704723
2018-03-17 16:30:00,0.0054243916739104385
2018-03-17 17:00:00,0.005304783996059494
2018-03-17 17:30:00,0.005220822108576023
2018-03-17 18:00:00,0.0052100552660310755
2018-03-17 18:30:00,0.005195759922890902
2018-03-17 19:00:00,0.005196574115001429
2018-03-17 19:30:00,0.005215999895105612
2018-03-17 20:00:00,0.005222642100233177
2018-03-17 20:30:00,0.005217671801108891
2018-03-17 21:00:00,0.005216777261092719
2018-03-17 21:30:00,0.0052017254201020425
2018-03-17 22:00:00,0.005184592903138121
2018-03-17 22:30:00,0.005189395029632122
2018-03-17 23:00:00,0.005196230404516174
2018-03-17 23:30:00,0.005131867379916961
2018-03-18 00:00:00,0.004791694322801588
2018-03-18 00:30:00,0.004327389107992996
2018-03-18 01:00:00,0.004236162877084785
2018-03-18 01:30:00,0.004054764088775434
2018-03-18 02:00:00,0.004083815771164416
2018-03-18 02:30:00,0.004079002373644763
2018-03-18 03:00:00,0.004045943227867464
2018-03-18 03:30:00,0.004075120565453328
2018-03-18 04:00:00,0.004079594381477322
2018-03-18 04:30:00,0.004058891404456337
2018-03-18 05:00:00,0.0041010731621650255
2018-03-18 05:30:00,0.004136714153977025
2018-03-18 06:00:00,0.004215168973688781
2018-03-18 06:30:00,0.004306069126013251
2018-03-18 07:00:00,0.0043347808921236335
2018-03-18 07:30:00,0.004376640030672299
2018-03-18 08:00:00,0.004452896330815865
2018-03-18 08:30:00,0.004596070830552442
2018-03-18 09:00:00,0.00475942972853566
2018-03-18 09:30:00,0.004942063642705662
2018-03-18 10:00:00,0.005151080014882559
2018-03-18 10:30:00,0.005415619468123109
2018-03-18 11:00:00,0.005582958600482173
2018-03-18 11:30:00,0.0057030266048758715
2018-03-18 12:00:00,0.005753860716079306
2018-03-18 12:30:00,0.00577843155200255
2018-03-18 13:00:00,0.005712522053408314
2018-03-18 13:30:00,0.0055902498381364425
2018-03-18 14:00:00,0.005417458430813539
2018-03-18 14:30:00,0.005187435210300283
2018-03-18 15:00:00,0.0048879979833749455
2018-03-18 15:30:00,0.004684240939594027
2018-03-18 16:00:00,0.004471496424595239
2018-03-18 16:30:00,0.004289137144030501
2018-03-18 17:00:00,0.004157841412577535
2018-03-18 17:30:00,0.0040802203139811526
2018-03-18 18:00:00,0.004062071172822205
2018-03-18 18:30:00,0.004067214666320881
2018-03-18 19:00:00,0.004101977857263716
2018-03-18 19:30:00,0.0040957424134084736
2018-03-18 20:00:00,0.004076488265358294
2018-03-18 20:30:00,0.004078036301673704
2018-03-18 21:00:00,0.004058652481031359
2018-03-18 21:30:00,0.004049439254517492
2018-03-18 22:00:00,0.004057992400667629
2018-03-18 22:30:00,0.004041536368431507
2018-03-18 23:00:00,0.004036775420239149
2018-03-18 23:30:00,0.004053020539222955
2018-03-19 00:00:00,0.004109815014299113
2018-03-19 00:30:00,0.004190848555404794
2018-03-19 01:00:00,0.0042392348453439135
2018-03-19 01:30:00,0.004262122281049599
2018-03-19 02:00:00,0.0042520199826409175
2018-03-19 02:30:00,0.004266996274281426
2018-03-19 03:00:00,0.004263633602835904
2018-03-19 03:30:00,0.0042576024881684875
2018-03-19 04:00:00,0.004372433929406139
2018-03-19 04:30:00,0.004433587613146434
2018-03-19 05:00:00,0.004483043088202189
2018-03-19 05:30:00,0.004646085393118305
2018-03-19 06:00:00,0.004789527161235464
2018-03-19 06:30:00,0.005094393228318827
2018-03-19 07:00:00,0.005640572512601589
2018-03-19 07:30:00,0.00638388795005156
2018-03-19 08:00:00,0.007027386961131138
2018-03-19 08:30:00,0.007778954463273707
2018-03-19 09:00:00,0.00840133335778883
2018-03-19 09:30:00,0.008948919623174872
2018-03-19 10:00:00,0.009318221474349783
2018-03-19 10:30:00,0.009519869385607543
2018-03-19 11:00:00,0.009563972685798573
2018-03-19 11:30:00,0.009475313905258631
2018-03-19 12:00:00,0.009369582087523812
2018-03-19 12:30:00,0.009108825458318717
2018-03-19 13:00:00,0.008769169194468674
2018-03-19 13:30:00,0.008164572742198683
2018-03-19 14:00:00,0.007585722660349237
2018-03-19 14:30:00,0.006954439655568351
2018-03-19 15:00:00,0.0063663723298097545
2018-03-19 15:30:00,0.005906111404512901
2018-03-19 16:00:00,0.005420234897330799
2018-03-19 16:30:00,0.005118110144555975
2018-03-19 17:00:00,0.004832443767497856
2018-03-19 17:30:00,0.004663058664997012
2018-03-19 18:00:00,0.00455503391890487
2018-03-19 18:30:00,0.004501605128320697
2018-03-19 19:00:00,0.004467147147824995
2018-03-19 19:30:00,0.0044362839549466765
2018-03-19 20:00:00,0.004388112372466528
2018-03-19 20:30:00,0.004374732325884817
2018-03-19 21:00:00,0.0043496468169881945
2018-03-19 21:30:00,0.004342508128760336
2018-03-19 22:00:00,0.004347132039135846
2018-03-19 22:30:00,0.004319581411856336
2018-03-19 23:00:00,0.0043006988728697595
2018-03-19 23:30:00,0.004297994942656206
2018-03-20 00:00:00,0.004281645706178002
2018-03-20 00:30:00,0.004270057975863724
2018-03-20 01:00:00,0.004270932652092111
2018-03-20 01:30:00,0.004261705922666324
2018-03-20 02:00:00,0.004259088478045651
2018-03-20 02:30:00,0.004261751453146188
2018-03-20 03:00:00,0.0042526574093590275
2018-03-20 03:30:00,0.0042545401170203095
2018-03-20 04:00:00,0.004355029122317534
2018-03-20 04:30:00,0.004403271678781004
2018-03-20 05:00:00,0.0044421285955164105
2018-03-20 05:30:00,0.0046123157263476215
2018-03-20 06:00:00,0.00474106878136989
2018-03-20 06:30:00,0.0050592945848699266
2018-03-20 07:00:00,0.005573773607329596
2018-03-20 07:30:00,0.006340202235781251
2018-03-20 08:00:00,0.0070056363366960035
2018-03-20 08:30:00,0.0077791426112860905
2018-03-20 09:00:00,0.008467080375062764
2018-03-20 09:30:00,0.009037658193648889
2018-03-20 10:00:00,0.009430669819024892
2018-03-20 10:30:00,0.009659026936439163
2018-03-20 11:00:00,0.00971456530592375
2018-03-20 11:30:00,0.009647022066581416
2018-03-20 12:00:00,0.009563075913896133
2018-03-20 12:30:00,0.009294225907112087
2018-03-20 13:00:00,0.008933029262513348
2018-03-20 13:30:00,0.00829226263819724
2018-03-20 14:00:00,0.007694272122902961
2018-03-20 14:30:00,0.007032206942715282
2018-03-20 15:00:00,0.006433102492984698
2018-03-20 15:30:00,0.005982322508959542
2018-03-20 16:00:00,0.00547223952128743
2018-03-20 16:30:00,0.005150947664026873
2018-03-20 17:00:00,0.00485096295540002
2018-03-20 17:30:00,0.004667970377106766
2018-03-20 18:00:00,0.004550494262235974
2018-03-20 18:30:00,0.004509290628684189
2018-03-20 19:00:00,0.004462012135494138
2018-03-20 19:30:00,0.004421774015941845
2018-03-20 20:00:00,0.004365974627358228
2018-03-20 20:30:00,0.004338819043948134
2018-03-20 21:00:00,0.004303326360978637
2018-03-20 21:30:00,0.004284271408777865
2018-03-20 22:00:00,0.004277427441131682
2018-03-20 22:30:00,0.004241033076109955
2018-03-20 23:00:00,0.0042230710786145716
2018-03-20 23:30:00,0.004215287486849606
2018-03-21 00:00:00,0.004194284432719902
2018-03-21 00:30:00,0.004186741773077554
2018-03-21 01:00:00,0.0041925408831674236
2018-03-21 01:30:00,0.0041749059686046
2018-03-21 02:00:00,0.004162658715898158
2018-03-21 02:30:00,0.004173843925524022
2018-03-21 03:00:00,0.004156149308003532
2018-03-21 03:30:00,0.0041550939605817586
2018-03-21 04:00:00,0.004272394202814641
2018-03-21 04:30:00,0.004339488163451249
2018-03-21 05:00:00,0.0043650114568393175
2018-03-21 05:30:00,0.004553784620566416
2018-03-21 06:00:00,0.004637071585642475
2018-03-21 06:30:00,0.0049588862622612865
2018-03-21 07:00:00,0.005458183324760861
2018-03-21 07:30:00,0.006221410647144161
2018-03-21 08:00:00,0.00688713388892492
2018-03-21 08:30:00,0.0076891185859160795
2018-03-21 09:00:00,0.008402849366536298
2018-03-21 09:30:00,0.008994269431846523
2018-03-21 10:00:00,0.009372182681403163
2018-03-21 10:30:00,0.009578297378243169
2018-03-21 11:00:00,0.009615040475494255
2018-03-21 11:30:00,0.009522530352010436
2018-03-21 12:00:00,0.009399723488383093
2018-03-21 12:30:00,0.009133539469746047
2018-03-21 13:00:00,0.008773186031779318
2018-03-21 13:30:00,0.008144625705056634
2018-03-21 14:00:00,0.007562961103029059
2018-03-21 14:30:00,0.006919089701725685
2018-03-21 15:00:00,0.006329162210357115
2018-03-21 15:30:00,0.005882461891241042
2018-03-21 16:00:00,0.00540444497155133
2018-03-21 16:30:00,0.0051088313005858334
2018-03-21 17:00:00,0.004813314716672991
2018-03-21 17:30:00,0.004642344305356061
2018-03-21 18:00:00,0.004531152847432718
2018-03-21 18:30:00,0.004492574470103544
2018-03-21 19:00:00,0.004466847293904903
2018-03-21 19:30:00,0.004435898284999584
2018-03-21 20:00:00,0.004385420048061567
2018-03-21 20:30:00,0.0043783245468329915
2018-03-21 21:00:00,0.004351330551988695
2018-03-21 21:30:00,0.004341828630986076
2018-03-21 22:00:00,0.004339127602224671
2018-03-21 22:30:00,0.0043151736596658725
2018-03-21 23:00:00,0.004306767260037849
2018-03-21 23:30:00,0.004313944559898143
2018-03-22 00:00:00,0.0042978349164107974
2018-03-22 00:30:00,0.004289754930149454
2018-03-22 01:00:00,0.004300073609931808
2018-03-22 01:30:00,0.004286240936814969
2018-03-22 02:00:00,0.004277351333809947
2018-03-22 02:30:00,0.004283440477520328
2018-03-22 03:00:00,0.0042677015503420805
2018-03-22 03:30:00,0.004259705259815783
2018-03-22 04:00:00,0.004365387641269771
2018-03-22 04:30:00,0.004407892576110051
2018-03-22 05:00:00,0.004452550834821595
2018-03-22 05:30:00,0.0046480869487233525
2018-03-22 06:00:00,0.004728585953067872
2018-03-22 06:30:00,0.0050814992865662635
2018-03-22 07:00:00,0.005575952263110001
2018-03-22 07:30:00,0.00635302007021208
2018-03-22 08:00:00,0.007023917159144756
2018-03-22 08:30:00,0.0077923829417874315
2018-03-22 09:00:00,0.008471839984123361
2018-03-22 09:30:00,0.00902570755862745
2018-03-22 10:00:00,0.009375183675678972
2018-03-22 10:30:00,0.009571192503092268
2018-03-22 11:00:00,0.009589785120052648
2018-03-22 11:30:00,0.009490269328762537
2018-03-22 12:00:00,0.009365461913878966
2018-03-22 12:30:00,0.009082336985714097
2018-03-22 13:00:00,0.008714422140260369
2018-03-22 13:30:00,0.008080241031160621
2018-03-22 14:00:00,0.007488653685974619
2018-03-22 14:30:00,0.006854735269888604
2018-03-22 15:00:00,0.006275779285035745
2018-03-22 15:30:00,0.005842886083938747
2018-03-22 16:00:00,0.005358051867643752
2018-03-22 16:30:00,0.005062139012324045
2018-03-22 17:00:00,0.004773901279096684
2018-03-22 17:30:00,0.004609487480068947
2018-03-22 18:00:00,0.004498982215578666
2018-03-22 18:30:00,0.004460443007853495
2018-03-22 19:00:00,0.004424718208712137
2018-03-22 19:30:00,0.004397820296571672
2018-03-22 20:00:00,0.004358262790736773
2018-03-22 20:30:00,0.004340261400448761
2018-03-22 21:00:00,0.00431777815934619
2018-03-22 21:30:00,0.004299237433741542
2018-03-22 22:00:00,0.004296700671809454
2018-03-22 22:30:00,0.00428267717241671
2018-03-22 23:00:00,0.004279966881327292
2018-03-22 23:30:00,0.00427476959936956
2018-03-23 00:00:00,0.004262667419270533
2018-03-23 00:30:00,0.004259830357041099
2018-03-23 01:00:00,0.004263991708987587
2018-03-23 01:30:00,0.004258317026557153
2018-03-23 02:00:00,0.0042569218744510934
2018-03-23 02:30:00,0.004256238917253118
2018-03-23 03:00:00,0.004250764658209541
2018-03-23 03:30:00,0.004257286118290012
2018-03-23 04:00:00,0.00437183076214224
2018-03-23 04:30:00,0.00444036328507282
2018-03-23 05:00:00,0.004473499988897928
2018-03-23 05:30:00,0.004639015112204558
2018-03-23 06:00:00,0.0047347727418024736
2018-03-23 06:30:00,0.005087065052946825
2018-03-23 07:00:00,0.005596879767889536
2018-03-23 07:30:00,0.006340330011270087
2018-03-23 08:00:00,0.006979686418247828
2018-03-23 08:30:00,0.007753171713106996
2018-03-23 09:00:00,0.008440954137599425
2018-03-23 09:30:00,0.009022635143991068
2018-03-23 10:00:00,0.00940673585184819
2018-03-23 10:30:00,0.009627107057007311
2018-03-23 11:00:00,0.009672646576011731
2018-03-23 11:30:00,0.009600298643506188
2018-03-23 12:00:00,0.009496092431629787
2018-03-23 12:30:00,0.009221408608924404
2018-03-23 13:00:00,0.00886788474293743
2018-03-23 13:30:00,0.008235151904836922
2018-03-23 14:00:00,0.007645959373616368
2018-03-23 14:30:00,0.007011570252716453
2018-03-23 15:00:00,0.006425224938807851
2018-03-23 15:30:00,0.005966118568277378
2018-03-23 16:00:00,0.005458568436736385
2018-03-23 16:30:00,0.005159129759084972
2018-03-23 17:00:00,0.004863896066756585
2018-03-23 17:30:00,0.004679889877314767
2018-03-23 18:00:00,0.004558615984770526
2018-03-23 18:30:00,0.0045263335354144545
2018-03-23 19:00:00,0.004470085649285304
2018-03-23 19:30:00,0.004422934596801148
2018-03-23 20:00:00,0.004363043156339661
2018-03-23 20:30:00,0.004333139897745164
2018-03-23 21:00:00,0.00429733664780149
2018-03-23 21:30:00,0.004276392627063573
2018-03-23 22:00:00,0.004273773954905453
2018-03-23 22:30:00,0.004246259707372109
2018-03-23 23:00:00,0.004240140879574365
2018-03-23 23:30:00,0.00423307004068905
2018-03-24 00:00:00,0.004557660960636495
2018-03-24 00:30:00,0.00487695014634887
2018-03-24 01:00:00,0.005018796785350364
2018-03-24 01:30:00,0.005123177419138602
2018-03-24 02:00:00,0.005147244853114123
2018-03-24 02:30:00,0.005172040105201605
2018-03-24 03:00:00,0.005192466216731057
2018-03-24 03:30:00,0.005202417304845089
2018-03-24 04:00:00,0.005320704152402695
2018-03-24 04:30:00,0.005421022195211799
2018-03-24 05:00:00,0.005430600558319093
2018-03-24 05:30:00,0.0054238586994696655
2018-03-24 06:00:00,0.005347690558833681
2018-03-24 06:30:00,0.005368523320041143
2018-03-24 07:00:00,0.00543635491908929
2018-03-24 07:30:00,0.005562130526235874
2018-03-24 08:00:00,0.005780748807920191
2018-03-24 08:30:00,0.006062862580011391
2018-03-24 09:00:00,0.006391639514248584
2018-03-24 09:30:00,0.006716569346125807
2018-03-24 10:00:00,0.007010409225479896
2018-03-24 10:30:00,0.007226889471713882
2018-03-24 11:00:00,0.007321232643389522
2018-03-24 11:30:00,0.007319022294824113
2018-03-24 12:00:00,0.0072306843479351835
2018-03-24 12:30:00,0.007086320252817818
2018-03-24 13:00:00,0.006883132005252273
2018-03-24 13:30:00,0.00663731071257467
2018-03-24 14:00:00,0.006374358465253534
2018-03-24 14:30:00,0.0061409972356380165
2018-03-24 15:00:00,0.005881587326606968
2018-03-24 15:30:00,0.005685444474423283
2018-03-24 16:00:00,0.005509870909273136
2018-03-24 16:30:00,0.00538392590195882
2018-03-24 17:00:00,0.005269387061010889
2018-03-24 17:30:00,0.005188462435955082
2018-03-24 18:00:00,0.0051362896393681665
2018-03-24 18:30:00,0.005146854496205869
2018-03-24 19:00:00,0.005145849812602377
2018-03-24 19:30:00,0.005149424178460409
2018-03-24 20:00:00,0.005143640245197161
2018-03-24 20:30:00,0.005138671396798949
2018-03-24 21:00:00,0.005136305150977728
2018-03-24 21:30:00,0.005144751501369946
2018-03-24 22:00:00,0.005149589672827174
2018-03-24 22:30:00,0.005156898653977272
2018-03-24 23:00:00,0.005173589034271524
2018-03-24 23:30:00,0.005112055595082746
2018-03-25 00:00:00,0.004771108519809669
2018-03-25 00:30:00,0.0042991471539420055
2018-03-25 01:00:00,0.004215985174496948
2018-03-25 01:30:00,0.004023068402319191
2018-03-25 02:00:00,0.004033539296745016
2018-03-25 02:30:00,0.004045450762162452
2018-03-25 03:00:00,0.004000845064372517
2018-03-25 03:30:00,0.0040094466424546674
2018-03-25 04:00:00,0.00401829651788412
2018-03-25 04:30:00,0.003986439689239336
2018-03-25 05:00:00,0.004018617797912384
2018-03-25 05:30:00,0.004064377380902821
2018-03-25 06:00:00,0.004119297741079827
2018-03-25 06:30:00,0.004204321225266622
2018-03-25 07:00:00,0.004267950517255264
2018-03-25 07:30:00,0.004350853597893245
2018-03-25 08:00:00,0.004414932056993302
2018-03-25 08:30:00,0.004603519862565852
2018-03-25 09:00:00,0.0047839039237835045
2018-03-25 09:30:00,0.004988029563581565
2018-03-25 10:00:00,0.005241871920723038
2018-03-25 10:30:00,0.005508070000243573
2018-03-25 11:00:00,0.005669304477282695
2018-03-25 11:30:00,0.005797431599801131
2018-03-25 12:00:00,0.005834113543368475
2018-03-25 12:30:00,0.005839750953298235
2018-03-25 13:00:00,0.005785010594748735
2018-03-25 13:30:00,0.005634477008015343
2018-03-25 14:00:00,0.005453235902470819
2018-03-25 14:30:00,0.0052277379429600335
2018-03-25 15:00:00,0.004927291568658666
2018-03-25 15:30:00,0.004717023331474108
2018-03-25 16:00:00,0.0045178949966241735
2018-03-25 16:30:00,0.004345896020520686
2018-03-25 17:00:00,0.004220445710797648
2018-03-25 17:30:00,0.004160187236639405
2018-03-25 18:00:00,0.004104506807593868
2018-03-25 18:30:00,0.004130064472030461
2018-03-25 19:00:00,0.00417062588030866
2018-03-25 19:30:00,0.004149661884188645
2018-03-25 20:00:00,0.004133676333577795
2018-03-25 20:30:00,0.004140582905633792
2018-03-25 21:00:00,0.00409540696090241
2018-03-25 21:30:00,0.004082977251493569
2018-03-25 22:00:00,0.004104516404704819
2018-03-25 22:30:00,0.0040788778343910145
2018-03-25 23:00:00,0.004068324583361904
2018-03-25 23:30:00,0.004084297412221029
2018-03-26 00:00:00,0.004141096909041288
2018-03-26 00:30:00,0.0042055219800787485
2018-03-26 01:00:00,0.004263626014422593
2018-03-26 01:30:00,0.00427627645738333
2018-03-26 02:00:00,0.004271713142719994
2018-03-26 02:30:00,0.00429040798007144
2018-03-26 03:00:00,0.004262324378351157
2018-03-26 03:30:00,0.004260363443076186
2018-03-26 04:00:00,0.004385315149406975
2018-03-26 04:30:00,0.0044502729716965825
2018-03-26 05:00:00,0.0044897526962950456
2018-03-26 05:30:00,0.0045905604149513255
2018-03-26 06:00:00,0.0047339794178285505
2018-03-26 06:30:00,0.005084859837719832
2018-03-26 07:00:00,0.005623985022264287
2018-03-26 07:30:00,0.00633251807454952
2018-03-26 08:00:00,0.007003906959621325
2018-03-26 08:30:00,0.007805035616634436
2018-03-26 09:00:00,0.00848948951754124
2018-03-26 09:30:00,0.009072792435683763
2018-03-26 10:00:00,0.00946690750563061
2018-03-26 10:30:00,0.009704629171447713
2018-03-26 11:00:00,0.009771309563558879
2018-03-26 11:30:00,0.00971996044459913
2018-03-26 12:00:00,0.009619439076951019
2018-03-26 12:30:00,0.009392618501637879
2018-03-26 13:00:00,0.009039609531812908
2018-03-26 13:30:00,0.008402913086889246
2018-03-26 14:00:00,0.007820655695868919
2018-03-26 14:30:00,0.00718584597600182
2018-03-26 15:00:00,0.006581015622050953
2018-03-26 15:30:00,0.006125217130158126
2018-03-26 16:00:00,0.005633974387227814
2018-03-26 16:30:00,0.005324821201406765
2018-03-26 17:00:00,0.005024757484006028
2018-03-26 17:30:00,0.004826252068613465
2018-03-26 18:00:00,0.004678600405023492
2018-03-26 18:30:00,0.004609659000528635
2018-03-26 19:00:00,0.004537735126413991
2018-03-26 19:30:00,0.004496364882552308
2018-03-26 20:00:00,0.0044387892472823876
2018-03-26 20:30:00,0.004403839135864615
2018-03-26 21:00:00,0.004365881892483796
2018-03-26 21:30:00,0.004338224915823621
2018-03-26 22:00:00,0.004324171843937827
2018-03-26 22:30:00,0.004313825042388497
2018-03-26 23:00:00,0.004293253969845945
2018-03-26 23:30:00,0.0042852139343487975
2018-03-27 00:00:00,0.00428322588165567
2018-03-27 00:30:00,0.004275069230101025
2018-03-27 01:00:00,0.004279482785195786
2018-03-27 01:30:00,0.004261250171490419
2018-03-27 02:00:00,0.004234442204366551
2018-03-27 02:30:00,0.004243233157998532
2018-03-27 03:00:00,0.004245543829851683
2018-03-27 03:30:00,0.004225123298037901
2018-03-27 04:00:00,0.004313723379968994
2018-03-27 04:30:00,0.004373251469346069
2018-03-27 05:00:00,0.004399552575098498
2018-03-27 05:30:00,0.004549786865883364
2018-03-27 06:00:00,0.00463943135899352
2018-03-27 06:30:00,0.004967413183747775
2018-03-27 07:00:00,0.005485974103002795
2018-03-27 07:30:00,0.006225894060279107
2018-03-27 08:00:00,0.006935539149897318
2018-03-27 08:30:00,0.007743217277163561
2018-03-27 09:00:00,0.008480121509714694
2018-03-27 09:30:00,0.009100067648197815
2018-03-27 10:00:00,0.009510722111332892
2018-03-27 10:30:00,0.009749149834370842
2018-03-27 11:00:00,0.009804738532890767
2018-03-27 11:30:00,0.009727971800357737
2018-03-27 12:00:00,0.00960770169866248
2018-03-27 12:30:00,0.009344271269708448
2018-03-27 13:00:00,0.008988691836468742
2018-03-27 13:30:00,0.008363418073869849
2018-03-27 14:00:00,0.00779154431052227
2018-03-27 14:30:00,0.00714714082753263
2018-03-27 15:00:00,0.0065508703153907034
2018-03-27 15:30:00,0.006103771604575812
2018-03-27 16:00:00,0.005615765654705515
2018-03-27 16:30:00,0.005301071922818732
2018-03-27 17:00:00,0.004995810588677324
2018-03-27 17:30:00,0.004816668906950695
2018-03-27 18:00:00,0.004672944135654769
2018-03-27 18:30:00,0.004626753910208942
2018-03-27 19:00:00,0.004570847391084466
2018-03-27 19:30:00,0.00452478739620237
2018-03-27 20:00:00,0.004479195427870654
2018-03-27 20:30:00,0.004450456767530744
2018-03-27 21:00:00,0.00441786888453891
2018-03-27 21:30:00,0.0044023759112273835
2018-03-27 22:00:00,0.004395496679778168
2018-03-27 22:30:00,0.004359389893302059
2018-03-27 23:00:00,0.004338746061267175
2018-03-27 23:30:00,0.004339234621171216
2018-03-28 00:00:00,0.004330073620796019
2018-03-28 00:30:00,0.004327581384994976
2018-03-28 01:00:00,0.004330696763442015
2018-03-28 01:30:00,0.004333136215132823
2018-03-28 02:00:00,0.004328008010055083
2018-03-28 02:30:00,0.004315673825378507
2018-03-28 03:00:00,0.004290357316253159
2018-03-28 03:30:00,0.004272871938070284
2018-03-28 04:00:00,0.004374784217240545
2018-03-28 04:30:00,0.004442611017733215
2018-03-28 05:00:00,0.004479428548391335
2018-03-28 05:30:00,0.004588924442316959
2018-03-28 06:00:00,0.00468714507000581
2018-03-28 06:30:00,0.005048995099309476
2018-03-28 07:00:00,0.005553606283012906
2018-03-28 07:30:00,0.006356290341566111
2018-03-28 08:00:00,0.007097299347746841
2018-03-28 08:30:00,0.007948426944121938
2018-03-28 09:00:00,0.008704158364880206
2018-03-28 09:30:00,0.00933410435819231
2018-03-28 10:00:00,0.009732938863246932
2018-03-28 10:30:00,0.009955495754628202
2018-03-28 11:00:00,0.009998174999786004
2018-03-28 11:30:00,0.009908538653060728
2018-03-28 12:00:00,0.00981102955071408
2018-03-28 12:30:00,0.00954931019736733
2018-03-28 13:00:00,0.009194416176400495
2018-03-28 13:30:00,0.008555260304403928
2018-03-28 14:00:00,0.007980617439763775
2018-03-28 14:30:00,0.007339716902271593
2018-03-28 15:00:00,0.00673490607732557
2018-03-28 15:30:00,0.006287209667368137
2018-03-28 16:00:00,0.005792455274583922
2018-03-28 16:30:00,0.005477795802151351
2018-03-28 17:00:00,0.005161743074716049
2018-03-28 17:30:00,0.004975937761753682
2018-03-28 18:00:00,0.0048376186189985956
2018-03-28 18:30:00,0.004787682395640735
2018-03-28 19:00:00,0.0047195754934214445
2018-03-28 19:30:00,0.0046650299785431296
2018-03-28 20:00:00,0.004616580191439687
2018-03-28 20:30:00,0.004567816712721292
2018-03-28 21:00:00,0.004508292752333814
2018-03-28 21:30:00,0.0044905175637190535
2018-03-28 22:00:00,0.004467359958180639
2018-03-28 22:30:00,0.004433765382887672
2018-03-28 23:00:00,0.004422550489174445
2018-03-28 23:30:00,0.004406859212768016
2018-03-29 00:00:00,0.004378063750922588
2018-03-29 00:30:00,0.004366059997007974
2018-03-29 01:00:00,0.0043536519368959315
2018-03-29 01:30:00,0.004317045207895814
2018-03-29 02:00:00,0.00430138662862321
2018-03-29 02:30:00,0.0042947339336301855
2018-03-29 03:00:00,0.004268692061467772
2018-03-29 03:30:00,0.004266420670812936
2018-03-29 04:00:00,0.004383216171966335
2018-03-29 04:30:00,0.0044539767869581515
2018-03-29 05:00:00,0.004480921568710243
2018-03-29 05:30:00,0.004632902087311109
2018-03-29 06:00:00,0.00467777293318967
2018-03-29 06:30:00,0.005029672432350871
2018-03-29 07:00:00,0.0055324463272785705
2018-03-29 07:30:00,0.006319611299450915
2018-03-29 08:00:00,0.007056539636373741
2018-03-29 08:30:00,0.007885623226863791
2018-03-29 09:00:00,0.008650786822178805
2018-03-29 09:30:00,0.009290637145587626
2018-03-29 10:00:00,0.009689164431497475
2018-03-29 10:30:00,0.00990805120909982
2018-03-29 11:00:00,0.009942085912364815
2018-03-29 11:30:00,0.009834745685791037
2018-03-29 12:00:00,0.009733163167816857
2018-03-29 12:30:00,0.009461908638362096
2018-03-29 13:00:00,0.009075974101152958
2018-03-29 13:30:00,0.008431203138089309
2018-03-29 14:00:00,0.007832403675617232
2018-03-29 14:30:00,0.007165497310925864
2018-03-29 15:00:00,0.0065425559810712314
2018-03-29 15:30:00,0.0060685965190222365
2018-03-29 16:00:00,0.005573392847532293
2018-03-29 16:30:00,0.005240298775687113
2018-03-29 17:00:00,0.00492323087478286
2018-03-29 17:30:00,0.00474920456478793
2018-03-29 18:00:00,0.004614050125166403
2018-03-29 18:30:00,0.00456902539072967
2018-03-29 19:00:00,0.004530971841456391
2018-03-29 19:30:00,0.004490820653874233
2018-03-29 20:00:00,0.004446035177645418
2018-03-29 20:30:00,0.004413643254267906
2018-03-29 21:00:00,0.004378636676127557
2018-03-29 21:30:00,0.004368079407703165
2018-03-29 22:00:00,0.004354516681230426
2018-03-29 22:30:00,0.0043267207696500755
2018-03-29 23:00:00,0.0043153746410242964
2018-03-29 23:30:00,0.004306331261055417
2018-03-30 00:00:00,0.004306571412017841
2018-03-30 00:30:00,0.0042772813641754484
2018-03-30 01:00:00,0.004280040310385506
2018-03-30 01:30:00,0.00427106511454211
2018-03-30 02:00:00,0.00426411836853329
2018-03-30 02:30:00,0.0042664462259107035
2018-03-30 03:00:00,0.004244553876697558
2018-03-30 03:30:00,0.004234836243887147
2018-03-30 04:00:00,0.004359142153926323
2018-03-30 04:30:00,0.004431570657526139
2018-03-30 05:00:00,0.004431612170610721
2018-03-30 05:30:00,0.004557502385117161
2018-03-30 06:00:00,0.004635217446125422
2018-03-30 06:30:00,0.004983321399499443
2018-03-30 07:00:00,0.005482494592311149
2018-03-30 07:30:00,0.006248280549111964
2018-03-30 08:00:00,0.006968833871270194
2018-03-30 08:30:00,0.0077854665494318555
2018-03-30 09:00:00,0.00855162623558823
2018-03-30 09:30:00,0.009179359202071403
2018-03-30 10:00:00,0.009596030830584721
2018-03-30 10:30:00,0.009821274689843909
2018-03-30 11:00:00,0.009849684593336558
2018-03-30 11:30:00,0.009728446857349856
2018-03-30 12:00:00,0.009602003358237604
2018-03-30 12:30:00,0.009310517449330265
2018-03-30 13:00:00,0.008921020040477377
2018-03-30 13:30:00,0.00826464918331929
2018-03-30 14:00:00,0.007671861083321158
2018-03-30 14:30:00,0.007023054646696529
2018-03-30 15:00:00,0.0064083883699630525
2018-03-30 15:30:00,0.005941282584265508
2018-03-30 16:00:00,0.005455404961140273
2018-03-30 16:30:00,0.005147447619981562
2018-03-30 17:00:00,0.004832416315296762
2018-03-30 17:30:00,0.004658912601471459
2018-03-30 18:00:00,0.004529081880164739
2018-03-30 18:30:00,0.004487154445896277
2018-03-30 19:00:00,0.004432720860114297
2018-03-30 19:30:00,0.004397522451349223
2018-03-30 20:00:00,0.004350828377578419
2018-03-30 20:30:00,0.0043230623732740565
2018-03-30 21:00:00,0.004289042846835683
2018-03-30 21:30:00,0.004271079621802851
2018-03-30 22:00:00,0.00425690301501213
2018-03-30 22:30:00,0.004237280270944805
2018-03-30 23:00:00,0.004230997622694997
2018-03-30 23:30:00,0.004215736207583765
2018-03-31 00:00:00,0.0045500608299227484
2018-03-31 00:30:00,0.004884953132533971
2018-03-31 01:00:00,0.005013870008008301
2018-03-31 01:30:00,0.005094249718031801
2018-03-31 02:00:00,0.005116109704894062
2018-03-31 02:30:00,0.005131959110442571
2018-03-31 03:00:00,0.005144569267856172
2018-03-31 03:30:00,0.005153459317238447
2018-03-31 04:00:00,0.00526101168460199
2018-03-31 04:30:00,0.005334065339545441
2018-03-31 05:00:00,0.005324325722655293
2018-03-31 05:30:00,0.005350120413413538
2018-03-31 06:00:00,0.005252743215545324
2018-03-31 06:30:00,0.005305627983851698
2018-03-31 07:00:00,0.005393932675635236
2018-03-31 07:30:00,0.005545991310255479
2018-03-31 08:00:00,0.005778029366097075
2018-03-31 08:30:00,0.006064907768992975
2018-03-31 09:00:00,0.006387468007219576
2018-03-31 09:30:00,0.006728854429304489
2018-03-31 10:00:00,0.006995706116718577
2018-03-31 10:30:00,0.00718534860014702
2018-03-31 11:00:00,0.007252423366561723
2018-03-31 11:30:00,0.007213968747326105
2018-03-31 12:00:00,0.007101720156471973
2018-03-31 12:30:00,0.006937195879073975
2018-03-31 13:00:00,0.006718623462652463
2018-03-31 13:30:00,0.006471346310562314
2018-03-31 14:00:00,0.0061986898217483745
2018-03-31 14:30:00,0.005971850275401957
2018-03-31 15:00:00,0.005720684731055883
2018-03-31 15:30:00,0.005540969231369777
2018-03-31 16:00:00,0.0053668808749366
2018-03-31 16:30:00,0.005240507010675908
2018-03-31 17:00:00,0.005131237764800788
2018-03-31 17:30:00,0.005044036740776723
2018-03-31 18:00:00,0.0049975943121826245
2018-03-31 18:30:00,0.0050145573173845
2018-03-31 19:00:00,0.005014190841659312
2018-03-31 19:30:00,0.005024071402167278
2018-03-31 20:00:00,0.00502634893050935
2018-03-31 20:30:00,0.005015888860731925
2018-03-31 21:00:00,0.00502643965668614
2018-03-31 21:30:00,0.0050287229879325095
2018-03-31 22:00:00,0.005030431162087642
2018-03-31 22:30:00,0.00504583709183472
2018-03-31 23:00:00,0.005056123297671876
2018-03-31 23:30:00,0.004995976417827029
2018-04-01 00:00:00,0.00467835512072265
2018-04-01 00:30:00,0.0042190237760563725
2018-04-01 01:00:00,0.004141030175641878
2018-04-01 01:30:00,0.003968361522063708
2018-04-01 02:00:00,0.003992989382681098
2018-04-01 02:30:00,0.004003937789173938
2018-04-01 03:00:00,0.003990343481510509
2018-04-01 03:30:00,0.00401588228650814
2018-04-01 04:00:00,0.0040358815497888575
2018-04-01 04:30:00,0.004025119728988013
2018-04-01 05:00:00,0.004062556719679786
2018-04-01 05:30:00,0.004094280639497318
2018-04-01 06:00:00,0.004183417601670153
2018-04-01 06:30:00,0.0043153490859265285
2018-04-01 07:00:00,0.004342908417562482
2018-04-01 07:30:00,0.004411624178355656
2018-04-01 08:00:00,0.004479891664791923
2018-04-01 08:30:00,0.0046454084620132525
2018-04-01 09:00:00,0.00484044552614551
2018-04-01 09:30:00,0.005065663718712616
2018-04-01 10:00:00,0.005318851128828775
2018-04-01 10:30:00,0.005619684177426055
2018-04-01 11:00:00,0.005808288275768361
2018-04-01 11:30:00,0.0059427762741502965
2018-04-01 12:00:00,0.005996392096803719
2018-04-01 12:30:00,0.006028694298353262
2018-04-01 13:00:00,0.005976716680220473
2018-04-01 13:30:00,0.005846451187468767
2018-04-01 14:00:00,0.005673994563086047
2018-04-01 14:30:00,0.005459660833470207
2018-04-01 15:00:00,0.005181880045379496
2018-04-01 15:30:00,0.0049831569094814995
2018-04-01 16:00:00,0.004779171543735375
2018-04-01 16:30:00,0.004623013492012579
2018-04-01 17:00:00,0.004491636185116521
2018-04-01 17:30:00,0.004390653374982525
2018-04-01 18:00:00,0.004300970158645622
2018-04-01 18:30:00,0.004297033446051996
2018-04-01 19:00:00,0.00428968049674242
2018-04-01 19:30:00,0.004261974641772978
2018-04-01 20:00:00,0.004255179106058807
2018-04-01 20:30:00,0.004238789584033469
2018-04-01 21:00:00,0.00419789450875822
2018-04-01 21:30:00,0.004182256462839281
2018-04-01 22:00:00,0.0041684827115199136
2018-04-01 22:30:00,0.004132300487287951
2018-04-01 23:00:00,0.004125322829654321
2018-04-01 23:30:00,0.004107454236599249
2018-04-02 00:00:00,0.004150265832612737
2018-04-02 00:30:00,0.004209610684127217
2018-04-02 01:00:00,0.004234443655092625
2018-04-02 01:30:00,0.004240169224529967
2018-04-02 02:00:00,0.004235025619436979
2018-04-02 02:30:00,0.004223007469855936
2018-04-02 03:00:00,0.0042010421379618315
2018-04-02 03:30:00,0.004210172561495159
2018-04-02 04:00:00,0.004333613504011212
2018-04-02 04:30:00,0.0044043679813157936
2018-04-02 05:00:00,0.004439281266610145
2018-04-02 05:30:00,0.0045628579078112845
2018-04-02 06:00:00,0.004638535479845587
2018-04-02 06:30:00,0.004986514335994292
2018-04-02 07:00:00,0.005505330136661106
2018-04-02 07:30:00,0.006290552251837249
2018-04-02 08:00:00,0.007034912100466282
2018-04-02 08:30:00,0.007852503820157258
2018-04-02 09:00:00,0.008603343950565123
2018-04-02 09:30:00,0.00923829171259789
2018-04-02 10:00:00,0.009652962789854981
2018-04-02 10:30:00,0.009887805099197873
2018-04-02 11:00:00,0.00995549765173153
2018-04-02 11:30:00,0.009862782864276947
2018-04-02 12:00:00,0.009747192693302525
2018-04-02 12:30:00,0.009510233328240223
2018-04-02 13:00:00,0.009149534729062162
2018-04-02 13:30:00,0.008508296618771961
2018-04-02 14:00:00,0.007926557918120294
2018-04-02 14:30:00,0.0072773163752677394
2018-04-02 15:00:00,0.006679854147453071
2018-04-02 15:30:00,0.006223065367623178
2018-04-02 16:00:00,0.005728224042868828
2018-04-02 16:30:00,0.005417147305867795
2018-04-02 17:00:00,0.005098379711976226
2018-04-02 17:30:00,0.004903929633932426
2018-04-02 18:00:00,0.004726045062146187
2018-04-02 18:30:00,0.00467357207685624
2018-04-02 19:00:00,0.004604765255103337
2018-04-02 19:30:00,0.004554027784575303
2018-04-02 20:00:00,0.004494763504155094
2018-04-02 20:30:00,0.004468646529019765
2018-04-02 21:00:00,0.00442922818129367
2018-04-02 21:30:00,0.004402953523393515
2018-04-02 22:00:00,0.0043835707070999895
2018-04-02 22:30:00,0.004354742771309364
2018-04-02 23:00:00,0.004337724080545106
2018-04-02 23:30:00,0.004338549320492659
2018-04-03 00:00:00,0.004309146450799424
2018-04-03 00:30:00,0.004270114219397674
2018-04-03 01:00:00,0.004253932151200936
2018-04-03 01:30:00,0.004227647449812575
2018-04-03 02:00:00,0.0042160988891022984
2018-04-03 02:30:00,0.004205921152937761
2018-04-03 03:00:00,0.004190132231507112
2018-04-03 03:30:00,0.004182339377414133
2018-04-03 04:00:00,0.004300642406147181
2018-04-03 04:30:00,0.004365655467621918
2018-04-03 05:00:00,0.004373978617892148
2018-04-03 05:30:00,0.004495367452579186
2018-04-03 06:00:00,0.0045761605079395005
2018-04-03 06:30:00,0.004943830069092386
2018-04-03 07:00:00,0.005451885722873057
2018-04-03 07:30:00,0.006175675056931105
2018-04-03 08:00:00,0.006898015785206977
2018-04-03 08:30:00,0.007708483658713777
2018-04-03 09:00:00,0.008454876197761294
2018-04-03 09:30:00,0.009072485774510553
2018-04-03 10:00:00,0.009471794443802792
2018-04-03 10:30:00,0.009703465465947633
2018-04-03 11:00:00,0.009765225218403974
2018-04-03 11:30:00,0.009677238012442043
2018-04-03 12:00:00,0.009558615489189747
2018-04-03 12:30:00,0.009305338357245618
2018-04-03 13:00:00,0.008934011069282594
2018-04-03 13:30:00,0.008292543967461308
2018-04-03 14:00:00,0.0076846164249364845
2018-04-03 14:30:00,0.0070448852842543664
2018-04-03 15:00:00,0.006457479601179888
2018-04-03 15:30:00,0.006006484686507135
2018-04-03 16:00:00,0.005503869255504456
2018-04-03 16:30:00,0.0051934298336272205
2018-04-03 17:00:00,0.004898147374583879
2018-04-03 17:30:00,0.00470886924658867
2018-04-03 18:00:00,0.004546144873871415
2018-04-03 18:30:00,0.004503816369640612
2018-04-03 19:00:00,0.004460692086360992
2018-04-03 19:30:00,0.004425168380172371
2018-04-03 20:00:00,0.004377100691997992
2018-04-03 20:30:00,0.004343678306730593
2018-04-03 21:00:00,0.004302664606700207
2018-04-03 21:30:00,0.00427809633744617
2018-04-03 22:00:00,0.004272964784539028
2018-04-03 22:30:00,0.00424730244463647
2018-04-03 23:00:00,0.004232372576230333
2018-04-03 23:30:00,0.004222578166532307
2018-04-04 00:00:00,0.004200971721950079
2018-04-04 00:30:00,0.004192712068844171
2018-04-04 01:00:00,0.004202602338057403
2018-04-04 01:30:00,0.004183212379727821
2018-04-04 02:00:00,0.004168159645982637
2018-04-04 02:30:00,0.004163482281931011
2018-04-04 03:00:00,0.0041488064021821605
2018-04-04 03:30:00,0.004138894037294876
2018-04-04 04:00:00,0.0042735620373043175
2018-04-04 04:30:00,0.004347320298742543
2018-04-04 05:00:00,0.004350434226463508
2018-04-04 05:30:00,0.004444179141025038
2018-04-04 06:00:00,0.004549088843453081
2018-04-04 06:30:00,0.0048826355418333895
2018-04-04 07:00:00,0.005394445897882539
2018-04-04 07:30:00,0.0061571721617986975
2018-04-04 08:00:00,0.006909112612136632
2018-04-04 08:30:00,0.007741023667745163
2018-04-04 09:00:00,0.00849045134892839
2018-04-04 09:30:00,0.00911452279439477
2018-04-04 10:00:00,0.009529737335958095
2018-04-04 10:30:00,0.009753915804307303
2018-04-04 11:00:00,0.009801406326692803
2018-04-04 11:30:00,0.009711719539337872
2018-04-04 12:00:00,0.009588164993810783
2018-04-04 12:30:00,0.009325220000120017
2018-04-04 13:00:00,0.008962674403460963
2018-04-04 13:30:00,0.008314740522772767
2018-04-04 14:00:00,0.007713977000384942
2018-04-04 14:30:00,0.007061739261812055
2018-04-04 15:00:00,0.006464827975122616
2018-04-04 15:30:00,0.006014518249534107
2018-04-04 16:00:00,0.005521894973352788
2018-04-04 16:30:00,0.005201975614552673
2018-04-04 17:00:00,0.00488230879368377
2018-04-04 17:30:00,0.004692349828782539
2018-04-04 18:00:00,0.004521028230161357
2018-04-04 18:30:00,0.00448437184169178
2018-04-04 19:00:00,0.004432420671411266
2018-04-04 19:30:00,0.004389012045821115
2018-04-04 20:00:00,0.004357719772807795
2018-04-04 20:30:00,0.004322959706505734
2018-04-04 21:00:00,0.0042808555068448535
2018-04-04 21:30:00,0.004264740172047525
2018-04-04 22:00:00,0.0042536455770041375
2018-04-04 22:30:00,0.00423330606266188
2018-04-04 23:00:00,0.004229200507872089
2018-04-04 23:30:00,0.0042247560411525185
2018-04-05 00:00:00,0.00420418508020428
2018-04-05 00:30:00,0.004200523447593172
2018-04-05 01:00:00,0.004195974193813325
2018-04-05 01:30:00,0.0041816279636662426
2018-04-05 02:00:00,0.004194134673151327
2018-04-05 02:30:00,0.004188996536179695
2018-04-05 03:00:00,0.004168271798267597
2018-04-05 03:30:00,0.004169685251841055
2018-04-05 04:00:00,0.004282216176308076
2018-04-05 04:30:00,0.004346007168456827
2018-04-05 05:00:00,0.004372412503297967
2018-04-05 05:30:00,0.004491976659366688
2018-04-05 06:00:00,0.004559889499074987
2018-04-05 06:30:00,0.004914759527264442
2018-04-05 07:00:00,0.0054053592637609725
2018-04-05 07:30:00,0.0061640989324254205
2018-04-05 08:00:00,0.006905595270972745
2018-04-05 08:30:00,0.007722224378116378
2018-04-05 09:00:00,0.008469868782171559
2018-04-05 09:30:00,0.009100051913399625
2018-04-05 10:00:00,0.009517061895871157
2018-04-05 10:30:00,0.00976644036888253
2018-04-05 11:00:00,0.009831149224258953
2018-04-05 11:30:00,0.00976689734759588
2018-04-05 12:00:00,0.0096583082690609
2018-04-05 12:30:00,0.009416826990825532
2018-04-05 13:00:00,0.009062544841479041
2018-04-05 13:30:00,0.008431863218453038
2018-04-05 14:00:00,0.00784720532215728
2018-04-05 14:30:00,0.007211678385637993
2018-04-05 15:00:00,0.0066167778052872986
2018-04-05 15:30:00,0.006163091905341346
2018-04-05 16:00:00,0.005667825852630215
2018-04-05 16:30:00,0.0053595223459113545
2018-04-05 17:00:00,0.0050445809862431495
2018-04-05 17:30:00,0.004836357603257235
2018-04-05 18:00:00,0.004648455321551869
2018-04-05 18:30:00,0.004574202474116678
2018-04-05 19:00:00,0.004516384902375317
2018-04-05 19:30:00,0.004457834825560834
2018-04-05 20:00:00,0.004401387520393647
2018-04-05 20:30:00,0.004363375149422011
2018-04-05 21:00:00,0.00432354937085771
2018-04-05 21:30:00,0.004304840026245523
2018-04-05 22:00:00,0.004276637241798534
2018-04-05 22:30:00,0.0042452937469953655
2018-04-05 23:00:00,0.004226709945985746
2018-04-05 23:30:00,0.004222248851713479
2018-04-06 00:00:00,0.004209599859478818
2018-04-06 00:30:00,0.0041969775382850565
2018-04-06 01:00:00,0.004193938825131319
2018-04-06 01:30:00,0.004172240538429167
2018-04-06 02:00:00,0.004168328822961743
2018-04-06 02:30:00,0.004164673104849246
2018-04-06 03:00:00,0.004144194878775438
2018-04-06 03:30:00,0.0041342404428320045
2018-04-06 04:00:00,0.0042582787497076596
2018-04-06 04:30:00,0.004352830044777779
2018-04-06 05:00:00,0.004355448828530213
2018-04-06 05:30:00,0.004437261855914955
2018-04-06 06:00:00,0.00451905725139818
2018-04-06 06:30:00,0.004901674536047346
2018-04-06 07:00:00,0.005425032894835204
2018-04-06 07:30:00,0.006218117833738824
2018-04-06 08:00:00,0.006952127086611873
2018-04-06 08:30:00,0.007783367237208273
2018-04-06 09:00:00,0.008533384136366225
2018-04-06 09:30:00,0.00916190875290862
2018-04-06 10:00:00,0.009593765577617121
2018-04-06 10:30:00,0.009830529541036671
2018-04-06 11:00:00,0.009878041712718971
2018-04-06 11:30:00,0.009798281239540498
2018-04-06 12:00:00,0.009679822759928892
2018-04-06 12:30:00,0.009404312692927137
2018-04-06 13:00:00,0.00904279041612191
2018-04-06 13:30:00,0.008407437231948582
2018-04-06 14:00:00,0.0078242004892339
2018-04-06 14:30:00,0.007175320623551059
2018-04-06 15:00:00,0.006587313781910324
2018-04-06 15:30:00,0.00613160914083506
2018-04-06 16:00:00,0.005633567067983923
2018-04-06 16:30:00,0.005322759161683859
2018-04-06 17:00:00,0.0050121635077678695
2018-04-06 17:30:00,0.004820482084639392
2018-04-06 18:00:00,0.00464896586553565
2018-04-06 18:30:00,0.00461071702621393
2018-04-06 19:00:00,0.004540902507811072
2018-04-06 19:30:00,0.004473037765251847
2018-04-06 20:00:00,0.004422822667704815
2018-04-06 20:30:00,0.004394215800249023
2018-04-06 21:00:00,0.004358234892158424
2018-04-06 21:30:00,0.0043220559041615494
2018-04-06 22:00:00,0.004309359149560755
2018-04-06 22:30:00,0.004287693894775368
2018-04-06 23:00:00,0.004277731982012936
2018-04-06 23:30:00,0.004270757114237141
2018-04-07 00:00:00,0.004612944895086541
2018-04-07 00:30:00,0.004944374984124693
2018-04-07 01:00:00,0.005093128306776499
2018-04-07 01:30:00,0.005215929925471112
2018-04-07 02:00:00,0.005251647024604848
2018-04-07 02:30:00,0.005264999953768404
2018-04-07 03:00:00,0.005274720822813902
2018-04-07 03:30:00,0.005292617426041636
2018-04-07 04:00:00,0.005416643569137132
2018-04-07 04:30:00,0.00551184211122494
2018-04-07 05:00:00,0.005514604293670086
2018-04-07 05:30:00,0.005474618712049005
2018-04-07 06:00:00,0.005405015999652971
2018-04-07 06:30:00,0.005451273293281147
2018-04-07 07:00:00,0.005554071966082702
2018-04-07 07:30:00,0.005742026027549484
2018-04-07 08:00:00,0.005979574833775137
2018-04-07 08:30:00,0.00629141521066273
2018-04-07 09:00:00,0.00663877750822993
2018-04-07 09:30:00,0.007014244610436957
2018-04-07 10:00:00,0.007318272604226728
2018-04-07 10:30:00,0.007529097808629439
2018-04-07 11:00:00,0.007620239339453784
2018-04-07 11:30:00,0.007609451182394978
2018-04-07 12:00:00,0.007508757066749734
2018-04-07 12:30:00,0.007351594108234816
2018-04-07 13:00:00,0.007133825617247002
2018-04-07 13:30:00,0.006872298206119289
2018-04-07 14:00:00,0.006606096778769352
2018-04-07 14:30:00,0.0063769088416918565
2018-04-07 15:00:00,0.0061299824305287055
2018-04-07 15:30:00,0.005932113214316807
2018-04-07 16:00:00,0.005746177670790707
2018-04-07 16:30:00,0.005606171779988659
2018-04-07 17:00:00,0.005470957191032211
2018-04-07 17:30:00,0.005374741801560749
2018-04-07 18:00:00,0.005314434225904613
2018-04-07 18:30:00,0.005322530616530026
2018-04-07 19:00:00,0.00532441209665386
2018-04-07 19:30:00,0.005337695390965858
2018-04-07 20:00:00,0.005340540711174483
2018-04-07 20:30:00,0.005328554812350012
2018-04-07 21:00:00,0.005318167390470607
2018-04-07 21:30:00,0.005311039192108207
2018-04-07 22:00:00,0.005312035729326821
2018-04-07 22:30:00,0.005324385425612959
2018-04-07 23:00:00,0.005332118576748271
2018-04-07 23:30:00,0.005261884352132737
2018-04-08 00:00:00,0.004920962497174485
2018-04-08 00:30:00,0.004464139346296067
2018-04-08 01:00:00,0.0043678559958877485
2018-04-08 01:30:00,0.00417808908479987
2018-04-08 02:00:00,0.004191389453041817
2018-04-08 02:30:00,0.004191082791868608
2018-04-08 03:00:00,0.004153840979630962
2018-04-08 03:30:00,0.004168744734967764
2018-04-08 04:00:00,0.004185949118669512
2018-04-08 04:30:00,0.004169194125267805
2018-04-08 05:00:00,0.004188886057809434
2018-04-08 05:30:00,0.004206185631460507
2018-04-08 06:00:00,0.004278493390013229
2018-04-08 06:30:00,0.004393357974761959
2018-04-08 07:00:00,0.004448793119506655
2018-04-08 07:30:00,0.004527619213499074
2018-04-08 08:00:00,0.0046271779685998415
2018-04-08 08:30:00,0.004797077186102495
2018-04-08 09:00:00,0.005004065666416383
2018-04-08 09:30:00,0.005216834732164118
2018-04-08 10:00:00,0.005459744417610939
2018-04-08 10:30:00,0.0057388645606510115
2018-04-08 11:00:00,0.005912477636903441
2018-04-08 11:30:00,0.006035977389622653
2018-04-08 12:00:00,0.006097311298179081
2018-04-08 12:30:00,0.0061350735862944
2018-04-08 13:00:00,0.006080965855907533
2018-04-08 13:30:00,0.005955694097085925
2018-04-08 14:00:00,0.005793266342053675
2018-04-08 14:30:00,0.005554632281130257
2018-04-08 15:00:00,0.005257730253816619
2018-04-08 15:30:00,0.005030425582371972
2018-04-08 16:00:00,0.004802776754064816
2018-04-08 16:30:00,0.004620890968171811
2018-04-08 17:00:00,0.004474435818810056
2018-04-08 17:30:00,0.004376365620255661
2018-04-08 18:00:00,0.004285186705336329
2018-04-08 18:30:00,0.004286092181595213
2018-04-08 19:00:00,0.004287405758258183
2018-04-08 19:30:00,0.004258421478834491
2018-04-08 20:00:00,0.004249454764158913
2018-04-08 20:30:00,0.004238420876422013
2018-04-08 21:00:00,0.004192185120496321
2018-04-08 21:30:00,0.004176785774813733
2018-04-08 22:00:00,0.004170179726243707
2018-04-08 22:30:00,0.0041339894672211795
2018-04-08 23:00:00,0.004117481432035015
2018-04-08 23:30:00,0.004109414725496966
2018-04-09 00:00:00,0.004144942783863809
2018-04-09 00:30:00,0.004221765201959227
2018-04-09 01:00:00,0.004261154311975214
2018-04-09 01:30:00,0.004261744980676012
2018-04-09 02:00:00,0.004252303878574193
2018-04-09 02:30:00,0.004259025204069956
2018-04-09 03:00:00,0.004232944831869421
2018-04-09 03:30:00,0.0042353697762994875
2018-04-09 04:00:00,0.00435846254455775
2018-04-09 04:30:00,0.00442970022523933
2018-04-09 05:00:00,0.004477367289828621
2018-04-09 05:30:00,0.004535712591078025
2018-04-09 06:00:00,0.004642581331677711
2018-04-09 06:30:00,0.004991200962373928
2018-04-09 07:00:00,0.0054919600219732875
2018-04-09 07:30:00,0.006281257003503038
2018-04-09 08:00:00,0.007007621934314236
2018-04-09 08:30:00,0.007821055426699499
2018-04-09 09:00:00,0.008564522744010001
2018-04-09 09:30:00,0.009211889056020273
2018-04-09 10:00:00,0.00964408244917797
2018-04-09 10:30:00,0.00990506103947241
2018-04-09 11:00:00,0.009973399611486309
2018-04-09 11:30:00,0.009909889390630058
2018-04-09 12:00:00,0.009822813910208561
2018-04-09 12:30:00,0.009553600887123044
2018-04-09 13:00:00,0.009184774539317507
2018-04-09 13:30:00,0.008546746104669165
2018-04-09 14:00:00,0.007946105336026077
2018-04-09 14:30:00,0.007294505247359924
2018-04-09 15:00:00,0.006686676465802456
2018-04-09 15:30:00,0.0062220908144843025
2018-04-09 16:00:00,0.005718425504181206
2018-04-09 16:30:00,0.005387208560281639
2018-04-09 17:00:00,0.005068821949375999
2018-04-09 17:30:00,0.004865457271200977
2018-04-09 18:00:00,0.004677827391214607
2018-04-09 18:30:00,0.0046141501136712035
2018-04-09 19:00:00,0.004546797254227521
2018-04-09 19:30:00,0.004488185577352043
2018-04-09 20:00:00,0.0044437268492728485
2018-04-09 20:30:00,0.004406744605408159
2018-04-09 21:00:00,0.004368360402184293
2018-04-09 21:30:00,0.004336763588289718
2018-04-09 22:00:00,0.004326289122845864
2018-04-09 22:30:00,0.004303274246434282
2018-04-09 23:00:00,0.004279423528615373
2018-04-09 23:30:00,0.004271695734007104
2018-04-10 00:00:00,0.004248514358879936
2018-04-10 00:30:00,0.004239032971230983
2018-04-10 01:00:00,0.00423355357884899
2018-04-10 01:30:00,0.004221131792636399
2018-04-10 02:00:00,0.004208882642826629
2018-04-10 02:30:00,0.004200376812665372
2018-04-10 03:00:00,0.004184641568099466
2018-04-10 03:30:00,0.004184704730480848
2018-04-10 04:00:00,0.004319774135235568
2018-04-10 04:30:00,0.00441486655113134
2018-04-10 05:00:00,0.00443368280309576
2018-04-10 05:30:00,0.004488355200708404
2018-04-10 06:00:00,0.004589725019921253
2018-04-10 06:30:00,0.004933365758731052
2018-04-10 07:00:00,0.005446243737576448
2018-04-10 07:30:00,0.006266842477636158
2018-04-10 08:00:00,0.007015996417968627
2018-04-10 08:30:00,0.007872646593725
2018-04-10 09:00:00,0.008656073156398623
2018-04-10 09:30:00,0.009307196402563639
2018-04-10 10:00:00,0.009735837079160106
2018-04-10 10:30:00,0.009983324363342379
2018-04-10 11:00:00,0.010026638245360457
2018-04-10 11:30:00,0.009940414341144475
2018-04-10 12:00:00,0.009840730600412708
2018-04-10 12:30:00,0.009566906946674973
2018-04-10 13:00:00,0.00919547810788676
2018-04-10 13:30:00,0.008567227343789435
2018-04-10 14:00:00,0.007972048335626822
2018-04-10 14:30:00,0.007322426367759904
2018-04-10 15:00:00,0.006706068990801246
2018-04-10 15:30:00,0.006237789232926788
2018-04-10 16:00:00,0.005737025597960582
2018-04-10 16:30:00,0.005415648929021844
2018-04-10 17:00:00,0.005102880757012688
2018-04-10 17:30:00,0.004912964309544861
2018-04-10 18:00:00,0.004728484848619936
2018-04-10 18:30:00,0.0046832334661326995
2018-04-10 19:00:00,0.004607123466133994
2018-04-10 19:30:00,0.004542495405040469
2018-04-10 20:00:00,0.004496673329234531
2018-04-10 20:30:00,0.004439872270093883
2018-04-10 21:00:00,0.004386680840614301
2018-04-10 21:30:00,0.004365958111399845
2018-04-10 22:00:00,0.004362901096778711
2018-04-10 22:30:00,0.004323105113896087
2018-04-10 23:00:00,0.0043113064703294915
2018-04-10 23:30:00,0.004321864743102704
2018-04-11 00:00:00,0.00429372913843238
2018-04-11 00:30:00,0.004285846339322805
2018-04-11 01:00:00,0.004283301319411526
2018-04-11 01:30:00,0.004269235748962631
2018-04-11 02:00:00,0.004250115960465777
2018-04-11 02:30:00,0.004248877263587096
2018-04-11 03:00:00,0.004223601486386137
2018-04-11 03:30:00,0.004216057822394969
2018-04-11 04:00:00,0.004348809636449108
2018-04-11 04:30:00,0.004430202064866665
2018-04-11 05:00:00,0.004448375979963186
2018-04-11 05:30:00,0.004552145076914021
2018-04-11 06:00:00,0.004609842461579855
2018-04-11 06:30:00,0.0049360276178884565
2018-04-11 07:00:00,0.005439690026739405
2018-04-11 07:30:00,0.006213091402674901
2018-04-11 08:00:00,0.0069482650306139085
2018-04-11 08:30:00,0.007780126761535919
2018-04-11 09:00:00,0.00852495597584709
2018-04-11 09:30:00,0.009142446035086703
2018-04-11 10:00:00,0.009550217012757975
2018-04-11 10:30:00,0.009790013886426967
2018-04-11 11:00:00,0.00984680367454196
2018-04-11 11:30:00,0.009777005783691797
2018-04-11 12:00:00,0.009670439686870038
2018-04-11 12:30:00,0.009393567834461929
2018-04-11 13:00:00,0.009025994132824247
2018-04-11 13:30:00,0.008409120074194573
2018-04-11 14:00:00,0.007821441543023845
2018-04-11 14:30:00,0.007176644578485174
2018-04-11 15:00:00,0.006566019243434034
2018-04-11 15:30:00,0.0061116532877422535
2018-04-11 16:00:00,0.005605200016707617
2018-04-11 16:30:00,0.005282675600255617
2018-04-11 17:00:00,0.004971541057400245
2018-04-11 17:30:00,0.0047774118130074535
2018-04-11 18:00:00,0.0046041042819851
2018-04-11 18:30:00,0.004552743222433817
2018-04-11 19:00:00,0.00448320746662582
2018-04-11 19:30:00,0.004431163784659501
2018-04-11 20:00:00,0.0043844136905433735
2018-04-11 20:30:00,0.004361796313076103
2018-04-11 21:00:00,0.004317421392326269
2018-04-11 21:30:00,0.004299794400959695
2018-04-11 22:00:00,0.004287926345730169
2018-04-11 22:30:00,0.004255157903139263
2018-04-11 23:00:00,0.0042428359938371605
2018-04-11 23:30:00,0.004225499928845607
2018-04-12 00:00:00,0.00419991191075577
2018-04-12 00:30:00,0.0041950854567014495
2018-04-12 01:00:00,0.00419875512410312
2018-04-12 01:30:00,0.004173151259620781
2018-04-12 02:00:00,0.004171754656788646
2018-04-12 02:30:00,0.004165956104670345
2018-04-12 03:00:00,0.004143926048074471
2018-04-12 03:30:00,0.004147633099571129
2018-04-12 04:00:00,0.004244425320048527
2018-04-12 04:30:00,0.004305153829454789
2018-04-12 05:00:00,0.004343087526435482
2018-04-12 05:30:00,0.004441449209336463
2018-04-12 06:00:00,0.004523262125126892
2018-04-12 06:30:00,0.004850821676999262
2018-04-12 07:00:00,0.005379661883244008
2018-04-12 07:30:00,0.006154678252082954
2018-04-12 08:00:00,0.006906397968868992
2018-04-12 08:30:00,0.007747614651082881
2018-04-12 09:00:00,0.008494227142522098
2018-04-12 09:30:00,0.009139927686216326
2018-04-12 10:00:00,0.009561797266253256
2018-04-12 10:30:00,0.009802347847914915
2018-04-12 11:00:00,0.009855772063132238
2018-04-12 11:30:00,0.009784819171138442
2018-04-12 12:00:00,0.009662170771436118
2018-04-12 12:30:00,0.009362709440139085
2018-04-12 13:00:00,0.008990358609133605
2018-04-12 13:30:00,0.008374730835795922
2018-04-12 14:00:00,0.007788075736073336
2018-04-12 14:30:00,0.007160337078280179
2018-04-12 15:00:00,0.006585138920336575
2018-04-12 15:30:00,0.006137401443671813
2018-04-12 16:00:00,0.005623582166792932
2018-04-12 16:30:00,0.005285729936613229
2018-04-12 17:00:00,0.0049651775032732255
2018-04-12 17:30:00,0.004764736707703458
2018-04-12 18:00:00,0.004590274510320408
2018-04-12 18:30:00,0.004520920095271678
2018-04-12 19:00:00,0.0044736901456079526
2018-04-12 19:30:00,0.0044207089598148055
2018-04-12 20:00:00,0.004383174100910185
2018-04-12 20:30:00,0.00436018377524755
2018-04-12 21:00:00,0.004327424594984655
2018-04-12 21:30:00,0.0042978757599295
2018-04-12 22:00:00,0.004292346484889419
2018-04-12 22:30:00,0.004266662049312808
2018-04-12 23:00:00,0.004250163834426224
2018-04-12 23:30:00,0.0042424239876321075
2018-04-13 00:00:00,0.004226169606320289
2018-04-13 00:30:00,0.004210828289680666
2018-04-13 01:00:00,0.004209650411702785
2018-04-13 01:30:00,0.004200051292053201
2018-04-13 02:00:00,0.0041896895368658755
2018-04-13 02:30:00,0.00418669758172945
2018-04-13 03:00:00,0.004184061054481187
2018-04-13 03:30:00,0.00417432512020338
2018-04-13 04:00:00,0.004300884119429993
2018-04-13 04:30:00,0.004385151998520792
2018-04-13 05:00:00,0.00441480182642957
2018-04-13 05:30:00,0.0044987822385690645
2018-04-13 06:00:00,0.004589333435475551
2018-04-13 06:30:00,0.004905020691534486
2018-04-13 07:00:00,0.005404946699584353
2018-04-13 07:30:00,0.006201419641842636
2018-04-13 08:00:00,0.006957046275540625
2018-04-13 08:30:00,0.007806918993861598
2018-04-13 09:00:00,0.008549827335256307
2018-04-13 09:30:00,0.009185580138665904
2018-04-13 10:00:00,0.009605371609398797
2018-04-13 10:30:00,0.00984238487451447
2018-04-13 11:00:00,0.009893358813392587
2018-04-13 11:30:00,0.009815418778248522
2018-04-13 12:00:00,0.009704674813521892
2018-04-13 12:30:00,0.009419678671910021
2018-04-13 13:00:00,0.009048210663517804
2018-04-13 13:30:00,0.008423069586557537
2018-04-13 14:00:00,0.007838060056580269
2018-04-13 14:30:00,0.007189863036501089
2018-04-13 15:00:00,0.00658815163201529
2018-04-13 15:30:00,0.006140843012296905
2018-04-13 16:00:00,0.005646262818235898
2018-04-13 16:30:00,0.005330866488551983
2018-04-13 17:00:00,0.005019936832856004
2018-04-13 17:30:00,0.0048320134598254065
2018-04-13 18:00:00,0.004655560308297082
2018-04-13 18:30:00,0.004569718056632911
2018-04-13 19:00:00,0.004503409050396721
2018-04-13 19:30:00,0.0044521610358849075
2018-04-13 20:00:00,0.004414754398846378
2018-04-13 20:30:00,0.00438045041850316
2018-04-13 21:00:00,0.004346513695045326
2018-04-13 21:30:00,0.004327272045558245
2018-04-13 22:00:00,0.004319510437873017
2018-04-13 22:30:00,0.004287244504475327
2018-04-13 23:00:00,0.004272213308432629
2018-04-13 23:30:00,0.0042691117676804495
2018-04-14 00:00:00,0.004593098850798115
2018-04-14 00:30:00,0.0049259685064790585
2018-04-14 01:00:00,0.0050743351548349505
2018-04-14 01:30:00,0.00517464214980703
2018-04-14 02:00:00,0.00518391931986247
2018-04-14 02:30:00,0.005197929204748981
2018-04-14 03:00:00,0.005213832621945173
2018-04-14 03:30:00,0.00522176150950618
2018-04-14 04:00:00,0.005360597557120912
2018-04-14 04:30:00,0.005469423438788914
2018-04-14 05:00:00,0.0054667270969886725
2018-04-14 05:30:00,0.005403334050161485
2018-04-14 06:00:00,0.005333396554825268
2018-04-14 06:30:00,0.0053613099752176235
2018-04-14 07:00:00,0.005471473537920288
2018-04-14 07:30:00,0.005679956712467786
2018-04-14 08:00:00,0.00595013078578026
2018-04-14 08:30:00,0.006285000881123116
2018-04-14 09:00:00,0.00666552409848143
2018-04-14 09:30:00,0.007046307665372896
2018-04-14 10:00:00,0.007369218421337869
2018-04-14 10:30:00,0.007585411870186433
2018-04-14 11:00:00,0.00767780627036726
2018-04-14 11:30:00,0.0076774684743806144
2018-04-14 12:00:00,0.007584626357814447
2018-04-14 12:30:00,0.007449007462660572
2018-04-14 13:00:00,0.007245925341287063
2018-04-14 13:30:00,0.006995373119287407
2018-04-14 14:00:00,0.006726257852820421
2018-04-14 14:30:00,0.006489629476491648
2018-04-14 15:00:00,0.006224713392443392
2018-04-14 15:30:00,0.00603309301140434
2018-04-14 16:00:00,0.005855306754208202
2018-04-14 16:30:00,0.005725294580547904
2018-04-14 17:00:00,0.00560570107517476
2018-04-14 17:30:00,0.00548475069454505
2018-04-14 18:00:00,0.005396455934655403
2018-04-14 18:30:00,0.005385204214818756
2018-04-14 19:00:00,0.005391040262626359
2018-04-14 19:30:00,0.005383312691206716
2018-04-14 20:00:00,0.005379232691514692
2018-04-14 20:30:00,0.005357393461194723
2018-04-14 21:00:00,0.0053529870481360195
2018-04-14 21:30:00,0.00534897813402163
2018-04-14 22:00:00,0.005334578227009804
2018-04-14 22:30:00,0.005346273869025135
2018-04-14 23:00:00,0.005331221581657205
2018-04-14 23:30:00,0.005245137951493161
2018-04-15 00:00:00,0.004899430709187918
2018-04-15 00:30:00,0.004397963583670072
2018-04-15 01:00:00,0.004296796977701913
2018-04-15 01:30:00,0.004105918029281057
2018-04-15 02:00:00,0.004100058323479015
2018-04-15 02:30:00,0.004103832443158023
2018-04-15 03:00:00,0.004062287777384505
2018-04-15 03:30:00,0.0040625188892075455
2018-04-15 04:00:00,0.004065743406893085
2018-04-15 04:30:00,0.0040409577519165555
2018-04-15 05:00:00,0.004054496262423287
2018-04-15 05:30:00,0.004040208507696423
2018-04-15 06:00:00,0.00417376034138329
2018-04-15 06:30:00,0.004307801292945765
2018-04-15 07:00:00,0.004360484521922148
2018-04-15 07:30:00,0.004458239131758263
2018-04-15 08:00:00,0.004560867958014831
2018-04-15 08:30:00,0.004773110633386282
2018-04-15 09:00:00,0.004995211996780275
2018-04-15 09:30:00,0.005223506398190419
2018-04-15 10:00:00,0.005501217997806824
2018-04-15 10:30:00,0.005818576825086099
2018-04-15 11:00:00,0.006008023237305909
2018-04-15 11:30:00,0.006153604826382409
2018-04-15 12:00:00,0.0062210281018378446
2018-04-15 12:30:00,0.006245255785247402
2018-04-15 13:00:00,0.006195878537805336
2018-04-15 13:30:00,0.006076784082201693
2018-04-15 14:00:00,0.005910529088597257
2018-04-15 14:30:00,0.005690382857573939
2018-04-15 15:00:00,0.005399561158019925
2018-04-15 15:30:00,0.005181801371388553
2018-04-15 16:00:00,0.004952489564623189
2018-04-15 16:30:00,0.004767528127858713
2018-04-15 17:00:00,0.0046195744900566936
2018-04-15 17:30:00,0.00450584682817283
2018-04-15 18:00:00,0.004401763593229787
2018-04-15 18:30:00,0.004366917934089352
2018-04-15 19:00:00,0.0043660507346799625
2018-04-15 19:30:00,0.004329654249366282
2018-04-15 20:00:00,0.0043124721845272124
2018-04-15 20:30:00,0.004292712179454414
2018-04-15 21:00:00,0.00424393296593783
2018-04-15 21:30:00,0.004215732748160049
2018-04-15 22:00:00,0.004205850960114636
2018-04-15 22:30:00,0.004175818363710915
2018-04-15 23:00:00,0.004156828582589166
2018-04-15 23:30:00,0.0041503181703457185
2018-04-16 00:00:00,0.004184768897211049
2018-04-16 00:30:00,0.0042520308072893165
2018-04-16 01:00:00,0.004296372696122387
2018-04-16 01:30:00,0.004292711733077161
2018-04-16 02:00:00,0.004278045004062009
2018-04-16 02:30:00,0.004273586364864636
2018-04-16 03:00:00,0.004254657291049374
2018-04-16 03:30:00,0.004243530110466475
2018-04-16 04:00:00,0.00437096356273285
2018-04-16 04:30:00,0.004442428895813756
2018-04-16 05:00:00,0.00445276598865782
2018-04-16 05:30:00,0.004514279564058813
2018-04-16 06:00:00,0.004615728057262606
2018-04-16 06:30:00,0.004962317898992487
2018-04-16 07:00:00,0.005492184884514778
2018-04-16 07:30:00,0.006318763182669116
2018-04-16 08:00:00,0.007095804318730293
2018-04-16 08:30:00,0.007969987077064108
2018-04-16 09:00:00,0.008752170144303573
2018-04-16 09:30:00,0.009405350408447394
2018-04-16 10:00:00,0.009837675929272153
2018-04-16 10:30:00,0.010091781314210298
2018-04-16 11:00:00,0.010157203368843628
2018-04-16 11:30:00,0.010110970960747336
2018-04-16 12:00:00,0.010008329524333354
2018-04-16 12:30:00,0.009703930702640175
2018-04-16 13:00:00,0.00934415141741586
2018-04-16 13:30:00,0.00872983867146722
2018-04-16 14:00:00,0.008160824177617442
2018-04-16 14:30:00,0.007512465122595213
2018-04-16 15:00:00,0.006921981779951623
2018-04-16 15:30:00,0.0064659901183023085
2018-04-16 16:00:00,0.005959567200920915
2018-04-16 16:30:00,0.0056496658868228685
2018-04-16 17:00:00,0.005332947610902481
2018-04-16 17:30:00,0.005120704823936716
2018-04-16 18:00:00,0.004940191090126899
2018-04-16 18:30:00,0.004847512905607109
2018-04-16 19:00:00,0.004778244641368319
2018-04-16 19:30:00,0.004707847712243855
2018-04-16 20:00:00,0.004666571319199737
2018-04-16 20:30:00,0.00461236002929004
2018-04-16 21:00:00,0.004551580967659811
2018-04-16 21:30:00,0.004524218488392685
2018-04-16 22:00:00,0.004498991143123739
2018-04-16 22:30:00,0.004452522713054619
2018-04-16 23:00:00,0.004434904872421745
2018-04-16 23:30:00,0.00440660656324249
2018-04-17 00:00:00,0.004352628951825041
2018-04-17 00:30:00,0.004328640303434777
2018-04-17 01:00:00,0.004327429393540132
2018-04-17 01:30:00,0.004299367664305274
2018-04-17 02:00:00,0.004285705507299301
2018-04-17 02:30:00,0.0042960581117529265
2018-04-17 03:00:00,0.004296123394426263
2018-04-17 03:30:00,0.004303541180031923
2018-04-17 04:00:00,0.0044175853233885745
2018-04-17 04:30:00,0.004495659606491653
2018-04-17 05:00:00,0.004532624888020706
2018-04-17 05:30:00,0.0045723270200857665
2018-04-17 06:00:00,0.004713905832735113
2018-04-17 06:30:00,0.005059396805260997
2018-04-17 07:00:00,0.005603973595203409
2018-04-17 07:30:00,0.006415753594647102
2018-04-17 08:00:00,0.00719447221642723
2018-04-17 08:30:00,0.008068192862709277
2018-04-17 09:00:00,0.00884058230141091
2018-04-17 09:30:00,0.009462723500038503
2018-04-17 10:00:00,0.009877598906483421
2018-04-17 10:30:00,0.010136492245437766
2018-04-17 11:00:00,0.010192029164196278
2018-04-17 11:30:00,0.010116852427440492
2018-04-17 12:00:00,0.009999792670952974
2018-04-17 12:30:00,0.00966646012206007
2018-04-17 13:00:00,0.009310204538875506
2018-04-17 13:30:00,0.008653074840386334
2018-04-17 14:00:00,0.008040313590176821
2018-04-17 14:30:00,0.0073724028766649005
2018-04-17 15:00:00,0.00676082653487501
2018-04-17 15:30:00,0.006302791246564499
2018-04-17 16:00:00,0.0058023646264247445
2018-04-17 16:30:00,0.005466089558676248
2018-04-17 17:00:00,0.005127534619105098
2018-04-17 17:30:00,0.004923207997948613
2018-04-17 18:00:00,0.004763345238209739
2018-04-17 18:30:00,0.004689257327169745
2018-04-17 19:00:00,0.004668781221387893
2018-04-17 19:30:00,0.004617274754446256
2018-04-17 20:00:00,0.004578830848264723
2018-04-17 20:30:00,0.0045640408075332695
2018-04-17 21:00:00,0.004522388118464385
2018-04-17 21:30:00,0.004477366620262741
2018-04-17 22:00:00,0.004466765606867498
2018-04-17 22:30:00,0.004432577573015899
2018-04-17 23:00:00,0.004389914174250598
2018-04-17 23:30:00,0.004385851806460091
2018-04-18 00:00:00,0.004358116155808973
2018-04-18 00:30:00,0.004330849982434305
2018-04-18 01:00:00,0.0043166926814598005
2018-04-18 01:30:00,0.004291726466884199
2018-04-18 02:00:00,0.004267893604155433
2018-04-18 02:30:00,0.004254272067479536
2018-04-18 03:00:00,0.0042284475810396155
2018-04-18 03:30:00,0.004231950303348448
2018-04-18 04:00:00,0.0043518730119461065
2018-04-18 04:30:00,0.004410590368636368
2018-04-18 05:00:00,0.004434070146957552
2018-04-18 05:30:00,0.00454024923470046
2018-04-18 06:00:00,0.004606374668291115
2018-04-18 06:30:00,0.004962258419223447
2018-04-18 07:00:00,0.005481466808684785
2018-04-18 07:30:00,0.006294398238254084
2018-04-18 08:00:00,0.007042679176272867
2018-04-18 08:30:00,0.007887245027020356
2018-04-18 09:00:00,0.00863244551561219
2018-04-18 09:30:00,0.009263803065394425
2018-04-18 10:00:00,0.00968757220383396
2018-04-18 10:30:00,0.009953852751552092
2018-04-18 11:00:00,0.010026281924717788
2018-04-18 11:30:00,0.009933480316887382
2018-04-18 12:00:00,0.009821069691090202
2018-04-18 12:30:00,0.009529180815117194
2018-04-18 13:00:00,0.009199951031156246
2018-04-18 13:30:00,0.008568418836273552
2018-04-18 14:00:00,0.007978194838814288
2018-04-18 14:30:00,0.007321641301765174
2018-04-18 15:00:00,0.0067166143186341044
2018-04-18 15:30:00,0.0062422903895575635
2018-04-18 16:00:00,0.0057396153671915315
2018-04-18 16:30:00,0.005440720488629291
2018-04-18 17:00:00,0.00512391862856817
2018-04-18 17:30:00,0.0049380424532167976
2018-04-18 18:00:00,0.004774207828675579
2018-04-18 18:30:00,0.004688249072548225
2018-04-18 19:00:00,0.0046438448024939665
2018-04-18 19:30:00,0.004600219907124457
2018-04-18 20:00:00,0.004557876672444287
2018-04-18 20:30:00,0.004527001315785808
2018-04-18 21:00:00,0.004491065157014881
2018-04-18 21:30:00,0.004454050773987933
2018-04-18 22:00:00,0.004438907872037526
2018-04-18 22:30:00,0.004426802009326157
2018-04-18 23:00:00,0.004397227953956173
2018-04-18 23:30:00,0.0043863057721269805
2018-04-19 00:00:00,0.00436542078478085
2018-04-19 00:30:00,0.004355756717240869
2018-04-19 01:00:00,0.0043517394335529725
2018-04-19 01:30:00,0.004328949977654447
2018-04-19 02:00:00,0.004306113763738611
2018-04-19 02:30:00,0.004322509200262559
2018-04-19 03:00:00,0.004298625450526886
2018-04-19 03:30:00,0.004283807399622771
2018-04-19 04:00:00,0.004383491140354539
2018-04-19 04:30:00,0.004442629430794926
2018-04-19 05:00:00,0.004465674549265438
2018-04-19 05:30:00,0.004563038467410358
2018-04-19 06:00:00,0.004685281221783492
2018-04-19 06:30:00,0.005011532776708563
2018-04-19 07:00:00,0.005529017480405205
2018-04-19 07:30:00,0.006356141809534983
2018-04-19 08:00:00,0.007144392147999404
2018-04-19 08:30:00,0.008022623324834555
2018-04-19 09:00:00,0.008796417959130453
2018-04-19 09:30:00,0.009430702181375775
2018-04-19 10:00:00,0.00986472081112336
2018-04-19 10:30:00,0.010137226759208529
2018-04-19 11:00:00,0.010229401206997654
2018-04-19 11:30:00,0.01017413345372305
2018-04-19 12:00:00,0.010068574495579678
2018-04-19 12:30:00,0.009775463885063625
2018-04-19 13:00:00,0.0094159361334217
2018-04-19 13:30:00,0.008764433020213892
2018-04-19 14:00:00,0.008171942877032523
2018-04-19 14:30:00,0.007520188230242321
2018-04-19 15:00:00,0.006907092085498307
2018-04-19 15:30:00,0.006448391471891338
2018-04-19 16:00:00,0.005948353088367882
2018-04-19 16:30:00,0.0056185695734238695
2018-04-19 17:00:00,0.005268801860431447
2018-04-19 17:30:00,0.0050512640348894175
2018-04-19 18:00:00,0.00486095868123941
2018-04-19 18:30:00,0.004777713340842247
2018-04-19 19:00:00,0.0047260158244360785
2018-04-19 19:30:00,0.004669380817633762
2018-04-19 20:00:00,0.004623900889992693
2018-04-19 20:30:00,0.004584776593282392
2018-04-19 21:00:00,0.0044989360155329216
2018-04-19 21:30:00,0.004491187687570988
2018-04-19 22:00:00,0.004468443873746641
2018-04-19 22:30:00,0.004406955183877535
2018-04-19 23:00:00,0.004377317966126171
2018-04-19 23:30:00,0.004367211873510834
2018-04-20 00:00:00,0.004323389790989557
2018-04-20 00:30:00,0.004298331622699717
2018-04-20 01:00:00,0.0043094871482382184
2018-04-20 01:30:00,0.0042815933684450195
2018-04-20 02:00:00,0.004269457486863346
2018-04-20 02:30:00,0.0042604340822765645
2018-04-20 03:00:00,0.004241243766173645
2018-04-20 03:30:00,0.004230762270288048
2018-04-20 04:00:00,0.004379057163500428
2018-04-20 04:30:00,0.004455040503953431
2018-04-20 05:00:00,0.004476363498979636
2018-04-20 05:30:00,0.00451149707144863
2018-04-20 06:00:00,0.004636029517943996
2018-04-20 06:30:00,0.004970798062461663
2018-04-20 07:00:00,0.005501308723983614
2018-04-20 07:30:00,0.006338993892555813
2018-04-20 08:00:00,0.007114732611385362
2018-04-20 08:30:00,0.007970488470314192
2018-04-20 09:00:00,0.008746483409687294
2018-04-20 09:30:00,0.009395673507561372
2018-04-20 10:00:00,0.009844397031579289
2018-04-20 10:30:00,0.01011421489584341
2018-04-20 11:00:00,0.010180819850198721
2018-04-20 11:30:00,0.010112435078139076
2018-04-20 12:00:00,0.010009917623007278
2018-04-20 12:30:00,0.009757276913432436
2018-04-20 13:00:00,0.009390684237403808
2018-04-20 13:30:00,0.008732232704272477
2018-04-20 14:00:00,0.008143840862250529
2018-04-20 14:30:00,0.0075011105128016155
2018-04-20 15:00:00,0.006881453515184504
2018-04-20 15:30:00,0.006422616533326564
2018-04-20 16:00:00,0.005923960580157442
2018-04-20 16:30:00,0.005597401582898969
2018-04-20 17:00:00,0.005266726429390933
2018-04-20 17:30:00,0.005056524367634216
2018-04-20 18:00:00,0.004881931270121556
2018-04-20 18:30:00,0.004783434111724112
2018-04-20 19:00:00,0.004735852416784567
2018-04-20 19:30:00,0.004683170526939945
2018-04-20 20:00:00,0.004662206084442677
2018-04-20 20:30:00,0.004611836540365906
2018-04-20 21:00:00,0.004578879503385362
2018-04-20 21:30:00,0.0045545140009987635
2018-04-20 22:00:00,0.004547625060844282
2018-04-20 22:30:00,0.004521282553601584
2018-04-20 23:00:00,0.004496970504891101
2018-04-20 23:30:00,0.004485449619570545
2018-04-21 00:00:00,0.00478692288474377
2018-04-21 00:30:00,0.005129599783468781
2018-04-21 01:00:00,0.00526372141771984
2018-04-21 01:30:00,0.005348573046664006
2018-04-21 02:00:00,0.005362462967663618
2018-04-21 02:30:00,0.005371462825850273
2018-04-21 03:00:00,0.005356136462848646
2018-04-21 03:30:00,0.005359504602415524
2018-04-21 04:00:00,0.005488907582719003
2018-04-21 04:30:00,0.00559752522939821
2018-04-21 05:00:00,0.0055728061962267775
2018-04-21 05:30:00,0.005507044671692102
2018-04-21 06:00:00,0.005422962039161539
2018-04-21 06:30:00,0.005461519548354108
2018-04-21 07:00:00,0.005595573668045565
2018-04-21 07:30:00,0.005809034953319286
2018-04-21 08:00:00,0.006106696714718514
2018-04-21 08:30:00,0.00647115782776699
2018-04-21 09:00:00,0.006857399026149335
2018-04-21 09:30:00,0.007220403498625069
2018-04-21 10:00:00,0.007524783907256541
2018-04-21 10:30:00,0.007743122421997177
2018-04-21 11:00:00,0.00783616630108196
2018-04-21 11:30:00,0.007838309469870706
2018-04-21 12:00:00,0.007764523979420013
2018-04-21 12:30:00,0.00763456235798368
2018-04-21 13:00:00,0.007425298469619673
2018-04-21 13:30:00,0.007167887772713091
2018-04-21 14:00:00,0.006891693409381601
2018-04-21 14:30:00,0.006646048324124848
2018-04-21 15:00:00,0.006371448866720393
2018-04-21 15:30:00,0.0061601009545537416
2018-04-21 16:00:00,0.005934810672060182
2018-04-21 16:30:00,0.005784463782613101
2018-04-21 17:00:00,0.005636831201650719
2018-04-21 17:30:00,0.00553646829792763
2018-04-21 18:00:00,0.005452054676663537
2018-04-21 18:30:00,0.005408859977372164
2018-04-21 19:00:00,0.005415522269476142
2018-04-21 19:30:00,0.00540000150918058
2018-04-21 20:00:00,0.005416086825107605
2018-04-21 20:30:00,0.005391758037250114
2018-04-21 21:00:00,0.005380137721396323
2018-04-21 21:30:00,0.005362204626828109
2018-04-21 22:00:00,0.005345837535259762
2018-04-21 22:30:00,0.005330768397150508
2018-04-21 23:00:00,0.005323599913240974
2018-04-21 23:30:00,0.005214240499160631
2018-04-22 00:00:00,0.004856721110376873
2018-04-22 00:30:00,0.0043743938603322905
2018-04-22 01:00:00,0.004281610553969283
2018-04-22 01:30:00,0.004100960340314184
2018-04-22 02:00:00,0.004079215853566286
2018-04-22 02:30:00,0.004076304246335506
2018-04-22 03:00:00,0.004047164627627569
2018-04-22 03:30:00,0.004029608275461375
2018-04-22 04:00:00,0.00402180995324704
2018-04-22 04:30:00,0.003993285442394533
2018-04-22 05:00:00,0.003996913708305936
2018-04-22 05:30:00,0.00396857131937289
2018-04-22 06:00:00,0.004102541966517928
2018-04-22 06:30:00,0.004248401537029094
2018-04-22 07:00:00,0.004330283306510887
2018-04-22 07:30:00,0.004431826766475379
2018-04-22 08:00:00,0.004544141197974414
2018-04-22 08:30:00,0.004754217269751306
2018-04-22 09:00:00,0.004975738342715646
2018-04-22 09:30:00,0.005232518420157235
2018-04-22 10:00:00,0.005524867176295743
2018-04-22 10:30:00,0.005858884021518383
2018-04-22 11:00:00,0.006087459975381224
2018-04-22 11:30:00,0.006240832856230316
2018-04-22 12:00:00,0.006304602310676582
2018-04-22 12:30:00,0.0063478721129408685
2018-04-22 13:00:00,0.0063006873589740685
2018-04-22 13:30:00,0.006165639826704775
2018-04-22 14:00:00,0.005986324727415129
2018-04-22 14:30:00,0.005781517804333794
2018-04-22 15:00:00,0.0054882015254981535
2018-04-22 15:30:00,0.005262925527076709
2018-04-22 16:00:00,0.005040158726791944
2018-04-22 16:30:00,0.0048588416255199995
2018-04-22 17:00:00,0.004715827375217456
2018-04-22 17:30:00,0.004611872027357565
2018-04-22 18:00:00,0.00449789484058895
2018-04-22 18:30:00,0.004428482061714313
2018-04-22 19:00:00,0.0044230216403655966
2018-04-22 19:30:00,0.004357154659204764
2018-04-22 20:00:00,0.004331046946397446
2018-04-22 20:30:00,0.004303097481041865
2018-04-22 21:00:00,0.004242029278545631
2018-04-22 21:30:00,0.004222376961985257
2018-04-22 22:00:00,0.004201269455578216
2018-04-22 22:30:00,0.004158130553443542
2018-04-22 23:00:00,0.00413069687700447
2018-04-22 23:30:00,0.004127586185518593
2018-04-23 00:00:00,0.004152839085885305
2018-04-23 00:30:00,0.0042264594167521746
2018-04-23 01:00:00,0.004252036944976553
2018-04-23 01:30:00,0.004241066777592601
2018-04-23 02:00:00,0.004227574020754361
2018-04-23 02:30:00,0.004233533715061206
2018-04-23 03:00:00,0.00419984484257342
2018-04-23 03:30:00,0.004189033250708801
2018-04-23 04:00:00,0.004333708247583284
2018-04-23 04:30:00,0.004423703593214753
2018-04-23 05:00:00,0.004433959222210038
2018-04-23 05:30:00,0.004471440627438542
2018-04-23 06:00:00,0.004588998987318307
2018-04-23 06:30:00,0.004933086772947566
2018-04-23 07:00:00,0.005500369434647772
2018-04-23 07:30:00,0.006370159506023431
2018-04-23 08:00:00,0.007186687285530503
2018-04-23 08:30:00,0.008082228637476496
2018-04-23 09:00:00,0.008873829706794907
2018-04-23 09:30:00,0.009557813795642318
2018-04-23 10:00:00,0.010019062888584285
2018-04-23 10:30:00,0.010291436262625141
2018-04-23 11:00:00,0.010353818264972971
2018-04-23 11:30:00,0.010277199952876754
2018-04-23 12:00:00,0.010174331422035013
2018-04-23 12:30:00,0.009883856446012716
2018-04-23 13:00:00,0.00951573358875882
2018-04-23 13:30:00,0.00888508789910173
2018-04-23 14:00:00,0.00829668110344179
2018-04-23 14:30:00,0.007639459228049753
2018-04-23 15:00:00,0.007017070848017991
2018-04-23 15:30:00,0.00654347540661929
2018-04-23 16:00:00,0.006017738080258484
2018-04-23 16:30:00,0.005665045480311986
2018-04-23 17:00:00,0.005343368176292964
2018-04-23 17:30:00,0.005139893689313561
2018-04-23 18:00:00,0.004951123203849984
2018-04-23 18:30:00,0.004831923291620183
2018-04-23 19:00:00,0.004767361517548814
2018-04-23 19:30:00,0.004680244858825676
2018-04-23 20:00:00,0.004635085318458363
2018-04-23 20:30:00,0.004587199305826191
2018-04-23 21:00:00,0.004536343322137332
2018-04-23 21:30:00,0.004475424209643793
2018-04-23 22:00:00,0.004438437502006567
2018-04-23 22:30:00,0.0044009062141199765
2018-04-23 23:00:00,0.004374672399738523
2018-04-23 23:30:00,0.004337420990389926
2018-04-24 00:00:00,0.004304513724473156
2018-04-24 00:30:00,0.004275711008997358
2018-04-24 01:00:00,0.004251025454119944
2018-04-24 01:30:00,0.004212050359006652
2018-04-24 02:00:00,0.004200589957803955
2018-04-24 02:30:00,0.004189430526464486
2018-04-24 03:00:00,0.004176669828322117
2018-04-24 03:30:00,0.004151911625546682
2018-04-24 04:00:00,0.0042813906015775815
2018-04-24 04:30:00,0.004380316951704341
2018-04-24 05:00:00,0.004400030645137082
2018-04-24 05:30:00,0.0044318610259295906
2018-04-24 06:00:00,0.004541225684942664
2018-04-24 06:30:00,0.004913271863472577
2018-04-24 07:00:00,0.005495173491821801
2018-04-24 07:30:00,0.006362961114837905
2018-04-24 08:00:00,0.007180960600150027
2018-04-24 08:30:00,0.008099717475083087
2018-04-24 09:00:00,0.008930264848181933
2018-04-24 09:30:00,0.00962300875584789
2018-04-24 10:00:00,0.01008616042023892
2018-04-24 10:30:00,0.010365104579046772
2018-04-24 11:00:00,0.010442986473553559
2018-04-24 11:30:00,0.01040151936582785
2018-04-24 12:00:00,0.010307694103360675
2018-04-24 12:30:00,0.009981737603800219
2018-04-24 13:00:00,0.009593970799559455
2018-04-24 13:30:00,0.008981755245542442
2018-04-24 14:00:00,0.00839330838752399
2018-04-24 14:30:00,0.007714957579616743
2018-04-24 15:00:00,0.007079836957992526
2018-04-24 15:30:00,0.006614866417887474
2018-04-24 16:00:00,0.00610071168850253
2018-04-24 16:30:00,0.005755551816304489
2018-04-24 17:00:00,0.00540343805606157
2018-04-24 17:30:00,0.0051351610860768055
2018-04-24 18:00:00,0.0049335352704930995
2018-04-24 18:30:00,0.004804205161276267
2018-04-24 19:00:00,0.004752477514405483
2018-04-24 19:30:00,0.004681194303244038
2018-04-24 20:00:00,0.004645506553414727
2018-04-24 20:30:00,0.004606544068458849
2018-04-24 21:00:00,0.004555551939707648
2018-04-24 21:30:00,0.00452778638178054
2018-04-24 22:00:00,0.004498757687820117
2018-04-24 22:30:00,0.004460001540749705
2018-04-24 23:00:00,0.004426155766657287
2018-04-24 23:30:00,0.0044215016142228475
2018-04-25 00:00:00,0.004382370845042369
2018-04-25 00:30:00,0.004356633960138464
2018-04-25 01:00:00,0.004349612669128296
2018-04-25 01:30:00,0.004329638179785152
2018-04-25 02:00:00,0.004309655544057131
2018-04-25 02:30:00,0.004299947396763359
2018-04-25 03:00:00,0.004273728089642648
2018-04-25 03:30:00,0.004244461365011755
2018-04-25 04:00:00,0.004379909855649077
2018-04-25 04:30:00,0.004465736149326432
2018-04-25 05:00:00,0.004473266198811367
2018-04-25 05:30:00,0.0045048325474583845
2018-04-25 06:00:00,0.004635534039192523
2018-04-25 06:30:00,0.004985500836440041
2018-04-25 07:00:00,0.0055573838621156306
2018-04-25 07:30:00,0.006421680926603062
2018-04-25 08:00:00,0.007233875052543765
2018-04-25 08:30:00,0.008122769623995343
2018-04-25 09:00:00,0.008916732363768127
2018-04-25 09:30:00,0.009573093847003888
2018-04-25 10:00:00,0.010020837126572948
2018-04-25 10:30:00,0.010281896622744598
2018-04-25 11:00:00,0.010318799969429715
2018-04-25 11:30:00,0.010228720035308694
2018-04-25 12:00:00,0.010114515977300948
2018-04-25 12:30:00,0.00981385322162591
2018-04-25 13:00:00,0.00944629704029543
2018-04-25 13:30:00,0.008806021877335514
2018-04-25 14:00:00,0.008224395886940374
2018-04-25 14:30:00,0.007576691890537771
2018-04-25 15:00:00,0.006962257395193217
2018-04-25 15:30:00,0.006492345458891048
2018-04-25 16:00:00,0.005976762099106025
2018-04-25 16:30:00,0.0056493875706052615
2018-04-25 17:00:00,0.00532736242711139
2018-04-25 17:30:00,0.005133916028322261
2018-04-25 18:00:00,0.004945031828253335
2018-04-25 18:30:00,0.004824938380356182
2018-04-25 19:00:00,0.004765695414449832
2018-04-25 19:30:00,0.004684056474193985
2018-04-25 20:00:00,0.004642531560613937
2018-04-25 20:30:00,0.004615222869805867
2018-04-25 21:00:00,0.004557551709803681
2018-04-25 21:30:00,0.0045092663011238685
2018-04-25 22:00:00,0.004493196719995032
2018-04-25 22:30:00,0.004457438107776716
2018-04-25 23:00:00,0.0044220950727814805
2018-04-25 23:30:00,0.00440375711404427
2018-04-26 00:00:00,0.004373569624733557
2018-04-26 00:30:00,0.0043578876106551406
2018-04-26 01:00:00,0.0043545886595625655
2018-04-26 01:30:00,0.004317986171146359
2018-04-26 02:00:00,0.004303188653595908
2018-04-26 02:30:00,0.004297790055496813
2018-04-26 03:00:00,0.004276011644077643
2018-04-26 03:30:00,0.004254982700067233
2018-04-26 04:00:00,0.004409262842684224
2018-04-26 04:30:00,0.004501775756025877
2018-04-26 05:00:00,0.004495572674521519
2018-04-26 05:30:00,0.0045233031918342215
2018-04-26 06:00:00,0.004649390816681056
2018-04-26 06:30:00,0.005016737758673918
2018-04-26 07:00:00,0.0056050768165856295
2018-04-26 07:30:00,0.006478015967890974
2018-04-26 08:00:00,0.0073042497743998624
2018-04-26 08:30:00,0.00821361732699252
2018-04-26 09:00:00,0.009041898554369262
2018-04-26 09:30:00,0.00973153511837874
2018-04-26 10:00:00,0.010205733727041342
2018-04-26 10:30:00,0.010469264814066055
2018-04-26 11:00:00,0.010520728094008409
2018-04-26 11:30:00,0.01042226664579125
2018-04-26 12:00:00,0.010300225877125362
2018-04-26 12:30:00,0.009961043107947053
2018-04-26 13:00:00,0.009585172369108476
2018-04-26 13:30:00,0.00893670484441363
2018-04-26 14:00:00,0.008345500267722569
2018-04-26 14:30:00,0.007668021122997246
2018-04-26 15:00:00,0.007040094205597392
2018-04-26 15:30:00,0.006569437823630567
2018-04-26 16:00:00,0.006057687393727711
2018-04-26 16:30:00,0.0057256087185401094
2018-04-26 17:00:00,0.00539608041979083
2018-04-26 17:30:00,0.0052007524292835535
2018-04-26 18:00:00,0.005015416816786265
2018-04-26 18:30:00,0.004897752888686029
2018-04-26 19:00:00,0.004846027250512886
2018-04-26 19:30:00,0.004777756639435844
2018-04-26 20:00:00,0.0047311672411310055
2018-04-26 20:30:00,0.004688815525283016
2018-04-26 21:00:00,0.004631142914554756
2018-04-26 21:30:00,0.004605792257569508
2018-04-26 22:00:00,0.004581145091135901
2018-04-26 22:30:00,0.0045294521500965825
2018-04-26 23:00:00,0.00450331731987111
2018-04-26 23:30:00,0.004491942065129536
2018-04-27 00:00:00,0.004446097670460919
2018-04-27 00:30:00,0.004428373034070126
2018-04-27 01:00:00,0.004423955461580084
2018-04-27 01:30:00,0.004382691009127498
2018-04-27 02:00:00,0.0043601095650291416
2018-04-27 02:30:00,0.004347566810580831
2018-04-27 03:00:00,0.004307599195644206
2018-04-27 03:30:00,0.004312905616840439
2018-04-27 04:00:00,0.004454973100988141
2018-04-27 04:30:00,0.004527487309020643
2018-04-27 05:00:00,0.004521543684294927
2018-04-27 05:30:00,0.004570389073239353
2018-04-27 06:00:00,0.004684177888806959
2018-04-27 06:30:00,0.0050553214925301345
2018-04-27 07:00:00,0.005644029258053303
2018-04-27 07:30:00,0.006539487360641504
2018-04-27 08:00:00,0.007372318846146913
2018-04-27 08:30:00,0.008259989897546432
2018-04-27 09:00:00,0.009085117916003893
2018-04-27 09:30:00,0.009781848418921562
2018-04-27 10:00:00,0.010259516160004662
2018-04-27 10:30:00,0.010541777236589544
2018-04-27 11:00:00,0.010615913133184296
2018-04-27 11:30:00,0.010550496769860952
2018-04-27 12:00:00,0.01046297468899725
2018-04-27 12:30:00,0.010129769580810242
2018-04-27 13:00:00,0.009747624674889675
2018-04-27 13:30:00,0.009084023622166745
2018-04-27 14:00:00,0.008478836278007329
2018-04-27 14:30:00,0.007796479345843524
2018-04-27 15:00:00,0.007179158017205763
2018-04-27 15:30:00,0.006721444008923515
2018-04-27 16:00:00,0.006206270088674335
2018-04-27 16:30:00,0.0058615689806986605
2018-04-27 17:00:00,0.0055338879026190025
2018-04-27 17:30:00,0.005329988018116939
2018-04-27 18:00:00,0.005154649582185115
2018-04-27 18:30:00,0.005033087776312316
2018-04-27 19:00:00,0.004978845574777809
2018-04-27 19:30:00,0.004923581057738292
2018-04-27 20:00:00,0.0048740197912734385
2018-04-27 20:30:00,0.00483456060002864
2018-04-27 21:00:00,0.004798500683164158
2018-04-27 21:30:00,0.004756572914112755
2018-04-27 22:00:00,0.004730472566530123
2018-04-27 22:30:00,0.004670969585873562
2018-04-27 23:00:00,0.004647447736496228
2018-04-27 23:30:00,0.004621824343009045
2018-04-28 00:00:00,0.004963648326396778
2018-04-28 00:30:00,0.005302659351926772
2018-04-28 01:00:00,0.005437822607499058
2018-04-28 01:30:00,0.00552462512822999
2018-04-28 02:00:00,0.005523937818853792
2018-04-28 02:30:00,0.005521336555408562
2018-04-28 03:00:00,0.005521362556883583
2018-04-28 03:30:00,0.005519754594421878
2018-04-28 04:00:00,0.005648120193988039
2018-04-28 04:30:00,0.005736974152982107
2018-04-28 05:00:00,0.005713569477633835
2018-04-28 05:30:00,0.005640222664429096
2018-04-28 06:00:00,0.0055710344133130104
2018-04-28 06:30:00,0.005617838630671134
2018-04-28 07:00:00,0.005768077831605789
2018-04-28 07:30:00,0.005999750527665332
2018-04-28 08:00:00,0.006290227289196643
2018-04-28 08:30:00,0.006635088535012041
2018-04-28 09:00:00,0.007014047758068129
2018-04-28 09:30:00,0.007400713684407255
2018-04-28 10:00:00,0.007729346215602914
2018-04-28 10:30:00,0.00795889114288896
2018-04-28 11:00:00,0.008050646665625603
2018-04-28 11:30:00,0.00804236491684564
2018-04-28 12:00:00,0.007950751788452892
2018-04-28 12:30:00,0.007785589191582275
2018-04-28 13:00:00,0.007555434736156469
2018-04-28 13:30:00,0.007284218595145515
2018-04-28 14:00:00,0.007000542391072475
2018-04-28 14:30:00,0.006748537322706732
2018-04-28 15:00:00,0.006470568832980893
2018-04-28 15:30:00,0.006264802645181616
2018-04-28 16:00:00,0.0060591813068011265
2018-04-28 16:30:00,0.00590616072919942
2018-04-28 17:00:00,0.005769119341332702
2018-04-28 17:30:00,0.005664581917534144
2018-04-28 18:00:00,0.005565205507541464
2018-04-28 18:30:00,0.00550932498989201
2018-04-28 19:00:00,0.005516775807414434
2018-04-28 19:30:00,0.005511679964687578
2018-04-28 20:00:00,0.005505032626221596
2018-04-28 20:30:00,0.0054783707360539615
2018-04-28 21:00:00,0.0054546081777426345
2018-04-28 21:30:00,0.005439890003749007
2018-04-28 22:00:00,0.0054300915766557
2018-04-28 22:30:00,0.005414054357877747
2018-04-28 23:00:00,0.00539906132709023
2018-04-28 23:30:00,0.005327510847548204
2018-04-29 00:00:00,0.004983348405323285
2018-04-29 00:30:00,0.004480455774046132
2018-04-29 01:00:00,0.004377416838687838
2018-04-29 01:30:00,0.004183990973252375
2018-04-29 02:00:00,0.004177915778831168
2018-04-29 02:30:00,0.004142351229123844
2018-04-29 03:00:00,0.004092899771463371
2018-04-29 03:30:00,0.004081688783551113
2018-04-29 04:00:00,0.0040749288464229155
2018-04-29 04:30:00,0.004042414950460863
2018-04-29 05:00:00,0.00403671627525305
2018-04-29 05:30:00,0.004011500535792698
2018-04-29 06:00:00,0.004142194215924898
2018-04-29 06:30:00,0.004310010860350979
2018-04-29 07:00:00,0.004408510139040377
2018-04-29 07:30:00,0.004468322124350728
2018-04-29 08:00:00,0.0045922955949303
2018-04-29 08:30:00,0.004798448233836862
2018-04-29 09:00:00,0.005021601485228913
2018-04-29 09:30:00,0.00528428880765005
2018-04-29 10:00:00,0.005552661525555707
2018-04-29 10:30:00,0.005857875543708237
2018-04-29 11:00:00,0.006043690230592928
2018-04-29 11:30:00,0.006176514357762146
2018-04-29 12:00:00,0.006233050380408483
2018-04-29 12:30:00,0.006285366017716544
2018-04-29 13:00:00,0.0062381609535847055
2018-04-29 13:30:00,0.006100814355270853
2018-04-29 14:00:00,0.005930071261570309
2018-04-29 14:30:00,0.005712783407290284
2018-04-29 15:00:00,0.005425591424373745
2018-04-29 15:30:00,0.005215784852863701
2018-04-29 16:00:00,0.00497837654387861
2018-04-29 16:30:00,0.004802164547661532
2018-04-29 17:00:00,0.004665763153182133
2018-04-29 17:30:00,0.004571739699214369
2018-04-29 18:00:00,0.004469393764542256
2018-04-29 18:30:00,0.0043955319435812
2018-04-29 19:00:00,0.004405790027651381
2018-04-29 19:30:00,0.00435542673285616
2018-04-29 20:00:00,0.0043357791032569495
2018-04-29 20:30:00,0.004301067580481216
2018-04-29 21:00:00,0.004241504338895421
2018-04-29 21:30:00,0.004208084073919977
2018-04-29 22:00:00,0.004193032567712241
2018-04-29 22:30:00,0.0041574829716429125
2018-04-29 23:00:00,0.004127298718567287
2018-04-29 23:30:00,0.004128355293526508
2018-04-30 00:00:00,0.004181450417113632
2018-04-30 00:30:00,0.004241618723066651
2018-04-30 01:00:00,0.0042726412726244965
2018-04-30 01:30:00,0.004263419118565559
2018-04-30 02:00:00,0.004253215380926002
2018-04-30 02:30:00,0.004254632851894741
2018-04-30 03:00:00,0.00422027251642326
2018-04-30 03:30:00,0.004216723594068682
2018-04-30 04:00:00,0.004375840345822512
2018-04-30 04:30:00,0.004463654692192995
2018-04-30 05:00:00,0.004455811509064675
2018-04-30 05:30:00,0.004508254363890006
2018-04-30 06:00:00,0.004626284209743863
2018-04-30 06:30:00,0.005004673185858504
2018-04-30 07:00:00,0.00561545586889153
2018-04-30 07:30:00,0.006500946255813004
2018-04-30 08:00:00,0.007335816123046881
2018-04-30 08:30:00,0.008248214465597023
2018-04-30 09:00:00,0.009061512036108572
2018-04-30 09:30:00,0.009719292329444837
2018-04-30 10:00:00,0.010165899132526282
2018-04-30 10:30:00,0.01042002862183612
2018-04-30 11:00:00,0.010477985128497657
2018-04-30 11:30:00,0.010436340697407964
2018-04-30 12:00:00,0.01033426102676761
2018-04-30 12:30:00,0.010026571065583793
2018-04-30 13:00:00,0.00965573523897696
2018-04-30 13:30:00,0.009011862163758884
2018-04-30 14:00:00,0.008442907707649713
2018-04-30 14:30:00,0.0077831268630572225
2018-04-30 15:00:00,0.0071664802336382435
2018-04-30 15:30:00,0.006698036655311724
2018-04-30 16:00:00,0.006196900518527403
2018-04-30 16:30:00,0.005867050939749862
2018-04-30 17:00:00,0.00553158537715073
2018-04-30 17:30:00,0.005319746784788082
2018-04-30 18:00:00,0.0051277243294378695
2018-04-30 18:30:00,0.004995485514442405
2018-04-30 19:00:00,0.0049233972619041316
2018-04-30 19:30:00,0.004849677388909713
2018-04-30 20:00:00,0.004808080831780466
2018-04-30 20:30:00,0.004763437303518289
2018-04-30 21:00:00,0.004694675677462311
2018-04-30 21:30:00,0.0046255106379634115
2018-04-30 22:00:00,0.004581897459996809
2018-04-30 22:30:00,0.004545330346977947
2018-04-30 23:00:00,0.004500546544663834
2018-04-30 23:30:00,0.004471124480748695
2018-05-01 00:00:00,0.004428257533955763
2018-05-01 00:30:00,0.004388121411605913
2018-05-01 01:00:00,0.004360565539393672
2018-05-01 01:30:00,0.004331998511107764
2018-05-01 02:00:00,0.0043169969991524275
2018-05-01 02:30:00,0.004314870904293632
2018-05-01 03:00:00,0.0042838116402066796
2018-05-01 03:30:00,0.0042807352081750145
2018-05-01 04:00:00,0.004431871292606424
2018-05-01 04:30:00,0.004528953100327082
2018-05-01 05:00:00,0.004507130609154121
2018-05-01 05:30:00,0.004553536323219113
2018-05-01 06:00:00,0.004672502110579412
2018-05-01 06:30:00,0.005050735635815494
2018-05-01 07:00:00,0.005646900356548322
2018-05-01 07:30:00,0.006511642793940512
2018-05-01 08:00:00,0.007336082945050208
2018-05-01 08:30:00,0.008229979062033824
2018-05-01 09:00:00,0.009039341928649388
2018-05-01 09:30:00,0.009724466511379693
2018-05-01 10:00:00,0.010187583581533573
2018-05-01 10:30:00,0.01045148917907404
2018-05-01 11:00:00,0.010493898700776369
2018-05-01 11:30:00,0.010404611867440643
2018-05-01 12:00:00,0.010286497544691546
2018-05-01 12:30:00,0.009996988863828934
2018-05-01 13:00:00,0.009628344972725798
2018-05-01 13:30:00,0.008988835793133022
2018-05-01 14:00:00,0.008395350228676175
2018-05-01 14:30:00,0.007734888547177663
2018-05-01 15:00:00,0.007121200283006779
2018-05-01 15:30:00,0.006645480197475356
2018-05-01 16:00:00,0.006136360268727839
2018-05-01 16:30:00,0.005809459904464693
2018-05-01 17:00:00,0.005466889689903288
2018-05-01 17:30:00,0.005239497640111253
2018-05-01 18:00:00,0.00503613329671917
2018-05-01 18:30:00,0.004898812030314458
2018-05-01 19:00:00,0.004832351144217739
2018-05-01 19:30:00,0.0047570933899904275
2018-05-01 20:00:00,0.004709075919257077
2018-05-01 20:30:00,0.0046602815289138715
2018-05-01 21:00:00,0.004594368682490233
2018-05-01 21:30:00,0.00457329197611369
2018-05-01 22:00:00,0.004543933409362873
2018-05-01 22:30:00,0.004516970437737699
2018-05-01 23:00:00,0.004494003212097936
2018-05-01 23:30:00,0.004479378107761681
2018-05-02 00:00:00,0.004455519689935148
2018-05-02 00:30:00,0.004436565618993684
2018-05-02 01:00:00,0.004416156358205555
2018-05-02 01:30:00,0.004398949965806167
2018-05-02 02:00:00,0.004380655975228433
2018-05-02 02:30:00,0.004396921404377278
2018-05-02 03:00:00,0.004367606471002998
2018-05-02 03:30:00,0.004360559290112123
2018-05-02 04:00:00,0.004487973659750908
2018-05-02 04:30:00,0.004595938144913816
2018-05-02 05:00:00,0.004555532633891431
2018-05-02 05:30:00,0.004609236169675183
2018-05-02 06:00:00,0.004736441299976352
2018-05-02 06:30:00,0.0050982095306483
2018-05-02 07:00:00,0.005690397476428993
2018-05-02 07:30:00,0.006542476637514408
2018-05-02 08:00:00,0.007355208201668418
2018-05-02 08:30:00,0.008233870132553271
2018-05-02 09:00:00,0.00902472753736722
2018-05-02 09:30:00,0.00969788586187221
2018-05-02 10:00:00,0.010139588764445841
2018-05-02 10:30:00,0.010389671955546301
2018-05-02 11:00:00,0.010426808422752103
2018-05-02 11:30:00,0.010314569652197549
2018-05-02 12:00:00,0.010199966979302356
2018-05-02 12:30:00,0.009927653308219167
2018-05-02 13:00:00,0.00956702981201402
2018-05-02 13:30:00,0.008915389214612109
2018-05-02 14:00:00,0.008337329666878748
2018-05-02 14:30:00,0.0076551813044866785
2018-05-02 15:00:00,0.007034490162367337
2018-05-02 15:30:00,0.006567649189975477
2018-05-02 16:00:00,0.006056738395686602
2018-05-02 16:30:00,0.005747691001274652
2018-05-02 17:00:00,0.005429563400770403
2018-05-02 17:30:00,0.0052286829236058594
2018-05-02 18:00:00,0.005040655098297923
2018-05-02 18:30:00,0.004906125810020034
2018-05-02 19:00:00,0.00484392481364853
2018-05-02 19:30:00,0.004767346005939253
2018-05-02 20:00:00,0.004709981172327335
2018-05-02 20:30:00,0.00465161611888446
2018-05-02 21:00:00,0.004583969654802235
2018-05-02 21:30:00,0.004554903130369572
2018-05-02 22:00:00,0.004529765506928594
2018-05-02 22:30:00,0.004482592023987448
2018-05-02 23:00:00,0.004442528772724243
2018-05-02 23:30:00,0.00442322686230793
2018-05-03 00:00:00,0.004389811507482275
2018-05-03 00:30:00,0.004356509644073343
2018-05-03 01:00:00,0.004346795135903707
2018-05-03 01:30:00,0.004310837327835981
2018-05-03 02:00:00,0.0042941678156783345
2018-05-03 02:30:00,0.004296578364441974
2018-05-03 03:00:00,0.004280608548629311
2018-05-03 03:30:00,0.004253106688064756
2018-05-03 04:00:00,0.0043867079580324556
2018-05-03 04:30:00,0.0044769625372539385
2018-05-03 05:00:00,0.004449809632107367
2018-05-03 05:30:00,0.00449064667833965
2018-05-03 06:00:00,0.004596590078892668
2018-05-03 06:30:00,0.004959895409637314
2018-05-03 07:00:00,0.005539029275825723
2018-05-03 07:30:00,0.006391816056452374
2018-05-03 08:00:00,0.007214053893787225
2018-05-03 08:30:00,0.008106181017714908
2018-05-03 09:00:00,0.00888104316321274
2018-05-03 09:30:00,0.00953512711810643
2018-05-03 10:00:00,0.009968095087393405
2018-05-03 10:30:00,0.01021750748507605
2018-05-03 11:00:00,0.010264628072312647
2018-05-03 11:30:00,0.010172653713127438
2018-05-03 12:00:00,0.010035381213437678
2018-05-03 12:30:00,0.009772558303925767
2018-05-03 13:00:00,0.009408488328945738
2018-05-03 13:30:00,0.008784610276424472
2018-05-03 14:00:00,0.008189423903037176
2018-05-03 14:30:00,0.007503032948038466
2018-05-03 15:00:00,0.006892652562505227
2018-05-03 15:30:00,0.006415329313067577
2018-05-03 16:00:00,0.0059062455408776015
2018-05-03 16:30:00,0.005592931114704378
2018-05-03 17:00:00,0.005276674950835757
2018-05-03 17:30:00,0.005075052259892825
2018-05-03 18:00:00,0.00487579793506307
2018-05-03 18:30:00,0.004756375615366673
2018-05-03 19:00:00,0.0047144442752972415
2018-05-03 19:30:00,0.004646531100806004
2018-05-03 20:00:00,0.004593735049978778
2018-05-03 20:30:00,0.004566979420587891
2018-05-03 21:00:00,0.004523366465809916
2018-05-03 21:30:00,0.004473208839334281
2018-05-03 22:00:00,0.004454695007959161
2018-05-03 22:30:00,0.004415427758933402
2018-05-03 23:00:00,0.00438232877398622
2018-05-03 23:30:00,0.004373038547396112
2018-05-04 00:00:00,0.00434789846888024
2018-05-04 00:30:00,0.0043130375213188705
2018-05-04 01:00:00,0.0043109913279884655
2018-05-04 01:30:00,0.00427261080737694
2018-05-04 02:00:00,0.004257073754311624
2018-05-04 02:30:00,0.004257013047005136
2018-05-04 03:00:00,0.004232240225374647
2018-05-04 03:30:00,0.004219920547958812
2018-05-04 04:00:00,0.004355865075319175
2018-05-04 04:30:00,0.004452728269779892
2018-05-04 05:00:00,0.00442245797748864
2018-05-04 05:30:00,0.0044830228896314646
2018-05-04 06:00:00,0.004576076031044261
2018-05-04 06:30:00,0.00496185779563836
2018-05-04 07:00:00,0.0055332111947025775
2018-05-04 07:30:00,0.006401086865631952
2018-05-04 08:00:00,0.007228445096442605
2018-05-04 08:30:00,0.008124551785180257
2018-05-04 09:00:00,0.008912033573608329
2018-05-04 09:30:00,0.00957590189471184
2018-05-04 10:00:00,0.010026734997630172
2018-05-04 10:30:00,0.010295366391154276
2018-05-04 11:00:00,0.010363486796285487
2018-05-04 11:30:00,0.010291068224579565
2018-05-04 12:00:00,0.010176702243223083
2018-05-04 12:30:00,0.009901711759344494
2018-05-04 13:00:00,0.009538367258995846
2018-05-04 13:30:00,0.008892437388987592
2018-05-04 14:00:00,0.008308175652504383
2018-05-04 14:30:00,0.007655118365293924
2018-05-04 15:00:00,0.007050363783881852
2018-05-04 15:30:00,0.006574496282262435
2018-05-04 16:00:00,0.0060724454068912205
2018-05-04 16:30:00,0.005737871594450427
2018-05-04 17:00:00,0.005430877535404939
2018-05-04 17:30:00,0.005227772648791498
2018-05-04 18:00:00,0.0050566574996500965
2018-05-04 18:30:00,0.004926474586690303
2018-05-04 19:00:00,0.004878511127604635
2018-05-04 19:30:00,0.004802787690307529
2018-05-04 20:00:00,0.004754279762566808
2018-05-04 20:30:00,0.004708024589230584
2018-05-04 21:00:00,0.004622994967356554
2018-05-04 21:30:00,0.0045808426705466025
2018-05-04 22:00:00,0.004561266796090904
2018-05-04 22:30:00,0.004515689446614241
2018-05-04 23:00:00,0.00447208318749507
2018-05-04 23:30:00,0.004466733914082494
2018-05-05 00:00:00,0.0047954816106095775
2018-05-05 00:30:00,0.005125473025759445
2018-05-05 01:00:00,0.005269285286997073
2018-05-05 01:30:00,0.005372701522728954
2018-05-05 02:00:00,0.005387455630091494
2018-05-05 02:30:00,0.005401884328436175
2018-05-05 03:00:00,0.0053967323537696815
2018-05-05 03:30:00,0.0053929193992696125
2018-05-05 04:00:00,0.005532792827621661
2018-05-05 04:30:00,0.005648437345026706
2018-05-05 05:00:00,0.005593120713442834
2018-05-05 05:30:00,0.005523596228660491
2018-05-05 06:00:00,0.005460822195489705
2018-05-05 06:30:00,0.005504467958995819
2018-05-05 07:00:00,0.0056702374057426745
2018-05-05 07:30:00,0.005903325787261942
2018-05-05 08:00:00,0.00622614592864444
2018-05-05 08:30:00,0.006593482045988903
2018-05-05 09:00:00,0.007006654411617104
2018-05-05 09:30:00,0.007421554815188221
2018-05-05 10:00:00,0.0077656775298375735
2018-05-05 10:30:00,0.007996060976794466
2018-05-05 11:00:00,0.008092251034356786
2018-05-05 11:30:00,0.008081783599354679
2018-05-05 12:00:00,0.00798923140481471
2018-05-05 12:30:00,0.007860043801536085
2018-05-05 13:00:00,0.007667766687962705
2018-05-05 13:30:00,0.007428218111641019
2018-05-05 14:00:00,0.0071807307158644335
2018-05-05 14:30:00,0.0069696295387246966
2018-05-05 15:00:00,0.0067117170021907795
2018-05-05 15:30:00,0.0064985632708447726
2018-05-05 16:00:00,0.00631585536964499
2018-05-05 16:30:00,0.006179703276861713
2018-05-05 17:00:00,0.006042815219581601
2018-05-05 17:30:00,0.005917582853552621
2018-05-05 18:00:00,0.005820343586255764
2018-05-05 18:30:00,0.005724400040531732
2018-05-05 19:00:00,0.005731085767441521
2018-05-05 19:30:00,0.0056868563656763535
2018-05-05 20:00:00,0.005668923159513825
2018-05-05 20:30:00,0.0056446894500113455
2018-05-05 21:00:00,0.005619531516405331
2018-05-05 21:30:00,0.005594859687628465
2018-05-05 22:00:00,0.005555914053413909
2018-05-05 22:30:00,0.005533050722079917
2018-05-05 23:00:00,0.005491149177692162
2018-05-05 23:30:00,0.005398525562791622
2018-05-06 00:00:00,0.005038728310882851
2018-05-06 00:30:00,0.004527915942778391
2018-05-06 01:00:00,0.004414551074007372
2018-05-06 01:30:00,0.00420325605754527
2018-05-06 02:00:00,0.0041953818511978255
2018-05-06 02:30:00,0.004164923522488503
2018-05-06 03:00:00,0.0041287036909729265
2018-05-06 03:30:00,0.004110252017630366
2018-05-06 04:00:00,0.004092218488180097
2018-05-06 04:30:00,0.004083066415349971
2018-05-06 05:00:00,0.004042896926300415
2018-05-06 05:30:00,0.004049549844482067
2018-05-06 06:00:00,0.004214319740963846
2018-05-06 06:30:00,0.004392785384339931
2018-05-06 07:00:00,0.004516013851283279
2018-05-06 07:30:00,0.004631986009592452
2018-05-06 08:00:00,0.004800993476936769
2018-05-06 08:30:00,0.0050695888254976475
2018-05-06 09:00:00,0.0053360129950971195
2018-05-06 09:30:00,0.005619752807928794
2018-05-06 10:00:00,0.005927147044182114
2018-05-06 10:30:00,0.0062727528472564815
2018-05-06 11:00:00,0.0064807629735095
2018-05-06 11:30:00,0.006635355022232428
2018-05-06 12:00:00,0.006695834676319819
2018-05-06 12:30:00,0.006727210533473872
2018-05-06 13:00:00,0.006668732434991529
2018-05-06 13:30:00,0.006531644400701812
2018-05-06 14:00:00,0.006345794784797026
2018-05-06 14:30:00,0.006105219875575049
2018-05-06 15:00:00,0.005823048744006765
2018-05-06 15:30:00,0.005578651059985138
2018-05-06 16:00:00,0.005345858849773621
2018-05-06 16:30:00,0.0051594209086486195
2018-05-06 17:00:00,0.005003653437022703
2018-05-06 17:30:00,0.004881228672324423
2018-05-06 18:00:00,0.004776259936504594
2018-05-06 18:30:00,0.0046685583675440435
2018-05-06 19:00:00,0.0046731585083307995
2018-05-06 19:30:00,0.004634407606193117
2018-05-06 20:00:00,0.004583560550049329
2018-05-06 20:30:00,0.004566203840109799
2018-05-06 21:00:00,0.004500884787027733
2018-05-06 21:30:00,0.004465630246323021
2018-05-06 22:00:00,0.004440991895840172
2018-05-06 22:30:00,0.0044044134002013445
2018-05-06 23:00:00,0.004391748338385553
2018-05-06 23:30:00,0.0043639707282725985
2018-05-07 00:00:00,0.004393106441179566
2018-05-07 00:30:00,0.004452334899825177
2018-05-07 01:00:00,0.00448274624732856
2018-05-07 01:30:00,0.004481866772544696
2018-05-07 02:00:00,0.004456469022759197
2018-05-07 02:30:00,0.004442131608562872
2018-05-07 03:00:00,0.00439755626442618
2018-05-07 03:30:00,0.004394676349980403
2018-05-07 04:00:00,0.004539996919957875
2018-05-07 04:30:00,0.004611858636039958
2018-05-07 05:00:00,0.0045748169124062285
2018-05-07 05:30:00,0.004649069201869853
2018-05-07 06:00:00,0.0047668121387439725
2018-05-07 06:30:00,0.005157158891916109
2018-05-07 07:00:00,0.005795652005285426
2018-05-07 07:30:00,0.006708734309382365
2018-05-07 08:00:00,0.007554034004334739
2018-05-07 08:30:00,0.008483267911380859
2018-05-07 09:00:00,0.009328112859506148
2018-05-07 09:30:00,0.010025306478824405
2018-05-07 10:00:00,0.010497446618782127
2018-05-07 10:30:00,0.01076274658726846
2018-05-07 11:00:00,0.010812068930308335
2018-05-07 11:30:00,0.010750191892228617
2018-05-07 12:00:00,0.01062709466019782
2018-05-07 12:30:00,0.01033013181398338
2018-05-07 13:00:00,0.009954688927742358
2018-05-07 13:30:00,0.009312843298010038
2018-05-07 14:00:00,0.008725252591563952
2018-05-07 14:30:00,0.008064739799869906
2018-05-07 15:00:00,0.00744071254575163
2018-05-07 15:30:00,0.006943099999412748
2018-05-07 16:00:00,0.006415507529186067
2018-05-07 16:30:00,0.006085009252664761
2018-05-07 17:00:00,0.005754338674523575
2018-05-07 17:30:00,0.005536915567935715
2018-05-07 18:00:00,0.005342222549071653
2018-05-07 18:30:00,0.005170705325619091
2018-05-07 19:00:00,0.0050951188145445196
2018-05-07 19:30:00,0.004990110797526376
2018-05-07 20:00:00,0.00493368815470245
2018-05-07 20:30:00,0.0049095397032554045
2018-05-07 21:00:00,0.004833405933667946
2018-05-07 21:30:00,0.0047812134964818715
2018-05-07 22:00:00,0.0047450547070557215
2018-05-07 22:30:00,0.004722513883287439
2018-05-07 23:00:00,0.004691330972701246
2018-05-07 23:30:00,0.004661271370473683
2018-05-08 00:00:00,0.004611245202099227
2018-05-08 00:30:00,0.004612385807576434
2018-05-08 01:00:00,0.004607945693035086
2018-05-08 01:30:00,0.004553744223424968
2018-05-08 02:00:00,0.004538367085010745
2018-05-08 02:30:00,0.004544552423019274
2018-05-08 03:00:00,0.004504806880766304
2018-05-08 03:30:00,0.0044841410646516795
2018-05-08 04:00:00,0.004615815547204307
2018-05-08 04:30:00,0.004714892884437089
2018-05-08 05:00:00,0.004656574923794466
2018-05-08 05:30:00,0.004714183925764092
2018-05-08 06:00:00,0.004847264161882553
2018-05-08 06:30:00,0.005221057572577286
2018-05-08 07:00:00,0.005833073484367637
2018-05-08 07:30:00,0.006739391722346784
2018-05-08 08:00:00,0.007600545286620202
2018-05-08 08:30:00,0.008531840675417662
2018-05-08 09:00:00,0.009365859747606217
2018-05-08 09:30:00,0.01004804504771602
2018-05-08 10:00:00,0.010513716734892133
2018-05-08 10:30:00,0.010789134067019455
2018-05-08 11:00:00,0.01085805002801086
2018-05-08 11:30:00,0.010816626665256002
2018-05-08 12:00:00,0.010712036457347206
2018-05-08 12:30:00,0.01038821174395553
2018-05-08 13:00:00,0.0099874818094879
2018-05-08 13:30:00,0.00934103570418588
2018-05-08 14:00:00,0.008755729333334985
2018-05-08 14:30:00,0.008075552730866284
2018-05-08 15:00:00,0.007438301215827798
2018-05-08 15:30:00,0.00695207340974713
2018-05-08 16:00:00,0.006435729088339068
2018-05-08 16:30:00,0.0060918563449517205
2018-05-08 17:00:00,0.0057377924740822294
2018-05-08 17:30:00,0.005543813882012521
2018-05-08 18:00:00,0.005338154489971164
2018-05-08 18:30:00,0.005163454038729017
2018-05-08 19:00:00,0.005084440912667348
2018-05-08 19:30:00,0.004995435966567258
2018-05-08 20:00:00,0.004915979811081413
2018-05-08 20:30:00,0.0048381354122639265
2018-05-08 21:00:00,0.004775196107915003
2018-05-08 21:30:00,0.004753724692451982
2018-05-08 22:00:00,0.004709048243867355
2018-05-08 22:30:00,0.004666953194940173
2018-05-08 23:00:00,0.004633665615603355
2018-05-08 23:30:00,0.004589589209641852
2018-05-09 00:00:00,0.0045415991911095955
2018-05-09 00:30:00,0.004515381892686526
2018-05-09 01:00:00,0.004515443157964579
2018-05-09 01:30:00,0.004467656017894075
2018-05-09 02:00:00,0.004443201463245387
2018-05-09 02:30:00,0.004432496109167121
2018-05-09 03:00:00,0.004389130670576254
2018-05-09 03:30:00,0.004377322987870275
2018-05-09 04:00:00,0.004508865342755842
2018-05-09 04:30:00,0.004605770719867023
2018-05-09 05:00:00,0.00456762889949185
2018-05-09 05:30:00,0.004613268853378327
2018-05-09 06:00:00,0.0047497059580380125
2018-05-09 06:30:00,0.005140793139479523
2018-05-09 07:00:00,0.005785135357191109
2018-05-09 07:30:00,0.006724481048162551
2018-05-09 08:00:00,0.007581433086536658
2018-05-09 08:30:00,0.00852743727540542
2018-05-09 09:00:00,0.009356186640926852
2018-05-09 09:30:00,0.010015177286186195
2018-05-09 10:00:00,0.01046337676330841
2018-05-09 10:30:00,0.010727125682432871
2018-05-09 11:00:00,0.010768744558424798
2018-05-09 11:30:00,0.010659397084935988
2018-05-09 12:00:00,0.010526362379297393
2018-05-09 12:30:00,0.010222125034575695
2018-05-09 13:00:00,0.009855066340694331
2018-05-09 13:30:00,0.00916375519241805
2018-05-09 14:00:00,0.008572919211744131
2018-05-09 14:30:00,0.00790840163492529
2018-05-09 15:00:00,0.007291262205018361
2018-05-09 15:30:00,0.0068529512116003635
2018-05-09 16:00:00,0.006367445643915986
2018-05-09 16:30:00,0.006060099951188991
2018-05-09 17:00:00,0.0057492199549624735
2018-05-09 17:30:00,0.005536679322774258
2018-05-09 18:00:00,0.005350924785224486
2018-05-09 18:30:00,0.005207176244339806
2018-05-09 19:00:00,0.005122305755956676
2018-05-09 19:30:00,0.005020824454024745
2018-05-09 20:00:00,0.0049597387312213075
2018-05-09 20:30:00,0.00487581110319205
2018-05-09 21:00:00,0.004807403342703846
2018-05-09 21:30:00,0.004759249280530901
2018-05-09 22:00:00,0.004720725807603916
2018-05-09 22:30:00,0.004681387138217584
2018-05-09 23:00:00,0.0046277743286106225
2018-05-09 23:30:00,0.004631771860105048
2018-05-10 00:00:00,0.004574042559465583
2018-05-10 00:30:00,0.004550704282733783
2018-05-10 01:00:00,0.004523340575929209
2018-05-10 01:30:00,0.004496634382819156
2018-05-10 02:00:00,0.004466586386400187
2018-05-10 02:30:00,0.004453664880852214
2018-05-10 03:00:00,0.004421428408353261
2018-05-10 03:30:00,0.004394381629398728
2018-05-10 04:00:00,0.004521846439667167
2018-05-10 04:30:00,0.0046227949903469515
2018-05-10 05:00:00,0.004578063079388567
2018-05-10 05:30:00,0.004648702726144665
2018-05-10 06:00:00,0.0047640187098910766
2018-05-10 06:30:00,0.005170031295966188
2018-05-10 07:00:00,0.005800206169215064
2018-05-10 07:30:00,0.006715426285573705
2018-05-10 08:00:00,0.007571263496757
2018-05-10 08:30:00,0.008514209555061493
2018-05-10 09:00:00,0.00935533584588153
2018-05-10 09:30:00,0.01005126688713804
2018-05-10 10:00:00,0.010530148662756561
2018-05-10 10:30:00,0.010820332935592467
2018-05-10 11:00:00,0.010895254456153518
2018-05-10 11:30:00,0.010800458211565497
2018-05-10 12:00:00,0.010686875957071986
2018-05-10 12:30:00,0.010369359781810826
2018-05-10 13:00:00,0.009997638789110145
2018-05-10 13:30:00,0.009352370784974633
2018-05-10 14:00:00,0.00877116014861395
2018-05-10 14:30:00,0.008119039137692872
2018-05-10 15:00:00,0.007498444078277362
2018-05-10 15:30:00,0.007023017485790169
2018-05-10 16:00:00,0.006494443431982868
2018-05-10 16:30:00,0.00616259631499556
2018-05-10 17:00:00,0.005834803531008195
2018-05-10 17:30:00,0.0056356919353052716
2018-05-10 18:00:00,0.005433660920769629
2018-05-10 18:30:00,0.005276786433554838
2018-05-10 19:00:00,0.005187766310628126
2018-05-10 19:30:00,0.00510738180204915
2018-05-10 20:00:00,0.005046136945754812
2018-05-10 20:30:00,0.004985444927689031
2018-05-10 21:00:00,0.004917361795058492
2018-05-10 21:30:00,0.004872935652518809
2018-05-10 22:00:00,0.004840937433878954
2018-05-10 22:30:00,0.004778060287562591
2018-05-10 23:00:00,0.004740352234283582
2018-05-10 23:30:00,0.004726644881580685
2018-05-11 00:00:00,0.0046978015457748105
2018-05-11 00:30:00,0.004677047123775351
2018-05-11 01:00:00,0.004660747100389355
2018-05-11 01:30:00,0.004623682276732753
2018-05-11 02:00:00,0.004612138626172265
2018-05-11 02:30:00,0.004583396394814326
2018-05-11 03:00:00,0.004546385024833841
2018-05-11 03:30:00,0.004537432482636064
2018-05-11 04:00:00,0.00464753623078675
2018-05-11 04:30:00,0.0047528641887013955
2018-05-11 05:00:00,0.0047075710699409495
2018-05-11 05:30:00,0.004772467292169562
2018-05-11 06:00:00,0.004916519592775302
2018-05-11 06:30:00,0.005328845403942092
2018-05-11 07:00:00,0.005965062328101097
2018-05-11 07:30:00,0.006891711934037624
2018-05-11 08:00:00,0.007763697958312265
2018-05-11 08:30:00,0.008719014357850875
2018-05-11 09:00:00,0.009571807722542014
2018-05-11 09:30:00,0.010288246673959694
2018-05-11 10:00:00,0.010762604639301822
2018-05-11 10:30:00,0.011035341476021403
2018-05-11 11:00:00,0.011104423824134079
2018-05-11 11:30:00,0.011061463361306522
2018-05-11 12:00:00,0.010961845796002597
2018-05-11 12:30:00,0.010618660250397134
2018-05-11 13:00:00,0.010226680649231407
2018-05-11 13:30:00,0.009607415905625876
2018-05-11 14:00:00,0.009016452707434688
2018-05-11 14:30:00,0.008335118090775893
2018-05-11 15:00:00,0.0076924654109691015
2018-05-11 15:30:00,0.007170890664092228
2018-05-11 16:00:00,0.0066221813135361835
2018-05-11 16:30:00,0.006267749404621117
2018-05-11 17:00:00,0.005935847494825932
2018-05-11 17:30:00,0.005741837767942787
2018-05-11 18:00:00,0.005526588072202602
2018-05-11 18:30:00,0.005374295312712858
2018-05-11 19:00:00,0.0053144496259198626
2018-05-11 19:30:00,0.005202746396475291
2018-05-11 20:00:00,0.0051290197162277545
2018-05-11 20:30:00,0.005072407363071058
2018-05-11 21:00:00,0.005018002568621934
2018-05-11 21:30:00,0.0049475563148109495
2018-05-11 22:00:00,0.004914857395477288
2018-05-11 22:30:00,0.004878199891064578
2018-05-11 23:00:00,0.004837911554071256
2018-05-11 23:30:00,0.004801503574543295
2018-05-12 00:00:00,0.005118155451847214
2018-05-12 00:30:00,0.005451990621527648
2018-05-12 01:00:00,0.005593952314266253
2018-05-12 01:30:00,0.005693314105403878
2018-05-12 02:00:00,0.00570954661423027
2018-05-12 02:30:00,0.005726101965405314
2018-05-12 03:00:00,0.005725740957801482
2018-05-12 03:30:00,0.005726213224935769
2018-05-12 04:00:00,0.005863718845146209
2018-05-12 04:30:00,0.005966944589385125
2018-05-12 05:00:00,0.005909611113775271
2018-05-12 05:30:00,0.005869071466388187
2018-05-12 06:00:00,0.005806645495880877
2018-05-12 06:30:00,0.005887798554496204
2018-05-12 07:00:00,0.00606728629018867
2018-05-12 07:30:00,0.006317134910042373
2018-05-12 08:00:00,0.006604106494189957
2018-05-12 08:30:00,0.006975022891891064
2018-05-12 09:00:00,0.007374939415408362
2018-05-12 09:30:00,0.007779630390029938
2018-05-12 10:00:00,0.008132861097755625
2018-05-12 10:30:00,0.008385701895934381
2018-05-12 11:00:00,0.008498397868390913
2018-05-12 11:30:00,0.008515740963824209
2018-05-12 12:00:00,0.008440597482173816
2018-05-12 12:30:00,0.008285153968839684
2018-05-12 13:00:00,0.008059196687134965
2018-05-12 13:30:00,0.00778961529122093
2018-05-12 14:00:00,0.007495381818723499
2018-05-12 14:30:00,0.007238869232851117
2018-05-12 15:00:00,0.00693891822570691
2018-05-12 15:30:00,0.006680558642353531
2018-05-12 16:00:00,0.006459120372369731
2018-05-12 16:30:00,0.006282054791249497
2018-05-12 17:00:00,0.006122621223239938
2018-05-12 17:30:00,0.006004336161191347
2018-05-12 18:00:00,0.005913225653586126
2018-05-12 18:30:00,0.005818016286849918
2018-05-12 19:00:00,0.005801794825860551
2018-05-12 19:30:00,0.0057655234377721855
2018-05-12 20:00:00,0.005743057828571131
2018-05-12 20:30:00,0.005718993296047758
2018-05-12 21:00:00,0.005680826032169131
2018-05-12 21:30:00,0.005649641670856863
2018-05-12 22:00:00,0.005617832939361151
2018-05-12 22:30:00,0.005586241816776558
2018-05-12 23:00:00,0.005543268409008648
2018-05-12 23:30:00,0.005437961207636294
2018-05-13 00:00:00,0.005084784511558291
2018-05-13 00:30:00,0.0045885696839946775
2018-05-13 01:00:00,0.004456102881816948
2018-05-13 01:30:00,0.004278591258226076
2018-05-13 02:00:00,0.0042494501887920645
2018-05-13 02:30:00,0.004235862130410185
2018-05-13 03:00:00,0.004209536362314496
2018-05-13 03:30:00,0.004198467433963189
2018-05-13 04:00:00,0.004188031356963143
2018-05-13 04:30:00,0.004161610398918128
2018-05-13 05:00:00,0.004111564478350201
2018-05-13 05:30:00,0.004106300016615806
2018-05-13 06:00:00,0.004246954939944559
2018-05-13 06:30:00,0.0044340293034388495
2018-05-13 07:00:00,0.004555118507394423
2018-05-13 07:30:00,0.004666853541218312
2018-05-13 08:00:00,0.004801997825757321
2018-05-13 08:30:00,0.005029986123965824
2018-05-13 09:00:00,0.005287012713245701
2018-05-13 09:30:00,0.005530260194679169
2018-05-13 10:00:00,0.005828636940844317
2018-05-13 10:30:00,0.00614371266006585
2018-05-13 11:00:00,0.00633507202200587
2018-05-13 11:30:00,0.006505652634386112
2018-05-13 12:00:00,0.006583587089814508
2018-05-13 12:30:00,0.006620242362340951
2018-05-13 13:00:00,0.006559424689078287
2018-05-13 13:30:00,0.006431712585811366
2018-05-13 14:00:00,0.006253602258729131
2018-05-13 14:30:00,0.006038618157454826
2018-05-13 15:00:00,0.005742126350837226
2018-05-13 15:30:00,0.005528264776761357
2018-05-13 16:00:00,0.005293162117885316
2018-05-13 16:30:00,0.0050968959539853306
2018-05-13 17:00:00,0.004927992157758158
2018-05-13 17:30:00,0.0048363867293730305
2018-05-13 18:00:00,0.004726758930968974
2018-05-13 18:30:00,0.004617747691146422
2018-05-13 19:00:00,0.004595264115260912
2018-05-13 19:30:00,0.0045392797033056865
2018-05-13 20:00:00,0.004495743413821013
2018-05-13 20:30:00,0.004485993530254032
2018-05-13 21:00:00,0.0044135074439885045
2018-05-13 21:30:00,0.004367669744978693
2018-05-13 22:00:00,0.004340041894434313
2018-05-13 22:30:00,0.004299046942248578
2018-05-13 23:00:00,0.004271443419264519
2018-05-13 23:30:00,0.004246613461345571
2018-05-14 00:00:00,0.004277770147268118
2018-05-14 00:30:00,0.0043392067225928675
2018-05-14 01:00:00,0.004363799207812911
2018-05-14 01:30:00,0.004373680214698131
2018-05-14 02:00:00,0.0043559722058600335
2018-05-14 02:30:00,0.004360541546616293
2018-05-14 03:00:00,0.004324375838342712
2018-05-14 03:30:00,0.004322442801646089
2018-05-14 04:00:00,0.004452260131635201
2018-05-14 04:30:00,0.004521509313246402
2018-05-14 05:00:00,0.004483583985839213
2018-05-14 05:30:00,0.004584297518894989
2018-05-14 06:00:00,0.0046805210547513285
2018-05-14 06:30:00,0.005068432262033625
2018-05-14 07:00:00,0.0056717949275747245
2018-05-14 07:30:00,0.006563205950793353
2018-05-14 08:00:00,0.007404262941544773
2018-05-14 08:30:00,0.008331313394255014
2018-05-14 09:00:00,0.00915243305656965
2018-05-14 09:30:00,0.009817903760419196
2018-05-14 10:00:00,0.010267206235735004
2018-05-14 10:30:00,0.010518176490032638
2018-05-14 11:00:00,0.010585898949842285
2018-05-14 11:30:00,0.010506197733244224
2018-05-14 12:00:00,0.010398217848066067
2018-05-14 12:30:00,0.01007089509932672
2018-05-14 13:00:00,0.009693661570732967
2018-05-14 13:30:00,0.009061568279642523
2018-05-14 14:00:00,0.008486176617159492
2018-05-14 14:30:00,0.00783527477411225
2018-05-14 15:00:00,0.007215703034550571
2018-05-14 15:30:00,0.006753603146563286
2018-05-14 16:00:00,0.006242407340398002
2018-05-14 16:30:00,0.005901876735102512
2018-05-14 17:00:00,0.005573726960906597
2018-05-14 17:30:00,0.005363488965780969
2018-05-14 18:00:00,0.005163051741229229
2018-05-14 18:30:00,0.00501192748579504
2018-05-14 19:00:00,0.0049485632303007095
2018-05-14 19:30:00,0.004860692975179217
2018-05-14 20:00:00,0.004803525217124753
2018-05-14 20:30:00,0.004751684748403127
2018-05-14 21:00:00,0.004688103218780618
2018-05-14 21:30:00,0.004639323000915213
2018-05-14 22:00:00,0.004610256699671177
2018-05-14 22:30:00,0.004570773962026252
2018-05-14 23:00:00,0.004550371173708299
2018-05-14 23:30:00,0.004515374081084588
2018-05-15 00:00:00,0.004480009954764121
2018-05-15 00:30:00,0.004452556860914518
2018-05-15 01:00:00,0.0044468475842469315
2018-05-15 01:30:00,0.0044017417207443624
2018-05-15 02:00:00,0.0043970259682489295
2018-05-15 02:30:00,0.004374911657946442
2018-05-15 03:00:00,0.004352834843333255
2018-05-15 03:30:00,0.004328864496410387
2018-05-15 04:00:00,0.004460159111920219
2018-05-15 04:30:00,0.004554711746122099
2018-05-15 05:00:00,0.004522179325504023
2018-05-15 05:30:00,0.004583172425027343
2018-05-15 06:00:00,0.004706472981897145
2018-05-15 06:30:00,0.005118737527785881
2018-05-15 07:00:00,0.005735606453077141
2018-05-15 07:30:00,0.006642007382442512
2018-05-15 08:00:00,0.007505847021839341
2018-05-15 08:30:00,0.008430667820167954
2018-05-15 09:00:00,0.00924311091302184
2018-05-15 09:30:00,0.00990276487488
2018-05-15 10:00:00,0.01035518841995283
2018-05-15 10:30:00,0.010606969853314533
2018-05-15 11:00:00,0.010666242168525306
2018-05-15 11:30:00,0.010576013255995904
2018-05-15 12:00:00,0.010463621378043372
2018-05-15 12:30:00,0.01012149664798104
2018-05-15 13:00:00,0.009741204765634393
2018-05-15 13:30:00,0.009102232131500418
2018-05-15 14:00:00,0.008527157620056054
2018-05-15 14:30:00,0.007872649606771462
2018-05-15 15:00:00,0.007252038254586198
2018-05-15 15:30:00,0.006772094659075727
2018-05-15 16:00:00,0.006252395812607021
2018-05-15 16:30:00,0.005912612889211275
2018-05-15 17:00:00,0.0055797179016211906
2018-05-15 17:30:00,0.005373290071137798
2018-05-15 18:00:00,0.0051801026827500585
2018-05-15 18:30:00,0.005023755925043311
2018-05-15 19:00:00,0.004940166316189326
2018-05-15 19:30:00,0.0048623355318780734
2018-05-15 20:00:00,0.0047934066259463165
2018-05-15 20:30:00,0.004755777804629819
2018-05-15 21:00:00,0.004680218410973401
2018-05-15 21:30:00,0.0046311911232981414
2018-05-15 22:00:00,0.0045908027978000185
2018-05-15 22:30:00,0.004548287931065847
2018-05-15 23:00:00,0.004531274820017258
2018-05-15 23:30:00,0.004504585254459901
2018-05-16 00:00:00,0.004477646721989362
2018-05-16 00:30:00,0.004449560107222616
2018-05-16 01:00:00,0.0044334581637428955
2018-05-16 01:30:00,0.00439734914538052
2018-05-16 02:00:00,0.004374630663465314
2018-05-16 02:30:00,0.004359859928550078
2018-05-16 03:00:00,0.00433278703652621
2018-05-16 03:30:00,0.004312168647994779
2018-05-16 04:00:00,0.004452373734646238
2018-05-16 04:30:00,0.004541314067638872
2018-05-16 05:00:00,0.00451658978953471
2018-05-16 05:30:00,0.0045524768468077435
2018-05-16 06:00:00,0.004682807175855532
2018-05-16 06:30:00,0.005097815267939076
2018-05-16 07:00:00,0.005721799669841009
2018-05-16 07:30:00,0.006612280219674552
2018-05-16 08:00:00,0.007457237654867744
2018-05-16 08:30:00,0.008369480992916581
2018-05-16 09:00:00,0.009196078262104198
2018-05-16 09:30:00,0.009876408753131068
2018-05-16 10:00:00,0.010331271973083334
2018-05-16 10:30:00,0.010610011691109044
2018-05-16 11:00:00,0.010694798706945754
2018-05-16 11:30:00,0.010620857542427876
2018-05-16 12:00:00,0.010509079433199016
2018-05-16 12:30:00,0.010201751595562164
2018-05-16 13:00:00,0.009840620680014013
2018-05-16 13:30:00,0.009213206538484208
2018-05-16 14:00:00,0.008648597564938626
2018-05-16 14:30:00,0.008006085605561025
2018-05-16 15:00:00,0.0073873102030197315
2018-05-16 15:30:00,0.006909479980616328
2018-05-16 16:00:00,0.006383205439230839
2018-05-16 16:30:00,0.006051529396325965
2018-05-16 17:00:00,0.005704613810795284
2018-05-16 17:30:00,0.00549178359136381
2018-05-16 18:00:00,0.005289872875498008
2018-05-16 18:30:00,0.005142614358674124
2018-05-16 19:00:00,0.005051792768746281
2018-05-16 19:30:00,0.004999517416985356
2018-05-16 20:00:00,0.004933916588261969
2018-05-16 20:30:00,0.004909856631105445
2018-05-16 21:00:00,0.004840392518846647
2018-05-16 21:30:00,0.004808646280166437
2018-05-16 22:00:00,0.004764378378363148
2018-05-16 22:30:00,0.00473075188709655
2018-05-16 23:00:00,0.004692896752512487
2018-05-16 23:30:00,0.004675539819384329
2018-05-17 00:00:00,0.004639300793646848
2018-05-17 00:30:00,0.004625199401423354
2018-05-17 01:00:00,0.004603464511786408
2018-05-17 01:30:00,0.004578536685654614
2018-05-17 02:00:00,0.004542453668767259
2018-05-17 02:30:00,0.004549231684174227
2018-05-17 03:00:00,0.004516185483337281
2018-05-17 03:30:00,0.00449081429299837
2018-05-17 04:00:00,0.00462943105778728
2018-05-17 04:30:00,0.004726121392656549
2018-05-17 05:00:00,0.004668286412202301
2018-05-17 05:30:00,0.004724672898468687
2018-05-17 06:00:00,0.004860757923069612
2018-05-17 06:30:00,0.005280636437366955
2018-05-17 07:00:00,0.005915383329635612
2018-05-17 07:30:00,0.006842848690003055
2018-05-17 08:00:00,0.007700636458190174
2018-05-17 08:30:00,0.008613958132089344
2018-05-17 09:00:00,0.009434953031961606
2018-05-17 09:30:00,0.010118425907259358
2018-05-17 10:00:00,0.010582729113370309
2018-05-17 10:30:00,0.010877323593471572
2018-05-17 11:00:00,0.010967415133401184
2018-05-17 11:30:00,0.010874441000762274
2018-05-17 12:00:00,0.010734836626299819
2018-05-17 12:30:00,0.010407519457276141
2018-05-17 13:00:00,0.01002998049504663
2018-05-17 13:30:00,0.009386468539026697
2018-05-17 14:00:00,0.008823831102215858
2018-05-17 14:30:00,0.008171837197217738
2018-05-17 15:00:00,0.007533254585209079
2018-05-17 15:30:00,0.007041876143593678
2018-05-17 16:00:00,0.006497428468271863
2018-05-17 16:30:00,0.006170638917161917
2018-05-17 17:00:00,0.005849495368743861
2018-05-17 17:30:00,0.005654130886896105
2018-05-17 18:00:00,0.005471892909350025
2018-05-17 18:30:00,0.005331276151276454
2018-05-17 19:00:00,0.005236055625108907
2018-05-17 19:30:00,0.00517889724097677
2018-05-17 20:00:00,0.005133098042005077
2018-05-17 20:30:00,0.005090617769508058
2018-05-17 21:00:00,0.005015119752724008
2018-05-17 21:30:00,0.004980629744660363
2018-05-17 22:00:00,0.004957991387462174
2018-05-17 22:30:00,0.004922698235125027
2018-05-17 23:00:00,0.00490147679092401
2018-05-17 23:30:00,0.0048756712755173666
2018-05-18 00:00:00,0.004833369553921779
2018-05-18 00:30:00,0.004828902656745216
2018-05-18 01:00:00,0.004813226222382469
2018-05-18 01:30:00,0.004776899818297599
2018-05-18 02:00:00,0.0047393022433888515
2018-05-18 02:30:00,0.0047273764938993
2018-05-18 03:00:00,0.004690127428031284
2018-05-18 03:30:00,0.004669560707666954
2018-05-18 04:00:00,0.004800750982493761
2018-05-18 04:30:00,0.004888204767637665
2018-05-18 05:00:00,0.004826564309502342
2018-05-18 05:30:00,0.00488103036922952
2018-05-18 06:00:00,0.005026200956449789
2018-05-18 06:30:00,0.005432151161303711
2018-05-18 07:00:00,0.006031713594096468
2018-05-18 07:30:00,0.006959896171116099
2018-05-18 08:00:00,0.007811368705513898
2018-05-18 08:30:00,0.00872076270595883
2018-05-18 09:00:00,0.009535073106458748
2018-05-18 09:30:00,0.010221562599236185
2018-05-18 10:00:00,0.01068299314453173
2018-05-18 10:30:00,0.01095064898056814
2018-05-18 11:00:00,0.011030487011794422
2018-05-18 11:30:00,0.01096673976461652
2018-05-18 12:00:00,0.01084375156022991
2018-05-18 12:30:00,0.010529705410143758
2018-05-18 13:00:00,0.010153017242959566
2018-05-18 13:30:00,0.009511943845875937
2018-05-18 14:00:00,0.008931387375380372
2018-05-18 14:30:00,0.008270947119990033
2018-05-18 15:00:00,0.0076357884447049475
2018-05-18 15:30:00,0.007112703268796279
2018-05-18 16:00:00,0.006545704726217976
2018-05-18 16:30:00,0.006188251736050688
2018-05-18 17:00:00,0.005833700644408915
2018-05-18 17:30:00,0.005602489837212513
2018-05-18 18:00:00,0.005420179100174102
2018-05-18 18:30:00,0.00528369512590279
2018-05-18 19:00:00,0.005197906551103362
2018-05-18 19:30:00,0.005158156991455111
2018-05-18 20:00:00,0.005082292275757247
2018-05-18 20:30:00,0.005051244282695947
2018-05-18 21:00:00,0.004980873243452191
2018-05-18 21:30:00,0.004901310180614113
2018-05-18 22:00:00,0.004853482866590786
2018-05-18 22:30:00,0.004810494393590567
2018-05-18 23:00:00,0.004764823193296339
2018-05-18 23:30:00,0.004749475404186539
2018-05-19 00:00:00,0.005058050531464202
2018-05-19 00:30:00,0.0053959130283207386
2018-05-19 01:00:00,0.0055279272039633395
2018-05-19 01:30:00,0.005634990341856959
2018-05-19 02:00:00,0.005655829240751658
2018-05-19 02:30:00,0.005645776601812437
2018-05-19 03:00:00,0.005641049801479977
2018-05-19 03:30:00,0.005630883559529721
2018-05-19 04:00:00,0.005749868541111923
2018-05-19 04:30:00,0.005824273156813332
2018-05-19 05:00:00,0.005767697629780053
2018-05-19 05:30:00,0.005724116256192769
2018-05-19 06:00:00,0.00568575236313394
2018-05-19 06:30:00,0.005779244293387003
2018-05-19 07:00:00,0.005952047529707127
2018-05-19 07:30:00,0.006192940705910907
2018-05-19 08:00:00,0.006498100377632813
2018-05-19 08:30:00,0.0068865762521408865
2018-05-19 09:00:00,0.007289098614470265
2018-05-19 09:30:00,0.00767432798721306
2018-05-19 10:00:00,0.007993613601907408
2018-05-19 10:30:00,0.008203602406931226
2018-05-19 11:00:00,0.008285688170817904
2018-05-19 11:30:00,0.008287897068657239
2018-05-19 12:00:00,0.008192590949651317
2018-05-19 12:30:00,0.008046531960102115
2018-05-19 13:00:00,0.007828868256174574
2018-05-19 13:30:00,0.007541942648884109
2018-05-19 14:00:00,0.0072526586073743595
2018-05-19 14:30:00,0.007005769133928944
2018-05-19 15:00:00,0.0067328376767268
2018-05-19 15:30:00,0.006508120207843895
2018-05-19 16:00:00,0.006300613706727229
2018-05-19 16:30:00,0.006138555998438194
2018-05-19 17:00:00,0.0059928653817175066
2018-05-19 17:30:00,0.005903754086236752
2018-05-19 18:00:00,0.005829891484115501
2018-05-19 18:30:00,0.005751691322626912
2018-05-19 19:00:00,0.005703793034620267
2018-05-19 19:30:00,0.005694038910469376
2018-05-19 20:00:00,0.005659332297843431
2018-05-19 20:30:00,0.0056474720542158425
2018-05-19 21:00:00,0.00561900155501102
2018-05-19 21:30:00,0.005599954749195126
2018-05-19 22:00:00,0.005574764118455288
2018-05-19 22:30:00,0.005542223328263707
2018-05-19 23:00:00,0.0055097446961046865
2018-05-19 23:30:00,0.005401015455112084
2018-05-20 00:00:00,0.005045056489612524
2018-05-20 00:30:00,0.004534654453798416
2018-05-20 01:00:00,0.004400996159136572
2018-05-20 01:30:00,0.00419982709907759
2018-05-20 02:00:00,0.004184876027751909
2018-05-20 02:30:00,0.004162104650132153
2018-05-20 03:00:00,0.00413094606710628
2018-05-20 03:30:00,0.004124173296632042
2018-05-20 04:00:00,0.004113840109588946
2018-05-20 04:30:00,0.004078116761173662
2018-05-20 05:00:00,0.004033868388375217
2018-05-20 05:30:00,0.00402983659742658
2018-05-20 06:00:00,0.004187802365432058
2018-05-20 06:30:00,0.0044053950953762775
2018-05-20 07:00:00,0.004536803871868712
2018-05-20 07:30:00,0.004660969396261637
2018-05-20 08:00:00,0.004817514457063287
2018-05-20 08:30:00,0.005045020221460672
2018-05-20 09:00:00,0.005298403033219585
2018-05-20 09:30:00,0.005588227525989104
2018-05-20 10:00:00,0.005897715494750337
2018-05-20 10:30:00,0.006215021091542121
2018-05-20 11:00:00,0.00639817983376802
2018-05-20 11:30:00,0.006545533428946915
2018-05-20 12:00:00,0.00660355856611119
2018-05-20 12:30:00,0.00663538336718803
2018-05-20 13:00:00,0.006557526469807444
2018-05-20 13:30:00,0.0064292897616732535
2018-05-20 14:00:00,0.00625853383462667
2018-05-20 14:30:00,0.006017956693518423
2018-05-20 15:00:00,0.005735269549845002
2018-05-20 15:30:00,0.005513742004410486
2018-05-20 16:00:00,0.005291160115903014
2018-05-20 16:30:00,0.005099165224348211
2018-05-20 17:00:00,0.004961929885564813
2018-05-20 17:30:00,0.004857002662829568
2018-05-20 18:00:00,0.0047552996229969224
2018-05-20 18:30:00,0.004671962440479835
2018-05-20 19:00:00,0.004631536284509472
2018-05-20 19:30:00,0.004595535066253835
2018-05-20 20:00:00,0.004533193572641767
2018-05-20 20:30:00,0.0045057655875126775
2018-05-20 21:00:00,0.0044416557704105575
2018-05-20 21:30:00,0.00440576960589203
2018-05-20 22:00:00,0.0043849484504931615
2018-05-20 22:30:00,0.004334008324692003
2018-05-20 23:00:00,0.004300640285855226
2018-05-20 23:30:00,0.004290421594577674
2018-05-21 00:00:00,0.004331294127801616
2018-05-21 00:30:00,0.004377819359376254
2018-05-21 01:00:00,0.004411792350985941
2018-05-21 01:30:00,0.004410891338499593
2018-05-21 02:00:00,0.0043787483820352645
2018-05-21 02:30:00,0.004369469091687868
2018-05-21 03:00:00,0.004346915434573547
2018-05-21 03:30:00,0.004345459463566686
2018-05-21 04:00:00,0.004475443738648636
2018-05-21 04:30:00,0.00454764403187756
2018-05-21 05:00:00,0.004496268130282595
2018-05-21 05:30:00,0.004596702454366256
2018-05-21 06:00:00,0.004729590078699797
2018-05-21 06:30:00,0.005141089310787272
2018-05-21 07:00:00,0.0057801340348476995
2018-05-21 07:30:00,0.0067217523440114245
2018-05-21 08:00:00,0.007562335170525229
2018-05-21 08:30:00,0.008462056287479421
2018-05-21 09:00:00,0.009250629803075434
2018-05-21 09:30:00,0.009937684186267275
2018-05-21 10:00:00,0.010378158993421996
2018-05-21 10:30:00,0.010613131868111561
2018-05-21 11:00:00,0.01067086819919277
2018-05-21 11:30:00,0.010590607560301661
2018-05-21 12:00:00,0.01046588328318157
2018-05-21 12:30:00,0.010166211596603789
2018-05-21 13:00:00,0.00979829608158418
2018-05-21 13:30:00,0.009192841915421437
2018-05-21 14:00:00,0.008601675392391244
2018-05-21 14:30:00,0.007935018440990314
2018-05-21 15:00:00,0.00731653798221932
2018-05-21 15:30:00,0.006843438131166406
2018-05-21 16:00:00,0.006312582420027437
2018-05-21 16:30:00,0.0059799228964386155
2018-05-21 17:00:00,0.005649896887051597
2018-05-21 17:30:00,0.0054398754964882666
2018-05-21 18:00:00,0.0052512342372396
2018-05-21 18:30:00,0.00510323651968379
2018-05-21 19:00:00,0.005004316084055641
2018-05-21 19:30:00,0.004952118178748211
2018-05-21 20:00:00,0.00488233245167821
2018-05-21 20:30:00,0.004848320513653147
2018-05-21 21:00:00,0.004802553788626653
2018-05-21 21:30:00,0.0047487174556099625
2018-05-21 22:00:00,0.0047128623143105584
2018-05-21 22:30:00,0.004664668301373418
2018-05-21 23:00:00,0.0046295878477976005
2018-05-21 23:30:00,0.004610448976673155
2018-05-22 00:00:00,0.004566737260927826
2018-05-22 00:30:00,0.004546571498931524
2018-05-22 01:00:00,0.004527959241371988
2018-05-22 01:30:00,0.00448734917797315
2018-05-22 02:00:00,0.00447350333672733
2018-05-22 02:30:00,0.004462880785629602
2018-05-22 03:00:00,0.0044251221801266255
2018-05-22 03:30:00,0.004399867940628152
2018-05-22 04:00:00,0.004545416720976515
2018-05-22 04:30:00,0.00462210065052901
2018-05-22 05:00:00,0.00458075875162293
2018-05-22 05:30:00,0.004647827715133337
2018-05-22 06:00:00,0.004786420710333495
2018-05-22 06:30:00,0.005213218072061309
2018-05-22 07:00:00,0.0058478795946802185
2018-05-22 07:30:00,0.006765512714877395
2018-05-22 08:00:00,0.007594401796479196
2018-05-22 08:30:00,0.008509793544891838
2018-05-22 09:00:00,0.009317735704303574
2018-05-22 09:30:00,0.009999503418492655
2018-05-22 10:00:00,0.010457944686915297
2018-05-22 10:30:00,0.010714038570923822
2018-05-22 11:00:00,0.010790236507241483
2018-05-22 11:30:00,0.010714174604391849
2018-05-22 12:00:00,0.010611511295492442
2018-05-22 12:30:00,0.010313989250173582
2018-05-22 13:00:00,0.009942341351748176
2018-05-22 13:30:00,0.009312974644516903
2018-05-22 14:00:00,0.00873440801222348
2018-05-22 14:30:00,0.008072610323605008
2018-05-22 15:00:00,0.007442588446159794
2018-05-22 15:30:00,0.006983928118099959
2018-05-22 16:00:00,0.006488245037439672
2018-05-22 16:30:00,0.006154771433334637
2018-05-22 17:00:00,0.005826203515246433
2018-05-22 17:30:00,0.005601849955419508
2018-05-22 18:00:00,0.0054159217771180945
2018-05-22 18:30:00,0.005247831615029883
2018-05-22 19:00:00,0.005138773282407078
2018-05-22 19:30:00,0.005082201772769084
2018-05-22 20:00:00,0.00500772004539712
2018-05-22 20:30:00,0.004967205618324861
2018-05-22 21:00:00,0.004907131497972346
2018-05-22 21:30:00,0.004862345352177652
2018-05-22 22:00:00,0.004838353355957985
2018-05-22 22:30:00,0.004801615950016884
2018-05-22 23:00:00,0.0047685483230717664
2018-05-22 23:30:00,0.0047418688010026164
2018-05-23 00:00:00,0.0047185790677971426
2018-05-23 00:30:00,0.004677204471757238
2018-05-23 01:00:00,0.00465915197127369
2018-05-23 01:30:00,0.004626654144892767
2018-05-23 02:00:00,0.004612460129389154
2018-05-23 02:30:00,0.004584940302140142
2018-05-23 03:00:00,0.004557235451519521
2018-05-23 03:30:00,0.004545366615129801
2018-05-23 04:00:00,0.004672891574733159
2018-05-23 04:30:00,0.004753676706897223
2018-05-23 05:00:00,0.004735706897799901
2018-05-23 05:30:00,0.0048099096393883775
2018-05-23 06:00:00,0.004942875714524235
2018-05-23 06:30:00,0.005362533606863997
2018-05-23 07:00:00,0.006016117619233679
2018-05-23 07:30:00,0.006952350163644348
2018-05-23 08:00:00,0.0077870590002839975
2018-05-23 08:30:00,0.008726247008490612
2018-05-23 09:00:00,0.009557079393465869
2018-05-23 09:30:00,0.010258039209266883
2018-05-23 10:00:00,0.010721790916281039
2018-05-23 10:30:00,0.010986709232215562
2018-05-23 11:00:00,0.011060617253222363
2018-05-23 11:30:00,0.010974597566599895
2018-05-23 12:00:00,0.010846587618110524
2018-05-23 12:30:00,0.01049768152481182
2018-05-23 13:00:00,0.010110128535275523
2018-05-23 13:30:00,0.009475714863626661
2018-05-23 14:00:00,0.00888046398872622
2018-05-23 14:30:00,0.008192443868346264
2018-05-23 15:00:00,0.007546785395708185
2018-05-23 15:30:00,0.0070655143858398845
2018-05-23 16:00:00,0.006556958566346579
2018-05-23 16:30:00,0.006222100188406628
2018-05-23 17:00:00,0.005896501125431976
2018-05-23 17:30:00,0.005701281604597319
2018-05-23 18:00:00,0.005510527530213151
2018-05-23 18:30:00,0.005368430696761026
2018-05-23 19:00:00,0.005288395589977289
2018-05-23 19:30:00,0.00519863727066747
2018-05-23 20:00:00,0.005127622890206993
2018-05-23 20:30:00,0.00509914837360689
2018-05-23 21:00:00,0.005023838504835223
2018-05-23 21:30:00,0.004983671247671935
2018-05-23 22:00:00,0.004934562272959271
2018-05-23 22:30:00,0.00489563159238271
2018-05-23 23:00:00,0.004833715719481929
2018-05-23 23:30:00,0.004818833167064671
2018-05-24 00:00:00,0.004768901965450914
2018-05-24 00:30:00,0.004747920672212323
2018-05-24 01:00:00,0.004725165922145265
2018-05-24 01:30:00,0.00469844912757544
2018-05-24 02:00:00,0.0046781079393184806
2018-05-24 02:30:00,0.004672067785511679
2018-05-24 03:00:00,0.004635388185424916
2018-05-24 03:30:00,0.004604878746520059
2018-05-24 04:00:00,0.00474123516849116
2018-05-24 04:30:00,0.004820810171920773
2018-05-24 05:00:00,0.004786033478066016
2018-05-24 05:30:00,0.004845614797930579
2018-05-24 06:00:00,0.004997542197638269
2018-05-24 06:30:00,0.005434872723418782
2018-05-24 07:00:00,0.006097220906785231
2018-05-24 07:30:00,0.0070593154333251215
2018-05-24 08:00:00,0.00789422904552985
2018-05-24 08:30:00,0.008833920455684187
2018-05-24 09:00:00,0.009650677003533718
2018-05-24 09:30:00,0.010327650179642107
2018-05-24 10:00:00,0.010781540743558828
2018-05-24 10:30:00,0.011060623056126661
2018-05-24 11:00:00,0.011128590465454207
2018-05-24 11:30:00,0.011047313648745328
2018-05-24 12:00:00,0.01091537055868036
2018-05-24 12:30:00,0.010592631099986448
2018-05-24 13:00:00,0.010205299290379295
2018-05-24 13:30:00,0.00955603174605172
2018-05-24 14:00:00,0.008965972461799029
2018-05-24 14:30:00,0.008265376108676743
2018-05-24 15:00:00,0.007612760511758698
2018-05-24 15:30:00,0.007125357840746612
2018-05-24 16:00:00,0.006620602811973216
2018-05-24 16:30:00,0.006290038917995632
2018-05-24 17:00:00,0.005950631063087209
2018-05-24 17:30:00,0.005715814755219336
2018-05-24 18:00:00,0.005516923000313801
2018-05-24 18:30:00,0.005374641701461635
2018-05-24 19:00:00,0.005284107690079411
2018-05-24 19:30:00,0.005213010618232708
2018-05-24 20:00:00,0.00514359382196279
2018-05-24 20:30:00,0.005111683316453262
2018-05-24 21:00:00,0.005057177305961889
2018-05-24 21:30:00,0.00499346889360505
2018-05-24 22:00:00,0.004950551506182463
2018-05-24 22:30:00,0.00490174171582401
2018-05-24 23:00:00,0.004876019784558099
2018-05-24 23:30:00,0.00484579792419886
2018-05-25 00:00:00,0.004781443380767465
2018-05-25 00:30:00,0.00474423482363521
2018-05-25 01:00:00,0.004725121507608534
2018-05-25 01:30:00,0.004693056443974954
2018-05-25 02:00:00,0.004655458422688953
2018-05-25 02:30:00,0.004619644124908251
2018-05-25 03:00:00,0.00458759111346052
2018-05-25 03:30:00,0.004587510765554876
2018-05-25 04:00:00,0.004692782703124197
2018-05-25 04:30:00,0.004767281950803363
2018-05-25 05:00:00,0.004721657173743508
2018-05-25 05:30:00,0.0047894363234643605
2018-05-25 06:00:00,0.004932973616313783
2018-05-25 06:30:00,0.005364135096855524
2018-05-25 07:00:00,0.005997867038843856
2018-05-25 07:30:00,0.006951901554504501
2018-05-25 08:00:00,0.00779460645848182
2018-05-25 08:30:00,0.008717786485620592
2018-05-25 09:00:00,0.009534785639507444
2018-05-25 09:30:00,0.010185845053725197
2018-05-25 10:00:00,0.010622256600334907
2018-05-25 10:30:00,0.010867059706497095
2018-05-25 11:00:00,0.01089789098340178
2018-05-25 11:30:00,0.010816028519736207
2018-05-25 12:00:00,0.010683172364999043
2018-05-25 12:30:00,0.010372034697502894
2018-05-25 13:00:00,0.009975366238071263
2018-05-25 13:30:00,0.009308894644824879
2018-05-25 14:00:00,0.008708560314166374
2018-05-25 14:30:00,0.008049806248851429
2018-05-25 15:00:00,0.007424775427072792
2018-05-25 15:30:00,0.006967381582875675
2018-05-25 16:00:00,0.006469989323711434
2018-05-25 16:30:00,0.006127080755191817
2018-05-25 17:00:00,0.005802509699032157
2018-05-25 17:30:00,0.0055935584979342826
2018-05-25 18:00:00,0.005406102147105241
2018-05-25 18:30:00,0.005254225076432891
2018-05-25 19:00:00,0.005137304589648491
2018-05-25 19:30:00,0.005063709367502134
2018-05-25 20:00:00,0.00500566749119085
2018-05-25 20:30:00,0.004976680421909324
2018-05-25 21:00:00,0.004894361537501965
2018-05-25 21:30:00,0.004839756766043237
2018-05-25 22:00:00,0.004825924092926398
2018-05-25 22:30:00,0.0047695515559491855
2018-05-25 23:00:00,0.0047398243931812255
2018-05-25 23:30:00,0.00471543500961156
2018-05-26 00:00:00,0.00503124669332993
2018-05-26 00:30:00,0.005363977414090697
2018-05-26 01:00:00,0.005491789282673794
2018-05-26 01:30:00,0.005596219241148552
2018-05-26 02:00:00,0.0056161406115985205
2018-05-26 02:30:00,0.0056328600064142545
2018-05-26 03:00:00,0.00563513697678476
2018-05-26 03:30:00,0.005633038110938433
2018-05-26 04:00:00,0.005775604979638576
2018-05-26 04:30:00,0.005847652388658147
2018-05-26 05:00:00,0.005781136374970611
2018-05-26 05:30:00,0.005723550919401112
2018-05-26 06:00:00,0.005714458214745711
2018-05-26 06:30:00,0.005836606671924026
2018-05-26 07:00:00,0.006025116807854454
2018-05-26 07:30:00,0.00628218178557814
2018-05-26 08:00:00,0.0065958389178877985
2018-05-26 08:30:00,0.006954058226205168
2018-05-26 09:00:00,0.00734348733933826
2018-05-26 09:30:00,0.007733442842847635
2018-05-26 10:00:00,0.008060470313033738
2018-05-26 10:30:00,0.008293614156926761
2018-05-26 11:00:00,0.008379349166455762
2018-05-26 11:30:00,0.00836626428683298
2018-05-26 12:00:00,0.00826656112869068
2018-05-26 12:30:00,0.008115575138610786
2018-05-26 13:00:00,0.007900762446201855
2018-05-26 13:30:00,0.007656076737257357
2018-05-26 14:00:00,0.007393647309294475
2018-05-26 14:30:00,0.007150773891999506
2018-05-26 15:00:00,0.00687662862345057
2018-05-26 15:30:00,0.006661181517369989
2018-05-26 16:00:00,0.006464042351156317
2018-05-26 16:30:00,0.006325599227119048
2018-05-26 17:00:00,0.006191458733429025
2018-05-26 17:30:00,0.006094195473354787
2018-05-26 18:00:00,0.006008979377383074
2018-05-26 18:30:00,0.005931592180467566
2018-05-26 19:00:00,0.00588597990197081
2018-05-26 19:30:00,0.005856025086803525
2018-05-26 20:00:00,0.005847647924885612
2018-05-26 20:30:00,0.005844895116362792
2018-05-26 21:00:00,0.005820460871879142
2018-05-26 21:30:00,0.005809216070889925
2018-05-26 22:00:00,0.0057808146485650936
2018-05-26 22:30:00,0.0057795913517016614
2018-05-26 23:00:00,0.0057359464809500545
2018-05-26 23:30:00,0.005625414880201814
2018-05-27 00:00:00,0.005258326725421713
2018-05-27 00:30:00,0.0047624623040021605
2018-05-27 01:00:00,0.004656704819575259
2018-05-27 01:30:00,0.004451177108823707
2018-05-27 02:00:00,0.004427807362495529
2018-05-27 02:30:00,0.0044004582745460095
2018-05-27 03:00:00,0.004352652163442228
2018-05-27 03:30:00,0.004333572548898197
2018-05-27 04:00:00,0.0043186930095274
2018-05-27 04:30:00,0.004278950257132265
2018-05-27 05:00:00,0.004229278289108525
2018-05-27 05:30:00,0.004239510371703685
2018-05-27 06:00:00,0.004389449495529623
2018-05-27 06:30:00,0.004607424659185845
2018-05-27 07:00:00,0.004722953564882214
2018-05-27 07:30:00,0.0048066202854067566
2018-05-27 08:00:00,0.0049427979332878
2018-05-27 08:30:00,0.005187359437761489
2018-05-27 09:00:00,0.005442216745183288
2018-05-27 09:30:00,0.005715656514482944
2018-05-27 10:00:00,0.006020285666838971
2018-05-27 10:30:00,0.006369692818604814
2018-05-27 11:00:00,0.006567607118919327
2018-05-27 11:30:00,0.006738847253691731
2018-05-27 12:00:00,0.00680977392102188
2018-05-27 12:30:00,0.00683339096034854
2018-05-27 13:00:00,0.006777074778499592
2018-05-27 13:30:00,0.006640992320567874
2018-05-27 14:00:00,0.006455880901046195
2018-05-27 14:30:00,0.006224077193262729
2018-05-27 15:00:00,0.005924107661462497
2018-05-27 15:30:00,0.005695283298658042
2018-05-27 16:00:00,0.00547183912089097
2018-05-27 16:30:00,0.00528644626051091
2018-05-27 17:00:00,0.005125022965893524
2018-05-27 17:30:00,0.005009837324305157
2018-05-27 18:00:00,0.004895999295645345
2018-05-27 18:30:00,0.004805205269512911
2018-05-27 19:00:00,0.004769350797779388
2018-05-27 19:30:00,0.004730686269640273
2018-05-27 20:00:00,0.004691466336603393
2018-05-27 20:30:00,0.0046763303535004175
2018-05-27 21:00:00,0.004609058623122571
2018-05-27 21:30:00,0.004573768037454632
2018-05-27 22:00:00,0.004546439371264463
2018-05-27 22:30:00,0.0044989701633928215
2018-05-27 23:00:00,0.00446879394510776
2018-05-27 23:30:00,0.004444772264800731
2018-05-28 00:00:00,0.004479076245143948
2018-05-28 00:30:00,0.00454325580869194
2018-05-28 01:00:00,0.004571402126416351
2018-05-28 01:30:00,0.004554424502359422
2018-05-28 02:00:00,0.004528483511456316
2018-05-28 02:30:00,0.004531011122654706
2018-05-28 03:00:00,0.004503603670879282
2018-05-28 03:30:00,0.004478072454294962
2018-05-28 04:00:00,0.00462022196026301
2018-05-28 04:30:00,0.004704578556832957
2018-05-28 05:00:00,0.004685986832627087
2018-05-28 05:30:00,0.004740493624278653
2018-05-28 06:00:00,0.004884164718709837
2018-05-28 06:30:00,0.005301121693882506
2018-05-28 07:00:00,0.005921280084749701
2018-05-28 07:30:00,0.0068338352173101646
2018-05-28 08:00:00,0.007706313818884128
2018-05-28 08:30:00,0.008654625443370954
2018-05-28 09:00:00,0.009493318866564675
2018-05-28 09:30:00,0.010174769652903714
2018-05-28 10:00:00,0.010638986373421784
2018-05-28 10:30:00,0.010935929021065497
2018-05-28 11:00:00,0.011013951747595788
2018-05-28 11:30:00,0.01092983507879964
2018-05-28 12:00:00,0.010803674359677534
2018-05-28 12:30:00,0.010456127485115978
2018-05-28 13:00:00,0.01006520512847535
2018-05-28 13:30:00,0.009438441581792637
2018-05-28 14:00:00,0.00883979757019912
2018-05-28 14:30:00,0.008151173612989383
2018-05-28 15:00:00,0.007500030949413835
2018-05-28 15:30:00,0.0070224187822988055
2018-05-28 16:00:00,0.006513652830713377
2018-05-28 16:30:00,0.006196714825589915
2018-05-28 17:00:00,0.005897826084714911
2018-05-28 17:30:00,0.005676495614837849
2018-05-28 18:00:00,0.005478534333317398
2018-05-28 18:30:00,0.005353382092005437
2018-05-28 19:00:00,0.005264079858654464
2018-05-28 19:30:00,0.005205393078806072
2018-05-28 20:00:00,0.005147139061705025
2018-05-28 20:30:00,0.0051142765451079285
2018-05-28 21:00:00,0.005055252862027397
2018-05-28 21:30:00,0.005000509044054181
2018-05-28 22:00:00,0.0049432425250323635
2018-05-28 22:30:00,0.0049046814448217655
2018-05-28 23:00:00,0.0048705788922142265
2018-05-28 23:30:00,0.004844557888188418
2018-05-29 00:00:00,0.004789817529638916
2018-05-29 00:30:00,0.004750280668751996
2018-05-29 01:00:00,0.004737267544272726
2018-05-29 01:30:00,0.004689421817187689
2018-05-29 02:00:00,0.004666388416120083
2018-05-29 02:30:00,0.004651359228775026
2018-05-29 03:00:00,0.004615364482989565
2018-05-29 03:30:00,0.004589981240464808
2018-05-29 04:00:00,0.004724475711316918
2018-05-29 04:30:00,0.004808033738980213
2018-05-29 05:00:00,0.004779222207553656
2018-05-29 05:30:00,0.004849332785669951
2018-05-29 06:00:00,0.0050354178655759975
2018-05-29 06:30:00,0.00546803342002127
2018-05-29 07:00:00,0.006155165361260919
2018-05-29 07:30:00,0.007088318572187778
2018-05-29 08:00:00,0.007956997387390651
2018-05-29 08:30:00,0.00891009808183681
2018-05-29 09:00:00,0.009765659097094453
2018-05-29 09:30:00,0.010481088677947477
2018-05-29 10:00:00,0.010968667779569043
2018-05-29 10:30:00,0.011266065955200032
2018-05-29 11:00:00,0.011336431637916745
2018-05-29 11:30:00,0.011215707458960287
2018-05-29 12:00:00,0.011075550246269276
2018-05-29 12:30:00,0.01072516608628966
2018-05-29 13:00:00,0.010346281631423548
2018-05-29 13:30:00,0.009688876183385976
2018-05-29 14:00:00,0.009110710621054893
2018-05-29 14:30:00,0.008448708603248593
2018-05-29 15:00:00,0.007797166320436782
2018-05-29 15:30:00,0.00729847811651109
2018-05-29 16:00:00,0.006771729745670926
2018-05-29 16:30:00,0.006437931848491166
2018-05-29 17:00:00,0.006117731495209923
2018-05-29 17:30:00,0.005895272695230127
2018-05-29 18:00:00,0.00568988749041678
2018-05-29 18:30:00,0.005560183875033016
2018-05-29 19:00:00,0.005443274324491328
2018-05-29 19:30:00,0.005386448714601734
2018-05-29 20:00:00,0.005319329756838926
2018-05-29 20:30:00,0.005265621087716758
2018-05-29 21:00:00,0.005213267954719396
2018-05-29 21:30:00,0.005156425047711225
2018-05-29 22:00:00,0.005124637184352118
2018-05-29 22:30:00,0.005067871165825877
2018-05-29 23:00:00,0.00503824242924233
2018-05-29 23:30:00,0.005000083981314461
2018-05-30 00:00:00,0.004935227709850043
2018-05-30 00:30:00,0.004903907984635627
2018-05-30 01:00:00,0.004877159497280799
2018-05-30 01:30:00,0.004828777224736959
2018-05-30 02:00:00,0.004790997639503065
2018-05-30 02:30:00,0.004772672848894835
2018-05-30 03:00:00,0.004737944698566405
2018-05-30 03:30:00,0.00469545538693
2018-05-30 04:00:00,0.004809539927428101
2018-05-30 04:30:00,0.004875743253849507
2018-05-30 05:00:00,0.004831052186409824
2018-05-30 05:30:00,0.004945073564526544
2018-05-30 06:00:00,0.005097504700964898
2018-05-30 06:30:00,0.005525096502609768
2018-05-30 07:00:00,0.006222133331917706
2018-05-30 07:30:00,0.007195201038888011
2018-05-30 08:00:00,0.008091784904909739
2018-05-30 08:30:00,0.009095108062127613
2018-05-30 09:00:00,0.009986662818821894
2018-05-30 09:30:00,0.010712943384332166
2018-05-30 10:00:00,0.011207388660868279
2018-05-30 10:30:00,0.011510116915689941
2018-05-30 11:00:00,0.011577218576334173
2018-05-30 11:30:00,0.011434794771543803
2018-05-30 12:00:00,0.011279224487069656
2018-05-30 12:30:00,0.010935034481049325
2018-05-30 13:00:00,0.010565658531250322
2018-05-30 13:30:00,0.009866008163122681
2018-05-30 14:00:00,0.009237956929657705
2018-05-30 14:30:00,0.00853516440044781
2018-05-30 15:00:00,0.00785310676423253
2018-05-30 15:30:00,0.007373112504903777
2018-05-30 16:00:00,0.006858407280770857
2018-05-30 16:30:00,0.006519903451395241
2018-05-30 17:00:00,0.006187546906367287
2018-05-30 17:30:00,0.00597451046064466
2018-05-30 18:00:00,0.005772103596461504
2018-05-30 18:30:00,0.005606962648887687
2018-05-30 19:00:00,0.005476966433214202
2018-05-30 19:30:00,0.005427330398559374
2018-05-30 20:00:00,0.005355773669735799
2018-05-30 20:30:00,0.00531558498646434
2018-05-30 21:00:00,0.0052580574483434925
2018-05-30 21:30:00,0.005221784386340426
2018-05-30 22:00:00,0.005167026507483722
2018-05-30 22:30:00,0.005118344157831165
2018-05-30 23:00:00,0.005091270931024357
2018-05-30 23:30:00,0.005040261951531835
2018-05-31 00:00:00,0.0049954292709084545
2018-05-31 00:30:00,0.004971697959004878
2018-05-31 01:00:00,0.004965635263146771
2018-05-31 01:30:00,0.004922802129430797
2018-05-31 02:00:00,0.004892293918063387
2018-05-31 02:30:00,0.004878513805868156
2018-05-31 03:00:00,0.004854948881085851
2018-05-31 03:30:00,0.00481506551985584
2018-05-31 04:00:00,0.004927007226348136
2018-05-31 04:30:00,0.004990563089278565
2018-05-31 05:00:00,0.004960067599662882
2018-05-31 05:30:00,0.005063080533546155
2018-05-31 06:00:00,0.005216934051103039
2018-05-31 06:30:00,0.0056662203452434055
2018-05-31 07:00:00,0.006377870003513125
2018-05-31 07:30:00,0.007366541385353843
2018-05-31 08:00:00,0.008281624352301321
2018-05-31 08:30:00,0.009271771680531
2018-05-31 09:00:00,0.01013995724886867
2018-05-31 09:30:00,0.010877610725639936
2018-05-31 10:00:00,0.011373332641121284
2018-05-31 10:30:00,0.011660915985294899
2018-05-31 11:00:00,0.011717599647217854
2018-05-31 11:30:00,0.011624716687132986
2018-05-31 12:00:00,0.011502234786146245
2018-05-31 12:30:00,0.011104869531821777
2018-05-31 13:00:00,0.010713779337333806
2018-05-31 13:30:00,0.010027320309803925
2018-05-31 14:00:00,0.009405402746180376
2018-05-31 14:30:00,0.008714258542996933
2018-05-31 15:00:00,0.008057286192489648
2018-05-31 15:30:00,0.007592050281107342
2018-05-31 16:00:00,0.007057628796872474
2018-05-31 16:30:00,0.006704790789535623
2018-05-31 17:00:00,0.006365835226379388
2018-05-31 17:30:00,0.0061434971714466845
2018-05-31 18:00:00,0.005931863577837742
2018-05-31 18:30:00,0.005774861091945487
2018-05-31 19:00:00,0.005631294338197326
2018-05-31 19:30:00,0.0055569448500867365
2018-05-31 20:00:00,0.005474116202855789
2018-05-31 20:30:00,0.005417233679866363
2018-05-31 21:00:00,0.005361420118804944
2018-05-31 21:30:00,0.005299818941867937
2018-05-31 22:00:00,0.005232125942957026
2018-05-31 22:30:00,0.005160865608629828
2018-05-31 23:00:00,0.005101403694680596
2018-05-31 23:30:00,0.005041250788742825
2018-06-01 00:00:00,0.004982116627292033
2018-06-01 00:30:00,0.004920784839027561
2018-06-01 01:00:00,0.004891688965290474
2018-06-01 01:30:00,0.004838462829979426
2018-06-01 02:00:00,0.004807807314118335
2018-06-01 02:30:00,0.0047718861089854035
2018-06-01 03:00:00,0.004715587001066404
2018-06-01 03:30:00,0.004668920156308069
2018-06-01 04:00:00,0.004754088601507962
2018-06-01 04:30:00,0.004794400708090037
2018-06-01 05:00:00,0.004767033095484494
2018-06-01 05:30:00,0.004849218178310093
2018-06-01 06:00:00,0.0050024468793062795
2018-06-01 06:30:00,0.005463005761419899
2018-06-01 07:00:00,0.006152265694621673
2018-06-01 07:30:00,0.007119057560595287
2018-06-01 08:00:00,0.008009980470287127
2018-06-01 08:30:00,0.008962671725197442
2018-06-01 09:00:00,0.009807814853328121
2018-06-01 09:30:00,0.010523135741319899
2018-06-01 10:00:00,0.010989550981406158
2018-06-01 10:30:00,0.011260668584638384
2018-06-01 11:00:00,0.01132939003674154
2018-06-01 11:30:00,0.011238171171058013
2018-06-01 12:00:00,0.011100542462319899
2018-06-01 12:30:00,0.010764213606112346
2018-06-01 13:00:00,0.010368705839134332
2018-06-01 13:30:00,0.009702829155172656
2018-06-01 14:00:00,0.009118393554749178
2018-06-01 14:30:00,0.008422029639151011
2018-06-01 15:00:00,0.007770509898390503
2018-06-01 15:30:00,0.007279473493345659
2018-06-01 16:00:00,0.006762485495937936
2018-06-01 16:30:00,0.0064230006409532695
2018-06-01 17:00:00,0.006085923768063032
2018-06-01 17:30:00,0.005861412302282654
2018-06-01 18:00:00,0.0056634459990181005
2018-06-01 18:30:00,0.005500403024536103
2018-06-01 19:00:00,0.005370372549408406
2018-06-01 19:30:00,0.005310796920853827
2018-06-01 20:00:00,0.005242864775329311
2018-06-01 20:30:00,0.005196548894686602
2018-06-01 21:00:00,0.005147311921296473
2018-06-01 21:30:00,0.005090442789624655
2018-06-01 22:00:00,0.005050285464355259
2018-06-01 22:30:00,0.005000604791975074
2018-06-01 23:00:00,0.0049471116114720715
2018-06-01 23:30:00,0.004922488661004471
2018-06-02 00:00:00,0.005240787335591156
2018-06-02 00:30:00,0.005591061351983449
2018-06-02 01:00:00,0.005718721005923076
2018-06-02 01:30:00,0.005815011051990198
2018-06-02 02:00:00,0.00583056763406036
2018-06-02 02:30:00,0.0058230625817016265
2018-06-02 03:00:00,0.005818162921777718
2018-06-02 03:30:00,0.00580843714258243
2018-06-02 04:00:00,0.005929688493075366
2018-06-02 04:30:00,0.005991615079030231
2018-06-02 05:00:00,0.005934878521402726
2018-06-02 05:30:00,0.005906439603388594
2018-06-02 06:00:00,0.005892825431937381
2018-06-02 06:30:00,0.006024331407076783
2018-06-02 07:00:00,0.006241559112021887
2018-06-02 07:30:00,0.0065138853932624925
2018-06-02 08:00:00,0.006856743297963828
2018-06-02 08:30:00,0.00726411722306804
2018-06-02 09:00:00,0.007687633600387737
2018-06-02 09:30:00,0.008116925429802864
2018-06-02 10:00:00,0.008477031797959736
2018-06-02 10:30:00,0.008745146286624199
2018-06-02 11:00:00,0.008873646357338
2018-06-02 11:30:00,0.008891330931370282
2018-06-02 12:00:00,0.008809470030025097
2018-06-02 12:30:00,0.008651330956050918
2018-06-02 13:00:00,0.008428254258357854
2018-06-02 13:30:00,0.008178870205630812
2018-06-02 14:00:00,0.007909539227356035
2018-06-02 14:30:00,0.007659688598804691
2018-06-02 15:00:00,0.007391597321757415
2018-06-02 15:30:00,0.007176699817670303
2018-06-02 16:00:00,0.006972044774449498
2018-06-02 16:30:00,0.006825142243485344
2018-06-02 17:00:00,0.0066833209363929905
2018-06-02 17:30:00,0.006546973553561274
2018-06-02 18:00:00,0.006447506194203178
2018-06-02 18:30:00,0.00634274100641098
2018-06-02 19:00:00,0.0062693962019038825
2018-06-02 19:30:00,0.0062564312861680006
2018-06-02 20:00:00,0.006222078985487083
2018-06-02 20:30:00,0.006196098155414096
2018-06-02 21:00:00,0.0061503529680900886
2018-06-02 21:30:00,0.006126162557181207
2018-06-02 22:00:00,0.006088748331729365
2018-06-02 22:30:00,0.0060510023363838025
2018-06-02 23:00:00,0.005984385218248329
2018-06-02 23:30:00,0.005874591032723002
2018-06-03 00:00:00,0.005487882700544785
2018-06-03 00:30:00,0.004974233158616578
2018-06-03 01:00:00,0.004847900919034783
2018-06-03 01:30:00,0.00465922194090819
2018-06-03 02:00:00,0.0046235055113403355
2018-06-03 02:30:00,0.004597136667839676
2018-06-03 03:00:00,0.004546037520141929
2018-06-03 03:30:00,0.004528534510057539
2018-06-03 04:00:00,0.00450547834375
2018-06-03 04:30:00,0.004440305590812795
2018-06-03 05:00:00,0.004413422185933071
2018-06-03 05:30:00,0.004417481540677117
2018-06-03 06:00:00,0.00456998197718409
2018-06-03 06:30:00,0.004772545519783252
2018-06-03 07:00:00,0.004927835925719406
2018-06-03 07:30:00,0.005137893138057335
2018-06-03 08:00:00,0.00530857251140493
2018-06-03 08:30:00,0.005577297309369348
2018-06-03 09:00:00,0.005842808414296624
2018-06-03 09:30:00,0.0061001973503120935
2018-06-03 10:00:00,0.006384096185040355
2018-06-03 10:30:00,0.006707794462074955
2018-06-03 11:00:00,0.006881033027811631
2018-06-03 11:30:00,0.007022776553667549
2018-06-03 12:00:00,0.007080309894692693
2018-06-03 12:30:00,0.00711637427532971
2018-06-03 13:00:00,0.0070599855571770575
2018-06-03 13:30:00,0.006943724481190505
2018-06-03 14:00:00,0.006770451544405303
2018-06-03 14:30:00,0.006518162803294912
2018-06-03 15:00:00,0.006219627146827488
2018-06-03 15:30:00,0.005987768757830457
2018-06-03 16:00:00,0.005750799237685634
2018-06-03 16:30:00,0.0055635515682226425
2018-06-03 17:00:00,0.005411637783021185
2018-06-03 17:30:00,0.005306244542433204
2018-06-03 18:00:00,0.005216255557677599
2018-06-03 18:30:00,0.005127083889673297
2018-06-03 19:00:00,0.005062622550483984
2018-06-03 19:30:00,0.005049377644615794
2018-06-03 20:00:00,0.00501555139952822
2018-06-03 20:30:00,0.0049855769437617764
2018-06-03 21:00:00,0.004935391418707793
2018-06-03 21:30:00,0.004872506014412239
2018-06-03 22:00:00,0.004835093686063727
2018-06-03 22:30:00,0.0047918311374298105
2018-06-03 23:00:00,0.00472988535725304
2018-06-03 23:30:00,0.004722827574902392
2018-06-04 00:00:00,0.004747591357393496
2018-06-04 00:30:00,0.004791937598404789
2018-06-04 01:00:00,0.0047967787829084774
2018-06-04 01:30:00,0.004785849570637541
2018-06-04 02:00:00,0.004773235395828658
2018-06-04 02:30:00,0.004743356576388795
2018-06-04 03:00:00,0.004684392373077303
2018-06-04 03:30:00,0.004661220595061088
2018-06-04 04:00:00,0.0047886505879037485
2018-06-04 04:30:00,0.004831436070847902
2018-06-04 05:00:00,0.004794175399171293
2018-06-04 05:30:00,0.004911008842391245
2018-06-04 06:00:00,0.005078858741922719
2018-06-04 06:30:00,0.005531689271456501
2018-06-04 07:00:00,0.006211372515465682
2018-06-04 07:30:00,0.007160099828769902
2018-06-04 08:00:00,0.00800785794644636
2018-06-04 08:30:00,0.008939711418405109
2018-06-04 09:00:00,0.009766851482333075
2018-06-04 09:30:00,0.010464928928613417
2018-06-04 10:00:00,0.010901405534707833
2018-06-04 10:30:00,0.011118647635319365
2018-06-04 11:00:00,0.011142734598299734
2018-06-04 11:30:00,0.011045747422556833
2018-06-04 12:00:00,0.010903249407548055
2018-06-04 12:30:00,0.010576413098420796
2018-06-04 13:00:00,0.010187276585577425
2018-06-04 13:30:00,0.009536189049592695
2018-06-04 14:00:00,0.008945298387705213
2018-06-04 14:30:00,0.008272848575495963
2018-06-04 15:00:00,0.00763185496834641
2018-06-04 15:30:00,0.007163817704914959
2018-06-04 16:00:00,0.006660613725503438
2018-06-04 16:30:00,0.006308369399913847
2018-06-04 17:00:00,0.00596311009718257
2018-06-04 17:30:00,0.005756130544413754
2018-06-04 18:00:00,0.005560972065668523
2018-06-04 18:30:00,0.005424306862232258
2018-06-04 19:00:00,0.005280704844681065
2018-06-04 19:30:00,0.0052391438861377915
2018-06-04 20:00:00,0.005167343323739449
2018-06-04 20:30:00,0.0051327583489151046
2018-06-04 21:00:00,0.005055957022144918
2018-06-04 21:30:00,0.005003501557162173
2018-06-04 22:00:00,0.0049758034022003555
2018-06-04 22:30:00,0.004894901542384481
2018-06-04 23:00:00,0.0048467400033925375
2018-06-04 23:30:00,0.004830332849465682
2018-06-05 00:00:00,0.004780089295368734
2018-06-05 00:30:00,0.004751969760279537
2018-06-05 01:00:00,0.004733368662151342
2018-06-05 01:30:00,0.004690093838142952
2018-06-05 02:00:00,0.004673303804126839
2018-06-05 02:30:00,0.004644240515929265
2018-06-05 03:00:00,0.004621937499642827
2018-06-05 03:30:00,0.004607078940002949
2018-06-05 04:00:00,0.00472866741691665
2018-06-05 04:30:00,0.004797706243247101
2018-06-05 05:00:00,0.004765687602847894
2018-06-05 05:30:00,0.004844721150668915
2018-06-05 06:00:00,0.00498225065206242
2018-06-05 06:30:00,0.005441506224189903
2018-06-05 07:00:00,0.006125634492890221
2018-06-05 07:30:00,0.007081029566419775
2018-06-05 08:00:00,0.007946453398689554
2018-06-05 08:30:00,0.008913752684006173
2018-06-05 09:00:00,0.009774410434745178
2018-06-05 09:30:00,0.010471998205178343
2018-06-05 10:00:00,0.010921768483855905
2018-06-05 10:30:00,0.011185369094137865
2018-06-05 11:00:00,0.011233512108473783
2018-06-05 11:30:00,0.01117330586045421
2018-06-05 12:00:00,0.011033321507354647
2018-06-05 12:30:00,0.010712578359333053
2018-06-05 13:00:00,0.010321458145974776
2018-06-05 13:30:00,0.009689356708499455
2018-06-05 14:00:00,0.009111172175135093
2018-06-05 14:30:00,0.008428543957195427
2018-06-05 15:00:00,0.0077853488174312235
2018-06-05 15:30:00,0.007307829831567877
2018-06-05 16:00:00,0.00677785281405258
2018-06-05 16:30:00,0.006422592763737811
2018-06-05 17:00:00,0.006079673370569794
2018-06-05 17:30:00,0.00584160319571196
2018-06-05 18:00:00,0.005642057498129932
2018-06-05 18:30:00,0.005504963995718858
2018-06-05 19:00:00,0.005343123896340942
2018-06-05 19:30:00,0.005293521786357387
2018-06-05 20:00:00,0.005237029062304649
2018-06-05 20:30:00,0.005162583826273165
2018-06-05 21:00:00,0.005087038047122983
2018-06-05 21:30:00,0.005042403892783132
2018-06-05 22:00:00,0.004995140464825389
2018-06-05 22:30:00,0.00494770886423736
2018-06-05 23:00:00,0.0049039919035593
2018-06-05 23:30:00,0.004876851496975828
2018-06-06 00:00:00,0.0048474317765412715
2018-06-06 00:30:00,0.00480299123833516
2018-06-06 01:00:00,0.004784216834238263
2018-06-06 01:30:00,0.004754903686372998
2018-06-06 02:00:00,0.004736193560600615
2018-06-06 02:30:00,0.0047239408397728175
2018-06-06 03:00:00,0.004701257063689077
2018-06-06 03:30:00,0.004669827083293027
2018-06-06 04:00:00,0.004791168267208246
2018-06-06 04:30:00,0.004845706082078936
2018-06-06 05:00:00,0.004804618841396022
2018-06-06 05:30:00,0.004899557591922248
2018-06-06 06:00:00,0.005069380925291793
2018-06-06 06:30:00,0.005513653956497217
2018-06-06 07:00:00,0.006200923158742343
2018-06-06 07:30:00,0.007163104840440995
2018-06-06 08:00:00,0.008040809403711234
2018-06-06 08:30:00,0.009007317262157259
2018-06-06 09:00:00,0.009857328692209781
2018-06-06 09:30:00,0.010568938176526679
2018-06-06 10:00:00,0.01102977291978301
2018-06-06 10:30:00,0.011304970187924318
2018-06-06 11:00:00,0.011347691615732583
2018-06-06 11:30:00,0.011253755986489464
2018-06-06 12:00:00,0.011109500695827657
2018-06-06 12:30:00,0.010788196897975569
2018-06-06 13:00:00,0.010411993831271702
2018-06-06 13:30:00,0.009775538876442225
2018-06-06 14:00:00,0.009227024034774427
2018-06-06 14:30:00,0.008548997519941903
2018-06-06 15:00:00,0.007886415211705952
2018-06-06 15:30:00,0.007375199764941512
2018-06-06 16:00:00,0.006827706011241275
2018-06-06 16:30:00,0.006482557521663199
2018-06-06 17:00:00,0.006146516132406951
2018-06-06 17:30:00,0.005921164919418279
2018-06-06 18:00:00,0.005714851807889054
2018-06-06 18:30:00,0.005576389043252627
2018-06-06 19:00:00,0.005447869220345356
2018-06-06 19:30:00,0.005419284113780676
2018-06-06 20:00:00,0.005345720696013637
2018-06-06 20:30:00,0.005294135889863999
2018-06-06 21:00:00,0.005252499493564869
2018-06-06 21:30:00,0.0051890518771184335
2018-06-06 22:00:00,0.005154933701307018
2018-06-06 22:30:00,0.0051036830085316835
2018-06-06 23:00:00,0.005081001910711464
2018-06-06 23:30:00,0.0050332201271680015
2018-06-07 00:00:00,0.0049826866510448535
2018-06-07 00:30:00,0.004976049021284137
2018-06-07 01:00:00,0.004958010916467018
2018-06-07 01:30:00,0.004926014036958923
2018-06-07 02:00:00,0.004918631849939237
2018-06-07 02:30:00,0.004903257612977163
2018-06-07 03:00:00,0.004885887065342771
2018-06-07 03:30:00,0.004866744065228731
2018-06-07 04:00:00,0.004995468775295397
2018-06-07 04:30:00,0.005053299849948677
2018-06-07 05:00:00,0.0050083595924071845
2018-06-07 05:30:00,0.005104548645620686
2018-06-07 06:00:00,0.005258667088077568
2018-06-07 06:30:00,0.005709448076451544
2018-06-07 07:00:00,0.006401436044238564
2018-06-07 07:30:00,0.007398895924636368
2018-06-07 08:00:00,0.008309384665295702
2018-06-07 08:30:00,0.009294334711567646
2018-06-07 09:00:00,0.01015842700049
2018-06-07 09:30:00,0.010834976006613178
2018-06-07 10:00:00,0.011276945284812882
2018-06-07 10:30:00,0.011558570162217098
2018-06-07 11:00:00,0.0116233121611046
2018-06-07 11:30:00,0.011547734800763727
2018-06-07 12:00:00,0.011412290215927372
2018-06-07 12:30:00,0.011035387564472837
2018-06-07 13:00:00,0.010614096712545172
2018-06-07 13:30:00,0.00998350291424381
2018-06-07 14:00:00,0.009395145220081762
2018-06-07 14:30:00,0.008703460565638548
2018-06-07 15:00:00,0.008057069364738722
2018-06-07 15:30:00,0.007565017674630611
2018-06-07 16:00:00,0.0070466917729996
2018-06-07 16:30:00,0.006704549522630065
2018-06-07 17:00:00,0.006356351941627106
2018-06-07 17:30:00,0.00613529030245101
2018-06-07 18:00:00,0.00593946281579698
2018-06-07 18:30:00,0.005807326444381212
2018-06-07 19:00:00,0.005671005063024516
2018-06-07 19:30:00,0.00561646178003247
2018-06-07 20:00:00,0.005545995104462134
2018-06-07 20:30:00,0.005474723387514969
2018-06-07 21:00:00,0.005421534078327341
2018-06-07 21:30:00,0.005344936969150667
2018-06-07 22:00:00,0.005298699092933021
2018-06-07 22:30:00,0.005239703420025153
2018-06-07 23:00:00,0.005210101800859762
2018-06-07 23:30:00,0.00518779074978276
2018-06-08 00:00:00,0.0051505512810256955
2018-06-08 00:30:00,0.0051059525020831905
2018-06-08 01:00:00,0.005091973975198744
2018-06-08 01:30:00,0.005061865494661914
2018-06-08 02:00:00,0.005024659727387495
2018-06-08 02:30:00,0.0050161401711256905
2018-06-08 03:00:00,0.0049604214652306565
2018-06-08 03:30:00,0.0049094061248622705
2018-06-08 04:00:00,0.005008160173369148
2018-06-08 04:30:00,0.00505677299976446
2018-06-08 05:00:00,0.0050514130132978
2018-06-08 05:30:00,0.005131650440571722
2018-06-08 06:00:00,0.0052974165394891765
2018-06-08 06:30:00,0.005754110240964056
2018-06-08 07:00:00,0.006445824244711692
2018-06-08 07:30:00,0.007421850316930092
2018-06-08 08:00:00,0.008319144257567948
2018-06-08 08:30:00,0.009317113008034833
2018-06-08 09:00:00,0.010185192561774779
2018-06-08 09:30:00,0.010897160933403554
2018-06-08 10:00:00,0.011363128457104472
2018-06-08 10:30:00,0.011628375306697629
2018-06-08 11:00:00,0.0116665195821477
2018-06-08 11:30:00,0.011563205120429635
2018-06-08 12:00:00,0.011400703378367603
2018-06-08 12:30:00,0.011026920234349702
2018-06-08 13:00:00,0.010613993376210967
2018-06-08 13:30:00,0.009929136619832808
2018-06-08 14:00:00,0.009322729438233673
2018-06-08 14:30:00,0.008633716909624698
2018-06-08 15:00:00,0.007978739753846595
2018-06-08 15:30:00,0.007487766287994505
2018-06-08 16:00:00,0.006949954010547137
2018-06-08 16:30:00,0.00661544224454459
2018-06-08 17:00:00,0.0062833801969096855
2018-06-08 17:30:00,0.006052450942165978
2018-06-08 18:00:00,0.005848022100618425
2018-06-08 18:30:00,0.005689203752058611
2018-06-08 19:00:00,0.0055427661230040585
2018-06-08 19:30:00,0.005478352880963818
2018-06-08 20:00:00,0.0054357205054176416
2018-06-08 20:30:00,0.005369473880402639
2018-06-08 21:00:00,0.005324670214300743
2018-06-08 21:30:00,0.005278961518317214
2018-06-08 22:00:00,0.005236724409829082
2018-06-08 22:30:00,0.005186636529799319
2018-06-08 23:00:00,0.005150327199644399
2018-06-08 23:30:00,0.0051255193373995036
2018-06-09 00:00:00,0.005456352396860994
2018-06-09 00:30:00,0.005804765578077431
2018-06-09 01:00:00,0.00593666760143507
2018-06-09 01:30:00,0.00604102658592651
2018-06-09 02:00:00,0.006066297118194739
2018-06-09 02:30:00,0.006081092961830488
2018-06-09 03:00:00,0.00608257526909531
2018-06-09 03:30:00,0.0060802998610451926
2018-06-09 04:00:00,0.00620747731595664
2018-06-09 04:30:00,0.006251324284009804
2018-06-09 05:00:00,0.006190151182858979
2018-06-09 05:30:00,0.006201073587876799
2018-06-09 06:00:00,0.006144836303207421
2018-06-09 06:30:00,0.006287051873008998
2018-06-09 07:00:00,0.00652552702363014
2018-06-09 07:30:00,0.006823110222632741
2018-06-09 08:00:00,0.007178059259596078
2018-06-09 08:30:00,0.00760259917995823
2018-06-09 09:00:00,0.008040607529598301
2018-06-09 09:30:00,0.008472173316337471
2018-06-09 10:00:00,0.008848167924863915
2018-06-09 10:30:00,0.009127306146182759
2018-06-09 11:00:00,0.009272835955497846
2018-06-09 11:30:00,0.009313412875385604
2018-06-09 12:00:00,0.009250730126363176
2018-06-09 12:30:00,0.009104697249883307
2018-06-09 13:00:00,0.00888290210128527
2018-06-09 13:30:00,0.008626708340366256
2018-06-09 14:00:00,0.00835239646150742
2018-06-09 14:30:00,0.00809063180086943
2018-06-09 15:00:00,0.007802652408477578
2018-06-09 15:30:00,0.007579986266263496
2018-06-09 16:00:00,0.007372737882793711
2018-06-09 16:30:00,0.007228170574431654
2018-06-09 17:00:00,0.0070807598429643
2018-06-09 17:30:00,0.006944292607839998
2018-06-09 18:00:00,0.006833500880747233
2018-06-09 18:30:00,0.006728292328747921
2018-06-09 19:00:00,0.006628130406383255
2018-06-09 19:30:00,0.006626653120862536
2018-06-09 20:00:00,0.006586946078647687
2018-06-09 20:30:00,0.006570052261920118
2018-06-09 21:00:00,0.006528444545359531
2018-06-09 21:30:00,0.006500085082496537
2018-06-09 22:00:00,0.00647515223462064
2018-06-09 22:30:00,0.006437796484589017
2018-06-09 23:00:00,0.006377594365559039
2018-06-09 23:30:00,0.006250427512107365
2018-06-10 00:00:00,0.005833963225828334
2018-06-10 00:30:00,0.005311191406751677
2018-06-10 01:00:00,0.005180190842257641
2018-06-10 01:30:00,0.00497454484153389
2018-06-10 02:00:00,0.004943640358759616
2018-06-10 02:30:00,0.004928131427461274
2018-06-10 03:00:00,0.004885131125463835
2018-06-10 03:30:00,0.004864943379387794
2018-06-10 04:00:00,0.004836286406085289
2018-06-10 04:30:00,0.004759705589678372
2018-06-10 05:00:00,0.004728405616657425
2018-06-10 05:30:00,0.004719252204695539
2018-06-10 06:00:00,0.0048486032936432884
2018-06-10 06:30:00,0.005025431402064619
2018-06-10 07:00:00,0.0051999295328165815
2018-06-10 07:30:00,0.005465616064004515
2018-06-10 08:00:00,0.005644413254085694
2018-06-10 08:30:00,0.005909100123414238
2018-06-10 09:00:00,0.006169461931938542
2018-06-10 09:30:00,0.006445348629748005
2018-06-10 10:00:00,0.006745526954508597
2018-06-10 10:30:00,0.007078372617412161
2018-06-10 11:00:00,0.007289216792848149
2018-06-10 11:30:00,0.007455152738310591
2018-06-10 12:00:00,0.00751589106801643
2018-06-10 12:30:00,0.007529002283897173
2018-06-10 13:00:00,0.007449369920990477
2018-06-10 13:30:00,0.007316228084811024
2018-06-10 14:00:00,0.0071358265032861684
2018-06-10 14:30:00,0.006900509471734095
2018-06-10 15:00:00,0.006606575406779502
2018-06-10 15:30:00,0.006371185838923722
2018-06-10 16:00:00,0.006134831761417272
2018-06-10 16:30:00,0.0059616204246930645
2018-06-10 17:00:00,0.005804060636799717
2018-06-10 17:30:00,0.0056579344674738494
2018-06-10 18:00:00,0.005532034655856458
2018-06-10 18:30:00,0.005423652138395572
2018-06-10 19:00:00,0.005324901995689663
2018-06-10 19:30:00,0.005310559224966296
2018-06-10 20:00:00,0.005246359016470326
2018-06-10 20:30:00,0.005234679220847497
2018-06-10 21:00:00,0.005143495730561315
2018-06-10 21:30:00,0.0050732439856385775
2018-06-10 22:00:00,0.005014765887156235
2018-06-10 22:30:00,0.0049657421704990025
2018-06-10 23:00:00,0.004908116094599428
2018-06-10 23:30:00,0.004864700661756161
2018-06-11 00:00:00,0.004884779268593702
2018-06-11 00:30:00,0.0049138236973523125
2018-06-11 01:00:00,0.0049272962556198285
2018-06-11 01:30:00,0.00491909742141472
2018-06-11 02:00:00,0.004897754562600731
2018-06-11 02:30:00,0.004875571733389819
2018-06-11 03:00:00,0.004829908009914589
2018-06-11 03:30:00,0.004790947980033605
2018-06-11 04:00:00,0.004901347006737533
2018-06-11 04:30:00,0.004935943140993217
2018-06-11 05:00:00,0.004918768664567459
2018-06-11 05:30:00,0.005013865655830079
2018-06-11 06:00:00,0.005191460417184431
2018-06-11 06:30:00,0.005668160412381773
2018-06-11 07:00:00,0.0063707779617082645
2018-06-11 07:30:00,0.007351100972963926
2018-06-11 08:00:00,0.008258948276225206
2018-06-11 08:30:00,0.009237635091657875
2018-06-11 09:00:00,0.010089980963152303
2018-06-11 09:30:00,0.010811143925044606
2018-06-11 10:00:00,0.011286313962205306
2018-06-11 10:30:00,0.011559063967053869
2018-06-11 11:00:00,0.011589517831990657
2018-06-11 11:30:00,0.011483726088109542
2018-06-11 12:00:00,0.01132507836725491
2018-06-11 12:30:00,0.010963825367527904
2018-06-11 13:00:00,0.010532583092703267
2018-06-11 13:30:00,0.009896501086069156
2018-06-11 14:00:00,0.009316526133540691
2018-06-11 14:30:00,0.008602618475933743
2018-06-11 15:00:00,0.007926415412182088
2018-06-11 15:30:00,0.0074501257492751004
2018-06-11 16:00:00,0.006950872431746376
2018-06-11 16:30:00,0.0065851759696486205
2018-06-11 17:00:00,0.0062335619287410835
2018-06-11 17:30:00,0.006004573187512997
2018-06-11 18:00:00,0.005820744991001044
2018-06-11 18:30:00,0.005667524324795423
2018-06-11 19:00:00,0.0055462877047518545
2018-06-11 19:30:00,0.005495814154775
2018-06-11 20:00:00,0.005432556025472708
2018-06-11 20:30:00,0.005387272280634587
2018-06-11 21:00:00,0.005319247623424268
2018-06-11 21:30:00,0.0052773891544414826
2018-06-11 22:00:00,0.005219711521969119
2018-06-11 22:30:00,0.005174498081548438
2018-06-11 23:00:00,0.005146721922161556
2018-06-11 23:30:00,0.005120374727957695
2018-06-12 00:00:00,0.00508779108554977
2018-06-12 00:30:00,0.005045261823149171
2018-06-12 01:00:00,0.0050115872347335
2018-06-12 01:30:00,0.004968359838308302
2018-06-12 02:00:00,0.004931534942425499
2018-06-12 02:30:00,0.0049141236628667175
2018-06-12 03:00:00,0.0048896336212263716
2018-06-12 03:30:00,0.0048599091367219314
2018-06-12 04:00:00,0.00498685715372504
2018-06-12 04:30:00,0.005026165692646757
2018-06-12 05:00:00,0.005010930167416231
2018-06-12 05:30:00,0.005116063728036944
2018-06-12 06:00:00,0.005302845268052888
2018-06-12 06:30:00,0.00579172544777432
2018-06-12 07:00:00,0.006483233671608057
2018-06-12 07:30:00,0.007475790990629806
2018-06-12 08:00:00,0.008402232473171851
2018-06-12 08:30:00,0.009388578229521424
2018-06-12 09:00:00,0.010253989228445164
2018-06-12 09:30:00,0.01098701912962386
2018-06-12 10:00:00,0.011464410674781307
2018-06-12 10:30:00,0.011736551039895796
2018-06-12 11:00:00,0.011778564401785572
2018-06-12 11:30:00,0.011679005088713239
2018-06-12 12:00:00,0.011541296924823988
2018-06-12 12:30:00,0.011194311592847435
2018-06-12 13:00:00,0.010773220829523686
2018-06-12 13:30:00,0.010099343502857492
2018-06-12 14:00:00,0.009503962285799007
2018-06-12 14:30:00,0.008833984734008702
2018-06-12 15:00:00,0.008176401181446954
2018-06-12 15:30:00,0.007658178950933087
2018-06-12 16:00:00,0.0071333168587722345
2018-06-12 16:30:00,0.006822548010481857
2018-06-12 17:00:00,0.006476821462360397
2018-06-12 17:30:00,0.006237819251797092
2018-06-12 18:00:00,0.006014618907604788
2018-06-12 18:30:00,0.005842211607908588
2018-06-12 19:00:00,0.005692961578967863
2018-06-12 19:30:00,0.005628764606706983
2018-06-12 20:00:00,0.00554339239029083
2018-06-12 20:30:00,0.00549533028183212
2018-06-12 21:00:00,0.005408705754031053
2018-06-12 21:30:00,0.005346402872051419
2018-06-12 22:00:00,0.005302739253455162
2018-06-12 22:30:00,0.0052375316830921784
2018-06-12 23:00:00,0.005191692198573352
2018-06-12 23:30:00,0.005154745106917381
2018-06-13 00:00:00,0.0051094773200660755
2018-06-13 00:30:00,0.005052252983694721
2018-06-13 01:00:00,0.0050287179661884064
2018-06-13 01:30:00,0.0049828195598721065
2018-06-13 02:00:00,0.004956716645620267
2018-06-13 02:30:00,0.004931503807612063
2018-06-13 03:00:00,0.004887233227545251
2018-06-13 03:30:00,0.004854361002242888
2018-06-13 04:00:00,0.004960143930173244
2018-06-13 04:30:00,0.004990873767847056
2018-06-13 05:00:00,0.004956910373348319
2018-06-13 05:30:00,0.005063907893785664
2018-06-13 06:00:00,0.005246508329661648
2018-06-13 06:30:00,0.00572849599821057
2018-06-13 07:00:00,0.006430497323738497
2018-06-13 07:30:00,0.007422956104981519
2018-06-13 08:00:00,0.008329819481181598
2018-06-13 08:30:00,0.009315173610462347
2018-06-13 09:00:00,0.010166551959259642
2018-06-13 09:30:00,0.010886859885522715
2018-06-13 10:00:00,0.011347297910994928
2018-06-13 10:30:00,0.01159991964953649
2018-06-13 11:00:00,0.011647922278226159
2018-06-13 11:30:00,0.011533196516803294
2018-06-13 12:00:00,0.011375757697145664
2018-06-13 12:30:00,0.011046126396845123
2018-06-13 13:00:00,0.010641050533436645
2018-06-13 13:30:00,0.00996957192653687
2018-06-13 14:00:00,0.00935779571933169
2018-06-13 14:30:00,0.008677572582034306
2018-06-13 15:00:00,0.008018118039214182
2018-06-13 15:30:00,0.007479970420855064
2018-06-13 16:00:00,0.006935763119684301
2018-06-13 16:30:00,0.006587010803349457
2018-06-13 17:00:00,0.006244617130991843
2018-06-13 17:30:00,0.006039835539819648
2018-06-13 18:00:00,0.005874489816680751
2018-06-13 18:30:00,0.005706347540048185
2018-06-13 19:00:00,0.005566393317413237
2018-06-13 19:30:00,0.005525652577073415
2018-06-13 20:00:00,0.005438794928751666
2018-06-13 20:30:00,0.0053801213170322545
2018-06-13 21:00:00,0.00532695187163241
2018-06-13 21:30:00,0.005263039799653625
2018-06-13 22:00:00,0.00522256822479771
2018-06-13 22:30:00,0.00517761424115567
2018-06-13 23:00:00,0.005139476438175778
2018-06-13 23:30:00,0.0051317187362915195
2018-06-14 00:00:00,0.005076176907383217
2018-06-14 00:30:00,0.005063451138260939
2018-06-14 01:00:00,0.005033224144563284
2018-06-14 01:30:00,0.005007717925105164
2018-06-14 02:00:00,0.00499935515885368
2018-06-14 02:30:00,0.004945338824209484
2018-06-14 03:00:00,0.004924038817611837
2018-06-14 03:30:00,0.004915477078699569
2018-06-14 04:00:00,0.005019798455907394
2018-06-14 04:30:00,0.005054409320612447
2018-06-14 05:00:00,0.005037173467314322
2018-06-14 05:30:00,0.005151130901889468
2018-06-14 06:00:00,0.0053287869285218725
2018-06-14 06:30:00,0.005791000754303135
2018-06-14 07:00:00,0.0064886917494761925
2018-06-14 07:30:00,0.007503068211841499
2018-06-14 08:00:00,0.008447246717743124
2018-06-14 08:30:00,0.00945868356270499
2018-06-14 09:00:00,0.010336022543004546
2018-06-14 09:30:00,0.011081758684300676
2018-06-14 10:00:00,0.0115807112551548
2018-06-14 10:30:00,0.011873961693345538
2018-06-14 11:00:00,0.011924892891601625
2018-06-14 11:30:00,0.011795507989576917
2018-06-14 12:00:00,0.011635228871454767
2018-06-14 12:30:00,0.011258733539244118
2018-06-14 13:00:00,0.010883589614168684
2018-06-14 13:30:00,0.010222348000013858
2018-06-14 14:00:00,0.009627363389145178
2018-06-14 14:30:00,0.008913096063066159
2018-06-14 15:00:00,0.008241867315834074
2018-06-14 15:30:00,0.007742984714614447
2018-06-14 16:00:00,0.007197037211720608
2018-06-14 16:30:00,0.006832506910197827
2018-06-14 17:00:00,0.006501355360565907
2018-06-14 17:30:00,0.0062818612867100694
2018-06-14 18:00:00,0.006085550819867667
2018-06-14 18:30:00,0.005920134457528392
2018-06-14 19:00:00,0.0057803062248732665
2018-06-14 19:30:00,0.005733781439675883
2018-06-14 20:00:00,0.005645968767220103
2018-06-14 20:30:00,0.005596860350479005
2018-06-14 21:00:00,0.005535726530526494
2018-06-14 21:30:00,0.0054831047900167915
2018-06-14 22:00:00,0.005439901721151915
2018-06-14 22:30:00,0.005385437893311005
2018-06-14 23:00:00,0.005347861744510428
2018-06-14 23:30:00,0.005287450162954208
2018-06-15 00:00:00,0.005236232948472891
2018-06-15 00:30:00,0.005207154483448695
2018-06-15 01:00:00,0.005187828022283434
2018-06-15 01:30:00,0.005146664897467412
2018-06-15 02:00:00,0.005119420484983856
2018-06-15 02:30:00,0.00509516847401398
2018-06-15 03:00:00,0.005064890481715104
2018-06-15 03:30:00,0.005022513768740915
2018-06-15 04:00:00,0.005129133765616044
2018-06-15 04:30:00,0.005140221999783569
2018-06-15 05:00:00,0.005111690904866573
2018-06-15 05:30:00,0.005212576962730856
2018-06-15 06:00:00,0.005399253380903583
2018-06-15 06:30:00,0.005879711760981744
2018-06-15 07:00:00,0.006583022980560297
2018-06-15 07:30:00,0.007572401312376371
2018-06-15 08:00:00,0.00847564825166227
2018-06-15 08:30:00,0.009476258327932892
2018-06-15 09:00:00,0.010339854245349268
2018-06-15 09:30:00,0.011077233311703894
2018-06-15 10:00:00,0.01157268684286153
2018-06-15 10:30:00,0.011864724920431544
2018-06-15 11:00:00,0.011921078263186854
2018-06-15 11:30:00,0.011785230041718952
2018-06-15 12:00:00,0.011622420410946263
2018-06-15 12:30:00,0.011260059726064503
2018-06-15 13:00:00,0.010887906863370985
2018-06-15 13:30:00,0.01024883301319476
2018-06-15 14:00:00,0.00967680558447764
2018-06-15 14:30:00,0.008966623614617687
2018-06-15 15:00:00,0.008314212904859036
2018-06-15 15:30:00,0.007811457869370301
2018-06-15 16:00:00,0.0072633071599471095
2018-06-15 16:30:00,0.006919987477976947
2018-06-15 17:00:00,0.006573287604254057
2018-06-15 17:30:00,0.0063306715234457776
2018-06-15 18:00:00,0.006116043966002768
2018-06-15 18:30:00,0.005946310242866879
2018-06-15 19:00:00,0.005786789519698559
2018-06-15 19:30:00,0.005726199722023848
2018-06-15 20:00:00,0.005650364244036093
2018-06-15 20:30:00,0.005600050943493272
2018-06-15 21:00:00,0.005537463161231543
2018-06-15 21:30:00,0.005479855609987991
2018-06-15 22:00:00,0.005433589054031802
2018-06-15 22:30:00,0.005372303354218762
2018-06-15 23:00:00,0.005330014131186275
2018-06-15 23:30:00,0.005290740521284651
2018-06-16 00:00:00,0.00558912284716547
2018-06-16 00:30:00,0.005945746133612668
2018-06-16 01:00:00,0.006069906747855803
2018-06-16 01:30:00,0.00615887241275758
2018-06-16 02:00:00,0.006198314753261055
2018-06-16 02:30:00,0.006183065836712923
2018-06-16 03:00:00,0.006176717682601153
2018-06-16 03:30:00,0.0061687603384902295
2018-06-16 04:00:00,0.006238281252254545
2018-06-16 04:30:00,0.006260764828140055
2018-06-16 05:00:00,0.006217183008175517
2018-06-16 05:30:00,0.006219638864230394
2018-06-16 06:00:00,0.00621621035213997
2018-06-16 06:30:00,0.006390757026418258
2018-06-16 07:00:00,0.00665258585378645
2018-06-16 07:30:00,0.006951515996151724
2018-06-16 08:00:00,0.007311570361358556
2018-06-16 08:30:00,0.00772894960941311
2018-06-16 09:00:00,0.008166361487448086
2018-06-16 09:30:00,0.008602448629388755
2018-06-16 10:00:00,0.008972753267063831
2018-06-16 10:30:00,0.009237336353680917
2018-06-16 11:00:00,0.00935898933210776
2018-06-16 11:30:00,0.009369065294258482
2018-06-16 12:00:00,0.009286874631717212
2018-06-16 12:30:00,0.009143577713018838
2018-06-16 13:00:00,0.008939221296180678
2018-06-16 13:30:00,0.008686559160497667
2018-06-16 14:00:00,0.008416939822517079
2018-06-16 14:30:00,0.00815489673406717
2018-06-16 15:00:00,0.0078664723035535
2018-06-16 15:30:00,0.0076441509877678065
2018-06-16 16:00:00,0.007431765583269523
2018-06-16 16:30:00,0.007244816763377801
2018-06-16 17:00:00,0.007066948484361318
2018-06-16 17:30:00,0.006928359283367816
2018-06-16 18:00:00,0.006814293937091619
2018-06-16 18:30:00,0.006716701362198553
2018-06-16 19:00:00,0.006614813298994298
2018-06-16 19:30:00,0.006597073820559823
2018-06-16 20:00:00,0.006540555764597945
2018-06-16 20:30:00,0.006522736719418019
2018-06-16 21:00:00,0.006499477339865789
2018-06-16 21:30:00,0.006460537954932784
2018-06-16 22:00:00,0.00642679886500397
2018-06-16 22:30:00,0.006409289940420969
2018-06-16 23:00:00,0.006348483984561212
2018-06-16 23:30:00,0.0062266819161316735
2018-06-17 00:00:00,0.005818355087185385
2018-06-17 00:30:00,0.005295771416121111
2018-06-17 01:00:00,0.005166149710963379
2018-06-17 01:30:00,0.004962058442213844
2018-06-17 02:00:00,0.004928500469855671
2018-06-17 02:30:00,0.004914585774918485
2018-06-17 03:00:00,0.004871111531872059
2018-06-17 03:30:00,0.004842075584281266
2018-06-17 04:00:00,0.004821045412733408
2018-06-17 04:30:00,0.004754083356575232
2018-06-17 05:00:00,0.004716220745172172
2018-06-17 05:30:00,0.004738187081415098
2018-06-17 06:00:00,0.004864961011289311
2018-06-17 06:30:00,0.005074610123223156
2018-06-17 07:00:00,0.005284089723394954
2018-06-17 07:30:00,0.0055307858038952575
2018-06-17 08:00:00,0.005725735154897186
2018-06-17 08:30:00,0.0060267720863050375
2018-06-17 09:00:00,0.006326135326200596
2018-06-17 09:30:00,0.006593304164653351
2018-06-17 10:00:00,0.006895933212130405
2018-06-17 10:30:00,0.007249108234293708
2018-06-17 11:00:00,0.007443956257659074
2018-06-17 11:30:00,0.007621726110491141
2018-06-17 12:00:00,0.007698612137345193
2018-06-17 12:30:00,0.007712404524914899
2018-06-17 13:00:00,0.007653369682403028
2018-06-17 13:30:00,0.007531605779228671
2018-06-17 14:00:00,0.00733698440391381
2018-06-17 14:30:00,0.007084716642534336
2018-06-17 15:00:00,0.006776111161603429
2018-06-17 15:30:00,0.006514560315669903
2018-06-17 16:00:00,0.006285830250060266
2018-06-17 16:30:00,0.006097360622865601
2018-06-17 17:00:00,0.005920916175693721
2018-06-17 17:30:00,0.005808931951768022
2018-06-17 18:00:00,0.005690008235463873
2018-06-17 18:30:00,0.005595747866768773
2018-06-17 19:00:00,0.005514663773439126
2018-06-17 19:30:00,0.005465497550843689
2018-06-17 20:00:00,0.005368708901384319
2018-06-17 20:30:00,0.005360074626168344
2018-06-17 21:00:00,0.005309714009636645
2018-06-17 21:30:00,0.005243799042921052
2018-06-17 22:00:00,0.00522650281709938
2018-06-17 22:30:00,0.005171833209344571
2018-06-17 23:00:00,0.005120799232725848
2018-06-17 23:30:00,0.005095250830617266
2018-06-18 00:00:00,0.005112077802351112
2018-06-18 00:30:00,0.005140164082334916
2018-06-18 01:00:00,0.005149689214954721
2018-06-18 01:30:00,0.0051392263553194616
2018-06-18 02:00:00,0.005125865949336907
2018-06-18 02:30:00,0.005088717541539573
2018-06-18 03:00:00,0.0050516601947019684
2018-06-18 03:30:00,0.005053071304794845
2018-06-18 04:00:00,0.005170212971508393
2018-06-18 04:30:00,0.005184580516169334
2018-06-18 05:00:00,0.005170336283224695
2018-06-18 05:30:00,0.005277427542885291
2018-06-18 06:00:00,0.005454878793952617
2018-06-18 06:30:00,0.005937561806668302
2018-06-18 07:00:00,0.006624500466557152
2018-06-18 07:30:00,0.0076567452987889055
2018-06-18 08:00:00,0.008604673708403534
2018-06-18 08:30:00,0.00964087467063944
2018-06-18 09:00:00,0.010552150262802519
2018-06-18 09:30:00,0.011308839274364027
2018-06-18 10:00:00,0.01181830592664326
2018-06-18 10:30:00,0.012132838181558556
2018-06-18 11:00:00,0.01220973135044867
2018-06-18 11:30:00,0.01206069558258966
2018-06-18 12:00:00,0.011885835105102107
2018-06-18 12:30:00,0.01148927857476681
2018-06-18 13:00:00,0.011088921030522975
2018-06-18 13:30:00,0.01042968342704809
2018-06-18 14:00:00,0.009822390186600602
2018-06-18 14:30:00,0.009095265521703814
2018-06-18 15:00:00,0.008422349580047514
2018-06-18 15:30:00,0.007909562215784594
2018-06-18 16:00:00,0.007348949434601676
2018-06-18 16:30:00,0.006946668785555111
2018-06-18 17:00:00,0.006568379463162331
2018-06-18 17:30:00,0.006353730591205464
2018-06-18 18:00:00,0.0061757886599421415
2018-06-18 18:30:00,0.006005613358108149
2018-06-18 19:00:00,0.005854984469831119
2018-06-18 19:30:00,0.005787750458331201
2018-06-18 20:00:00,0.005700626322789065
2018-06-18 20:30:00,0.005647531868767822
2018-06-18 21:00:00,0.005579143637284461
2018-06-18 21:30:00,0.005527131090131581
2018-06-18 22:00:00,0.005474541042406882
2018-06-18 22:30:00,0.005438089541096697
2018-06-18 23:00:00,0.005396246918506415
2018-06-18 23:30:00,0.0053620939252692216
2018-06-19 00:00:00,0.005320968519331126
2018-06-19 00:30:00,0.0052746159241593114
2018-06-19 01:00:00,0.00522784139088855
2018-06-19 01:30:00,0.005189953782359289
2018-06-19 02:00:00,0.005147604186803254
2018-06-19 02:30:00,0.005142761105196238
2018-06-19 03:00:00,0.005091964936059359
2018-06-19 03:30:00,0.005075226904993287
2018-06-19 04:00:00,0.005170342644100559
2018-06-19 04:30:00,0.005181487456584973
2018-06-19 05:00:00,0.005136589939665511
2018-06-19 05:30:00,0.00527556592654924
2018-06-19 06:00:00,0.005454047527912139
2018-06-19 06:30:00,0.00594408672617249
2018-06-19 07:00:00,0.006638052591570118
2018-06-19 07:30:00,0.007667590145758915
2018-06-19 08:00:00,0.008593142444811831
2018-06-19 08:30:00,0.009615144369800026
2018-06-19 09:00:00,0.010487698297535531
2018-06-19 09:30:00,0.011198316489566543
2018-06-19 10:00:00,0.011675926982766871
2018-06-19 10:30:00,0.011971636848030515
2018-06-19 11:00:00,0.012023925591109048
2018-06-19 11:30:00,0.011866562767178842
2018-06-19 12:00:00,0.011698011162604743
2018-06-19 12:30:00,0.011308922746910446
2018-06-19 13:00:00,0.01090889485226838
2018-06-19 13:30:00,0.010220713254916938
2018-06-19 14:00:00,0.009585912685783538
2018-06-19 14:30:00,0.008857888570720788
2018-06-19 15:00:00,0.008185738835620255
2018-06-19 15:30:00,0.007664453006420763
2018-06-19 16:00:00,0.0071194218044342075
2018-06-19 16:30:00,0.0067623948813554605
2018-06-19 17:00:00,0.006418164924570936
2018-06-19 17:30:00,0.006206354788758204
2018-06-19 18:00:00,0.006024903216338617
2018-06-19 18:30:00,0.005882638433444833
2018-06-19 19:00:00,0.00572945749481478
2018-06-19 19:30:00,0.005671062199312975
2018-06-19 20:00:00,0.005587722338532367
2018-06-19 20:30:00,0.005531749309197107
2018-06-19 21:00:00,0.005460111674496321
2018-06-19 21:30:00,0.005395229513151196
2018-06-19 22:00:00,0.0053306876028676115
2018-06-19 22:30:00,0.00527039040548262
2018-06-19 23:00:00,0.005223156550017927
2018-06-19 23:30:00,0.005174019565132601
2018-06-20 00:00:00,0.005117538893265708
2018-06-20 00:30:00,0.005071759669676115
2018-06-20 01:00:00,0.005034427689233246
2018-06-20 01:30:00,0.004983062389098054
2018-06-20 02:00:00,0.004952301305016492
2018-06-20 02:30:00,0.004922575369785979
2018-06-20 03:00:00,0.004887329868220651
2018-06-20 03:30:00,0.0048479006958461555
2018-06-20 04:00:00,0.0049640384601164055
2018-06-20 04:30:00,0.005025032229205606
2018-06-20 05:00:00,0.004995302722957065
2018-06-20 05:30:00,0.005089676136691633
2018-06-20 06:00:00,0.005253680049806272
2018-06-20 06:30:00,0.0057216063884902085
2018-06-20 07:00:00,0.006423299267335913
2018-06-20 07:30:00,0.00740885158811725
2018-06-20 08:00:00,0.008319695533476116
2018-06-20 08:30:00,0.00931607942150417
2018-06-20 09:00:00,0.010193593158498503
2018-06-20 09:30:00,0.010919614713607386
2018-06-20 10:00:00,0.011397602841964241
2018-06-20 10:30:00,0.01166169904259199
2018-06-20 11:00:00,0.01170234012920995
2018-06-20 11:30:00,0.011589065986615722
2018-06-20 12:00:00,0.011440164689904355
2018-06-20 12:30:00,0.01107327361068171
2018-06-20 13:00:00,0.010681040244047322
2018-06-20 13:30:00,0.010021924947939919
2018-06-20 14:00:00,0.009399880278393412
2018-06-20 14:30:00,0.008677803024291466
2018-06-20 15:00:00,0.008032044786337214
2018-06-20 15:30:00,0.007551937147186051
2018-06-20 16:00:00,0.0070300352057823074
2018-06-20 16:30:00,0.0066905602826915316
2018-06-20 17:00:00,0.006368838006164212
2018-06-20 17:30:00,0.00615266631820676
2018-06-20 18:00:00,0.005948528961005793
2018-06-20 18:30:00,0.005817737412660744
2018-06-20 19:00:00,0.005661197708386138
2018-06-20 19:30:00,0.005606484802037731
2018-06-20 20:00:00,0.005516767103057989
2018-06-20 20:30:00,0.005476261045559235
2018-06-20 21:00:00,0.0053783841283556386
2018-06-20 21:30:00,0.00532165761421634
2018-06-20 22:00:00,0.005274919014314492
2018-06-20 22:30:00,0.005243577528208963
2018-06-20 23:00:00,0.005197012122681504
2018-06-20 23:30:00,0.005164197591639165
2018-06-21 00:00:00,0.005122921310189361
2018-06-21 00:30:00,0.005094054539577675
2018-06-21 01:00:00,0.005067683910568
2018-06-21 01:30:00,0.0050239258831826115
2018-06-21 02:00:00,0.005002978403020979
2018-06-21 02:30:00,0.004984288699007949
2018-06-21 03:00:00,0.004958477380697008
2018-06-21 03:30:00,0.004923401725676667
2018-06-21 04:00:00,0.00501616382912013
2018-06-21 04:30:00,0.0050456281872800456
2018-06-21 05:00:00,0.005027397805460947
2018-06-21 05:30:00,0.0051543707079959415
2018-06-21 06:00:00,0.00532621847380478
2018-06-21 06:30:00,0.005824484516442902
2018-06-21 07:00:00,0.006530970482643219
2018-06-21 07:30:00,0.007543757841985788
2018-06-21 08:00:00,0.00844331100949832
2018-06-21 08:30:00,0.009449365214347905
2018-06-21 09:00:00,0.01032228695694036
2018-06-21 09:30:00,0.01104390834827209
2018-06-21 10:00:00,0.011520063093654184
2018-06-21 10:30:00,0.011786487598036598
2018-06-21 11:00:00,0.011838962257241247
2018-06-21 11:30:00,0.011733501167310718
2018-06-21 12:00:00,0.011582635587494979
2018-06-21 12:30:00,0.011197619248296454
2018-06-21 13:00:00,0.010812843506437606
2018-06-21 13:30:00,0.01016552261331289
2018-06-21 14:00:00,0.009568576732386296
2018-06-21 14:30:00,0.00886285674955312
2018-06-21 15:00:00,0.008209530185264439
2018-06-21 15:30:00,0.007715268258185233
2018-06-21 16:00:00,0.007179470704471894
2018-06-21 16:30:00,0.00683653557650569
2018-06-21 17:00:00,0.006509877371902608
2018-06-21 17:30:00,0.0063092051297268595
2018-06-21 18:00:00,0.006107305015320829
2018-06-21 18:30:00,0.005945437017364564
2018-06-21 19:00:00,0.005787315910074842
2018-06-21 19:30:00,0.005708504434937477
2018-06-21 20:00:00,0.0056395272086680204
2018-06-21 20:30:00,0.005587577600707893
2018-06-21 21:00:00,0.00552858962780765
2018-06-21 21:30:00,0.005483408661332165
2018-06-21 22:00:00,0.005428512963498418
2018-06-21 22:30:00,0.005361974519353888
2018-06-21 23:00:00,0.005326729129382874
2018-06-21 23:30:00,0.005277473184959469
2018-06-22 00:00:00,0.005233675653187138
2018-06-22 00:30:00,0.005201486608271378
2018-06-22 01:00:00,0.005176126130986552
2018-06-22 01:30:00,0.005123073190049891
2018-06-22 02:00:00,0.005088136469949727
2018-06-22 02:30:00,0.0050555103101084
2018-06-22 03:00:00,0.00503052612884834
2018-06-22 03:30:00,0.004986320273483299
2018-06-22 04:00:00,0.005089087365094162
2018-06-22 04:30:00,0.00512811881533572
2018-06-22 05:00:00,0.0050923995959100314
2018-06-22 05:30:00,0.005247139283909582
2018-06-22 06:00:00,0.0054287004419449215
2018-06-22 06:30:00,0.005924424589312537
2018-06-22 07:00:00,0.006650389677698841
2018-06-22 07:30:00,0.007691705007317629
2018-06-22 08:00:00,0.00865062199737792
2018-06-22 08:30:00,0.009675618890549
2018-06-22 09:00:00,0.010556092220328874
2018-06-22 09:30:00,0.011278676112613633
2018-06-22 10:00:00,0.011757014758708863
2018-06-22 10:30:00,0.012042922737455483
2018-06-22 11:00:00,0.012097424060985691
2018-06-22 11:30:00,0.011968635407377451
2018-06-22 12:00:00,0.011816921933968537
2018-06-22 12:30:00,0.011428493375449343
2018-06-22 13:00:00,0.011026221095976282
2018-06-22 13:30:00,0.0103475417544104
2018-06-22 14:00:00,0.009720726539560584
2018-06-22 14:30:00,0.008999965986762382
2018-06-22 15:00:00,0.008343642445593174
2018-06-22 15:30:00,0.007823146257755261
2018-06-22 16:00:00,0.007275778047657593
2018-06-22 16:30:00,0.006926538733739095
2018-06-22 17:00:00,0.006583706718918466
2018-06-22 17:30:00,0.0063575880718365774
2018-06-22 18:00:00,0.006132312185009448
2018-06-22 18:30:00,0.005998951847164366
2018-06-22 19:00:00,0.005864305831234665
2018-06-22 19:30:00,0.0057955206587785605
2018-06-22 20:00:00,0.0057341830676097905
2018-06-22 20:30:00,0.0057123435025068815
2018-06-22 21:00:00,0.005642428326033342
2018-06-22 21:30:00,0.005596428368891853
2018-06-22 22:00:00,0.0055514441431908845
2018-06-22 22:30:00,0.005491126635640856
2018-06-22 23:00:00,0.005444498067732015
2018-06-22 23:30:00,0.005415850803134775
2018-06-23 00:00:00,0.005723445462774953
2018-06-23 00:30:00,0.006063435616810672
2018-06-23 01:00:00,0.00617765317773034
2018-06-23 01:30:00,0.006280936616229281
2018-06-23 02:00:00,0.006301791473110796
2018-06-23 02:30:00,0.0062919070068018605
2018-06-23 03:00:00,0.006284226416588158
2018-06-23 03:30:00,0.00626095989499987
2018-06-23 04:00:00,0.006358741399065513
2018-06-23 04:30:00,0.006370906741545923
2018-06-23 05:00:00,0.0063147090728578
2018-06-23 05:30:00,0.006338106717764327
2018-06-23 06:00:00,0.006304832194962175
2018-06-23 06:30:00,0.00645620519412092
2018-06-23 07:00:00,0.006697043354328197
2018-06-23 07:30:00,0.007010554409681621
2018-06-23 08:00:00,0.007355267011871577
2018-06-23 08:30:00,0.007786249271946004
2018-06-23 09:00:00,0.008217135672505229
2018-06-23 09:30:00,0.008653328047883428
2018-06-23 10:00:00,0.00902186960700118
2018-06-23 10:30:00,0.009286868047652722
2018-06-23 11:00:00,0.009414797313453509
2018-06-23 11:30:00,0.009453581135913642
2018-06-23 12:00:00,0.009378168600373653
2018-06-23 12:30:00,0.009223750192402368
2018-06-23 13:00:00,0.009011379183570511
2018-06-23 13:30:00,0.008788411290333009
2018-06-23 14:00:00,0.008528585357701625
2018-06-23 14:30:00,0.008242922551661534
2018-06-23 15:00:00,0.007928846159516452
2018-06-23 15:30:00,0.0077190527561353875
2018-06-23 16:00:00,0.007519498800574168
2018-06-23 16:30:00,0.007372736655256264
2018-06-23 17:00:00,0.007226893377514853
2018-06-23 17:30:00,0.007077628506530445
2018-06-23 18:00:00,0.006949507186916305
2018-06-23 18:30:00,0.006841978700735829
2018-06-23 19:00:00,0.0067486572865936316
2018-06-23 19:30:00,0.006710390480587456
2018-06-23 20:00:00,0.006672874927499054
2018-06-23 20:30:00,0.006653964266745501
2018-06-23 21:00:00,0.0066192759555869524
2018-06-23 21:30:00,0.00658660359569988
2018-06-23 22:00:00,0.006541498959734757
2018-06-23 22:30:00,0.006513403863800195
2018-06-23 23:00:00,0.0064400259157820165
2018-06-23 23:30:00,0.006298295111677827
2018-06-24 00:00:00,0.005890710050132671
2018-06-24 00:30:00,0.005354918745700881
2018-06-24 01:00:00,0.005226699669468208
2018-06-24 01:30:00,0.005012379331169976
2018-06-24 02:00:00,0.00496823284397966
2018-06-24 02:30:00,0.004929740282677486
2018-06-24 03:00:00,0.0048760106338244
2018-06-24 03:30:00,0.004853261351878697
2018-06-24 04:00:00,0.00483360401357422
2018-06-24 04:30:00,0.004759227184856848
2018-06-24 05:00:00,0.004731978754978011
2018-06-24 05:30:00,0.0047625141953578885
2018-06-24 06:00:00,0.0049484861186301545
2018-06-24 06:30:00,0.005186855477842199
2018-06-24 07:00:00,0.005356900102735205
2018-06-24 07:30:00,0.005609481778918258
2018-06-24 08:00:00,0.0057953851832821
2018-06-24 08:30:00,0.006113791211598269
2018-06-24 09:00:00,0.006443775484712079
2018-06-24 09:30:00,0.006743511784397317
2018-06-24 10:00:00,0.007074368167070306
2018-06-24 10:30:00,0.007441208136097416
2018-06-24 11:00:00,0.007645456194857271
2018-06-24 11:30:00,0.007793153165738481
2018-06-24 12:00:00,0.007839890314914257
2018-06-24 12:30:00,0.00785145293650802
2018-06-24 13:00:00,0.007777513111121901
2018-06-24 13:30:00,0.007639873019763821
2018-06-24 14:00:00,0.007445848227648367
2018-06-24 14:30:00,0.007197636026806283
2018-06-24 15:00:00,0.006889066144461348
2018-06-24 15:30:00,0.006638586793548338
2018-06-24 16:00:00,0.0064089396458712235
2018-06-24 16:30:00,0.006239783758090092
2018-06-24 17:00:00,0.006096399014667079
2018-06-24 17:30:00,0.005993355057564681
2018-06-24 18:00:00,0.005881779938391888
2018-06-24 18:30:00,0.005769710679599381
2018-06-24 19:00:00,0.005683258230229568
2018-06-24 19:30:00,0.0056419262632173795
2018-06-24 20:00:00,0.005573265853203649
2018-06-24 20:30:00,0.005548086381895152
2018-06-24 21:00:00,0.0054871427186526656
2018-06-24 21:30:00,0.005422974537724639
2018-06-24 22:00:00,0.005373694265740914
2018-06-24 22:30:00,0.0053145746115508645
2018-06-24 23:00:00,0.005276055602396417
2018-06-24 23:30:00,0.005242490041624932
2018-06-25 00:00:00,0.005275015989772831
2018-06-25 00:30:00,0.005298411291198776
2018-06-25 01:00:00,0.00531301329551216
2018-06-25 01:30:00,0.0052994116226240465
2018-06-25 02:00:00,0.005267876855167719
2018-06-25 02:30:00,0.005239957520276752
2018-06-25 03:00:00,0.005202913118379502
2018-06-25 03:30:00,0.005153344933067218
2018-06-25 04:00:00,0.005225412652251828
2018-06-25 04:30:00,0.0052572605533515405
2018-06-25 05:00:00,0.005229493098321105
2018-06-25 05:30:00,0.005358180201104155
2018-06-25 06:00:00,0.005544723040883748
2018-06-25 06:30:00,0.006030018811258943
2018-06-25 07:00:00,0.006722353837360621
2018-06-25 07:30:00,0.007709954248575691
2018-06-25 08:00:00,0.00862598855704486
2018-06-25 08:30:00,0.009666839877508554
2018-06-25 09:00:00,0.010567553514286076
2018-06-25 09:30:00,0.011317681003408603
2018-06-25 10:00:00,0.011814952294337122
2018-06-25 10:30:00,0.01208580832049875
2018-06-25 11:00:00,0.012108715954775163
2018-06-25 11:30:00,0.01199826124250885
2018-06-25 12:00:00,0.011867234453351166
2018-06-25 12:30:00,0.011512071601683363
2018-06-25 13:00:00,0.011128083715677082
2018-06-25 13:30:00,0.010441767417274034
2018-06-25 14:00:00,0.009840228314408117
2018-06-25 14:30:00,0.009136444381318025
2018-06-25 15:00:00,0.008452954432090324
2018-06-25 15:30:00,0.007934312160580837
2018-06-25 16:00:00,0.0073775251672440305
2018-06-25 16:30:00,0.007023170593188146
2018-06-25 17:00:00,0.0066548790053323975
2018-06-25 17:30:00,0.006413218618224029
2018-06-25 18:00:00,0.006197748412120577
2018-06-25 18:30:00,0.006051931693825753
2018-06-25 19:00:00,0.0059065689411978185
2018-06-25 19:30:00,0.0058380855197651335
2018-06-25 20:00:00,0.005762985671491276
2018-06-25 20:30:00,0.005713434894891882
2018-06-25 21:00:00,0.0056592698050279295
2018-06-25 21:30:00,0.005602857317286523
2018-06-25 22:00:00,0.005542825491178785
2018-06-25 22:30:00,0.005495561951626728
2018-06-25 23:00:00,0.005441642034469304
2018-06-25 23:30:00,0.005405879516450019
2018-06-26 00:00:00,0.005364987565815545
2018-06-26 00:30:00,0.0053278621464467706
2018-06-26 01:00:00,0.005303153937923737
2018-06-26 01:30:00,0.005272046241904771
2018-06-26 02:00:00,0.005242601635938327
2018-06-26 02:30:00,0.0052170670715246045
2018-06-26 03:00:00,0.005183525726719128
2018-06-26 03:30:00,0.005162612506011707
2018-06-26 04:00:00,0.005245107263056978
2018-06-26 04:30:00,0.005280094312192484
2018-06-26 05:00:00,0.005248412128648161
2018-06-26 05:30:00,0.005365555469276412
2018-06-26 06:00:00,0.005546588563020767
2018-06-26 06:30:00,0.006068522197209517
2018-06-26 07:00:00,0.0068087204707034344
2018-06-26 07:30:00,0.007825145358285414
2018-06-26 08:00:00,0.008748351386899209
2018-06-26 08:30:00,0.009755215431681096
2018-06-26 09:00:00,0.010619133187097302
2018-06-26 09:30:00,0.011341864495470054
2018-06-26 10:00:00,0.011820724956574716
2018-06-26 10:30:00,0.01207815808393829
2018-06-26 11:00:00,0.012083731103949221
2018-06-26 11:30:00,0.011980693061345436
2018-06-26 12:00:00,0.011824515926995047
2018-06-26 12:30:00,0.011441420125930045
2018-06-26 13:00:00,0.011026274661246713
2018-06-26 13:30:00,0.01036679712999803
2018-06-26 14:00:00,0.009771504965201634
2018-06-26 14:30:00,0.009046023638163897
2018-06-26 15:00:00,0.008374143068547273
2018-06-26 15:30:00,0.00787490816408026
2018-06-26 16:00:00,0.007340584101680984
2018-06-26 16:30:00,0.006978527734491849
2018-06-26 17:00:00,0.006613569022399948
2018-06-26 17:30:00,0.006390168589603728
2018-06-26 18:00:00,0.006186294929765312
2018-06-26 18:30:00,0.0060309846600413745
2018-06-26 19:00:00,0.005871408251310672
2018-06-26 19:30:00,0.0057995781164192775
2018-06-26 20:00:00,0.005729696529834071
2018-06-26 20:30:00,0.005666406038180895
2018-06-26 21:00:00,0.005588860265746053
2018-06-26 21:30:00,0.005526363544444053
2018-06-26 22:00:00,0.0054590925952264
2018-06-26 22:30:00,0.0053778306205612015
2018-06-26 23:00:00,0.005326007783741091
2018-06-26 23:30:00,0.005292243585091764
2018-06-27 00:00:00,0.005235362512828412
2018-06-27 00:30:00,0.005199834900838822
2018-06-27 01:00:00,0.005193052644847947
2018-06-27 01:30:00,0.005147223427005952
2018-06-27 02:00:00,0.005106953614668654
2018-06-27 02:30:00,0.00509052938681185
2018-06-27 03:00:00,0.005046735537651861
2018-06-27 03:30:00,0.005019311793106681
2018-06-27 04:00:00,0.005106493846097468
2018-06-27 04:30:00,0.005133508597484057
2018-06-27 05:00:00,0.0051186886494766146
2018-06-27 05:30:00,0.005239287954396384
2018-06-27 06:00:00,0.005425368012558329
2018-06-27 06:30:00,0.005946630183763381
2018-06-27 07:00:00,0.0067082088117605895
2018-06-27 07:30:00,0.00775573235622215
2018-06-27 08:00:00,0.00867877422960094
2018-06-27 08:30:00,0.009695912874411391
2018-06-27 09:00:00,0.010583583256245033
2018-06-27 09:30:00,0.011329619363055567
2018-06-27 10:00:00,0.011809772309497965
2018-06-27 10:30:00,0.012085208277875629
2018-06-27 11:00:00,0.012116061204077114
2018-06-27 11:30:00,0.012018479677021073
2018-06-27 12:00:00,0.011891555875983971
2018-06-27 12:30:00,0.011509228736549634
2018-06-27 13:00:00,0.011107127419564693
2018-06-27 13:30:00,0.010424398431960032
2018-06-27 14:00:00,0.00981199897051454
2018-06-27 14:30:00,0.009081650569092405
2018-06-27 15:00:00,0.008409925115571402
2018-06-27 15:30:00,0.007901431454110656
2018-06-27 16:00:00,0.0073691168705126795
2018-06-27 16:30:00,0.007025394333071162
2018-06-27 17:00:00,0.00668169924783074
2018-06-27 17:30:00,0.006459946170288851
2018-06-27 18:00:00,0.006273012638818066
2018-06-27 18:30:00,0.006119322048958737
2018-06-27 19:00:00,0.00598210579280293
2018-06-27 19:30:00,0.005915296286071164
2018-06-27 20:00:00,0.005823763170801117
2018-06-27 20:30:00,0.0057566243492505245
2018-06-27 21:00:00,0.0056818246896797
2018-06-27 21:30:00,0.005628736596534321
2018-06-27 22:00:00,0.005562780451517085
2018-06-27 22:30:00,0.005492889156226611
2018-06-27 23:00:00,0.005466475898189221
2018-06-27 23:30:00,0.005421808600338291
2018-06-28 00:00:00,0.005353615770497686
2018-06-28 00:30:00,0.005318166832499039
2018-06-28 01:00:00,0.0052775220632687355
2018-06-28 01:30:00,0.005248340931476216
2018-06-28 02:00:00,0.00520184962457285
2018-06-28 02:30:00,0.005174149014536138
2018-06-28 03:00:00,0.0051234721397202775
2018-06-28 03:30:00,0.005091895747585054
2018-06-28 04:00:00,0.005161007779785091
2018-06-28 04:30:00,0.005201426682125084
2018-06-28 05:00:00,0.005187080786760943
2018-06-28 05:30:00,0.00535117341735473
2018-06-28 06:00:00,0.005515663546892828
2018-06-28 06:30:00,0.006016816646012783
2018-06-28 07:00:00,0.0067534820667332525
2018-06-28 07:30:00,0.00776711397183959
2018-06-28 08:00:00,0.008685813040918311
2018-06-28 08:30:00,0.00970025500914558
2018-06-28 09:00:00,0.010576167925714267
2018-06-28 09:30:00,0.011307507842610915
2018-06-28 10:00:00,0.011792728621607507
2018-06-28 10:30:00,0.012102407528238959
2018-06-28 11:00:00,0.012149517179232844
2018-06-28 11:30:00,0.012014545531096658
2018-06-28 12:00:00,0.0118664391206796
2018-06-28 12:30:00,0.011479181186507918
2018-06-28 13:00:00,0.011089563925362441
2018-06-28 13:30:00,0.010436156901573802
2018-06-28 14:00:00,0.009835588780828733
2018-06-28 14:30:00,0.009123438510469126
2018-06-28 15:00:00,0.008468438477856777
2018-06-28 15:30:00,0.007948674348714737
2018-06-28 16:00:00,0.0073882612097584816
2018-06-28 16:30:00,0.007041907278407115
2018-06-28 17:00:00,0.0067017828764123835
2018-06-28 17:30:00,0.006479405093904112
2018-06-28 18:00:00,0.006283609634818025
2018-06-28 18:30:00,0.006124565642556527
2018-06-28 19:00:00,0.0059831272155534306
2018-06-28 19:30:00,0.005936724514534901
2018-06-28 20:00:00,0.005859559390303049
2018-06-28 20:30:00,0.005832250029929098
2018-06-28 21:00:00,0.005773818801058381
2018-06-28 21:30:00,0.0057069039492947705
2018-06-28 22:00:00,0.005674524747668986
2018-06-28 22:30:00,0.005630429147485578
2018-06-28 23:00:00,0.005601344879557085
2018-06-28 23:30:00,0.005584281774256095
2018-06-29 00:00:00,0.005539133504914435
2018-06-29 00:30:00,0.005477450082968455
2018-06-29 01:00:00,0.005435147245429733
2018-06-29 01:30:00,0.005378288380434746
2018-06-29 02:00:00,0.005341341846750343
2018-06-29 02:30:00,0.0053011091953194065
2018-06-29 03:00:00,0.005253145066667858
2018-06-29 03:30:00,0.005221873773385455
2018-06-29 04:00:00,0.005296229064400343
2018-06-29 04:30:00,0.005322856471925138
2018-06-29 05:00:00,0.0052775983937790975
2018-06-29 05:30:00,0.005412735201499109
2018-06-29 06:00:00,0.005593357404981545
2018-06-29 06:30:00,0.006066223242759272
2018-06-29 07:00:00,0.006772598172617764
2018-06-29 07:30:00,0.007794085089849641
2018-06-29 08:00:00,0.008728090211764952
2018-06-29 08:30:00,0.00974071620573035
2018-06-29 09:00:00,0.010630500183859684
2018-06-29 09:30:00,0.011385600873558645
2018-06-29 10:00:00,0.011884994353544991
2018-06-29 10:30:00,0.012196565453354364
2018-06-29 11:00:00,0.012257514249935264
2018-06-29 11:30:00,0.012120584010004688
2018-06-29 12:00:00,0.011979677664687858
2018-06-29 12:30:00,0.011593278560352058
2018-06-29 13:00:00,0.011219335055305809
2018-06-29 13:30:00,0.010563911745462755
2018-06-29 14:00:00,0.009972189594346169
2018-06-29 14:30:00,0.009242732608299432
2018-06-29 15:00:00,0.008571773249739881
2018-06-29 15:30:00,0.008062946925630907
2018-06-29 16:00:00,0.007493654115563523
2018-06-29 16:30:00,0.007101085631206011
2018-06-29 17:00:00,0.00673638470197805
2018-06-29 17:30:00,0.006528117350832658
2018-06-29 18:00:00,0.0063384983022100275
2018-06-29 18:30:00,0.00618340698052897
2018-06-29 19:00:00,0.006033008422914787
2018-06-29 19:30:00,0.005965201820992841
2018-06-29 20:00:00,0.005869114876576096
2018-06-29 20:30:00,0.005831516297318528
2018-06-29 21:00:00,0.005774400430619794
2018-06-29 21:30:00,0.005670053163531259
2018-06-29 22:00:00,0.0056109329513696436
2018-06-29 22:30:00,0.005563167572190251
2018-06-29 23:00:00,0.00552879641207037
2018-06-29 23:30:00,0.005501010209195284
2018-06-30 00:00:00,0.005832881318959971
2018-06-30 00:30:00,0.006188076086601405
2018-06-30 01:00:00,0.0063140648388865725
2018-06-30 01:30:00,0.006405048575351777
2018-06-30 02:00:00,0.006436026152401324
2018-06-30 02:30:00,0.006426809466463743
2018-06-30 03:00:00,0.006409337702787102
2018-06-30 03:30:00,0.006395508042716724
2018-06-30 04:00:00,0.006481701816468088
2018-06-30 04:30:00,0.0065063470857983675
2018-06-30 05:00:00,0.006424351936494165
2018-06-30 05:30:00,0.006463572092719672
2018-06-30 06:00:00,0.006434501439297413
2018-06-30 06:30:00,0.0066386421443277825
2018-06-30 07:00:00,0.006882873441228138
2018-06-30 07:30:00,0.007173235372210966
2018-06-30 08:00:00,0.0075306014304081185
2018-06-30 08:30:00,0.007958077731938627
2018-06-30 09:00:00,0.008414032455870206
2018-06-30 09:30:00,0.008850335309618668
2018-06-30 10:00:00,0.009226977834728683
2018-06-30 10:30:00,0.009493384037643696
2018-06-30 11:00:00,0.009618084879957975
2018-06-30 11:30:00,0.00962565499180142
2018-06-30 12:00:00,0.009527181826181355
2018-06-30 12:30:00,0.009346429057352248
2018-06-30 13:00:00,0.009114109895435209
2018-06-30 13:30:00,0.00885437223390572
2018-06-30 14:00:00,0.008575197744435024
2018-06-30 14:30:00,0.00831208089550163
2018-06-30 15:00:00,0.008030871930103437
2018-06-30 15:30:00,0.00781834145299774
2018-06-30 16:00:00,0.007623687380549053
2018-06-30 16:30:00,0.007462280155512795
2018-06-30 17:00:00,0.007304657316832381
2018-06-30 17:30:00,0.007172269300239908
2018-06-30 18:00:00,0.007047961158314464
2018-06-30 18:30:00,0.006935147900234556
2018-06-30 19:00:00,0.006845074550178025
2018-06-30 19:30:00,0.0068166764756825956
2018-06-30 20:00:00,0.00678299452204224
2018-06-30 20:30:00,0.006756480605934168
2018-06-30 21:00:00,0.0067065141405173775
2018-06-30 21:30:00,0.006685569338619267
2018-06-30 22:00:00,0.006651968402450437
2018-06-30 22:30:00,0.006629987112569517
2018-06-30 23:00:00,0.006583467125927609
2018-06-30 23:30:00,0.006459995494975372
2018-07-01 00:00:00,0.006075750718859657
2018-07-01 00:30:00,0.005580045765713945
2018-07-01 01:00:00,0.005469585920109217
2018-07-01 01:30:00,0.005263817277235046
2018-07-01 02:00:00,0.005221666654339795
2018-07-01 02:30:00,0.005184438121825443
2018-07-01 03:00:00,0.005121903681645515
2018-07-01 03:30:00,0.005069912560600806
2018-07-01 04:00:00,0.005035269779922122
2018-07-01 04:30:00,0.0049756449382753355
2018-07-01 05:00:00,0.004928779009261903
2018-07-01 05:30:00,0.004945853050805606
2018-07-01 06:00:00,0.005121571130591599
2018-07-01 06:30:00,0.005277603192334574
2018-07-01 07:00:00,0.005435473435607786
2018-07-01 07:30:00,0.005691105653941797
2018-07-01 08:00:00,0.005887379406255093
2018-07-01 08:30:00,0.006166127047477055
2018-07-01 09:00:00,0.006469091324271547
2018-07-01 09:30:00,0.0067298081143067606
2018-07-01 10:00:00,0.0070245953177872555
2018-07-01 10:30:00,0.007368210055122035
2018-07-01 11:00:00,0.0075640319620603955
2018-07-01 11:30:00,0.0077171542020816036
2018-07-01 12:00:00,0.007778436330876616
2018-07-01 12:30:00,0.0077821225142366696
2018-07-01 13:00:00,0.007721055874060821
2018-07-01 13:30:00,0.0076057897729724985
2018-07-01 14:00:00,0.007413772450960702
2018-07-01 14:30:00,0.007188310871196082
2018-07-01 15:00:00,0.0068976767616828845
2018-07-01 15:30:00,0.006640631647746983
2018-07-01 16:00:00,0.006416434766336064
2018-07-01 16:30:00,0.006221384199291887
2018-07-01 17:00:00,0.006044757183823295
2018-07-01 17:30:00,0.005937198567178201
2018-07-01 18:00:00,0.005823422919739577
2018-07-01 18:30:00,0.005734521533162317
2018-07-01 19:00:00,0.005673722607744304
2018-07-01 19:30:00,0.005632093799858486
2018-07-01 20:00:00,0.005569358936291702
2018-07-01 20:30:00,0.005546123661111166
2018-07-01 21:00:00,0.005470470751420124
2018-07-01 21:30:00,0.005406882302950184
2018-07-01 22:00:00,0.0053678900223126285
2018-07-01 22:30:00,0.0053155372240982065
2018-07-01 23:00:00,0.0052674010170154035
2018-07-01 23:30:00,0.0052395378140640755
2018-07-02 00:00:00,0.005254368251936977
2018-07-02 00:30:00,0.0052873236150028195
2018-07-02 01:00:00,0.005296287205037622
2018-07-02 01:30:00,0.005280418493672895
2018-07-02 02:00:00,0.005260653243667366
2018-07-02 02:30:00,0.005228661162714747
2018-07-02 03:00:00,0.005184180450555815
2018-07-02 03:30:00,0.005155329526336629
2018-07-02 04:00:00,0.005246914086585151
2018-07-02 04:30:00,0.005254656834831416
2018-07-02 05:00:00,0.005214880938925203
2018-07-02 05:30:00,0.005365839699992628
2018-07-02 06:00:00,0.005546152006066767
2018-07-02 06:30:00,0.006004624074519906
2018-07-02 07:00:00,0.006676571712318878
2018-07-02 07:30:00,0.007715211233491088
2018-07-02 08:00:00,0.008672653616294181
2018-07-02 08:30:00,0.009737515792416504
2018-07-02 09:00:00,0.010646583379494756
2018-07-02 09:30:00,0.011381063002398762
2018-07-02 10:00:00,0.011873724667023886
2018-07-02 10:30:00,0.012169798441343511
2018-07-02 11:00:00,0.012248781994912129
2018-07-02 11:30:00,0.012179992023900549
2018-07-02 12:00:00,0.012037723893177362
2018-07-02 12:30:00,0.011638789064834997
2018-07-02 13:00:00,0.011228353326554176
2018-07-02 13:30:00,0.010551285964845277
2018-07-02 14:00:00,0.009947097389790743
2018-07-02 14:30:00,0.00922108465063262
2018-07-02 15:00:00,0.008546261338971779
2018-07-02 15:30:00,0.007994116334289252
2018-07-02 16:00:00,0.007430586924131449
2018-07-02 16:30:00,0.007053913264207998
2018-07-02 17:00:00,0.006711728496405058
2018-07-02 17:30:00,0.006501646063752301
2018-07-02 18:00:00,0.006309957498587766
2018-07-02 18:30:00,0.00612671137801448
2018-07-02 19:00:00,0.005993493657701918
2018-07-02 19:30:00,0.005937776179344333
2018-07-02 20:00:00,0.005866965235317175
2018-07-02 20:30:00,0.005843437694629857
2018-07-02 21:00:00,0.005781949785920944
2018-07-02 21:30:00,0.005747347290789397
2018-07-02 22:00:00,0.005685781712438363
2018-07-02 22:30:00,0.0056474126860411155
2018-07-02 23:00:00,0.005607004943132463
2018-07-02 23:30:00,0.005563891484501243
2018-07-03 00:00:00,0.005522154653320057
2018-07-03 00:30:00,0.005485233897922048
2018-07-03 01:00:00,0.0054719682355115675
2018-07-03 01:30:00,0.005427112566459627
2018-07-03 02:00:00,0.00538548967307242
2018-07-03 02:30:00,0.00536813430226465
2018-07-03 03:00:00,0.005345885297625894
2018-07-03 03:30:00,0.0053133815567463615
2018-07-03 04:00:00,0.005384388571982155
2018-07-03 04:30:00,0.005390445911313218
2018-07-03 05:00:00,0.005367248912982176
2018-07-03 05:30:00,0.0055168630741675075
2018-07-03 06:00:00,0.005710506883297032
2018-07-03 06:30:00,0.006203407248158509
2018-07-03 07:00:00,0.006923129527464887
2018-07-03 07:30:00,0.007935546728469923
2018-07-03 08:00:00,0.008871545817576971
2018-07-03 08:30:00,0.009903684077239433
2018-07-03 09:00:00,0.010779266786234785
2018-07-03 09:30:00,0.01151702025151085
2018-07-03 10:00:00,0.012009587507346844
2018-07-03 10:30:00,0.012297810063747583
2018-07-03 11:00:00,0.012342756124193372
2018-07-03 11:30:00,0.012214896716432768
2018-07-03 12:00:00,0.01205768990135269
2018-07-03 12:30:00,0.01167449266105681
2018-07-03 13:00:00,0.0112926914656215
2018-07-03 13:30:00,0.010623552879879296
2018-07-03 14:00:00,0.010021039112280191
2018-07-03 14:30:00,0.00932247779305697
2018-07-03 15:00:00,0.008650187002744307
2018-07-03 15:30:00,0.008121774537502803
2018-07-03 16:00:00,0.0075225913021869616
2018-07-03 16:30:00,0.007111284905073033
2018-07-03 17:00:00,0.00674143334031034
2018-07-03 17:30:00,0.0065441901681965835
2018-07-03 18:00:00,0.006372793578196799
2018-07-03 18:30:00,0.006251227754928718
2018-07-03 19:00:00,0.00612578893941996
2018-07-03 19:30:00,0.006063679004008187
2018-07-03 20:00:00,0.0059943365295509875
2018-07-03 20:30:00,0.005935976386257903
2018-07-03 21:00:00,0.005870513934483125
2018-07-03 21:30:00,0.005797377253370508
2018-07-03 22:00:00,0.005743113067756262
2018-07-03 22:30:00,0.005705768700344606
2018-07-03 23:00:00,0.005659542429935553
2018-07-03 23:30:00,0.0056262569708906895
2018-07-04 00:00:00,0.005571969127282004
2018-07-04 00:30:00,0.005526616193969578
2018-07-04 01:00:00,0.005516661088460264
2018-07-04 01:30:00,0.005457062694665751
2018-07-04 02:00:00,0.005430481375592387
2018-07-04 02:30:00,0.005414892431171342
2018-07-04 03:00:00,0.005374579766617701
2018-07-04 03:30:00,0.005349644686855535
2018-07-04 04:00:00,0.0054348183769881596
2018-07-04 04:30:00,0.0054524748292534685
2018-07-04 05:00:00,0.005406059629671838
2018-07-04 05:30:00,0.0055416893494741135
2018-07-04 06:00:00,0.005724579707376297
2018-07-04 06:30:00,0.0062004428568174915
2018-07-04 07:00:00,0.006914224747633244
2018-07-04 07:30:00,0.007941499727117962
2018-07-04 08:00:00,0.008886280061151726
2018-07-04 08:30:00,0.009937058588546384
2018-07-04 09:00:00,0.010837268823376186
2018-07-04 09:30:00,0.011579323245084799
2018-07-04 10:00:00,0.012060591799878204
2018-07-04 10:30:00,0.012326886520074139
2018-07-04 11:00:00,0.012353772603217385
2018-07-04 11:30:00,0.012227950461242115
2018-07-04 12:00:00,0.01206691942063631
2018-07-04 12:30:00,0.011686381138045687
2018-07-04 13:00:00,0.011297360683288248
2018-07-04 13:30:00,0.010621673966424671
2018-07-04 14:00:00,0.010004522261143269
2018-07-04 14:30:00,0.00927357437506958
2018-07-04 15:00:00,0.008614089701784837
2018-07-04 15:30:00,0.00810759045389308
2018-07-04 16:00:00,0.0075684663852917606
2018-07-04 16:30:00,0.007205758195718089
2018-07-04 17:00:00,0.006866244772589193
2018-07-04 17:30:00,0.006642173657969471
2018-07-04 18:00:00,0.006431842704780784
2018-07-04 18:30:00,0.006278735529991884
2018-07-04 19:00:00,0.006121804129677262
2018-07-04 19:30:00,0.006029954867717368
2018-07-04 20:00:00,0.005945822464123032
2018-07-04 20:30:00,0.005890378503427576
2018-07-04 21:00:00,0.005829766386890185
2018-07-04 21:30:00,0.0057740261432926675
2018-07-04 22:00:00,0.005728848971023838
2018-07-04 22:30:00,0.005692939706482438
2018-07-04 23:00:00,0.00564261993346944
2018-07-04 23:30:00,0.005631944375072851
2018-07-05 00:00:00,0.005559297927778976
2018-07-05 00:30:00,0.005511130809071362
2018-07-05 01:00:00,0.005486611418126593
2018-07-05 01:30:00,0.005427387981225086
2018-07-05 02:00:00,0.005393919507506255
2018-07-05 02:30:00,0.005354689754169797
2018-07-05 03:00:00,0.0053127041792640555
2018-07-05 03:30:00,0.0052845374397802935
2018-07-05 04:00:00,0.005362913473906793
2018-07-05 04:30:00,0.005387733946309101
2018-07-05 05:00:00,0.005330649326018117
2018-07-05 05:30:00,0.005472562252041767
2018-07-05 06:00:00,0.005662268344228846
2018-07-05 06:30:00,0.006139009964105083
2018-07-05 07:00:00,0.006850404629368696
2018-07-05 07:30:00,0.007881494348862499
2018-07-05 08:00:00,0.008829449875895283
2018-07-05 08:30:00,0.009882563514297723
2018-07-05 09:00:00,0.010778741846584575
2018-07-05 09:30:00,0.011508529040204649
2018-07-05 10:00:00,0.012003210561902216
2018-07-05 10:30:00,0.01234082543097733
2018-07-05 11:00:00,0.01242809430434394
2018-07-05 11:30:00,0.012304619660345241
2018-07-05 12:00:00,0.0121434000253498
2018-07-05 12:30:00,0.011754031173145942
2018-07-05 13:00:00,0.011379276489035625
2018-07-05 13:30:00,0.01068793989725589
2018-07-05 14:00:00,0.010057258274229888
2018-07-05 14:30:00,0.009329870581536427
2018-07-05 15:00:00,0.008648437092315966
2018-07-05 15:30:00,0.008140485109652438
2018-07-05 16:00:00,0.007587414876517554
2018-07-05 16:30:00,0.0072360789286389955
2018-07-05 17:00:00,0.006895261637552396
2018-07-05 17:30:00,0.006677595143767022
2018-07-05 18:00:00,0.006477146090218063
2018-07-05 18:30:00,0.006316735513994734
2018-07-05 19:00:00,0.006156900876022836
2018-07-05 19:30:00,0.006076869117068499
2018-07-05 20:00:00,0.006008531326214794
2018-07-05 20:30:00,0.005930959440710618
2018-07-05 21:00:00,0.0058544358721864705
2018-07-05 21:30:00,0.005794338874999709
2018-07-05 22:00:00,0.0057411195469417795
2018-07-05 22:30:00,0.005677907506090919
2018-07-05 23:00:00,0.0056380366434240076
2018-07-05 23:30:00,0.005593862592438283
2018-07-06 00:00:00,0.005536040556924388
2018-07-06 00:30:00,0.005493574010527915
2018-07-06 01:00:00,0.005460091029548343
2018-07-06 01:30:00,0.005395240449393908
2018-07-06 02:00:00,0.00536688712421815
2018-07-06 02:30:00,0.005314913188697703
2018-07-06 03:00:00,0.005293496900825499
2018-07-06 03:30:00,0.005242420406773374
2018-07-06 04:00:00,0.005337736234484561
2018-07-06 04:30:00,0.005331564845765207
2018-07-06 05:00:00,0.005305298780627184
2018-07-06 05:30:00,0.0054484985006785875
2018-07-06 06:00:00,0.005671364508307961
2018-07-06 06:30:00,0.0061851149314954765
2018-07-06 07:00:00,0.006934659117141887
2018-07-06 07:30:00,0.007984694649597963
2018-07-06 08:00:00,0.008970876362306847
2018-07-06 08:30:00,0.010052834787241236
2018-07-06 09:00:00,0.010976974413880888
2018-07-06 09:30:00,0.01175187606376566
2018-07-06 10:00:00,0.012275993710261859
2018-07-06 10:30:00,0.01258685540502098
2018-07-06 11:00:00,0.012660922559518683
2018-07-06 11:30:00,0.012562208573370315
2018-07-06 12:00:00,0.01241017884167724
2018-07-06 12:30:00,0.012017390181739402
2018-07-06 13:00:00,0.011639872868806689
2018-07-06 13:30:00,0.010979289772695203
2018-07-06 14:00:00,0.01037309004492467
2018-07-06 14:30:00,0.009643801789479784
2018-07-06 15:00:00,0.008973986161038216
2018-07-06 15:30:00,0.008440680396748668
2018-07-06 16:00:00,0.00785280400886029
2018-07-06 16:30:00,0.00744112444036237
2018-07-06 17:00:00,0.007060290879218504
2018-07-06 17:30:00,0.006834116434979919
2018-07-06 18:00:00,0.006628511612557811
2018-07-06 18:30:00,0.006482424612835946
2018-07-06 19:00:00,0.00633371302645735
2018-07-06 19:30:00,0.00625820184154432
2018-07-06 20:00:00,0.006174551302195221
2018-07-06 20:30:00,0.0060970059761376325
2018-07-06 21:00:00,0.00602157458115868
2018-07-06 21:30:00,0.005962435844341039
2018-07-06 22:00:00,0.005925649894873612
2018-07-06 22:30:00,0.005865845944353826
2018-07-06 23:00:00,0.005817608521228773
2018-07-06 23:30:00,0.0057746462728922015
2018-07-07 00:00:00,0.006091921404436431
2018-07-07 00:30:00,0.006450140489565173
2018-07-07 01:00:00,0.0065739191164735575
2018-07-07 01:30:00,0.006683807599193705
2018-07-07 02:00:00,0.006694305053066117
2018-07-07 02:30:00,0.006685551371934811
2018-07-07 03:00:00,0.006674530094355324
2018-07-07 03:30:00,0.0066627420522485
2018-07-07 04:00:00,0.006739052252445437
2018-07-07 04:30:00,0.006740884854260005
2018-07-07 05:00:00,0.006660048835089033
2018-07-07 05:30:00,0.0067275969845811585
2018-07-07 06:00:00,0.006723948966476286
2018-07-07 06:30:00,0.006880116615310034
2018-07-07 07:00:00,0.00709236799503793
2018-07-07 07:30:00,0.007406497952453442
2018-07-07 08:00:00,0.007787918499685763
2018-07-07 08:30:00,0.008217970621158047
2018-07-07 09:00:00,0.008693639373305308
2018-07-07 09:30:00,0.00915838047550202
2018-07-07 10:00:00,0.009551556590895965
2018-07-07 10:30:00,0.009838345271963894
2018-07-07 11:00:00,0.009977809483968727
2018-07-07 11:30:00,0.009980310089343275
2018-07-07 12:00:00,0.00989204891934196
2018-07-07 12:30:00,0.009756253258795668
2018-07-07 13:00:00,0.009537837855573102
2018-07-07 13:30:00,0.009268812980499967
2018-07-07 14:00:00,0.00898622537895409
2018-07-07 14:30:00,0.008734327664317835
2018-07-07 15:00:00,0.00845931329925618
2018-07-07 15:30:00,0.008243309783929013
2018-07-07 16:00:00,0.008025004970671022
2018-07-07 16:30:00,0.007798435259374393
2018-07-07 17:00:00,0.007592738929615301
2018-07-07 17:30:00,0.0074662560377104226
2018-07-07 18:00:00,0.007367041997443732
2018-07-07 18:30:00,0.007268666700036516
2018-07-07 19:00:00,0.007171986408655453
2018-07-07 19:30:00,0.007137846471952925
2018-07-07 20:00:00,0.007072016428509825
2018-07-07 20:30:00,0.007050522694184126
2018-07-07 21:00:00,0.0070123222867944195
2018-07-07 21:30:00,0.006962436727254842
2018-07-07 22:00:00,0.006912869769480004
2018-07-07 22:30:00,0.006871095331015206
2018-07-07 23:00:00,0.00678571675372319
2018-07-07 23:30:00,0.006671879059846318
2018-07-08 00:00:00,0.006251428513098516
2018-07-08 00:30:00,0.005704262288708092
2018-07-08 01:00:00,0.005564684920069479
2018-07-08 01:30:00,0.0053527450000702675
2018-07-08 02:00:00,0.005320879355474725
2018-07-08 02:30:00,0.005290844080807482
2018-07-08 03:00:00,0.00525862345470103
2018-07-08 03:30:00,0.005232964574222187
2018-07-08 04:00:00,0.005214349861587758
2018-07-08 04:30:00,0.005148961508437074
2018-07-08 05:00:00,0.005104246113437072
2018-07-08 05:30:00,0.005127901987584794
2018-07-08 06:00:00,0.005224343355540879
2018-07-08 06:30:00,0.005408042214243609
2018-07-08 07:00:00,0.005574590700892272
2018-07-08 07:30:00,0.005844079473526189
2018-07-08 08:00:00,0.006087677584292343
2018-07-08 08:30:00,0.006389620326742019
2018-07-08 09:00:00,0.00671322296745004
2018-07-08 09:30:00,0.007004225672980383
2018-07-08 10:00:00,0.007313101993309897
2018-07-08 10:30:00,0.007671292510294411
2018-07-08 11:00:00,0.007907173762695008
2018-07-08 11:30:00,0.008091864471655188
2018-07-08 12:00:00,0.008192047708533712
2018-07-08 12:30:00,0.008244390686448555
2018-07-08 13:00:00,0.008174628728967306
2018-07-08 13:30:00,0.008017443339995399
2018-07-08 14:00:00,0.007824011560061324
2018-07-08 14:30:00,0.007564056959186596
2018-07-08 15:00:00,0.007258802990269872
2018-07-08 15:30:00,0.007034725849557227
2018-07-08 16:00:00,0.006793082313190181
2018-07-08 16:30:00,0.006588124291408509
2018-07-08 17:00:00,0.006425733027716738
2018-07-08 17:30:00,0.006292716400356912
2018-07-08 18:00:00,0.006161903314309379
2018-07-08 18:30:00,0.0060713726507565565
2018-07-08 19:00:00,0.005978790102563346
2018-07-08 19:30:00,0.005932325131917942
2018-07-08 20:00:00,0.005864675877977883
2018-07-08 20:30:00,0.005820285891995739
2018-07-08 21:00:00,0.005749120189646299
2018-07-08 21:30:00,0.005688404178803138
2018-07-08 22:00:00,0.005632607245294415
2018-07-08 22:30:00,0.005568752421198402
2018-07-08 23:00:00,0.005512291055147727
2018-07-08 23:30:00,0.005472430012780395
2018-07-09 00:00:00,0.005499499110597606
2018-07-09 00:30:00,0.005548046431130956
2018-07-09 01:00:00,0.005551983366913207
2018-07-09 01:30:00,0.005548070089125396
2018-07-09 02:00:00,0.005521008579721494
2018-07-09 02:30:00,0.005503667827768779
2018-07-09 03:00:00,0.005461176619029047
2018-07-09 03:30:00,0.00542428454336958
2018-07-09 04:00:00,0.005506446079795052
2018-07-09 04:30:00,0.005530306952696481
2018-07-09 05:00:00,0.005501015565722326
2018-07-09 05:30:00,0.005628827434305424
2018-07-09 06:00:00,0.005816817652329745
2018-07-09 06:30:00,0.006316052222013818
2018-07-09 07:00:00,0.007087946181963978
2018-07-09 07:30:00,0.008177101658952132
2018-07-09 08:00:00,0.00918454911880445
2018-07-09 08:30:00,0.010291787003552141
2018-07-09 09:00:00,0.011212987459165605
2018-07-09 09:30:00,0.012006175957592055
2018-07-09 10:00:00,0.012534519234359255
2018-07-09 10:30:00,0.012839740394547841
2018-07-09 11:00:00,0.01288921539860844
2018-07-09 11:30:00,0.012754078032916862
2018-07-09 12:00:00,0.01260491393159745
2018-07-09 12:30:00,0.012199581736051108
2018-07-09 13:00:00,0.011807843848168192
2018-07-09 13:30:00,0.011097232463390297
2018-07-09 14:00:00,0.010445402267249927
2018-07-09 14:30:00,0.009662231143959664
2018-07-09 15:00:00,0.008928336610040787
2018-07-09 15:30:00,0.00839239186342808
2018-07-09 16:00:00,0.00781232172095029
2018-07-09 16:30:00,0.0074500789912577865
2018-07-09 17:00:00,0.007082475047561177
2018-07-09 17:30:00,0.006813201205574858
2018-07-09 18:00:00,0.006580804708798637
2018-07-09 18:30:00,0.0064217773440898365
2018-07-09 19:00:00,0.006277407222879547
2018-07-09 19:30:00,0.006201445866506283
2018-07-09 20:00:00,0.006119242705401914
2018-07-09 20:30:00,0.006060514858846192
2018-07-09 21:00:00,0.005981198865817971
2018-07-09 21:30:00,0.005928566412254182
2018-07-09 22:00:00,0.005869474991425421
2018-07-09 22:30:00,0.005817391470289221
2018-07-09 23:00:00,0.005776390380416247
2018-07-09 23:30:00,0.005738542499462556
2018-07-10 00:00:00,0.005691291346879285
2018-07-10 00:30:00,0.005655575252094372
2018-07-10 01:00:00,0.005630807898585239
2018-07-10 01:30:00,0.005586930353690204
2018-07-10 02:00:00,0.0055514409069557956
2018-07-10 02:30:00,0.0055309446026032185
2018-07-10 03:00:00,0.005482894992707609
2018-07-10 03:30:00,0.005439726964457138
2018-07-10 04:00:00,0.00546546239863497
2018-07-10 04:30:00,0.00545527830159457
2018-07-10 05:00:00,0.005435055849687063
2018-07-10 05:30:00,0.005576729405908482
2018-07-10 06:00:00,0.005776238835338659
2018-07-10 06:30:00,0.006262611490838111
2018-07-10 07:00:00,0.006997902627589125
2018-07-10 07:30:00,0.00802743616438264
2018-07-10 08:00:00,0.008969566245067593
2018-07-10 08:30:00,0.010038561316586488
2018-07-10 09:00:00,0.0109385608613526
2018-07-10 09:30:00,0.011695330890385628
2018-07-10 10:00:00,0.012193819786867599
2018-07-10 10:30:00,0.012511149711219704
2018-07-10 11:00:00,0.012567662857031793
2018-07-10 11:30:00,0.01239889676818735
2018-07-10 12:00:00,0.012200734505308475
2018-07-10 12:30:00,0.011749002621790064
2018-07-10 13:00:00,0.011320325788636055
2018-07-10 13:30:00,0.010609666864680654
2018-07-10 14:00:00,0.00996718168793827
2018-07-10 14:30:00,0.009262093440513219
2018-07-10 15:00:00,0.008597493060713838
2018-07-10 15:30:00,0.008078456414900815
2018-07-10 16:00:00,0.007520168478048849
2018-07-10 16:30:00,0.007155456277795235
2018-07-10 17:00:00,0.006809317611874409
2018-07-10 17:30:00,0.0065948205081837585
2018-07-10 18:00:00,0.006394952637818958
2018-07-10 18:30:00,0.006254437430570576
2018-07-10 19:00:00,0.00610394178590374
2018-07-10 19:30:00,0.00604588886175543
2018-07-10 20:00:00,0.005971395082197619
2018-07-10 20:30:00,0.0059033009017300546
2018-07-10 21:00:00,0.005846321738065229
2018-07-10 21:30:00,0.005769295883536493
2018-07-10 22:00:00,0.005709740565146951
2018-07-10 22:30:00,0.005652171625535833
2018-07-10 23:00:00,0.005607378784082336
2018-07-10 23:30:00,0.005572831304947292
2018-07-11 00:00:00,0.0055081648554099584
2018-07-11 00:30:00,0.005475548962245462
2018-07-11 01:00:00,0.005425225506620124
2018-07-11 01:30:00,0.005361303837530387
2018-07-11 02:00:00,0.005314559323129929
2018-07-11 02:30:00,0.005295449020149713
2018-07-11 03:00:00,0.0052315382873026894
2018-07-11 03:30:00,0.005216791098787581
2018-07-11 04:00:00,0.005290479948562875
2018-07-11 04:30:00,0.005326542878473818
2018-07-11 05:00:00,0.005295280735925115
2018-07-11 05:30:00,0.005407070562556881
2018-07-11 06:00:00,0.0056023593834601555
2018-07-11 06:30:00,0.006088976430505944
2018-07-11 07:00:00,0.006799078275648879
2018-07-11 07:30:00,0.0078053423894019576
2018-07-11 08:00:00,0.008711697788287464
2018-07-11 08:30:00,0.009698451087069555
2018-07-11 09:00:00,0.010559866116819257
2018-07-11 09:30:00,0.011286348891225399
2018-07-11 10:00:00,0.011773241799413898
2018-07-11 10:30:00,0.01206299732689774
2018-07-11 11:00:00,0.0121113714530567
2018-07-11 11:30:00,0.012013587270727537
2018-07-11 12:00:00,0.011892082824331823
2018-07-11 12:30:00,0.011511539073619842
2018-07-11 13:00:00,0.011118897048609806
2018-07-11 13:30:00,0.010459706091557918
2018-07-11 14:00:00,0.009859050704059775
2018-07-11 14:30:00,0.009128881188322013
2018-07-11 15:00:00,0.008463361159785946
2018-07-11 15:30:00,0.007957173929594441
2018-07-11 16:00:00,0.007415949767609346
2018-07-11 16:30:00,0.007075764100336559
2018-07-11 17:00:00,0.006737316737683523
2018-07-11 17:30:00,0.006504972132263032
2018-07-11 18:00:00,0.0063166756994427545
2018-07-11 18:30:00,0.006162596203401247
2018-07-11 19:00:00,0.005999556241965712
2018-07-11 19:30:00,0.005940142201976927
2018-07-11 20:00:00,0.005854019848586136
2018-07-11 20:30:00,0.005804957073919216
2018-07-11 21:00:00,0.005756450262121629
2018-07-11 21:30:00,0.005689132778075291
2018-07-11 22:00:00,0.0056181237541418575
2018-07-11 22:30:00,0.005569861110701978
2018-07-11 23:00:00,0.0055265400866478425
2018-07-11 23:30:00,0.005476071670009404
2018-07-12 00:00:00,0.005424886259907403
2018-07-12 00:30:00,0.0053633568381139095
2018-07-12 01:00:00,0.0053145411332568455
2018-07-12 01:30:00,0.005268363741157061
2018-07-12 02:00:00,0.005243018217510229
2018-07-12 02:30:00,0.00520516386408636
2018-07-12 03:00:00,0.005155980567560974
2018-07-12 03:30:00,0.005135252705008102
2018-07-12 04:00:00,0.005226836707285057
2018-07-12 04:30:00,0.005266491523361236
2018-07-12 05:00:00,0.005249400519481899
2018-07-12 05:30:00,0.005392742299094255
2018-07-12 06:00:00,0.005577890321550727
2018-07-12 06:30:00,0.006061479814874118
2018-07-12 07:00:00,0.006797554343705161
2018-07-12 07:30:00,0.007815923539009416
2018-07-12 08:00:00,0.008738061610044022
2018-07-12 08:30:00,0.009781802776847384
2018-07-12 09:00:00,0.010678269692028671
2018-07-12 09:30:00,0.011420322439822583
2018-07-12 10:00:00,0.011914694064111855
2018-07-12 10:30:00,0.012190810869395538
2018-07-12 11:00:00,0.012235126310376335
2018-07-12 11:30:00,0.01211860053267841
2018-07-12 12:00:00,0.01197545951123585
2018-07-12 12:30:00,0.011587798052026931
2018-07-12 13:00:00,0.011201021647317545
2018-07-12 13:30:00,0.010548824082697477
2018-07-12 14:00:00,0.009956647742725375
2018-07-12 14:30:00,0.0092457082706661
2018-07-12 15:00:00,0.008583226955283773
2018-07-12 15:30:00,0.00806885506336496
2018-07-12 16:00:00,0.0075016743988671995
2018-07-12 16:30:00,0.007128683797663026
2018-07-12 17:00:00,0.006752073858092524
2018-07-12 17:30:00,0.006497141447697811
2018-07-12 18:00:00,0.006288444570040163
2018-07-12 18:30:00,0.006149448942557277
2018-07-12 19:00:00,0.006026314884403059
2018-07-12 19:30:00,0.005974169093639985
2018-07-12 20:00:00,0.005915084591658654
2018-07-12 20:30:00,0.005867117003583391
2018-07-12 21:00:00,0.0058329992741492295
2018-07-12 21:30:00,0.00578421425772835
2018-07-12 22:00:00,0.005726437752694318
2018-07-12 22:30:00,0.005697558818302471
2018-07-12 23:00:00,0.005665306834193957
2018-07-12 23:30:00,0.005619344707524709
2018-07-13 00:00:00,0.005581996880689338
2018-07-13 00:30:00,0.005546226774256742
2018-07-13 01:00:00,0.0055291249457290045
2018-07-13 01:30:00,0.005474114752129715
2018-07-13 02:00:00,0.0054428025037342965
2018-07-13 02:30:00,0.005417282111798376
2018-07-13 03:00:00,0.005384511660509829
2018-07-13 03:30:00,0.005363174493005822
2018-07-13 04:00:00,0.005416905704179296
2018-07-13 04:30:00,0.0054285128519041045
2018-07-13 05:00:00,0.005384861955059575
2018-07-13 05:30:00,0.005550130678122229
2018-07-13 06:00:00,0.005747068862977477
2018-07-13 06:30:00,0.0062117695680327396
2018-07-13 07:00:00,0.006925017703247525
2018-07-13 07:30:00,0.00800926425798376
2018-07-13 08:00:00,0.008966024464749072
2018-07-13 08:30:00,0.009985322571118024
2018-07-13 09:00:00,0.010857500983988957
2018-07-13 09:30:00,0.011592554648041067
2018-07-13 10:00:00,0.012100920980390228
2018-07-13 10:30:00,0.012438535403088088
2018-07-13 11:00:00,0.012520981058635463
2018-07-13 11:30:00,0.0123905259671453
2018-07-13 12:00:00,0.0122349710826864
2018-07-13 12:30:00,0.011848450228954688
2018-07-13 13:00:00,0.011443001975322414
2018-07-13 13:30:00,0.01071887651919242
2018-07-13 14:00:00,0.010078875431866202
2018-07-13 14:30:00,0.009362509128346543
2018-07-13 15:00:00,0.00870134261716463
2018-07-13 15:30:00,0.008189210981087219
2018-07-13 16:00:00,0.007644006696320586
2018-07-13 16:30:00,0.007264505124901401
2018-07-13 17:00:00,0.0069052103821858465
2018-07-13 17:30:00,0.006679297180234918
2018-07-13 18:00:00,0.006467348221096321
2018-07-13 18:30:00,0.006319131109120378
2018-07-13 19:00:00,0.006144784077068753
2018-07-13 19:30:00,0.006082490345822818
2018-07-13 20:00:00,0.006004689468787555
2018-07-13 20:30:00,0.005931117011881131
2018-07-13 21:00:00,0.005893442213707514
2018-07-13 21:30:00,0.005831785128019495
2018-07-13 22:00:00,0.005789892511176812
2018-07-13 22:30:00,0.005753788737747166
2018-07-13 23:00:00,0.005706742025946034
2018-07-13 23:30:00,0.005672562808045193
2018-07-14 00:00:00,0.006018121518319308
2018-07-14 00:30:00,0.006376728728470038
2018-07-14 01:00:00,0.006514998323349978
2018-07-14 01:30:00,0.006622619098027631
2018-07-14 02:00:00,0.006645344275601641
2018-07-14 02:30:00,0.006625476358827789
2018-07-14 03:00:00,0.0066094134733577555
2018-07-14 03:30:00,0.006595963791924486
2018-07-14 04:00:00,0.006672905950718178
2018-07-14 04:30:00,0.006697054848542477
2018-07-14 05:00:00,0.006625954205677745
2018-07-14 05:30:00,0.006650873550641721
2018-07-14 06:00:00,0.006626498227955545
2018-07-14 06:30:00,0.006765551772887082
2018-07-14 07:00:00,0.00699518619881247
2018-07-14 07:30:00,0.007304304009236174
2018-07-14 08:00:00,0.007657861018734225
2018-07-14 08:30:00,0.00805981715151744
2018-07-14 09:00:00,0.008491966688109975
2018-07-14 09:30:00,0.008928072019923728
2018-07-14 10:00:00,0.009304413351981889
2018-07-14 10:30:00,0.009578100525874341
2018-07-14 11:00:00,0.009713568099139255
2018-07-14 11:30:00,0.00972988285297462
2018-07-14 12:00:00,0.009643465890596467
2018-07-14 12:30:00,0.009501490136974374
2018-07-14 13:00:00,0.009288768275621206
2018-07-14 13:30:00,0.009023556466642456
2018-07-14 14:00:00,0.008741532416379224
2018-07-14 14:30:00,0.008487593195373724
2018-07-14 15:00:00,0.008204352878688804
2018-07-14 15:30:00,0.007953361309877314
2018-07-14 16:00:00,0.0077291093008755776
2018-07-14 16:30:00,0.007579711074686664
2018-07-14 17:00:00,0.0074344441815739366
2018-07-14 17:30:00,0.007317947976369062
2018-07-14 18:00:00,0.0071993658502582155
2018-07-14 18:30:00,0.007095938343500681
2018-07-14 19:00:00,0.0069989032937973344
2018-07-14 19:30:00,0.0069620278456905636
2018-07-14 20:00:00,0.0069222017323433225
2018-07-14 20:30:00,0.006883785166768571
2018-07-14 21:00:00,0.0068410043707855805
2018-07-14 21:30:00,0.00680694746025222
2018-07-14 22:00:00,0.0067704441791806205
2018-07-14 22:30:00,0.00671591953243891
2018-07-14 23:00:00,0.006646604733371433
2018-07-14 23:30:00,0.006523751558104031
2018-07-15 00:00:00,0.006099465626399165
2018-07-15 00:30:00,0.005562393330843919
2018-07-15 01:00:00,0.005439373098889363
2018-07-15 01:30:00,0.005234106295642528
2018-07-15 02:00:00,0.005225302062287253
2018-07-15 02:30:00,0.005178912083020451
2018-07-15 03:00:00,0.005140319533213476
2018-07-15 03:30:00,0.0051028937019530415
2018-07-15 04:00:00,0.00506830950828889
2018-07-15 04:30:00,0.005024347040121363
2018-07-15 05:00:00,0.004991979779087111
2018-07-15 05:30:00,0.0050088327522959785
2018-07-15 06:00:00,0.005128619985397175
2018-07-15 06:30:00,0.005306878174944659
2018-07-15 07:00:00,0.0054761956512915854
2018-07-15 07:30:00,0.005707784540021768
2018-07-15 08:00:00,0.005912673708112076
2018-07-15 08:30:00,0.006216263247844517
2018-07-15 09:00:00,0.006512060491455549
2018-07-15 09:30:00,0.006795496767754788
2018-07-15 10:00:00,0.007092811582433674
2018-07-15 10:30:00,0.00742787919971124
2018-07-15 11:00:00,0.007628400454780965
2018-07-15 11:30:00,0.007790082090233859
2018-07-15 12:00:00,0.007873491920648967
2018-07-15 12:30:00,0.007907964296811096
2018-07-15 13:00:00,0.007852029767513959
2018-07-15 13:30:00,0.007725752320740039
2018-07-15 14:00:00,0.007547071300339102
2018-07-15 14:30:00,0.007322860246450383
2018-07-15 15:00:00,0.007049413781491922
2018-07-15 15:30:00,0.006799958866375876
2018-07-15 16:00:00,0.0065581575356496915
2018-07-15 16:30:00,0.0063705585672881315
2018-07-15 17:00:00,0.006212638664545458
2018-07-15 17:30:00,0.006096003636014721
2018-07-15 18:00:00,0.006004300451011061
2018-07-15 18:30:00,0.005909818456009559
2018-07-15 19:00:00,0.005835434262067502
2018-07-15 19:30:00,0.005809790670009594
2018-07-15 20:00:00,0.005751698018285716
2018-07-15 20:30:00,0.005721149409776858
2018-07-15 21:00:00,0.005661565746431712
2018-07-15 21:30:00,0.005583448722706603
2018-07-15 22:00:00,0.005525975084639126
2018-07-15 22:30:00,0.005479560777812003
2018-07-15 23:00:00,0.005410580873279024
2018-07-15 23:30:00,0.005359432400894758
2018-07-16 00:00:00,0.0053693113990823365
2018-07-16 00:30:00,0.005406631104150732
2018-07-16 01:00:00,0.005414220075433139
2018-07-16 01:30:00,0.005402406924605803
2018-07-16 02:00:00,0.005374769476950472
2018-07-16 02:30:00,0.005355959362673288
2018-07-16 03:00:00,0.005311915319062669
2018-07-16 03:30:00,0.005268840583658195
2018-07-16 04:00:00,0.005327190125491508
2018-07-16 04:30:00,0.005325725896505457
2018-07-16 05:00:00,0.0052997159403166735
2018-07-16 05:30:00,0.0054619973952040645
2018-07-16 06:00:00,0.005666492746962402
2018-07-16 06:30:00,0.0061444072230724175
2018-07-16 07:00:00,0.00688905665894471
2018-07-16 07:30:00,0.007949298495709554
2018-07-16 08:00:00,0.008954135987760195
2018-07-16 08:30:00,0.010065646595579139
2018-07-16 09:00:00,0.011024512140660955
2018-07-16 09:30:00,0.0117992852338967
2018-07-16 10:00:00,0.012314294106156368
2018-07-16 10:30:00,0.012615123137358367
2018-07-16 11:00:00,0.012641607480973387
2018-07-16 11:30:00,0.012533812061195273
2018-07-16 12:00:00,0.012370487645854893
2018-07-16 12:30:00,0.011981572201346359
2018-07-16 13:00:00,0.011562432887780943
2018-07-16 13:30:00,0.010882327705672816
2018-07-16 14:00:00,0.010267039625425106
2018-07-16 14:30:00,0.009537980584699932
2018-07-16 15:00:00,0.00884534202206582
2018-07-16 15:30:00,0.00828834188359043
2018-07-16 16:00:00,0.007697939335229737
2018-07-16 16:30:00,0.007309249757611512
2018-07-16 17:00:00,0.00693353134501072
2018-07-16 17:30:00,0.006703208493765999
2018-07-16 18:00:00,0.006499198912053869
2018-07-16 18:30:00,0.0063375012070198454
2018-07-16 19:00:00,0.0061793707258077975
2018-07-16 19:30:00,0.006116319380768225
2018-07-16 20:00:00,0.006030564842234384
2018-07-16 20:30:00,0.005973604203225582
2018-07-16 21:00:00,0.005921051204812929
2018-07-16 21:30:00,0.0058535413321702985
2018-07-16 22:00:00,0.005794380053301353
2018-07-16 22:30:00,0.005733941242732665
2018-07-16 23:00:00,0.0056755134732856625
2018-07-16 23:30:00,0.005620178763423021
2018-07-17 00:00:00,0.005588792639592135
2018-07-17 00:30:00,0.0055450244571242265
2018-07-17 01:00:00,0.005510368954693817
2018-07-17 01:30:00,0.005496656468652503
2018-07-17 02:00:00,0.005439202247995556
2018-07-17 02:30:00,0.00540939830833998
2018-07-17 03:00:00,0.005372942454851573
2018-07-17 03:30:00,0.00534955641575364
2018-07-17 04:00:00,0.005412385688109556
2018-07-17 04:30:00,0.005442434912065973
2018-07-17 05:00:00,0.0053989596646707265
2018-07-17 05:30:00,0.005561971281150659
2018-07-17 06:00:00,0.005752372940693126
2018-07-17 06:30:00,0.0062317508646290015
2018-07-17 07:00:00,0.006975954146436341
2018-07-17 07:30:00,0.008044760735159914
2018-07-17 08:00:00,0.009045593553680072
2018-07-17 08:30:00,0.010163032386209487
2018-07-17 09:00:00,0.01110892587351936
2018-07-17 09:30:00,0.011896452522861417
2018-07-17 10:00:00,0.012425378098755912
2018-07-17 10:30:00,0.012748080731326404
2018-07-17 11:00:00,0.01279960583451838
2018-07-17 11:30:00,0.01268492939778203
2018-07-17 12:00:00,0.012542839036800082
2018-07-17 12:30:00,0.012164226537275714
2018-07-17 13:00:00,0.011775995500691225
2018-07-17 13:30:00,0.011127304675775274
2018-07-17 14:00:00,0.010512979766046475
2018-07-17 14:30:00,0.009711785268388461
2018-07-17 15:00:00,0.008992007303519699
2018-07-17 15:30:00,0.008465480335797311
2018-07-17 16:00:00,0.007898359374257214
2018-07-17 16:30:00,0.00751253899803068
2018-07-17 17:00:00,0.007130173470152533
2018-07-17 17:30:00,0.006902825834897229
2018-07-17 18:00:00,0.006692286646719748
2018-07-17 18:30:00,0.006517499263507466
2018-07-17 19:00:00,0.006355994728229929
2018-07-17 19:30:00,0.006280277651808686
2018-07-17 20:00:00,0.006196787473487935
2018-07-17 20:30:00,0.006123480053075824
2018-07-17 21:00:00,0.006062048276306548
2018-07-17 21:30:00,0.005968319208137522
2018-07-17 22:00:00,0.005912408671617762
2018-07-17 22:30:00,0.005862263208922289
2018-07-17 23:00:00,0.005818970864606696
2018-07-17 23:30:00,0.0057550506462430324
2018-07-18 00:00:00,0.005730361185564649
2018-07-18 00:30:00,0.0056769225746808975
2018-07-18 01:00:00,0.00565244369247189
2018-07-18 01:30:00,0.005607607329236168
2018-07-18 02:00:00,0.0055618821172942565
2018-07-18 02:30:00,0.005531387743621709
2018-07-18 03:00:00,0.005488467343152659
2018-07-18 03:30:00,0.005441098681757385
2018-07-18 04:00:00,0.005534188984076541
2018-07-18 04:30:00,0.0055517621869840585
2018-07-18 05:00:00,0.005523778462174264
2018-07-18 05:30:00,0.005651321276867766
2018-07-18 06:00:00,0.005847934052705155
2018-07-18 06:30:00,0.006333496087112111
2018-07-18 07:00:00,0.007093897841480258
2018-07-18 07:30:00,0.00817615879859826
2018-07-18 08:00:00,0.009195903393815106
2018-07-18 08:30:00,0.01031809558612357
2018-07-18 09:00:00,0.011271848660925832
2018-07-18 09:30:00,0.012069525371042705
2018-07-18 10:00:00,0.012608831561563484
2018-07-18 10:30:00,0.0129330381506956
2018-07-18 11:00:00,0.012974096153668404
2018-07-18 11:30:00,0.012855803056829249
2018-07-18 12:00:00,0.012725898906464313
2018-07-18 12:30:00,0.012351672175050668
2018-07-18 13:00:00,0.011963108252629326
2018-07-18 13:30:00,0.01128998206728659
2018-07-18 14:00:00,0.010663877596618784
2018-07-18 14:30:00,0.00990984932827155
2018-07-18 15:00:00,0.009209635074078324
2018-07-18 15:30:00,0.008646686958698996
2018-07-18 16:00:00,0.008041086380797079
2018-07-18 16:30:00,0.0076624715377921265
2018-07-18 17:00:00,0.0072854931137987956
2018-07-18 17:30:00,0.007013828698430934
2018-07-18 18:00:00,0.006765149252198668
2018-07-18 18:30:00,0.0065565802616241705
2018-07-18 19:00:00,0.006371112633054135
2018-07-18 19:30:00,0.006287977101461353
2018-07-18 20:00:00,0.006195674989777704
2018-07-18 20:30:00,0.006121490661250936
2018-07-18 21:00:00,0.006055406740744864
2018-07-18 21:30:00,0.005989771764161577
2018-07-18 22:00:00,0.005932299242037234
2018-07-18 22:30:00,0.005878611217863044
2018-07-18 23:00:00,0.005837440616228025
2018-07-18 23:30:00,0.0058008211654761825
2018-07-19 00:00:00,0.005766129729676859
2018-07-19 00:30:00,0.005724986357054308
2018-07-19 01:00:00,0.005686613090073152
2018-07-19 01:30:00,0.00565609293811421
2018-07-19 02:00:00,0.005602327021109271
2018-07-19 02:30:00,0.005579799477064284
2018-07-19 03:00:00,0.005540474645372811
2018-07-19 03:30:00,0.005519590104403934
2018-07-19 04:00:00,0.005572057956355467
2018-07-19 04:30:00,0.00559820930253932
2018-07-19 05:00:00,0.005567013893390025
2018-07-19 05:30:00,0.0057263417815848
2018-07-19 06:00:00,0.0059156593023726375
2018-07-19 06:30:00,0.006423119042519781
2018-07-19 07:00:00,0.007193581470617714
2018-07-19 07:30:00,0.008297671391378854
2018-07-19 08:00:00,0.009337391145504723
2018-07-19 08:30:00,0.010481788597481088
2018-07-19 09:00:00,0.01145059976255558
2018-07-19 09:30:00,0.012285808541719238
2018-07-19 10:00:00,0.012856280680490578
2018-07-19 10:30:00,0.01316089465601998
2018-07-19 11:00:00,0.013193519141946608
2018-07-19 11:30:00,0.013086419401118194
2018-07-19 12:00:00,0.012955723712288352
2018-07-19 12:30:00,0.012515759449117411
2018-07-19 13:00:00,0.012096620581929248
2018-07-19 13:30:00,0.011406526592829164
2018-07-19 14:00:00,0.010787443524765841
2018-07-19 14:30:00,0.010016246248114202
2018-07-19 15:00:00,0.009309824783427026
2018-07-19 15:30:00,0.008768540583701323
2018-07-19 16:00:00,0.008174623372440263
2018-07-19 16:30:00,0.007789316999621225
2018-07-19 17:00:00,0.007400580329202749
2018-07-19 17:30:00,0.007142894440719335
2018-07-19 18:00:00,0.006895429363805428
2018-07-19 18:30:00,0.006676652506601778
2018-07-19 19:00:00,0.006477762090828001
2018-07-19 19:30:00,0.006377488685744255
2018-07-19 20:00:00,0.0062655181879191025
2018-07-19 20:30:00,0.006167415292230884
2018-07-19 21:00:00,0.006073978824351577
2018-07-19 21:30:00,0.006027757129309372
2018-07-19 22:00:00,0.005989827003346709
2018-07-19 22:30:00,0.005916858048487124
2018-07-19 23:00:00,0.0058641507151390455
2018-07-19 23:30:00,0.005837807538330467
2018-07-20 00:00:00,0.005764246240855382
2018-07-20 00:30:00,0.005755833033974244
2018-07-20 01:00:00,0.005712168411029166
2018-07-20 01:30:00,0.005657344691527559
2018-07-20 02:00:00,0.0056328672600446245
2018-07-20 02:30:00,0.00561031483046775
2018-07-20 03:00:00,0.005551013165952553
2018-07-20 03:30:00,0.00553204425296741
2018-07-20 04:00:00,0.005579885181496971
2018-07-20 04:30:00,0.005573768139208239
2018-07-20 05:00:00,0.005559864938485334
2018-07-20 05:30:00,0.005727286873824939
2018-07-20 06:00:00,0.005925964256054444
2018-07-20 06:30:00,0.006445826030220707
2018-07-20 07:00:00,0.007217420359439402
2018-07-20 07:30:00,0.008313036700795856
2018-07-20 08:00:00,0.009354902190379679
2018-07-20 08:30:00,0.010521133181366032
2018-07-20 09:00:00,0.011497432324869307
2018-07-20 09:30:00,0.01230530339870341
2018-07-20 10:00:00,0.012831765083752462
2018-07-20 10:30:00,0.013134324719566584
2018-07-20 11:00:00,0.01317361685412423
2018-07-20 11:30:00,0.013040601231113228
2018-07-20 12:00:00,0.012902178863618248
2018-07-20 12:30:00,0.012526618914942476
2018-07-20 13:00:00,0.012159586892102014
2018-07-20 13:30:00,0.011451830313049381
2018-07-20 14:00:00,0.010827874814074621
2018-07-20 14:30:00,0.010045175846324332
2018-07-20 15:00:00,0.009333471060463793
2018-07-20 15:30:00,0.008748516658077346
2018-07-20 16:00:00,0.008129534582867644
2018-07-20 16:30:00,0.007750074301344414
2018-07-20 17:00:00,0.007362920596261438
2018-07-20 17:30:00,0.007111044642516294
2018-07-20 18:00:00,0.006862542296459384
2018-07-20 18:30:00,0.006675472061954688
2018-07-20 19:00:00,0.006510573497229564
2018-07-20 19:30:00,0.006426728002614965
2018-07-20 20:00:00,0.006341137954099066
2018-07-20 20:30:00,0.006261271466322868
2018-07-20 21:00:00,0.006185487210124961
2018-07-20 21:30:00,0.00612415843490695
2018-07-20 22:00:00,0.006073650848664509
2018-07-20 22:30:00,0.006034668946298101
2018-07-20 23:00:00,0.005998312634937241
2018-07-20 23:30:00,0.005951202760754729
2018-07-21 00:00:00,0.006309978366724372
2018-07-21 00:30:00,0.00665768549071996
2018-07-21 01:00:00,0.006801203031375914
2018-07-21 01:30:00,0.006924372018550224
2018-07-21 02:00:00,0.006931977840573952
2018-07-21 02:30:00,0.006908786087175639
2018-07-21 03:00:00,0.006865543290735194
2018-07-21 03:30:00,0.006868757206960962
2018-07-21 04:00:00,0.006891347578604389
2018-07-21 04:30:00,0.0068933547139251065
2018-07-21 05:00:00,0.0068406036356061795
2018-07-21 05:30:00,0.006914180221502199
2018-07-21 06:00:00,0.006925138448294618
2018-07-21 06:30:00,0.00708794194138007
2018-07-21 07:00:00,0.007342271407699511
2018-07-21 07:30:00,0.007681557178429082
2018-07-21 08:00:00,0.008080034246897903
2018-07-21 08:30:00,0.008563038316453225
2018-07-21 09:00:00,0.009063719148438891
2018-07-21 09:30:00,0.009572990287481058
2018-07-21 10:00:00,0.010006350733968241
2018-07-21 10:30:00,0.010284254275803685
2018-07-21 11:00:00,0.010426926712724301
2018-07-21 11:30:00,0.010461010963864443
2018-07-21 12:00:00,0.010388142443886913
2018-07-21 12:30:00,0.0102331297961968
2018-07-21 13:00:00,0.010023142888276309
2018-07-21 13:30:00,0.00978500553364181
2018-07-21 14:00:00,0.00951095411591044
2018-07-21 14:30:00,0.00920287714564777
2018-07-21 15:00:00,0.008883882234139814
2018-07-21 15:30:00,0.008674273296158792
2018-07-21 16:00:00,0.008460120460924963
2018-07-21 16:30:00,0.008276186696192539
2018-07-21 17:00:00,0.008092504130259567
2018-07-21 17:30:00,0.007899831414845203
2018-07-21 18:00:00,0.007726125157341091
2018-07-21 18:30:00,0.007592381046652245
2018-07-21 19:00:00,0.007480843311574437
2018-07-21 19:30:00,0.0074616249852988556
2018-07-21 20:00:00,0.0074121909363512725
2018-07-21 20:30:00,0.007371551077270759
2018-07-21 21:00:00,0.0073025434973480585
2018-07-21 21:30:00,0.00725661094317186
2018-07-21 22:00:00,0.007215699575126857
2018-07-21 22:30:00,0.007170227682276351
2018-07-21 23:00:00,0.007063285847401391
2018-07-21 23:30:00,0.00692725650836285
2018-07-22 00:00:00,0.0065025673864036885
2018-07-22 00:30:00,0.005948016408324371
2018-07-22 01:00:00,0.0058130907370453015
2018-07-22 01:30:00,0.005580644022828054
2018-07-22 02:00:00,0.0055555541617532105
2018-07-22 02:30:00,0.005522909030878606
2018-07-22 03:00:00,0.005480941422657322
2018-07-22 03:30:00,0.005470960873644553
2018-07-22 04:00:00,0.005457082446859222
2018-07-22 04:30:00,0.0054205780498444885
2018-07-22 05:00:00,0.005362698543259194
2018-07-22 05:30:00,0.005378799928767348
2018-07-22 06:00:00,0.005449113496939707
2018-07-22 06:30:00,0.005550306773948765
2018-07-22 07:00:00,0.005718108129953912
2018-07-22 07:30:00,0.005995086331742687
2018-07-22 08:00:00,0.0062180157249420685
2018-07-22 08:30:00,0.006524716179349015
2018-07-22 09:00:00,0.006830420096537346
2018-07-22 09:30:00,0.007132118782223628
2018-07-22 10:00:00,0.00747239729596516
2018-07-22 10:30:00,0.00783363802031769
2018-07-22 11:00:00,0.008071974459207284
2018-07-22 11:30:00,0.008269746141989278
2018-07-22 12:00:00,0.008365352561292545
2018-07-22 12:30:00,0.008403699938392992
2018-07-22 13:00:00,0.00835841686312075
2018-07-22 13:30:00,0.008244550154722396
2018-07-22 14:00:00,0.008075407658258872
2018-07-22 14:30:00,0.00781285659249439
2018-07-22 15:00:00,0.007484076645210735
2018-07-22 15:30:00,0.007209315599240486
2018-07-22 16:00:00,0.006952639081321727
2018-07-22 16:30:00,0.006738353672043586
2018-07-22 17:00:00,0.006543408226842627
2018-07-22 17:30:00,0.006415530629208941
2018-07-22 18:00:00,0.006280457541841878
2018-07-22 18:30:00,0.006158258867222535
2018-07-22 19:00:00,0.006069315967560692
2018-07-22 19:30:00,0.006036225575375642
2018-07-22 20:00:00,0.005980834510384737
2018-07-22 20:30:00,0.0059596992169936615
2018-07-22 21:00:00,0.005883765201227179
2018-07-22 21:30:00,0.0058309653561932975
2018-07-22 22:00:00,0.0057904948972805174
2018-07-22 22:30:00,0.005749953687573044
2018-07-22 23:00:00,0.005707616144202856
2018-07-22 23:30:00,0.005668631898355866
2018-07-23 00:00:00,0.005662263322484743
2018-07-23 00:30:00,0.00570630334870008
2018-07-23 01:00:00,0.00570142332937533
2018-07-23 01:30:00,0.00569873758903486
2018-07-23 02:00:00,0.005658367788192761
2018-07-23 02:30:00,0.0056433411675169114
2018-07-23 03:00:00,0.005595100954534024
2018-07-23 03:30:00,0.005566030077923138
2018-07-23 04:00:00,0.005622621786131858
2018-07-23 04:30:00,0.00562536053377119
2018-07-23 05:00:00,0.005604146008417604
2018-07-23 05:30:00,0.005776230577359466
2018-07-23 06:00:00,0.005945471611601718
2018-07-23 06:30:00,0.006425964251134091
2018-07-23 07:00:00,0.007187428718148696
2018-07-23 07:30:00,0.008235343958650273
2018-07-23 08:00:00,0.009219555138973233
2018-07-23 08:30:00,0.010336374399874679
2018-07-23 09:00:00,0.0112749301147016
2018-07-23 09:30:00,0.012044609150719504
2018-07-23 10:00:00,0.012549675974004523
2018-07-23 10:30:00,0.01285259773336561
2018-07-23 11:00:00,0.01292169704381392
2018-07-23 11:30:00,0.012826253663802524
2018-07-23 12:00:00,0.012688715234863947
2018-07-23 12:30:00,0.012291458784995036
2018-07-23 13:00:00,0.011876875086085332
2018-07-23 13:30:00,0.011192340167707003
2018-07-23 14:00:00,0.01055171002323618
2018-07-23 14:30:00,0.009764429104572217
2018-07-23 15:00:00,0.009046681040264104
2018-07-23 15:30:00,0.008479377510427294
2018-07-23 16:00:00,0.00786364294133169
2018-07-23 16:30:00,0.0073777848472112995
2018-07-23 17:00:00,0.0069324566917727285
2018-07-23 17:30:00,0.0066858553548444985
2018-07-23 18:00:00,0.006457030880445729
2018-07-23 18:30:00,0.006286526821764476
2018-07-23 19:00:00,0.006140274216081532
2018-07-23 19:30:00,0.006095819282208993
2018-07-23 20:00:00,0.0060416962634011915
2018-07-23 20:30:00,0.0060068454709223396
2018-07-23 21:00:00,0.005947487897656133
2018-07-23 21:30:00,0.005889121951458753
2018-07-23 22:00:00,0.005851034031136947
2018-07-23 22:30:00,0.005765267998388824
2018-07-23 23:00:00,0.005709340611127744
2018-07-23 23:30:00,0.005655131106727061
2018-07-24 00:00:00,0.005595352041739162
2018-07-24 00:30:00,0.005562377707640042
2018-07-24 01:00:00,0.005533104175756033
2018-07-24 01:30:00,0.005505094784254157
2018-07-24 02:00:00,0.005479221531099283
2018-07-24 02:30:00,0.005456845978509138
2018-07-24 03:00:00,0.005423939605346877
2018-07-24 03:30:00,0.0053976268937858535
2018-07-24 04:00:00,0.005466637486755016
2018-07-24 04:30:00,0.005511450973156492
2018-07-24 05:00:00,0.0054381758035009515
2018-07-24 05:30:00,0.005573674176796362
2018-07-24 06:00:00,0.005748386791818669
2018-07-24 06:30:00,0.006200596410592723
2018-07-24 07:00:00,0.006911517469590288
2018-07-24 07:30:00,0.00790949860702596
2018-07-24 08:00:00,0.008838018533654981
2018-07-24 08:30:00,0.00988291804943138
2018-07-24 09:00:00,0.010791032732667554
2018-07-24 09:30:00,0.011556744925627215
2018-07-24 10:00:00,0.012049245336469484
2018-07-24 10:30:00,0.012349777415203541
2018-07-24 11:00:00,0.012383739916947769
2018-07-24 11:30:00,0.012251555559977242
2018-07-24 12:00:00,0.012077492870236146
2018-07-24 12:30:00,0.011706531500026741
2018-07-24 13:00:00,0.01129260274814235
2018-07-24 13:30:00,0.010639961819315168
2018-07-24 14:00:00,0.010015769405613068
2018-07-24 14:30:00,0.009254669405626009
2018-07-24 15:00:00,0.008547140144189763
2018-07-24 15:30:00,0.008018396913403355
2018-07-24 16:00:00,0.0074574239057767985
2018-07-24 16:30:00,0.007083759386514037
2018-07-24 17:00:00,0.006703372314218064
2018-07-24 17:30:00,0.00647303685281593
2018-07-24 18:00:00,0.006283902346702059
2018-07-24 18:30:00,0.0061198361639605466
2018-07-24 19:00:00,0.005980912737998427
2018-07-24 19:30:00,0.005942853609009478
2018-07-24 20:00:00,0.005871452107875834
2018-07-24 20:30:00,0.00581562582506269
2018-07-24 21:00:00,0.0057559969660206205
2018-07-24 21:30:00,0.005714297295745796
2018-07-24 22:00:00,0.005657094497076928
2018-07-24 22:30:00,0.005627548005502353
2018-07-24 23:00:00,0.005602845265100676
2018-07-24 23:30:00,0.005547000792414448
2018-07-25 00:00:00,0.005511151119236401
2018-07-25 00:30:00,0.005469212413942284
2018-07-25 01:00:00,0.005443910412077679
2018-07-25 01:30:00,0.005417959712469308
2018-07-25 02:00:00,0.005395811031118296
2018-07-25 02:30:00,0.005373290071137798
2018-07-25 03:00:00,0.00532796537118666
2018-07-25 03:30:00,0.005298419214395026
2018-07-25 04:00:00,0.005371280034364933
2018-07-25 04:30:00,0.005398791492040441
2018-07-25 05:00:00,0.0053839449845864105
2018-07-25 05:30:00,0.005521991390839562
2018-07-25 06:00:00,0.00571057093843292
2018-07-25 06:30:00,0.00618049604286407
2018-07-25 07:00:00,0.006893364869007627
2018-07-25 07:30:00,0.007877673359571865
2018-07-25 08:00:00,0.008794047919102575
2018-07-25 08:30:00,0.009845603812484342
2018-07-25 09:00:00,0.010757594947384905
2018-07-25 09:30:00,0.011516017241822059
2018-07-25 10:00:00,0.012014434383160516
2018-07-25 10:30:00,0.012305125963745112
2018-07-25 11:00:00,0.012358716454489393
2018-07-25 11:30:00,0.01223773103324528
2018-07-25 12:00:00,0.01208076291840155
2018-07-25 12:30:00,0.011708478486012537
2018-07-25 13:00:00,0.011312209311034233
2018-07-25 13:30:00,0.010645587400247708
2018-07-25 14:00:00,0.01004314460663192
2018-07-25 14:30:00,0.009306300523415707
2018-07-25 15:00:00,0.008597566936149305
2018-07-25 15:30:00,0.00806819230473771
2018-07-25 16:00:00,0.0074914904134211115
2018-07-25 16:30:00,0.007116984138252413
2018-07-25 17:00:00,0.0067516271460560055
2018-07-25 17:30:00,0.006504104486476387
2018-07-25 18:00:00,0.0063201144782100115
2018-07-25 18:30:00,0.006163573992775211
2018-07-25 19:00:00,0.006035265306308882
2018-07-25 19:30:00,0.0059749118653899405
2018-07-25 20:00:00,0.005929884006312433
2018-07-25 20:30:00,0.005880835962094882
2018-07-25 21:00:00,0.005848803484000814
2018-07-25 21:30:00,0.0057959790882179864
2018-07-25 22:00:00,0.005757077868540161
2018-07-25 22:30:00,0.005716345274585216
2018-07-25 23:00:00,0.005668553335959236
2018-07-25 23:30:00,0.005613814539730122
2018-07-26 00:00:00,0.005582850688781121
2018-07-26 00:30:00,0.005553583406178661
2018-07-26 01:00:00,0.005511120988771784
2018-07-26 01:30:00,0.0054719437963569335
2018-07-26 02:00:00,0.005446957941182174
2018-07-26 02:30:00,0.005430189779651488
2018-07-26 03:00:00,0.005380977914981872
2018-07-26 03:30:00,0.005333872504571896
2018-07-26 04:00:00,0.00540328193561713
2018-07-26 04:30:00,0.005482073546966711
2018-07-26 05:00:00,0.005434950393060905
2018-07-26 05:30:00,0.005544730071325492
2018-07-26 06:00:00,0.005723696438385778
2018-07-26 06:30:00,0.006176581537538811
2018-07-26 07:00:00,0.006898591946647034
2018-07-26 07:30:00,0.007947991949488326
2018-07-26 08:00:00,0.008920826312749323
2018-07-26 08:30:00,0.009952892705673958
2018-07-26 09:00:00,0.01084713677372674
2018-07-26 09:30:00,0.011565464793681562
2018-07-26 10:00:00,0.012041830117533032
2018-07-26 10:30:00,0.01234168772023693
2018-07-26 11:00:00,0.012373463643004505
2018-07-26 11:30:00,0.01221109659527874
2018-07-26 12:00:00,0.012023841895374001
2018-07-26 12:30:00,0.011652193996948597
2018-07-26 13:00:00,0.011272043616191333
2018-07-26 13:30:00,0.010584799969043972
2018-07-26 14:00:00,0.00998582999046103
2018-07-26 14:30:00,0.009245715524296472
2018-07-26 15:00:00,0.008542631510739989
2018-07-26 15:30:00,0.007999952493691165
2018-07-26 16:00:00,0.007435375547713528
2018-07-26 16:30:00,0.007059107756307894
2018-07-26 17:00:00,0.006719220827012066
2018-07-26 17:30:00,0.006486255868803412
2018-07-26 18:00:00,0.006310170755320664
2018-07-26 18:30:00,0.006132152270358352
2018-07-26 19:00:00,0.005993797194234351
2018-07-26 19:30:00,0.0059321943433826435
2018-07-26 20:00:00,0.005841744920489972
2018-07-26 20:30:00,0.005811405997695983
2018-07-26 21:00:00,0.0057598264364790725
2018-07-26 21:30:00,0.005711212270951999
2018-07-26 22:00:00,0.005688752576249556
2018-07-26 22:30:00,0.00562017909820596
2018-07-26 23:00:00,0.005567029962971155
2018-07-26 23:30:00,0.005530689609597112
2018-07-27 00:00:00,0.005492959237455424
2018-07-27 00:30:00,0.005453108908142176
2018-07-27 01:00:00,0.00541451434963756
2018-07-27 01:30:00,0.00539197653891574
2018-07-27 02:00:00,0.0053447731486986035
2018-07-27 02:30:00,0.005326078980913037
2018-07-27 03:00:00,0.005302015899115739
2018-07-27 03:30:00,0.0052705545607176245
2018-07-27 04:00:00,0.005328452145581688
2018-07-27 04:30:00,0.005379868332723789
2018-07-27 05:00:00,0.005333188654619413
2018-07-27 05:30:00,0.005479761312793173
2018-07-27 06:00:00,0.0056474662513115465
2018-07-27 06:30:00,0.006082233902090636
2018-07-27 07:00:00,0.006756060676532863
2018-07-27 07:30:00,0.007777896437588411
2018-07-27 08:00:00,0.008694741143961453
2018-07-27 08:30:00,0.00972565577197754
2018-07-27 09:00:00,0.010612709260446735
2018-07-27 09:30:00,0.011327221870826595
2018-07-27 10:00:00,0.011807895069958042
2018-07-27 10:30:00,0.012105920405630312
2018-07-27 11:00:00,0.012150939895134313
2018-07-27 11:30:00,0.012035284329892242
2018-07-27 12:00:00,0.011893527635907343
2018-07-27 12:30:00,0.011528587448471465
2018-07-27 13:00:00,0.011144154970720622
2018-07-27 13:30:00,0.010504555399733995
2018-07-27 14:00:00,0.00990246278907364
2018-07-27 14:30:00,0.009190024493791162
2018-07-27 15:00:00,0.008518751889993912
2018-07-27 15:30:00,0.007981024089441785
2018-07-27 16:00:00,0.007411328535497358
2018-07-27 16:30:00,0.007047567118793868
2018-07-27 17:00:00,0.0066832456102314496
2018-07-27 17:30:00,0.006453534072635506
2018-07-27 18:00:00,0.00625783134842385
2018-07-27 18:30:00,0.006109940873003212
2018-07-27 19:00:00,0.005989133556283274
2018-07-27 19:30:00,0.005945429205762628
2018-07-27 20:00:00,0.005883725696840238
2018-07-27 20:30:00,0.005826552805447359
2018-07-27 21:00:00,0.005788706152031113
2018-07-27 21:30:00,0.005719662080767933
2018-07-27 22:00:00,0.005675449641338401
2018-07-27 22:30:00,0.00561438746493509
2018-07-27 23:00:00,0.005552517792080055
2018-07-27 23:30:00,0.005496032768034941
2018-07-28 00:00:00,0.005810161274724377
2018-07-28 00:30:00,0.006189874652150387
2018-07-28 01:00:00,0.006340839550905048
2018-07-28 01:30:00,0.006425849308991295
2018-07-28 02:00:00,0.006438087076181097
2018-07-28 02:30:00,0.006409528529063007
2018-07-28 03:00:00,0.00638959733831346
2018-07-28 03:30:00,0.0063939322194172775
2018-07-28 04:00:00,0.006473378889386485
2018-07-28 04:30:00,0.006508608098182057
2018-07-28 05:00:00,0.006448211247075205
2018-07-28 05:30:00,0.0065214665529429615
2018-07-28 06:00:00,0.006504465717268845
2018-07-28 06:30:00,0.006629311297407597
2018-07-28 07:00:00,0.006863645406247289
2018-07-28 07:30:00,0.007172654858592685
2018-07-28 08:00:00,0.007541102232109935
2018-07-28 08:30:00,0.007951637512518305
2018-07-28 09:00:00,0.008390119691613051
2018-07-28 09:30:00,0.008855422894366333
2018-07-28 10:00:00,0.009253296907165566
2018-07-28 10:30:00,0.00952159909746516
2018-07-28 11:00:00,0.00966252262830625
2018-07-28 11:30:00,0.009707530623595976
2018-07-28 12:00:00,0.00963755407025007
2018-07-28 12:30:00,0.009496139970807293
2018-07-28 13:00:00,0.009290417416384554
2018-07-28 13:30:00,0.00904554355942767
2018-07-28 14:00:00,0.008774377524263433
2018-07-28 14:30:00,0.008521572771047904
2018-07-28 15:00:00,0.008257816486698759
2018-07-28 15:30:00,0.008077931475250606
2018-07-28 16:00:00,0.007895101489871967
2018-07-28 16:30:00,0.007718317349610117
2018-07-28 17:00:00,0.007550089926516431
2018-07-28 17:30:00,0.007415897429876365
2018-07-28 18:00:00,0.007286749442578993
2018-07-28 18:30:00,0.007189103971981379
2018-07-28 19:00:00,0.007105990759251274
2018-07-28 19:30:00,0.007067973924507103
2018-07-28 20:00:00,0.00700903561107632
2018-07-28 20:30:00,0.006967486704718893
2018-07-28 21:00:00,0.006909774589603689
2018-07-28 21:30:00,0.006867733552324191
2018-07-28 22:00:00,0.006819419352311524
2018-07-28 22:30:00,0.006791210876554552
2018-07-28 23:00:00,0.00671853820459703
2018-07-28 23:30:00,0.006617812619355408
2018-07-29 00:00:00,0.0062125082107931
2018-07-29 00:30:00,0.005649785850709769
2018-07-29 01:00:00,0.00553427011314238
2018-07-29 01:30:00,0.0053172344620106265
2018-07-29 02:00:00,0.005293964369404311
2018-07-29 02:30:00,0.005268805654638104
2018-07-29 03:00:00,0.005217267160128522
2018-07-29 03:30:00,0.0051981494919236225
2018-07-29 04:00:00,0.005164896730012584
2018-07-29 04:30:00,0.005126146832223722
2018-07-29 05:00:00,0.005075101696173659
2018-07-29 05:30:00,0.005066519647096353
2018-07-29 06:00:00,0.005189903676512574
2018-07-29 06:30:00,0.005350456535485482
2018-07-29 07:00:00,0.005483838634221675
2018-07-29 07:30:00,0.005706789565123541
2018-07-29 08:00:00,0.00588639737629722
2018-07-29 08:30:00,0.006160221699600834
2018-07-29 09:00:00,0.006414452181764295
2018-07-29 09:30:00,0.006663469423983208
2018-07-29 10:00:00,0.006965137198044679
2018-07-29 10:30:00,0.0073162883457402565
2018-07-29 11:00:00,0.007507512343778129
2018-07-29 11:30:00,0.007667667034240844
2018-07-29 12:00:00,0.007732152366207537
2018-07-29 12:30:00,0.007728996367430423
2018-07-29 13:00:00,0.00765602227923242
2018-07-29 13:30:00,0.007536515371046471
2018-07-29 14:00:00,0.007363487718562111
2018-07-29 14:30:00,0.0071545081725086345
2018-07-29 15:00:00,0.006870111292359692
2018-07-29 15:30:00,0.006629614052779837
2018-07-29 16:00:00,0.006391695869376847
2018-07-29 16:30:00,0.006203015663712807
2018-07-29 17:00:00,0.006030276928905825
2018-07-29 17:30:00,0.005938807757177353
2018-07-29 18:00:00,0.005855819418483938
2018-07-29 18:30:00,0.0057531750806178086
2018-07-29 19:00:00,0.0056992918779894906
2018-07-29 19:30:00,0.0056820768928279725
2018-07-29 20:00:00,0.005630782789864725
2018-07-29 20:30:00,0.005610438700155618
2018-07-29 21:00:00,0.005554529056390367
2018-07-29 21:30:00,0.005479494044412592
2018-07-29 22:00:00,0.005441400097997864
2018-07-29 22:30:00,0.00538251401070575
2018-07-29 23:00:00,0.00533160178348294
2018-07-29 23:30:00,0.005297180852299286
2018-07-30 00:00:00,0.005328388871605994
2018-07-30 00:30:00,0.0053603405554171635
2018-07-30 01:00:00,0.0053795901281004956
2018-07-30 01:30:00,0.005359695093908488
2018-07-30 02:00:00,0.0053263374333428586
2018-07-30 02:30:00,0.005307434137813991
2018-07-30 03:00:00,0.005278170426229559
2018-07-30 03:30:00,0.005232401357722485
2018-07-30 04:00:00,0.00530020561616385
2018-07-30 04:30:00,0.005343406118359518
2018-07-30 05:00:00,0.005295270915625535
2018-07-30 05:30:00,0.005422989491362634
2018-07-30 06:00:00,0.005602284726864495
2018-07-30 06:30:00,0.006067669058683613
2018-07-30 07:00:00,0.00679424233607792
2018-07-30 07:30:00,0.007788197373874936
2018-07-30 08:00:00,0.008711507743171754
2018-07-30 08:30:00,0.009750246694877198
2018-07-30 09:00:00,0.01064084062453315
2018-07-30 09:30:00,0.011381156072056132
2018-07-30 10:00:00,0.011862118523647897
2018-07-30 10:30:00,0.012141975523939318
2018-07-30 11:00:00,0.01219035422546513
2018-07-30 11:30:00,0.012085784885692938
2018-07-30 12:00:00,0.01194073593627427
2018-07-30 12:30:00,0.011579249816026583
2018-07-30 13:00:00,0.011174145161285252
2018-07-30 13:30:00,0.010498153903540423
2018-07-30 14:00:00,0.009878660949563998
2018-07-30 14:30:00,0.009181928103165747
2018-07-30 15:00:00,0.008504853599420794
2018-07-30 15:30:00,0.007976671353247825
2018-07-30 16:00:00,0.007432668716047827
2018-07-30 16:30:00,0.007057928316009626
2018-07-30 17:00:00,0.006700554223021907
2018-07-30 17:30:00,0.006484098639131179
2018-07-30 18:00:00,0.006275550070316033
2018-07-30 18:30:00,0.006105297098839918
2018-07-30 19:00:00,0.005989642649540981
2018-07-30 19:30:00,0.005879765437846487
2018-07-30 20:00:00,0.0057949412611034146
2018-07-30 20:30:00,0.005757509403750059
2018-07-30 21:00:00,0.005681236922431049
2018-07-30 21:30:00,0.005616914518161913
2018-07-30 22:00:00,0.005566128057730298
2018-07-30 22:30:00,0.0055367035387402655
2018-07-30 23:00:00,0.005476902601266941
2018-07-30 23:30:00,0.0054513931455737324
2018-07-31 00:00:00,0.005407558341300729
2018-07-31 00:30:00,0.005360614631050861
2018-07-31 01:00:00,0.005343564470690225
2018-07-31 01:30:00,0.005280258021050234
2018-07-31 02:00:00,0.005231509272781207
2018-07-31 02:30:00,0.0052056042152470155
2018-07-31 03:00:00,0.005151430421026618
2018-07-31 03:30:00,0.005132099161305881
2018-07-31 04:00:00,0.005218621022338625
2018-07-31 04:30:00,0.0052694792379137535
2018-07-31 05:00:00,0.005256529722193119
2018-07-31 05:30:00,0.00538152026334497
2018-07-31 06:00:00,0.00558154458893715
2018-07-31 06:30:00,0.006032698971883743
2018-07-31 07:00:00,0.006779113941388254
2018-07-31 07:30:00,0.007791975064571974
2018-07-31 08:00:00,0.008724345999361933
2018-07-31 08:30:00,0.009788598758938807
2018-07-31 09:00:00,0.010699369498428089
2018-07-31 09:30:00,0.011460212496711399
2018-07-31 10:00:00,0.011968998423678923
2018-07-31 10:30:00,0.012284252135830322
2018-07-31 11:00:00,0.012333570349880602
2018-07-31 11:30:00,0.012216730657379098
2018-07-31 12:00:00,0.012063736974006922
2018-07-31 12:30:00,0.011676451810822767
2018-07-31 13:00:00,0.011266262695974548
2018-07-31 13:30:00,0.010602899673922087
2018-07-31 14:00:00,0.009993526538661548
2018-07-31 14:30:00,0.009267142860005701
2018-07-31 15:00:00,0.008584813268448678
2018-07-31 15:30:00,0.008063676082874626
2018-07-31 16:00:00,0.0075097744721049535
2018-07-31 16:30:00,0.007139593815712058
2018-07-31 17:00:00,0.006778472385680547
2018-07-31 17:30:00,0.006537278685990796
2018-07-31 18:00:00,0.0063351222394468975
2018-07-31 18:30:00,0.006174475194873486
2018-07-31 19:00:00,0.006062886684383085
2018-07-31 19:30:00,0.0059683351661243365
2018-07-31 20:00:00,0.005892486408413288
2018-07-31 20:30:00,0.005852999876561708
2018-07-31 21:00:00,0.005773065874225906
2018-07-31 21:30:00,0.005741814891108542
2018-07-31 22:00:00,0.005694274486064953
2018-07-31 22:30:00,0.005656205648370738
2018-07-31 23:00:00,0.005633287970606122
2018-07-31 23:30:00,0.0055987452900265544
2018-08-01 00:00:00,0.005576660217434177
2018-08-01 00:30:00,0.005523416338627298
2018-08-01 01:00:00,0.00548867312306656
2018-08-01 01:30:00,0.005452396936422719
2018-08-01 02:00:00,0.005424165360642874
2018-08-01 02:30:00,0.0053794431583897555
2018-08-01 03:00:00,0.005332545424997006
2018-08-01 03:30:00,0.005308951708881845
2018-08-01 04:00:00,0.005380071434374167
2018-08-01 04:30:00,0.005428208087834224
2018-08-01 05:00:00,0.005400859334667645
2018-08-01 05:30:00,0.00551068889559032
2018-08-01 06:00:00,0.0056932109922583005
2018-08-01 06:30:00,0.00615952892210328
2018-08-01 07:00:00,0.0068668174746055344
2018-08-01 07:30:00,0.007918103979314764
2018-08-01 08:00:00,0.00887641333833862
2018-08-01 08:30:00,0.009931126123252008
2018-08-01 09:00:00,0.010845013580320091
2018-08-01 09:30:00,0.011605727910360058
2018-08-01 10:00:00,0.012109319233633372
2018-08-01 10:30:00,0.01240021034485032
2018-08-01 11:00:00,0.012435949762846732
2018-08-01 11:30:00,0.012339248714923375
2018-08-01 12:00:00,0.012211997496170773
2018-08-01 12:30:00,0.011793728841438464
2018-08-01 13:00:00,0.011405526707781149
2018-08-01 13:30:00,0.010763139399251609
2018-08-01 14:00:00,0.010162055377995714
2018-08-01 14:30:00,0.009393299896515469
2018-08-01 15:00:00,0.008711111583359202
2018-08-01 15:30:00,0.008178937385407476
2018-08-01 16:00:00,0.007583383308757543
2018-08-01 16:30:00,0.007196506134383163
2018-08-01 17:00:00,0.006821048964070027
2018-08-01 17:30:00,0.0065939655841488415
2018-08-01 18:00:00,0.0063853305297408135
2018-08-01 18:30:00,0.006206063973977495
2018-08-01 19:00:00,0.006087918293226335
2018-08-01 19:30:00,0.006007726842809532
2018-08-01 20:00:00,0.005935900948502049
2018-08-01 20:30:00,0.005899669957555132
2018-08-01 21:00:00,0.0058437739282961145
2018-08-01 21:30:00,0.005793286987001652
2018-08-01 22:00:00,0.005754044846696407
2018-08-01 22:30:00,0.005703714137440696
2018-08-01 23:00:00,0.00566271885047202
2018-08-01 23:30:00,0.005645023117008396
2018-08-02 00:00:00,0.005599786353376214
2018-08-02 00:30:00,0.005554087031315011
2018-08-02 01:00:00,0.005519518460854735
2018-08-02 01:30:00,0.005476699499616562
2018-08-02 02:00:00,0.005429745299501236
2018-08-02 02:30:00,0.005392043941881031
2018-08-02 03:00:00,0.005328919390971873
2018-08-02 03:30:00,0.0053194008424165586
2018-08-02 04:00:00,0.0054146768309578635
2018-08-02 04:30:00,0.005461744299301285
2018-08-02 05:00:00,0.005424022408327415
2018-08-02 05:30:00,0.005542242857268551
2018-08-02 06:00:00,0.005714899235472247
2018-08-02 06:30:00,0.006184882257352048
2018-08-02 07:00:00,0.006908111387956856
2018-08-02 07:30:00,0.007967389384636907
2018-08-02 08:00:00,0.00895375087578467
2018-08-02 08:30:00,0.009994569275925909
2018-08-02 09:00:00,0.010898231904029203
2018-08-02 09:30:00,0.011665344270839028
2018-08-02 10:00:00,0.012186837777055745
2018-08-02 10:30:00,0.01248219232602554
2018-08-02 11:00:00,0.012514426678232538
2018-08-02 11:30:00,0.012407268573578222
2018-08-02 12:00:00,0.012282285062868114
2018-08-02 12:30:00,0.011918539604151438
2018-08-02 13:00:00,0.011530417706805452
2018-08-02 13:30:00,0.01082669135638107
2018-08-02 14:00:00,0.010190973370397252
2018-08-02 14:30:00,0.009418925521888919
2018-08-02 15:00:00,0.00872554574982524
2018-08-02 15:30:00,0.008190573994031022
2018-08-02 16:00:00,0.007623003642190884
2018-08-02 16:30:00,0.007253152412211131
2018-08-02 17:00:00,0.006881871659076793
2018-08-02 17:30:00,0.006646791430657744
2018-08-02 18:00:00,0.006429564618467144
2018-08-02 18:30:00,0.006247356325008429
2018-08-02 19:00:00,0.006125769968386683
2018-08-02 19:30:00,0.006042554646859824
2018-08-02 20:00:00,0.005974157599425705
2018-08-02 20:30:00,0.0059201888039590155
2018-08-02 21:00:00,0.005842300213793424
2018-08-02 21:30:00,0.005778381780938776
2018-08-02 22:00:00,0.005737328576521448
2018-08-02 22:30:00,0.005690825440620863
2018-08-02 23:00:00,0.005647749812461883
2018-08-02 23:30:00,0.005634036991637628
2018-08-03 00:00:00,0.005578386581462393
2018-08-03 00:30:00,0.005532610259324947
2018-08-03 01:00:00,0.0054940857820491434
2018-08-03 01:30:00,0.005465134869325157
2018-08-03 02:00:00,0.005409919230594907
2018-08-03 02:30:00,0.005395378491559578
2018-08-03 03:00:00,0.005356529386426109
2018-08-03 03:30:00,0.005333778430565705
2018-08-03 04:00:00,0.005417399509016067
2018-08-03 04:30:00,0.005444952702964785
2018-08-03 05:00:00,0.00542625496416119
2018-08-03 05:30:00,0.005563298918697116
2018-08-03 06:00:00,0.005748331441039225
2018-08-03 06:30:00,0.006177511899329582
2018-08-03 07:00:00,0.006900038543731569
2018-08-03 07:30:00,0.007957209416586102
2018-08-03 08:00:00,0.00894441690422371
2018-08-03 08:30:00,0.010013039139141552
2018-08-03 09:00:00,0.010949096480480192
2018-08-03 09:30:00,0.011740187117409137
2018-08-03 10:00:00,0.012281813465299708
2018-08-03 10:30:00,0.012588178020823335
2018-08-03 11:00:00,0.012628603842010758
2018-08-03 11:30:00,0.012480540841781613
2018-08-03 12:00:00,0.01232087337209118
2018-08-03 12:30:00,0.01193491093630369
2018-08-03 13:00:00,0.011521824721485434
2018-08-03 13:30:00,0.010842073962916648
2018-08-03 14:00:00,0.010223670727410525
2018-08-03 14:30:00,0.009478254861793836
2018-08-03 15:00:00,0.008794131056866054
2018-08-03 15:30:00,0.00827168899898548
2018-08-03 16:00:00,0.00769890752749275
2018-08-03 16:30:00,0.0073295891603594576
2018-08-03 17:00:00,0.0069610325360093955
2018-08-03 17:30:00,0.006731964004847233
2018-08-03 18:00:00,0.0065184051861436046
2018-08-03 18:30:00,0.006332521757161862
2018-08-03 19:00:00,0.006205038422237399
2018-08-03 19:30:00,0.006115470594420546
2018-08-03 20:00:00,0.006041268968775203
2018-08-03 20:30:00,0.00598285503702306
2018-08-03 21:00:00,0.005905969679734889
2018-08-03 21:30:00,0.0058399959028161376
2018-08-03 22:00:00,0.005812320289905626
2018-08-03 22:30:00,0.005744624054759626
2018-08-03 23:00:00,0.005705802067044311
2018-08-03 23:30:00,0.005685009256601044
2018-08-04 00:00:00,0.005990421019876908
2018-08-04 00:30:00,0.006348784954424437
2018-08-04 01:00:00,0.0064821207415205724
2018-08-04 01:30:00,0.006582998429811351
2018-08-04 02:00:00,0.006623570885926574
2018-08-04 02:30:00,0.006618757153623981
2018-08-04 03:00:00,0.0065976315689381705
2018-08-04 03:30:00,0.00657407891953034
2018-08-04 04:00:00,0.00664174826044681
2018-08-04 04:30:00,0.006662131742948545
2018-08-04 05:00:00,0.006594183416248588
2018-08-04 05:30:00,0.006633057518508258
2018-08-04 06:00:00,0.006592800316328374
2018-08-04 06:30:00,0.006745741103996001
2018-08-04 07:00:00,0.006978743111516702
2018-08-04 07:30:00,0.007296539165315857
2018-08-04 08:00:00,0.007679824118742063
2018-08-04 08:30:00,0.008129923600644136
2018-08-04 09:00:00,0.008610241260293108
2018-08-04 09:30:00,0.009094910093815651
2018-08-04 10:00:00,0.00951117797410311
2018-08-04 10:30:00,0.009798984618497824
2018-08-04 11:00:00,0.009943933467817377
2018-08-04 11:30:00,0.009966480429272897
2018-08-04 12:00:00,0.009896114634961869
2018-08-04 12:30:00,0.009780152631735217
2018-08-04 13:00:00,0.009594757539468889
2018-08-04 13:30:00,0.009336741889789394
2018-08-04 14:00:00,0.009049630366372812
2018-08-04 14:30:00,0.008754871284659292
2018-08-04 15:00:00,0.008441257897320484
2018-08-04 15:30:00,0.008221621540715068
2018-08-04 16:00:00,0.008000776282912646
2018-08-04 16:30:00,0.00784679086087733
2018-08-04 17:00:00,0.007685831463820727
2018-08-04 17:30:00,0.007543550722940126
2018-08-04 18:00:00,0.0074142083383488214
2018-08-04 18:30:00,0.007279308891733401
2018-08-04 19:00:00,0.007204422188598129
2018-08-04 19:30:00,0.00712777329966004
2018-08-04 20:00:00,0.007074226553886608
2018-08-04 20:30:00,0.00704453432013874
2018-08-04 21:00:00,0.006971373088277177
2018-08-04 21:30:00,0.0069388832966868165
2018-08-04 22:00:00,0.0069051117328128055
2018-08-04 22:30:00,0.0068713073602106566
2018-08-04 23:00:00,0.0067810092592069495
2018-08-04 23:30:00,0.006665549095607631
2018-08-05 00:00:00,0.0062431377251791695
2018-08-05 00:30:00,0.005724384640516483
2018-08-05 01:00:00,0.0055880127069358205
2018-08-05 01:30:00,0.00537082662666961
2018-08-05 02:00:00,0.005350172527957893
2018-08-05 02:30:00,0.005306298888863827
2018-08-05 03:00:00,0.005279846461222435
2018-08-05 03:30:00,0.005230227946874809
2018-08-05 04:00:00,0.005202509593342267
2018-08-05 04:30:00,0.005181880045379496
2018-08-05 05:00:00,0.005150171190794273
2018-08-05 05:30:00,0.00512696961709638
2018-08-05 06:00:00,0.005231371788587104
2018-08-05 06:30:00,0.005368083638446368
2018-08-05 07:00:00,0.005537873716710521
2018-08-05 07:30:00,0.005837011647687336
2018-08-05 08:00:00,0.006057911809891948
2018-08-05 08:30:00,0.006378413802602297
2018-08-05 09:00:00,0.006689358858313524
2018-08-05 09:30:00,0.006973598278886266
2018-08-05 10:00:00,0.00731109318407448
2018-08-05 10:30:00,0.007653180418447511
2018-08-05 11:00:00,0.007874968201820865
2018-08-05 11:30:00,0.008037740783281507
2018-08-05 12:00:00,0.008075499054001543
2018-08-05 12:30:00,0.008110962276072303
2018-08-05 13:00:00,0.008051803117495312
2018-08-05 13:30:00,0.007898752632617618
2018-08-05 14:00:00,0.007697622072596756
2018-08-05 14:30:00,0.0074548324626311484
2018-08-05 15:00:00,0.007134751850048178
2018-08-05 15:30:00,0.006884267477391063
2018-08-05 16:00:00,0.006653245487772926
2018-08-05 16:30:00,0.006440508672781762
2018-08-05 17:00:00,0.006264303595412115
2018-08-05 17:30:00,0.00614048881194619
2018-08-05 18:00:00,0.005990656037500918
2018-08-05 18:30:00,0.005885678039353077
2018-08-05 19:00:00,0.005841007616861373
2018-08-05 19:30:00,0.005783278093033282
2018-08-05 20:00:00,0.0057274448913727065
2018-08-05 20:30:00,0.005707804738592493
2018-08-05 21:00:00,0.005637624190841701
2018-08-05 21:30:00,0.005567591505556157
2018-08-05 22:00:00,0.005539510805288022
2018-08-05 22:30:00,0.005473114643893071
2018-08-05 23:00:00,0.005432167342479154
2018-08-05 23:30:00,0.005386311899973512
2018-08-06 00:00:00,0.0054142756494012095
2018-08-06 00:30:00,0.00544451503006765
2018-08-06 01:00:00,0.005465994480321236
2018-08-06 01:30:00,0.005440720042252037
2018-08-06 02:00:00,0.0054040048435793015
2018-08-06 02:30:00,0.005383953912131482
2018-08-06 03:00:00,0.005331800979332351
2018-08-06 03:30:00,0.005311354446043547
2018-08-06 04:00:00,0.005377403102746587
2018-08-06 04:30:00,0.005417805712316823
2018-08-06 05:00:00,0.00540815994624424
2018-08-06 05:30:00,0.005518117171061438
2018-08-06 06:00:00,0.005677864765468889
2018-08-06 06:30:00,0.006109803835186363
2018-08-06 07:00:00,0.006813786294559986
2018-08-06 07:30:00,0.007843291597992214
2018-08-06 08:00:00,0.008802108822736328
2018-08-06 08:30:00,0.009854044359972263
2018-08-06 09:00:00,0.010759825048143786
2018-08-06 09:30:00,0.01150589563759716
2018-08-06 10:00:00,0.012018929848481307
2018-08-06 10:30:00,0.012338211557374686
2018-08-06 11:00:00,0.012409178063874718
2018-08-06 11:30:00,0.012291820350570436
2018-08-06 12:00:00,0.012151321659280435
2018-08-06 12:30:00,0.011792290948710375
2018-08-06 13:00:00,0.011412297246369116
2018-08-06 13:30:00,0.010739529278772378
2018-08-06 14:00:00,0.010094623956155402
2018-08-06 14:30:00,0.009348568320340023
2018-08-06 15:00:00,0.008666226007031274
2018-08-06 15:30:00,0.008147993956217826
2018-08-06 16:00:00,0.007592043697042852
2018-08-06 16:30:00,0.007221322143012934
2018-08-06 17:00:00,0.0068464511776280615
2018-08-06 17:30:00,0.00661169925967902
2018-08-06 18:00:00,0.006402423542317793
2018-08-06 18:30:00,0.0062370917684680715
2018-08-06 19:00:00,0.006118571911984098
2018-08-06 19:30:00,0.0060232678016758166
2018-08-06 20:00:00,0.005942722820474179
2018-08-06 20:30:00,0.005875579646745364
2018-08-06 21:00:00,0.0057861644799492365
2018-08-06 21:30:00,0.005744638785208995
2018-08-06 22:00:00,0.005682788418170177
2018-08-06 22:30:00,0.005625107884245665
2018-08-06 23:00:00,0.00559435394220016
2018-08-06 23:30:00,0.005528899748404574
2018-08-07 00:00:00,0.005481526400048137
2018-08-07 00:30:00,0.005431660146324775
2018-08-07 01:00:00,0.005402677540815784
2018-08-07 01:30:00,0.005341674955775826
2018-08-07 02:00:00,0.0053130945361723105
2018-08-07 02:30:00,0.005270984645201447
2018-08-07 03:00:00,0.005229748760893093
2018-08-07 03:30:00,0.005208599964590096
2018-08-07 04:00:00,0.005304554558151155
2018-08-07 04:30:00,0.005347504531113252
2018-08-07 05:00:00,0.005330782458033997
2018-08-07 05:30:00,0.005469818817441272
2018-08-07 06:00:00,0.00566733550721716
2018-08-07 06:30:00,0.006103163080784872
2018-08-07 07:00:00,0.006810412910060378
2018-08-07 07:30:00,0.007862663701231652
2018-08-07 08:00:00,0.008821202498163847
2018-08-07 08:30:00,0.009852581358523658
2018-08-07 09:00:00,0.010741520902483533
2018-08-07 09:30:00,0.011515148033715027
2018-08-07 10:00:00,0.012030610090481392
2018-08-07 10:30:00,0.0122961314620855
2018-08-07 11:00:00,0.012328056251667142
2018-08-07 11:30:00,0.012240438534476861
2018-08-07 12:00:00,0.012118938105476429
2018-08-07 12:30:00,0.011732300524092906
2018-08-07 13:00:00,0.011340665191384002
2018-08-07 13:30:00,0.010663561784711877
2018-08-07 14:00:00,0.01003994073389436
2018-08-07 14:30:00,0.009337717335682776
2018-08-07 15:00:00,0.008668584776033498
2018-08-07 15:30:00,0.008173273639219755
2018-08-07 16:00:00,0.007615351062149842
2018-08-07 16:30:00,0.007248526604732295
2018-08-07 17:00:00,0.006897609247123281
2018-08-07 17:30:00,0.006661894158655328
2018-08-07 18:00:00,0.006458057101751706
2018-08-07 18:30:00,0.006292006325740783
2018-08-07 19:00:00,0.006189848873863993
2018-08-07 19:30:00,0.006107208151456801
2018-08-07 20:00:00,0.006044175777450507
2018-08-07 20:30:00,0.00598618110553379
2018-08-07 21:00:00,0.005898439295467014
2018-08-07 21:30:00,0.005868179493041222
2018-08-07 22:00:00,0.005803843809048791
2018-08-07 22:30:00,0.005749792322195874
2018-08-07 23:00:00,0.005722151638305455
2018-08-07 23:30:00,0.005659264671689514
2018-08-08 00:00:00,0.005597287198727739
2018-08-08 00:30:00,0.005567503234454261
2018-08-08 01:00:00,0.005534042795525995
2018-08-08 01:30:00,0.005500084757554302
2018-08-08 02:00:00,0.00546651272431264
2018-08-08 02:30:00,0.005462855778662696
2018-08-08 03:00:00,0.005435881759200496
2018-08-08 03:30:00,0.005402386391252138
2018-08-08 04:00:00,0.005445823138609264
2018-08-08 04:30:00,0.005499076279744154
2018-08-08 05:00:00,0.005494237885098299
2018-08-08 05:30:00,0.005598172030038645
2018-08-08 06:00:00,0.005811146875700279
2018-08-08 06:30:00,0.006254469904515775
2018-08-08 07:00:00,0.006988078756992361
2018-08-08 07:30:00,0.008064917681205458
2018-08-08 08:00:00,0.009044893076174895
2018-08-08 08:30:00,0.010098128129190309
2018-08-08 09:00:00,0.010997792556233298
2018-08-08 09:30:00,0.011767819766508992
2018-08-08 10:00:00,0.012283826515119032
2018-08-08 10:30:00,0.01259639125069487
2018-08-08 11:00:00,0.012645864804029395
2018-08-08 11:30:00,0.01248695003798281
2018-08-08 12:00:00,0.012320237284504829
2018-08-08 12:30:00,0.01190162447291001
2018-08-08 13:00:00,0.011492411138738112
2018-08-08 13:30:00,0.010822642156719544
2018-08-08 14:00:00,0.01019845030098901
2018-08-08 14:30:00,0.009476537202122066
2018-08-08 15:00:00,0.00878346755065531
2018-08-08 15:30:00,0.008253174832827417
2018-08-08 16:00:00,0.007679743436053479
2018-08-08 16:30:00,0.007310284794868249
2018-08-08 17:00:00,0.006962142229861794
2018-08-08 17:30:00,0.006709099445975792
2018-08-08 18:00:00,0.006473859860877215
2018-08-08 18:30:00,0.006302726075485477
2018-08-08 19:00:00,0.00617976164068762
2018-08-08 19:30:00,0.006089433074436355
2018-08-08 20:00:00,0.00603181291303539
2018-08-08 20:30:00,0.005964166560547478
2018-08-08 21:00:00,0.0058812564494677535
2018-08-08 21:30:00,0.005829342328499285
2018-08-08 22:00:00,0.005785357541469079
2018-08-08 22:30:00,0.005729946389501762
2018-08-08 23:00:00,0.005707969117016123
2018-08-08 23:30:00,0.005662212100694895
2018-08-09 00:00:00,0.005608944563893577
2018-08-09 00:30:00,0.005564281841409497
2018-08-09 01:00:00,0.00553347355293337
2018-08-09 01:30:00,0.005476544718303884
2018-08-09 02:00:00,0.005436805425332465
2018-08-09 02:30:00,0.005399597872549031
2018-08-09 03:00:00,0.005376345635032859
2018-08-09 03:30:00,0.005348363695732078
2018-08-09 04:00:00,0.00542340618452885
2018-08-09 04:30:00,0.005465370779703674
2018-08-09 05:00:00,0.005463142129670867
2018-08-09 05:30:00,0.005581196637867984
2018-08-09 06:00:00,0.005756127866150232
2018-08-09 06:30:00,0.006199090668522088
2018-08-09 07:00:00,0.006906540809590139
2018-08-09 07:30:00,0.007961844821175892
2018-08-09 08:00:00,0.00892814634173645
2018-08-09 08:30:00,0.00997506638415117
2018-08-09 09:00:00,0.010869988164469196
2018-08-09 09:30:00,0.011621961981506838
2018-08-09 10:00:00,0.012140290672995685
2018-08-09 10:30:00,0.012460353765271453
2018-08-09 11:00:00,0.012533890511997589
2018-08-09 11:30:00,0.012426423291095168
2018-08-09 12:00:00,0.01230264689607305
2018-08-09 12:30:00,0.011936108566475045
2018-08-09 13:00:00,0.011557545168448568
2018-08-09 13:30:00,0.010867492915621692
2018-08-09 14:00:00,0.010227837993855623
2018-08-09 14:30:00,0.009502825251339829
2018-08-09 15:00:00,0.00879534297110952
2018-08-09 15:30:00,0.008240063505352363
2018-08-09 16:00:00,0.007648882809844369
2018-08-09 16:30:00,0.007277696688687788
2018-08-09 17:00:00,0.006919853564800873
2018-08-09 17:30:00,0.006690799987276704
2018-08-09 18:00:00,0.006482201535803469
2018-08-09 18:30:00,0.006319227638201464
2018-08-09 19:00:00,0.006215366699130705
2018-08-09 19:30:00,0.006110847018827977
2018-08-09 20:00:00,0.006037540267981746
2018-08-09 20:30:00,0.005983801691583589
2018-08-09 21:00:00,0.005888755475733564
2018-08-09 21:30:00,0.005844394169489962
2018-08-09 22:00:00,0.005779215390459834
2018-08-09 22:30:00,0.005723767635557724
2018-08-09 23:00:00,0.005660660046984201
2018-08-09 23:30:00,0.005616459101768949
2018-08-10 00:00:00,0.005542777728812651
2018-08-10 00:30:00,0.0055544107664181695
2018-08-10 01:00:00,0.005527333968593333
2018-08-10 01:30:00,0.005493943052922312
2018-08-10 02:00:00,0.00548581151008818
2018-08-10 02:30:00,0.005453848108874103
2018-08-10 03:00:00,0.0054026551103587925
2018-08-10 03:30:00,0.005384584866379416
2018-08-10 04:00:00,0.0054431421968242685
2018-08-10 04:30:00,0.005458863492101001
2018-08-10 05:00:00,0.005472005061634987
2018-08-10 05:30:00,0.005567717718724606
2018-08-10 06:00:00,0.0057482249800642465
2018-08-10 06:30:00,0.006206991322721807
2018-08-10 07:00:00,0.006907706300599233
2018-08-10 07:30:00,0.007951518441385913
2018-08-10 08:00:00,0.008934078583842198
2018-08-10 08:30:00,0.01000218502984353
2018-08-10 09:00:00,0.010942422247784682
2018-08-10 09:30:00,0.01171793443015804
2018-08-10 10:00:00,0.012245971268940658
2018-08-10 10:30:00,0.012565905023407199
2018-08-10 11:00:00,0.012622396073545237
2018-08-10 11:30:00,0.012512165442660223
2018-08-10 12:00:00,0.012370679030102368
2018-08-10 12:30:00,0.01198999801838491
2018-08-10 13:00:00,0.011585476555525382
2018-08-10 13:30:00,0.010882800753967296
2018-08-10 14:00:00,0.010213817730697967
2018-08-10 14:30:00,0.00942424801266628
2018-08-10 15:00:00,0.008718003313371518
2018-08-10 15:30:00,0.00819088656970284
2018-08-10 16:00:00,0.007628203602412138
2018-08-10 16:30:00,0.007232418411971022
2018-08-10 17:00:00,0.006844991970386113
2018-08-10 17:30:00,0.006588329178567902
2018-08-10 18:00:00,0.006379154342465984
2018-08-10 18:30:00,0.006227362418254755
2018-08-10 19:00:00,0.006128346681082966
2018-08-10 19:30:00,0.006043315050511295
2018-08-10 20:00:00,0.005988042610275527
2018-08-10 20:30:00,0.005910601066929396
2018-08-10 21:00:00,0.005829280840032605
2018-08-10 21:30:00,0.005786421928030238
2018-08-10 22:00:00,0.005728833347819963
2018-08-10 22:30:00,0.005673768361412796
2018-08-10 23:00:00,0.0056259825604740524
2018-08-10 23:30:00,0.005589604041844828
2018-08-11 00:00:00,0.005907008399603966
2018-08-11 00:30:00,0.006302560023147145
2018-08-11 01:00:00,0.006426409289255908
2018-08-11 01:30:00,0.006544703725226826
2018-08-11 02:00:00,0.006569046685562119
2018-08-11 02:30:00,0.0065601522840016205
2018-08-11 03:00:00,0.006551573805942344
2018-08-11 03:30:00,0.006541907506516094
2018-08-11 04:00:00,0.006601028723026531
2018-08-11 04:30:00,0.006642266616032529
2018-08-11 05:00:00,0.006605457789730854
2018-08-11 05:30:00,0.0066451127174013466
2018-08-11 06:00:00,0.006591500130983013
2018-08-11 06:30:00,0.006679296064291785
2018-08-11 07:00:00,0.006875109936439581
2018-08-11 07:30:00,0.0071857582628714915
2018-08-11 08:00:00,0.007561600991537406
2018-08-11 08:30:00,0.007970645148730198
2018-08-11 09:00:00,0.008437405550027786
2018-08-11 09:30:00,0.008918626900426628
2018-08-11 10:00:00,0.0093232111908846
2018-08-11 10:30:00,0.009599897573543847
2018-08-11 11:00:00,0.009739375623243538
2018-08-11 11:30:00,0.00976487436588266
2018-08-11 12:00:00,0.009682045160680147
2018-08-11 12:30:00,0.009520842153237404
2018-08-11 13:00:00,0.009296178249624927
2018-08-11 13:30:00,0.009041283446513828
2018-08-11 14:00:00,0.008749968500094608
2018-08-11 14:30:00,0.008486202283851572
2018-08-11 15:00:00,0.008200893678162197
2018-08-11 15:30:00,0.008013301963431007
2018-08-11 16:00:00,0.007839380552090668
2018-08-11 16:30:00,0.0076628114540707275
2018-08-11 17:00:00,0.007483118161652988
2018-08-11 17:30:00,0.007325942258197719
2018-08-11 18:00:00,0.007193481816895853
2018-08-11 18:30:00,0.007077119301678425
2018-08-11 19:00:00,0.007045235355615485
2018-08-11 19:30:00,0.0069990829606419
2018-08-11 20:00:00,0.006952652807422275
2018-08-11 20:30:00,0.006919143043807488
2018-08-11 21:00:00,0.006853244481455963
2018-08-11 21:30:00,0.006819688517795432
2018-08-11 22:00:00,0.006768953613936606
2018-08-11 22:30:00,0.006756598449529113
2018-08-11 23:00:00,0.00666713317688627
2018-08-11 23:30:00,0.006548063383625886
2018-08-12 00:00:00,0.006134035201208261
2018-08-12 00:30:00,0.005589122400788217
2018-08-12 01:00:00,0.005483468475884145
2018-08-12 01:30:00,0.00527821617989805
2018-08-12 02:00:00,0.005240770484849833
2018-08-12 02:30:00,0.005209777396190723
2018-08-12 03:00:00,0.005167216329410806
2018-08-12 03:30:00,0.005116635760487405
2018-08-12 04:00:00,0.0050739480341617845
2018-08-12 04:30:00,0.00504377627964926
2018-08-12 05:00:00,0.005026349042103664
2018-08-12 05:30:00,0.005010511130769434
2018-08-12 06:00:00,0.0051238440835668225
2018-08-12 06:30:00,0.005255312897799863
2018-08-12 07:00:00,0.005392328061002934
2018-08-12 07:30:00,0.005664555358087556
2018-08-12 08:00:00,0.005867421432870332
2018-08-12 08:30:00,0.006159743517967938
2018-08-12 09:00:00,0.006474766564673548
2018-08-12 09:30:00,0.006759396565343171
2018-08-12 10:00:00,0.007087036465121185
2018-08-12 10:30:00,0.007463590272752049
2018-08-12 11:00:00,0.007667717474870498
2018-08-12 11:30:00,0.007842559427702029
2018-08-12 12:00:00,0.007931939888666693
2018-08-12 12:30:00,0.00793377572671635
2018-08-12 13:00:00,0.007845964616580957
2018-08-12 13:30:00,0.007735563804368014
2018-08-12 14:00:00,0.007540957271096833
2018-08-12 14:30:00,0.007310781389562855
2018-08-12 15:00:00,0.00703147220575589
2018-08-12 15:30:00,0.006787101192775166
2018-08-12 16:00:00,0.006547697019495011
2018-08-12 16:30:00,0.0063602366512706884
2018-08-12 17:00:00,0.006188865393180045
2018-08-12 17:30:00,0.006073730973381527
2018-08-12 18:00:00,0.005966049714586015
2018-08-12 18:30:00,0.005844605863902471
2018-08-12 19:00:00,0.005821409088760056
2018-08-12 19:30:00,0.005770514939816018
2018-08-12 20:00:00,0.005706319306686896
2018-08-12 20:30:00,0.0056712651893690395
2018-08-12 21:00:00,0.005596957102748719
2018-08-12 21:30:00,0.005531786693292094
2018-08-12 22:00:00,0.005482206902171218
2018-08-12 22:30:00,0.0054299636895725496
2018-08-12 23:00:00,0.005385025663917324
2018-08-12 23:30:00,0.005347237709109925
2018-08-13 00:00:00,0.0053887194356906885
2018-08-13 00:30:00,0.005413655631395987
2018-08-13 01:00:00,0.00543463268405067
2018-08-13 01:30:00,0.005400325467472365
2018-08-13 02:00:00,0.005351257894249969
2018-08-13 02:30:00,0.005342324434679784
2018-08-13 03:00:00,0.005306560912311678
2018-08-13 03:30:00,0.005273865340807418
2018-08-13 04:00:00,0.0053578540109261025
2018-08-13 04:30:00,0.005412102684930788
2018-08-13 05:00:00,0.005413553968976486
2018-08-13 05:30:00,0.005521757154375746
2018-08-13 06:00:00,0.005693128300872076
2018-08-13 06:30:00,0.006129046712210892
2018-08-13 07:00:00,0.006809273420526305
2018-08-13 07:30:00,0.007859931091279556
2018-08-13 08:00:00,0.008819112448268277
2018-08-13 08:30:00,0.00989559985039418
2018-08-13 09:00:00,0.010819040896631982
2018-08-13 09:30:00,0.011594190732269749
2018-08-13 10:00:00,0.012125701613622655
2018-08-13 10:30:00,0.012461465914198742
2018-08-13 11:00:00,0.012529051336191541
2018-08-13 11:30:00,0.012422179024573826
2018-08-13 12:00:00,0.012285479784871977
2018-08-13 12:30:00,0.011841987579077376
2018-08-13 13:00:00,0.011436557515318184
2018-08-13 13:30:00,0.010781020156086842
2018-08-13 14:00:00,0.010178375265169497
2018-08-13 14:30:00,0.009446015487842735
2018-08-13 15:00:00,0.008752526353351928
2018-08-13 15:30:00,0.008228504008399373
2018-08-13 16:00:00,0.0076626885887316806
2018-08-13 16:30:00,0.007291013796076745
2018-08-13 17:00:00,0.006919367459971725
2018-08-13 17:30:00,0.006669832531732974
2018-08-13 18:00:00,0.006464813021484621
2018-08-13 18:30:00,0.006292046946070858
2018-08-13 19:00:00,0.0061974377335520855
2018-08-13 19:30:00,0.006089869296607414
2018-08-13 20:00:00,0.0060142717376958175
2018-08-13 20:30:00,0.005942529315934753
2018-08-13 21:00:00,0.0058808275925213765
2018-08-13 21:30:00,0.005838864001695375
2018-08-13 22:00:00,0.005774845245552985
2018-08-13 22:30:00,0.005730962790508161
2018-08-13 23:00:00,0.005685721116726189
2018-08-13 23:30:00,0.005646228335593059
2018-08-14 00:00:00,0.005620344592572725
2018-08-14 00:30:00,0.0055784715047348865
2018-08-14 01:00:00,0.005533670851679451
2018-08-14 01:30:00,0.005497298470737462
2018-08-14 02:00:00,0.0054607138374114
2018-08-14 02:30:00,0.00543991343855482
2018-08-14 03:00:00,0.005421853684440903
2018-08-14 03:30:00,0.0053832111403815264
2018-08-14 04:00:00,0.005471650080124079
2018-08-14 04:30:00,0.005509709097518714
2018-08-14 05:00:00,0.005490087246205899
2018-08-14 05:30:00,0.005610031715694668
2018-08-14 06:00:00,0.005777673603425973
2018-08-14 06:30:00,0.006214482091008425
2018-08-14 07:00:00,0.006900310052696058
2018-08-14 07:30:00,0.007950610175269194
2018-08-14 08:00:00,0.008914181317763923
2018-08-14 08:30:00,0.009976724229270963
2018-08-14 09:00:00,0.010878227619004383
2018-08-14 09:30:00,0.01164475333450869
2018-08-14 10:00:00,0.012173551246508662
2018-08-14 10:30:00,0.012470727126267369
2018-08-14 11:00:00,0.012504114694108988
2018-08-14 11:30:00,0.012370444682044237
2018-08-14 12:00:00,0.012221974139382575
2018-08-14 12:30:00,0.01179986876056144
2018-08-14 13:00:00,0.01139551368482318
2018-08-14 13:30:00,0.01069540667276513
2018-08-14 14:00:00,0.010068573379636545
2018-08-14 14:30:00,0.009357217549193993
2018-08-14 15:00:00,0.008676550824500865
2018-08-14 15:30:00,0.008114588421691752
2018-08-14 16:00:00,0.007534750841763075
2018-08-14 16:30:00,0.007179582410379602
2018-08-14 17:00:00,0.006815083132075946
2018-08-14 17:30:00,0.0065699120994624945
2018-08-14 18:00:00,0.006355197833237977
2018-08-14 18:30:00,0.0061829729902441784
2018-08-14 19:00:00,0.006094225045847837
2018-08-14 19:30:00,0.005978678619844266
2018-08-14 20:00:00,0.005895833456654936
2018-08-14 20:30:00,0.0058154173668852685
2018-08-14 21:00:00,0.00573468925941535
2018-08-14 21:30:00,0.005682909274811583
2018-08-14 22:00:00,0.005640740127260308
2018-08-14 22:30:00,0.00558978192318038
2018-08-14 23:00:00,0.0055432879380134924
2018-08-14 23:30:00,0.005509130034626509
2018-08-15 00:00:00,0.005476430110944027
2018-08-15 00:30:00,0.005447867100053402
2018-08-15 01:00:00,0.005419393476207804
2018-08-15 01:30:00,0.005377951477202608
2018-08-15 02:00:00,0.005347049003125975
2018-08-15 02:30:00,0.005325291236654784
2018-08-15 03:00:00,0.005292010464571083
2018-08-15 03:30:00,0.0052661352027185675
2018-08-15 04:00:00,0.005358083225645816
2018-08-15 04:30:00,0.005424288225981922
2018-08-15 05:00:00,0.005408342291352327
2018-08-15 05:30:00,0.0055335929588487005
2018-08-15 06:00:00,0.005682888741457918
2018-08-15 06:30:00,0.006118924996391679
2018-08-15 07:00:00,0.006803814896280916
2018-08-15 07:30:00,0.007830529672312396
2018-08-15 08:00:00,0.00877892744760916
2018-08-15 08:30:00,0.009825774842125864
2018-08-15 09:00:00,0.010719605453247516
2018-08-15 09:30:00,0.01147455180801105
2018-08-15 10:00:00,0.011975515754769801
2018-08-15 10:30:00,0.012261093079565832
2018-08-15 11:00:00,0.012308470891694803
2018-08-15 11:30:00,0.012138565313316287
2018-08-15 12:00:00,0.01197632113092957
2018-08-15 12:30:00,0.011625039864264575
2018-08-15 13:00:00,0.011245987125173863
2018-08-15 13:30:00,0.010548456156246215
2018-08-15 14:00:00,0.009926410147567948
2018-08-15 14:30:00,0.009221643068576847
2018-08-15 15:00:00,0.008548997854724844
2018-08-15 15:30:00,0.008058978966629531
2018-08-15 16:00:00,0.007508122541483772
2018-08-15 16:30:00,0.007114646795358361
2018-08-15 17:00:00,0.006712506531958046
2018-08-15 17:30:00,0.006450677481401228
2018-08-15 18:00:00,0.006232191773761223
2018-08-15 18:30:00,0.0060734266556889
2018-08-15 19:00:00,0.00599149143253099
2018-08-15 19:30:00,0.005907222883874311
2018-08-15 20:00:00,0.005847341263712403
2018-08-15 20:30:00,0.005785895426059642
2018-08-15 21:00:00,0.005747599717126295
2018-08-15 21:30:00,0.0056767576382857005
2018-08-15 22:00:00,0.005649624150549659
2018-08-15 22:30:00,0.005605445301008459
2018-08-15 23:00:00,0.005549191277192072
2018-08-15 23:30:00,0.005527151065513679
2018-08-16 00:00:00,0.005473300225236247
2018-08-16 00:30:00,0.00544333748687271
2018-08-16 01:00:00,0.005414532204727703
2018-08-16 01:30:00,0.005361424470983166
2018-08-16 02:00:00,0.005327785927530722
2018-08-16 02:30:00,0.005305322103838683
2018-08-16 03:00:00,0.005273081279161507
2018-08-16 03:30:00,0.0052450670891041554
2018-08-16 04:00:00,0.005339703195852455
2018-08-16 04:30:00,0.0054100176567793215
2018-08-16 05:00:00,0.005388851451763436
2018-08-16 05:30:00,0.005482587438779893
2018-08-16 06:00:00,0.005657152972497146
2018-08-16 06:30:00,0.0061146750385603545
2018-08-16 07:00:00,0.006812787860238044
2018-08-16 07:30:00,0.007844478738298105
2018-08-16 08:00:00,0.008812932132003853
2018-08-16 08:30:00,0.009869683633428649
2018-08-16 09:00:00,0.01076931402420605
2018-08-16 09:30:00,0.011524492383547132
2018-08-16 10:00:00,0.012032430751704425
2018-08-16 10:30:00,0.01234214269025264
2018-08-16 11:00:00,0.012430053677298523
2018-08-16 11:30:00,0.012319992223392615
2018-08-16 12:00:00,0.012191465928015167
2018-08-16 12:30:00,0.011799222852675512
2018-08-16 13:00:00,0.011384198133039272
2018-08-16 13:30:00,0.01070409473644016
2018-08-16 14:00:00,0.010100594475110646
2018-08-16 14:30:00,0.009399227116877113
2018-08-16 15:00:00,0.008710301966615524
2018-08-16 15:30:00,0.008209686863680444
2018-08-16 16:00:00,0.007626849182230465
2018-08-16 16:30:00,0.007251369246677398
2018-08-16 17:00:00,0.006868871479537878
2018-08-16 17:30:00,0.0066169844779557065
2018-08-16 18:00:00,0.006380642229446476
2018-08-16 18:30:00,0.006210414701473815
2018-08-16 19:00:00,0.0061371072810617044
2018-08-16 19:30:00,0.006046437570994392
2018-08-16 20:00:00,0.005976222205817821
2018-08-16 20:30:00,0.0059076957089801655
2018-08-16 21:00:00,0.005841470733261961
2018-08-16 21:30:00,0.005808707200820846
2018-08-16 22:00:00,0.005753228645888238
2018-08-16 22:30:00,0.005716982031737445
2018-08-16 23:00:00,0.005667008870661853
2018-08-16 23:30:00,0.005644864318300435
2018-08-17 00:00:00,0.005597665726638774
2018-08-17 00:30:00,0.005565483265787504
2018-08-17 01:00:00,0.005521028889886533
2018-08-17 01:30:00,0.005507618936028831
2018-08-17 02:00:00,0.005470153823570083
2018-08-17 02:30:00,0.005441385590737124
2018-08-17 03:00:00,0.005412113509579187
2018-08-17 03:30:00,0.0053836709089527136
2018-08-17 04:00:00,0.005451389351367078
2018-08-17 04:30:00,0.005458238563945991
2018-08-17 05:00:00,0.005464557703536279
2018-08-17 05:30:00,0.0055887596076753705
2018-08-17 06:00:00,0.005753108905189965
2018-08-17 06:30:00,0.006224342787728607
2018-08-17 07:00:00,0.006935412267162988
2018-08-17 07:30:00,0.00798025966839503
2018-08-17 08:00:00,0.008954692397006778
2018-08-17 08:30:00,0.010054767042777666
2018-08-17 09:00:00,0.010992734320790055
2018-08-17 09:30:00,0.01178084114896745
2018-08-17 10:00:00,0.012320025366903693
2018-08-17 10:30:00,0.012653875936599376
2018-08-17 11:00:00,0.012740830560379463
2018-08-17 11:30:00,0.012639862703883464
2018-08-17 12:00:00,0.012525319957134561
2018-08-17 12:30:00,0.012132450502913825
2018-08-17 13:00:00,0.011733734622614341
2018-08-17 13:30:00,0.011033772348380762
2018-08-17 14:00:00,0.010409448253388857
2018-08-17 14:30:00,0.00968462611396034
2018-08-17 15:00:00,0.008994324447843026
2018-08-17 15:30:00,0.008451574903188137
2018-08-17 16:00:00,0.007863866353147106
2018-08-17 16:30:00,0.007498768482946401
2018-08-17 17:00:00,0.0071230067717520116
2018-08-17 17:30:00,0.0068843489412398415
2018-08-17 18:00:00,0.006655448694302278
2018-08-17 18:30:00,0.0064644524602580425
2018-08-17 19:00:00,0.006369195219561388
2018-08-17 19:30:00,0.0062331528239881785
2018-08-17 20:00:00,0.006156165581091878
2018-08-17 20:30:00,0.006086582397700688
2018-08-17 21:00:00,0.0059887291384915315
2018-08-17 21:30:00,0.005953223845364621
2018-08-17 22:00:00,0.005899440296458166
2018-08-17 22:30:00,0.005819679376902438
2018-08-17 23:00:00,0.005791847085575921
2018-08-17 23:30:00,0.00571728724218458
2018-08-18 00:00:00,0.006048595135449565
2018-08-18 00:30:00,0.006406615136323211
2018-08-18 01:00:00,0.006523559950667932
2018-08-18 01:30:00,0.006642378991506118
2018-08-18 02:00:00,0.006658969718078507
2018-08-18 02:30:00,0.00664414307441226
2018-08-18 03:00:00,0.006631314080550092
2018-08-18 03:30:00,0.006619933692470101
2018-08-18 04:00:00,0.006683934481928035
2018-08-18 04:30:00,0.006717357759949942
2018-08-18 05:00:00,0.006666475551597434
2018-08-18 05:30:00,0.0066800524505479745
2018-08-18 06:00:00,0.006641495276138345
2018-08-18 06:30:00,0.006744584317343353
2018-08-18 07:00:00,0.00693212302477568
2018-08-18 07:30:00,0.0072328637848757815
2018-08-18 08:00:00,0.007605863090436399
2018-08-18 08:30:00,0.00804991226344915
2018-08-18 09:00:00,0.008530215639026008
2018-08-18 09:30:00,0.009006408549663284
2018-08-18 10:00:00,0.009398481555269324
2018-08-18 10:30:00,0.009676019848917028
2018-08-18 11:00:00,0.00981014483099749
2018-08-18 11:30:00,0.009831998345389573
2018-08-18 12:00:00,0.00975180165004004
2018-08-18 12:30:00,0.009607499824549549
2018-08-18 13:00:00,0.00939099424640642
2018-08-18 13:30:00,0.009121757900109401
2018-08-18 14:00:00,0.008826360610517578
2018-08-18 14:30:00,0.00857295068134051
2018-08-18 15:00:00,0.008273916756263778
2018-08-18 15:30:00,0.008028067565007829
2018-08-18 16:00:00,0.007805943994345468
2018-08-18 16:30:00,0.0076479833596784065
2018-08-18 17:00:00,0.00747676353507104
2018-08-18 17:30:00,0.007326478692062207
2018-08-18 18:00:00,0.0071786229224730345
2018-08-18 18:30:00,0.007061217446802621
2018-08-18 19:00:00,0.007033723286245688
2018-08-18 19:30:00,0.0069676693846099196
2018-08-18 20:00:00,0.0069108840602674585
2018-08-18 20:30:00,0.006871697270741658
2018-08-18 21:00:00,0.006817461095300074
2018-08-18 21:30:00,0.006776226773312107
2018-08-18 22:00:00,0.006726452696491608
2018-08-18 22:30:00,0.0066929234038719775
2018-08-18 23:00:00,0.006602363167826105
2018-08-18 23:30:00,0.00648345630226328
2018-08-19 00:00:00,0.006071584345169067
2018-08-19 00:30:00,0.005515279104483184
2018-08-19 01:00:00,0.005401096918960863
2018-08-19 01:30:00,0.0051862016467600185
2018-08-19 02:00:00,0.0051601026383091475
2018-08-19 02:30:00,0.005117478967119416
2018-08-19 03:00:00,0.005074810992987266
2018-08-19 03:30:00,0.005043654195470406
2018-08-19 04:00:00,0.0050189279086686025
2018-08-19 04:30:00,0.004996226723871973
2018-08-19 05:00:00,0.004982890868638366
2018-08-19 05:30:00,0.004963740838082582
2018-08-19 06:00:00,0.005093720984174937
2018-08-19 06:30:00,0.005219217382349407
2018-08-19 07:00:00,0.005338101147889362
2018-08-19 07:30:00,0.005540447751143283
2018-08-19 08:00:00,0.005734169453103557
2018-08-19 08:30:00,0.006048950228554787
2018-08-19 09:00:00,0.006342934734139034
2018-08-19 09:30:00,0.006648218498737434
2018-08-19 10:00:00,0.006977324747793456
2018-08-19 10:30:00,0.007309537112968504
2018-08-19 11:00:00,0.007528016906109897
2018-08-19 11:30:00,0.007713485204245812
2018-08-19 12:00:00,0.007796823837488974
2018-08-19 12:30:00,0.007832672841101139
2018-08-19 13:00:00,0.007777493805305685
2018-08-19 13:30:00,0.007656192906937601
2018-08-19 14:00:00,0.00748121782209019
2018-08-19 14:30:00,0.0072635477572867875
2018-08-19 15:00:00,0.006981582405632403
2018-08-19 15:30:00,0.006737544948054415
2018-08-19 16:00:00,0.006480938957741721
2018-08-19 16:30:00,0.0062843963747274585
2018-08-19 17:00:00,0.006098053846740409
2018-08-19 17:30:00,0.0059666447354650345
2018-08-19 18:00:00,0.005822022857483727
2018-08-19 18:30:00,0.005705247889683993
2018-08-19 19:00:00,0.005706103371690478
2018-08-19 19:30:00,0.00563413731492537
2018-08-19 20:00:00,0.005572286166726359
2018-08-19 20:30:00,0.005532701989850558
2018-08-19 21:00:00,0.005467097032137575
2018-08-19 21:30:00,0.005403068344101293
2018-08-19 22:00:00,0.005352906253853122
2018-08-19 22:30:00,0.005305781760815555
2018-08-19 23:00:00,0.005241863997526788
2018-08-19 23:30:00,0.005225624235070024
2018-08-20 00:00:00,0.005237115659491843
2018-08-20 00:30:00,0.005274163744001436
2018-08-20 01:00:00,0.005284957927153165
2018-08-20 01:30:00,0.0052671697935980505
2018-08-20 02:00:00,0.0052490791278593215
2018-08-20 02:30:00,0.005217003909143224
2018-08-20 03:00:00,0.005174749726725141
2018-08-20 03:30:00,0.0051395537730349605
2018-08-20 04:00:00,0.005236532467610043
2018-08-20 04:30:00,0.005301623868292782
2018-08-20 05:00:00,0.005283639440340406
2018-08-20 05:30:00,0.005345334802877919
2018-08-20 06:00:00,0.0054888507812134845
2018-08-20 06:30:00,0.005929789374334674
2018-08-20 07:00:00,0.006615553950452299
2018-08-20 07:30:00,0.007625510831629923
2018-08-20 08:00:00,0.00853778240304005
2018-08-20 08:30:00,0.00957119451178991
2018-08-20 09:00:00,0.01045290955149493
2018-08-20 09:30:00,0.01118834040432631
2018-08-20 10:00:00,0.011699952010903306
2018-08-20 10:30:00,0.012036364674440216
2018-08-20 11:00:00,0.012104578818794681
2018-08-20 11:30:00,0.012015457368231406
2018-08-20 12:00:00,0.011901262237768731
2018-08-20 12:30:00,0.011544002975329495
2018-08-20 13:00:00,0.01116908692584201
2018-08-20 13:30:00,0.01048553548814763
2018-08-20 14:00:00,0.009902541909441837
2018-08-20 14:30:00,0.009187350024476345
2018-08-20 15:00:00,0.008528180828315569
2018-08-20 15:30:00,0.008005077016156565
2018-08-20 16:00:00,0.0074446974670886405
2018-08-20 16:30:00,0.007072029931421747
2018-08-20 17:00:00,0.006719193932782537
2018-08-20 17:30:00,0.006496067798808642
2018-08-20 18:00:00,0.006279662655547567
2018-08-20 18:30:00,0.006119797663922425
2018-08-20 19:00:00,0.00601033692220552
2018-08-20 19:30:00,0.00591707655015275
2018-08-20 20:00:00,0.0058376919266217905
2018-08-20 20:30:00,0.00574590326037407
2018-08-20 21:00:00,0.005680348631696428
2018-08-20 21:30:00,0.005607567490066286
2018-08-20 22:00:00,0.0055548325929228
2018-08-20 22:30:00,0.005495277720910512
2018-08-20 23:00:00,0.005441971572476759
2018-08-20 23:30:00,0.005411739668629314
2018-08-21 00:00:00,0.0053511785506931454
2018-08-21 00:30:00,0.005322282319182722
2018-08-21 01:00:00,0.005290184446821005
2018-08-21 01:30:00,0.00526765400132387
2018-08-21 02:00:00,0.0052287477599019415
2018-08-21 02:30:00,0.005209223330424719
2018-08-21 03:00:00,0.005171546746742087
2018-08-21 03:30:00,0.005143898809221297
2018-08-21 04:00:00,0.005254651031927119
2018-08-21 04:30:00,0.005351228321756921
2018-08-21 05:00:00,0.00532870925887975
2018-08-21 05:30:00,0.005384401851705448
2018-08-21 06:00:00,0.005571390845549993
2018-08-21 06:30:00,0.006007424087437293
2018-08-21 07:00:00,0.006681580399886974
2018-08-21 07:30:00,0.007667369858584273
2018-08-21 08:00:00,0.008602184262460323
2018-08-21 08:30:00,0.00965648571073454
2018-08-21 09:00:00,0.010561052029587703
2018-08-21 09:30:00,0.011318677205844278
2018-08-21 10:00:00,0.011842898411863301
2018-08-21 10:30:00,0.012163557417772596
2018-08-21 11:00:00,0.012230780827812744
2018-08-21 11:30:00,0.012152285722553852
2018-08-21 12:00:00,0.012045742279377712
2018-08-21 12:30:00,0.011702967066062601
2018-08-21 13:00:00,0.011314177946316829
2018-08-21 13:30:00,0.010623296324552802
2018-08-21 14:00:00,0.010013243579923692
2018-08-21 14:30:00,0.009299044437970156
2018-08-21 15:00:00,0.008620257519486162
2018-08-21 15:30:00,0.008087989693905498
2018-08-21 16:00:00,0.007511080125571671
2018-08-21 16:30:00,0.007156890934288238
2018-08-21 17:00:00,0.006799479345611219
2018-08-21 17:30:00,0.006558026747114392
2018-08-21 18:00:00,0.006331455808280315
2018-08-21 18:30:00,0.00615666039027747
2018-08-21 19:00:00,0.006034554673721184
2018-08-21 19:30:00,0.0059366662623033094
2018-08-21 20:00:00,0.005860324480915682
2018-08-21 20:30:00,0.005774464150972741
2018-08-21 21:00:00,0.0057030209135658875
2018-08-21 21:30:00,0.005673617597495399
2018-08-21 22:00:00,0.005621192039788644
2018-08-21 22:30:00,0.005580617351787153
2018-08-21 23:00:00,0.0055344168596644944
2018-08-21 23:30:00,0.005492423249968189
2018-08-22 00:00:00,0.005450203884975887
2018-08-22 00:30:00,0.00540872539463021
2018-08-22 01:00:00,0.005378031936702566
2018-08-22 01:30:00,0.0053429764802529495
2018-08-22 02:00:00,0.0053278081347990875
2018-08-22 02:30:00,0.005284670013824606
2018-08-22 03:00:00,0.0052489847190701905
2018-08-22 03:30:00,0.005202695732657009
2018-08-22 04:00:00,0.005285538887148698
2018-08-22 04:30:00,0.005344741009536346
2018-08-22 05:00:00,0.005327039138385484
2018-08-22 05:30:00,0.00540085487089511
2018-08-22 06:00:00,0.005567172245720732
2018-08-22 06:30:00,0.0059759062823166
2018-08-22 07:00:00,0.006667533354094103
2018-08-22 07:30:00,0.007666814788469449
2018-08-22 08:00:00,0.008610898216016061
2018-08-22 08:30:00,0.009650259752395935
2018-08-22 09:00:00,0.010546089687236367
2018-08-22 09:30:00,0.011304168717565517
2018-08-22 10:00:00,0.011815202935165007
2018-08-22 10:30:00,0.012114487389475308
2018-08-22 11:00:00,0.012173251169399942
2018-08-22 11:30:00,0.01206963339433807
2018-08-22 12:00:00,0.011942866048528348
2018-08-22 12:30:00,0.011568831928899622
2018-08-22 13:00:00,0.011188660680005754
2018-08-22 13:30:00,0.010525168766521324
2018-08-22 14:00:00,0.009916660598783909
2018-08-22 14:30:00,0.009192374446842625
2018-08-22 15:00:00,0.00850993493488691
2018-08-22 15:30:00,0.007958889468974259
2018-08-22 16:00:00,0.007378777255440319
2018-08-22 16:30:00,0.007054422580654331
2018-08-22 17:00:00,0.006725352711344477
2018-08-22 17:30:00,0.006470984410203974
2018-08-22 18:00:00,0.00624982479122072
2018-08-22 18:30:00,0.006117269494752468
2018-08-22 19:00:00,0.006041961411489816
2018-08-22 19:30:00,0.005923342682444176
2018-08-22 20:00:00,0.005843890432759299
2018-08-22 20:30:00,0.0057801232101993005
2018-08-22 21:00:00,0.00568011004305439
2018-08-22 21:30:00,0.00564640621692861
2018-08-22 22:00:00,0.005598867820582663
2018-08-22 22:30:00,0.0055304573818309374
2018-08-22 23:00:00,0.005480989185023455
2018-08-22 23:30:00,0.005458157769663093
2018-08-23 00:00:00,0.005407297880173265
2018-08-23 00:30:00,0.005348807059939195
2018-08-23 01:00:00,0.005309107382949031
2018-08-23 01:30:00,0.005256559741063422
2018-08-23 02:00:00,0.00521524574073569
2018-08-23 02:30:00,0.00516743047889821
2018-08-23 03:00:00,0.005119866862237435
2018-08-23 03:30:00,0.00507732197663296
2018-08-23 04:00:00,0.005165902306370583
2018-08-23 04:30:00,0.005223336216862493
2018-08-23 05:00:00,0.005208349770139465
2018-08-23 05:30:00,0.005293524910998162
2018-08-23 06:00:00,0.005446923904916589
2018-08-23 06:30:00,0.005842851378107281
2018-08-23 07:00:00,0.006523420569370502
2018-08-23 07:30:00,0.007501212398409745
2018-08-23 08:00:00,0.008417017492159201
2018-08-23 08:30:00,0.009457875396687385
2018-08-23 09:00:00,0.010366875469206033
2018-08-23 09:30:00,0.011136099312019596
2018-08-23 10:00:00,0.011653300454565906
2018-08-23 10:30:00,0.011962982262649502
2018-08-23 11:00:00,0.012036769873392151
2018-08-23 11:30:00,0.01195054262134677
2018-08-23 12:00:00,0.011805746656236567
2018-08-23 12:30:00,0.011433214819254758
2018-08-23 13:00:00,0.011052022593987644
2018-08-23 13:30:00,0.01039231160743534
2018-08-23 14:00:00,0.009789775186190614
2018-08-23 14:30:00,0.009077389786612685
2018-08-23 15:00:00,0.008412262793248394
2018-08-23 15:30:00,0.007902347978206567
2018-08-23 16:00:00,0.007359529021888747
2018-08-23 16:30:00,0.007008807735488368
2018-08-23 17:00:00,0.006659862249397038
2018-08-23 17:30:00,0.006408195758178133
2018-08-23 18:00:00,0.006188844859826381
2018-08-23 18:30:00,0.006039100802860258
2018-08-23 19:00:00,0.005946674263517172
2018-08-23 19:30:00,0.005845359683489454
2018-08-23 20:00:00,0.005775957840857529
2018-08-23 20:30:00,0.0057045214107037945
2018-08-23 21:00:00,0.005632575775698038
2018-08-23 21:30:00,0.005595313318512414
2018-08-23 22:00:00,0.005564406380663245
2018-08-23 22:30:00,0.005492256528063977
2018-08-23 23:00:00,0.005462595763912487
2018-08-23 23:30:00,0.005428111558753137
2018-08-24 00:00:00,0.005386873665747142
2018-08-24 00:30:00,0.0053476252761603445
2018-08-24 01:00:00,0.005316775363005321
2018-08-24 01:30:00,0.0052785390222467015
2018-08-24 02:00:00,0.005242258371830325
2018-08-24 02:30:00,0.00521240879010057
2018-08-24 03:00:00,0.005190258434834857
2018-08-24 03:30:00,0.005141495290899401
2018-08-24 04:00:00,0.00523219345751663
2018-08-24 04:30:00,0.005281892208175585
2018-08-24 05:00:00,0.005287370819397385
2018-08-24 05:30:00,0.00539815897547212
2018-08-24 06:00:00,0.005559439652556987
2018-08-24 06:30:00,0.005971739015871502
2018-08-24 07:00:00,0.006635519065873119
2018-08-24 07:30:00,0.007617150632047646
2018-08-24 08:00:00,0.00855600140223918
2018-08-24 08:30:00,0.00957510734320047
2018-08-24 09:00:00,0.010479625006932992
2018-08-24 09:30:00,0.01126237095588922
2018-08-24 10:00:00,0.011783576325588756
2018-08-24 10:30:00,0.012105071061311062
2018-08-24 11:00:00,0.012180959100220427
2018-08-24 11:30:00,0.012097919874520106
2018-08-24 12:00:00,0.01195224253752271
2018-08-24 12:30:00,0.011602478953519884
2018-08-24 13:00:00,0.011233821782693455
2018-08-24 13:30:00,0.01055049375681449
2018-08-24 14:00:00,0.009935338027422465
2018-08-24 14:30:00,0.009206895210495858
2018-08-24 15:00:00,0.008532055717659574
2018-08-24 15:30:00,0.008014744543120261
2018-08-24 16:00:00,0.007452440103740592
2018-08-24 16:30:00,0.007091977191752422
2018-08-24 17:00:00,0.0067268022098811615
2018-08-24 17:30:00,0.006470592267786705
2018-08-24 18:00:00,0.00625902139018189
2018-08-24 18:30:00,0.006121588529463784
2018-08-24 19:00:00,0.006026264555367719
2018-08-24 19:30:00,0.005918239809275576
2018-08-24 20:00:00,0.00583927377601416
2018-08-24 20:30:00,0.005763008994702775
2018-08-24 21:00:00,0.005663636044133811
2018-08-24 21:30:00,0.005617950224984529
2018-08-24 22:00:00,0.00557241572772421
2018-08-24 22:30:00,0.005505974928603901
2018-08-24 23:00:00,0.005493310089976736
2018-08-24 23:30:00,0.005428864373991298
2018-08-25 00:00:00,0.005765286411450535
2018-08-25 00:30:00,0.00611673440001974
2018-08-25 01:00:00,0.00623654305922911
2018-08-25 01:30:00,0.00635570648011843
2018-08-25 02:00:00,0.006373036853800001
2018-08-25 02:30:00,0.006352711065558289
2018-08-25 03:00:00,0.006341310144124634
2018-08-25 03:30:00,0.0063207979933795535
2018-08-25 04:00:00,0.006399842700631915
2018-08-25 04:30:00,0.006438723052173133
2018-08-25 05:00:00,0.0064284052651452876
2018-08-25 05:30:00,0.006444917429321047
2018-08-25 06:00:00,0.006394526459136104
2018-08-25 06:30:00,0.006500920365932296
2018-08-25 07:00:00,0.006703151469071855
2018-08-25 07:30:00,0.007016888726098531
2018-08-25 08:00:00,0.0073831016466786754
2018-08-25 08:30:00,0.007803515367303059
2018-08-25 09:00:00,0.008249234772404392
2018-08-25 09:30:00,0.008702166629574737
2018-08-25 10:00:00,0.009090613601155642
2018-08-25 10:30:00,0.00939231251003055
2018-08-25 11:00:00,0.009556788132307908
2018-08-25 11:30:00,0.009604952014780434
2018-08-25 12:00:00,0.009552646755743518
2018-08-25 12:30:00,0.009406486438557751
2018-08-25 13:00:00,0.009184803107461736
2018-08-25 13:30:00,0.008913994732071927
2018-08-25 14:00:00,0.008621517865661642
2018-08-25 14:30:00,0.008354753556594943
2018-08-25 15:00:00,0.008066228133227651
2018-08-25 15:30:00,0.00783102983802503
2018-08-25 16:00:00,0.007615832926395082
2018-08-25 16:30:00,0.007451493002802811
2018-08-25 17:00:00,0.007290234867769249
2018-08-25 17:30:00,0.007139848697123852
2018-08-25 18:00:00,0.007008115515962379
2018-08-25 18:30:00,0.006908119422747419
2018-08-25 19:00:00,0.006866413726379673
2018-08-25 19:30:00,0.006793625442713473
2018-08-25 20:00:00,0.006752428951197747
2018-08-25 20:30:00,0.006708426867048964
2018-08-25 21:00:00,0.006656992824816719
2018-08-25 21:30:00,0.006620821313638843
2018-08-25 22:00:00,0.006597179277185982
2018-08-25 22:30:00,0.006572669929729417
2018-08-25 23:00:00,0.006514894652232834
2018-08-25 23:30:00,0.006391194810909705
2018-08-26 00:00:00,0.0059995275622271695
2018-08-26 00:30:00,0.005455476046717905
2018-08-26 01:00:00,0.0053366370304976235
2018-08-26 01:30:00,0.005102871383090363
2018-08-26 02:00:00,0.005083096759162509
2018-08-26 02:30:00,0.005047632979120181
2018-08-26 03:00:00,0.004985911168730393
2018-08-26 03:30:00,0.004971028281530196
2018-08-26 04:00:00,0.004952645238690374
2018-08-26 04:30:00,0.004920288021144328
2018-08-26 05:00:00,0.00493612470494111
2018-08-26 05:30:00,0.004908432464477901
2018-08-26 06:00:00,0.005025116036534966
2018-08-26 06:30:00,0.0051775461686245
2018-08-26 07:00:00,0.0052998196114338175
2018-08-26 07:30:00,0.005558168370138795
2018-08-26 08:00:00,0.005770903734403884
2018-08-26 08:30:00,0.006098120803328446
2018-08-26 09:00:00,0.006394502019981471
2018-08-26 09:30:00,0.006711756618172034
2018-08-26 10:00:00,0.007034979391837259
2018-08-26 10:30:00,0.007406396959599819
2018-08-26 11:00:00,0.00765322706487051
2018-08-26 11:30:00,0.007843237697938843
2018-08-26 12:00:00,0.007928410160534017
2018-08-26 12:30:00,0.007975690216044457
2018-08-26 13:00:00,0.007918471236200146
2018-08-26 13:30:00,0.007805738102837256
2018-08-26 14:00:00,0.007635188960053392
2018-08-26 14:30:00,0.007391982991704507
2018-08-26 15:00:00,0.007087868847104797
2018-08-26 15:30:00,0.0068302211238765636
2018-08-26 16:00:00,0.006560029753445514
2018-08-26 16:30:00,0.006383095407237831
2018-08-26 17:00:00,0.006220415449057309
2018-08-26 17:30:00,0.006074389603019183
2018-08-26 18:00:00,0.0059520525514512295
2018-08-26 18:30:00,0.005833590054444341
2018-08-26 19:00:00,0.005804288066010415
2018-08-26 19:30:00,0.005732064337975679
2018-08-26 20:00:00,0.005680111382186151
2018-08-26 20:30:00,0.005640773493960013
2018-08-26 21:00:00,0.0055691560578299505
2018-08-26 21:30:00,0.005523040488979785
2018-08-26 22:00:00,0.005497434615799804
2018-08-26 22:30:00,0.005463772525947234
2018-08-26 23:00:00,0.005417809618117792
2018-08-26 23:30:00,0.005406526317090455
2018-08-27 00:00:00,0.005433517075699664
2018-08-27 00:30:00,0.005494682588437178
2018-08-27 01:00:00,0.005517059145376143
2018-08-27 01:30:00,0.0055014518994877006
2018-08-27 02:00:00,0.005462177731614511
2018-08-27 02:30:00,0.005458676460031751
2018-08-27 03:00:00,0.005412885965416505
2018-08-27 03:30:00,0.005400939459384663
2018-08-27 04:00:00,0.005456213127157878
2018-08-27 04:30:00,0.005493753342589541
2018-08-27 05:00:00,0.0055118783793767934
2018-08-27 05:30:00,0.005598545982582832
2018-08-27 06:00:00,0.005751720337148394
2018-08-27 06:30:00,0.006176309247414127
2018-08-27 07:00:00,0.006841120317277197
2018-08-27 07:30:00,0.00784963897094379
2018-08-27 08:00:00,0.008796442398285085
2018-08-27 08:30:00,0.009844640083993862
2018-08-27 09:00:00,0.010749243117376133
2018-08-27 09:30:00,0.011524120216511963
2018-08-27 10:00:00,0.012035529391004456
2018-08-27 10:30:00,0.012351541274921055
2018-08-27 11:00:00,0.012422887760058196
2018-08-27 11:30:00,0.012358568368835521
2018-08-27 12:00:00,0.012228200878881372
2018-08-27 12:30:00,0.011813806332332873
2018-08-27 13:00:00,0.011406169937403555
2018-08-27 13:30:00,0.010742416670037152
2018-08-27 14:00:00,0.010146482726344427
2018-08-27 14:30:00,0.009382169926074733
2018-08-27 15:00:00,0.008678343029173984
2018-08-27 15:30:00,0.008156133868625463
2018-08-27 16:00:00,0.007583234330349161
2018-08-27 16:30:00,0.007198330255029911
2018-08-27 17:00:00,0.006835318528923807
2018-08-27 17:30:00,0.0065991919922223675
2018-08-27 18:00:00,0.006384092614022327
2018-08-27 18:30:00,0.006257830120886401
2018-08-27 19:00:00,0.006156988589153162
2018-08-27 19:30:00,0.006062211538787046
2018-08-27 20:00:00,0.00597803349311853
2018-08-27 20:30:00,0.005885936938160153
2018-08-27 21:00:00,0.005795511061667608
2018-08-27 21:30:00,0.005755556391671338
2018-08-27 22:00:00,0.005706614473645824
2018-08-27 22:30:00,0.005652411330121006
2018-08-27 23:00:00,0.005621797327344497
2018-08-27 23:30:00,0.00558546969572218
2018-08-28 00:00:00,0.005557699339239597
2018-08-28 00:30:00,0.005524457290382644
2018-08-28 01:00:00,0.005510617810012688
2018-08-28 01:30:00,0.005485397606779798
2018-08-28 02:00:00,0.005440531559456714
2018-08-28 02:30:00,0.0054204116627232166
2018-08-28 03:00:00,0.0053846692316803415
2018-08-28 03:30:00,0.005362237435556247
2018-08-28 04:00:00,0.00544747127502379
2018-08-28 04:30:00,0.005500131403977301
2018-08-28 05:00:00,0.005512176224599244
2018-08-28 05:30:00,0.005582774581459386
2018-08-28 06:00:00,0.005734951729240455
2018-08-28 06:30:00,0.006145806504168074
2018-08-28 07:00:00,0.00678789027616518
2018-08-28 07:30:00,0.0077916180743634236
2018-08-28 08:00:00,0.008761089766178898
2018-08-28 08:30:00,0.009832588232930177
2018-08-28 09:00:00,0.010771205771006718
2018-08-28 09:30:00,0.011593440260512167
2018-08-28 10:00:00,0.012152441285026728
2018-08-28 10:30:00,0.01249459860062857
2018-08-28 11:00:00,0.012587465714320935
2018-08-28 11:30:00,0.012527506424516905
2018-08-28 12:00:00,0.012394307005671741
2018-08-28 12:30:00,0.011977010002626156
2018-08-28 13:00:00,0.011555240634282656
2018-08-28 13:30:00,0.010861221761586163
2018-08-28 14:00:00,0.010225182607168395
2018-08-28 14:30:00,0.009480135560757478
2018-08-28 15:00:00,0.008789404256533595
2018-08-28 15:30:00,0.008224902636717499
2018-08-28 16:00:00,0.007631417295449278
2018-08-28 16:30:00,0.0072553435665546374
2018-08-28 17:00:00,0.00688849154534168
2018-08-28 17:30:00,0.006631201370293564
2018-08-28 18:00:00,0.006403798049475876
2018-08-28 18:30:00,0.006266462164216109
2018-08-28 19:00:00,0.006173866113110977
2018-08-28 19:30:00,0.006060592751676941
2018-08-28 20:00:00,0.005979588671469999
2018-08-28 20:30:00,0.005901832208971468
2018-08-28 21:00:00,0.005814450513754016
2018-08-28 21:30:00,0.0057908766614266395
2018-08-28 22:00:00,0.005738069451168075
2018-08-28 22:30:00,0.005693083774741031
2018-08-28 23:00:00,0.005668388845941291
2018-08-28 23:30:00,0.005618737188082588
2018-08-29 00:00:00,0.005569835667198524
2018-08-29 00:30:00,0.005562377038074163
2018-08-29 01:00:00,0.005516017189271976
2018-08-29 01:30:00,0.00548195548018314
2018-08-29 02:00:00,0.005456578152156991
2018-08-29 02:30:00,0.005425485856153273
2018-08-29 03:00:00,0.005390600804220211
2018-08-29 03:30:00,0.005373018562173309
2018-08-29 04:00:00,0.0054416325489526655
2018-08-29 04:30:00,0.005482008375887688
2018-08-29 05:00:00,0.0054798453433111596
2018-08-29 05:30:00,0.005565343438112821
2018-08-29 06:00:00,0.005726806460305775
2018-08-29 06:30:00,0.006170405461858295
2018-08-29 07:00:00,0.0068246987676839135
2018-08-29 07:30:00,0.007824386963331584
2018-08-29 08:00:00,0.008789062108368727
2018-08-29 08:30:00,0.00986270865405854
2018-08-29 09:00:00,0.01077536466787831
2018-08-29 09:30:00,0.011570935481707113
2018-08-29 10:00:00,0.012123712444986397
2018-08-29 10:30:00,0.012457443943549685
2018-08-29 11:00:00,0.012542020492511333
2018-08-29 11:30:00,0.012439379948851859
2018-08-29 12:00:00,0.012293079469208469
2018-08-29 12:30:00,0.011899450615685082
2018-08-29 13:00:00,0.011519322442196184
2018-08-29 13:30:00,0.01083687880125087
2018-08-29 14:00:00,0.010213221928658752
2018-08-29 14:30:00,0.009460441284735268
2018-08-29 15:00:00,0.008747173843704267
2018-08-29 15:30:00,0.008193987664077765
2018-08-29 16:00:00,0.007602238283948712
2018-08-29 16:30:00,0.007198930520841662
2018-08-29 17:00:00,0.006818258883046533
2018-08-29 17:30:00,0.0065641264922845464
2018-08-29 18:00:00,0.006312587218582912
2018-08-29 18:30:00,0.006179416144693349
2018-08-29 19:00:00,0.0060668769622471376
2018-08-29 19:30:00,0.005987884815916387
2018-08-29 20:00:00,0.005929611604593436
2018-08-29 20:30:00,0.00586142335011968
2018-08-29 21:00:00,0.00578886316523006
2018-08-29 21:30:00,0.005738610571993726
2018-08-29 22:00:00,0.005688689413868174
2018-08-29 22:30:00,0.00564247921304025
2018-08-29 23:00:00,0.005582937509156942
2018-08-29 23:30:00,0.005551723128974371
2018-08-30 00:00:00,0.005515431988692535
2018-08-30 00:30:00,0.0054682828333117075
2018-08-30 01:00:00,0.005443594265387831
2018-08-30 01:30:00,0.0053985689729795314
2018-08-30 02:00:00,0.005371807987061604
2018-08-30 02:30:00,0.0053450061576249715
2018-08-30 03:00:00,0.005294365885743904
2018-08-30 03:30:00,0.005273767918971824
2018-08-30 04:00:00,0.00532363495385538
2018-08-30 04:30:00,0.00537401398344879
2018-08-30 05:00:00,0.005398553684558597
2018-08-30 05:30:00,0.005483187369808703
2018-08-30 06:00:00,0.0056574781583263786
2018-08-30 06:30:00,0.00608988458502835
2018-08-30 07:00:00,0.006727929647229387
2018-08-30 07:30:00,0.007712829252871679
2018-08-30 08:00:00,0.008655605911008439
2018-08-30 08:30:00,0.009705208234339917
2018-08-30 09:00:00,0.01061949185122055
2018-08-30 09:30:00,0.011373703580619008
2018-08-30 10:00:00,0.011892515810267793
2018-08-30 10:30:00,0.012229906821150237
2018-08-30 11:00:00,0.012320220098980567
2018-08-30 11:30:00,0.012234675357755907
2018-08-30 12:00:00,0.012095065180389155
2018-08-30 12:30:00,0.011738775895721946
2018-08-30 13:00:00,0.011344075290412717
2018-08-30 13:30:00,0.010654663254161785
2018-08-30 14:00:00,0.010037248967460964
2018-08-30 14:30:00,0.009305828591064361
2018-08-30 15:00:00,0.008616667865207196
2018-08-30 15:30:00,0.00807195068961853
2018-08-30 16:00:00,0.00749791768790108
2018-08-30 16:30:00,0.007098586476557536
2018-08-30 17:00:00,0.006716118505099693
2018-08-30 17:30:00,0.006477172761258965
2018-08-30 18:00:00,0.0062417354310370515
2018-08-30 18:30:00,0.006123240125302025
2018-08-30 19:00:00,0.00603538884121381
2018-08-30 19:30:00,0.005929926746934463
2018-08-30 20:00:00,0.005871622735581015
2018-08-30 20:30:00,0.005819068509630916
2018-08-30 21:00:00,0.005747881939144871
2018-08-30 21:30:00,0.005728848524646585
2018-08-30 22:00:00,0.005687559186662113
2018-08-30 22:30:00,0.005632338749376388
2018-08-30 23:00:00,0.00556249889906439
2018-08-30 23:30:00,0.005548037280397258
2018-08-31 00:00:00,0.005505875832853606
2018-08-31 00:30:00,0.005476120883101611
2018-08-31 01:00:00,0.0054773127103686665
2018-08-31 01:30:00,0.005403845598494087
2018-08-31 02:00:00,0.005383825578671078
2018-08-31 02:30:00,0.005352898665439811
2018-08-31 03:00:00,0.005309733650235802
2018-08-31 03:30:00,0.005307266411560959
2018-08-31 04:00:00,0.005379928370464394
2018-08-31 04:30:00,0.005425039478899695
2018-08-31 05:00:00,0.005454147516416941
2018-08-31 05:30:00,0.005535265199634921
2018-08-31 06:00:00,0.005692776444001941
2018-08-31 06:30:00,0.006120656940135564
2018-08-31 07:00:00,0.006749117389947759
2018-08-31 07:30:00,0.007739973342067491
2018-08-31 08:00:00,0.008678566217800773
2018-08-31 08:30:00,0.009691447204772278
2018-08-31 09:00:00,0.010566434669699983
2018-08-31 09:30:00,0.011308593878468873
2018-08-31 10:00:00,0.011838195269525283
2018-08-31 10:30:00,0.012179460834968792
2018-08-31 11:00:00,0.012281164097990065
2018-08-31 11:30:00,0.01219814395491733
2018-08-31 12:00:00,0.012068996860374466
2018-08-31 12:30:00,0.0117096678582047
2018-08-31 13:00:00,0.011311362868167134
2018-08-31 13:30:00,0.010633732847930101
2018-08-31 14:00:00,0.010005695117377048
2018-08-31 14:30:00,0.009267565132887587
2018-08-31 15:00:00,0.008571329885532762
2018-08-31 15:30:00,0.008020433732811437
2018-08-31 16:00:00,0.007450640645437103
2018-08-31 16:30:00,0.0070678663475889905
2018-08-31 17:00:00,0.006686948867521452
2018-08-31 17:30:00,0.006434301685476436
2018-08-31 18:00:00,0.006206063416005929
2018-08-31 18:30:00,0.006100029177681808
2018-08-31 19:00:00,0.006013838640165532
2018-08-31 19:30:00,0.005914691221703939
2018-08-31 20:00:00,0.0058321796139173465
2018-08-31 20:30:00,0.005756130098036501
2018-08-31 21:00:00,0.005678788989572423
2018-08-31 21:30:00,0.005660616525201978
2018-08-31 22:00:00,0.0056177819407599305
2018-08-31 22:30:00,0.005563431492741428
2018-08-31 23:00:00,0.005520158900619307
2018-08-31 23:30:00,0.005492666079194136
2018-09-01 00:00:00,0.0058135163577565895
2018-09-01 00:30:00,0.0061950498384340654
2018-09-01 01:00:00,0.006322101414960005
2018-09-01 01:30:00,0.006428156075043477
2018-09-01 02:00:00,0.006468202921942611
2018-09-01 02:30:00,0.006450290025945122
2018-09-01 03:00:00,0.006437828288968335
2018-09-01 03:30:00,0.006401231826645051
2018-09-01 04:00:00,0.006470846814415558
2018-09-01 04:30:00,0.006509473512082432
2018-09-01 05:00:00,0.006491451253657816
2018-09-01 05:30:00,0.006467543511144763
2018-09-01 06:00:00,0.006416229767582359
2018-09-01 06:30:00,0.006481111259361603
2018-09-01 07:00:00,0.006613415803407657
2018-09-01 07:30:00,0.006881808161912471
2018-09-01 08:00:00,0.007210599380221778
2018-09-01 08:30:00,0.007602629645205788
2018-09-01 09:00:00,0.008034260379835352
2018-09-01 09:30:00,0.008476111368062858
2018-09-01 10:00:00,0.00886430781041019
2018-09-01 10:30:00,0.00914739691680046
2018-09-01 11:00:00,0.009289632573578448
2018-09-01 11:30:00,0.009314469003967572
2018-09-01 12:00:00,0.009242410100733721
2018-09-01 12:30:00,0.009116984899731197
2018-09-01 13:00:00,0.008915852331012695
2018-09-01 13:30:00,0.008664376666069697
2018-09-01 14:00:00,0.00839510092698005
2018-09-01 14:30:00,0.00814294308599927
2018-09-01 15:00:00,0.007857413746758
2018-09-01 15:30:00,0.007630367974120427
2018-09-01 16:00:00,0.007423581479513783
2018-09-01 16:30:00,0.007238718134150781
2018-09-01 17:00:00,0.007066302130098135
2018-09-01 17:30:00,0.006920954665891138
2018-09-01 18:00:00,0.006792527131481043
2018-09-01 18:30:00,0.006724729233915542
2018-09-01 19:00:00,0.006667439168493598
2018-09-01 19:30:00,0.006625593309668227
2018-09-01 20:00:00,0.006590893950672652
2018-09-01 20:30:00,0.006538578090175964
2018-09-01 21:00:00,0.006492466315532454
2018-09-01 21:30:00,0.006458686716867879
2018-09-01 22:00:00,0.006431122363487821
2018-09-01 22:30:00,0.006393534162501399
2018-09-01 23:00:00,0.006331127609404621
2018-09-01 23:30:00,0.006202502776248444
2018-09-02 00:00:00,0.005807866560858043
2018-09-02 00:30:00,0.005298796403174301
2018-09-02 01:00:00,0.005158769644235648
2018-09-02 01:30:00,0.004939364287858958
2018-09-02 02:00:00,0.004900565400166515
2018-09-02 02:30:00,0.004888120625525365
2018-09-02 03:00:00,0.004847904043675558
2018-09-02 03:30:00,0.004826859811244212
2018-09-02 04:00:00,0.004800885676830029
2018-09-02 04:30:00,0.004756620676478888
2018-09-02 05:00:00,0.004760893957521712
2018-09-02 05:30:00,0.004738787235632535
2018-09-02 06:00:00,0.004881092415667768
2018-09-02 06:30:00,0.005047565576154891
2018-09-02 07:00:00,0.005178041647375972
2018-09-02 07:30:00,0.005379486122200412
2018-09-02 08:00:00,0.005594072166558838
2018-09-02 08:30:00,0.005890445571609926
2018-09-02 09:00:00,0.006180427412361332
2018-09-02 09:30:00,0.006474742571896168
2018-09-02 10:00:00,0.00679799090065916
2018-09-02 10:30:00,0.007180246284949987
2018-09-02 11:00:00,0.00740788741324952
2018-09-02 11:30:00,0.007576243504586551
2018-09-02 12:00:00,0.00764522965840108
2018-09-02 12:30:00,0.007678043519877538
2018-09-02 13:00:00,0.007622592975117592
2018-09-02 13:30:00,0.007487282526645938
2018-09-02 14:00:00,0.007302317742052061
2018-09-02 14:30:00,0.007054967272498011
2018-09-02 15:00:00,0.00674699877190796
2018-09-02 15:30:00,0.006508517706788208
2018-09-02 16:00:00,0.006275732973395687
2018-09-02 16:30:00,0.0060896722210499596
2018-09-02 17:00:00,0.005927054644090623
2018-09-02 17:30:00,0.005789428390427404
2018-09-02 18:00:00,0.005656378173179247
2018-09-02 18:30:00,0.0055880058996827025
2018-09-02 19:00:00,0.005556056001380547
2018-09-02 19:30:00,0.0054632250442457194
2018-09-02 20:00:00,0.005409814331940316
2018-09-02 20:30:00,0.005364134985261211
2018-09-02 21:00:00,0.005292240014073735
2018-09-02 21:30:00,0.00524397781701111
2018-09-02 22:00:00,0.005199762141346489
2018-09-02 22:30:00,0.0051580182797235615
2018-09-02 23:00:00,0.005116738985227295
2018-09-02 23:30:00,0.0050824283092252755
2018-09-03 00:00:00,0.005101846054538893
2018-09-03 00:30:00,0.005125541098290615
2018-09-03 01:00:00,0.005137049261859443
2018-09-03 01:30:00,0.005134410391130599
2018-09-03 02:00:00,0.005107851167731287
2018-09-03 02:30:00,0.005084590337452984
2018-09-03 03:00:00,0.005049351866329399
2018-09-03 03:30:00,0.0050196293905226015
2018-09-03 04:00:00,0.00512689429093484
2018-09-03 04:30:00,0.0051978657075846596
2018-09-03 05:00:00,0.005210581210030105
2018-09-03 05:30:00,0.005280357451583468
2018-09-03 06:00:00,0.005420407422139307
2018-09-03 06:30:00,0.005812956935463542
2018-09-03 07:00:00,0.006474178462641958
2018-09-03 07:30:00,0.007455614515579418
2018-09-03 08:00:00,0.008379084687933016
2018-09-03 08:30:00,0.009409888502795904
2018-09-03 09:00:00,0.010302954134899235
2018-09-03 09:30:00,0.011031121871843325
2018-09-03 10:00:00,0.011522669936815083
2018-09-03 10:30:00,0.011833831485494297
2018-09-03 11:00:00,0.01192062842650956
2018-09-03 11:30:00,0.01179802522250416
2018-09-03 12:00:00,0.011647685363498823
2018-09-03 12:30:00,0.01123788671715317
2018-09-03 13:00:00,0.010858238510806185
2018-09-03 13:30:00,0.010214928317304871
2018-09-03 14:00:00,0.009604006810945982
2018-09-03 14:30:00,0.00889469728542815
2018-09-03 15:00:00,0.00822418374615061
2018-09-03 15:30:00,0.0077068336251959225
2018-09-03 16:00:00,0.007153356630788714
2018-09-03 16:30:00,0.006785802458155878
2018-09-03 17:00:00,0.006428440194165379
2018-09-03 17:30:00,0.0062014637215964275
2018-09-03 18:00:00,0.005993930772627485
2018-09-03 18:30:00,0.005893762489386957
2018-09-03 19:00:00,0.005780777264470106
2018-09-03 19:30:00,0.005679338703160206
2018-09-03 20:00:00,0.005587929457578028
2018-09-03 20:30:00,0.005530128178606423
2018-09-03 21:00:00,0.005461308188724539
2018-09-03 21:30:00,0.0054153635823624945
2018-09-03 22:00:00,0.00537065041924876
2018-09-03 22:30:00,0.005334823957687898
2018-09-03 23:00:00,0.005292328843147198
2018-09-03 23:30:00,0.005255097520775012
2018-09-04 00:00:00,0.005209703743943883
2018-09-04 00:30:00,0.005187446704514563
2018-09-04 01:00:00,0.005176282474619619
2018-09-04 01:30:00,0.005142884974884106
2018-09-04 02:00:00,0.005128775101492794
2018-09-04 02:30:00,0.00510620593276891
2018-09-04 03:00:00,0.005075766351904237
2018-09-04 03:30:00,0.0050668332271169925
2018-09-04 04:00:00,0.005167544639880813
2018-09-04 04:30:00,0.005222914167169234
2018-09-04 05:00:00,0.0052509877254013106
2018-09-04 05:30:00,0.005353907924410154
2018-09-04 06:00:00,0.005476074906244492
2018-09-04 06:30:00,0.005860133989422717
2018-09-04 07:00:00,0.0064673578182072745
2018-09-04 07:30:00,0.00746098342959115
2018-09-04 08:00:00,0.008371235143928832
2018-09-04 08:30:00,0.009377043171723068
2018-09-04 09:00:00,0.01024886682627172
2018-09-04 09:30:00,0.01098787159858388
2018-09-04 10:00:00,0.011488582226251227
2018-09-04 10:30:00,0.011806597339687575
2018-09-04 11:00:00,0.011892857512055408
2018-09-04 11:30:00,0.011801562873833084
2018-09-04 12:00:00,0.011675751779694843
2018-09-04 12:30:00,0.011307140920508472
2018-09-04 13:00:00,0.010957810768818872
2018-09-04 13:30:00,0.010290152816426788
2018-09-04 14:00:00,0.009670122870614311
2018-09-04 14:30:00,0.008958582574771718
2018-09-04 15:00:00,0.008298490382044856
2018-09-04 15:30:00,0.0077888257614536615
2018-09-04 16:00:00,0.007232603323748319
2018-09-04 16:30:00,0.006878569694937758
2018-09-04 17:00:00,0.006525870622521083
2018-09-04 17:30:00,0.006278413022426174
2018-09-04 18:00:00,0.006067785116769544
2018-09-04 18:30:00,0.005982424729350611
2018-09-04 19:00:00,0.005868780651607479
2018-09-04 19:30:00,0.005770978725782485
2018-09-04 20:00:00,0.005689306865204188
2018-09-04 20:30:00,0.00560692035464291
2018-09-04 21:00:00,0.0055499086054385735
2018-09-04 21:30:00,0.005485732836097237
2018-09-04 22:00:00,0.005430180852106415
2018-09-04 22:30:00,0.005379105250808796
2018-09-04 23:00:00,0.0053336870348230335
2018-09-04 23:30:00,0.005280749259217797
2018-09-05 00:00:00,0.005216726485680124
2018-09-05 00:30:00,0.005184489120426664
2018-09-05 01:00:00,0.005133534933742018
2018-09-05 01:30:00,0.005093129757502573
2018-09-05 02:00:00,0.00505424996393292
2018-09-05 02:30:00,0.005004529898760105
2018-09-05 03:00:00,0.004974991218787469
2018-09-05 03:30:00,0.004948567136101678
2018-09-05 04:00:00,0.005055078551709875
2018-09-05 04:30:00,0.005120413451184443
2018-09-05 05:00:00,0.005128637840487319
2018-09-05 05:30:00,0.005199113555197039
2018-09-05 06:00:00,0.00532482432604754
2018-09-05 06:30:00,0.005723859366083334
2018-09-05 07:00:00,0.006341679298113343
2018-09-05 07:30:00,0.007316115262960181
2018-09-05 08:00:00,0.008203791336103803
2018-09-05 08:30:00,0.00920724438910247
2018-09-05 09:00:00,0.010089390071262878
2018-09-05 09:30:00,0.010831150665144321
2018-09-05 10:00:00,0.011341669651798865
2018-09-05 10:30:00,0.011657511242793225
2018-09-05 11:00:00,0.011744243124323778
2018-09-05 11:30:00,0.011654336384577147
2018-09-05 12:00:00,0.011529495714588184
2018-09-05 12:30:00,0.011179753333504901
2018-09-05 13:00:00,0.010837053781134275
2018-09-05 13:30:00,0.010186996930228058
2018-09-05 14:00:00,0.009588043467603497
2018-09-05 14:30:00,0.008886649549923378
2018-09-05 15:00:00,0.008236219192850228
2018-09-05 15:30:00,0.007732253359061161
2018-09-05 16:00:00,0.007183613085385105
2018-09-05 16:30:00,0.006811618909805235
2018-09-05 17:00:00,0.006456901319447877
2018-09-05 17:30:00,0.006217859381309003
2018-09-05 18:00:00,0.006000235962928599
2018-09-05 18:30:00,0.005891847865752043
2018-09-05 19:00:00,0.005766591172162746
2018-09-05 19:30:00,0.005647682074713651
2018-09-05 20:00:00,0.0055676464099583475
2018-09-05 20:30:00,0.005500479243452152
2018-09-05 21:00:00,0.005433826526730707
2018-09-05 21:30:00,0.0053847412100124815
2018-09-05 22:00:00,0.005316704612210629
2018-09-05 22:30:00,0.005275949587798692
2018-09-05 23:00:00,0.00525437885339675
2018-09-05 23:30:00,0.005206075701221107
2018-09-06 00:00:00,0.005126983008413988
2018-09-06 00:30:00,0.005096777998796072
2018-09-06 01:00:00,0.005070458814764873
2018-09-06 01:30:00,0.005021965394284893
2018-09-06 02:00:00,0.0049925895304155
2018-09-06 02:30:00,0.004977119433938219
2018-09-06 03:00:00,0.004950547042409928
2018-09-06 03:30:00,0.004917903920232964
2018-09-06 04:00:00,0.00501372727888147
2018-09-06 04:30:00,0.005095925083458797
2018-09-06 05:00:00,0.0051166522764457874
2018-09-06 05:30:00,0.005174937763143212
2018-09-06 06:00:00,0.005307523301670393
2018-09-06 06:30:00,0.005713217620763702
2018-09-06 07:00:00,0.00638193694667048
2018-09-06 07:30:00,0.00737489533565457
2018-09-06 08:00:00,0.008263111636869335
2018-09-06 08:30:00,0.009249207421956906
2018-09-06 09:00:00,0.010130555093182227
2018-09-06 09:30:00,0.010885203825911939
2018-09-06 10:00:00,0.011402030234753866
2018-09-06 10:30:00,0.01172074058076266
2018-09-06 11:00:00,0.011806692752825525
2018-09-06 11:30:00,0.011713506814179792
2018-09-06 12:00:00,0.011585197904524835
2018-09-06 12:30:00,0.01121564050237225
2018-09-06 13:00:00,0.010866349743475277
2018-09-06 13:30:00,0.010222883317935211
2018-09-06 14:00:00,0.009635388359410017
2018-09-06 14:30:00,0.008938611433257977
2018-09-06 15:00:00,0.008294128048739944
2018-09-06 15:30:00,0.007785656259764625
2018-09-06 16:00:00,0.007230998932304643
2018-09-06 16:30:00,0.006875688106577279
2018-09-06 17:00:00,0.006508528085059353
2018-09-06 17:30:00,0.006247645354280122
2018-09-06 18:00:00,0.006019810163469596
2018-09-06 18:30:00,0.005917299738779539
2018-09-06 19:00:00,0.005803654879876214
2018-09-06 19:30:00,0.005696132085005721
2018-09-06 20:00:00,0.005606931290885622
2018-09-06 20:30:00,0.005526916940644177
2018-09-06 21:00:00,0.0054504499504369214
2018-09-06 21:30:00,0.005411101014373757
2018-09-06 22:00:00,0.005371390512735193
2018-09-06 22:30:00,0.00532948707124411
2018-09-06 23:00:00,0.0052823529810955925
2018-09-06 23:30:00,0.00525405177046419
2018-09-07 00:00:00,0.005223022302058913
2018-09-07 00:30:00,0.005181427418844367
2018-09-07 01:00:00,0.005147663666572294
2018-09-07 01:30:00,0.0051185215927894625
2018-09-07 02:00:00,0.005080852820708769
2018-09-07 02:30:00,0.005065536612789659
2018-09-07 03:00:00,0.005030570989762326
2018-09-07 03:30:00,0.00499688803177315
2018-09-07 04:00:00,0.005125273271938468
2018-09-07 04:30:00,0.0051864101049374405
2018-09-07 05:00:00,0.005206420527649498
2018-09-07 05:30:00,0.005260896184487627
2018-09-07 06:00:00,0.005374689910205021
2018-09-07 06:30:00,0.005798082641025475
2018-09-07 07:00:00,0.006446014959393284
2018-09-07 07:30:00,0.007416627033497339
2018-09-07 08:00:00,0.008322666174098685
2018-09-07 08:30:00,0.009353702551510686
2018-09-07 09:00:00,0.010260659108962452
2018-09-07 09:30:00,0.011005045182255133
2018-09-07 10:00:00,0.011520207050318462
2018-09-07 10:30:00,0.011824447073303684
2018-09-07 11:00:00,0.01188964192191494
2018-09-07 11:30:00,0.011812143353874663
2018-09-07 12:00:00,0.01169437396914827
2018-09-07 12:30:00,0.011319943020141112
2018-09-07 13:00:00,0.01093518122757144
2018-09-07 13:30:00,0.010286752537697652
2018-09-07 14:00:00,0.009685355829175627
2018-09-07 14:30:00,0.008971759296514425
2018-09-07 15:00:00,0.008302669477487175
2018-09-07 15:30:00,0.007796619843084088
2018-09-07 16:00:00,0.007254417780130714
2018-09-07 16:30:00,0.00689297841790034
2018-09-07 17:00:00,0.006521807473570382
2018-09-07 17:30:00,0.006263861012365192
2018-09-07 18:00:00,0.006034648189755808
2018-09-07 18:30:00,0.005921399825447975
2018-09-07 19:00:00,0.005797071484951807
2018-09-07 19:30:00,0.005695676333829816
2018-09-07 20:00:00,0.005608602862105962
2018-09-07 20:30:00,0.005536001945291953
2018-09-07 21:00:00,0.005453878350933033
2018-09-07 21:30:00,0.005412591356429143
2018-09-07 22:00:00,0.005350849570657258
2018-09-07 22:30:00,0.005287918301098898
2018-09-07 23:00:00,0.005234109197094676
2018-09-07 23:30:00,0.005197903761245527
2018-09-08 00:00:00,0.005471983970309756
2018-09-08 00:30:00,0.005821863166021259
2018-09-08 01:00:00,0.005952062483345122
2018-09-08 01:30:00,0.006032775860365673
2018-09-08 02:00:00,0.006044097438242505
2018-09-08 02:30:00,0.006008626292975492
2018-09-08 03:00:00,0.0059993997867383315
2018-09-08 03:30:00,0.00599366205352083
2018-09-08 04:00:00,0.006104181936866165
2018-09-08 04:30:00,0.006169672845190858
2018-09-08 05:00:00,0.006155236781621493
2018-09-08 05:30:00,0.006120910370821284
2018-09-08 06:00:00,0.006048649147097247
2018-09-08 06:30:00,0.006110021667286109
2018-09-08 07:00:00,0.006268997140639183
2018-09-08 07:30:00,0.006554892732417016
2018-09-08 08:00:00,0.006897753984947753
2018-09-08 08:30:00,0.007309610318838091
2018-09-08 09:00:00,0.007745030015190346
2018-09-08 09:30:00,0.008184186781909563
2018-09-08 10:00:00,0.008561791026812413
2018-09-08 10:30:00,0.00882343996414741
2018-09-08 11:00:00,0.008945989937665322
2018-09-08 11:30:00,0.008963746936406999
2018-09-08 12:00:00,0.008884524682602028
2018-09-08 12:30:00,0.008734653519712948
2018-09-08 13:00:00,0.008519006101839824
2018-09-08 13:30:00,0.00827076890387154
2018-09-08 14:00:00,0.007995472428385622
2018-09-08 14:30:00,0.007739354997976972
2018-09-08 15:00:00,0.007461171019631967
2018-09-08 15:30:00,0.007247320047015872
2018-09-08 16:00:00,0.007043848796271557
2018-09-08 16:30:00,0.006869973027005397
2018-09-08 17:00:00,0.006696004746053433
2018-09-08 17:30:00,0.0065459270220902584
2018-09-08 18:00:00,0.00642324983105508
2018-09-08 18:30:00,0.006371588805989391
2018-09-08 19:00:00,0.006303743704029323
2018-09-08 19:30:00,0.006258918611819254
2018-09-08 20:00:00,0.006205316515266378
2018-09-08 20:30:00,0.006157809142139555
2018-09-08 21:00:00,0.006141870795923271
2018-09-08 21:30:00,0.006104078712126275
2018-09-08 22:00:00,0.00608458809572601
2018-09-08 22:30:00,0.006055038591104974
2018-09-08 23:00:00,0.006004984635746483
2018-09-08 23:30:00,0.0058975627221353
2018-09-09 00:00:00,0.005528375366725932
2018-09-09 00:30:00,0.005013209816050259
2018-09-09 01:00:00,0.004874080052202672
2018-09-09 01:30:00,0.0046729647806027464
2018-09-09 02:00:00,0.004641494737848187
2018-09-09 02:30:00,0.004625300952248543
2018-09-09 03:00:00,0.004592221719494832
2018-09-09 03:30:00,0.00457347342846727
2018-09-09 04:00:00,0.004552924563193083
2018-09-09 04:30:00,0.004531982104775554
2018-09-09 05:00:00,0.004546717575887756
2018-09-09 05:30:00,0.00454274202847307
2018-09-09 06:00:00,0.004651102338665591
2018-09-09 06:30:00,0.004801449004924045
2018-09-09 07:00:00,0.004875234048997486
2018-09-09 07:30:00,0.005040813115845691
2018-09-09 08:00:00,0.005205731655952912
2018-09-09 08:30:00,0.005497846956787798
2018-09-09 09:00:00,0.005800805765460933
2018-09-09 09:30:00,0.0060985674037706515
2018-09-09 10:00:00,0.006422488311460474
2018-09-09 10:30:00,0.006780738531402653
2018-09-09 11:00:00,0.00699958558142943
2018-09-09 11:30:00,0.007151968843907338
2018-09-09 12:00:00,0.007216487877356677
2018-09-09 12:30:00,0.007225784799605589
2018-09-09 13:00:00,0.007176105466357163
2018-09-09 13:30:00,0.007075691675627167
2018-09-09 14:00:00,0.006901919131100897
2018-09-09 14:30:00,0.00665706022778201
2018-09-09 15:00:00,0.006356327725661099
2018-09-09 15:30:00,0.0061107994796504705
2018-09-09 16:00:00,0.005887010140672069
2018-09-09 16:30:00,0.005692949415187704
2018-09-09 17:00:00,0.0055193816462265136
2018-09-09 17:30:00,0.005382011055135281
2018-09-09 18:00:00,0.005274778963451181
2018-09-09 18:30:00,0.005232559263675937
2018-09-09 19:00:00,0.005175474754979267
2018-09-09 19:30:00,0.0051052769101098995
2018-09-09 20:00:00,0.005034863241838426
2018-09-09 20:30:00,0.005002074712271109
2018-09-09 21:00:00,0.0049423620458996795
2018-09-09 21:30:00,0.004899530474504094
2018-09-09 22:00:00,0.004868481923471227
2018-09-09 22:30:00,0.004826550025430228
2018-09-09 23:00:00,0.004765705346343724
2018-09-09 23:30:00,0.004731364428282773
2018-09-10 00:00:00,0.004740203479063827
2018-09-10 00:30:00,0.004787638204292631
2018-09-10 01:00:00,0.004800770288309979
2018-09-10 01:30:00,0.00479044915345273
2018-09-10 02:00:00,0.00476918876283634
2018-09-10 02:30:00,0.004752238814169132
2018-09-10 03:00:00,0.004733386740430112
2018-09-10 03:30:00,0.004688008475208545
2018-09-10 04:00:00,0.004781877705835197
2018-09-10 04:30:00,0.004859030443098262
2018-09-10 05:00:00,0.004868991016728934
2018-09-10 05:30:00,0.004972961876198386
2018-09-10 06:00:00,0.005069819156160494
2018-09-10 06:30:00,0.005461275937967968
2018-09-10 07:00:00,0.006088867514456071
2018-09-10 07:30:00,0.007053016157522617
2018-09-10 08:00:00,0.007962680550988904
2018-09-10 08:30:00,0.008964441164630629
2018-09-10 09:00:00,0.009809845535048965
2018-09-10 09:30:00,0.010526569163560113
2018-09-10 10:00:00,0.011018594629004575
2018-09-10 10:30:00,0.011309867281179017
2018-09-10 11:00:00,0.011367244166976782
2018-09-10 11:30:00,0.011276584388803362
2018-09-10 12:00:00,0.011121005065189832
2018-09-10 12:30:00,0.010783567184695763
2018-09-10 13:00:00,0.010387749297120824
2018-09-10 13:30:00,0.009750075732389077
2018-09-10 14:00:00,0.009168616240709523
2018-09-10 14:30:00,0.008480636852253951
2018-09-10 15:00:00,0.007833420299812259
2018-09-10 15:30:00,0.00734208270171556
2018-09-10 16:00:00,0.006823436635999419
2018-09-10 16:30:00,0.006473717466533323
2018-09-10 17:00:00,0.006127214779962204
2018-09-10 17:30:00,0.0058865648793616256
2018-09-10 18:00:00,0.005676026360750024
2018-09-10 18:30:00,0.005562843167521212
2018-09-10 19:00:00,0.00544455408807734
2018-09-10 19:30:00,0.005336110863309967
2018-09-10 20:00:00,0.005240063423280164
2018-09-10 20:30:00,0.00519445348826399
2018-09-10 21:00:00,0.005112038409558484
2018-09-10 21:30:00,0.005063664060210896
2018-09-10 22:00:00,0.005026791513556273
2018-09-10 22:30:00,0.004979956942544906
2018-09-10 23:00:00,0.004923114481913989
2018-09-10 23:30:00,0.004877851270429532
2018-09-11 00:00:00,0.004835669066343589
2018-09-11 00:30:00,0.004791078210597335
2018-09-11 01:00:00,0.004776681763009227
2018-09-11 01:30:00,0.004733616178338452
2018-09-11 02:00:00,0.004726514093045385
2018-09-11 02:30:00,0.004705796162386406
2018-09-11 03:00:00,0.004653758394918698
2018-09-11 03:30:00,0.0046361534992261765
2018-09-11 04:00:00,0.004738968687986115
2018-09-11 04:30:00,0.004825199845832466
2018-09-11 05:00:00,0.004841627756301613
2018-09-11 05:30:00,0.004921263801820651
2018-09-11 06:00:00,0.0050439170000784505
2018-09-11 06:30:00,0.005418291259174404
2018-09-11 07:00:00,0.006061274927714725
2018-09-11 07:30:00,0.007021236998519956
2018-09-11 08:00:00,0.007917044502903396
2018-09-11 08:30:00,0.00891069310271583
2018-09-11 09:00:00,0.009776346930865517
2018-09-11 09:30:00,0.010509038701274627
2018-09-11 10:00:00,0.011008086908455332
2018-09-11 10:30:00,0.011308144934546085
2018-09-11 11:00:00,0.011397268393807
2018-09-11 11:30:00,0.011307457290386945
2018-09-11 12:00:00,0.011177441545708619
2018-09-11 12:30:00,0.010823829854997002
2018-09-11 13:00:00,0.010450919601698475
2018-09-11 13:30:00,0.009824824839735933
2018-09-11 14:00:00,0.009245101978761428
2018-09-11 14:30:00,0.008538610098062498
2018-09-11 15:00:00,0.00787843811540156
2018-09-11 15:30:00,0.007388903435032066
2018-09-11 16:00:00,0.006860280949292754
2018-09-11 16:30:00,0.00652811511894639
2018-09-11 17:00:00,0.006183494916847925
2018-09-11 17:30:00,0.0059513674739613
2018-09-11 18:00:00,0.0057660002802733205
2018-09-11 18:30:00,0.0056588657220191275
2018-09-11 19:00:00,0.005539972582556849
2018-09-11 19:30:00,0.005428972955258231
2018-09-11 20:00:00,0.0053333809316213916
2018-09-11 20:30:00,0.005250103117279031
2018-09-11 21:00:00,0.00518893280598604
2018-09-11 21:30:00,0.005156086470564386
2018-09-11 22:00:00,0.005111949803673648
2018-09-11 22:30:00,0.005063397015018943
2018-09-11 23:00:00,0.005026952320961875
2018-09-11 23:30:00,0.004988668217837123
2018-09-12 00:00:00,0.0049348028702989495
2018-09-12 00:30:00,0.004898231293507552
2018-09-12 01:00:00,0.004878347865124139
2018-09-12 01:30:00,0.004825303293760983
2018-09-12 02:00:00,0.0047813370313867995
2018-09-12 02:30:00,0.004775153255698659
2018-09-12 03:00:00,0.004741873599558091
2018-09-12 03:30:00,0.004703492297786373
2018-09-12 04:00:00,0.004829393448535525
2018-09-12 04:30:00,0.004926187231333312
2018-09-12 05:00:00,0.0049439750301054864
2018-09-12 05:30:00,0.005035656342623722
2018-09-12 06:00:00,0.005135649645980848
2018-09-12 06:30:00,0.005531692842474529
2018-09-12 07:00:00,0.006159482052491654
2018-09-12 07:30:00,0.007077986724276442
2018-09-12 08:00:00,0.007945100764016897
2018-09-12 08:30:00,0.008930849490789807
2018-09-12 09:00:00,0.009803315370612048
2018-09-12 09:30:00,0.01056548288180104
2018-09-12 10:00:00,0.011094032496453705
2018-09-12 10:30:00,0.011409215569404723
2018-09-12 11:00:00,0.01149107903741912
2018-09-12 11:30:00,0.011417117562736202
2018-09-12 12:00:00,0.011292646493113201
2018-09-12 12:30:00,0.010952508253423608
2018-09-12 13:00:00,0.010567312135786204
2018-09-12 13:30:00,0.009906646013505554
2018-09-12 14:00:00,0.009317097273236645
2018-09-12 14:30:00,0.008624870493618958
2018-09-12 15:00:00,0.0079745166902448
2018-09-12 15:30:00,0.007481184232201858
2018-09-12 16:00:00,0.006946076889316866
2018-09-12 16:30:00,0.006598030407014243
2018-09-12 17:00:00,0.00624309598890596
2018-09-12 17:30:00,0.006008843120726418
2018-09-12 18:00:00,0.005816901013281851
2018-09-12 18:30:00,0.005716556745809099
2018-09-12 19:00:00,0.005608960410286079
2018-09-12 19:30:00,0.005512827489012216
2018-09-12 20:00:00,0.005436906976157655
2018-09-12 20:30:00,0.005385945647436951
2018-09-12 21:00:00,0.005332863915167434
2018-09-12 21:30:00,0.005275220876932224
2018-09-12 22:00:00,0.005248507653380427
2018-09-12 22:30:00,0.005190207101450696
2018-09-12 23:00:00,0.00515603926616982
2018-09-12 23:30:00,0.005106050481890351
2018-09-13 00:00:00,0.005060223384340311
2018-09-13 00:30:00,0.005032044257887763
2018-09-13 01:00:00,0.005024780137651648
2018-09-13 01:30:00,0.004972487265583518
2018-09-13 02:00:00,0.004951362573652215
2018-09-13 02:30:00,0.004920614099728067
2018-09-13 03:00:00,0.004892314339822738
2018-09-13 03:30:00,0.0048727641320591205
2018-09-13 04:00:00,0.004984991966370962
2018-09-13 04:30:00,0.005085860392333729
2018-09-13 05:00:00,0.005104807656022075
2018-09-13 05:30:00,0.005184965181767606
2018-09-13 06:00:00,0.0052804212835307306
2018-09-13 06:30:00,0.005666099934979253
2018-09-13 07:00:00,0.006293900304427717
2018-09-13 07:30:00,0.007254925422662347
2018-09-13 08:00:00,0.008156221693350105
2018-09-13 08:30:00,0.009160286617969114
2018-09-13 09:00:00,0.010022162197450196
2018-09-13 09:30:00,0.010760783978078786
2018-09-13 10:00:00,0.011266422610625642
2018-09-13 10:30:00,0.011576427149463577
2018-09-13 11:00:00,0.011667856816805109
2018-09-13 11:30:00,0.011603757043191193
2018-09-13 12:00:00,0.011472056447569231
2018-09-13 12:30:00,0.01109679434411591
2018-09-13 13:00:00,0.01069255889748161
2018-09-13 13:30:00,0.01004023500809878
2018-09-13 14:00:00,0.009436794896104186
2018-09-13 14:30:00,0.008701940985873052
2018-09-13 15:00:00,0.008038457441962125
2018-09-13 15:30:00,0.007516788955862003
2018-09-13 16:00:00,0.0069690713439690966
2018-09-13 16:30:00,0.006617122631715688
2018-09-13 17:00:00,0.006251399163794092
2018-09-13 17:30:00,0.006008833523615467
2018-09-13 18:00:00,0.005844166628684951
2018-09-13 18:30:00,0.005763888915863893
2018-09-13 19:00:00,0.005668991232044996
2018-09-13 19:30:00,0.005603416181608003
2018-09-13 20:00:00,0.005533913792499711
2018-09-13 20:30:00,0.0054934166625460286
2018-09-13 21:00:00,0.005437047361803905
2018-09-13 21:30:00,0.005392093824539118
2018-09-13 22:00:00,0.005370854078870705
2018-09-13 22:30:00,0.005330365764867781
2018-09-13 23:00:00,0.005287151313382937
2018-09-13 23:30:00,0.005267085316702809
2018-09-14 00:00:00,0.005233729664834822
2018-09-14 00:30:00,0.005204868920316057
2018-09-14 01:00:00,0.005174186510225439
2018-09-14 01:30:00,0.005135482366105068
2018-09-14 02:00:00,0.0051159593873539196
2018-09-14 02:30:00,0.005108800388961023
2018-09-14 03:00:00,0.005067788139656711
2018-09-14 03:30:00,0.005055769766887042
2018-09-14 04:00:00,0.005168807106348247
2018-09-14 04:30:00,0.005268536600748507
2018-09-14 05:00:00,0.005280356782017588
2018-09-14 05:30:00,0.005351757613585351
2018-09-14 06:00:00,0.005471690365671214
2018-09-14 06:30:00,0.005855973083853483
2018-09-14 07:00:00,0.006464256277455095
2018-09-14 07:30:00,0.007427501452960399
2018-09-14 08:00:00,0.00830222187269615
2018-09-14 08:30:00,0.009251968153675976
2018-09-14 09:00:00,0.010097496393782181
2018-09-14 09:30:00,0.010824019342141146
2018-09-14 10:00:00,0.01131510373274075
2018-09-14 10:30:00,0.011617053617226486
2018-09-14 11:00:00,0.011685545743015616
2018-09-14 11:30:00,0.01160447158157986
2018-09-14 12:00:00,0.011468900448792115
2018-09-14 12:30:00,0.011084464734806183
2018-09-14 13:00:00,0.010688333825182174
2018-09-14 13:30:00,0.0100262661899196
2018-09-14 14:00:00,0.009431404779172908
2018-09-14 14:30:00,0.008695624970923539
2018-09-14 15:00:00,0.00802976982466435
2018-09-14 15:30:00,0.007492290209865212
2018-09-14 16:00:00,0.006939336258004886
2018-09-14 16:30:00,0.006594345451191637
2018-09-14 17:00:00,0.006249017741146249
2018-09-14 17:30:00,0.006019105222191882
2018-09-14 18:00:00,0.005821810381911024
2018-09-14 18:30:00,0.005714686201927977
2018-09-14 19:00:00,0.005607267636146196
2018-09-14 19:30:00,0.005532398006940871
2018-09-14 20:00:00,0.00543497193076339
2018-09-14 20:30:00,0.005384212364561304
2018-09-14 21:00:00,0.00531399722257336
2018-09-14 21:30:00,0.005285478403030838
2018-09-14 22:00:00,0.005234106295642528
2018-09-14 22:30:00,0.005190435981387468
2018-09-14 23:00:00,0.005166225037124921
2018-09-14 23:30:00,0.0051268511039355555
2018-09-15 00:00:00,0.0054521706231551535
2018-09-15 00:30:00,0.00581051212724569
2018-09-15 01:00:00,0.005927151954331904
2018-09-15 01:30:00,0.006014663433735832
2018-09-15 02:00:00,0.006039047907155708
2018-09-15 02:30:00,0.006022995399956821
2018-09-15 03:00:00,0.006009865436231427
2018-09-15 03:30:00,0.006004443068543579
2018-09-15 04:00:00,0.006124300494467902
2018-09-15 04:30:00,0.006234557350016564
2018-09-15 05:00:00,0.006200622858444998
2018-09-15 05:30:00,0.006155105211926
2018-09-15 06:00:00,0.006077262152240276
2018-09-15 06:30:00,0.006133348226615003
2018-09-15 07:00:00,0.00626344643949093
2018-09-15 07:30:00,0.006519524253918326
2018-09-15 08:00:00,0.0068549844599904135
2018-09-15 08:30:00,0.007276096761016648
2018-09-15 09:00:00,0.007712981132732209
2018-09-15 09:30:00,0.008154119256485749
2018-09-15 10:00:00,0.00852905260309181
2018-09-15 10:30:00,0.00876368053975867
2018-09-15 11:00:00,0.00887424930141327
2018-09-15 11:30:00,0.008911758270437185
2018-09-15 12:00:00,0.008842430526429353
2018-09-15 12:30:00,0.008691480581312689
2018-09-15 13:00:00,0.00848399773819046
2018-09-15 13:30:00,0.008238152117952537
2018-09-15 14:00:00,0.007973768338779174
2018-09-15 14:30:00,0.007731705430982392
2018-09-15 15:00:00,0.007459460501996253
2018-09-15 15:30:00,0.007241457662950307
2018-09-15 16:00:00,0.0070117438934680955
2018-09-15 16:30:00,0.006831500552679634
2018-09-15 17:00:00,0.006657388538252018
2018-09-15 17:30:00,0.0065293541506080115
2018-09-15 18:00:00,0.0064438091861947246
2018-09-15 18:30:00,0.006380447385775289
2018-09-15 19:00:00,0.00632939879030151
2018-09-15 19:30:00,0.006282631622255434
2018-09-15 20:00:00,0.006255198503787928
2018-09-15 20:30:00,0.006195396338777157
2018-09-15 21:00:00,0.006177077351073224
2018-09-15 21:30:00,0.006161660150300492
2018-09-15 22:00:00,0.006131869713556838
2018-09-15 22:30:00,0.006119774675493865
2018-09-15 23:00:00,0.006057903886695697
2018-09-15 23:30:00,0.005944679068787989
2018-09-16 00:00:00,0.0055730021558410975
2018-09-16 00:30:00,0.005062843618818818
2018-09-16 01:00:00,0.0049421589442493015
2018-09-16 01:30:00,0.0047634490209211965
2018-09-16 02:00:00,0.004744063972741403
2018-09-16 02:30:00,0.004718438458962265
2018-09-16 03:00:00,0.0046784381468918165
2018-09-16 03:30:00,0.004671798954810711
2018-09-16 04:00:00,0.004670912895962357
2018-09-16 04:30:00,0.004645367060522983
2018-09-16 05:00:00,0.004656068843583222
2018-09-16 05:30:00,0.004660923977376085
2018-09-16 06:00:00,0.004780225440431075
2018-09-16 06:30:00,0.004929491427358615
2018-09-16 07:00:00,0.004991229195735218
2018-09-16 07:30:00,0.005115858729283237
2018-09-16 08:00:00,0.005277156591892368
2018-09-16 08:30:00,0.005568426342614663
2018-09-16 09:00:00,0.005836635909634136
2018-09-16 09:30:00,0.0061256149638853775
2018-09-16 10:00:00,0.006441442717184876
2018-09-16 10:30:00,0.006788787159661933
2018-09-16 11:00:00,0.007003016325406123
2018-09-16 11:30:00,0.0071806421099795984
2018-09-16 12:00:00,0.007273098221815733
2018-09-16 12:30:00,0.007293104069160941
2018-09-16 13:00:00,0.007256634043194732
2018-09-16 13:30:00,0.007105971565029371
2018-09-16 14:00:00,0.006937653304164581
2018-09-16 14:30:00,0.006703460585319958
2018-09-16 15:00:00,0.006388808031734819
2018-09-16 15:30:00,0.006165314752469855
2018-09-16 16:00:00,0.005926467434813541
2018-09-16 16:30:00,0.005718327412779733
2018-09-16 17:00:00,0.0055425017560756275
2018-09-16 17:30:00,0.005402059308319578
2018-09-16 18:00:00,0.005307885536811672
2018-09-16 18:30:00,0.005244292959352137
2018-09-16 19:00:00,0.005204785782552578
2018-09-16 19:30:00,0.00515222140151996
2018-09-16 20:00:00,0.005115402866513021
2018-09-16 20:30:00,0.00505266119569312
2018-09-16 21:00:00,0.004992958684404209
2018-09-16 21:30:00,0.00496230618158958
2018-09-16 22:00:00,0.004936924947762463
2018-09-16 22:30:00,0.004889387890548276
2018-09-16 23:00:00,0.004857140704995237
2018-09-16 23:30:00,0.0048502316778643445
2018-09-17 00:00:00,0.004871388285769279
2018-09-17 00:30:00,0.004934545533812262
2018-09-17 01:00:00,0.004953525606228745
2018-09-17 01:30:00,0.0049648652623843475
2018-09-17 02:00:00,0.00494093241115078
2018-09-17 02:30:00,0.004925028101200081
2018-09-17 03:00:00,0.004872843810398885
2018-09-17 03:30:00,0.004841188297895465
2018-09-17 04:00:00,0.004953878579042012
2018-09-17 04:30:00,0.005034883552003463
2018-09-17 05:00:00,0.005042577533534774
2018-09-17 05:30:00,0.005115393046213442
2018-09-17 06:00:00,0.005239693711319887
2018-09-17 06:30:00,0.005608820471017082
2018-09-17 07:00:00,0.006190913037236526
2018-09-17 07:30:00,0.007092033881663627
2018-09-17 08:00:00,0.007952244362394546
2018-09-17 08:30:00,0.00889589458081656
2018-09-17 09:00:00,0.009740158122569063
2018-09-17 09:30:00,0.01045601577920827
2018-09-17 10:00:00,0.010937597802428003
2018-09-17 10:30:00,0.011211855000073274
2018-09-17 11:00:00,0.01127690187462497
2018-09-17 11:30:00,0.011194035620110409
2018-09-17 12:00:00,0.011065279105664426
2018-09-17 12:30:00,0.010725429895246526
2018-09-17 13:00:00,0.010332480874280339
2018-09-17 13:30:00,0.009691344426409641
2018-09-17 14:00:00,0.009136293282617686
2018-09-17 14:30:00,0.008465579096764667
2018-09-17 15:00:00,0.007818189126759955
2018-09-17 15:30:00,0.00735325530118401
2018-09-17 16:00:00,0.006839791452193293
2018-09-17 16:30:00,0.006488575021824381
2018-09-17 17:00:00,0.006123568212583406
2018-09-17 17:30:00,0.00588071655617955
2018-09-17 18:00:00,0.005708558892962413
2018-09-17 18:30:00,0.0055967228662849025
2018-09-17 19:00:00,0.005493407958189584
2018-09-17 19:30:00,0.0054140772347119935
2018-09-17 20:00:00,0.005325024861028711
2018-09-17 20:30:00,0.005276336708471857
2018-09-17 21:00:00,0.005218464455516934
2018-09-17 21:30:00,0.0051772102697411814
2018-09-17 22:00:00,0.0051337159397183444
2018-09-17 22:30:00,0.0050865379930046615
2018-09-17 23:00:00,0.0050648594584959804
2018-09-17 23:30:00,0.005029487074196323
2018-09-18 00:00:00,0.004998369111500525
2018-09-18 00:30:00,0.0049618590231758075
2018-09-18 01:00:00,0.004938016674930403
2018-09-18 01:30:00,0.004893412093083602
2018-09-18 02:00:00,0.00485967992200222
2018-09-18 02:30:00,0.0048538594973984925
2018-09-18 03:00:00,0.0048250330123339406
2018-09-18 03:30:00,0.004804537712330184
2018-09-18 04:00:00,0.004913913307585969
2018-09-18 04:30:00,0.004983885285565027
2018-09-18 05:00:00,0.004997641628171504
2018-09-18 05:30:00,0.00508232363375931
2018-09-18 06:00:00,0.005195468996515882
2018-09-18 06:30:00,0.005586242374748127
2018-09-18 07:00:00,0.006167392861773891
2018-09-18 07:30:00,0.0070578119231407555
2018-09-18 08:00:00,0.00790205515472822
2018-09-18 08:30:00,0.00886458791213681
2018-09-18 09:00:00,0.00972281413438126
2018-09-18 09:30:00,0.010425647730298485
2018-09-18 10:00:00,0.010907545230642184
2018-09-18 10:30:00,0.011215207404841965
2018-09-18 11:00:00,0.011297520709533656
2018-09-18 11:30:00,0.011206529161466514
2018-09-18 12:00:00,0.011079338984803339
2018-09-18 12:30:00,0.010730020662110956
2018-09-18 13:00:00,0.010345535288655564
2018-09-18 13:30:00,0.009704032030276737
2018-09-18 14:00:00,0.009130535797206716
2018-09-18 14:30:00,0.008464336494085015
2018-09-18 15:00:00,0.007818972853622926
2018-09-18 15:30:00,0.0073240156939712725
2018-09-18 16:00:00,0.00679094092991045
2018-09-18 16:30:00,0.006447573262385528
2018-09-18 17:00:00,0.006088422476334253
2018-09-18 17:30:00,0.0058459782507686
2018-09-18 18:00:00,0.00569953905939366
2018-09-18 18:30:00,0.005579711205962388
2018-09-18 19:00:00,0.005482106020911908
2018-09-18 19:30:00,0.005399400908585889
2018-09-18 20:00:00,0.005303699076144671
2018-09-18 20:30:00,0.005221148633537016
2018-09-18 21:00:00,0.005153167944486174
2018-09-18 21:30:00,0.005115241724324478
2018-09-18 22:00:00,0.00507093933987835
2018-09-18 22:30:00,0.005016982038625939
2018-09-18 23:00:00,0.004961196934114437
2018-09-18 23:30:00,0.004956024872471532
2018-09-19 00:00:00,0.004880324646791612
2018-09-19 00:30:00,0.004840164643258695
2018-09-19 01:00:00,0.004809240296696637
2018-09-19 01:30:00,0.0047598792304300135
2018-09-19 02:00:00,0.004752410669411759
2018-09-19 02:30:00,0.004719041737820477
2018-09-19 03:00:00,0.004678636896363972
2018-09-19 03:30:00,0.004661523796810582
2018-09-19 04:00:00,0.0047949893680931934
2018-09-19 04:30:00,0.004895974075330518
2018-09-19 05:00:00,0.004899342438086023
2018-09-19 05:30:00,0.004964421898177231
2018-09-19 06:00:00,0.005064909675937009
2018-09-19 06:30:00,0.0054534374418008106
2018-09-19 07:00:00,0.006080312694391234
2018-09-19 07:30:00,0.007004133161294577
2018-09-19 08:00:00,0.007901033955166344
2018-09-19 08:30:00,0.008898396636917183
2018-09-19 09:00:00,0.00978120005596074
2018-09-19 09:30:00,0.010536350181940532
2018-09-19 10:00:00,0.011061197543652018
2018-09-19 10:30:00,0.011380777990522352
2018-09-19 11:00:00,0.01144564776489869
2018-09-19 11:30:00,0.01135708819170336
2018-09-19 12:00:00,0.011231149545264905
2018-09-19 12:30:00,0.010905983803009164
2018-09-19 13:00:00,0.010528655307654714
2018-09-19 13:30:00,0.009868434446684508
2018-09-19 14:00:00,0.009270103233951436
2018-09-19 14:30:00,0.008546455401482772
2018-09-19 15:00:00,0.007869433570253742
2018-09-19 15:30:00,0.007375882833733799
2018-09-19 16:00:00,0.006848509757927253
2018-09-19 16:30:00,0.006507207143171699
2018-09-19 17:00:00,0.006142142528076386
2018-09-19 17:30:00,0.0059054615908260034
2018-09-19 18:00:00,0.0057520817911294805
2018-09-19 18:30:00,0.0056389707994214345
2018-09-19 19:00:00,0.00553876814513238
2018-09-19 19:30:00,0.00545848016563449
2018-09-19 20:00:00,0.005371100702303308
2018-09-19 20:30:00,0.005305952500115049
2018-09-19 21:00:00,0.005251274411192422
2018-09-19 21:30:00,0.005213194637255496
2018-09-19 22:00:00,0.005160415660358219
2018-09-19 22:30:00,0.005108518613319702
2018-09-19 23:00:00,0.005074029944387816
2018-09-19 23:30:00,0.0050515135597741685
2018-09-20 00:00:00,0.0049973360829414296
2018-09-20 00:30:00,0.004969324236364659
2018-09-20 01:00:00,0.004949347738323874
2018-09-20 01:30:00,0.004923971079863606
2018-09-20 02:00:00,0.004881297972393041
2018-09-20 02:30:00,0.0048775114657452455
2018-09-20 03:00:00,0.004840822156953216
2018-09-20 03:30:00,0.004822625922994017
2018-09-20 04:00:00,0.004936236076065878
2018-09-20 04:30:00,0.005025158888751309
2018-09-20 05:00:00,0.005032687264321542
2018-09-20 05:30:00,0.005131168018354916
2018-09-20 06:00:00,0.005247976799231609
2018-09-20 06:30:00,0.005638649073015917
2018-09-20 07:00:00,0.006217508417193375
2018-09-20 07:30:00,0.007130778311331132
2018-09-20 08:00:00,0.008017978881105378
2018-09-20 08:30:00,0.009001762878396664
2018-09-20 09:00:00,0.009894578427643679
2018-09-20 09:30:00,0.010645880335320369
2018-09-20 10:00:00,0.011143886363208278
2018-09-20 10:30:00,0.011433922661984623
2018-09-20 11:00:00,0.011489233267475571
2018-09-20 11:30:00,0.011402610748372143
2018-09-20 12:00:00,0.01128250212364837
2018-09-20 12:30:00,0.01095312536997668
2018-09-20 13:00:00,0.010570819098678946
2018-09-20 13:30:00,0.009884902754295103
2018-09-20 14:00:00,0.009269375862216728
2018-09-20 14:30:00,0.008584887255478459
2018-09-20 15:00:00,0.007916661064842572
2018-09-20 15:30:00,0.007416960142522822
2018-09-20 16:00:00,0.006857690175712982
2018-09-20 16:30:00,0.006485932468483195
2018-09-20 17:00:00,0.0061233923399454954
2018-09-20 17:30:00,0.005877501747199275
2018-09-20 18:00:00,0.005733150039050696
2018-09-20 18:30:00,0.005616745899154374
2018-09-20 19:00:00,0.005518652823765732
2018-09-20 19:30:00,0.0054407110031126525
2018-09-20 20:00:00,0.005358758817619108
2018-09-20 20:30:00,0.005298663159564109
2018-09-20 21:00:00,0.005241952938194563
2018-09-20 21:30:00,0.00518590514066933
2018-09-20 22:00:00,0.005132137103372436
2018-09-20 22:30:00,0.005133560935217039
2018-09-20 23:00:00,0.005088379075987047
2018-09-20 23:30:00,0.005060208207513689
2018-09-21 00:00:00,0.005040043784649147
2018-09-21 00:30:00,0.0050048580976358
2018-09-21 01:00:00,0.00497677494229277
2018-09-21 01:30:00,0.004944358021789058
2018-09-21 02:00:00,0.0049182847916245795
2018-09-21 02:30:00,0.004906902394846947
2018-09-21 03:00:00,0.004868473219114782
2018-09-21 03:30:00,0.004852344046622593
2018-09-21 04:00:00,0.004966172589765766
2018-09-21 04:30:00,0.005020758613379843
2018-09-21 05:00:00,0.00503453928354664
2018-09-21 05:30:00,0.005136744832572503
2018-09-21 06:00:00,0.005231462737952521
2018-09-21 06:30:00,0.0056040353068587175
2018-09-21 07:00:00,0.0061609476206094665
2018-09-21 07:30:00,0.007049134014548243
2018-09-21 08:00:00,0.007887384296723473
2018-09-21 08:30:00,0.00882409837059644
2018-09-21 09:00:00,0.00965408732575106
2018-09-21 09:30:00,0.010334799804112681
2018-09-21 10:00:00,0.010794862649503259
2018-09-21 10:30:00,0.011073890169263214
2018-09-21 11:00:00,0.01112971020279481
2018-09-21 11:30:00,0.011041998076815399
2018-09-21 12:00:00,0.01090397577493394
2018-09-21 12:30:00,0.010592802397257507
2018-09-21 13:00:00,0.010203593906081998
2018-09-21 13:30:00,0.00955747878951351
2018-09-21 14:00:00,0.008949226284348081
2018-09-21 14:30:00,0.008257874069364471
2018-09-21 15:00:00,0.0076125811796970725
2018-09-21 15:30:00,0.007126035999389111
2018-09-21 16:00:00,0.006620928332585388
2018-09-21 16:30:00,0.0062710012629134376
2018-09-21 17:00:00,0.005940583892269343
2018-09-21 17:30:00,0.005688123407510637
2018-09-21 18:00:00,0.0055701841762392556
2018-09-21 18:30:00,0.0054732631759242
2018-09-21 19:00:00,0.005398281840811168
2018-09-21 19:30:00,0.005312179685991101
2018-09-21 20:00:00,0.005231126281097636
2018-09-21 20:30:00,0.005189492339873402
2018-09-21 21:00:00,0.005140672059649489
2018-09-21 21:30:00,0.005070907535499033
2018-09-21 22:00:00,0.005036563492797307
2018-09-21 22:30:00,0.004990401947090023
2018-09-21 23:00:00,0.00494107703738094
2018-09-21 23:30:00,0.004908713458959029
2018-09-22 00:00:00,0.005226041820990747
2018-09-22 00:30:00,0.005591947076048863
2018-09-22 01:00:00,0.005741293410882048
2018-09-22 01:30:00,0.005840107720318158
2018-09-22 02:00:00,0.005853484865447722
2018-09-22 02:30:00,0.005862737707942843
2018-09-22 03:00:00,0.005872360597181181
2018-09-22 03:30:00,0.005863523220314829
2018-09-22 04:00:00,0.005979402755343883
2018-09-22 04:30:00,0.006079573716847933
2018-09-22 05:00:00,0.006067366414905687
2018-09-22 05:30:00,0.006062594307281989
2018-09-22 06:00:00,0.005967702761150329
2018-09-22 06:30:00,0.0060193359992319825
2018-09-22 07:00:00,0.006152130442313837
2018-09-22 07:30:00,0.006373530323853833
2018-09-22 08:00:00,0.006651733273232114
2018-09-22 08:30:00,0.007000058852912537
2018-09-22 09:00:00,0.007391341324402487
2018-09-22 09:30:00,0.00775904101601999
2018-09-22 10:00:00,0.008094419981431927
2018-09-22 10:30:00,0.008348817073905284
2018-09-22 11:00:00,0.00846639485119558
2018-09-22 11:30:00,0.008485169143698165
2018-09-22 12:00:00,0.008409786403839851
2018-09-22 12:30:00,0.008265904954127918
2018-09-22 13:00:00,0.008057985665646005
2018-09-22 13:30:00,0.0078085945824772195
2018-09-22 14:00:00,0.007546227200952585
2018-09-22 14:30:00,0.007298483138255192
2018-09-22 15:00:00,0.007027900294972753
2018-09-22 15:30:00,0.006814898778270219
2018-09-22 16:00:00,0.0066262664465666235
2018-09-22 16:30:00,0.006473277561749922
2018-09-22 17:00:00,0.006321862156752086
2018-09-22 17:30:00,0.006181277649435086
2018-09-22 18:00:00,0.006125250273669204
2018-09-22 18:30:00,0.0060487476848759755
2018-09-22 19:00:00,0.005996984885796471
2018-09-22 19:30:00,0.005967811342417263
2018-09-22 20:00:00,0.005929677556832653
2018-09-22 20:30:00,0.005899176041124048
2018-09-22 21:00:00,0.005883919312973976
2018-09-22 21:30:00,0.0058708732681722565
2018-09-22 22:00:00,0.005847089172158444
2018-09-22 22:30:00,0.005825540310241928
2018-09-22 23:00:00,0.0057730563887092665
2018-09-22 23:30:00,0.005642158602577867
2018-09-23 00:00:00,0.0052907847126327555
2018-09-23 00:30:00,0.004792144159478882
2018-09-23 01:00:00,0.004656473372969277
2018-09-23 01:30:00,0.004443139082024199
2018-09-23 02:00:00,0.004421043742754989
2018-09-23 02:30:00,0.004404337850851176
2018-09-23 03:00:00,0.0043640940399889
2018-09-23 03:30:00,0.004364351599664215
2018-09-23 04:00:00,0.004356405303390319
2018-09-23 04:30:00,0.004324147181594566
2018-09-23 05:00:00,0.0043187676661230615
2018-09-23 05:30:00,0.004346129699012935
2018-09-23 06:00:00,0.004440926501572523
2018-09-23 06:30:00,0.004577387710603903
2018-09-23 07:00:00,0.004650851363054766
2018-09-23 07:30:00,0.0047328947211023546
2018-09-23 08:00:00,0.0048690325298135165
2018-09-23 08:30:00,0.005127748656998189
2018-09-23 09:00:00,0.0053823453916982105
2018-09-23 09:30:00,0.005646671922988802
2018-09-23 10:00:00,0.005955399488098563
2018-09-23 10:30:00,0.00630394870278303
2018-09-23 11:00:00,0.006535540604559674
2018-09-23 11:30:00,0.0066840314573863744
2018-09-23 12:00:00,0.006757883569642166
2018-09-23 12:30:00,0.00678252638389755
2018-09-23 13:00:00,0.006722438091067234
2018-09-23 13:30:00,0.006604202911676731
2018-09-23 14:00:00,0.006426892604227222
2018-09-23 14:30:00,0.0061962248149597995
2018-09-23 15:00:00,0.005908255800839092
2018-09-23 15:30:00,0.005668815024624145
2018-09-23 16:00:00,0.005452700361360838
2018-09-23 16:30:00,0.005258488202393196
2018-09-23 17:00:00,0.005092600019296888
2018-09-23 17:30:00,0.004962399474435579
2018-09-23 18:00:00,0.004892368351470422
2018-09-23 18:30:00,0.004838783663630436
2018-09-23 19:00:00,0.0048116820918680265
2018-09-23 19:30:00,0.004757147290043798
2018-09-23 20:00:00,0.004702620857793074
2018-09-23 20:30:00,0.004672898047203336
2018-09-23 21:00:00,0.004622693774304702
2018-09-23 21:30:00,0.004588998540941053
2018-09-23 22:00:00,0.00456145896149857
2018-09-23 22:30:00,0.00451334752835334
2018-09-23 23:00:00,0.004486289701561781
2018-09-23 23:30:00,0.004474084519911489
2018-09-24 00:00:00,0.0045074170717566055
2018-09-24 00:30:00,0.004564355838279983
2018-09-24 01:00:00,0.0045828993537424655
2018-09-24 01:30:00,0.004574276684335085
2018-09-24 02:00:00,0.004557878011576047
2018-09-24 02:30:00,0.004551457432754883
2018-09-24 03:00:00,0.004504774295226792
2018-09-24 03:30:00,0.004484228666187694
2018-09-24 04:00:00,0.004618014401555436
2018-09-24 04:30:00,0.004696269913823468
2018-09-24 05:00:00,0.004725411429634733
2018-09-24 05:30:00,0.00485175192719572
2018-09-24 06:00:00,0.004938707443730317
2018-09-24 06:30:00,0.005297924628398062
2018-09-24 07:00:00,0.005872651411961888
2018-09-24 07:30:00,0.006745155680227933
2018-09-24 08:00:00,0.007553487192199104
2018-09-24 08:30:00,0.008467612345154717
2018-09-24 09:00:00,0.00925267041669017
2018-09-24 09:30:00,0.009916637498761035
2018-09-24 10:00:00,0.010369861398249535
2018-09-24 10:30:00,0.010636825461137209
2018-09-24 11:00:00,0.010697294848547768
2018-09-24 11:30:00,0.010617184192413861
2018-09-24 12:00:00,0.010471226753689847
2018-09-24 12:30:00,0.010153873952503497
2018-09-24 13:00:00,0.009777470685601402
2018-09-24 13:30:00,0.009122624541547227
2018-09-24 14:00:00,0.008532067211873854
2018-09-24 14:30:00,0.007889826538272115
2018-09-24 15:00:00,0.007274851145290537
2018-09-24 15:30:00,0.00680506452940231
2018-09-24 16:00:00,0.006277925578465266
2018-09-24 16:30:00,0.005936627539076561
2018-09-24 17:00:00,0.005581754051463391
2018-09-24 17:30:00,0.005363449796176967
2018-09-24 18:00:00,0.00524448702186313
2018-09-24 18:30:00,0.005154271389057021
2018-09-24 19:00:00,0.00507627332486999
2018-09-24 19:30:00,0.0050113978591836686
2018-09-24 20:00:00,0.004942680201287169
2018-09-24 20:30:00,0.004895762715700948
2018-09-24 21:00:00,0.004848875918550912
2018-09-24 21:30:00,0.004833695744099831
2018-09-24 22:00:00,0.004804600316739998
2018-09-24 22:30:00,0.004773455459814672
2018-09-24 23:00:00,0.004748031820148465
2018-09-24 23:30:00,0.004747918998297623
2018-09-25 00:00:00,0.004706918020018963
2018-09-25 00:30:00,0.004688746559997337
2018-09-25 01:00:00,0.00469230217801072
2018-09-25 01:30:00,0.004649166512111133
2018-09-25 02:00:00,0.004629344125817145
2018-09-25 02:30:00,0.004617040964359694
2018-09-25 03:00:00,0.0045730850802566565
2018-09-25 03:30:00,0.004587119292703487
2018-09-25 04:00:00,0.004710273661022742
2018-09-25 04:30:00,0.004772454570417835
2018-09-25 05:00:00,0.004792259659593246
2018-09-25 05:30:00,0.0049117050793125155
2018-09-25 06:00:00,0.00501938377143882
2018-09-25 06:30:00,0.005366378700526324
2018-09-25 07:00:00,0.0059166345250773935
2018-09-25 07:30:00,0.00677235378107143
2018-09-25 08:00:00,0.007581879352195923
2018-09-25 08:30:00,0.00848188302595163
2018-09-25 09:00:00,0.009281940154367525
2018-09-25 09:30:00,0.009966792781756089
2018-09-25 10:00:00,0.010438072864340477
2018-09-25 10:30:00,0.010754598751664571
2018-09-25 11:00:00,0.01084898533352812
2018-09-25 11:30:00,0.010772349054747447
2018-09-25 12:00:00,0.010638363453964416
2018-09-25 12:30:00,0.01032687671945597
2018-09-25 13:00:00,0.009979500695788223
2018-09-25 13:30:00,0.009348327165028777
2018-09-25 14:00:00,0.008773338692800042
2018-09-25 14:30:00,0.008113218824683459
2018-09-25 15:00:00,0.007491440753951651
2018-09-25 15:30:00,0.007023377265856553
2018-09-25 16:00:00,0.006508630082261796
2018-09-25 16:30:00,0.006172394853683181
2018-09-25 17:00:00,0.005829326482106784
2018-09-25 17:30:00,0.005610191295562823
2018-09-25 18:00:00,0.0054640360001211585
2018-09-25 18:30:00,0.005343574067801177
2018-09-25 19:00:00,0.005246022336426814
2018-09-25 19:30:00,0.005159746206072164
2018-09-25 20:00:00,0.0050774296651453854
2018-09-25 20:30:00,0.005022676919627098
2018-09-25 21:00:00,0.004964956769721331
2018-09-25 21:30:00,0.004935067125633068
2018-09-25 22:00:00,0.004918185584279972
2018-09-25 22:30:00,0.0048686432888483955
2018-09-25 23:00:00,0.004860444454643287
2018-09-25 23:30:00,0.0048365437425719774
2018-09-26 00:00:00,0.0047905934448999495
2018-09-26 00:30:00,0.004765074280501477
2018-09-26 01:00:00,0.00475309809038227
2018-09-26 01:30:00,0.004723657836594048
2018-09-26 02:00:00,0.004706490390610035
2018-09-26 02:30:00,0.0046836342013121
2018-09-26 03:00:00,0.004654624255196327
2018-09-26 03:30:00,0.004626562302772843
2018-09-26 04:00:00,0.004772737350407977
2018-09-26 04:30:00,0.004880963412641484
2018-09-26 05:00:00,0.0048912275228045875
2018-09-26 05:30:00,0.004970125260346207
2018-09-26 06:00:00,0.0050751742324773655
2018-09-26 06:30:00,0.005441150684707427
2018-09-26 07:00:00,0.005969476887544678
2018-09-26 07:30:00,0.006786248500626517
2018-09-26 08:00:00,0.007608486561149995
2018-09-26 08:30:00,0.008533569159737832
2018-09-26 09:00:00,0.009373371942001009
2018-09-26 09:30:00,0.010109742865328428
2018-09-26 10:00:00,0.010624846927537422
2018-09-26 10:30:00,0.010935630394682854
2018-09-26 11:00:00,0.011038336778987232
2018-09-26 11:30:00,0.010968990956700633
2018-09-26 12:00:00,0.01086134027474699
2018-09-26 12:30:00,0.010539058241143678
2018-09-26 13:00:00,0.010178054654707114
2018-09-26 13:30:00,0.009534882949748722
2018-09-26 14:00:00,0.008942231775973128
2018-09-26 14:30:00,0.008257461058810596
2018-09-26 15:00:00,0.007601084956719777
2018-09-26 15:30:00,0.007109553519300714
2018-09-26 16:00:00,0.006575979035904509
2018-09-26 16:30:00,0.006222613857031184
2018-09-26 17:00:00,0.005875569268474218
2018-09-26 17:30:00,0.005642530434830099
2018-09-26 18:00:00,0.005511585890681386
2018-09-26 18:30:00,0.005410100013382607
2018-09-26 19:00:00,0.005313335579889241
2018-09-26 19:30:00,0.0052245556079249566
2018-09-26 20:00:00,0.005145786538626681
2018-09-26 20:30:00,0.0051044987629625975
2018-09-26 21:00:00,0.005045175783933544
2018-09-26 21:30:00,0.0050069745953836425
2018-09-26 22:00:00,0.004999071709297657
2018-09-26 22:30:00,0.004956173962474228
2018-09-26 23:00:00,0.004940017114592317
2018-09-26 23:30:00,0.004928891384735493
2018-09-27 00:00:00,0.004864613618191713
2018-09-27 00:30:00,0.0048462492116022274
2018-09-27 01:00:00,0.004827454608934606
2018-09-27 01:30:00,0.004806521636033715
2018-09-27 02:00:00,0.004797036677366733
2018-09-27 02:30:00,0.004779341278686049
2018-09-27 03:00:00,0.004735108640685793
2018-09-27 03:30:00,0.004717149433048243
2018-09-27 04:00:00,0.004845959512764655
2018-09-27 04:30:00,0.004932523221664923
2018-09-27 05:00:00,0.004953514558391719
2018-09-27 05:30:00,0.005047497280435093
2018-09-27 06:00:00,0.005148862189498153
2018-09-27 06:30:00,0.005486767650165345
2018-09-27 07:00:00,0.006020324724848659
2018-09-27 07:30:00,0.006885841738370123
2018-09-27 08:00:00,0.0077302800368174015
2018-09-27 08:30:00,0.008656020372288388
2018-09-27 09:00:00,0.009503977351031315
2018-09-27 09:30:00,0.010230857066410203
2018-09-27 10:00:00,0.010738713077964212
2018-09-27 10:30:00,0.011050435276473917
2018-09-27 11:00:00,0.011134659410593866
2018-09-27 11:30:00,0.011055304359555956
2018-09-27 12:00:00,0.01094063383731822
2018-09-27 12:30:00,0.010597222090039507
2018-09-27 13:00:00,0.010232781621939007
2018-09-27 13:30:00,0.009585527127430759
2018-09-27 14:00:00,0.009000658094694056
2018-09-27 14:30:00,0.008335344180854829
2018-09-27 15:00:00,0.0076914902998586575
2018-09-27 15:30:00,0.007216104216107226
2018-09-27 16:00:00,0.0066764456107447434
2018-09-27 16:30:00,0.006310157029220116
2018-09-27 17:00:00,0.0059431433078470505
2018-09-27 17:30:00,0.005706372648768698
2018-09-27 18:00:00,0.005546189055378814
2018-09-27 18:30:00,0.005418885164110291
2018-09-27 19:00:00,0.00533626876926342
2018-09-27 19:30:00,0.005236357152943699
2018-09-27 20:00:00,0.0051527580585730755
2018-09-27 20:30:00,0.005091460194979875
2018-09-27 21:00:00,0.005039179040314652
2018-09-27 21:30:00,0.005008583450599855
2018-09-27 22:00:00,0.00497543670328654
2018-09-27 22:30:00,0.004931178844971457
2018-09-27 23:00:00,0.004909354679883795
2018-09-27 23:30:00,0.004868226372493553
2018-09-28 00:00:00,0.004836205611802391
2018-09-28 00:30:00,0.0048019957054653666
2018-09-28 01:00:00,0.004775770930223299
2018-09-28 01:30:00,0.0047532530948835765
2018-09-28 02:00:00,0.004728839272159278
2018-09-28 02:30:00,0.004708533794082605
2018-09-28 03:00:00,0.00466963648020575
2018-09-28 03:30:00,0.00464055366300333
2018-09-28 04:00:00,0.0047570534392262324
2018-09-28 04:30:00,0.004855733277514703
2018-09-28 05:00:00,0.0048731465657711245
2018-09-28 05:30:00,0.0049746996228465686
2018-09-28 06:00:00,0.00508286832560299
2018-09-28 06:30:00,0.0054169747810592864
2018-09-28 07:00:00,0.005976174108668748
2018-09-28 07:30:00,0.006825919497878139
2018-09-28 08:00:00,0.0076498497745699345
2018-09-28 08:30:00,0.008570283688844688
2018-09-28 09:00:00,0.009396804404333315
2018-09-28 09:30:00,0.010087797285627795
2018-09-28 10:00:00,0.010566155349133554
2018-09-28 10:30:00,0.010867770785462045
2018-09-28 11:00:00,0.010969708619730073
2018-09-28 11:30:00,0.010922248785780755
2018-09-28 12:00:00,0.010823273110967476
2018-09-28 12:30:00,0.010483751876236642
2018-09-28 13:00:00,0.01010768964155628
2018-09-28 13:30:00,0.009483889705054389
2018-09-28 14:00:00,0.008918686714978606
2018-09-28 14:30:00,0.008255500793101504
2018-09-28 15:00:00,0.007620302278646539
2018-09-28 15:30:00,0.0071186876254463825
2018-09-28 16:00:00,0.006570887880138817
2018-09-28 16:30:00,0.006225505935257121
2018-09-28 17:00:00,0.005862998727041874
2018-09-28 17:30:00,0.005643011406320829
2018-09-28 18:00:00,0.0055079837378393184
2018-09-28 18:30:00,0.005374979720636908
2018-09-28 19:00:00,0.005270211631392562
2018-09-28 19:30:00,0.005179972675374954
2018-09-28 20:00:00,0.0050819436551222015
2018-09-28 20:30:00,0.0050135121250452445
2018-09-28 21:00:00,0.004948911516152814
2018-09-28 21:30:00,0.00490296791413959
2018-09-28 22:00:00,0.004870040449652097
2018-09-28 22:30:00,0.004837647521925765
2018-09-28 23:00:00,0.004791302515167259
2018-09-28 23:30:00,0.004761789501886703
2018-09-29 00:00:00,0.005098187211785621
2018-09-29 00:30:00,0.005421432527502152
2018-09-29 01:00:00,0.005548546373654964
2018-09-29 01:30:00,0.005628992035917681
2018-09-29 02:00:00,0.005639156603953237
2018-09-29 02:30:00,0.0056326349206841375
2018-09-29 03:00:00,0.005626283530337278
2018-09-29 03:30:00,0.005628081649509007
2018-09-29 04:00:00,0.005748748803771321
2018-09-29 04:30:00,0.005837179708723309
2018-09-29 05:00:00,0.005820124191835629
2018-09-29 05:30:00,0.00582397330289324
2018-09-29 06:00:00,0.005738262509330248
2018-09-29 06:30:00,0.005780033376777018
2018-09-29 07:00:00,0.005906493168659024
2018-09-29 07:30:00,0.006113090957281718
2018-09-29 08:00:00,0.006428856329360028
2018-09-29 08:30:00,0.006817811613038446
2018-09-29 09:00:00,0.007244008485765884
2018-09-29 09:30:00,0.007681602932097574
2018-09-29 10:00:00,0.00807040298808606
2018-09-29 10:30:00,0.00834192802215649
2018-09-29 11:00:00,0.008477775016086944
2018-09-29 11:30:00,0.008508430643542349
2018-09-29 12:00:00,0.008444129107409815
2018-09-29 12:30:00,0.008296399885772035
2018-09-29 13:00:00,0.008066730642420868
2018-09-29 13:30:00,0.007805988185693573
2018-09-29 14:00:00,0.007539129914214995
2018-09-29 14:30:00,0.007294414409588821
2018-09-29 15:00:00,0.007022405279386884
2018-09-29 15:30:00,0.006813516347915884
2018-09-29 16:00:00,0.0066120250034798185
2018-09-29 16:30:00,0.00643078769214195
2018-09-29 17:00:00,0.006263075053615954
2018-09-29 17:30:00,0.006134409376941074
2018-09-29 18:00:00,0.0060734764267526735
2018-09-29 18:30:00,0.005987012929545835
2018-09-29 19:00:00,0.005942299431649161
2018-09-29 19:30:00,0.005882092737252333
2018-09-29 20:00:00,0.005842579980737105
2018-09-29 20:30:00,0.005811096881447879
2018-09-29 21:00:00,0.005781931038076294
2018-09-29 21:30:00,0.00577081289663278
2018-09-29 22:00:00,0.00574150811834102
2018-09-29 22:30:00,0.005712807065284724
2018-09-29 23:00:00,0.0056788960085189695
2018-09-29 23:30:00,0.005573232486503946
2018-09-30 00:00:00,0.005188811614561695
2018-09-30 00:30:00,0.0046676581362178875
2018-09-30 01:00:00,0.004557667767889612
2018-09-30 01:30:00,0.0043677770987081786
2018-09-30 02:00:00,0.004344899483302071
2018-09-30 02:30:00,0.004328888154404827
2018-09-30 03:00:00,0.004300362081231934
2018-09-30 03:30:00,0.0042867095213369125
2018-09-30 04:00:00,0.004274506571572889
2018-09-30 04:30:00,0.004246176234825691
2018-09-30 05:00:00,0.004259843413575767
2018-09-30 05:30:00,0.004307327686679717
2018-09-30 06:00:00,0.004432008776800525
2018-09-30 06:30:00,0.004558867406758605
2018-09-30 07:00:00,0.004623972645136205
2018-09-30 07:30:00,0.004706036313348832
2018-09-30 08:00:00,0.004866159311026543
2018-09-30 08:30:00,0.005119889962260307
2018-09-30 09:00:00,0.0054035367054346105
2018-09-30 09:30:00,0.005689410759509958
2018-09-30 10:00:00,0.0059874521647633565
2018-09-30 10:30:00,0.006324702232027982
2018-09-30 11:00:00,0.006539580988270443
2018-09-30 11:30:00,0.00669263091517657
2018-09-30 12:00:00,0.0067697866654860975
2018-09-30 12:30:00,0.006809537117888856
2018-09-30 13:00:00,0.00675781371160198
2018-09-30 13:30:00,0.006607733755752539
2018-09-30 14:00:00,0.00643735870009757
2018-09-30 14:30:00,0.006182387120098856
2018-09-30 15:00:00,0.005889670325914773
2018-09-30 15:30:00,0.005668075823892218
2018-09-30 16:00:00,0.005423768419670129
2018-09-30 16:30:00,0.005226186447220907
2018-09-30 17:00:00,0.005057840287777767
2018-09-30 17:30:00,0.00494861746513702
2018-09-30 18:00:00,0.0048850421847960596
2018-09-30 18:30:00,0.004840341631839739
2018-09-30 19:00:00,0.004810972463629149
2018-09-30 19:30:00,0.004737680108449346
2018-09-30 20:00:00,0.004685683072906026
2018-09-30 20:30:00,0.0046540976416314175
2018-09-30 21:00:00,0.004589098083068602
2018-09-30 21:30:00,0.004564673324101591
2018-09-30 22:00:00,0.004553297622982762
2018-09-30 22:30:00,0.00448894843607841
2018-09-30 23:00:00,0.0044475602255322705
2018-09-30 23:30:00,0.004411135506857301
2018-10-01 00:00:00,0.004439319766648266
2018-10-01 00:30:00,0.004470795612307121
2018-10-01 01:00:00,0.0044857039430107725
2018-10-01 01:30:00,0.004509714017509208
2018-10-01 02:00:00,0.004510936644806761
2018-10-01 02:30:00,0.004491290577527937
2018-10-01 03:00:00,0.004451422393124548
2018-10-01 03:30:00,0.004431926643385867
2018-10-01 04:00:00,0.004590239023328749
2018-10-01 04:30:00,0.004669272124772516
2018-10-01 05:00:00,0.004678131262529981
2018-10-01 05:30:00,0.004747681190815779
2018-10-01 06:00:00,0.004853255437380087
2018-10-01 06:30:00,0.0051881620240634245
2018-10-01 07:00:00,0.005727581706000928
2018-10-01 07:30:00,0.0065821451796911346
2018-10-01 08:00:00,0.0074511802039423656
2018-10-01 08:30:00,0.008417266793855325
2018-10-01 09:00:00,0.009273823788360015
2018-10-01 09:30:00,0.009986925065458372
2018-10-01 10:00:00,0.01046607924279589
2018-10-01 10:30:00,0.010746498455238191
2018-10-01 11:00:00,0.010823085297738032
2018-10-01 11:30:00,0.010731004254389217
2018-10-01 12:00:00,0.010614011900866992
2018-10-01 12:30:00,0.010306524371767671
2018-10-01 13:00:00,0.009945168147300777
2018-10-01 13:30:00,0.009287683020923443
2018-10-01 14:00:00,0.008687188552425215
2018-10-01 14:30:00,0.008026174255886772
2018-10-01 15:00:00,0.007380108129221864
2018-10-01 15:30:00,0.0068770501151722615
2018-10-01 16:00:00,0.006344215390479552
2018-10-01 16:30:00,0.005974537912845754
2018-10-01 17:00:00,0.005610825709234471
2018-10-01 17:30:00,0.005429373132466065
2018-10-01 18:00:00,0.005264282960304842
2018-10-01 18:30:00,0.005150658857943808
2018-10-01 19:00:00,0.005062656809938195
2018-10-01 19:30:00,0.004980101122397812
2018-10-01 20:00:00,0.004881986397712373
2018-10-01 20:30:00,0.004817523384608358
2018-10-01 21:00:00,0.004763491649948913
2018-10-01 21:30:00,0.004719440241113609
2018-10-01 22:00:00,0.004696185994899795
2018-10-01 22:30:00,0.004635413628928371
2018-10-01 23:00:00,0.004609309598733395
2018-10-01 23:30:00,0.004578479772554782
2018-10-02 00:00:00,0.004532463187860598
2018-10-02 00:30:00,0.004498284862714265
2018-10-02 01:00:00,0.00447698262423035
2018-10-02 01:30:00,0.0044393100579429995
2018-10-02 02:00:00,0.004425066940941495
2018-10-02 02:30:00,0.004417894439636678
2018-10-02 03:00:00,0.004380632094045368
2018-10-02 03:30:00,0.004358551038848272
2018-10-02 04:00:00,0.004507771606890261
2018-10-02 04:30:00,0.004613833520604104
2018-10-02 05:00:00,0.00464740968283536
2018-10-02 05:30:00,0.004712109052695145
2018-10-02 06:00:00,0.004821286902827594
2018-10-02 06:30:00,0.0051667751970899565
2018-10-02 07:00:00,0.005719751914190215
2018-10-02 07:30:00,0.0065957377018455495
2018-10-02 08:00:00,0.007479213030250054
2018-10-02 08:30:00,0.008473174094139994
2018-10-02 09:00:00,0.009360938215196886
2018-10-02 09:30:00,0.010092372764071291
2018-10-02 10:00:00,0.01057354278108597
2018-10-02 10:30:00,0.010852994582425453
2018-10-02 11:00:00,0.010916379594462074
2018-10-02 11:30:00,0.010820685908405733
2018-10-02 12:00:00,0.010708281308701476
2018-10-02 12:30:00,0.01040928231264484
2018-10-02 13:00:00,0.010037608635933037
2018-10-02 13:30:00,0.009387510160347924
2018-10-02 14:00:00,0.008779354630640836
2018-10-02 14:30:00,0.0081085528432518
2018-10-02 15:00:00,0.0074905994444229695
2018-10-02 15:30:00,0.0069948552100789416
2018-10-02 16:00:00,0.006469665253825335
2018-10-02 16:30:00,0.006119295043134896
2018-10-02 17:00:00,0.0057499448716222855
2018-10-02 17:30:00,0.005511514023943559
2018-10-02 18:00:00,0.005335864686254618
2018-10-02 18:30:00,0.005212055147721422
2018-10-02 19:00:00,0.005087473264945222
2018-10-02 19:30:00,0.0049887390802261285
2018-10-02 20:00:00,0.004914095987476996
2018-10-02 20:30:00,0.004862817396123311
2018-10-02 21:00:00,0.0048143880307792205
2018-10-02 21:30:00,0.004777186615683024
2018-10-02 22:00:00,0.004767841931067978
2018-10-02 22:30:00,0.0047366423929290895
2018-10-02 23:00:00,0.004699888471029604
2018-10-02 23:30:00,0.004691134678303984
2018-10-03 00:00:00,0.004652803705567607
2018-10-03 00:30:00,0.004636139215154062
2018-10-03 01:00:00,0.004623872991414344
2018-10-03 01:30:00,0.004578834977254318
2018-10-03 02:00:00,0.004566605802826646
2018-10-03 02:30:00,0.004555029120349394
2018-10-03 03:00:00,0.0045274614191399346
2018-10-03 03:30:00,0.004510146222284986
2018-10-03 04:00:00,0.004658746772321754
2018-10-03 04:30:00,0.004753805598329193
2018-10-03 05:00:00,0.0047739633255349315
2018-10-03 05:30:00,0.004832483160290484
2018-10-03 06:00:00,0.0049380356459636805
2018-10-03 06:30:00,0.005305121680451826
2018-10-03 07:00:00,0.005850362456558938
2018-10-03 07:30:00,0.006748206557161832
2018-10-03 08:00:00,0.007614844758749971
2018-10-03 08:30:00,0.008565825272835944
2018-10-03 09:00:00,0.009377346596661187
2018-10-03 09:30:00,0.010063332575896589
2018-10-03 10:00:00,0.010516800420554168
2018-10-03 10:30:00,0.010768759846845732
2018-10-03 11:00:00,0.010811394454278178
2018-10-03 11:30:00,0.010731786976903367
2018-10-03 12:00:00,0.01062744149532385
2018-10-03 12:30:00,0.01032985606443498
2018-10-03 13:00:00,0.00993835230142157
2018-10-03 13:30:00,0.009288869268474829
2018-10-03 14:00:00,0.008677792088048752
2018-10-03 14:30:00,0.00798100489521988
2018-10-03 15:00:00,0.007332618053213617
2018-10-03 15:30:00,0.006843006261173568
2018-10-03 16:00:00,0.006324681587080003
2018-10-03 16:30:00,0.005989527484209557
2018-10-03 17:00:00,0.005652115828379136
2018-10-03 17:30:00,0.00544253043679824
2018-10-03 18:00:00,0.005307524752396467
2018-10-03 18:30:00,0.005200242889648593
2018-10-03 19:00:00,0.0051070800510257305
2018-10-03 19:30:00,0.005013243517532904
2018-10-03 20:00:00,0.004934748300679699
2018-10-03 20:30:00,0.004893100968137857
2018-10-03 21:00:00,0.004833167345025907
2018-10-03 21:30:00,0.004795322365524364
2018-10-03 22:00:00,0.004767497104639589
2018-10-03 22:30:00,0.004740664028795208
2018-10-03 23:00:00,0.004707004840394785
2018-10-03 23:30:00,0.004682028247548037
2018-10-04 00:00:00,0.0046415620292191645
2018-10-04 00:30:00,0.00461754771413682
2018-10-04 01:00:00,0.004605802301057714
2018-10-04 01:30:00,0.0045739547347409416
2018-10-04 02:00:00,0.004574104494309516
2018-10-04 02:30:00,0.004556092390967419
2018-10-04 03:00:00,0.004528456617226789
2018-10-04 03:30:00,0.0045087008527378986
2018-10-04 04:00:00,0.004645933066880522
2018-10-04 04:30:00,0.004747520829787431
2018-10-04 05:00:00,0.004751956145773303
2018-10-04 05:30:00,0.004831259975021365
2018-10-04 06:00:00,0.004937211968336514
2018-10-04 06:30:00,0.005322613865887818
2018-10-04 07:00:00,0.005892946065390162
2018-10-04 07:30:00,0.006740045665023277
2018-10-04 08:00:00,0.00757185885241896
2018-10-04 08:30:00,0.008465166532588046
2018-10-04 09:00:00,0.00924289497802542
2018-10-04 09:30:00,0.00989492827581617
2018-10-04 10:00:00,0.010328560119673529
2018-10-04 10:30:00,0.010577228294880142
2018-10-04 11:00:00,0.010614525234708606
2018-10-04 11:30:00,0.010519299128825389
2018-10-04 12:00:00,0.010397182252837766
2018-10-04 12:30:00,0.010117311861228738
2018-10-04 13:00:00,0.009736741216287231
2018-10-04 13:30:00,0.009096911091449132
2018-10-04 14:00:00,0.008500603976372412
2018-10-04 14:30:00,0.007815097294713042
2018-10-04 15:00:00,0.007189100512557663
2018-10-04 15:30:00,0.006708114737754399
2018-10-04 16:00:00,0.006189889605788382
2018-10-04 16:30:00,0.005841973242455178
2018-10-04 17:00:00,0.005492538973271179
2018-10-04 17:30:00,0.005291927884779171
2018-10-04 18:00:00,0.005126149510487243
2018-10-04 18:30:00,0.00500843536494598
2018-10-04 19:00:00,0.004914113173001259
2018-10-04 19:30:00,0.004824469907428552
2018-10-04 20:00:00,0.0047448570735266985
2018-10-04 20:30:00,0.004704282050742267
2018-10-04 21:00:00,0.004635992691820575
2018-10-04 21:30:00,0.004614474183557302
2018-10-04 22:00:00,0.004588937275663
2018-10-04 22:30:00,0.004527171608708048
2018-10-04 23:00:00,0.004485307560009593
2018-10-04 23:30:00,0.004472354808053872
2018-10-05 00:00:00,0.004429955106651123
2018-10-05 00:30:00,0.004411099238705448
2018-10-05 01:00:00,0.004404010656324303
2018-10-05 01:30:00,0.004357903791830582
2018-10-05 02:00:00,0.004348092308202607
2018-10-05 02:30:00,0.004330184433949219
2018-10-05 03:00:00,0.004297758362711809
2018-10-05 03:30:00,0.004277008404484885
2018-10-05 04:00:00,0.004425119613457417
2018-10-05 04:30:00,0.004495336317765749
2018-10-05 05:00:00,0.004533112666764556
2018-10-05 05:30:00,0.004632427476696241
2018-10-05 06:00:00,0.0047328591225163814
2018-10-05 06:30:00,0.005082569141248779
2018-10-05 07:00:00,0.005637714470641238
2018-10-05 07:30:00,0.006474321191768789
2018-10-05 08:00:00,0.007302517049495784
2018-10-05 08:30:00,0.00819852464248314
2018-10-05 09:00:00,0.008971106023403813
2018-10-05 09:30:00,0.009602545595006392
2018-10-05 10:00:00,0.010013818737014927
2018-10-05 10:30:00,0.010251940914822802
2018-10-05 11:00:00,0.010296115746968721
2018-10-05 11:30:00,0.010235549718882762
2018-10-05 12:00:00,0.010123020245141817
2018-10-05 12:30:00,0.009832133597697407
2018-10-05 13:00:00,0.009451044039198615
2018-10-05 13:30:00,0.008824907875745806
2018-10-05 14:00:00,0.008248249283022804
2018-10-05 14:30:00,0.0075730794710188705
2018-10-05 15:00:00,0.006940277221255429
2018-10-05 15:30:00,0.006475779171473291
2018-10-05 16:00:00,0.005960213778372725
2018-10-05 16:30:00,0.005622955118345967
2018-10-05 17:00:00,0.005282600050905448
2018-10-05 17:30:00,0.0051019055343079316
2018-10-05 18:00:00,0.004923379518408302
2018-10-05 18:30:00,0.004817102785641174
2018-10-05 19:00:00,0.004737768714334181
2018-10-05 19:30:00,0.004648818895824908
2018-10-05 20:00:00,0.004582576176610875
2018-10-05 20:30:00,0.004527639635258426
2018-10-05 21:00:00,0.004485921775110519
2018-10-05 21:30:00,0.00444898394578256
2018-10-05 22:00:00,0.0044347490867602465
2018-10-05 22:30:00,0.004402303598112304
2018-10-05 23:00:00,0.004386826582787594
2018-10-05 23:30:00,0.004370293104097976
2018-10-06 00:00:00,0.004709106830881887
2018-10-06 00:30:00,0.005073467843831248
2018-10-06 01:00:00,0.005226300161826256
2018-10-06 01:30:00,0.005330472114248446
2018-10-06 02:00:00,0.005341130821903714
2018-10-06 02:30:00,0.0053508657518327
2018-10-06 03:00:00,0.005365428698136395
2018-10-06 03:30:00,0.005369286736739077
2018-10-06 04:00:00,0.005504327238566628
2018-10-06 04:30:00,0.005580847570855687
2018-10-06 05:00:00,0.005576043324069731
2018-10-06 05:30:00,0.005594570658356772
2018-10-06 06:00:00,0.005510233702385983
2018-10-06 06:30:00,0.005530895724293952
2018-10-06 07:00:00,0.00562568761670375
2018-10-06 07:30:00,0.005794821297216516
2018-10-06 08:00:00,0.006071647953927702
2018-10-06 08:30:00,0.006427674768769806
2018-10-06 09:00:00,0.006806043323125096
2018-10-06 09:30:00,0.007197638370286865
2018-10-06 10:00:00,0.007539335359345955
2018-10-06 10:30:00,0.007795528673887716
2018-10-06 11:00:00,0.007907497832581106
2018-10-06 11:30:00,0.00792060514266088
2018-10-06 12:00:00,0.007845278981119459
2018-10-06 12:30:00,0.00771289174568718
2018-10-06 13:00:00,0.007511208793815015
2018-10-06 13:30:00,0.007262338632901155
2018-10-06 14:00:00,0.007004954718629788
2018-10-06 14:30:00,0.006753914383103342
2018-10-06 15:00:00,0.006471868906731941
2018-10-06 15:30:00,0.006266616052774281
2018-10-06 16:00:00,0.0060459982241825565
2018-10-06 16:30:00,0.005873628085392718
2018-10-06 17:00:00,0.0056823790902286436
2018-10-06 17:30:00,0.005595633036220291
2018-10-06 18:00:00,0.005519323617183549
2018-10-06 18:30:00,0.005451623699425207
2018-10-06 19:00:00,0.005414353765420586
2018-10-06 19:30:00,0.005363786364626165
2018-10-06 20:00:00,0.005326044275081571
2018-10-06 20:30:00,0.005298081864785635
2018-10-06 21:00:00,0.005277653632964228
2018-10-06 21:30:00,0.005262254510470268
2018-10-06 22:00:00,0.0052411109591
2018-10-06 22:30:00,0.0052286098293305855
2018-10-06 23:00:00,0.005212052023080648
2018-10-06 23:30:00,0.005123087697310633
2018-10-07 00:00:00,0.004781946447932248
2018-10-07 00:30:00,0.004290131672551475
2018-10-07 01:00:00,0.004184442707032996
2018-10-07 01:30:00,0.004006146687013273
2018-10-07 02:00:00,0.004004317433028107
2018-10-07 02:30:00,0.004004298908372084
2018-10-07 03:00:00,0.003973882539124597
2018-10-07 03:30:00,0.0039753088260440946
2018-10-07 04:00:00,0.0039694634043141675
2018-10-07 04:30:00,0.003936856661883371
2018-10-07 05:00:00,0.00396100555970767
2018-10-07 05:30:00,0.003997270252137232
2018-10-07 06:00:00,0.004115962075458147
2018-10-07 06:30:00,0.004242291190399167
2018-10-07 07:00:00,0.004293863163202767
2018-10-07 07:30:00,0.004320692221651866
2018-10-07 08:00:00,0.004437675982411961
2018-10-07 08:30:00,0.004643214406217599
2018-10-07 09:00:00,0.004876855179588171
2018-10-07 09:30:00,0.005130155188366545
2018-10-07 10:00:00,0.005407153365537419
2018-10-07 10:30:00,0.005734990898844455
2018-10-07 11:00:00,0.005927684482395423
2018-10-07 11:30:00,0.006090742968486982
2018-10-07 12:00:00,0.006152311336695851
2018-10-07 12:30:00,0.006187423817839613
2018-10-07 13:00:00,0.0061379863094683145
2018-10-07 13:30:00,0.0059884936744902684
2018-10-07 14:00:00,0.0058155109945142065
2018-10-07 14:30:00,0.005587060137876683
2018-10-07 15:00:00,0.005294821860108436
2018-10-07 15:30:00,0.005067276256541169
2018-10-07 16:00:00,0.004823692876224384
2018-10-07 16:30:00,0.004625516887244961
2018-10-07 17:00:00,0.0044532475181201184
2018-10-07 17:30:00,0.004382995996386007
2018-10-07 18:00:00,0.004317410121300616
2018-10-07 18:30:00,0.004276516385157128
2018-10-07 19:00:00,0.004274115768287381
2018-10-07 19:30:00,0.004232807236081005
2018-10-07 20:00:00,0.004202107640466125
2018-10-07 20:30:00,0.004179150681503194
2018-10-07 21:00:00,0.004146056495111489
2018-10-07 21:30:00,0.004125740750357984
2018-10-07 22:00:00,0.004119373959995875
2018-10-07 22:30:00,0.004099542980939758
2018-10-07 23:00:00,0.004086518808623462
2018-10-07 23:30:00,0.004072805764610582
2018-10-08 00:00:00,0.004133579916091021
2018-10-08 00:30:00,0.004179538360147927
2018-10-08 01:00:00,0.0042133389385434206
2018-10-08 01:30:00,0.004237799854067971
2018-10-08 02:00:00,0.004218025564923058
2018-10-08 02:30:00,0.004209577875399079
2018-10-08 03:00:00,0.004212827724993759
2018-10-08 03:30:00,0.004196902881689396
2018-10-08 04:00:00,0.004324710844471523
2018-10-08 04:30:00,0.004410202578397322
2018-10-08 05:00:00,0.004435393990297354
2018-10-08 05:30:00,0.004567330942675085
2018-10-08 06:00:00,0.004686925675585677
2018-10-08 06:30:00,0.005008723278274538
2018-10-08 07:00:00,0.005527563741284612
2018-10-08 07:30:00,0.0062994010113235676
2018-10-08 08:00:00,0.007032712911332213
2018-10-08 08:30:00,0.007877117396702533
2018-10-08 09:00:00,0.008654485392507644
2018-10-08 09:30:00,0.009317580141830702
2018-10-08 10:00:00,0.009770743445607029
2018-10-08 10:30:00,0.010039887726595496
2018-10-08 11:00:00,0.010132271860099492
2018-10-08 11:30:00,0.010057066443605163
2018-10-08 12:00:00,0.009944289118894167
2018-10-08 12:30:00,0.009672634747014512
2018-10-08 13:00:00,0.009337812637226415
2018-10-08 13:30:00,0.008725376238063194
2018-10-08 14:00:00,0.008138829942796168
2018-10-08 14:30:00,0.007486145715375387
2018-10-08 15:00:00,0.006871133719459015
2018-10-08 15:30:00,0.006402414614772721
2018-10-08 16:00:00,0.005877884069316965
2018-10-08 16:30:00,0.00553111824335486
2018-10-08 17:00:00,0.005175424537538239
2018-10-08 17:30:00,0.005015125332439679
2018-10-08 18:00:00,0.004868608471422616
2018-10-08 18:30:00,0.004775877837575531
2018-10-08 19:00:00,0.004709621280666636
2018-10-08 19:30:00,0.0046196155567640226
2018-10-08 20:00:00,0.004559292804281264
2018-10-08 20:30:00,0.004515901141026751
2018-10-08 21:00:00,0.004461685052561578
2018-10-08 21:30:00,0.0044373992285147434
2018-10-08 22:00:00,0.004437337405265123
2018-10-08 22:30:00,0.004395332859326104
2018-10-08 23:00:00,0.004382296523229649
2018-10-08 23:30:00,0.004380915320412763
2018-10-09 00:00:00,0.004356247285842552
2018-10-09 00:30:00,0.004335115117092251
2018-10-09 01:00:00,0.004345968333635765
2018-10-09 01:30:00,0.0043239205335440616
2018-10-09 02:00:00,0.004314019886059684
2018-10-09 02:30:00,0.004322349174017151
2018-10-09 03:00:00,0.004295745759269735
2018-10-09 03:30:00,0.004297964477408649
2018-10-09 04:00:00,0.004442697503326097
2018-10-09 04:30:00,0.004522117502254403
2018-10-09 05:00:00,0.004554573592362117
2018-10-09 05:30:00,0.0046966228866367355
2018-10-09 06:00:00,0.004799158978018873
2018-10-09 06:30:00,0.0051266310399495415
2018-10-09 07:00:00,0.005644313600363832
2018-10-09 07:30:00,0.006409270411416125
2018-10-09 08:00:00,0.007176707182894987
2018-10-09 08:30:00,0.008038291724406735
2018-10-09 09:00:00,0.008844039828022818
2018-10-09 09:30:00,0.009530359139472328
2018-10-09 10:00:00,0.010000500960060091
2018-10-09 10:30:00,0.010276358308565131
2018-10-09 11:00:00,0.010348486065490346
2018-10-09 11:30:00,0.010292216641658712
2018-10-09 12:00:00,0.010188689704367943
2018-10-09 12:30:00,0.009920153612387475
2018-10-09 13:00:00,0.009568514127976484
2018-10-09 13:30:00,0.008931443395725694
2018-10-09 14:00:00,0.008327551103573225
2018-10-09 14:30:00,0.007663857204381548
2018-10-09 15:00:00,0.007050642881259653
2018-10-09 15:30:00,0.0065736097770368275
2018-10-09 16:00:00,0.006053840960933623
2018-10-09 16:30:00,0.00571765673095623
2018-10-09 17:00:00,0.005384499161946728
2018-10-09 17:30:00,0.005215355549540071
2018-10-09 18:00:00,0.005064195583925595
2018-10-09 18:30:00,0.004971085529412968
2018-10-09 19:00:00,0.004888408873636865
2018-10-09 19:30:00,0.004790538763686386
2018-10-09 20:00:00,0.004739775849654898
2018-10-09 20:30:00,0.004681235258357053
2018-10-09 21:00:00,0.004619584310356272
2018-10-09 21:30:00,0.004598330726992998
2018-10-09 22:00:00,0.004576754189686761
2018-10-09 22:30:00,0.004540504116112253
2018-10-09 23:00:00,0.004527180647847434
2018-10-09 23:30:00,0.0045207996850075245
2018-10-10 00:00:00,0.004498699435588525
2018-10-10 00:30:00,0.0044800069417176595
2018-10-10 01:00:00,0.004469968586850552
2018-10-10 01:30:00,0.004434743730233203
2018-10-10 02:00:00,0.004428734822834152
2018-10-10 02:30:00,0.004431804670801327
2018-10-10 03:00:00,0.004411103032912103
2018-10-10 03:30:00,0.004410285716160801
2018-10-10 04:00:00,0.0045577755679963505
2018-10-10 04:30:00,0.004647500185823523
2018-10-10 05:00:00,0.004669832774603011
2018-10-10 05:30:00,0.0047884078702721145
2018-10-10 06:00:00,0.004921460319406539
2018-10-10 06:30:00,0.005239003500491541
2018-10-10 07:00:00,0.005752858152767767
2018-10-10 07:30:00,0.006520431627280538
2018-10-10 08:00:00,0.007277677382871571
2018-10-10 08:30:00,0.008149959132076707
2018-10-10 09:00:00,0.008930526425252532
2018-10-10 09:30:00,0.009555364746840558
2018-10-10 10:00:00,0.009976056337305295
2018-10-10 10:30:00,0.010228627635217202
2018-10-10 11:00:00,0.010282802656975048
2018-10-10 11:30:00,0.010209304298692717
2018-10-10 12:00:00,0.010114603467242649
2018-10-10 12:30:00,0.009823557351524397
2018-10-10 13:00:00,0.009448673218010545
2018-10-10 13:30:00,0.00881982062578108
2018-10-10 14:00:00,0.008219820408496878
2018-10-10 14:30:00,0.007559691501240909
2018-10-10 15:00:00,0.006947075770016062
2018-10-10 15:30:00,0.006476130023994605
2018-10-10 16:00:00,0.005969947145981323
2018-10-10 16:30:00,0.005632601888767372
2018-10-10 17:00:00,0.00528097981306927
2018-10-10 17:30:00,0.005121309888303942
2018-10-10 18:00:00,0.004969595522140522
2018-10-10 18:30:00,0.004907167989312827
2018-10-10 19:00:00,0.004826392007882462
2018-10-10 19:30:00,0.004749570036164297
2018-10-10 20:00:00,0.0046881544405704655
2018-10-10 20:30:00,0.004674069675899667
2018-10-10 21:00:00,0.004611170433909252
2018-10-10 21:30:00,0.004591888722063663
2018-10-10 22:00:00,0.004594696434988674
2018-10-10 22:30:00,0.004565562730779346
2018-10-10 23:00:00,0.0045356648287118925
2018-10-10 23:30:00,0.004522086255846653
2018-10-11 00:00:00,0.004504983311375781
2018-10-11 00:30:00,0.004485614890748684
2018-10-11 01:00:00,0.0044683946606544345
2018-10-11 01:30:00,0.00443478144911113
2018-10-11 02:00:00,0.004436865807696717
2018-10-11 02:30:00,0.0044285710023820885
2018-10-11 03:00:00,0.004390309999280209
2018-10-11 03:30:00,0.004391557623703962
2018-10-11 04:00:00,0.004538023932497056
2018-10-11 04:30:00,0.0046232454965901264
2018-10-11 05:00:00,0.004653879363154418
2018-10-11 05:30:00,0.004772256602105873
2018-10-11 06:00:00,0.004880494828119539
2018-10-11 06:30:00,0.005190512535086456
2018-10-11 07:00:00,0.005718361002668065
2018-10-11 07:30:00,0.006497463955263523
2018-10-11 08:00:00,0.0072815633200526
2018-10-11 08:30:00,0.00815824813448704
2018-10-11 09:00:00,0.008935063626846533
2018-10-11 09:30:00,0.009584829328189102
2018-10-11 10:00:00,0.01003089768870842
2018-10-11 10:30:00,0.010279065475013772
2018-10-11 11:00:00,0.010342280194128153
2018-10-11 11:30:00,0.010277920852141284
2018-10-11 12:00:00,0.0101710571332857
2018-10-11 12:30:00,0.009884611493137144
2018-10-11 13:00:00,0.009519519091057794
2018-10-11 13:30:00,0.008914842179287848
2018-10-11 14:00:00,0.008336812092453225
2018-10-11 14:30:00,0.007675463012974598
2018-10-11 15:00:00,0.007061207961285983
2018-10-11 15:30:00,0.006559513964529003
2018-10-11 16:00:00,0.006033418643610826
2018-10-11 16:30:00,0.005704088982739389
2018-10-11 17:00:00,0.005346989523356936
2018-10-11 17:30:00,0.00515194129979334
2018-10-11 18:00:00,0.004999431824146982
2018-10-11 18:30:00,0.0048962756031653105
2018-10-11 19:00:00,0.004798109656690023
2018-10-11 19:30:00,0.004708895359658004
2018-10-11 20:00:00,0.0046465496254620275
2018-10-11 20:30:00,0.004594257422959779
2018-10-11 21:00:00,0.004566643521704574
2018-10-11 21:30:00,0.004544114526933512
2018-10-11 22:00:00,0.004500187657351957
2018-10-11 22:30:00,0.004462259651681247
2018-10-11 23:00:00,0.0044455529786172395
2018-10-11 23:30:00,0.004416030033442792
2018-10-12 00:00:00,0.004386837853813247
2018-10-12 00:30:00,0.004370705110303029
2018-10-12 01:00:00,0.004349359573225517
2018-10-12 01:30:00,0.004314973682656268
2018-10-12 02:00:00,0.004297894061396896
2018-10-12 02:30:00,0.004301213434248823
2018-10-12 03:00:00,0.00427012426288588
2018-10-12 03:30:00,0.004272800964086965
2018-10-12 04:00:00,0.00440612034681903
2018-10-12 04:30:00,0.004503144906656917
2018-10-12 05:00:00,0.004526110458381978
2018-10-12 05:30:00,0.004640510699192673
2018-10-12 06:00:00,0.004763419336833833
2018-10-12 06:30:00,0.005095100624671436
2018-10-12 07:00:00,0.005633028067450227
2018-10-12 07:30:00,0.006407239394912342
2018-10-12 08:00:00,0.007204785093305288
2018-10-12 08:30:00,0.008104294292658343
2018-10-12 09:00:00,0.008904350974696985
2018-10-12 09:30:00,0.009559290188408532
2018-10-12 10:00:00,0.010021201816789121
2018-10-12 10:30:00,0.010304717548239499
2018-10-12 11:00:00,0.010392024475266975
2018-10-12 11:30:00,0.01035474427458552
2018-10-12 12:00:00,0.010251828092971961
2018-10-12 12:30:00,0.009947810365859022
2018-10-12 13:00:00,0.009573886055034678
2018-10-12 13:30:00,0.00894992642707032
2018-10-12 14:00:00,0.008367195541378259
2018-10-12 14:30:00,0.00770515111773287
2018-10-12 15:00:00,0.007071446851134259
2018-10-12 15:30:00,0.006591916154583348
2018-10-12 16:00:00,0.006075072783405785
2018-10-12 16:30:00,0.005717958928356903
2018-10-12 17:00:00,0.005353815524318663
2018-10-12 17:30:00,0.005171340855233873
2018-10-12 18:00:00,0.0050048772918577025
2018-10-12 18:30:00,0.004890565880120471
2018-10-12 19:00:00,0.004784746126066694
2018-10-12 19:30:00,0.004688411665462841
2018-10-12 20:00:00,0.004617650492499455
2018-10-12 20:30:00,0.004579591475104821
2018-10-12 21:00:00,0.00453575086792752
2018-10-12 21:30:00,0.004498743180559376
2018-10-12 22:00:00,0.004473470193216252
2018-10-12 22:30:00,0.004456276634162904
2018-10-12 23:00:00,0.004426850887635423
2018-10-12 23:30:00,0.00442091752958654
2018-10-13 00:00:00,0.004766673315418109
2018-10-13 00:30:00,0.005110812769214469
2018-10-13 01:00:00,0.005251586763675614
2018-10-13 01:30:00,0.005349460891021375
2018-10-13 02:00:00,0.005370096799860009
2018-10-13 02:30:00,0.005365631130220892
2018-10-13 03:00:00,0.0053730144331837135
2018-10-13 03:30:00,0.0053739097543600775
2018-10-13 04:00:00,0.005514971104178215
2018-10-13 04:30:00,0.005621039825145174
2018-10-13 05:00:00,0.005618222291920585
2018-10-13 05:30:00,0.005610304563790918
2018-10-13 06:00:00,0.005527390212127284
2018-10-13 06:30:00,0.005539025035241814
2018-10-13 07:00:00,0.0056438838506629495
2018-10-13 07:30:00,0.0058251213851894445
2018-10-13 08:00:00,0.006107824710038308
2018-10-13 08:30:00,0.006456171939015529
2018-10-13 09:00:00,0.006837947244570132
2018-10-13 09:30:00,0.00722989727324281
2018-10-13 10:00:00,0.007550565541480117
2018-10-13 10:30:00,0.007798491168125404
2018-10-13 11:00:00,0.007896663029099301
2018-10-13 11:30:00,0.00790125904089646
2018-10-13 12:00:00,0.007815261338353731
2018-10-13 12:30:00,0.0076668810754916055
2018-10-13 13:00:00,0.0074564677656996335
2018-10-13 13:30:00,0.007208231125702916
2018-10-13 14:00:00,0.006943634201390969
2018-10-13 14:30:00,0.006700812452263102
2018-10-13 15:00:00,0.00643323506702901
2018-10-13 15:30:00,0.006234669837084467
2018-10-13 16:00:00,0.006034907200157199
2018-10-13 16:30:00,0.00586293913567852
2018-10-13 17:00:00,0.00570130693650646
2018-10-13 17:30:00,0.005618443806632674
2018-10-13 18:00:00,0.005544098112728738
2018-10-13 18:30:00,0.005501808889696249
2018-10-13 19:00:00,0.005468655335129819
2018-10-13 19:30:00,0.005450001452891389
2018-10-13 20:00:00,0.005423268030768867
2018-10-13 20:30:00,0.005415935168435701
2018-10-13 21:00:00,0.005418555849291462
2018-10-13 21:30:00,0.005411971784801175
2018-10-13 22:00:00,0.005403323560296026
2018-10-13 22:30:00,0.0054084958451275575
2018-10-13 23:00:00,0.005383506865312023
2018-10-13 23:30:00,0.005299130516548605
2018-10-14 00:00:00,0.004944461358123261
2018-10-14 00:30:00,0.0044616565960116615
2018-10-14 01:00:00,0.004349717902565827
2018-10-14 01:30:00,0.004170594299117968
2018-10-14 02:00:00,0.004173498987501319
2018-10-14 02:30:00,0.004133963688934785
2018-10-14 03:00:00,0.004116752386385607
2018-10-14 03:30:00,0.004099197484945488
2018-10-14 04:00:00,0.004081811090918594
2018-10-14 04:30:00,0.004063456951005941
2018-10-14 05:00:00,0.004082228900027943
2018-10-14 05:30:00,0.004113006946445142
2018-10-14 06:00:00,0.004257707721606018
2018-10-14 06:30:00,0.0043691758218322675
2018-10-14 07:00:00,0.0043683352934637786
2018-10-14 07:30:00,0.0044038458315234195
2018-10-14 08:00:00,0.004488628048804654
2018-10-14 08:30:00,0.004695654471185097
2018-10-14 09:00:00,0.004931670641110587
2018-10-14 09:30:00,0.005178274879490967
2018-10-14 10:00:00,0.005455992282011669
2018-10-14 10:30:00,0.005773271430951179
2018-10-14 11:00:00,0.005967078837344139
2018-10-14 11:30:00,0.0061312658767270585
2018-10-14 12:00:00,0.006191189233162177
2018-10-14 12:30:00,0.006227832453502773
2018-10-14 13:00:00,0.006167792146227216
2018-10-14 13:30:00,0.006023681258606945
2018-10-14 14:00:00,0.005836870034503639
2018-10-14 14:30:00,0.005616704609258418
2018-10-14 15:00:00,0.00532607317800874
2018-10-14 15:30:00,0.005085495478928928
2018-10-14 16:00:00,0.004837296557810138
2018-10-14 16:30:00,0.0046091675391724445
2018-10-14 17:00:00,0.0044535359894202434
2018-10-14 17:30:00,0.004391174297237451
2018-10-14 18:00:00,0.0043322186866880915
2018-10-14 18:30:00,0.004291339234616718
2018-10-14 19:00:00,0.00427037311820475
2018-10-14 19:30:00,0.004222215261825148
2018-10-14 20:00:00,0.004186168289901019
2018-10-14 20:30:00,0.0041810820442851155
2018-10-14 21:00:00,0.004136184638959966
2018-10-14 21:30:00,0.004114187279497918
2018-10-14 22:00:00,0.004103459494962658
2018-10-14 22:30:00,0.004082296972559114
2018-10-14 23:00:00,0.004067860908989749
2018-10-14 23:30:00,0.004051532652242463
2018-10-15 00:00:00,0.004101658697527408
2018-10-15 00:30:00,0.004161000535995427
2018-10-15 01:00:00,0.004176602648545452
2018-10-15 01:30:00,0.004189228875540182
2018-10-15 02:00:00,0.004175594840301185
2018-10-15 02:30:00,0.004172013555595723
2018-10-15 03:00:00,0.004139744385962945
2018-10-15 03:30:00,0.004131540195230793
2018-10-15 04:00:00,0.004249725045585955
2018-10-15 04:30:00,0.004350427196021764
2018-10-15 05:00:00,0.00437534754533456
2018-10-15 05:30:00,0.00448260753559701
2018-10-15 06:00:00,0.00460410919213489
2018-10-15 06:30:00,0.004931484613390158
2018-10-15 07:00:00,0.005429592192103258
2018-10-15 07:30:00,0.00619591123493916
2018-10-15 08:00:00,0.006926692064325699
2018-10-15 08:30:00,0.007785912480308179
2018-10-15 09:00:00,0.008548414997625983
2018-10-15 09:30:00,0.009193174243286726
2018-10-15 10:00:00,0.009631338936559864
2018-10-15 10:30:00,0.00988772843390457
2018-10-15 11:00:00,0.009955950389860973
2018-10-15 11:30:00,0.009886181736720921
2018-10-15 12:00:00,0.009798201672795048
2018-10-15 12:30:00,0.009521246013057576
2018-10-15 13:00:00,0.009157495978974053
2018-10-15 13:30:00,0.008525517964809345
2018-10-15 14:00:00,0.007943377524629456
2018-10-15 14:30:00,0.00729087820898597
2018-10-15 15:00:00,0.006669752072233017
2018-10-15 15:30:00,0.006198977735076933
2018-10-15 16:00:00,0.005675224220825344
2018-10-15 16:30:00,0.005321573918481293
2018-10-15 17:00:00,0.004985053789620582
2018-10-15 17:30:00,0.0048164982792455145
2018-10-15 18:00:00,0.004658561860544459
2018-10-15 18:30:00,0.004571427569919804
2018-10-15 19:00:00,0.00448757303616582
2018-10-15 19:30:00,0.004420612988705286
2018-10-15 20:00:00,0.0043547852887427674
2018-10-15 20:30:00,0.0043277453170413515
2018-10-15 21:00:00,0.004295000532444885
2018-10-15 21:30:00,0.004272970587443324
2018-10-15 22:00:00,0.004265316110298956
2018-10-15 22:30:00,0.004226882024417001
2018-10-15 23:00:00,0.004212958736717684
2018-10-15 23:30:00,0.0042183168260810176
2018-10-16 00:00:00,0.004190828803211323
2018-10-16 00:30:00,0.0041815991723333865
2018-10-16 01:00:00,0.0041742038171847205
2018-10-16 01:30:00,0.0041448095402536154
2018-10-16 02:00:00,0.004145374988639587
2018-10-16 02:30:00,0.004141622406663064
2018-10-16 03:00:00,0.0041148975773026755
2018-10-16 03:30:00,0.0041135918122416435
2018-10-16 04:00:00,0.004258926331508288
2018-10-16 04:30:00,0.004347284142185003
2018-10-16 05:00:00,0.004364853885668804
2018-10-16 05:30:00,0.004463110335132255
2018-10-16 06:00:00,0.004591990607671792
2018-10-16 06:30:00,0.004897269462120404
2018-10-16 07:00:00,0.0053995077043438085
2018-10-16 07:30:00,0.006179137940070056
2018-10-16 08:00:00,0.0069206484510951835
2018-10-16 08:30:00,0.007794888568906083
2018-10-16 09:00:00,0.008582889494080067
2018-10-16 09:30:00,0.009264916441859164
2018-10-16 10:00:00,0.009734008941118075
2018-10-16 10:30:00,0.010016466312100217
2018-10-16 11:00:00,0.010101574831153818
2018-10-16 11:30:00,0.010038913396645248
2018-10-16 12:00:00,0.00995442333327648
2018-10-16 12:30:00,0.00966346995243266
2018-10-16 13:00:00,0.009291159630162941
2018-10-16 13:30:00,0.008674140164142911
2018-10-16 14:00:00,0.008086888481220918
2018-10-16 14:30:00,0.007431162416005625
2018-10-16 15:00:00,0.006816033469248814
2018-10-16 15:30:00,0.006331631792512539
2018-10-16 16:00:00,0.005819071187894438
2018-10-16 16:30:00,0.0054646355963670285
2018-10-16 17:00:00,0.005141636122922906
2018-10-16 17:30:00,0.004957778019134963
2018-10-16 18:00:00,0.004800916030483273
2018-10-16 18:30:00,0.004721996308861916
2018-10-16 19:00:00,0.004629898303177464
2018-10-16 19:30:00,0.004547980042355191
2018-10-16 20:00:00,0.004496406730419832
2018-10-16 20:30:00,0.004473376007615746
2018-10-16 21:00:00,0.004428546116850202
2018-10-16 21:30:00,0.004397015701572096
2018-10-16 22:00:00,0.004388071194164884
2018-10-16 22:30:00,0.0043586708911408575
2018-10-16 23:00:00,0.004338064220012332
2018-10-16 23:30:00,0.004335987003462804
2018-10-17 00:00:00,0.004306078834718518
2018-10-17 00:30:00,0.004291307541831714
2018-10-17 01:00:00,0.00428459469750377
2018-10-17 01:30:00,0.004257452840194224
2018-10-17 02:00:00,0.004242851059069469
2018-10-17 02:30:00,0.0042388559826499386
2018-10-17 03:00:00,0.004217282012012909
2018-10-17 03:30:00,0.004209448872372795
2018-10-17 04:00:00,0.0043652847513128215
2018-10-17 04:30:00,0.004460327507739131
2018-10-17 05:00:00,0.004475161851413002
2018-10-17 05:30:00,0.004576228803659299
2018-10-17 06:00:00,0.004703547648565817
2018-10-17 06:30:00,0.005034576667641628
2018-10-17 07:00:00,0.00554548478366698
2018-10-17 07:30:00,0.006337601307118961
2018-10-17 08:00:00,0.007068775506460217
2018-10-17 08:30:00,0.00792714847522678
2018-10-17 09:00:00,0.008697246771080105
2018-10-17 09:30:00,0.00935915995981294
2018-10-17 10:00:00,0.009826130604796965
2018-10-17 10:30:00,0.010096738110422665
2018-10-17 11:00:00,0.010172316140329417
2018-10-17 11:30:00,0.010112924196014686
2018-10-17 12:00:00,0.01003180796352278
2018-10-17 12:30:00,0.00974030263720491
2018-10-17 13:00:00,0.009378174961249517
2018-10-17 13:30:00,0.008734159380093236
2018-10-17 14:00:00,0.008155027076225216
2018-10-17 14:30:00,0.007501543052360334
2018-10-17 15:00:00,0.006873274209984239
2018-10-17 15:30:00,0.0063925234528049825
2018-10-17 16:00:00,0.005869323223159204
2018-10-17 16:30:00,0.005536494857374216
2018-10-17 17:00:00,0.00518619606704435
2018-10-17 17:30:00,0.005024520680873005
2018-10-17 18:00:00,0.0048748811877785325
2018-10-17 18:30:00,0.004772421984878324
2018-10-17 19:00:00,0.0046858194411569945
2018-10-17 19:30:00,0.004608901163546371
2018-10-17 20:00:00,0.004557240808046563
2018-10-17 20:30:00,0.004513888537584678
2018-10-17 21:00:00,0.004487777142165019
2018-10-17 21:30:00,0.004477560905962361
2018-10-17 22:00:00,0.004468401467907551
2018-10-17 22:30:00,0.004441391291887812
2018-10-17 23:00:00,0.0044167491471983076
2018-10-17 23:30:00,0.004421343931458021
2018-10-18 00:00:00,0.004399755230371623
2018-10-18 00:30:00,0.004379855286029827
2018-10-18 01:00:00,0.004375571738310172
2018-10-18 01:30:00,0.004355565444587709
2018-10-18 02:00:00,0.00435863317226293
2018-10-18 02:30:00,0.00433523307228151
2018-10-18 03:00:00,0.004329856458262152
2018-10-18 03:30:00,0.004320815198585227
2018-10-18 04:00:00,0.0044432168632606356
2018-10-18 04:30:00,0.004534604124763076
2018-10-18 05:00:00,0.00455239024962055
2018-10-18 05:30:00,0.004628886589132228
2018-10-18 06:00:00,0.004769904417168139
2018-10-18 06:30:00,0.005096257857701339
2018-10-18 07:00:00,0.005602433928461503
2018-10-18 07:30:00,0.006407837094054883
2018-10-18 08:00:00,0.007149616324186665
2018-10-18 08:30:00,0.008010610196997614
2018-10-18 09:00:00,0.00879104346540305
2018-10-18 09:30:00,0.009463578424073419
2018-10-18 10:00:00,0.009912974861801108
2018-10-18 10:30:00,0.010172306320029838
2018-10-18 11:00:00,0.010240567780373182
2018-10-18 11:30:00,0.010176471912560235
2018-10-18 12:00:00,0.010074037260408977
2018-10-18 12:30:00,0.009785305945533469
2018-10-18 13:00:00,0.009416519436897816
2018-10-18 13:30:00,0.008773765764237402
2018-10-18 14:00:00,0.00818210286970123
2018-10-18 14:30:00,0.007518669096854079
2018-10-18 15:00:00,0.006877687207107432
2018-10-18 15:30:00,0.006370706094970438
2018-10-18 16:00:00,0.0058303149845348335
2018-10-18 16:30:00,0.005483536883198255
2018-10-18 17:00:00,0.005143187060690465
2018-10-18 17:30:00,0.004968874957658933
2018-10-18 18:00:00,0.004813577632875349
2018-10-18 18:30:00,0.004729111673878275
2018-10-18 19:00:00,0.004639330812517151
2018-10-18 19:30:00,0.004554999659450658
2018-10-18 20:00:00,0.004497634044678546
2018-10-18 20:30:00,0.0044616270235186125
2018-10-18 21:00:00,0.004405859216125687
2018-10-18 21:30:00,0.004382561113346707
2018-10-18 22:00:00,0.004371075603423499
2018-10-18 22:30:00,0.00434367852991922
2018-10-18 23:00:00,0.004331044826105492
2018-10-18 23:30:00,0.00432145429921804
2018-10-19 00:00:00,0.004289912612914282
2018-10-19 00:30:00,0.004282150335663173
2018-10-19 01:00:00,0.004281370068223917
2018-10-19 01:30:00,0.004264444893494283
2018-10-19 02:00:00,0.004239219891705918
2018-10-19 02:30:00,0.0042387144810605544
2018-10-19 03:00:00,0.004208294540795039
2018-10-19 03:30:00,0.004218062837423731
2018-10-19 04:00:00,0.00434050657315529
2018-10-19 04:30:00,0.0044318927187145946
2018-10-19 05:00:00,0.004445237836276213
2018-10-19 05:30:00,0.004570457480553465
2018-10-19 06:00:00,0.004689369479454707
2018-10-19 06:30:00,0.004982455874004753
2018-10-19 07:00:00,0.00550512312920976
2018-10-19 07:30:00,0.006265296226829762
2018-10-19 08:00:00,0.006997521086631627
2018-10-19 08:30:00,0.007830722842068882
2018-10-19 09:00:00,0.008591612040397937
2018-10-19 09:30:00,0.009257020586214922
2018-10-19 10:00:00,0.009704810958584234
2018-10-19 10:30:00,0.009971745783761799
2018-10-19 11:00:00,0.01005819421573633
2018-10-19 11:30:00,0.009996863097037737
2018-10-19 12:00:00,0.009905139936651979
2018-10-19 12:30:00,0.00963365831276946
2018-10-19 13:00:00,0.009258478565919423
2018-10-19 13:30:00,0.008611411549857678
2018-10-19 14:00:00,0.008021004314535823
2018-10-19 14:30:00,0.007368569388811165
2018-10-19 15:00:00,0.006749587648384405
2018-10-19 15:30:00,0.0062716868983749355
2018-10-19 16:00:00,0.005755554494568009
2018-10-19 16:30:00,0.005395186884123479
2018-10-19 17:00:00,0.005057043058002876
2018-10-19 17:30:00,0.004891212345977966
2018-10-19 18:00:00,0.004743675512936476
2018-10-19 18:30:00,0.0046468733605651855
2018-10-19 19:00:00,0.004555494357041936
2018-10-19 19:30:00,0.004478623172231565
2018-10-19 20:00:00,0.004415213163068744
2018-10-19 20:30:00,0.00437080576837371
2018-10-19 21:00:00,0.004345216857529366
2018-10-19 21:30:00,0.004324247616476621
2018-10-19 22:00:00,0.004304973939421596
2018-10-19 22:30:00,0.004281978815203485
2018-10-19 23:00:00,0.004251636321391467
2018-10-19 23:30:00,0.004242215417860372
2018-10-20 00:00:00,0.00458786362677383
2018-10-20 00:30:00,0.004914274315189801
2018-10-20 01:00:00,0.005060373032314573
2018-10-20 01:30:00,0.005164827764726906
2018-10-20 02:00:00,0.005178284922979172
2018-10-20 02:30:00,0.005186080678524298
2018-10-20 03:00:00,0.005191705813079586
2018-10-20 03:30:00,0.005200316207112494
2018-10-20 04:00:00,0.005351688536705359
2018-10-20 04:30:00,0.005492233762824044
2018-10-20 05:00:00,0.005476031161273641
2018-10-20 05:30:00,0.005443332130345667
2018-10-20 06:00:00,0.005424548798703698
2018-10-20 06:30:00,0.005405197563600864
2018-10-20 07:00:00,0.005487535530635815
2018-10-20 07:30:00,0.005633034763109031
2018-10-20 08:00:00,0.005874979827310868
2018-10-20 08:30:00,0.006203320092999747
2018-10-20 09:00:00,0.006568354577630444
2018-10-20 09:30:00,0.0069593608531947435
2018-10-20 10:00:00,0.007294551335811357
2018-10-20 10:30:00,0.007532316746599309
2018-10-20 11:00:00,0.0076368644370746995
2018-10-20 11:30:00,0.007641565459120765
2018-10-20 12:00:00,0.007556462296594207
2018-10-20 12:30:00,0.0074138154147713594
2018-10-20 13:00:00,0.007206469497871667
2018-10-20 13:30:00,0.006960312864282314
2018-10-20 14:00:00,0.006695441194770788
2018-10-20 14:30:00,0.006450763855399795
2018-10-20 15:00:00,0.006181609865706062
2018-10-20 15:30:00,0.005977536228858043
2018-10-20 16:00:00,0.0057724582431894714
2018-10-20 16:30:00,0.005611752053629959
2018-10-20 17:00:00,0.005482097316555464
2018-10-20 17:30:00,0.005424238231729521
2018-10-20 18:00:00,0.005375542825542297
2018-10-20 18:30:00,0.005345793901883224
2018-10-20 19:00:00,0.00530849818959221
2018-10-20 19:30:00,0.005276617702952986
2018-10-20 20:00:00,0.005256974871909251
2018-10-20 20:30:00,0.005242777508576237
2018-10-20 21:00:00,0.005234807777496527
2018-10-20 21:30:00,0.005232669853640511
2018-10-20 22:00:00,0.005231728220824088
2018-10-20 22:30:00,0.005218646800625021
2018-10-20 23:00:00,0.005210091757371556
2018-10-20 23:30:00,0.00513377006296034
2018-10-21 00:00:00,0.004791882805596911
2018-10-21 00:30:00,0.004319347286986834
2018-10-21 01:00:00,0.0042310998430860666
2018-10-21 01:30:00,0.004039428128662854
2018-10-21 02:00:00,0.004040921260576076
2018-10-21 02:30:00,0.004048692242183629
2018-10-21 03:00:00,0.00401953153215046
2018-10-21 03:30:00,0.004018566464528223
2018-10-21 04:00:00,0.004026594782622464
2018-10-21 04:30:00,0.0040014621809255895
2018-10-21 05:00:00,0.004027759492471365
2018-10-21 05:30:00,0.004079353337760389
2018-10-21 06:00:00,0.004240177928886412
2018-10-21 06:30:00,0.004325711845462673
2018-10-21 07:00:00,0.004350276320510054
2018-10-21 07:30:00,0.0043964692242194035
2018-10-21 08:00:00,0.0044611750665493645
2018-10-21 08:30:00,0.004701556248043288
2018-10-21 09:00:00,0.004943738673349717
2018-10-21 09:30:00,0.005206073022957586
2018-10-21 10:00:00,0.005504642380907655
2018-10-21 10:30:00,0.00583861269130161
2018-10-21 11:00:00,0.0060550871346313016
2018-10-21 11:30:00,0.006224694867787368
2018-10-21 12:00:00,0.006307859971873201
2018-10-21 12:30:00,0.006343909175683596
2018-10-21 13:00:00,0.006297753321286296
2018-10-21 13:30:00,0.00617606898485739
2018-10-21 14:00:00,0.005988445577341196
2018-10-21 14:30:00,0.005761446116343683
2018-10-21 15:00:00,0.005467068463993347
2018-10-21 15:30:00,0.005232887016174378
2018-10-21 16:00:00,0.004984823012580482
2018-10-21 16:30:00,0.004762207980561934
2018-10-21 17:00:00,0.004604499772231771
2018-10-21 17:30:00,0.004547890655310162
2018-10-21 18:00:00,0.0044731759190118296
2018-10-21 18:30:00,0.004444197442492435
2018-10-21 19:00:00,0.004412210941255485
2018-10-21 19:30:00,0.004335242669392461
2018-10-21 20:00:00,0.004304530463620166
2018-10-21 20:30:00,0.004281776941090554
2018-10-21 21:00:00,0.0042302002813257925
2018-10-21 21:30:00,0.00420419623963562
2018-10-21 22:00:00,0.004190197067803195
2018-10-21 22:30:00,0.0041556233640045025
2018-10-21 23:00:00,0.00413147468936883
2018-10-21 23:30:00,0.004114924806315143
2018-10-22 00:00:00,0.0041505835416229715
2018-10-22 00:30:00,0.00421912197905216
2018-10-22 01:00:00,0.004234741835098017
2018-10-22 01:30:00,0.004244489933155984
2018-10-22 02:00:00,0.004235501792372234
2018-10-22 02:30:00,0.004226317468785537
2018-10-22 03:00:00,0.0042009244059612
2018-10-22 03:30:00,0.00419018869822969
2018-10-22 04:00:00,0.004328487084442486
2018-10-22 04:30:00,0.004397187445220411
2018-10-22 05:00:00,0.004433181633034303
2018-10-22 05:30:00,0.004537897049762727
2018-10-22 06:00:00,0.004662949302569885
2018-10-22 06:30:00,0.004988740196169262
2018-10-22 07:00:00,0.00550622211000807
2018-10-22 07:30:00,0.006266167443634433
2018-10-22 08:00:00,0.007014924889371412
2018-10-22 08:30:00,0.007892753991895398
2018-10-22 09:00:00,0.008672978132557532
2018-10-22 09:30:00,0.00933946400987603
2018-10-22 10:00:00,0.009790940565605394
2018-10-22 10:30:00,0.010055851069937982
2018-10-22 11:00:00,0.010141765746311546
2018-10-22 11:30:00,0.01009875082545905
2018-10-22 12:00:00,0.01000658999217616
2018-10-22 12:30:00,0.009754934325605655
2018-10-22 13:00:00,0.009369363027886619
2018-10-22 13:30:00,0.008709419590379512
2018-10-22 14:00:00,0.008116793860107371
2018-10-22 14:30:00,0.007467425099737546
2018-10-22 15:00:00,0.00684793962258012
2018-10-22 15:30:00,0.006363317658669203
2018-10-22 16:00:00,0.005842763553382639
2018-10-22 16:30:00,0.005477665125210366
2018-10-22 17:00:00,0.005137810558265423
2018-10-22 17:30:00,0.004968479132629322
2018-10-22 18:00:00,0.0048164774111089095
2018-10-22 18:30:00,0.004723097409952181
2018-10-22 19:00:00,0.00463192775736086
2018-10-22 19:30:00,0.004560898981233954
2018-10-22 20:00:00,0.004503714149249542
2018-10-22 20:30:00,0.004471706668281675
2018-10-22 21:00:00,0.004428647556081078
2018-10-22 21:30:00,0.00439853684365798
2018-10-22 22:00:00,0.004392693319031379
2018-10-22 22:30:00,0.004367680234844152
2018-10-22 23:00:00,0.00436223443235049
2018-10-22 23:30:00,0.004342766134812905
2018-10-23 00:00:00,0.004317709305654826
2018-10-23 00:30:00,0.004300499119048782
2018-10-23 01:00:00,0.004289316476092126
2018-10-23 01:30:00,0.004273593172117753
2018-10-23 02:00:00,0.004258792083549274
2018-10-23 02:30:00,0.004242277575892933
2018-10-23 03:00:00,0.0042123753216472565
2018-10-23 03:30:00,0.0042067989538069235
2018-10-23 04:00:00,0.004332344341884974
2018-10-23 04:30:00,0.004395724443771806
2018-10-23 05:00:00,0.004407973370392949
2018-10-23 05:30:00,0.004544333586570706
2018-10-23 06:00:00,0.00467660721899195
2018-10-23 06:30:00,0.004970210295213013
2018-10-23 07:00:00,0.005497019819736916
2018-10-23 07:30:00,0.006258553475225826
2018-10-23 08:00:00,0.006990773090094964
2018-10-23 08:30:00,0.007864668381477475
2018-10-23 09:00:00,0.008629982294332629
2018-10-23 09:30:00,0.009273435105366462
2018-10-23 10:00:00,0.009708409652002585
2018-10-23 10:30:00,0.009959524755719006
2018-10-23 11:00:00,0.010033089624212118
2018-10-23 11:30:00,0.00997273294705809
2018-10-23 12:00:00,0.009847516315827299
2018-10-23 12:30:00,0.00958866091893951
2018-10-23 13:00:00,0.00919531506859489
2018-10-23 13:30:00,0.008539324301668223
2018-10-23 14:00:00,0.007953218469156167
2018-10-23 14:30:00,0.007299750961249669
2018-10-23 15:00:00,0.006679665218280494
2018-10-23 15:30:00,0.00619870511016931
2018-10-23 16:00:00,0.005694577241437192
2018-10-23 16:30:00,0.005355696334876616
2018-10-23 17:00:00,0.0050405589039997775
2018-10-23 17:30:00,0.004886864296745169
2018-10-23 18:00:00,0.004759846979673443
2018-10-23 18:30:00,0.004679367169550827
2018-10-23 19:00:00,0.004605719832860115
2018-10-23 19:30:00,0.004529797311307912
2018-10-23 20:00:00,0.004467960223992388
2018-10-23 20:30:00,0.004455972651253216
2018-10-23 21:00:00,0.004419067184276142
2018-10-23 21:30:00,0.004395807246752345
2018-10-23 22:00:00,0.004388030127457555
2018-10-23 22:30:00,0.004369175598643641
2018-10-23 23:00:00,0.004336087438344858
2018-10-23 23:30:00,0.0043396971796002375
2018-10-24 00:00:00,0.00431364202771453
2018-10-24 00:30:00,0.00428611773669298
2018-10-24 01:00:00,0.0042804878035822185
2018-10-24 01:30:00,0.00425988102085938
2018-10-24 02:00:00,0.004245670266208759
2018-10-24 02:30:00,0.004244902274143977
2018-10-24 03:00:00,0.004226888831670118
2018-10-24 03:30:00,0.004222734733354
2018-10-24 04:00:00,0.004347194420357033
2018-10-24 04:30:00,0.004393392122621857
2018-10-24 05:00:00,0.004422849227151402
2018-10-24 05:30:00,0.004592970740526338
2018-10-24 06:00:00,0.0047066603487493355
2018-10-24 06:30:00,0.00500172631482469
2018-10-24 07:00:00,0.005515959048634698
2018-10-24 07:30:00,0.0062862499562729435
2018-10-24 08:00:00,0.007028840588657418
2018-10-24 08:30:00,0.007910169512038089
2018-10-24 09:00:00,0.008646866402354934
2018-10-24 09:30:00,0.009249897632785251
2018-10-24 10:00:00,0.009674963497146433
2018-10-24 10:30:00,0.009930950139019786
2018-10-24 11:00:00,0.009997468496187902
2018-10-24 11:30:00,0.009922066673702
2018-10-24 12:00:00,0.009796083947509755
2018-10-24 12:30:00,0.00951603868761164
2018-10-24 13:00:00,0.00913421773998286
2018-10-24 13:30:00,0.008488773751615126
2018-10-24 14:00:00,0.007898643828162057
2018-10-24 14:30:00,0.007240406556112443
2018-10-24 15:00:00,0.006635520293410566
2018-10-24 15:30:00,0.006167059529559781
2018-10-24 16:00:00,0.005661773088666
2018-10-24 16:30:00,0.005321320153012633
2018-10-24 17:00:00,0.0050059403392871005
2018-10-24 17:30:00,0.004829493771823267
2018-10-24 18:00:00,0.004686718891322956
2018-10-24 18:30:00,0.00460170355352104
2018-10-24 19:00:00,0.0045214262870772355
2018-10-24 19:30:00,0.00445563809150166
2018-10-24 20:00:00,0.0043973562874165765
2018-10-24 20:30:00,0.004373001944461318
2018-10-24 21:00:00,0.0043247678691656685
2018-10-24 21:30:00,0.0042979126976472335
2018-10-24 22:00:00,0.004290627151302948
2018-10-24 22:30:00,0.004259575029252052
2018-10-24 23:00:00,0.004239422993356297
2018-10-24 23:30:00,0.0042321582035543025
2018-10-25 00:00:00,0.004211202688602106
2018-10-25 00:30:00,0.004198543429690611
2018-10-25 01:00:00,0.004188317261594061
2018-10-25 01:30:00,0.004173663923896516
2018-10-25 02:00:00,0.004169862128827785
2018-10-25 02:30:00,0.004164956777593895
2018-10-25 03:00:00,0.004147058612045772
2018-10-25 03:30:00,0.0041320322145585505
2018-10-25 04:00:00,0.00424501185975973
2018-10-25 04:30:00,0.004307003951576559
2018-10-25 05:00:00,0.004349472283482045
2018-10-25 05:30:00,0.004513160384689777
2018-10-25 06:00:00,0.004637527225224066
2018-10-25 06:30:00,0.004976020229951281
2018-10-25 07:00:00,0.00546963334769241
2018-10-25 07:30:00,0.00625763114822562
2018-10-25 08:00:00,0.007000465390996233
2018-10-25 08:30:00,0.007849939048052508
2018-10-25 09:00:00,0.008574202769536797
2018-10-25 09:30:00,0.009186496439573187
2018-10-25 10:00:00,0.00961089764820379
2018-10-25 10:30:00,0.009864553866030521
2018-10-25 11:00:00,0.009933192738341765
2018-10-25 11:30:00,0.009858802853089724
2018-10-25 12:00:00,0.009750659370648132
2018-10-25 12:30:00,0.009473248406112012
2018-10-25 13:00:00,0.00909356817219708
2018-10-25 13:30:00,0.008468791339075733
2018-10-25 14:00:00,0.007879923770495784
2018-10-25 14:30:00,0.007229115443483166
2018-10-25 15:00:00,0.006619318473020356
2018-10-25 15:30:00,0.006138941445196659
2018-10-25 16:00:00,0.005639677079830909
2018-10-25 16:30:00,0.005294641970075243
2018-10-25 17:00:00,0.004984905592372394
2018-10-25 17:30:00,0.004817722134080514
2018-10-25 18:00:00,0.004695569436318289
2018-10-25 18:30:00,0.004624153093140965
2018-10-25 19:00:00,0.0045405123740914445
2018-10-25 19:30:00,0.004464307853709293
2018-10-25 20:00:00,0.004410922026935778
2018-10-25 20:30:00,0.00438086164354802
2018-10-25 21:00:00,0.0043335881721020715
2018-10-25 21:30:00,0.0043090478014263835
2018-10-25 22:00:00,0.004304319773556477
2018-10-25 22:30:00,0.004274983414074025
2018-10-25 23:00:00,0.0042432457681559465
2018-10-25 23:30:00,0.00424866668511772
2018-10-26 00:00:00,0.004234725207545319
2018-10-26 00:30:00,0.004232848637571275
2018-10-26 01:00:00,0.004240504007470151
2018-10-26 01:30:00,0.004213001477339715
2018-10-26 02:00:00,0.004202127057876655
2018-10-26 02:30:00,0.004207355921025077
2018-10-26 03:00:00,0.004189065836248312
2018-10-26 03:30:00,0.004177444069668449
2018-10-26 04:00:00,0.004322035259213571
2018-10-26 04:30:00,0.004407075259358748
2018-10-26 05:00:00,0.0044265049452639
2018-10-26 05:30:00,0.0045507749219341614
2018-10-26 06:00:00,0.00468975782766532
2018-10-26 06:30:00,0.004989465893989268
2018-10-26 07:00:00,0.005485814523134641
2018-10-26 07:30:00,0.006222003212948288
2018-10-26 08:00:00,0.006931845489718267
2018-10-26 08:30:00,0.007767464154795022
2018-10-26 09:00:00,0.00850629394722378
2018-10-26 09:30:00,0.009140451509923401
2018-10-26 10:00:00,0.009562947357247102
2018-10-26 10:30:00,0.009820879422785865
2018-10-26 11:00:00,0.009891031067609485
2018-10-26 11:30:00,0.00981083191718506
2018-10-26 12:00:00,0.009702903030608124
2018-10-26 12:30:00,0.009424676758018342
2018-10-26 13:00:00,0.00904840282892547
2018-10-26 13:30:00,0.008398893459720768
2018-10-26 14:00:00,0.007813930018194934
2018-10-26 14:30:00,0.0071660858593347075
2018-10-26 15:00:00,0.006554118714259309
2018-10-26 15:30:00,0.006078286699631553
2018-10-26 16:00:00,0.005563430153609669
2018-10-26 16:30:00,0.005246875698141343
2018-10-26 17:00:00,0.004970660913050501
2018-10-26 17:30:00,0.004814764884775554
2018-10-26 18:00:00,0.004680922459496609
2018-10-26 18:30:00,0.004611093322238696
2018-10-26 19:00:00,0.004532487292232292
2018-10-26 19:30:00,0.0044690364395507665
2018-10-26 20:00:00,0.0044202754159072665
2018-10-26 20:30:00,0.004411492943443104
2018-10-26 21:00:00,0.004370276141762339
2018-10-26 21:30:00,0.00435731033327195
2018-10-26 22:00:00,0.004356571578917277
2018-10-26 22:30:00,0.004331751329703594
2018-10-26 23:00:00,0.004320174535632029
2018-10-26 23:30:00,0.004315646596366039
2018-10-27 00:00:00,0.0046610417093767165
2018-10-27 00:30:00,0.004994877883405971
2018-10-27 01:00:00,0.005142870690811992
2018-10-27 01:30:00,0.005235270112736922
2018-10-27 02:00:00,0.0052406480658880395
2018-10-27 02:30:00,0.005251909717618578
2018-10-27 03:00:00,0.005256249174089244
2018-10-27 03:30:00,0.005269255714504023
2018-10-27 04:00:00,0.005410222320750087
2018-10-27 04:30:00,0.005515485442368651
2018-10-27 05:00:00,0.005522240804129999
2018-10-27 05:30:00,0.0055185512729405434
2018-10-27 06:00:00,0.005498549889367871
2018-10-27 06:30:00,0.005490482959641196
2018-10-27 07:00:00,0.005576692802973689
2018-10-27 07:30:00,0.005695479258272362
2018-10-27 08:00:00,0.00590411040687942
2018-10-27 08:30:00,0.0062061517987021374
2018-10-27 09:00:00,0.006542742901546168
2018-10-27 09:30:00,0.006898737912008955
2018-10-27 10:00:00,0.00720579602619033
2018-10-27 10:30:00,0.007428254714575812
2018-10-27 11:00:00,0.0075113251866838855
2018-10-27 11:30:00,0.007489600675318087
2018-10-27 12:00:00,0.007381982244121014
2018-10-27 12:30:00,0.007237012080287602
2018-10-27 13:00:00,0.007026672869119725
2018-10-27 13:30:00,0.006780560761661416
2018-10-27 14:00:00,0.006517045967406456
2018-10-27 14:30:00,0.006268269434121536
2018-10-27 15:00:00,0.005995512956802795
2018-10-27 15:30:00,0.005786789631292873
2018-10-27 16:00:00,0.005583270060210858
2018-10-27 16:30:00,0.005425716075221807
2018-10-27 17:00:00,0.0053341983599670085
2018-10-27 17:30:00,0.005267495872181789
2018-10-27 18:00:00,0.005232600665166207
2018-10-27 18:30:00,0.005215060047798202
2018-10-27 19:00:00,0.005184936278840436
2018-10-27 19:30:00,0.005166882662413755
2018-10-27 20:00:00,0.005146808072971497
2018-10-27 20:30:00,0.005148402197738339
2018-10-27 21:00:00,0.005145050797318471
2018-10-27 21:30:00,0.005144878272509963
2018-10-27 22:00:00,0.0051251081123546436
2018-10-27 22:30:00,0.0051191647108175566
2018-10-27 23:00:00,0.005116593243054001
2018-10-27 23:30:00,0.005046774260878608
2018-10-28 00:00:00,0.00471225914704666
2018-10-28 00:30:00,0.00424433135763665
2018-10-28 01:00:00,0.004158063820044132
2018-10-28 01:30:00,0.003977374325190718
2018-10-28 02:00:00,0.0039816752816232625
2018-10-28 02:30:00,0.003996258984469249
2018-10-28 03:00:00,0.003967056538162871
2018-10-28 03:30:00,0.003968765493478197
2018-10-28 04:00:00,0.003976474428647504
2018-10-28 04:30:00,0.0039521389451312085
2018-10-28 05:00:00,0.00398220312272562
2018-10-28 05:30:00,0.004021851577925936
2018-10-28 06:00:00,0.0041796472761978
2018-10-28 06:30:00,0.004287884051485393
2018-10-28 07:00:00,0.0043140375179612
2018-10-28 07:30:00,0.004341518845172093
2018-10-28 08:00:00,0.004374520185095053
2018-10-28 08:30:00,0.0045538917511072745
2018-10-28 09:00:00,0.0047566385315690315
2018-10-28 09:30:00,0.00498202612430387
2018-10-28 10:00:00,0.005234537384475171
2018-10-28 10:30:00,0.0055377659166037825
2018-10-28 11:00:00,0.005718254206910145
2018-10-28 11:30:00,0.005857830682794251
2018-10-28 12:00:00,0.00591982277461108
2018-10-28 12:30:00,0.005950784170485186
2018-10-28 13:00:00,0.005909371520784413
2018-10-28 13:30:00,0.005781007037161386
2018-10-28 14:00:00,0.0055958596842707944
2018-10-28 14:30:00,0.0053798404341454395
2018-10-28 15:00:00,0.005081677949062008
2018-10-28 15:30:00,0.004858933356045609
2018-10-28 16:00:00,0.004634043027571257
2018-10-28 16:30:00,0.0044240004340883815
2018-10-28 17:00:00,0.004325393690075185
2018-10-28 17:30:00,0.004264194810637965
2018-10-28 18:00:00,0.00422266833473753
2018-10-28 18:30:00,0.004203010103678547
2018-10-28 19:00:00,0.004186860955804261
2018-10-28 19:30:00,0.004148563014984646
2018-10-28 20:00:00,0.004118380212635097
2018-10-28 20:30:00,0.004110407914886179
2018-10-28 21:00:00,0.004081878159100943
2018-10-28 21:30:00,0.00407056539717487
2018-10-28 22:00:00,0.004068147371592234
2018-10-28 22:30:00,0.004042680991303997
2018-10-28 23:00:00,0.004019967865915833
2018-10-28 23:30:00,0.004009498756999023
2018-10-29 00:00:00,0.004069638494807813
2018-10-29 00:30:00,0.004126661961415057
2018-10-29 01:00:00,0.00416228565610848
2018-10-29 01:30:00,0.00419148553574565
2018-10-29 02:00:00,0.004165775768259899
2018-10-29 02:30:00,0.004165142470531384
2018-10-29 03:00:00,0.0041655164230755696
2018-10-29 03:30:00,0.004158502385695772
2018-10-29 04:00:00,0.0042886213551139914
2018-10-29 04:30:00,0.004372242545158667
2018-10-29 05:00:00,0.004377611012793145
2018-10-29 05:30:00,0.004534126835884687
2018-10-29 06:00:00,0.004661927210253504
2018-10-29 06:30:00,0.005004173020145869
2018-10-29 07:00:00,0.005506227243346486
2018-10-29 07:30:00,0.006218148075797755
2018-10-29 08:00:00,0.006880013055787204
2018-10-29 08:30:00,0.007684412988503166
2018-10-29 09:00:00,0.008413267700040512
2018-10-29 09:30:00,0.009036788315975978
2018-10-29 10:00:00,0.009465452762161198
2018-10-29 10:30:00,0.009727212959026652
2018-10-29 11:00:00,0.0098126034769102
2018-10-29 11:30:00,0.009729958848702041
2018-10-29 12:00:00,0.009630374203720565
2018-10-29 12:30:00,0.009374925000060524
2018-10-29 13:00:00,0.00901138342415442
2018-10-29 13:30:00,0.00838408612187074
2018-10-29 14:00:00,0.0078071408433566265
2018-10-29 14:30:00,0.007170677853736586
2018-10-29 15:00:00,0.006571861205740246
2018-10-29 15:30:00,0.006115289030472653
2018-10-29 16:00:00,0.0056088760449851515
2018-10-29 16:30:00,0.005260753008983541
2018-10-29 17:00:00,0.004976704637875331
2018-10-29 17:30:00,0.00480828214792183
2018-10-29 18:00:00,0.004672694610770018
2018-10-29 18:30:00,0.00459246030813687
2018-10-29 19:00:00,0.004494147057167901
2018-10-29 19:30:00,0.004415119870222745
2018-10-29 20:00:00,0.004357029338790821
2018-10-29 20:30:00,0.004327051535194977
2018-10-29 21:00:00,0.0042999365721149594
2018-10-29 21:30:00,0.004275469184120232
2018-10-29 22:00:00,0.0042601805399965316
2018-10-29 22:30:00,0.004246770362950204
2018-10-29 23:00:00,0.004227593326570579
2018-10-29 23:30:00,0.004227086242010514
2018-10-30 00:00:00,0.0042029075485045374
2018-10-30 00:30:00,0.004199867831001979
2018-10-30 01:00:00,0.004196401265250687
2018-10-30 01:30:00,0.00416897796708276
2018-10-30 02:00:00,0.004156301299458376
2018-10-30 02:30:00,0.0041504391385814386
2018-10-30 03:00:00,0.004135321233757231
2018-10-30 03:30:00,0.004134206741349359
2018-10-30 04:00:00,0.004270808559215616
2018-10-30 04:30:00,0.004335098377945242
2018-10-30 05:00:00,0.0043651839816478254
2018-10-30 05:30:00,0.004501567186254142
2018-10-30 06:00:00,0.004628390775597816
2018-10-30 06:30:00,0.004953982250159156
2018-10-30 07:00:00,0.005438473760317716
2018-10-30 07:30:00,0.006177099558341588
2018-10-30 08:00:00,0.0068631796115831804
2018-10-30 08:30:00,0.0076861922482359315
2018-10-30 09:00:00,0.008455424683811627
2018-10-30 09:30:00,0.009104288591507654
2018-10-30 10:00:00,0.009547555934760766
2018-10-30 10:30:00,0.009821428020430513
2018-10-30 11:00:00,0.009916494434851262
2018-10-30 11:30:00,0.009848776327219838
2018-10-30 12:00:00,0.009752943148271753
2018-10-30 12:30:00,0.009510689079416126
2018-10-30 13:00:00,0.009151517871605497
2018-10-30 13:30:00,0.008508958707833332
2018-10-30 14:00:00,0.00792624612360867
2018-10-30 14:30:00,0.00728183973916688
2018-10-30 15:00:00,0.006674302107173057
2018-10-30 15:30:00,0.006197720513542228
2018-10-30 16:00:00,0.00567773330736771
2018-10-30 16:30:00,0.00533912446774319
2018-10-30 17:00:00,0.005064654682930901
2018-10-30 17:30:00,0.004876648730108391
2018-10-30 18:00:00,0.004727367901137169
2018-10-30 18:30:00,0.004635220235983258
2018-10-30 19:00:00,0.0045380552904991205
2018-10-30 19:30:00,0.00446558817526687
2018-10-30 20:00:00,0.004413124117521995
2018-10-30 20:30:00,0.004370843933628891
2018-10-30 21:00:00,0.004342518953408736
2018-10-30 21:30:00,0.004310005169040996
2018-10-30 22:00:00,0.004306525100377783
2018-10-30 22:30:00,0.004272762798831784
2018-10-30 23:00:00,0.00425889385756309
2018-10-30 23:30:00,0.004254171855786107
2018-10-31 00:00:00,0.004240333491359284
2018-10-31 00:30:00,0.004227222275478542
2018-10-31 01:00:00,0.004229600238702669
2018-10-31 01:30:00,0.0042079113259228425
2018-10-31 02:00:00,0.004196545333509279
2018-10-31 02:30:00,0.004196497794331773
2018-10-31 03:00:00,0.004179617368921811
2018-10-31 03:30:00,0.004174576876974399
2018-10-31 04:00:00,0.004300707800414831
2018-10-31 04:30:00,0.004395218363560561
2018-10-31 05:00:00,0.004419806831385322
2018-10-31 05:30:00,0.004555963387941134
2018-10-31 06:00:00,0.0046959548830767545
2018-10-31 06:30:00,0.005028930553355423
2018-10-31 07:00:00,0.005525535403044351
2018-10-31 07:30:00,0.006255915385657176
2018-10-31 08:00:00,0.006951179092919584
2018-10-31 08:30:00,0.007792822846570834
2018-10-31 09:00:00,0.008560350009443548
2018-10-31 09:30:00,0.009203223534396544
2018-10-31 10:00:00,0.009632165180856238
2018-10-31 10:30:00,0.009891728755256832
2018-10-31 11:00:00,0.009967986282937845
2018-10-31 11:30:00,0.009892595061911712
2018-10-31 12:00:00,0.009789224691442638
2018-10-31 12:30:00,0.00953295448841895
2018-10-31 13:00:00,0.009164780297780891
2018-10-31 13:30:00,0.008514526817694476
2018-10-31 14:00:00,0.007923724761691828
2018-10-31 14:30:00,0.007276385901882653
2018-10-31 15:00:00,0.0066662024803125575
2018-10-31 15:30:00,0.006206206703104329
2018-10-31 16:00:00,0.005698740378892694
2018-10-31 16:30:00,0.005370958419553729
2018-10-31 17:00:00,0.005100825301354271
2018-10-31 17:30:00,0.004937392751124214
2018-10-31 18:00:00,0.00480343203587307
2018-10-31 18:30:00,0.004720788858390984
2018-10-31 19:00:00,0.004633449903795564
2018-10-31 19:30:00,0.004551212483236982
2018-10-31 20:00:00,0.00449240931051972
2018-10-31 20:30:00,0.0044607869415273765
2018-10-31 21:00:00,0.004430333411373531
2018-10-31 21:30:00,0.004400003974096179
2018-10-31 22:00:00,0.004385413798780017
2018-10-31 22:30:00,0.0043364323763675616
2018-10-31 23:00:00,0.004300050844691876
2018-10-31 23:30:00,0.00428901907724693
2018-11-01 00:00:00,0.004259308095654412
2018-11-01 00:30:00,0.00424528437307304
2018-11-01 01:00:00,0.004253751033630296
2018-11-01 01:30:00,0.004210159281771865
2018-11-01 02:00:00,0.004207399108024361
2018-11-01 02:30:00,0.004211217084268534
2018-11-01 03:00:00,0.0042001155703777155
2018-11-01 03:30:00,0.004181583772318138
2018-11-01 04:00:00,0.004332428149214333
2018-11-01 04:30:00,0.004414279007071316
2018-11-01 05:00:00,0.004469957427419214
2018-11-01 05:30:00,0.004539908872044606
2018-11-01 06:00:00,0.00468262728582234
2018-11-01 06:30:00,0.005005428679360186
2018-11-01 07:00:00,0.005484712975667123
2018-11-01 07:30:00,0.006259035785848318
2018-11-01 08:00:00,0.0069863867640126715
2018-11-01 08:30:00,0.007855961569957794
2018-11-01 09:00:00,0.008634652181565259
2018-11-01 09:30:00,0.009272208572267942
2018-11-01 10:00:00,0.00969270799732501
2018-11-01 10:30:00,0.009926632889817485
2018-11-01 11:00:00,0.009960515266844695
2018-11-01 11:30:00,0.009877060687109918
2018-11-01 12:00:00,0.009767598717855566
2018-11-01 12:30:00,0.00948785822202733
2018-11-01 13:00:00,0.009103030588812757
2018-11-01 13:30:00,0.008447077540764018
2018-11-01 14:00:00,0.00784622775597194
2018-11-01 14:30:00,0.0071754520816522385
2018-11-01 15:00:00,0.006557228066613426
2018-11-01 15:30:00,0.006091121719586643
2018-11-01 16:00:00,0.0055859622730215054
2018-11-01 16:30:00,0.00524404388084464
2018-11-01 17:00:00,0.0049750042753221365
2018-11-01 17:30:00,0.004803325240115151
2018-11-01 18:00:00,0.004680726946259541
2018-11-01 18:30:00,0.004619875348325605
2018-11-01 19:00:00,0.004531157869176821
2018-11-01 19:30:00,0.004464093592627576
2018-11-01 20:00:00,0.004404298681247174
2018-11-01 20:30:00,0.004386642005793239
2018-11-01 21:00:00,0.004354573259547318
2018-11-01 21:30:00,0.0043430761438155155
2018-11-01 22:00:00,0.004330219920940879
2018-11-01 22:30:00,0.0043177139926159885
2018-11-01 23:00:00,0.004301965356732476
2018-11-01 23:30:00,0.004293408527969996
2018-11-02 00:00:00,0.004282301099580569
2018-11-02 00:30:00,0.0042639289929834595
2018-11-02 01:00:00,0.004277485916551901
2018-11-02 01:30:00,0.004243058624492382
2018-11-02 02:00:00,0.004240495191519393
2018-11-02 02:30:00,0.004245626186454968
2018-11-02 03:00:00,0.004231030989394702
2018-11-02 03:30:00,0.004227329963990967
2018-11-02 04:00:00,0.004368427247178016
2018-11-02 04:30:00,0.00445684654632141
2018-11-02 05:00:00,0.004468377586724484
2018-11-02 05:30:00,0.004613528421751283
2018-11-02 06:00:00,0.004758937709207902
2018-11-02 06:30:00,0.0051249734180183765
2018-11-02 07:00:00,0.005615871669303239
2018-11-02 07:30:00,0.00639308220553215
2018-11-02 08:00:00,0.0070894620791171325
2018-11-02 08:30:00,0.00786411665919205
2018-11-02 09:00:00,0.008575453630195639
2018-11-02 09:30:00,0.00918155537815901
2018-11-02 10:00:00,0.00957787097637169
2018-11-02 10:30:00,0.00981166496873455
2018-11-02 11:00:00,0.009870411897917862
2018-11-02 11:30:00,0.009785884785237047
2018-11-02 12:00:00,0.00965207550346918
2018-11-02 12:30:00,0.009385201943569668
2018-11-02 13:00:00,0.009019921058694995
2018-11-02 13:30:00,0.008364065655670477
2018-11-02 14:00:00,0.007755503029908125
2018-11-02 14:30:00,0.0070888084712235795
2018-11-02 15:00:00,0.006482383769317243
2018-11-02 15:30:00,0.00602620708429632
2018-11-02 16:00:00,0.005523297267494906
2018-11-02 16:30:00,0.005201663820041048
2018-11-02 17:00:00,0.004946536119597895
2018-11-02 17:30:00,0.0047963401056625235
2018-11-02 18:00:00,0.0046939486405105455
2018-11-02 18:30:00,0.004620934936331289
2018-11-02 19:00:00,0.004541500541736555
2018-11-02 19:30:00,0.004473137865350963
2018-11-02 20:00:00,0.004433881440973602
2018-11-02 20:30:00,0.004402168903776036
2018-11-02 21:00:00,0.004365065356892688
2018-11-02 21:30:00,0.004352617569205076
2018-11-02 22:00:00,0.004356314465619215
2018-11-02 22:30:00,0.004340412387554784
2018-11-02 23:00:00,0.0043333991313351805
2018-11-02 23:30:00,0.004326847317601464
2018-11-03 00:00:00,0.004652678831530917
2018-11-03 00:30:00,0.004998995713570235
2018-11-03 01:00:00,0.005145155807567375
2018-11-03 01:30:00,0.005253171514520132
2018-11-03 02:00:00,0.0052739244857935175
2018-11-03 02:30:00,0.0052829472208144185
2018-11-03 03:00:00,0.0052938147214300485
2018-11-03 03:30:00,0.005316135481212316
2018-11-03 04:00:00,0.005464564845572336
2018-11-03 04:30:00,0.005558940602787487
2018-11-03 05:00:00,0.005556886039883576
2018-11-03 05:30:00,0.005599560821268843
2018-11-03 06:00:00,0.005547522942206822
2018-11-03 06:30:00,0.005584000333397713
2018-11-03 07:00:00,0.005634186528017578
2018-11-03 07:30:00,0.005758286769737166
2018-11-03 08:00:00,0.005951186356390661
2018-11-03 08:30:00,0.0062221757377567966
2018-11-03 09:00:00,0.006536640254923866
2018-11-03 09:30:00,0.00688261878300497
2018-11-03 10:00:00,0.0071818513459595435
2018-11-03 10:30:00,0.00739699591985651
2018-11-03 11:00:00,0.007483056896374934
2018-11-03 11:30:00,0.007473013631358038
2018-11-03 12:00:00,0.007381807264237612
2018-11-03 12:30:00,0.00723708629050601
2018-11-03 13:00:00,0.0070248844586532615
2018-11-03 13:30:00,0.0067677293127243535
2018-11-03 14:00:00,0.006498015454360318
2018-11-03 14:30:00,0.0062479362806551406
2018-11-03 15:00:00,0.005970719267035701
2018-11-03 15:30:00,0.005756439660661856
2018-11-03 16:00:00,0.005550587880024206
2018-11-03 16:30:00,0.005385501613663952
2018-11-03 17:00:00,0.005300810792125389
2018-11-03 17:30:00,0.005247538010391341
2018-11-03 18:00:00,0.005231215779736979
2018-11-03 18:30:00,0.005211017655389792
2018-11-03 19:00:00,0.005178733755307646
2018-11-03 19:30:00,0.005174965215344307
2018-11-03 20:00:00,0.005169003847122763
2018-11-03 20:30:00,0.0051558320355298455
2018-11-03 21:00:00,0.005166680230329257
2018-11-03 21:30:00,0.005165911680292908
2018-11-03 22:00:00,0.005177303339398553
2018-11-03 22:30:00,0.005193135447828485
2018-11-03 23:00:00,0.005204734002791164
2018-11-03 23:30:00,0.005132885678026688
2018-11-04 00:00:00,0.0047911184961444715
2018-11-04 00:30:00,0.0043124317873857645
2018-11-04 01:00:00,0.004216642130219903
2018-11-04 01:30:00,0.0040413246740189975
2018-11-04 02:00:00,0.004064387312796713
2018-11-04 02:30:00,0.004074295102317147
2018-11-04 03:00:00,0.0040404622731650824
2018-11-04 03:30:00,0.0040537648732932976
2018-11-04 04:00:00,0.004056926451786083
2018-11-04 04:30:00,0.004028847202244023
2018-11-04 05:00:00,0.004059114481488813
2018-11-04 05:30:00,0.004096941047928647
2018-11-04 06:00:00,0.00422083595611159
2018-11-04 06:30:00,0.0043498736882273265
2018-11-04 07:00:00,0.004372825848634781
2018-11-04 07:30:00,0.004394754689188407
2018-11-04 08:00:00,0.004418816543448258
2018-11-04 08:30:00,0.004569177047401574
2018-11-04 09:00:00,0.004759079099202973
2018-11-04 09:30:00,0.004973322660613591
2018-11-04 10:00:00,0.005218914515382854
2018-11-04 10:30:00,0.005523025423747477
2018-11-04 11:00:00,0.005699592066692523
2018-11-04 11:30:00,0.005826969163830634
2018-11-04 12:00:00,0.005885978339650424
2018-11-04 12:30:00,0.005909621938423671
2018-11-04 13:00:00,0.005842669256187821
2018-11-04 13:30:00,0.005714999112382735
2018-11-04 14:00:00,0.005539938211508324
2018-11-04 14:30:00,0.00530895282482498
2018-11-04 15:00:00,0.00501294723463084
2018-11-04 15:30:00,0.004778617701157997
2018-11-04 16:00:00,0.004525925323416056
2018-11-04 16:30:00,0.004341599751049303
2018-11-04 17:00:00,0.004251795120099427
2018-11-04 17:30:00,0.004204208961387346
2018-11-04 18:00:00,0.004189684626716086
2018-11-04 18:30:00,0.004168266776523495
2018-11-04 19:00:00,0.0041582610071959
2018-11-04 19:30:00,0.004120271066681256
2018-11-04 20:00:00,0.004107163868195795
2018-11-04 20:30:00,0.00409932280535943
2018-11-04 21:00:00,0.004075684116735971
2018-11-04 21:30:00,0.004062370580365043
2018-11-04 22:00:00,0.004067524228946238
2018-11-04 22:30:00,0.004050358791659865
2018-11-04 23:00:00,0.004035576004558783
2018-11-04 23:30:00,0.0040412022550572035
2018-11-05 00:00:00,0.004104087436164129
2018-11-05 00:30:00,0.004170270675609124
2018-11-05 01:00:00,0.004209210172136444
2018-11-05 01:30:00,0.004236998383709171
2018-11-05 02:00:00,0.004219204670438385
2018-11-05 02:30:00,0.004217695692132662
2018-11-05 03:00:00,0.004206142109678283
2018-11-05 03:30:00,0.004200258187910234
2018-11-05 04:00:00,0.0042042640889781635
2018-11-05 04:30:00,0.0041894964787037026
2018-11-05 05:00:00,0.004288509983989223
2018-11-05 05:30:00,0.004380732863710362
2018-11-05 06:00:00,0.004396972402978499
2018-11-05 06:30:00,0.004463850317024376
2018-11-05 07:00:00,0.004573675414174513
2018-11-05 07:30:00,0.004930459173244374
2018-11-05 08:00:00,0.005458127639198476
2018-11-05 08:30:00,0.006177709309669979
2018-11-05 09:00:00,0.006897462054223912
2018-11-05 09:30:00,0.007747100424486758
2018-11-05 10:00:00,0.008511328971049836
2018-11-05 10:30:00,0.009130316960758148
2018-11-05 11:00:00,0.009546907237017002
2018-11-05 11:30:00,0.009778469566300598
2018-11-05 12:00:00,0.009835966973956826
2018-11-05 12:30:00,0.009764207924643067
2018-11-05 13:00:00,0.009660695717801667
2018-11-05 13:30:00,0.009377542109898256
2018-11-05 14:00:00,0.008994903733923858
2018-11-05 14:30:00,0.00835144679390043
2018-11-05 15:00:00,0.007743410893297302
2018-11-05 15:30:00,0.0070702697543165716
2018-11-05 16:00:00,0.006433531461525385
2018-11-05 16:30:00,0.00594917419932584
2018-11-05 17:00:00,0.005483661645640631
2018-11-05 17:30:00,0.005193221040666858
2018-11-05 18:00:00,0.0049166321914375175
2018-11-05 18:30:00,0.004756064044043676
2018-11-05 19:00:00,0.004625972415232238
2018-11-05 19:30:00,0.00452587711467267
2018-11-05 20:00:00,0.00445304475125268
2018-11-05 20:30:00,0.004395566872601293
2018-11-05 21:00:00,0.004341473649475167
2018-11-05 21:30:00,0.004321967409871027
2018-11-05 22:00:00,0.004298381728546431
2018-11-05 22:30:00,0.00427375643459825
2018-11-05 23:00:00,0.004266076737139054
2018-11-05 23:30:00,0.004254785736104091
2018-11-06 00:00:00,0.004240697288820951
2018-11-06 00:30:00,0.004234889027997384
2018-11-06 01:00:00,0.004220447942683916
2018-11-06 01:30:00,0.00420887773267684
2018-11-06 02:00:00,0.004208046578230677
2018-11-06 02:30:00,0.0041953037351784486
2018-11-06 03:00:00,0.004182214168594505
2018-11-06 03:30:00,0.004179723495113849
2018-11-06 04:00:00,0.0041643514900380416
2018-11-06 04:30:00,0.004154282558329066
2018-11-06 05:00:00,0.0042824779765673
2018-11-06 05:30:00,0.004373662359607988
2018-11-06 06:00:00,0.004384040407565068
2018-11-06 06:30:00,0.004458762843871024
2018-11-06 07:00:00,0.004543895913673572
2018-11-06 07:30:00,0.004882019876006391
2018-11-06 08:00:00,0.005409538359203291
2018-11-06 08:30:00,0.006171169659716421
2018-11-06 09:00:00,0.00690727722046423
2018-11-06 09:30:00,0.007740058600122925
2018-11-06 10:00:00,0.008507002571113836
2018-11-06 10:30:00,0.009142662974431944
2018-11-06 11:00:00,0.00955448739234865
2018-11-06 11:30:00,0.009795393178709843
2018-11-06 12:00:00,0.00984962221211537
2018-11-06 12:30:00,0.009763244084558278
2018-11-06 13:00:00,0.009650362419164258
2018-11-06 13:30:00,0.009363758761467937
2018-11-06 14:00:00,0.008983801550467161
2018-11-06 14:30:00,0.00833784188477723
2018-11-06 15:00:00,0.007725636262654108
2018-11-06 15:30:00,0.007064136084475146
2018-11-06 16:00:00,0.006433696844297837
2018-11-06 16:30:00,0.005957763055656263
2018-11-06 17:00:00,0.005492896521451296
2018-11-06 17:30:00,0.005202985543088895
2018-11-06 18:00:00,0.004927235213530402
2018-11-06 18:30:00,0.004761876657045465
2018-11-06 19:00:00,0.0046173366892901906
2018-11-06 19:30:00,0.004531516979677325
2018-11-06 20:00:00,0.00445331793413187
2018-11-06 20:30:00,0.004392816407559054
2018-11-06 21:00:00,0.00434192538325579
2018-11-06 21:30:00,0.004304226369116165
2018-11-06 22:00:00,0.004271023601457527
2018-11-06 22:30:00,0.00425343756520397
2018-11-06 23:00:00,0.004234719627829651
2018-11-06 23:30:00,0.00422184354116723
2018-11-07 00:00:00,0.004205332716123231
2018-11-07 00:30:00,0.004190556066709386
2018-11-07 01:00:00,0.004179011969771644
2018-11-07 01:30:00,0.004170591062882881
2018-11-07 02:00:00,0.004159584962130015
2018-11-07 02:30:00,0.004146658100055
2018-11-07 03:00:00,0.004135084095841268
2018-11-07 03:30:00,0.004133735143780953
2018-11-07 04:00:00,0.0041285434415388915
2018-11-07 04:30:00,0.004118030699245544
2018-11-07 05:00:00,0.004245749051794015
2018-11-07 05:30:00,0.004341662020676178
2018-11-07 06:00:00,0.004360612074222358
2018-11-07 06:30:00,0.004404541175690181
2018-11-07 07:00:00,0.004504274910674351
2018-11-07 07:30:00,0.004857187909389803
2018-11-07 08:00:00,0.005366617735545616
2018-11-07 08:30:00,0.006139036635145985
2018-11-07 09:00:00,0.006890403713901698
2018-11-07 09:30:00,0.007726858443574407
2018-11-07 10:00:00,0.0084877571274201
2018-11-07 10:30:00,0.009129055833422474
2018-11-07 11:00:00,0.009549642748421246
2018-11-07 11:30:00,0.009784629237617044
2018-11-07 12:00:00,0.009841098415269658
2018-11-07 12:30:00,0.009764627630855746
2018-11-07 13:00:00,0.009662343631027567
2018-11-07 13:30:00,0.00940131872909307
2018-11-07 14:00:00,0.009020062448690067
2018-11-07 14:30:00,0.008368951143116584
2018-11-07 15:00:00,0.007753924528345157
2018-11-07 15:30:00,0.007094107861978068
2018-11-07 16:00:00,0.006477313370093841
2018-11-07 16:30:00,0.005999228824250212
2018-11-07 17:00:00,0.005535480018688205
2018-11-07 17:30:00,0.0052463230831014136
2018-11-07 18:00:00,0.004974323438416115
2018-11-07 18:30:00,0.004806065438480557
2018-11-07 19:00:00,0.004653134582706822
2018-11-07 19:30:00,0.004552775584784701
2018-11-07 20:00:00,0.0044732220074632624
2018-11-07 20:30:00,0.004406745498162666
2018-11-07 21:00:00,0.004350868439936927
2018-11-07 21:30:00,0.00432823175665344
2018-11-07 22:00:00,0.004298668860714797
2018-11-07 22:30:00,0.004278733540975653
2018-11-07 23:00:00,0.004279937866805809
2018-11-07 23:30:00,0.004264450807992893
2018-11-08 00:00:00,0.004258990609832804
2018-11-08 00:30:00,0.004251715106976723
2018-11-08 01:00:00,0.004234526569667478
2018-11-08 01:30:00,0.004225021189241144
2018-11-08 02:00:00,0.004224908702173243
2018-11-08 02:30:00,0.004202187095617262
2018-11-08 03:00:00,0.004192679260116032
2018-11-08 03:30:00,0.004192007797132337
2018-11-08 04:00:00,0.004170149595779091
2018-11-08 04:30:00,0.004154319830829738
2018-11-08 05:00:00,0.004280534784788157
2018-11-08 05:30:00,0.004345521621599247
2018-11-08 06:00:00,0.004409009969970072
2018-11-08 06:30:00,0.00449938797250217
2018-11-08 07:00:00,0.004558757597954224
2018-11-08 07:30:00,0.004893949866079852
2018-11-08 08:00:00,0.005420131226213655
2018-11-08 08:30:00,0.006217312011201802
2018-11-08 09:00:00,0.006962799408773375
2018-11-08 09:30:00,0.007795286067850394
2018-11-08 10:00:00,0.008572966416138698
2018-11-08 10:30:00,0.009207055236741268
2018-11-08 11:00:00,0.0096311001247292
2018-11-08 11:30:00,0.009863045445696364
2018-11-08 12:00:00,0.00992483488224007
2018-11-08 12:30:00,0.00983556077065607
2018-11-08 13:00:00,0.009714666187183058
2018-11-08 13:30:00,0.009437048661572845
2018-11-08 14:00:00,0.009049869736175043
2018-11-08 14:30:00,0.008395518847683713
2018-11-08 15:00:00,0.007793692389460805
2018-11-08 15:30:00,0.007132575984125608
2018-11-08 16:00:00,0.006504041993660886
2018-11-08 16:30:00,0.006040994111981312
2018-11-08 17:00:00,0.005599903192622338
2018-11-08 17:30:00,0.005303850398033634
2018-11-08 18:00:00,0.005026186560783361
2018-11-08 18:30:00,0.004860762610030775
2018-11-08 19:00:00,0.004709654870554968
2018-11-08 19:30:00,0.004612846357307814
2018-11-08 20:00:00,0.004538712469410702
2018-11-08 20:30:00,0.004474139647502306
2018-11-08 21:00:00,0.004427521123081671
2018-11-08 21:30:00,0.004409827621504315
2018-11-08 22:00:00,0.004391698232538839
2018-11-08 22:30:00,0.004382719577271728
2018-11-08 23:00:00,0.004376155041786286
2018-11-08 23:30:00,0.004363022399797371
2018-11-09 00:00:00,0.004349962070923535
2018-11-09 00:30:00,0.004342844362426594
2018-11-09 01:00:00,0.004337036771168907
2018-11-09 01:30:00,0.004326657718863007
2018-11-09 02:00:00,0.004321476171703464
2018-11-09 02:30:00,0.004309671055666693
2018-11-09 03:00:00,0.004298650336058772
2018-11-09 03:30:00,0.004291906580106018
2018-11-09 04:00:00,0.004275060860527521
2018-11-09 04:30:00,0.004267669411179823
2018-11-09 05:00:00,0.004386322064896735
2018-11-09 05:30:00,0.00446003356831765
2018-11-09 06:00:00,0.0044912558716964715
2018-11-09 06:30:00,0.004609124128984534
2018-11-09 07:00:00,0.004680144870320873
2018-11-09 07:30:00,0.0050287367140330564
2018-11-09 08:00:00,0.005535189985067692
2018-11-09 08:30:00,0.006328221023917944
2018-11-09 09:00:00,0.0070676059980558405
2018-11-09 09:30:00,0.007910728376359569
2018-11-09 10:00:00,0.008671274756957876
2018-11-09 10:30:00,0.009283516200855598
2018-11-09 11:00:00,0.009693480341568016
2018-11-09 11:30:00,0.009942800450753481
2018-11-09 12:00:00,0.010004713756985055
2018-11-09 12:30:00,0.009910482626000063
2018-11-09 13:00:00,0.009790963107656701
2018-11-09 13:30:00,0.009505939067466482
2018-11-09 14:00:00,0.009092224799852434
2018-11-09 14:30:00,0.008421572883626285
2018-11-09 15:00:00,0.007789563288270888
2018-11-09 15:30:00,0.007126177724167121
2018-11-09 16:00:00,0.006502741808315525
2018-11-09 16:30:00,0.006025412421190636
2018-11-09 17:00:00,0.00556322705195929
2018-11-09 17:30:00,0.005282929030941336
2018-11-09 18:00:00,0.0049998871289456326
2018-11-09 18:30:00,0.0048348537582899274
2018-11-09 19:00:00,0.004677932513057825
2018-11-09 19:30:00,0.0045833138150224145
2018-11-09 20:00:00,0.004505086312927044
2018-11-09 20:30:00,0.0044395379335309525
2018-11-09 21:00:00,0.004383598382489712
2018-11-09 21:30:00,0.004341263071005792
2018-11-09 22:00:00,0.0043081582831543145
2018-11-09 22:30:00,0.004300392100102237
2018-11-09 23:00:00,0.004304389631596663
2018-11-09 23:30:00,0.004276995794327471
2018-11-10 00:00:00,0.004619061267809392
2018-11-10 00:30:00,0.004880626732597972
2018-11-10 01:00:00,0.005084584980925941
2018-11-10 01:30:00,0.005128832684158506
2018-11-10 02:00:00,0.005204913446447102
2018-11-10 02:30:00,0.00520358234947693
2018-11-10 03:00:00,0.005237675416567831
2018-11-10 03:30:00,0.005256767306486336
2018-11-10 04:00:00,0.005267012668804789
2018-11-10 04:30:00,0.005268589273264431
2018-11-10 05:00:00,0.005390037922503447
2018-11-10 05:30:00,0.005473426773187635
2018-11-10 06:00:00,0.005482039733889752
2018-11-10 06:30:00,0.005471474988646363
2018-11-10 07:00:00,0.005349986277048837
2018-11-10 07:30:00,0.005371357927195682
2018-11-10 08:00:00,0.005447387802477371
2018-11-10 08:30:00,0.005603490615015038
2018-11-10 09:00:00,0.0058453908183028905
2018-11-10 09:30:00,0.006147202102651388
2018-11-10 10:00:00,0.006482726029076425
2018-11-10 10:30:00,0.006834076372621411
2018-11-10 11:00:00,0.007122074066480659
2018-11-10 11:30:00,0.007324007993963648
2018-11-10 12:00:00,0.0073997313196664406
2018-11-10 12:30:00,0.007374171200154952
2018-11-10 13:00:00,0.007268750060988622
2018-11-10 13:30:00,0.007108492592163271
2018-11-10 14:00:00,0.006885858700705759
2018-11-10 14:30:00,0.006622451594963226
2018-11-10 15:00:00,0.006336614590199925
2018-11-10 15:30:00,0.006073522738392732
2018-11-10 16:00:00,0.005791105541363413
2018-11-10 16:30:00,0.005597995264646228
2018-11-10 17:00:00,0.005457395915285547
2018-11-10 17:30:00,0.0053463735227469965
2018-11-10 18:00:00,0.005259579259995256
2018-11-10 18:30:00,0.005191911816182112
2018-11-10 19:00:00,0.005138767925880035
2018-11-10 19:30:00,0.005116503298037406
2018-11-10 20:00:00,0.005109931508921592
2018-11-10 20:30:00,0.005115520375325025
2018-11-10 21:00:00,0.005124604822001234
2018-11-10 21:30:00,0.005137237409871827
2018-11-10 22:00:00,0.005149204784040275
2018-11-10 22:30:00,0.00516273950034035
2018-11-10 23:00:00,0.00517953500247782
2018-11-10 23:30:00,0.0051871101360653656
2018-11-11 00:00:00,0.004786129895552788
2018-11-11 00:30:00,0.004372619510749314
2018-11-11 01:00:00,0.004265748315074733
2018-11-11 01:30:00,0.004098946397740349
2018-11-11 02:00:00,0.004120196521679908
2018-11-11 02:30:00,0.0041209414137218184
2018-11-11 03:00:00,0.00409489742126745
2018-11-11 03:30:00,0.0041197055067009715
2018-11-11 04:00:00,0.004120735410619291
2018-11-11 04:30:00,0.004076817133799867
2018-11-11 05:00:00,0.0040854467220546795
2018-11-11 05:30:00,0.0040973725831385446
2018-11-11 06:00:00,0.004086668456597725
2018-11-11 06:30:00,0.004104262862424787
2018-11-11 07:00:00,0.004183850029634558
2018-11-11 07:30:00,0.0042228110638643625
2018-11-11 08:00:00,0.004249939641450613
2018-11-11 08:30:00,0.004331959676286703
2018-11-11 09:00:00,0.0043692644277171025
2018-11-11 09:30:00,0.004549450297434166
2018-11-11 10:00:00,0.004755808046688748
2018-11-11 10:30:00,0.004943268638101699
2018-11-11 11:00:00,0.00520061818132454
2018-11-11 11:30:00,0.0054987852417748215
2018-11-11 12:00:00,0.005645162498305826
2018-11-11 12:30:00,0.005796230621800378
2018-11-11 13:00:00,0.005866658797332593
2018-11-11 13:30:00,0.005866006974948055
2018-11-11 14:00:00,0.005796877868818067
2018-11-11 14:30:00,0.005664350136145224
2018-11-11 15:00:00,0.00545552157719777
2018-11-11 15:30:00,0.005209299549340768
2018-11-11 16:00:00,0.004920208789181818
2018-11-11 16:30:00,0.004683601057801022
2018-11-11 17:00:00,0.004512582326146392
2018-11-11 17:30:00,0.0043800350644687056
2018-11-11 18:00:00,0.004273951278269437
2018-11-11 18:30:00,0.004223030235095869
2018-11-11 19:00:00,0.004199765833799536
2018-11-11 19:30:00,0.004151728052901147
2018-11-11 20:00:00,0.004149882282957599
2018-11-11 20:30:00,0.004146644150765825
2018-11-11 21:00:00,0.004116671145725457
2018-11-11 21:30:00,0.004111711559655256
2018-11-11 22:00:00,0.004106482361723894
2018-11-11 22:30:00,0.004083475408508562
2018-11-11 23:00:00,0.004088491684489968
2018-11-11 23:30:00,0.004082772587522803
2018-11-12 00:00:00,0.004127287335947321
2018-11-12 00:30:00,0.0042068086625121895
2018-11-12 01:00:00,0.0042309269834946185
2018-11-12 01:30:00,0.00424590829687923
2018-11-12 02:00:00,0.004252537445472129
2018-11-12 02:30:00,0.004248065414957149
2018-11-12 03:00:00,0.004228643205870996
2018-11-12 03:30:00,0.004230392669922084
2018-11-12 04:00:00,0.004229954550647697
2018-11-12 04:30:00,0.004219231118290661
2018-11-12 05:00:00,0.004345034958798533
2018-11-12 05:30:00,0.004417846342487605
2018-11-12 06:00:00,0.004415338260294058
2018-11-12 06:30:00,0.004527741074489302
2018-11-12 07:00:00,0.004603109976652753
2018-11-12 07:30:00,0.004956562757062095
2018-11-12 08:00:00,0.005457565761830534
2018-11-12 08:30:00,0.006212247861259949
2018-11-12 09:00:00,0.0068879568969862056
2018-11-12 09:30:00,0.007686224052615248
2018-11-12 10:00:00,0.008403315495983346
2018-11-12 10:30:00,0.009001520941925224
2018-11-12 11:00:00,0.009396251677699072
2018-11-12 11:30:00,0.009622978736977587
2018-11-12 12:00:00,0.009672757723947874
2018-11-12 12:30:00,0.009577628258740055
2018-11-12 13:00:00,0.00946453076994393
2018-11-12 13:30:00,0.00917752447996488
2018-11-12 14:00:00,0.008804102789928065
2018-11-12 14:30:00,0.008165248445766288
2018-11-12 15:00:00,0.007560506028134377
2018-11-12 15:30:00,0.006896832773890679
2018-11-12 16:00:00,0.006277798584136622
2018-11-12 16:30:00,0.005821655489004032
2018-11-12 17:00:00,0.005372676079225501
2018-11-12 17:30:00,0.005095844177581585
2018-11-12 18:00:00,0.0048369135661265675
2018-11-12 18:30:00,0.0046792542361056705
2018-11-12 19:00:00,0.004534258293985865
2018-11-12 19:30:00,0.004447755180797771
2018-11-12 20:00:00,0.004391445248230374
2018-11-12 20:30:00,0.004333162662985097
2018-11-12 21:00:00,0.004295154867380311
2018-11-12 21:30:00,0.004279274884989932
2018-11-12 22:00:00,0.004248910518692488
2018-11-12 22:30:00,0.004235339980617812
2018-11-12 23:00:00,0.004229104313573943
2018-11-12 23:30:00,0.0042029680326223975
2018-11-13 00:00:00,0.004197958229111169
2018-11-13 00:30:00,0.004196235436100982
2018-11-13 01:00:00,0.00417574817088779
2018-11-13 01:30:00,0.004180618704695901
2018-11-13 02:00:00,0.004182974014274409
2018-11-13 02:30:00,0.004162247044476045
2018-11-13 03:00:00,0.0041636060400245655
2018-11-13 03:30:00,0.0041685921855413545
2018-11-13 04:00:00,0.00414606508787362
2018-11-13 04:30:00,0.004148645259993619
2018-11-13 05:00:00,0.004262092596962236
2018-11-13 05:30:00,0.004331277165465981
2018-11-13 06:00:00,0.004359668432708293
2018-11-13 06:30:00,0.004494986469593257
2018-11-13 07:00:00,0.004542254696106476
2018-11-13 07:30:00,0.004885435889533716
2018-11-13 08:00:00,0.005359958010110848
2018-11-13 08:30:00,0.006111440923763863
2018-11-13 09:00:00,0.006806745697733601
2018-11-13 09:30:00,0.007621795522154073
2018-11-13 10:00:00,0.008367489257611112
2018-11-13 10:30:00,0.008983138233868343
2018-11-13 11:00:00,0.009390844821620784
2018-11-13 11:30:00,0.009628777735473142
2018-11-13 12:00:00,0.00969723292354454
2018-11-13 12:30:00,0.009619683245308729
2018-11-13 13:00:00,0.009523060648187691
2018-11-13 13:30:00,0.009252521215093162
2018-11-13 14:00:00,0.008891584138867377
2018-11-13 14:30:00,0.008251013250976963
2018-11-13 15:00:00,0.007646873777420324
2018-11-13 15:30:00,0.006993796068450513
2018-11-13 16:00:00,0.006382951227384925
2018-11-13 16:30:00,0.005922183663905259
2018-11-13 17:00:00,0.005466304489323846
2018-11-13 17:30:00,0.005180310248172972
2018-11-13 18:00:00,0.004907785775431779
2018-11-13 18:30:00,0.004757909144421343
2018-11-13 19:00:00,0.004610860201718015
2018-11-13 19:30:00,0.004530648775919114
2018-11-13 20:00:00,0.004471368649106402
2018-11-13 20:30:00,0.004413833410977931
2018-11-13 21:00:00,0.004373223124390466
2018-11-13 21:30:00,0.004366775316556834
2018-11-13 22:00:00,0.004337080292951132
2018-11-13 22:30:00,0.004321785845923135
2018-11-13 23:00:00,0.004321960267834971
2018-11-13 23:30:00,0.0043018628015584655
2018-11-14 00:00:00,0.004293206542262752
2018-11-14 00:30:00,0.0042867667692196845
2018-11-14 01:00:00,0.004268717393376913
2018-11-14 01:30:00,0.004263766065285902
2018-11-14 02:00:00,0.004266144140104344
2018-11-14 02:30:00,0.00424435668954579
2018-11-14 03:00:00,0.004232803441874351
2018-11-14 03:30:00,0.004239348783137889
2018-11-14 04:00:00,0.004225029447220335
2018-11-14 04:30:00,0.004228673671118553
2018-11-14 05:00:00,0.004339106064522185
2018-11-14 05:30:00,0.004409088978743956
2018-11-14 06:00:00,0.004445047902754816
2018-11-14 06:30:00,0.004608997692627457
2018-11-14 07:00:00,0.004652996986918406
2018-11-14 07:30:00,0.005011270976449339
2018-11-14 08:00:00,0.005519098196670491
2018-11-14 08:30:00,0.006306891444827248
2018-11-14 09:00:00,0.007010786079476229
2018-11-14 09:30:00,0.007830654992726338
2018-11-14 10:00:00,0.0085660365208712
2018-11-14 10:30:00,0.009166651622822208
2018-11-14 11:00:00,0.009568414027877368
2018-11-14 11:30:00,0.009803748468142331
2018-11-14 12:00:00,0.009861407464364357
2018-11-14 12:30:00,0.009781152516783232
2018-11-14 13:00:00,0.00966726583300278
2018-11-14 13:30:00,0.009363437704628299
2018-11-14 14:00:00,0.008984260203095212
2018-11-14 14:30:00,0.008356140897099065
2018-11-14 15:00:00,0.007749087584425377
2018-11-14 15:30:00,0.007080273961323781
2018-11-14 16:00:00,0.0064608096870859
2018-11-14 16:30:00,0.006013149768468947
2018-11-14 17:00:00,0.005571442513717094
2018-11-14 17:30:00,0.005300547987517345
2018-11-14 18:00:00,0.005020788632250146
2018-11-14 18:30:00,0.004875608001541671
2018-11-14 19:00:00,0.004747907615677656
2018-11-14 19:30:00,0.004660823765682656
2018-11-14 20:00:00,0.004594783143770181
2018-11-14 20:30:00,0.004542685003778925
2018-11-14 21:00:00,0.004501741719760291
2018-11-14 21:30:00,0.004487613879684523
2018-11-14 22:00:00,0.004465750433398547
2018-11-14 22:30:00,0.004443012645667124
2018-11-14 23:00:00,0.0044338420481809734
2018-11-14 23:30:00,0.00442390569051631
2018-11-15 00:00:00,0.004414749823479528
2018-11-15 00:30:00,0.004410134059488897
2018-11-15 01:00:00,0.00440389749969052
2018-11-15 01:30:00,0.004396952092813462
2018-11-15 02:00:00,0.004397166019112239
2018-11-15 02:30:00,0.004385372955261315
2018-11-15 03:00:00,0.00438361936222063
2018-11-15 03:30:00,0.004378617035528399
2018-11-15 04:00:00,0.004364756463833211
2018-11-15 04:30:00,0.004351839422057774
2018-11-15 05:00:00,0.004469826304100975
2018-11-15 05:30:00,0.004553175650398221
2018-11-15 06:00:00,0.004582175776214415
2018-11-15 06:30:00,0.004690278080354366
2018-11-15 07:00:00,0.004732644191868783
2018-11-15 07:30:00,0.0050854270716148165
2018-11-15 08:00:00,0.005577146433857638
2018-11-15 08:30:00,0.006368448876793404
2018-11-15 09:00:00,0.0070717747152270125
2018-11-15 09:30:00,0.007902404556523458
2018-11-15 10:00:00,0.008649512415119836
2018-11-15 10:30:00,0.009252156524876987
2018-11-15 11:00:00,0.009655886114488671
2018-11-15 11:30:00,0.009879361092286237
2018-11-15 12:00:00,0.009937374846830545
2018-11-15 12:30:00,0.009850211206901468
2018-11-15 13:00:00,0.009741693437132748
2018-11-15 13:30:00,0.009450791389673089
2018-11-15 14:00:00,0.009067172546061205
2018-11-15 14:30:00,0.008437639340114347
2018-11-15 15:00:00,0.007835242969732934
2018-11-15 15:30:00,0.007157333628929474
2018-11-15 16:00:00,0.0065304356110991195
2018-11-15 16:30:00,0.006067022258043177
2018-11-15 17:00:00,0.005623718311855274
2018-11-15 17:30:00,0.0053467588579111484
2018-11-15 18:00:00,0.005051705055615953
2018-11-15 18:30:00,0.004883441252776099
2018-11-15 19:00:00,0.004736883213457395
2018-11-15 19:30:00,0.004634470210602932
2018-11-15 20:00:00,0.004561796311107962
2018-11-15 20:30:00,0.0044987739805898725
2018-11-15 21:00:00,0.004447756073552278
2018-11-15 21:30:00,0.0044416049949979625
2018-11-15 22:00:00,0.004413857738538252
2018-11-15 22:30:00,0.0043887130846555315
2018-11-15 23:00:00,0.004388189595731396
2018-11-15 23:30:00,0.004382674493169117
2018-11-16 00:00:00,0.004358747110056906
2018-11-16 00:30:00,0.004366077182532237
2018-11-16 01:00:00,0.004360481620469999
2018-11-16 01:30:00,0.004339024154296154
2018-11-16 02:00:00,0.004335295341908383
2018-11-16 02:30:00,0.0043252925856272495
2018-11-16 03:00:00,0.004315419055561027
2018-11-16 03:30:00,0.0043269699597518856
2018-11-16 04:00:00,0.0043252090014865175
2018-11-16 04:30:00,0.004312104704453205
2018-11-16 05:00:00,0.004437373785011289
2018-11-16 05:30:00,0.004513080148378446
2018-11-16 06:00:00,0.004534541185570321
2018-11-16 06:30:00,0.004672169894308436
2018-11-16 07:00:00,0.004705260174899172
2018-11-16 07:30:00,0.0050719761626441
2018-11-16 08:00:00,0.005558424367493723
2018-11-16 08:30:00,0.00633531462804319
2018-11-16 09:00:00,0.006996225699841742
2018-11-16 09:30:00,0.007780609183752724
2018-11-16 10:00:00,0.008498522965616227
2018-11-16 10:30:00,0.009088330716286525
2018-11-16 11:00:00,0.009483695865732023
2018-11-16 11:30:00,0.009704495146677325
2018-11-16 12:00:00,0.009734482101006869
2018-11-16 12:30:00,0.009613638962512331
2018-11-16 13:00:00,0.009486743171647893
2018-11-16 13:30:00,0.009203013737087363
2018-11-16 14:00:00,0.008836999900762314
2018-11-16 14:30:00,0.00818674653227021
2018-11-16 15:00:00,0.007579601712259538
2018-11-16 15:30:00,0.006919745987882759
2018-11-16 16:00:00,0.006312896558019643
2018-11-16 16:30:00,0.005873890666812136
2018-11-16 17:00:00,0.005424137685253152
2018-11-16 17:30:00,0.005150274080751223
2018-11-16 18:00:00,0.004881104021476361
2018-11-16 18:30:00,0.004738142220501113
2018-11-16 19:00:00,0.004599989241678671
2018-11-16 19:30:00,0.004511760322433927
2018-11-16 20:00:00,0.004463224384520544
2018-11-16 20:30:00,0.004418561773630777
2018-11-16 21:00:00,0.004361001426781793
2018-11-16 21:30:00,0.004339069126804452
2018-11-16 22:00:00,0.004325238127602313
2018-11-16 22:30:00,0.0043055611486986795
2018-11-16 23:00:00,0.004311794249073341
2018-11-16 23:30:00,0.004302021153889173
2018-11-17 00:00:00,0.004634413743880354
2018-11-17 00:30:00,0.004926917281331539
2018-11-17 01:00:00,0.005132028745294129
2018-11-17 01:30:00,0.005169886669736027
2018-11-17 02:00:00,0.00524078912110017
2018-11-17 02:30:00,0.005252548483468449
2018-11-17 03:00:00,0.005285739756912808
2018-11-17 03:30:00,0.005307640810482398
2018-11-17 04:00:00,0.005319838180530752
2018-11-17 04:30:00,0.005339018676334092
2018-11-17 05:00:00,0.0054576842749913595
2018-11-17 05:30:00,0.005536678095236811
2018-11-17 06:00:00,0.005551064052959461
2018-11-17 06:30:00,0.005584926231415949
2018-11-17 07:00:00,0.0054843453839988005
2018-11-17 07:30:00,0.0054779587298489085
2018-11-17 08:00:00,0.005544641130657717
2018-11-17 08:30:00,0.005672181936653577
2018-11-17 09:00:00,0.005878944215294215
2018-11-17 09:30:00,0.006149532080320756
2018-11-17 10:00:00,0.006443794120962416
2018-11-17 10:30:00,0.0067677592200003425
2018-11-17 11:00:00,0.007036991548902079
2018-11-17 11:30:00,0.007222689396540647
2018-11-17 12:00:00,0.007285809483677269
2018-11-17 12:30:00,0.007261508594398127
2018-11-17 13:00:00,0.007152977321717486
2018-11-17 13:30:00,0.00699193668400073
2018-11-17 14:00:00,0.006769806752462509
2018-11-17 14:30:00,0.006508380445782731
2018-11-17 15:00:00,0.006234687692174609
2018-11-17 15:30:00,0.005989855683085252
2018-11-17 16:00:00,0.005723106550845174
2018-11-17 16:30:00,0.005544388815915131
2018-11-17 17:00:00,0.005415951572799771
2018-11-17 17:30:00,0.005338089988458022
2018-11-17 18:00:00,0.005270182505276767
2018-11-17 18:30:00,0.005212097441966199
2018-11-17 19:00:00,0.005170567841424989
2018-11-17 19:30:00,0.00515558530050293
2018-11-17 20:00:00,0.005149144299922415
2018-11-17 20:30:00,0.0051592383403519055
2018-11-17 21:00:00,0.005171372101641624
2018-11-17 21:30:00,0.005177513583084988
2018-11-17 22:00:00,0.005187952003565615
2018-11-17 22:30:00,0.005202925505348289
2018-11-17 23:00:00,0.005211169535250321
2018-11-17 23:30:00,0.005214867101230342
2018-11-18 00:00:00,0.004800249812432306
2018-11-18 00:30:00,0.004374522640169948
2018-11-18 01:00:00,0.004271529012102892
2018-11-18 01:30:00,0.004090276970315655
2018-11-18 02:00:00,0.004104039227420744
2018-11-18 02:30:00,0.004107654325203164
2018-11-18 03:00:00,0.004072393869999842
2018-11-18 03:30:00,0.004086382440372494
2018-11-18 04:00:00,0.004098605030735675
2018-11-18 04:30:00,0.004070665385679672
2018-11-18 05:00:00,0.004091814739954234
2018-11-18 05:30:00,0.004105751865348412
2018-11-18 06:00:00,0.004095567545119385
2018-11-18 06:30:00,0.0041413369484094
2018-11-18 07:00:00,0.0041920615855913935
2018-11-18 07:30:00,0.00422115946802612
2018-11-18 08:00:00,0.0042669258582696745
2018-11-18 08:30:00,0.004379064640319425
2018-11-18 09:00:00,0.004414886080136184
2018-11-18 09:30:00,0.0045890994222003625
2018-11-18 10:00:00,0.004790116267615874
2018-11-18 10:30:00,0.004973556115917213
2018-11-18 11:00:00,0.005231228501488706
2018-11-18 11:30:00,0.005523672670765166
2018-11-18 12:00:00,0.005674582999900578
2018-11-18 12:30:00,0.005803515275390156
2018-11-18 13:00:00,0.005863939578698104
2018-11-18 13:30:00,0.005864960889854293
2018-11-18 14:00:00,0.005776857067834864
2018-11-18 14:30:00,0.005643644146077778
2018-11-18 15:00:00,0.00542279899986967
2018-11-18 15:30:00,0.005173455902255644
2018-11-18 16:00:00,0.004883801144436798
2018-11-18 16:30:00,0.004659917061886325
2018-11-18 17:00:00,0.004490569789857722
2018-11-18 17:30:00,0.004375961648841173
2018-11-18 18:00:00,0.00427607826588274
2018-11-18 18:30:00,0.004219692449182234
2018-11-18 19:00:00,0.004168140451760733
2018-11-18 19:30:00,0.004136431708769823
2018-11-18 20:00:00,0.004134951298608329
2018-11-18 20:30:00,0.004126206879805033
2018-11-18 21:00:00,0.004115935069634305
2018-11-18 21:30:00,0.0041187904333311355
2018-11-18 22:00:00,0.004120233013020388
2018-11-18 22:30:00,0.00410859763193429
2018-11-18 23:00:00,0.004121763529028597
2018-11-18 23:30:00,0.0041081630836779315
2018-11-19 00:00:00,0.004168171809762797
2018-11-19 00:30:00,0.004243829294820686
2018-11-19 01:00:00,0.004270290203629898
2018-11-19 01:30:00,0.004300723646807333
2018-11-19 02:00:00,0.004293864502334528
2018-11-19 02:30:00,0.004282340715561824
2018-11-19 03:00:00,0.004272612146508701
2018-11-19 03:30:00,0.004279086736977548
2018-11-19 04:00:00,0.004274836555957597
2018-11-19 04:30:00,0.004265478591619258
2018-11-19 05:00:00,0.004346877827289933
2018-11-19 05:30:00,0.004418715215811696
2018-11-19 06:00:00,0.004466984666504692
2018-11-19 06:30:00,0.004630165013586478
2018-11-19 07:00:00,0.004714475633299306
2018-11-19 07:30:00,0.005051564558375389
2018-11-19 08:00:00,0.00557544629449307
2018-11-19 08:30:00,0.006312388245922129
2018-11-19 09:00:00,0.006985570674798817
2018-11-19 09:30:00,0.007736377996478541
2018-11-19 10:00:00,0.00840443099274004
2018-11-19 10:30:00,0.008970723143314555
2018-11-19 11:00:00,0.009344301846550319
2018-11-19 11:30:00,0.009569965077239243
2018-11-19 12:00:00,0.009616974293351073
2018-11-19 12:30:00,0.00953094858063568
2018-11-19 13:00:00,0.009413520451319646
2018-11-19 13:30:00,0.009148364997469158
2018-11-19 14:00:00,0.008774756386957407
2018-11-19 14:30:00,0.008121904656472221
2018-11-19 15:00:00,0.007512753147518084
2018-11-19 15:30:00,0.006854603923381738
2018-11-19 16:00:00,0.006239778066780109
2018-11-19 16:30:00,0.005811620370372014
2018-11-19 17:00:00,0.005377019218308509
2018-11-19 17:30:00,0.005099943259901199
2018-11-19 18:00:00,0.004844754294179993
2018-11-19 18:30:00,0.004694632378868715
2018-11-19 19:00:00,0.004560505722873552
2018-11-19 19:30:00,0.004488753927190163
2018-11-19 20:00:00,0.004419906596701497
2018-11-19 20:30:00,0.00437176860410968
2018-11-19 21:00:00,0.004341638809058992
2018-11-19 21:30:00,0.004318246297490882
2018-11-19 22:00:00,0.004291485646355893
2018-11-19 22:30:00,0.004280518268829775
2018-11-19 23:00:00,0.0042682327392738395
2018-11-19 23:30:00,0.004242530448607086
2018-11-20 00:00:00,0.004245939320098353
2018-11-20 00:30:00,0.004244942671285426
2018-11-20 01:00:00,0.004230596999109911
2018-11-20 01:30:00,0.0042437006265773425
2018-11-20 02:00:00,0.004247974911968986
2018-11-20 02:30:00,0.004235801423103699
2018-11-20 03:00:00,0.004245648170534707
2018-11-20 03:30:00,0.0042460885216953625
2018-11-20 04:00:00,0.00423223866305426
2018-11-20 04:30:00,0.004234026069171903
2018-11-20 05:00:00,0.0043503327872326325
2018-11-20 05:30:00,0.004417829380151969
2018-11-20 06:00:00,0.0044512028871101
2018-11-20 06:30:00,0.004582707299929115
2018-11-20 07:00:00,0.004634460725086293
2018-11-20 07:30:00,0.004967255054605695
2018-11-20 08:00:00,0.005445602181868741
2018-11-20 08:30:00,0.006178850138335811
2018-11-20 09:00:00,0.00688232919576171
2018-11-20 09:30:00,0.00768323890473194
2018-11-20 10:00:00,0.008413528161167977
2018-11-20 10:30:00,0.009028630660072512
2018-11-20 11:00:00,0.00943224999450256
2018-11-20 11:30:00,0.009665892441787833
2018-11-20 12:00:00,0.00971905284804829
2018-11-20 12:30:00,0.0096357572902101
2018-11-20 13:00:00,0.009524595851157058
2018-11-20 13:30:00,0.00925529176711181
2018-11-20 14:00:00,0.008889268556864437
2018-11-20 14:30:00,0.008245473262882797
2018-11-20 15:00:00,0.007640418604362007
2018-11-20 15:30:00,0.006977652053914642
2018-11-20 16:00:00,0.006343522166604744
2018-11-20 16:30:00,0.0058903270584491005
2018-11-20 17:00:00,0.005420649135422121
2018-11-20 17:30:00,0.005130826874538868
2018-11-20 18:00:00,0.0048740928855487125
2018-11-20 18:30:00,0.0047099237012559365
2018-11-20 19:00:00,0.0045764298966120345
2018-11-20 19:30:00,0.004498582819531028
2018-11-20 20:00:00,0.0044359101139968046
2018-11-20 20:30:00,0.004378070781364332
2018-11-20 21:00:00,0.004340783215458194
2018-11-20 21:30:00,0.004304614605732466
2018-11-20 22:00:00,0.004272807101774202
2018-11-20 22:30:00,0.0042589061329375635
2018-11-20 23:00:00,0.004245550302321859
2018-11-20 23:30:00,0.004231255517153252
2018-11-21 00:00:00,0.0042231549975382445
2018-11-21 00:30:00,0.004214991092353229
2018-11-21 01:00:00,0.004202041130255341
2018-11-21 01:30:00,0.004191831254928547
2018-11-21 02:00:00,0.004185662544472715
2018-11-21 02:30:00,0.004170923837125423
2018-11-21 03:00:00,0.004155936162864948
2018-11-21 03:30:00,0.004158317362324164
2018-11-21 04:00:00,0.004146151908249441
2018-11-21 04:30:00,0.00413109828174975
2018-11-21 05:00:00,0.0042454518761374455
2018-11-21 05:30:00,0.004320418592395422
2018-11-21 06:00:00,0.004328413543789959
2018-11-21 06:30:00,0.004438197462638456
2018-11-21 07:00:00,0.004506148132818995
2018-11-21 07:30:00,0.004860998297220665
2018-11-21 08:00:00,0.0053455412523576995
2018-11-21 08:30:00,0.006094050623936
2018-11-21 09:00:00,0.006789495225580422
2018-11-21 09:30:00,0.00758642525814637
2018-11-21 10:00:00,0.008313565546247034
2018-11-21 10:30:00,0.008918045047676588
2018-11-21 11:00:00,0.009307135137285587
2018-11-21 11:30:00,0.0095262440991659
2018-11-21 12:00:00,0.009556566171218566
2018-11-21 12:30:00,0.009447151517953094
2018-11-21 13:00:00,0.00932510137536488
2018-11-21 13:30:00,0.009053615399304136
2018-11-21 14:00:00,0.008680949983929195
2018-11-21 14:30:00,0.008031544732218891
2018-11-21 15:00:00,0.007421354949772932
2018-11-21 15:30:00,0.006765636919348203
2018-11-21 16:00:00,0.006159698768648267
2018-11-21 16:30:00,0.005739634226630496
2018-11-21 17:00:00,0.005299576559019243
2018-11-21 17:30:00,0.005037512379244102
2018-11-21 18:00:00,0.004791814286688487
2018-11-21 18:30:00,0.004643934189538995
2018-11-21 19:00:00,0.004510671273529509
2018-11-21 19:30:00,0.004431977195609835
2018-11-21 20:00:00,0.004381558661629484
2018-11-21 20:30:00,0.004334549891894907
2018-11-21 21:00:00,0.004298773647775074
2018-11-21 21:30:00,0.004296812489311476
2018-11-21 22:00:00,0.004273298339941765
2018-11-21 22:30:00,0.0042554936904282675
2018-11-21 23:00:00,0.004266205516976712
2018-11-21 23:30:00,0.00425273998915094
2018-11-22 00:00:00,0.004238077500719696
2018-11-22 00:30:00,0.004247370405573327
2018-11-22 01:00:00,0.0042269894897408004
2018-11-22 01:30:00,0.004215424524666453
2018-11-22 02:00:00,0.004230248713257806
2018-11-22 02:30:00,0.0042142169626012095
2018-11-22 03:00:00,0.004202012115733858
2018-11-22 03:30:00,0.004208317306034973
2018-11-22 04:00:00,0.004194043165814343
2018-11-22 04:30:00,0.004185869217141121
2018-11-22 05:00:00,0.004279214289277758
2018-11-22 05:30:00,0.0043370762755558494
2018-11-22 06:00:00,0.004390480850174017
2018-11-22 06:30:00,0.004528220260471018
2018-11-22 07:00:00,0.004602323348337634
2018-11-22 07:30:00,0.004952609305321461
2018-11-22 08:00:00,0.005449000340305925
2018-11-22 08:30:00,0.006218767759020036
2018-11-22 09:00:00,0.006888188343592186
2018-11-22 09:30:00,0.007665946584711238
2018-11-22 10:00:00,0.008367755186859933
2018-11-22 10:30:00,0.008944620229062714
2018-11-22 11:00:00,0.009312656489129417
2018-11-22 11:30:00,0.009524383375584356
2018-11-22 12:00:00,0.0095399706460907
2018-11-22 12:30:00,0.009444443681938572
2018-11-22 13:00:00,0.009319791383150618
2018-11-22 13:30:00,0.00903694588714649
2018-11-22 14:00:00,0.008663311275159718
2018-11-22 14:30:00,0.008020151957170114
2018-11-22 15:00:00,0.00741059123186876
2018-11-22 15:30:00,0.006769551313079149
2018-11-22 16:00:00,0.006173766794172056
2018-11-22 16:30:00,0.005770581896404053
2018-11-22 17:00:00,0.005315098658446565
2018-11-22 17:30:00,0.00506497908759994
2018-11-22 18:00:00,0.004830656696163154
2018-11-22 18:30:00,0.00468713714680956
2018-11-22 19:00:00,0.004564586950103023
2018-11-22 19:30:00,0.0044910134888477785
2018-11-22 20:00:00,0.0044358745154108314
2018-11-22 20:30:00,0.004392697782803915
2018-11-22 21:00:00,0.004365604692209323
2018-11-22 21:30:00,0.0043581778674642805
2018-11-22 22:00:00,0.004347530096051724
2018-11-22 22:30:00,0.004354053788018466
2018-11-22 23:00:00,0.004358930124730874
2018-11-22 23:30:00,0.004338491849421261
2018-11-23 00:00:00,0.004329326385273528
2018-11-23 00:30:00,0.004335792829357497
2018-11-23 01:00:00,0.0043225384379726685
2018-11-23 01:30:00,0.004333265106564794
2018-11-23 02:00:00,0.004348773926268822
2018-11-23 02:30:00,0.0043432425309367865
2018-11-23 03:00:00,0.004351548272494128
2018-11-23 03:30:00,0.004363224385504615
2018-11-23 04:00:00,0.004346125793211966
2018-11-23 04:30:00,0.00434494512537625
2018-11-23 05:00:00,0.004420685525008992
2018-11-23 05:30:00,0.004444004049547322
2018-11-23 06:00:00,0.004494745425876324
2018-11-23 06:30:00,0.004661202181999378
2018-11-23 07:00:00,0.004717004806818083
2018-11-23 07:30:00,0.005070237858024351
2018-11-23 08:00:00,0.0055845420121949305
2018-11-23 08:30:00,0.006376089404648599
2018-11-23 09:00:00,0.007073694360606028
2018-11-23 09:30:00,0.007857378259766339
2018-11-23 10:00:00,0.008534516260675614
2018-11-23 10:30:00,0.00910633154860297
2018-11-23 11:00:00,0.00946676935187063
2018-11-23 11:30:00,0.009671859612913673
2018-11-23 12:00:00,0.009694186845166118
2018-11-23 12:30:00,0.009591796272768646
2018-11-23 13:00:00,0.009469740438870448
2018-11-23 13:30:00,0.009166485570483876
2018-11-23 14:00:00,0.008788265213376775
2018-11-23 14:30:00,0.008139896561243594
2018-11-23 15:00:00,0.007525128510496303
2018-11-23 15:30:00,0.006880298960418122
2018-11-23 16:00:00,0.006281121528006577
2018-11-23 16:30:00,0.00587486388081925
2018-11-23 17:00:00,0.005419879023065384
2018-11-23 17:30:00,0.005157569558989401
2018-11-23 18:00:00,0.004909086518748708
2018-11-23 18:30:00,0.004755733948064654
2018-11-23 19:00:00,0.00462353095484379
2018-11-23 19:30:00,0.0045529615009108175
2018-11-23 20:00:00,0.004496253399833227
2018-11-23 20:30:00,0.004441816577816159
2018-11-23 21:00:00,0.004412556214061129
2018-11-23 21:30:00,0.004394402497535333
2018-11-23 22:00:00,0.004371531800976656
2018-11-23 22:30:00,0.004368244344098362
2018-11-23 23:00:00,0.004372331932203696
2018-11-23 23:30:00,0.004340897599629424
2018-11-24 00:00:00,0.004684880709792719
2018-11-24 00:30:00,0.004972624191806054
2018-11-24 01:00:00,0.005173480229815963
2018-11-24 01:30:00,0.005201488170591765
2018-11-24 02:00:00,0.005277004600437524
2018-11-24 02:30:00,0.005284123313283285
2018-11-24 03:00:00,0.005311512798374253
2018-11-24 03:30:00,0.00532996893548935
2018-11-24 04:00:00,0.005344666687723624
2018-11-24 04:30:00,0.005369796611156977
2018-11-24 05:00:00,0.005451989170801574
2018-11-24 05:30:00,0.005493001978077453
2018-11-24 06:00:00,0.005515709858532888
2018-11-24 06:30:00,0.005534273795754722
2018-11-24 07:00:00,0.005483522041154574
2018-11-24 07:30:00,0.005513358119972408
2018-11-24 08:00:00,0.005585875229457057
2018-11-24 08:30:00,0.00570945454892172
2018-11-24 09:00:00,0.005915152887378453
2018-11-24 09:30:00,0.00617645298088978
2018-11-24 10:00:00,0.006487993950234534
2018-11-24 10:30:00,0.006799290304844328
2018-11-24 11:00:00,0.007061007314710499
2018-11-24 11:30:00,0.007230012103791293
2018-11-24 12:00:00,0.00727804653686028
2018-11-24 12:30:00,0.0072476213516620355
2018-11-24 13:00:00,0.00712963101019512
2018-11-24 13:30:00,0.006964227369607572
2018-11-24 14:00:00,0.0067424617935025865
2018-11-24 14:30:00,0.006471788893609237
2018-11-24 15:00:00,0.006190588520973173
2018-11-24 15:30:00,0.005943666461988245
2018-11-24 16:00:00,0.005675205807763633
2018-11-24 16:30:00,0.005520665650396432
2018-11-24 17:00:00,0.005379395061240682
2018-11-24 17:30:00,0.005313018317256262
2018-11-24 18:00:00,0.00525545975591629
2018-11-24 18:30:00,0.0051914707954555765
2018-11-24 19:00:00,0.005156152869180855
2018-11-24 19:30:00,0.00515700734683852
2018-11-24 20:00:00,0.005167861902513794
2018-11-24 20:30:00,0.0051738219316035785
2018-11-24 21:00:00,0.005187519017629643
2018-11-24 21:30:00,0.005203926394745126
2018-11-24 22:00:00,0.005220360554495823
2018-11-24 22:30:00,0.005246293622202677
2018-11-24 23:00:00,0.005278940315397669
2018-11-24 23:30:00,0.005300472438167177
2018-11-25 00:00:00,0.004889313903518495
2018-11-25 00:30:00,0.0044533311022608504
2018-11-25 01:00:00,0.004345022348641119
2018-11-25 01:30:00,0.00417509433980561
2018-11-25 02:00:00,0.0041902815446984345
2018-11-25 02:30:00,0.0042017620328775405
2018-11-25 03:00:00,0.004166464751550798
2018-11-25 03:30:00,0.004189631284634283
2018-11-25 04:00:00,0.00419990599625716
2018-11-25 04:30:00,0.004174426447839942
2018-11-25 05:00:00,0.0042005851592484805
2018-11-25 05:30:00,0.00422042439628379
2018-11-25 06:00:00,0.004224589988814187
2018-11-25 06:30:00,0.004281362814593546
2018-11-25 07:00:00,0.004358791747782264
2018-11-25 07:30:00,0.004392030337215502
2018-11-25 08:00:00,0.00443391458448468
2018-11-25 08:30:00,0.004496851210570082
2018-11-25 09:00:00,0.004543366845033767
2018-11-25 09:30:00,0.004702595191100993
2018-11-25 10:00:00,0.004879238387745028
2018-11-25 10:30:00,0.005038397880120889
2018-11-25 11:00:00,0.0052760956647549245
2018-11-25 11:30:00,0.0055535821786412125
2018-11-25 12:00:00,0.005680828598838339
2018-11-25 12:30:00,0.005791830123240284
2018-11-25 13:00:00,0.005819528166607789
2018-11-25 13:30:00,0.0058109296015721006
2018-11-25 14:00:00,0.00572446342610174
2018-11-25 14:30:00,0.005577933285361384
2018-11-25 15:00:00,0.005372387831114002
2018-11-25 15:30:00,0.005141824159340976
2018-11-25 16:00:00,0.004867813138751052
2018-11-25 16:30:00,0.004692579713068132
2018-11-25 17:00:00,0.004518560768297887
2018-11-25 17:30:00,0.004414090747464619
2018-11-25 18:00:00,0.00431832843090554
2018-11-25 18:30:00,0.004255800016818536
2018-11-25 19:00:00,0.004220270507725618
2018-11-25 19:30:00,0.004190803917679435
2018-11-25 20:00:00,0.004193837274306129
2018-11-25 20:30:00,0.004189992961803996
2018-11-25 21:00:00,0.004172144455725335
2018-11-25 21:30:00,0.004180299433365279
2018-11-25 22:00:00,0.0041681910039847005
2018-11-25 22:30:00,0.004151269958244662
2018-11-25 23:00:00,0.00416215185452672
2018-11-25 23:30:00,0.004153728157780121
2018-11-26 00:00:00,0.004201146478644856
2018-11-26 00:30:00,0.004288734623342087
2018-11-26 01:00:00,0.004312555768667946
2018-11-26 01:30:00,0.004326332421439462
2018-11-26 02:00:00,0.004338190767963723
2018-11-26 02:30:00,0.004322929241258176
2018-11-26 03:00:00,0.00429989450105881
2018-11-26 03:30:00,0.004311294194955019
2018-11-26 04:00:00,0.004302057645229653
2018-11-26 04:30:00,0.004286843657701614
2018-11-26 05:00:00,0.004404241544958717
2018-11-26 05:30:00,0.004461309426102691
2018-11-26 06:00:00,0.004470719170202446
2018-11-26 06:30:00,0.004614973568109743
2018-11-26 07:00:00,0.004726503491585614
2018-11-26 07:30:00,0.005038795490659514
2018-11-26 08:00:00,0.005551979126329298
2018-11-26 08:30:00,0.006287738959196569
2018-11-26 09:00:00,0.006941526742782511
2018-11-26 09:30:00,0.007697118670649033
2018-11-26 10:00:00,0.00838178727901481
2018-11-26 10:30:00,0.008952597436961422
2018-11-26 11:00:00,0.00932123954255554
2018-11-26 11:30:00,0.009529435584934675
2018-11-26 12:00:00,0.009565879163048609
2018-11-26 12:30:00,0.009476124303162506
2018-11-26 13:00:00,0.009374213586312631
2018-11-26 13:30:00,0.009108707949506713
2018-11-26 14:00:00,0.008740888517190938
2018-11-26 14:30:00,0.008118603585087692
2018-11-26 15:00:00,0.007521712943346232
2018-11-26 15:30:00,0.006854341341962321
2018-11-26 16:00:00,0.006243532322671334
2018-11-26 16:30:00,0.005820432973300793
2018-11-26 17:00:00,0.005361495556560798
2018-11-26 17:30:00,0.005087899666816703
2018-11-26 18:00:00,0.004821876455585259
2018-11-26 18:30:00,0.004669133301446652
2018-11-26 19:00:00,0.004541661014359216
2018-11-26 19:30:00,0.004463565974713845
2018-11-26 20:00:00,0.004402495651925657
2018-11-26 20:30:00,0.004361484406970165
2018-11-26 21:00:00,0.004318614670319397
2018-11-26 21:30:00,0.004310033737185226
2018-11-26 22:00:00,0.004281767567168229
2018-11-26 22:30:00,0.00427644775465439
2018-11-26 23:00:00,0.004275440727570317
2018-11-26 23:30:00,0.004260406630075469
2018-11-27 00:00:00,0.0042511633846913
2018-11-27 00:30:00,0.004243570953985178
2018-11-27 01:00:00,0.00422952892993641
2018-11-27 01:30:00,0.0042274075220387775
2018-11-27 02:00:00,0.004231908120697984
2018-11-27 02:30:00,0.004212749385785756
2018-11-27 03:00:00,0.0042043483426847765
2018-11-27 03:30:00,0.0042040930148957295
2018-11-27 04:00:00,0.004190872659776486
2018-11-27 04:30:00,0.004189116834849534
2018-11-27 05:00:00,0.004277207042362728
2018-11-27 05:30:00,0.004319022324346228
2018-11-27 06:00:00,0.004365333518027774
2018-11-27 06:30:00,0.004561808251699495
2018-11-27 07:00:00,0.004660869072973895
2018-11-27 07:30:00,0.004961511741672523
2018-11-27 08:00:00,0.0054418752665842994
2018-11-27 08:30:00,0.006198048266040668
2018-11-27 09:00:00,0.006855459628576849
2018-11-27 09:30:00,0.007680300738054572
2018-11-27 10:00:00,0.00836970808734434
2018-11-27 10:30:00,0.008952752441462725
2018-11-27 11:00:00,0.009331815558824584
2018-11-27 11:30:00,0.009551238323914163
2018-11-27 12:00:00,0.0095919775019336
2018-11-27 12:30:00,0.009509897987328472
2018-11-27 13:00:00,0.009408832820591191
2018-11-27 13:30:00,0.009127826287277492
2018-11-27 14:00:00,0.008742814300257189
2018-11-27 14:30:00,0.008089876530556376
2018-11-27 15:00:00,0.007463342533376315
2018-11-27 15:30:00,0.006804954274220676
2018-11-27 16:00:00,0.0062075342290564715
2018-11-27 16:30:00,0.005809449079816294
2018-11-27 17:00:00,0.005350132130816444
2018-11-27 17:30:00,0.00507029566387869
2018-11-27 18:00:00,0.004826226290327071
2018-11-27 18:30:00,0.004675108172580118
2018-11-27 19:00:00,0.0045420042784672186
2018-11-27 19:30:00,0.004476922809678371
2018-11-27 20:00:00,0.004424279196683242
2018-11-27 20:30:00,0.004365837477947066
2018-11-27 21:00:00,0.004342902279875246
2018-11-27 21:30:00,0.004321610084879538
2018-11-27 22:00:00,0.00430622323776005
2018-11-27 22:30:00,0.004300305949292297
2018-11-27 23:00:00,0.004295353282069526
2018-11-27 23:30:00,0.004281791225162669
2018-11-28 00:00:00,0.004276325335692596
2018-11-28 00:30:00,0.0042805835515031115
2018-11-28 01:00:00,0.00426803845357422
2018-11-28 01:30:00,0.004266859682841831
2018-11-28 02:00:00,0.004258609850035501
2018-11-28 02:30:00,0.004245531108099956
2018-11-28 03:00:00,0.004238358829983765
2018-11-28 03:30:00,0.004224077659321392
2018-11-28 04:00:00,0.004207265529631228
2018-11-28 04:30:00,0.004208765245608938
2018-11-28 05:00:00,0.004352001457000824
2018-11-28 05:30:00,0.00443083893361321
2018-11-28 06:00:00,0.004462911697254412
2018-11-28 06:30:00,0.0045778246023408424
2018-11-28 07:00:00,0.0046748416853597315
2018-11-28 07:30:00,0.004992337773644481
2018-11-28 08:00:00,0.00548201071936827
2018-11-28 08:30:00,0.006259302496257332
2018-11-28 09:00:00,0.006955836258400485
2018-11-28 09:30:00,0.007778586425228133
2018-11-28 10:00:00,0.008502718577016927
2018-11-28 10:30:00,0.00909208820841284
2018-11-28 11:00:00,0.009470483991780597
2018-11-28 11:30:00,0.009687028627933414
2018-11-28 12:00:00,0.009738708066060812
2018-11-28 12:30:00,0.009663196211581902
2018-11-28 13:00:00,0.009547495673831532
2018-11-28 13:30:00,0.00925243930486713
2018-11-28 14:00:00,0.00886307301933248
2018-11-28 14:30:00,0.008222783907083388
2018-11-28 15:00:00,0.007625568191107008
2018-11-28 15:30:00,0.006970219314670988
2018-11-28 16:00:00,0.006362790375538412
2018-11-28 16:30:00,0.005954769761388078
2018-11-28 17:00:00,0.0054912088806498265
2018-11-28 17:30:00,0.005215881047161846
2018-11-28 18:00:00,0.004940129155282965
2018-11-28 18:30:00,0.004766864811259894
2018-11-28 19:00:00,0.004621907034395269
2018-11-28 19:30:00,0.004539882201003705
2018-11-28 20:00:00,0.0044864793003002385
2018-11-28 20:30:00,0.004428403834100623
2018-11-28 21:00:00,0.00439653618080744
2018-11-28 21:30:00,0.004371752757717178
2018-11-28 22:00:00,0.004342516944711094
2018-11-28 22:30:00,0.004327732595289624
2018-11-28 23:00:00,0.004314439927055301
2018-11-28 23:30:00,0.004303849291931205
2018-11-29 00:00:00,0.004307605668114383
2018-11-29 00:30:00,0.0042942798563689825
2018-11-29 01:00:00,0.00427534944342196
2018-11-29 01:30:00,0.004273487603897282
2018-11-29 02:00:00,0.004269810459676613
2018-11-29 02:30:00,0.004261430284712238
2018-11-29 03:00:00,0.00425708156591356
2018-11-29 03:30:00,0.004256161917176875
2018-11-29 04:00:00,0.004241380134424613
2018-11-29 04:30:00,0.004246414377090474
2018-11-29 05:00:00,0.004326294814155847
2018-11-29 05:30:00,0.004390640541636484
2018-11-29 06:00:00,0.004442474984265188
2018-11-29 06:30:00,0.0045891181700450125
2018-11-29 07:00:00,0.0047087335479035815
2018-11-29 07:30:00,0.005032261420421628
2018-11-29 08:00:00,0.00554119286637382
2018-11-29 08:30:00,0.006299425004100948
2018-11-29 09:00:00,0.006973661887644901
2018-11-29 09:30:00,0.007742303431331173
2018-11-29 10:00:00,0.008427539719969188
2018-11-29 10:30:00,0.008994678871382368
2018-11-29 11:00:00,0.00936593663608815
2018-11-29 11:30:00,0.009582198715439447
2018-11-29 12:00:00,0.009624137867110819
2018-11-29 12:30:00,0.009531918000436141
2018-11-29 13:00:00,0.009385220691414318
2018-11-29 13:30:00,0.009070432997115657
2018-11-29 14:00:00,0.008687146481369064
2018-11-29 14:30:00,0.0080575998841046
2018-11-29 15:00:00,0.0074656215124444605
2018-11-29 15:30:00,0.006827616401007618
2018-11-29 16:00:00,0.0062283672134525615
2018-11-29 16:30:00,0.00582402921164425
2018-11-29 17:00:00,0.005375119436717277
2018-11-29 17:30:00,0.0051338116876392375
2018-11-29 18:00:00,0.004889132451164915
2018-11-29 18:30:00,0.004741437712169973
2018-11-29 19:00:00,0.0046233992735539835
2018-11-29 19:30:00,0.004552624820867305
2018-11-29 20:00:00,0.004503407711264961
2018-11-29 20:30:00,0.004464692296118938
2018-11-29 21:00:00,0.004432782460175291
2018-11-29 21:30:00,0.004416234697413559
2018-11-29 22:00:00,0.004396111899227913
2018-11-29 22:30:00,0.004387944869402122
2018-11-29 23:00:00,0.0043838666552191135
2018-11-29 23:30:00,0.004377670157779245
2018-11-30 00:00:00,0.004389599589881138
2018-11-30 00:30:00,0.004389886498860875
2018-11-30 01:00:00,0.004388151207287588
2018-11-30 01:30:00,0.00439740471934859
2018-11-30 02:00:00,0.004405828974066757
2018-11-30 02:30:00,0.004395727345223955
2018-11-30 03:00:00,0.004394538084626108
2018-11-30 03:30:00,0.004403753989403495
2018-11-30 04:00:00,0.004391726689088755
2018-11-30 04:30:00,0.004391099194264537
2018-11-30 05:00:00,0.0044628654972086665
2018-11-30 05:30:00,0.00452196327891329
2018-11-30 06:00:00,0.004570312407946051
2018-11-30 06:30:00,0.0047133850220745
2018-11-30 07:00:00,0.004865646758345121
2018-11-30 07:30:00,0.005202037772585234
2018-11-30 08:00:00,0.005729516862989507
2018-11-30 08:30:00,0.006482883377058311
2018-11-30 09:00:00,0.007096899728510575
2018-11-30 09:30:00,0.007825119133621767
2018-11-30 10:00:00,0.008459471428398261
2018-11-30 10:30:00,0.00899461481624648
2018-11-30 11:00:00,0.009332864322181868
2018-11-30 11:30:00,0.009519606804188122
2018-11-30 12:00:00,0.00954058954815279
2018-11-30 12:30:00,0.009420650993162628
2018-11-30 13:00:00,0.0092933245598428
2018-11-30 13:30:00,0.009011922871065371
2018-11-30 14:00:00,0.008640849013788065
2018-11-30 14:30:00,0.007988732913016777
2018-11-30 15:00:00,0.007385693424607268
2018-11-30 15:30:00,0.006744192844491964
2018-11-30 16:00:00,0.006150319378201756
2018-11-30 16:30:00,0.005767194897398211
2018-11-30 17:00:00,0.005327612175184767
2018-11-30 17:30:00,0.005078272090617202
2018-11-30 18:00:00,0.0048489881824301875
2018-11-30 18:30:00,0.004702993917582752
2018-11-30 19:00:00,0.0045979705005493605
2018-11-30 19:30:00,0.004534885342432831
2018-11-30 20:00:00,0.004487847558176772
2018-11-30 20:30:00,0.004443108951559582
2018-11-30 21:00:00,0.0044213586619073885
2018-11-30 21:30:00,0.00438936758530359
2018-11-30 22:00:00,0.004350593359954409
2018-11-30 22:30:00,0.004331672320929712
2018-11-30 23:00:00,0.004303822397701676
2018-11-30 23:30:00,0.004276254361709277
2018-12-01 00:00:00,0.004608223004903872
2018-12-01 00:30:00,0.004857149409351682
2018-12-01 01:00:00,0.005049235361866215
2018-12-01 01:30:00,0.005075586015493792
2018-12-01 02:00:00,0.005149986055828351
2018-12-01 02:30:00,0.005155253419014894
2018-12-01 03:00:00,0.005182176886253126
2018-12-01 03:30:00,0.0052000040778179294
2018-12-01 04:00:00,0.005216441473803715
2018-12-01 04:30:00,0.005236678432971963
2018-12-01 05:00:00,0.005350037610432998
2018-12-01 05:30:00,0.0054361173347960735
2018-12-01 06:00:00,0.005422480956076494
2018-12-01 06:30:00,0.0054129616263609865
2018-12-01 07:00:00,0.0053755485168522806
2018-12-01 07:30:00,0.005391678582098976
2018-12-01 08:00:00,0.005469783776826866
2018-12-01 08:30:00,0.005590827450302574
2018-12-01 09:00:00,0.005793620765593015
2018-12-01 09:30:00,0.006042594151246764
2018-12-01 10:00:00,0.006322717527164257
2018-12-01 10:30:00,0.0066356135862565635
2018-12-01 11:00:00,0.006888064808687259
2018-12-01 11:30:00,0.007061978296831346
2018-12-01 12:00:00,0.00712124893812742
2018-12-01 12:30:00,0.00710064806990319
2018-12-01 13:00:00,0.006997353806755848
2018-12-01 13:30:00,0.006842868665385152
2018-12-01 14:00:00,0.0066237244397018055
2018-12-01 14:30:00,0.0063557150728805615
2018-12-01 15:00:00,0.006076292732439816
2018-12-01 15:30:00,0.0058302761497137714
2018-12-01 16:00:00,0.005564372455991973
2018-12-01 16:30:00,0.005408701513447144
2018-12-01 17:00:00,0.005272586916353168
2018-12-01 17:30:00,0.0051894286195204534
2018-12-01 18:00:00,0.005131213214051841
2018-12-01 18:30:00,0.0050810145208688776
2018-12-01 19:00:00,0.00504382459998696
2018-12-01 19:30:00,0.005028544213842451
2018-12-01 20:00:00,0.005040407470516501
2018-12-01 20:30:00,0.00505727595533493
2018-12-01 21:00:00,0.005070648859880584
2018-12-01 21:30:00,0.005082653841332645
2018-12-01 22:00:00,0.005095338878530534
2018-12-01 22:30:00,0.005121920532386838
2018-12-01 23:00:00,0.005144202680536671
2018-12-01 23:30:00,0.005156924767046607
2018-12-02 00:00:00,0.004766418545600629
2018-12-02 00:30:00,0.004350381330758959
2018-12-02 01:00:00,0.004243254918889645
2018-12-02 01:30:00,0.004075090323394398
2018-12-02 02:00:00,0.0040946148644659345
2018-12-02 02:30:00,0.004101197255041521
2018-12-02 03:00:00,0.0040780149871598465
2018-12-02 03:30:00,0.004094697667446473
2018-12-02 04:00:00,0.004101886126738107
2018-12-02 04:30:00,0.004071928521712986
2018-12-02 05:00:00,0.004084041638054727
2018-12-02 05:30:00,0.004104870381866907
2018-12-02 06:00:00,0.00410452466268401
2018-12-02 06:30:00,0.004159112360212788
2018-12-02 07:00:00,0.004233525122299074
2018-12-02 07:30:00,0.004244876495857582
2018-12-02 08:00:00,0.004277601974637831
2018-12-02 08:30:00,0.0043294241418920625
2018-12-02 09:00:00,0.004350647483196406
2018-12-02 09:30:00,0.0045288971915760715
2018-12-02 10:00:00,0.004701397895712581
2018-12-02 10:30:00,0.004863028644158568
2018-12-02 11:00:00,0.005095176843587485
2018-12-02 11:30:00,0.005378564018388831
2018-12-02 12:00:00,0.005509001366383165
2018-12-02 12:30:00,0.005629594756804325
2018-12-02 13:00:00,0.005679398629306499
2018-12-02 13:30:00,0.005673881406452265
2018-12-02 14:00:00,0.0055988428234564624
2018-12-02 14:30:00,0.0054699285146513395
2018-12-02 15:00:00,0.005265679116759724
2018-12-02 15:30:00,0.005035440854004557
2018-12-02 16:00:00,0.004766874743153787
2018-12-02 16:30:00,0.004581133931704562
2018-12-02 17:00:00,0.004412221765903885
2018-12-02 17:30:00,0.004331382287309199
2018-12-02 18:00:00,0.004246384693003112
2018-12-02 18:30:00,0.004198481494846677
2018-12-02 19:00:00,0.004168551453616965
2018-12-02 19:30:00,0.00414042834750974
2018-12-02 20:00:00,0.004134970046452979
2018-12-02 20:30:00,0.0041312209239001705
2018-12-02 21:00:00,0.0041121088354109415
2018-12-02 21:30:00,0.004113279906135705
2018-12-02 22:00:00,0.004116166181457346
2018-12-02 22:30:00,0.004114731971341597
2018-12-02 23:00:00,0.004119413241194191
2018-12-02 23:30:00,0.0041345969866633005
2018-12-03 00:00:00,0.00418372615994669
2018-12-03 00:30:00,0.004270866588258581
2018-12-03 01:00:00,0.004306083633273993
2018-12-03 01:30:00,0.004318307785957562
2018-12-03 02:00:00,0.00432497800125779
2018-12-03 02:30:00,0.004340745719768894
2018-12-03 03:00:00,0.004327285771658793
2018-12-03 03:30:00,0.004335534488521989
2018-12-03 04:00:00,0.004346362707939302
2018-12-03 04:30:00,0.004334291774248026
2018-12-03 05:00:00,0.0043959190642543665
2018-12-03 05:30:00,0.004440127039911363
2018-12-03 06:00:00,0.0044645425365503625
2018-12-03 06:30:00,0.0046763076998547985
2018-12-03 07:00:00,0.004822137139901349
2018-12-03 07:30:00,0.0051392213335753585
2018-12-03 08:00:00,0.005671505563520092
2018-12-03 08:30:00,0.006385374609494605
2018-12-03 09:00:00,0.0070152302114128585
2018-12-03 09:30:00,0.007774639111174735
2018-12-03 10:00:00,0.008441608191870231
2018-12-03 10:30:00,0.008958683456031027
2018-12-03 11:00:00,0.009276531401185912
2018-12-03 11:30:00,0.009457464171642524
2018-12-03 12:00:00,0.009477515884250538
2018-12-03 12:30:00,0.00937704060505386
2018-12-03 13:00:00,0.009255995369257766
2018-12-03 13:30:00,0.008986887802798403
2018-12-03 14:00:00,0.008612394249381431
2018-12-03 14:30:00,0.007968693810566177
2018-12-03 15:00:00,0.007360751202809046
2018-12-03 15:30:00,0.00671436134104098
2018-12-03 16:00:00,0.006122027095115425
2018-12-03 16:30:00,0.005727451810220137
2018-12-03 17:00:00,0.005282116847528449
2018-12-03 17:30:00,0.005039699516192325
2018-12-03 18:00:00,0.004796723990100601
2018-12-03 18:30:00,0.0046512202938548495
2018-12-03 19:00:00,0.004535288309498498
2018-12-03 19:30:00,0.004457390680193523
2018-12-03 20:00:00,0.004407111192727661
2018-12-03 20:30:00,0.004369863689180032
2018-12-03 21:00:00,0.004338102831644767
2018-12-03 21:30:00,0.004327935362157063
2018-12-03 22:00:00,0.004299149943799841
2018-12-03 22:30:00,0.004290443690251727
2018-12-03 23:00:00,0.004306423884335534
2018-12-03 23:30:00,0.004290158008809436
2018-12-04 00:00:00,0.004290744883303579
2018-12-04 00:30:00,0.004304389743190975
2018-12-04 01:00:00,0.004295213231206216
2018-12-04 01:30:00,0.004315579304995062
2018-12-04 02:00:00,0.00432871138901241
2018-12-04 02:30:00,0.004323809831985175
2018-12-04 03:00:00,0.004317457325695181
2018-12-04 03:30:00,0.004323464001207964
2018-12-04 04:00:00,0.004315619478947884
2018-12-04 04:30:00,0.004326926103186721
2018-12-04 05:00:00,0.004399061560119561
2018-12-04 05:30:00,0.004433777993045085
2018-12-04 06:00:00,0.004478632657748204
2018-12-04 06:30:00,0.004626397701160586
2018-12-04 07:00:00,0.004771262185179212
2018-12-04 07:30:00,0.005131760918941982
2018-12-04 08:00:00,0.005645575620454013
2018-12-04 08:30:00,0.006371387489848026
2018-12-04 09:00:00,0.006999268988362329
2018-12-04 09:30:00,0.007773968764134172
2018-12-04 10:00:00,0.008448439102981747
2018-12-04 10:30:00,0.008988511834841235
2018-12-04 11:00:00,0.009333405443007519
2018-12-04 11:30:00,0.009532797921597258
2018-12-04 12:00:00,0.009561065653934641
2018-12-04 12:30:00,0.009454514287562249
2018-12-04 13:00:00,0.009330469396622104
2018-12-04 13:30:00,0.009041308443640029
2018-12-04 14:00:00,0.008663407469457863
2018-12-04 14:30:00,0.008025027512722329
2018-12-04 15:00:00,0.0074262829546524415
2018-12-04 15:30:00,0.006774901702434857
2018-12-04 16:00:00,0.006178026014331392
2018-12-04 16:30:00,0.005778156137237091
2018-12-04 17:00:00,0.005328386974502665
2018-12-04 17:30:00,0.005080028473515722
2018-12-04 18:00:00,0.004836170459593671
2018-12-04 18:30:00,0.004688032021608671
2018-12-04 19:00:00,0.0045769106449141395
2018-12-04 19:30:00,0.0045035570244562825
2018-12-04 20:00:00,0.004439610916211912
2018-12-04 20:30:00,0.004416060387096036
2018-12-04 21:00:00,0.00437799378128809
2018-12-04 21:30:00,0.004360380069644811
2018-12-04 22:00:00,0.0043469124215270855
2018-12-04 22:30:00,0.0043227937657617154
2018-12-04 23:00:00,0.004316012737308287
2018-12-04 23:30:00,0.004313984733850965
2018-12-05 00:00:00,0.004296332968546818
2018-12-05 00:30:00,0.0042934469164138045
2018-12-05 01:00:00,0.00429043197284882
2018-12-05 01:30:00,0.004266640957987577
2018-12-05 02:00:00,0.0042573216052816725
2018-12-05 02:30:00,0.0042669507438015605
2018-12-05 03:00:00,0.0042603836416469105
2018-12-05 03:30:00,0.004260377280771046
2018-12-05 04:00:00,0.004259387550805549
2018-12-05 04:30:00,0.004250771019085404
2018-12-05 05:00:00,0.004319829932392265
2018-12-05 05:30:00,0.004371079732413094
2018-12-05 06:00:00,0.004413431894638336
2018-12-05 06:30:00,0.004540998590514905
2018-12-05 07:00:00,0.004701413184133516
2018-12-05 07:30:00,0.005066704112496394
2018-12-05 08:00:00,0.005572956848549861
2018-12-05 08:30:00,0.006322063249704824
2018-12-05 09:00:00,0.0069777451235720125
2018-12-05 09:30:00,0.007752970620154259
2018-12-05 10:00:00,0.008417271369222174
2018-12-05 10:30:00,0.008969504756600912
2018-12-05 11:00:00,0.009318683809590177
2018-12-05 11:30:00,0.009510583622789968
2018-12-05 12:00:00,0.009534220191121472
2018-12-05 12:30:00,0.009434894444947073
2018-12-05 13:00:00,0.00930787790903554
2018-12-05 13:30:00,0.009036887411726272
2018-12-05 14:00:00,0.008649248717757286
2018-12-05 14:30:00,0.00800931425223616
2018-12-05 15:00:00,0.007411527396563826
2018-12-05 15:30:00,0.0067562557433926765
2018-12-05 16:00:00,0.006163525449248886
2018-12-05 16:30:00,0.00578121493736724
2018-12-05 17:00:00,0.0053465884533945955
2018-12-05 17:30:00,0.005110505661664008
2018-12-05 18:00:00,0.0048726603493476645
2018-12-05 18:30:00,0.004736107186602048
2018-12-05 19:00:00,0.004617016748393687
2018-12-05 19:30:00,0.004525526596934297
2018-12-05 20:00:00,0.004462753456518019
2018-12-05 20:30:00,0.004422712189334554
2018-12-05 21:00:00,0.004379945342640737
2018-12-05 21:30:00,0.004362207091743709
2018-12-05 22:00:00,0.004343729193737501
2018-12-05 22:30:00,0.004323778920360364
2018-12-05 23:00:00,0.0043161453113525995
2018-12-05 23:30:00,0.004317039628180145
2018-12-06 00:00:00,0.004317723031755374
2018-12-06 00:30:00,0.004311196661525111
2018-12-06 01:00:00,0.004300008104069846
2018-12-06 01:30:00,0.004287922663117827
2018-12-06 02:00:00,0.004281888089026695
2018-12-06 02:30:00,0.004272734119093241
2018-12-06 03:00:00,0.004268098602909139
2018-12-06 03:30:00,0.0042691596416408965
2018-12-06 04:00:00,0.004259434532011488
2018-12-06 04:30:00,0.0042519538072130734
2018-12-06 05:00:00,0.004323874221904003
2018-12-06 05:30:00,0.004333828992630377
2018-12-06 06:00:00,0.0043743113921346916
2018-12-06 06:30:00,0.004561793409655814
2018-12-06 07:00:00,0.0046917911876496856
2018-12-06 07:30:00,0.0050365245463819324
2018-12-06 08:00:00,0.005563230511383006
2018-12-06 08:30:00,0.006299987327846144
2018-12-06 09:00:00,0.006966630553146527
2018-12-06 09:30:00,0.007761643953379921
2018-12-06 10:00:00,0.00843833234080053
2018-12-06 10:30:00,0.00898935280958698
2018-12-06 11:00:00,0.009337932043141747
2018-12-06 11:30:00,0.009518299365212392
2018-12-06 12:00:00,0.009534273533203276
2018-12-06 12:30:00,0.009425799173622466
2018-12-06 13:00:00,0.009289294554403176
2018-12-06 13:30:00,0.009028689358681357
2018-12-06 14:00:00,0.00863942272686857
2018-12-06 14:30:00,0.00800161145475409
2018-12-06 15:00:00,0.00740989399059867
2018-12-06 15:30:00,0.006771743918148727
2018-12-06 16:00:00,0.006188736836531015
2018-12-06 16:30:00,0.005794899524830206
2018-12-06 17:00:00,0.005351193839114081
2018-12-06 17:30:00,0.005107523303638534
2018-12-06 18:00:00,0.004864061003151782
2018-12-06 18:30:00,0.004723522137908961
2018-12-06 19:00:00,0.004604155057397695
2018-12-06 19:30:00,0.004538972260972284
2018-12-06 20:00:00,0.004499930209270956
2018-12-06 20:30:00,0.004463112901801463
2018-12-06 21:00:00,0.00444015192544325
2018-12-06 21:30:00,0.004426996183431463
2018-12-06 22:00:00,0.004408385265003688
2018-12-06 22:30:00,0.0044094874820370875
2018-12-06 23:00:00,0.004413487133823467
2018-12-06 23:30:00,0.004408004058829133
2018-12-07 00:00:00,0.004416845118307827
2018-12-07 00:30:00,0.004415539241652482
2018-12-07 01:00:00,0.004423958921003799
2018-12-07 01:30:00,0.004425160568570433
2018-12-07 02:00:00,0.004426045957852906
2018-12-07 02:30:00,0.004411982730884593
2018-12-07 03:00:00,0.00441190472645953
2018-12-07 03:30:00,0.004409221999165522
2018-12-07 04:00:00,0.004403923947542795
2018-12-07 04:30:00,0.004405607012977415
2018-12-07 05:00:00,0.004464656251155712
2018-12-07 05:30:00,0.004502267217382066
2018-12-07 06:00:00,0.0045491680754155914
2018-12-07 06:30:00,0.004675346984410782
2018-12-07 07:00:00,0.004860964149360766
2018-12-07 07:30:00,0.005217932485424981
2018-12-07 08:00:00,0.005763795846206522
2018-12-07 08:30:00,0.006509767786286855
2018-12-07 09:00:00,0.007173420172393947
2018-12-07 09:30:00,0.007978355088248323
2018-12-07 10:00:00,0.008631067325841766
2018-12-07 10:30:00,0.009115989478455716
2018-12-07 11:00:00,0.00945507080840315
2018-12-07 11:30:00,0.009649629690902509
2018-12-07 12:00:00,0.009660901162932627
2018-12-07 12:30:00,0.009542368807885553
2018-12-07 13:00:00,0.009405039171907336
2018-12-07 13:30:00,0.00911543407355795
2018-12-07 14:00:00,0.00871708946753913
2018-12-07 14:30:00,0.008082960919360994
2018-12-07 15:00:00,0.007491818835485433
2018-12-07 15:30:00,0.006838629866985168
2018-12-07 16:00:00,0.006236196782074646
2018-12-07 16:30:00,0.005839264960063402
2018-12-07 17:00:00,0.005402576771150789
2018-12-07 17:30:00,0.005152618565681332
2018-12-07 18:00:00,0.004909777845520189
2018-12-07 18:30:00,0.004762590972245504
2018-12-07 19:00:00,0.004643543721036427
2018-12-07 19:30:00,0.004569372895421581
2018-12-07 20:00:00,0.004507103826518907
2018-12-07 20:30:00,0.004449234698204758
2018-12-07 21:00:00,0.004405457141814525
2018-12-07 21:30:00,0.004384591571878925
2018-12-07 22:00:00,0.004367313982307591
2018-12-07 22:30:00,0.004350329997374797
2018-12-07 23:00:00,0.004346432008007921
2018-12-07 23:30:00,0.004338050717100412
2018-12-08 00:00:00,0.0046928553510222175
2018-12-08 00:30:00,0.004976338831716023
2018-12-08 01:00:00,0.0051769945579333895
2018-12-08 01:30:00,0.005194486296992129
2018-12-08 02:00:00,0.005266735803313258
2018-12-08 02:30:00,0.0052644591677256936
2018-12-08 03:00:00,0.0052937146213309335
2018-12-08 03:30:00,0.005318971539092929
2018-12-08 04:00:00,0.005337678317035908
2018-12-08 04:30:00,0.005367939012216209
2018-12-08 05:00:00,0.005440583227623815
2018-12-08 05:30:00,0.005484640885740669
2018-12-08 06:00:00,0.005522963154120602
2018-12-08 06:30:00,0.005560180527203615
2018-12-08 07:00:00,0.005531269565243824
2018-12-08 07:30:00,0.005529192460288608
2018-12-08 08:00:00,0.0055962806180209195
2018-12-08 08:30:00,0.005705979278813982
2018-12-08 09:00:00,0.005899902185321306
2018-12-08 09:30:00,0.006129965245004443
2018-12-08 10:00:00,0.006423253848450361
2018-12-08 10:30:00,0.006744078683509362
2018-12-08 11:00:00,0.006999517955275512
2018-12-08 11:30:00,0.007162665270440533
2018-12-08 12:00:00,0.007208499621620944
2018-12-08 12:30:00,0.007175376085924816
2018-12-08 13:00:00,0.007055910132851882
2018-12-08 13:30:00,0.006886816179914685
2018-12-08 14:00:00,0.0066607633734777
2018-12-08 14:30:00,0.0064038231581963895
2018-12-08 15:00:00,0.006127476468627114
2018-12-08 15:30:00,0.005882332330243191
2018-12-08 16:00:00,0.005625955666244524
2018-12-08 16:30:00,0.0054891154829248565
2018-12-08 17:00:00,0.005356766970719325
2018-12-08 17:30:00,0.00529440550172516
2018-12-08 18:00:00,0.005242356351637485
2018-12-08 18:30:00,0.0051797710244506495
2018-12-08 19:00:00,0.005137184737355905
2018-12-08 19:30:00,0.005132303713682334
2018-12-08 20:00:00,0.0051381878586390095
2018-12-08 20:30:00,0.0051401886330838635
2018-12-08 21:00:00,0.00514834003970578
2018-12-08 21:30:00,0.005169415295356248
2018-12-08 22:00:00,0.005175968671410352
2018-12-08 22:30:00,0.00518311126543918
2018-12-08 23:00:00,0.005192372477507806
2018-12-08 23:30:00,0.005210458791068311
2018-12-09 00:00:00,0.004806108402291214
2018-12-09 00:30:00,0.004374467847362071
2018-12-09 01:00:00,0.0042677300068919965
2018-12-09 01:30:00,0.004101428701647501
2018-12-09 02:00:00,0.0041076344614153805
2018-12-09 02:30:00,0.004116887192316189
2018-12-09 03:00:00,0.004095767410534675
2018-12-09 03:30:00,0.004108085525630122
2018-12-09 04:00:00,0.004112548405411403
2018-12-09 04:30:00,0.004097847528536352
2018-12-09 05:00:00,0.004124110580627914
2018-12-09 05:30:00,0.004128709493877223
2018-12-09 06:00:00,0.004116465589000183
2018-12-09 06:30:00,0.004160432409345934
2018-12-09 07:00:00,0.004255694448598065
2018-12-09 07:30:00,0.004289620459001814
2018-12-09 08:00:00,0.004335596423365923
2018-12-09 08:30:00,0.0044149860686409845
2018-12-09 09:00:00,0.004433648208858608
2018-12-09 09:30:00,0.004603779988910374
2018-12-09 10:00:00,0.004759439325646611
2018-12-09 10:30:00,0.004899587499198238
2018-12-09 11:00:00,0.005109849040723993
2018-12-09 11:30:00,0.005359565309722011
2018-12-09 12:00:00,0.005472822936357858
2018-12-09 12:30:00,0.005574671718363796
2018-12-09 13:00:00,0.005604265637521564
2018-12-09 13:30:00,0.00558908044132638
2018-12-09 14:00:00,0.00551413403523344
2018-12-09 14:30:00,0.00539072043332417
2018-12-09 15:00:00,0.005203729319187671
2018-12-09 15:30:00,0.004983703052051253
2018-12-09 16:00:00,0.00472205266399018
2018-12-09 16:30:00,0.0045454776514716275
2018-12-09 17:00:00,0.004380994217592332
2018-12-09 17:30:00,0.004300707912009144
2018-12-09 18:00:00,0.0042239893882194965
2018-12-09 18:30:00,0.00418908480728159
2018-12-09 19:00:00,0.004160686844380474
2018-12-09 19:30:00,0.004140341192350979
2018-12-09 20:00:00,0.0041590577905935375
2018-12-09 20:30:00,0.004149726720484727
2018-12-09 21:00:00,0.004135492642622606
2018-12-09 21:30:00,0.004144224897645741
2018-12-09 22:00:00,0.0041432250125977245
2018-12-09 22:30:00,0.004132980877816718
2018-12-09 23:00:00,0.004162307528593905
2018-12-09 23:30:00,0.004158095512829136
2018-12-10 00:00:00,0.00421344048936861
2018-12-10 00:30:00,0.004308976046282871
2018-12-10 01:00:00,0.004339852630478796
2018-12-10 01:30:00,0.004344742804886065
2018-12-10 02:00:00,0.004349782292484656
2018-12-10 02:30:00,0.00435693559956757
2018-12-10 03:00:00,0.004347956832706145
2018-12-10 03:30:00,0.004351633084172308
2018-12-10 04:00:00,0.004347281352327168
2018-12-10 04:30:00,0.0043423318097451724
2018-12-10 05:00:00,0.004461116702723459
2018-12-10 05:30:00,0.00453006614200888
2018-12-10 06:00:00,0.0045403873884604425
2018-12-10 06:30:00,0.004648051796514633
2018-12-10 07:00:00,0.004822064826786269
2018-12-10 07:30:00,0.0051523050972550055
2018-12-10 08:00:00,0.005705940890370174
2018-12-10 08:30:00,0.006425497452121162
2018-12-10 09:00:00,0.007038357016920776
2018-12-10 09:30:00,0.007761327695095761
2018-12-10 10:00:00,0.008381288787216876
2018-12-10 10:30:00,0.008897806860970893
2018-12-10 11:00:00,0.00921693177985395
2018-12-10 11:30:00,0.009387249029654581
2018-12-10 12:00:00,0.009392605445103213
2018-12-10 12:30:00,0.009265813436950229
2018-12-10 13:00:00,0.009124582798558673
2018-12-10 13:30:00,0.00884913979973927
2018-12-10 14:00:00,0.00846041361918625
2018-12-10 14:30:00,0.007832247555172792
2018-12-10 15:00:00,0.007243661650639853
2018-12-10 15:30:00,0.006618288569102036
2018-12-10 16:00:00,0.006047603062003486
2018-12-10 16:30:00,0.005683438231857073
2018-12-10 17:00:00,0.005261665515684169
2018-12-10 17:30:00,0.005031765048915648
2018-12-10 18:00:00,0.004813393948635501
2018-12-10 18:30:00,0.004677353115382679
2018-12-10 19:00:00,0.004581460345071241
2018-12-10 19:30:00,0.004524563761198327
2018-12-10 20:00:00,0.0044815424794699705
2018-12-10 20:30:00,0.0044518574993524735
2018-12-10 21:00:00,0.004435142121932022
2018-12-10 21:30:00,0.004420834168634434
2018-12-10 22:00:00,0.004403638600883445
2018-12-10 22:30:00,0.00440195040211041
2018-12-10 23:00:00,0.004395748548143499
2018-12-10 23:30:00,0.0043859293645079
2018-12-11 00:00:00,0.004388720449880215
2018-12-11 00:30:00,0.004384925908441855
2018-12-11 01:00:00,0.004376124799727356
2018-12-11 01:30:00,0.00438300235726187
2018-12-11 02:00:00,0.004386107580626391
2018-12-11 02:30:00,0.00437451940393486
2018-12-11 03:00:00,0.00437729096030233
2018-12-11 03:30:00,0.004368616622727847
2018-12-11 04:00:00,0.004365412192018718
2018-12-11 04:30:00,0.004371988444907067
2018-12-11 05:00:00,0.0044637553502636755
2018-12-11 05:30:00,0.004525345479363658
2018-12-11 06:00:00,0.004573408257388247
2018-12-11 06:30:00,0.004707292865317656
2018-12-11 07:00:00,0.00486497875478514
2018-12-11 07:30:00,0.0052012115282888596
2018-12-11 08:00:00,0.005734686915934768
2018-12-11 08:30:00,0.006505028487391295
2018-12-11 09:00:00,0.007143059935086099
2018-12-11 09:30:00,0.007872164394696821
2018-12-11 10:00:00,0.008478336223889008
2018-12-11 10:30:00,0.008993965225748208
2018-12-11 11:00:00,0.00930715634020513
2018-12-11 11:30:00,0.009455821614943669
2018-12-11 12:00:00,0.009457509255745136
2018-12-11 12:30:00,0.009341033249110987
2018-12-11 13:00:00,0.009182709374953826
2018-12-11 13:30:00,0.00889266504138692
2018-12-11 14:00:00,0.008501248656720892
2018-12-11 14:30:00,0.007873763318019141
2018-12-11 15:00:00,0.007284280083612194
2018-12-11 15:30:00,0.006671002598108917
2018-12-11 16:00:00,0.006109080592441252
2018-12-11 16:30:00,0.005736353688599632
2018-12-11 17:00:00,0.005300592960025642
2018-12-11 17:30:00,0.005073451662655805
2018-12-11 18:00:00,0.0048529520124419665
2018-12-11 18:30:00,0.0046996619345734125
2018-12-11 19:00:00,0.004583359680285219
2018-12-11 19:30:00,0.004521644453959923
2018-12-11 20:00:00,0.004470166555162515
2018-12-11 20:30:00,0.004440673963641311
2018-12-11 21:00:00,0.004406910546152177
2018-12-11 21:30:00,0.004393254080456188
2018-12-11 22:00:00,0.004386659191317501
2018-12-11 22:30:00,0.0043863867895985054
2018-12-11 23:00:00,0.004392566659485677
2018-12-11 23:30:00,0.004395522123281622
2018-12-12 00:00:00,0.004392805582910655
2018-12-12 00:30:00,0.004395011356109214
2018-12-12 01:00:00,0.004394218366918232
2018-12-12 01:30:00,0.00438257171480648
2018-12-12 02:00:00,0.004382419276974383
2018-12-12 02:30:00,0.004388959150116566
2018-12-12 03:00:00,0.00438193428808837
2018-12-12 03:30:00,0.004383330556137564
2018-12-12 04:00:00,0.004367604685493983
2018-12-12 04:30:00,0.00436000165332809
2018-12-12 05:00:00,0.004435435838164877
2018-12-12 05:30:00,0.0044921662581051455
2018-12-12 06:00:00,0.004547291951818799
2018-12-12 06:30:00,0.004659638857263031
2018-12-12 07:00:00,0.004853815306050388
2018-12-12 07:30:00,0.005162527024767647
2018-12-12 08:00:00,0.00566703476054256
2018-12-12 08:30:00,0.006433892692317845
2018-12-12 09:00:00,0.007022505267891686
2018-12-12 09:30:00,0.007744637649584449
2018-12-12 10:00:00,0.008321334965534197
2018-12-12 10:30:00,0.00885222527091032
2018-12-12 11:00:00,0.009167013076803295
2018-12-12 11:30:00,0.009341817199162585
2018-12-12 12:00:00,0.009358623972325706
2018-12-12 12:30:00,0.009251711933132421
2018-12-12 13:00:00,0.009102715223283103
2018-12-12 13:30:00,0.008833366389918183
2018-12-12 14:00:00,0.008454402814683872
2018-12-12 14:30:00,0.007825691724043795
2018-12-12 15:00:00,0.007240361360415518
2018-12-12 15:30:00,0.006598120128842213
2018-12-12 16:00:00,0.0060237348238773745
2018-12-12 16:30:00,0.005650403190451467
2018-12-12 17:00:00,0.005229001748559227
2018-12-12 17:30:00,0.004993197831017813
2018-12-12 18:00:00,0.004772978170936283
2018-12-12 18:30:00,0.004633217229652136
2018-12-12 19:00:00,0.0045255460143448275
2018-12-12 19:30:00,0.004466286420885781
2018-12-12 20:00:00,0.004415768121589255
2018-12-12 20:30:00,0.0043732573838446785
2018-12-12 21:00:00,0.004348310251896667
2018-12-12 21:30:00,0.004327281307886257
2018-12-12 22:00:00,0.004318853816933001
2018-12-12 22:30:00,0.004319557753861896
2018-12-12 23:00:00,0.004309700404971115
2018-12-12 23:30:00,0.0043015221041196715
2018-12-13 00:00:00,0.0043026147240421185
2018-12-13 00:30:00,0.004298392776383457
2018-12-13 01:00:00,0.004295013365790926
2018-12-13 01:30:00,0.004285608197058021
2018-12-13 02:00:00,0.004278047012759649
2018-12-13 02:30:00,0.0042648883692957135
2018-12-13 03:00:00,0.004258404962876109
2018-12-13 03:30:00,0.00425146647484648
2018-12-13 04:00:00,0.004243090094088761
2018-12-13 04:30:00,0.004245302562946123
2018-12-13 05:00:00,0.004278474976951518
2018-12-13 05:30:00,0.004316613003120036
2018-12-13 06:00:00,0.004407510253992361
2018-12-13 06:30:00,0.004551664886583484
2018-12-13 07:00:00,0.004735195014684359
2018-12-13 07:30:00,0.005066644297944415
2018-12-13 08:00:00,0.00558032073410215
2018-12-13 08:30:00,0.006285877342860518
2018-12-13 09:00:00,0.006894464742560445
2018-12-13 09:30:00,0.007635235606476391
2018-12-13 10:00:00,0.00825580109339885
2018-12-13 10:30:00,0.008785860467517434
2018-12-13 11:00:00,0.009113547571690014
2018-12-13 11:30:00,0.009284301490038957
2018-12-13 12:00:00,0.009306904695028425
2018-12-13 12:30:00,0.009205995313952643
2018-12-13 13:00:00,0.009079342798691404
2018-12-13 13:30:00,0.008811748116338735
2018-12-13 14:00:00,0.008431532787691078
2018-12-13 14:30:00,0.007813291029156436
2018-12-13 15:00:00,0.007213127772580362
2018-12-13 15:30:00,0.006578546151489843
2018-12-13 16:00:00,0.006004036418865569
2018-12-13 16:30:00,0.005640225231098304
2018-12-13 17:00:00,0.005215977911025873
2018-12-13 17:30:00,0.004989197621259867
2018-12-13 18:00:00,0.0047732038146379675
2018-12-13 18:30:00,0.004627051309054138
2018-12-13 19:00:00,0.004524317026171412
2018-12-13 19:30:00,0.004461994949969875
2018-12-13 20:00:00,0.0044070894318365495
2018-12-13 20:30:00,0.004368337525350046
2018-12-13 21:00:00,0.004348313376537442
2018-12-13 21:30:00,0.0043400112059981295
2018-12-13 22:00:00,0.004331047839151954
2018-12-13 22:30:00,0.004335091793880751
2018-12-13 23:00:00,0.004337460383182555
2018-12-13 23:30:00,0.004327815844647417
2018-12-14 00:00:00,0.004328621109212873
2018-12-14 00:30:00,0.004333321015315804
2018-12-14 01:00:00,0.004333895056463906
2018-12-14 01:30:00,0.0043415572336159
2018-12-14 02:00:00,0.004341227026042565
2018-12-14 02:30:00,0.004341396760993239
2018-12-14 03:00:00,0.0043489993467818785
2018-12-14 03:30:00,0.004353090282716616
2018-12-14 04:00:00,0.004358040829647431
2018-12-14 04:30:00,0.004366333961047358
2018-12-14 05:00:00,0.004392485976797093
2018-12-14 05:30:00,0.004414848138069629
2018-12-14 06:00:00,0.00446002832338492
2018-12-14 06:30:00,0.004628102639080631
2018-12-14 07:00:00,0.004829314662950269
2018-12-14 07:30:00,0.0051775123555475415
2018-12-14 08:00:00,0.005688213017744293
2018-12-14 08:30:00,0.006459102294090961
2018-12-14 09:00:00,0.007099120232158504
2018-12-14 09:30:00,0.007830221114035859
2018-12-14 10:00:00,0.00845161998729075
2018-12-14 10:30:00,0.008952396344008684
2018-12-14 11:00:00,0.009250605475515115
2018-12-14 11:30:00,0.009404028908588175
2018-12-14 12:00:00,0.009396651520123964
2018-12-14 12:30:00,0.009249282301741192
2018-12-14 13:00:00,0.009112040378893304
2018-12-14 13:30:00,0.008837463798323095
2018-12-14 14:00:00,0.008459310174615405
2018-12-14 14:30:00,0.007831118109126924
2018-12-14 15:00:00,0.007234778966482261
2018-12-14 15:30:00,0.006610782066017229
2018-12-14 16:00:00,0.006037226464772481
2018-12-14 16:30:00,0.005677566808652125
2018-12-14 17:00:00,0.005253940399339421
2018-12-14 17:30:00,0.005019110811748257
2018-12-14 18:00:00,0.004793421914367251
2018-12-14 18:30:00,0.00466745637369927
2018-12-14 19:00:00,0.004574956851675225
2018-12-14 19:30:00,0.004517705286291402
2018-12-14 20:00:00,0.004465449686723948
2018-12-14 20:30:00,0.004430700668258913
2018-12-14 21:00:00,0.004404454132125734
2018-12-14 21:30:00,0.004398130975140163
2018-12-14 22:00:00,0.0043934208023604
2018-12-14 22:30:00,0.00439722884671068
2018-12-14 23:00:00,0.004394423923643505
2018-12-14 23:30:00,0.00438385437984464
2018-12-15 00:00:00,0.004743497520006612
2018-12-15 00:30:00,0.0050354462105316
2018-12-15 01:00:00,0.005254686072541525
2018-12-15 01:30:00,0.005277744359141018
2018-12-15 02:00:00,0.005357368575662836
2018-12-15 02:30:00,0.005363112781350515
2018-12-15 03:00:00,0.005392823093377153
2018-12-15 03:30:00,0.005413719351748936
2018-12-15 04:00:00,0.0054310505065907
2018-12-15 04:30:00,0.005441924479676506
2018-12-15 05:00:00,0.005470888337340847
2018-12-15 05:30:00,0.005484619571226812
2018-12-15 06:00:00,0.0055135406882691205
2018-12-15 06:30:00,0.0056168006919622504
2018-12-15 07:00:00,0.005642184269269948
2018-12-15 07:30:00,0.005626889375864697
2018-12-15 08:00:00,0.005691784258961549
2018-12-15 08:30:00,0.005774345303028976
2018-12-15 09:00:00,0.005924102304935454
2018-12-15 09:30:00,0.006139989315799436
2018-12-15 10:00:00,0.006386736171712333
2018-12-15 10:30:00,0.006652679481415388
2018-12-15 11:00:00,0.006876498169698211
2018-12-15 11:30:00,0.007019842962357029
2018-12-15 12:00:00,0.00705719670369101
2018-12-15 12:30:00,0.007022910801626562
2018-12-15 13:00:00,0.006904220987003289
2018-12-15 13:30:00,0.006740339939227699
2018-12-15 14:00:00,0.006536203809564179
2018-12-15 14:30:00,0.006282046198487365
2018-12-15 15:00:00,0.006018036929829756
2018-12-15 15:30:00,0.005776729403940341
2018-12-15 16:00:00,0.005528078191069362
2018-12-15 16:30:00,0.0053952223711151385
2018-12-15 17:00:00,0.005267729327485411
2018-12-15 17:30:00,0.00520490384933615
2018-12-15 18:00:00,0.005161785480555139
2018-12-15 18:30:00,0.005117604064344731
2018-12-15 19:00:00,0.005083409223240014
2018-12-15 19:30:00,0.005072808767816338
2018-12-15 20:00:00,0.0050780842773877595
2018-12-15 20:30:00,0.0050794606816491695
2018-12-15 21:00:00,0.005097783909937012
2018-12-15 21:30:00,0.005119785398388657
2018-12-15 22:00:00,0.0051326420676405474
2018-12-15 22:30:00,0.0051503896924599
2018-12-15 23:00:00,0.005161506606365966
2018-12-15 23:30:00,0.0051709777273380875
2018-12-16 00:00:00,0.004771707558083971
2018-12-16 00:30:00,0.004340926837339534
2018-12-16 01:00:00,0.004256653043750126
2018-12-16 01:30:00,0.004107940453022709
2018-12-16 02:00:00,0.004134240889209257
2018-12-16 02:30:00,0.004150471166149383
2018-12-16 03:00:00,0.0041297934094432255
2018-12-16 03:30:00,0.004143815234921269
2018-12-16 04:00:00,0.004146259819950494
2018-12-16 04:30:00,0.004126503162707096
2018-12-16 05:00:00,0.004148816668858994
2018-12-16 05:30:00,0.004155621466901175
2018-12-16 06:00:00,0.004139746394660585
2018-12-16 06:30:00,0.0041938430772104265
2018-12-16 07:00:00,0.0042754879319648826
2018-12-16 07:30:00,0.004212185722908799
2018-12-16 08:00:00,0.0042451205526209766
2018-12-16 08:30:00,0.0043605917640573205
2018-12-16 09:00:00,0.004363793851285868
2018-12-16 09:30:00,0.004527222942092211
2018-12-16 10:00:00,0.004686872891475441
2018-12-16 10:30:00,0.004842139639417154
2018-12-16 11:00:00,0.00506901165970877
2018-12-16 11:30:00,0.0053289633591313505
2018-12-16 12:00:00,0.005456844416188751
2018-12-16 12:30:00,0.005583977121780527
2018-12-16 13:00:00,0.00562311626053451
2018-12-16 13:30:00,0.005604954732406776
2018-12-16 14:00:00,0.005532080632713577
2018-12-16 14:30:00,0.005404433365742737
2018-12-16 15:00:00,0.005194948297449582
2018-12-16 15:30:00,0.00497838178881134
2018-12-16 16:00:00,0.004708867349485342
2018-12-16 16:30:00,0.00453277029541106
2018-12-16 17:00:00,0.004384070314841058
2018-12-16 17:30:00,0.004299698987821742
2018-12-16 18:00:00,0.00423306278705868
2018-12-16 18:30:00,0.004193524252257058
2018-12-16 19:00:00,0.004163264003454011
2018-12-16 19:30:00,0.004137883439192774
2018-12-16 20:00:00,0.004148945895073904
2018-12-16 20:30:00,0.004138284955532369
2018-12-16 21:00:00,0.004116048784239655
2018-12-16 21:30:00,0.004126996074789361
2018-12-16 22:00:00,0.004124313012712412
2018-12-16 22:30:00,0.004105518186856163
2018-12-16 23:00:00,0.004118353095216942
2018-12-16 23:30:00,0.004116680296459155
2018-12-17 00:00:00,0.0041687113682680604
2018-12-17 00:30:00,0.004256944193313772
2018-12-17 01:00:00,0.004289519242959564
2018-12-17 01:30:00,0.004303876297755046
2018-12-17 02:00:00,0.004320327866218633
2018-12-17 02:30:00,0.004325648236704039
2018-12-17 03:00:00,0.0043233332126726655
2018-12-17 03:30:00,0.004340646847207226
2018-12-17 04:00:00,0.004340960985199432
2018-12-17 04:30:00,0.004335139779435512
2018-12-17 05:00:00,0.004441965444630228
2018-12-17 05:30:00,0.004483333121822702
2018-12-17 06:00:00,0.004503028290599419
2018-12-17 06:30:00,0.004676467391317265
2018-12-17 07:00:00,0.004823832480710441
2018-12-17 07:30:00,0.005141606327241231
2018-12-17 08:00:00,0.005675353223851628
2018-12-17 08:30:00,0.006422660613080356
2018-12-17 09:00:00,0.007100407695752139
2018-12-17 09:30:00,0.007858894603296746
2018-12-17 10:00:00,0.00854382646264782
2018-12-17 10:30:00,0.009064097341566987
2018-12-17 11:00:00,0.009372793548674686
2018-12-17 11:30:00,0.009531931503348062
2018-12-17 12:00:00,0.00953502389336654
2018-12-17 12:30:00,0.009409938273859678
2018-12-17 13:00:00,0.0092711276697484
2018-12-17 13:30:00,0.008988513062378684
2018-12-17 14:00:00,0.00859047969289992
2018-12-17 14:30:00,0.007941111155718723
2018-12-17 15:00:00,0.007330548201888771
2018-12-17 15:30:00,0.006679428303553156
2018-12-17 16:00:00,0.006093511623402303
2018-12-17 16:30:00,0.005710223880118263
2018-12-17 17:00:00,0.00527531216108058
2018-12-17 17:30:00,0.0050279786538621665
2018-12-17 18:00:00,0.004796355394083458
2018-12-17 18:30:00,0.004658129767362995
2018-12-17 19:00:00,0.004546251223252081
2018-12-17 19:30:00,0.004479257362714588
2018-12-17 20:00:00,0.004432085888471081
2018-12-17 20:30:00,0.004403251814993219
2018-12-17 21:00:00,0.0043850709810492675
2018-12-17 21:30:00,0.004370076722724303
2018-12-17 22:00:00,0.004359069394433989
2018-12-17 22:30:00,0.004359070733565751
2018-12-17 23:00:00,0.004365236988946688
2018-12-17 23:30:00,0.004366187995685437
2018-12-18 00:00:00,0.004377903947865807
2018-12-18 00:30:00,0.004378796702372964
2018-12-18 01:00:00,0.004387507531287927
2018-12-18 01:30:00,0.00439642246620209
2018-12-18 02:00:00,0.004398402484104651
2018-12-18 02:30:00,0.00439379062591499
2018-12-18 03:00:00,0.0043921187199117105
2018-12-18 03:30:00,0.004397514416558657
2018-12-18 04:00:00,0.004390837951976879
2018-12-18 04:30:00,0.0043866489246406695
2018-12-18 05:00:00,0.004431949520220113
2018-12-18 05:30:00,0.004469302368799586
2018-12-18 06:00:00,0.004520468138302428
2018-12-18 06:30:00,0.004687633964692793
2018-12-18 07:00:00,0.004883017640762453
2018-12-18 07:30:00,0.0052250036590932355
2018-12-18 08:00:00,0.005732367874508114
2018-12-18 08:30:00,0.006480847673593365
2018-12-18 09:00:00,0.007082046860180682
2018-12-18 09:30:00,0.00779576648136956
2018-12-18 10:00:00,0.00842673769163882
2018-12-18 10:30:00,0.008915535626351282
2018-12-18 11:00:00,0.009211328852567029
2018-12-18 11:30:00,0.009375376733841145
2018-12-18 12:00:00,0.009376151086781791
2018-12-18 12:30:00,0.00926012737189983
2018-12-18 13:00:00,0.009128100586099815
2018-12-18 13:30:00,0.008845049310181787
2018-12-18 14:00:00,0.00846072786877277
2018-12-18 14:30:00,0.007825952185171257
2018-12-18 15:00:00,0.007233089874954719
2018-12-18 15:30:00,0.006601992897894262
2018-12-18 16:00:00,0.006023554152683989
2018-12-18 16:30:00,0.00563850846418104
2018-12-18 17:00:00,0.005213476412896817
2018-12-18 17:30:00,0.0049819570474238795
2018-12-18 18:00:00,0.0047650306471249395
2018-12-18 18:30:00,0.004622995971705375
2018-12-18 19:00:00,0.004501031868332788
2018-12-18 19:30:00,0.004447250104935347
2018-12-18 20:00:00,0.004402670854997686
2018-12-18 20:30:00,0.004361740739108033
2018-12-18 21:00:00,0.004330204632519943
2018-12-18 21:30:00,0.004317023112221763
2018-12-18 22:00:00,0.004304293995270082
2018-12-18 22:30:00,0.004304124148725096
2018-12-18 23:00:00,0.004306134073903648
2018-12-18 23:30:00,0.004303314643575731
2018-12-19 00:00:00,0.004311043442532822
2018-12-19 00:30:00,0.00430842867617567
2018-12-19 01:00:00,0.00429786951064795
2018-12-19 01:30:00,0.004300039015694656
2018-12-19 02:00:00,0.004298434401062354
2018-12-19 02:30:00,0.004290495804796081
2018-12-19 03:00:00,0.004292169719497002
2018-12-19 03:30:00,0.0042915937812455715
2018-12-19 04:00:00,0.004282543147646322
2018-12-19 04:30:00,0.004276451772049671
2018-12-19 05:00:00,0.004321021090093441
2018-12-19 05:30:00,0.004351894884431532
2018-12-19 06:00:00,0.004416700157294727
2018-12-19 06:30:00,0.0046113666167122
2018-12-19 07:00:00,0.004783925126703049
2018-12-19 07:30:00,0.005126604703691581
2018-12-19 08:00:00,0.0056465505083758295
2018-12-19 08:30:00,0.0063970666804919075
2018-12-19 09:00:00,0.007000372209744549
2018-12-19 09:30:00,0.007723826649268101
2018-12-19 10:00:00,0.008337191401524453
2018-12-19 10:30:00,0.008855231398524545
2018-12-19 11:00:00,0.00916751491643063
2018-12-19 11:30:00,0.009335089401196645
2018-12-19 12:00:00,0.009344582394654192
2018-12-19 12:30:00,0.00922637332833302
2018-12-19 13:00:00,0.009095711564174453
2018-12-19 13:30:00,0.008812266137141513
2018-12-19 14:00:00,0.008439121201001917
2018-12-19 14:30:00,0.007814848216205546
2018-12-19 15:00:00,0.0072315800038944885
2018-12-19 15:30:00,0.006615948213161523
2018-12-19 16:00:00,0.006056553149126368
2018-12-19 16:30:00,0.005694212662815332
2018-12-19 17:00:00,0.005276360478060611
2018-12-19 17:30:00,0.0050580554416139924
2018-12-19 18:00:00,0.004843625182917065
2018-12-19 18:30:00,0.004711474527429182
2018-12-19 19:00:00,0.004610091428493039
2018-12-19 19:30:00,0.00455478539836894
2018-12-19 20:00:00,0.0045293731413227
2018-12-19 20:30:00,0.004502382271119177
2018-12-19 21:00:00,0.004485779380766627
2018-12-19 21:30:00,0.004504656005254594
2018-12-19 22:00:00,0.004531164788024251
2018-12-19 22:30:00,0.0045394385020136475
2018-12-19 23:00:00,0.004535931762309533
2018-12-19 23:30:00,0.00453686134294011
2018-12-20 00:00:00,0.004539530567322198
2018-12-20 00:30:00,0.004545433125340583
2018-12-20 01:00:00,0.004538545077940609
2018-12-20 01:30:00,0.0045427857734439215
2018-12-20 02:00:00,0.004560824436232607
2018-12-20 02:30:00,0.004560524917095455
2018-12-20 03:00:00,0.004562803672974976
2018-12-20 03:30:00,0.004578505327652549
2018-12-20 04:00:00,0.004600661151039621
2018-12-20 04:30:00,0.004595108441193726
2018-12-20 05:00:00,0.004641272665164533
2018-12-20 05:30:00,0.004668923392543157
2018-12-20 06:00:00,0.004703201036628413
2018-12-20 06:30:00,0.004859691974188066
2018-12-20 07:00:00,0.0050847248086006245
2018-12-20 07:30:00,0.005467490625280919
2018-12-20 08:00:00,0.006005153366348336
2018-12-20 08:30:00,0.006796932986568179
2018-12-20 09:00:00,0.00739271583156057
2018-12-20 09:30:00,0.00806802625239938
2018-12-20 10:00:00,0.008654511617171292
2018-12-20 10:30:00,0.009127367857838065
2018-12-20 11:00:00,0.009424120683554697
2018-12-20 11:30:00,0.009564712667690694
2018-12-20 12:00:00,0.009522177937168738
2018-12-20 12:30:00,0.009395739013423336
2018-12-20 13:00:00,0.0092243953191281
2018-12-20 13:30:00,0.008911863727063343
2018-12-20 14:00:00,0.00853367952651378
2018-12-20 14:30:00,0.00790337174443765
2018-12-20 15:00:00,0.007321764725075787
2018-12-20 15:30:00,0.006694803321675425
2018-12-20 16:00:00,0.006131672972782323
2018-12-20 16:30:00,0.005761406388768115
2018-12-20 17:00:00,0.005335282833504578
2018-12-20 17:30:00,0.005127951870242882
2018-12-20 18:00:00,0.004909742916500095
2018-12-20 18:30:00,0.00478527162368847
2018-12-20 19:00:00,0.004688290697227121
2018-12-20 19:30:00,0.004630014249669081
2018-12-20 20:00:00,0.0046031273853656424
2018-12-20 20:30:00,0.004568038673810634
2018-12-20 21:00:00,0.0045396160485662584
2018-12-20 21:30:00,0.004546981273250308
2018-12-20 22:00:00,0.004543716804800573
2018-12-20 22:30:00,0.004541712459337691
2018-12-20 23:00:00,0.004542724731354494
2018-12-20 23:30:00,0.004544576527390966
2018-12-21 00:00:00,0.0045488745823713626
2018-12-21 00:30:00,0.00455351980726073
2018-12-21 01:00:00,0.0045486092110941095
2018-12-21 01:30:00,0.00455424695580681
2018-12-21 02:00:00,0.004576525756127241
2018-12-21 02:30:00,0.004566173821239496
2018-12-21 03:00:00,0.004569931648148748
2018-12-21 03:30:00,0.0045735291140296536
2018-12-21 04:00:00,0.004566295012663842
2018-12-21 04:30:00,0.0045720976937717395
2018-12-21 05:00:00,0.004589783606935785
2018-12-21 05:30:00,0.004598687717201549
2018-12-21 06:00:00,0.00466166708390898
2018-12-21 06:30:00,0.004803207619708833
2018-12-21 07:00:00,0.005026073292555265
2018-12-21 07:30:00,0.005411743686024597
2018-12-21 08:00:00,0.0059349581997424905
2018-12-21 08:30:00,0.0066835139945551625
2018-12-21 09:00:00,0.007231277471710876
2018-12-21 09:30:00,0.007941958268151703
2018-12-21 10:00:00,0.008533731975841074
2018-12-21 10:30:00,0.009016891161492017
2018-12-21 11:00:00,0.009315647886294274
2018-12-21 11:30:00,0.009471502959456205
2018-12-21 12:00:00,0.009461172004299377
2018-12-21 12:30:00,0.009346583615476297
2018-12-21 13:00:00,0.009215028427244691
2018-12-21 13:30:00,0.008920921056321397
2018-12-21 14:00:00,0.008540879256831066
2018-12-21 14:30:00,0.007914534188823583
2018-12-21 15:00:00,0.007315882812005379
2018-12-21 15:30:00,0.00668215098161136
2018-12-21 16:00:00,0.006100454128827216
2018-12-21 16:30:00,0.00571842003605985
2018-12-21 17:00:00,0.005292645436214299
2018-12-21 17:30:00,0.005067220013007218
2018-12-21 18:00:00,0.004841396198101319
2018-12-21 18:30:00,0.004713956942930648
2018-12-21 19:00:00,0.004602869044530134
2018-12-21 19:30:00,0.0045435992959885685
2018-12-21 20:00:00,0.00450491423449579
2018-12-21 20:30:00,0.0044721794933875285
2018-12-21 21:00:00,0.0044463463025911625
2018-12-21 21:30:00,0.004433695971224741
2018-12-21 22:00:00,0.004422253201923561
2018-12-21 22:30:00,0.004425951772252402
2018-12-21 23:00:00,0.004432354161200482
2018-12-21 23:30:00,0.004428792851877117
2018-12-22 00:00:00,0.0048120037066792295
2018-12-22 00:30:00,0.005128065473253917
2018-12-22 01:00:00,0.005329662943882022
2018-12-22 01:30:00,0.0053535153356156304
2018-12-22 02:00:00,0.00543214580477667
2018-12-22 02:30:00,0.0054426836557905315
2018-12-22 03:00:00,0.00547353178343654
2018-12-22 03:30:00,0.005503129273612337
2018-12-22 04:00:00,0.005524531054223798
2018-12-22 04:30:00,0.005535535034684709
2018-12-22 05:00:00,0.00559130496236959
2018-12-22 05:30:00,0.005671184283491828
2018-12-22 06:00:00,0.0057143817726410355
2018-12-22 06:30:00,0.005762106196707413
2018-12-22 07:00:00,0.005795405158664197
2018-12-22 07:30:00,0.005740586126123753
2018-12-22 08:00:00,0.005779893325913707
2018-12-22 08:30:00,0.005839931401302996
2018-12-22 09:00:00,0.005976410019047264
2018-12-22 09:30:00,0.006175589017715479
2018-12-22 10:00:00,0.006431421771030659
2018-12-22 10:30:00,0.006712601387124432
2018-12-22 11:00:00,0.0069446782777870895
2018-12-22 11:30:00,0.007089282412272567
2018-12-22 12:00:00,0.007123480266423746
2018-12-22 12:30:00,0.007079763640528626
2018-12-22 13:00:00,0.00695783312704437
2018-12-22 13:30:00,0.0067909491878896415
2018-12-22 14:00:00,0.006571254467458321
2018-12-22 14:30:00,0.0063246543580675356
2018-12-22 15:00:00,0.006069694272283101
2018-12-22 15:30:00,0.005830416646954336
2018-12-22 16:00:00,0.005574953828788059
2018-12-22 16:30:00,0.00543754685795066
2018-12-22 17:00:00,0.005321063597686139
2018-12-22 17:30:00,0.005255316580412205
2018-12-22 18:00:00,0.005205995130126836
2018-12-22 18:30:00,0.00516612181238503
2018-12-22 19:00:00,0.005142940437257863
2018-12-22 19:30:00,0.005142448975901673
2018-12-22 20:00:00,0.0051460790273220895
2018-12-22 20:30:00,0.005153854807485118
2018-12-22 21:00:00,0.005166194237094423
2018-12-22 21:30:00,0.005176602192327493
2018-12-22 22:00:00,0.00518845250406119
2018-12-22 22:30:00,0.005201684353394713
2018-12-22 23:00:00,0.005217514006749751
2018-12-22 23:30:00,0.005223260109540757
2018-12-23 00:00:00,0.004811010405695704
2018-12-23 00:30:00,0.004363954547097156
2018-12-23 01:00:00,0.00427553848418885
2018-12-23 01:30:00,0.004115304450169312
2018-12-23 02:00:00,0.004134940920337183
2018-12-23 02:30:00,0.004136202940427364
2018-12-23 03:00:00,0.004097286878705857
2018-12-23 03:30:00,0.004112614022867679
2018-12-23 04:00:00,0.004124156222702092
2018-12-23 04:30:00,0.0040944751483855645
2018-12-23 05:00:00,0.004113704634092485
2018-12-23 05:30:00,0.004116132591569013
2018-12-23 06:00:00,0.0040961838805122636
2018-12-23 06:30:00,0.0041452531276493605
2018-12-23 07:00:00,0.004279505550435718
2018-12-23 07:30:00,0.004260940162487809
2018-12-23 08:00:00,0.0043197673279824515
2018-12-23 08:30:00,0.004402835791392883
2018-12-23 09:00:00,0.004416511339716464
2018-12-23 09:30:00,0.004567391315198632
2018-12-23 10:00:00,0.004734689827227622
2018-12-23 10:30:00,0.004883297184517507
2018-12-23 11:00:00,0.005104572861586692
2018-12-23 11:30:00,0.005365208187773127
2018-12-23 12:00:00,0.005481785968421093
2018-12-23 12:30:00,0.005610567703181903
2018-12-23 13:00:00,0.0056526137622055035
2018-12-23 13:30:00,0.005630573327338483
2018-12-23 14:00:00,0.00555481909001088
2018-12-23 14:30:00,0.005426393229515486
2018-12-23 15:00:00,0.005225141254881651
2018-12-23 15:30:00,0.005001261859292342
2018-12-23 16:00:00,0.004731084103367526
2018-12-23 16:30:00,0.004563799763816337
2018-12-23 17:00:00,0.004413833187789305
2018-12-23 17:30:00,0.004336709018670467
2018-12-23 18:00:00,0.004269822735051087
2018-12-23 18:30:00,0.004225320819972609
2018-12-23 19:00:00,0.00419349144352892
2018-12-23 19:30:00,0.004165188782171443
2018-12-23 20:00:00,0.004173655107945758
2018-12-23 20:30:00,0.004166683141622111
2018-12-23 21:00:00,0.004151122095779414
2018-12-23 21:30:00,0.004168622985571852
2018-12-23 22:00:00,0.004168419549138533
2018-12-23 22:30:00,0.004152051788004305
2018-12-23 23:00:00,0.004155985041174214
2018-12-23 23:30:00,0.004147771030142485
2018-12-24 00:00:00,0.004207268765866316
2018-12-24 00:30:00,0.004292487316912924
2018-12-24 01:00:00,0.004321627493592427
2018-12-24 01:30:00,0.004337843598054751
2018-12-24 02:00:00,0.0043465343399933035
2018-12-24 02:30:00,0.0043446199395470175
2018-12-24 03:00:00,0.004333798750571447
2018-12-24 03:30:00,0.004337623422474424
2018-12-24 04:00:00,0.004328538529420962
2018-12-24 04:30:00,0.004316366268093121
2018-12-24 05:00:00,0.004410083953642183
2018-12-24 05:30:00,0.004475127480364476
2018-12-24 06:00:00,0.004508423317680485
2018-12-24 06:30:00,0.004650114728992048
2018-12-24 07:00:00,0.004809369076534294
2018-12-24 07:30:00,0.005106501434510778
2018-12-24 08:00:00,0.005624452825626038
2018-12-24 08:30:00,0.006435365848848968
2018-12-24 09:00:00,0.0070255280230586085
2018-12-24 09:30:00,0.007772476301786832
2018-12-24 10:00:00,0.00840606149725305
2018-12-24 10:30:00,0.00893670718789421
2018-12-24 11:00:00,0.009279145721165807
2018-12-24 11:30:00,0.009446498468031108
2018-12-24 12:00:00,0.009446591872471419
2018-12-24 12:30:00,0.009333549511266111
2018-12-24 13:00:00,0.009200064522572968
2018-12-24 13:30:00,0.008918822302069382
2018-12-24 14:00:00,0.00854118837307917
2018-12-24 14:30:00,0.007918454162270197
2018-12-24 15:00:00,0.00732157746981791
2018-12-24 15:30:00,0.006690803893077671
2018-12-24 16:00:00,0.0061237281272345
2018-12-24 16:30:00,0.005760350148591834
2018-12-24 17:00:00,0.005326734039532664
2018-12-24 17:30:00,0.005084722241931416
2018-12-24 18:00:00,0.004863451698200648
2018-12-24 18:30:00,0.0047229854808558454
2018-12-24 19:00:00,0.0046178149825174
2018-12-24 19:30:00,0.004547606201405319
2018-12-24 20:00:00,0.0044991816346167035
2018-12-24 20:30:00,0.00445511147793675
2018-12-24 21:00:00,0.004416715892092917
2018-12-24 21:30:00,0.004403063666980836
2018-12-24 22:00:00,0.0043896008174185855
2018-12-24 22:30:00,0.004393484187930407
2018-12-24 23:00:00,0.004403516516704591
2018-12-24 23:30:00,0.004405253705381206
2018-12-25 00:00:00,0.004416135824851891
2018-12-25 00:30:00,0.004425064820649541
2018-12-25 01:00:00,0.004429823425361317
2018-12-25 01:30:00,0.004437292544351138
2018-12-25 02:00:00,0.0044475408081217395
2018-12-25 02:30:00,0.004448522168513733
2018-12-25 03:00:00,0.0044630069987980515
2018-12-25 03:30:00,0.0044729684651832295
2018-12-25 04:00:00,0.00450085208989391
2018-12-25 04:30:00,0.004508102818812415
2018-12-25 05:00:00,0.004604018354363786
2018-12-25 05:30:00,0.004662551134059693
2018-12-25 06:00:00,0.004698584714666214
2018-12-25 06:30:00,0.004831443547666899
2018-12-25 07:00:00,0.005028006440846201
2018-12-25 07:30:00,0.005413652283566587
2018-12-25 08:00:00,0.005944993876346075
2018-12-25 08:30:00,0.0067632958938418095
2018-12-25 09:00:00,0.007365010757751322
2018-12-25 09:30:00,0.008089915588566064
2018-12-25 10:00:00,0.00871573381982001
2018-12-25 10:30:00,0.009195586354370754
2018-12-25 11:00:00,0.009492591941207221
2018-12-25 11:30:00,0.009642901558153628
2018-12-25 12:00:00,0.009600545824910357
2018-12-25 12:30:00,0.009467135046435622
2018-12-25 13:00:00,0.00932093210022214
2018-12-25 13:30:00,0.00899372663710617
2018-12-25 14:00:00,0.008617497345738658
2018-12-25 14:30:00,0.00799425013587101
2018-12-25 15:00:00,0.00740570663717716
2018-12-25 15:30:00,0.006765038997017034
2018-12-25 16:00:00,0.006203933526940479
2018-12-25 16:30:00,0.005849785402364374
2018-12-25 17:00:00,0.005423631716636221
2018-12-25 17:30:00,0.0052009349975802675
2018-12-25 18:00:00,0.005000977851764752
2018-12-25 18:30:00,0.004876160170204348
2018-12-25 19:00:00,0.004770365859654027
2018-12-25 19:30:00,0.004713716233996655
2018-12-25 20:00:00,0.004688331094368569
2018-12-25 20:30:00,0.004658032010744461
2018-12-25 21:00:00,0.004649337139816313
2018-12-25 21:30:00,0.0046472417333937015
2018-12-25 22:00:00,0.004656846879136209
2018-12-25 22:30:00,0.0046692732407156495
2018-12-25 23:00:00,0.004677820695555803
2018-12-25 23:30:00,0.00467244553226252
2018-12-26 00:00:00,0.004691831696385448
2018-12-26 00:30:00,0.004696247483366476
2018-12-26 01:00:00,0.004695964814970647
2018-12-26 01:30:00,0.0046986783422951536
2018-12-26 02:00:00,0.004697324591679362
2018-12-26 02:30:00,0.004679985402047033
2018-12-26 03:00:00,0.0046886387598905985
2018-12-26 03:30:00,0.0046968702912295315
2018-12-26 04:00:00,0.004703589608027654
2018-12-26 04:30:00,0.00470522524587908
2018-12-26 05:00:00,0.004744213174338412
2018-12-26 05:30:00,0.004794311097856381
2018-12-26 06:00:00,0.004863025631112107
2018-12-26 06:30:00,0.00499534233893832
2018-12-26 07:00:00,0.005204761454992258
2018-12-26 07:30:00,0.005627627460653491
2018-12-26 08:00:00,0.0061716160369699995
2018-12-26 08:30:00,0.006974952699067938
2018-12-26 09:00:00,0.007516538203439806
2018-12-26 09:30:00,0.008190506367877104
2018-12-26 10:00:00,0.008761872265504423
2018-12-26 10:30:00,0.00920904652566948
2018-12-26 11:00:00,0.009470309681463075
2018-12-26 11:30:00,0.009592812673775045
2018-12-26 12:00:00,0.009540458648023175
2018-12-26 12:30:00,0.009394248671367948
2018-12-26 13:00:00,0.009232081823840416
2018-12-26 13:30:00,0.008929854850674521
2018-12-26 14:00:00,0.008555557814843438
2018-12-26 14:30:00,0.007938556985073744
2018-12-26 15:00:00,0.0073606282258756855
2018-12-26 15:30:00,0.006739541035538105
2018-12-26 16:00:00,0.006165486384523857
2018-12-26 16:30:00,0.005782119409277304
2018-12-26 17:00:00,0.005350699364711429
2018-12-26 17:30:00,0.005125406180765721
2018-12-26 18:00:00,0.004911021675737285
2018-12-26 18:30:00,0.004794599234373566
2018-12-26 19:00:00,0.0047012877521252616
2018-12-26 19:30:00,0.004649661879268291
2018-12-26 20:00:00,0.0046085239747670976
2018-12-26 20:30:00,0.004570012330837333
2018-12-26 21:00:00,0.00453816867032153
2018-12-26 21:30:00,0.0045261001917051465
2018-12-26 22:00:00,0.00450774660976406
2018-12-26 22:30:00,0.004507536142888998
2018-12-26 23:00:00,0.004515209814255271
2018-12-26 23:30:00,0.004503732897094194
2018-12-27 00:00:00,0.004499016698221506
2018-12-27 00:30:00,0.004517781728396078
2018-12-27 01:00:00,0.004515766446690484
2018-12-27 01:30:00,0.00452387645182213
2018-12-27 02:00:00,0.004529827999744096
2018-12-27 02:30:00,0.004524499148090872
2018-12-27 03:00:00,0.004526292915084379
2018-12-27 03:30:00,0.004527098291244148
2018-12-27 04:00:00,0.0045171495466106975
2018-12-27 04:30:00,0.004514310587277937
2018-12-27 05:00:00,0.004554547814075723
2018-12-27 05:30:00,0.004598801766589838
2018-12-27 06:00:00,0.004662896630053964
2018-12-27 06:30:00,0.004801296678686262
2018-12-27 07:00:00,0.005038088652278472
2018-12-27 07:30:00,0.0054048835372029706
2018-12-27 08:00:00,0.0059653407559130175
2018-12-27 08:30:00,0.0067639553046396576
2018-12-27 09:00:00,0.007375024896652422
2018-12-27 09:30:00,0.008066173563608402
2018-12-27 10:00:00,0.008653387862435406
2018-12-27 10:30:00,0.009125397771829396
2018-12-27 11:00:00,0.009410651138333642
2018-12-27 11:30:00,0.009530150011729027
2018-12-27 12:00:00,0.009517900750324946
2018-12-27 12:30:00,0.009394587583297729
2018-12-27 13:00:00,0.009237823686047511
2018-12-27 13:30:00,0.008943050320261879
2018-12-27 14:00:00,0.008573287026601081
2018-12-27 14:30:00,0.00796782437927052
2018-12-27 15:00:00,0.007380140491572748
2018-12-27 15:30:00,0.006737915999146452
2018-12-27 16:00:00,0.006162091797104703
2018-12-27 16:30:00,0.005767041566811607
2018-12-27 17:00:00,0.00533936640421463
2018-12-27 17:30:00,0.0051051469027347945
2018-12-27 18:00:00,0.004881621819090512
2018-12-27 18:30:00,0.004753749577983869
2018-12-27 19:00:00,0.004652679054719545
2018-12-27 19:30:00,0.004594333976658768
2018-12-27 20:00:00,0.004546648945385019
2018-12-27 20:30:00,0.004511780409410339
2018-12-27 21:00:00,0.004485518808044851
2018-12-27 21:30:00,0.004467126391282703
2018-12-27 22:00:00,0.004461952097753532
2018-12-27 22:30:00,0.004463482502167427
2018-12-27 23:00:00,0.004466400805057011
2018-12-27 23:30:00,0.004461542546623372
2018-12-28 00:00:00,0.004467294229130048
2018-12-28 00:30:00,0.004472179158604588
2018-12-28 01:00:00,0.0044720793932884135
2018-12-28 01:30:00,0.004475501879285915
2018-12-28 02:00:00,0.004477261275230897
2018-12-28 02:30:00,0.00447792213675482
2018-12-28 03:00:00,0.0044851339192579515
2018-12-28 03:30:00,0.004487258786579301
2018-12-28 04:00:00,0.004483655294605472
2018-12-28 04:30:00,0.004495275722053576
2018-12-28 05:00:00,0.004540484587107409
2018-12-28 05:30:00,0.004580545829672973
2018-12-28 06:00:00,0.004642977156707322
2018-12-28 06:30:00,0.004772310725347869
2018-12-28 07:00:00,0.005018278652953272
2018-12-28 07:30:00,0.00539933417518648
2018-12-28 08:00:00,0.005955216808207536
2018-12-28 08:30:00,0.00673891298274232
2018-12-28 09:00:00,0.00731414908275248
2018-12-28 09:30:00,0.008030441734025298
2018-12-28 10:00:00,0.008602915763184626
2018-12-28 10:30:00,0.009060104831816664
2018-12-28 11:00:00,0.009328073689902147
2018-12-28 11:30:00,0.009468230567810218
2018-12-28 12:00:00,0.009460873043133792
2018-12-28 12:30:00,0.009340159019259851
2018-12-28 13:00:00,0.00919594423733381
2018-12-28 13:30:00,0.008902414924953899
2018-12-28 14:00:00,0.008525626769264905
2018-12-28 14:30:00,0.007912649918841913
2018-12-28 15:00:00,0.007322394563380587
2018-12-28 15:30:00,0.0066841344589376375
2018-12-28 16:00:00,0.006107413596587763
2018-12-28 16:30:00,0.0057077698095724
2018-12-28 17:00:00,0.005298584597167478
2018-12-28 17:30:00,0.005065050061583258
2018-12-28 18:00:00,0.004846233699992666
2018-12-28 18:30:00,0.004722636748626487
2018-12-28 19:00:00,0.004613000022677359
2018-12-28 19:30:00,0.0045429812866809895
2018-12-28 20:00:00,0.004488810170724114
2018-12-28 20:30:00,0.004445059731752036
2018-12-28 21:00:00,0.004425139254056574
2018-12-28 21:30:00,0.004418450960477577
2018-12-28 22:00:00,0.004399580808459787
2018-12-28 22:30:00,0.004389044631360627
2018-12-28 23:00:00,0.004385263592834187
2018-12-28 23:30:00,0.004380732975304676
2018-12-29 00:00:00,0.004752021986418206
2018-12-29 00:30:00,0.00505218424159767
2018-12-29 01:00:00,0.005256443682977492
2018-12-29 01:30:00,0.005270853968260462
2018-12-29 02:00:00,0.005357034797071473
2018-12-29 02:30:00,0.00535865403055883
2018-12-29 03:00:00,0.005376169985583576
2018-12-29 03:30:00,0.005392332078398216
2018-12-29 04:00:00,0.005407310378736366
2018-12-29 04:30:00,0.0054351508164477615
2018-12-29 05:00:00,0.0055136421274999976
2018-12-29 05:30:00,0.005571396090482723
2018-12-29 06:00:00,0.005601150259074525
2018-12-29 06:30:00,0.005691646439984507
2018-12-29 07:00:00,0.0056776118927547355
2018-12-29 07:30:00,0.0056550168341501445
2018-12-29 08:00:00,0.005693210769069674
2018-12-29 08:30:00,0.005773851721380832
2018-12-29 09:00:00,0.005918461881959233
2018-12-29 09:30:00,0.006129929311635531
2018-12-29 10:00:00,0.006382518464637581
2018-12-29 10:30:00,0.00666881925536735
2018-12-29 11:00:00,0.006898692269934776
2018-12-29 11:30:00,0.007061166559795712
2018-12-29 12:00:00,0.007104373199678618
2018-12-29 12:30:00,0.007059277044881313
2018-12-29 13:00:00,0.006938879614074474
2018-12-29 13:30:00,0.0067846299367050385
2018-12-29 14:00:00,0.006568205264439122
2018-12-29 14:30:00,0.006323788609384219
2018-12-29 15:00:00,0.0060641501551993385
2018-12-29 15:30:00,0.0058270566537723355
2018-12-29 16:00:00,0.005576824819046434
2018-12-29 16:30:00,0.005435976725961196
2018-12-29 17:00:00,0.005326415326173608
2018-12-29 17:30:00,0.005264782902828851
2018-12-29 18:00:00,0.005224141927805202
2018-12-29 18:30:00,0.005172487152021064
2018-12-29 19:00:00,0.005134652439196353
2018-12-29 19:30:00,0.005117504522217183
2018-12-29 20:00:00,0.005122392576332497
2018-12-29 20:30:00,0.005129700441539463
2018-12-29 21:00:00,0.005154723346026269
2018-12-29 21:30:00,0.005171577100395331
2018-12-29 22:00:00,0.005177625177398383
2018-12-29 22:30:00,0.005191925095905407
2018-12-29 23:00:00,0.005211704853171677
2018-12-29 23:30:00,0.005224742416805579
2018-12-30 00:00:00,0.0048230836828675626
2018-12-30 00:30:00,0.004390919639014284
2018-12-30 01:00:00,0.004287331101662521
2018-12-30 01:30:00,0.004130559281216053
2018-12-30 02:00:00,0.004154876574859265
2018-12-30 02:30:00,0.004160807031456
2018-12-30 03:00:00,0.004136686143804362
2018-12-30 03:30:00,0.004163009791608097
2018-12-30 04:00:00,0.004178197219689549
2018-12-30 04:30:00,0.004147704519931701
2018-12-30 05:00:00,0.004167272024813895
2018-12-30 05:30:00,0.004188749801152778
2018-12-30 06:00:00,0.004186776813691961
2018-12-30 06:30:00,0.00424316307676972
2018-12-30 07:00:00,0.004370751533537401
2018-12-30 07:30:00,0.00435955427172569
2018-12-30 08:00:00,0.004413708871724183
2018-12-30 08:30:00,0.004438350346847806
2018-12-30 09:00:00,0.004477725953951872
2018-12-30 09:30:00,0.004631727333974003
2018-12-30 10:00:00,0.004787826575493641
2018-12-30 10:30:00,0.004943597394948958
2018-12-30 11:00:00,0.005156696891458654
2018-12-30 11:30:00,0.005407563474639145
2018-12-30 12:00:00,0.005527966819944594
2018-12-30 12:30:00,0.005630751431862661
2018-12-30 13:00:00,0.0056633505858801475
2018-12-30 13:30:00,0.005657104986942387
2018-12-30 14:00:00,0.00558049069224145
2018-12-30 14:30:00,0.0054490541287649805
2018-12-30 15:00:00,0.005257154203970876
2018-12-30 15:30:00,0.005047314935327006
2018-12-30 16:00:00,0.004792430622081367
2018-12-30 16:30:00,0.00459952567890083
2018-12-30 17:00:00,0.004454205443706298
2018-12-30 17:30:00,0.0043651403482712885
2018-12-30 18:00:00,0.004287865750017996
2018-12-30 18:30:00,0.004245788444586644
2018-12-30 19:00:00,0.004226224733911106
2018-12-30 19:30:00,0.004193519230512955
2018-12-30 20:00:00,0.004192453504820036
2018-12-30 20:30:00,0.0041889185317546315
2018-12-30 21:00:00,0.00416572320733829
2018-12-30 21:30:00,0.004165828775558761
2018-12-30 22:00:00,0.004164038356394657
2018-12-30 22:30:00,0.004142918239830202
2018-12-30 23:00:00,0.004137444873541133
2018-12-30 23:30:00,0.00414033728655001
2018-12-31 00:00:00,0.0041958420661462655
2018-12-31 00:30:00,0.004268525785940814
2018-12-31 01:00:00,0.004306093007196319
2018-12-31 01:30:00,0.0043298159495263906
2018-12-31 02:00:00,0.004335412292748821
2018-12-31 02:30:00,0.004333676108421027
2018-12-31 03:00:00,0.004312547845471694
2018-12-31 03:30:00,0.00432001941953641
2018-12-31 04:00:00,0.004321463003574484
2018-12-31 04:30:00,0.004294769420621845
2018-12-31 05:00:00,0.00435725676800152
2018-12-31 05:30:00,0.004416521271610355
2018-12-31 06:00:00,0.004453743666437471
2018-12-31 06:30:00,0.00465037351620481
2018-12-31 07:00:00,0.004828928435031609
2018-12-31 07:30:00,0.0051559749878453045
2018-12-31 08:00:00,0.005687795655012197
2018-12-31 08:30:00,0.0064392497773323575
2018-12-31 09:00:00,0.007043158027471644
2018-12-31 09:30:00,0.0077697346526953495
2018-12-31 10:00:00,0.008404900358422179
2018-12-31 10:30:00,0.008928583345067702
2018-12-31 11:00:00,0.009240040730271726
2018-12-31 11:30:00,0.009415600346132697
2018-12-31 12:00:00,0.009427991667097731
2018-12-31 12:30:00,0.009307526610136976
2018-12-31 13:00:00,0.009164195989955957
2018-12-31 13:30:00,0.008890669065497542
2018-12-31 14:00:00,0.00851163384671403
2018-12-31 14:30:00,0.007886635164097653
2018-12-31 15:00:00,0.007294255052909294
2018-12-31 15:30:00,0.006659592860724503
2018-12-31 16:00:00,0.006086901780625624
2018-12-31 16:30:00,0.00569445783552186
2018-12-31 17:00:00,0.005286139822526328
2018-12-31 17:30:00,0.005049728162354166
2018-12-31 18:00:00,0.004832026181577133
2018-12-31 18:30:00,0.004697849308140944
2018-12-31 19:00:00,0.004583600500813525
2018-12-31 19:30:00,0.004518692114804752
2018-12-31 20:00:00,0.004466655574874492
2018-12-31 20:30:00,0.004424619112961842
2018-12-31 21:00:00,0.0043938854810813745
2018-12-31 21:30:00,0.004387759957624826
2018-12-31 22:00:00,0.004372485039601673
2018-12-31 22:30:00,0.00436108188628175
2018-12-31 23:00:00,0.004364154300918133
2018-12-31 23:30:00,0.004366508048176254
2019-01-01 00:00:00,0.002187925027263889
