month,day,slot,area_01,area_02
1,1,0,0.831228,2.050309
1,1,1,0.842461,1.911529
1,1,2,0.836845,1.855356
1,1,3,0.831228,1.962746
1,1,4,0.828420,1.934659
1,1,5,0.814379,1.979267
1,1,6,0.704859,2.050309
1,1,7,0.713284,2.023875
1,1,8,0.707667,2.096569
1,1,9,0.738558,1.980919
1,1,10,0.803146,1.954485
1,1,11,0.898625,1.876834
1,1,12,0.828420,1.650491
1,1,13,0.716092,1.781010
1,1,14,0.702051,1.807444
1,1,15,0.789105,1.638926
1,1,16,0.817187,1.690142
1,1,17,0.907050,1.724837
1,1,18,0.907050,1.518319
1,1,19,0.985680,1.518319
1,1,20,0.895817,1.435712
1,1,21,0.741366,1.394409
1,1,22,0.741366,1.468755
1,1,23,0.690818,1.569536
1,1,24,0.693626,1.746315
1,1,25,0.704859,1.977615
1,1,26,0.758215,2.020571
1,1,27,0.777873,2.068483
1,1,28,0.839653,1.946224
1,1,29,0.738558,1.814053
1,1,30,0.629038,1.895008
1,1,31,0.575682,1.662056
1,1,32,0.651503,1.539797
1,1,33,0.679585,1.377887
1,1,34,0.665544,1.211021
1,1,35,0.668353,1.212673
1,1,36,0.659928,1.131718
1,1,37,0.718900,1.014416
1,1,38,0.704859,0.997894
1,1,39,0.648695,0.981373
1,1,40,0.578490,0.900418
1,1,41,0.525134,0.996242
1,1,42,0.449313,1.072241
1,1,43,0.477395,1.283715
1,1,44,0.525134,1.316758
1,1,45,0.550408,1.220934
1,1,46,0.575682,1.273802
1,1,47,0.763831,1.377887
1,2,0,0.848078,1.177978
1,2,1,0.926707,1.130066
1,2,2,0.907050,1.098675
1,2,3,0.974447,1.143283
1,2,4,1.095200,1.288671
1,2,5,1.081159,1.329975
1,2,6,1.061501,1.513363
1,2,7,1.215952,1.439016
1,2,8,1.173829,1.609187
1,2,9,1.288966,1.645534
1,2,10,1.339513,1.559623
1,2,11,1.210336,1.591014
1,2,12,1.123282,1.647186
1,2,13,1.106432,1.767793
1,2,14,1.030611,1.891704
1,2,15,1.100816,1.863617
1,2,16,1.106432,1.898312
1,2,17,1.193487,1.787619
1,2,18,1.229993,1.685186
1,2,19,1.314239,1.713272
1,2,20,1.081159,1.774401
1,2,21,0.907050,1.843791
1,2,22,0.949173,1.830574
1,2,23,0.977255,1.832226
1,2,24,1.010953,1.858661
1,2,25,1.024994,1.771097
1,2,26,0.957598,1.777706
1,2,27,0.935132,1.820661
1,2,28,1.055885,1.787619
1,2,29,0.982871,1.505102
1,2,30,1.072734,1.655447
1,2,31,0.912666,1.546406
1,2,32,0.853694,1.450581
1,2,33,0.898625,1.381191
1,2,34,0.864927,1.267194
1,2,35,0.907050,1.159804
1,2,36,0.929516,1.158152
1,2,37,1.013762,1.176326
1,2,38,0.954789,1.409278
1,2,39,0.966022,1.381191
1,2,40,0.946365,1.273802
1,2,41,0.982871,1.349801
1,2,42,0.966022,1.328323
1,2,43,0.999721,1.341540
1,2,44,0.994104,1.600926
1,2,45,1.044652,1.524928
1,2,46,1.112049,1.584405
1,2,47,1.131706,1.638926
1,3,0,1.098008,1.675273
1,3,1,1.047460,1.642230
1,3,2,1.069926,1.690142
1,3,3,1.092391,1.564579
1,3,4,1.134514,1.445625
1,3,5,1.106432,1.354757
1,3,6,1.033419,1.156500
1,3,7,1.019378,1.116849
1,3,8,0.949173,1.154848
1,3,9,0.881776,0.983025
1,3,10,0.878968,0.875636
1,3,11,0.817187,0.675726
1,3,12,0.923899,0.449383
1,3,13,0.985680,0.370080
1,3,14,0.996912,0.289125
1,3,15,0.937940,0.216431
1,3,16,0.918283,0.204866
1,3,17,0.864927,0.178431
1,3,18,0.862119,0.160258
1,3,19,0.845269,0.137128
1,3,20,0.640271,0.122259
1,3,21,0.572874,0.127215
1,3,22,0.651503,0.150345
1,3,23,0.696435,0.173475
1,3,24,0.727325,0.165214
1,3,25,0.710476,0.189996
1,3,26,0.752599,0.193301
1,3,27,0.898625,0.229648
1,3,28,1.109241,0.257734
1,3,29,1.072734,0.256082
1,3,30,1.047460,0.224691
1,3,31,1.024994,0.214779
1,3,32,0.935132,0.158606
1,3,33,0.904242,0.176779
1,3,34,0.991296,0.196605
1,3,35,0.980063,0.155301
1,3,36,1.041844,0.151997
1,3,37,1.092391,0.158606
1,3,38,1.148555,0.175127
1,3,39,1.039035,0.173475
1,3,40,1.142939,0.203214
1,3,41,1.081159,0.188344
1,3,42,1.145747,0.188344
1,3,43,1.151364,0.198257
1,3,44,1.173829,0.219735
1,3,45,1.148555,0.232952
1,3,46,1.171021,0.249474
1,3,47,1.213144,0.396514
1,4,0,1.173829,0.437818
1,4,1,1.229993,0.507208
1,4,2,1.162596,0.518773
1,4,3,1.069926,0.513816
1,4,4,1.193487,0.579902
1,4,5,1.283349,0.692248
1,4,6,1.342322,0.755029
1,4,7,1.283349,0.745116
1,4,8,1.381636,0.743464
1,4,9,1.423759,0.931809
1,4,10,1.508006,1.032589
1,4,11,1.474307,1.196151
1,4,12,1.474307,1.191195
1,4,13,1.555745,1.244064
1,4,14,1.592252,1.202760
1,4,15,1.578211,1.083806
1,4,16,1.690539,1.016068
1,4,17,1.878688,1.301889
1,4,18,1.965743,1.334931
1,4,19,1.954510,1.415886
1,4,20,2.075263,1.463799
1,4,21,2.033140,1.566231
1,4,22,1.884305,1.703359
1,4,23,1.859031,1.830574
1,4,24,1.859031,1.835531
1,4,25,1.844990,1.913181
1,4,26,1.878688,1.881791
1,4,27,2.007866,1.822314
1,4,28,2.280262,2.030484
1,4,29,2.358891,2.124656
1,4,30,2.229714,2.227089
1,4,31,2.064030,2.068483
1,4,32,2.092112,2.189089
1,4,33,2.156701,2.151090
1,4,34,2.170742,2.208915
1,4,35,2.263412,2.124656
1,4,36,2.358891,2.165959
1,4,37,2.386973,2.200654
1,4,38,2.434713,2.149438
1,4,39,2.493685,2.228741
1,4,40,2.488069,2.314652
1,4,41,2.474028,2.275001
1,4,42,2.547041,2.276653
1,4,43,2.493685,2.255175
1,4,44,2.527384,2.278305
1,4,45,2.482452,2.232045
1,4,46,2.502110,2.161003
1,4,47,2.465603,2.197350
1,5,0,2.429096,2.253523
1,5,1,2.401014,2.091613
1,5,2,2.420672,1.898312
1,5,3,2.451562,1.729794
1,5,4,2.443137,1.566231
1,5,5,2.448754,1.458842
1,5,6,2.429096,1.409278
1,5,7,2.412247,1.477016
1,5,8,2.440329,1.427451
1,5,9,2.409439,1.354757
1,5,10,2.389782,1.182934
1,5,11,2.325193,1.098675
1,5,12,2.193207,1.044154
1,5,13,2.010674,0.887201
1,5,14,1.937661,0.705465
1,5,15,1.926428,0.642684
1,5,16,1.881497,0.576598
1,5,17,1.822524,0.515469
1,5,18,1.828141,0.477469
1,5,19,1.850606,0.427905
1,5,20,1.915195,0.413036
1,5,21,1.836565,0.373384
1,5,22,1.572594,0.327124
1,5,23,1.356363,0.239561
1,5,24,1.263692,0.209822
1,5,25,1.204720,0.201561
1,5,26,1.112049,0.209822
1,5,27,1.238418,0.214779
1,5,28,1.404102,0.227996
1,5,29,1.311431,0.249474
1,5,30,1.179446,0.261039
1,5,31,1.010953,0.249474
1,5,32,1.016570,0.289125
1,5,33,1.126090,0.343646
1,5,34,1.207528,0.531990
1,5,35,1.291774,0.685639
1,5,36,1.390061,0.816159
1,5,37,1.437800,0.831028
1,5,38,1.564170,0.854158
1,5,39,1.808483,0.903722
1,5,40,1.856223,1.035894
1,5,41,1.864647,1.072241
1,5,42,1.892729,0.986329
1,5,43,1.873072,1.017720
1,5,44,1.825333,1.016068
1,5,45,1.701772,1.030937
1,5,46,1.606293,0.961547
1,5,47,1.429376,0.900418
1,6,0,1.390061,0.910331
1,6,1,1.258075,0.852506
1,6,2,0.960406,0.842593
1,6,3,0.808763,0.926852
1,6,4,0.710476,0.882244
1,6,5,0.738558,0.890505
1,6,6,0.819996,0.943374
1,6,7,0.780681,1.037546
1,6,8,0.732941,1.121805
1,6,9,0.741366,1.174674
1,6,10,0.752599,1.163109
1,6,11,0.665544,1.235803
1,6,12,0.564449,1.333279
1,6,13,0.463354,1.296932
1,6,14,0.449313,1.244064
1,6,15,0.499860,1.351453
1,6,16,0.468970,1.402669
1,6,17,0.449313,1.202760
1,6,18,0.409998,1.092066
1,6,19,0.511093,0.908679
1,6,20,0.418422,0.769899
1,6,21,0.398765,0.743464
1,6,22,0.362258,0.695552
1,6,23,0.336984,0.611293
1,6,24,0.314519,0.578250
1,6,25,0.286437,0.540251
1,6,26,0.261163,0.495643
1,6,27,0.342601,0.472513
1,6,28,0.387532,0.439470
1,6,29,0.373491,0.484078
1,6,30,0.379108,0.502251
1,6,31,0.292053,0.500599
1,6,32,0.261163,0.447731
1,6,33,0.263971,0.492339
1,6,34,0.272396,0.426253
1,6,35,0.303286,0.464252
1,6,36,0.303286,0.492339
1,6,37,0.300478,0.465904
1,6,38,0.219040,0.489034
1,6,39,0.207807,0.457644
1,6,40,0.213424,0.474165
1,6,41,0.238697,0.432861
1,6,42,0.241506,0.409731
1,6,43,0.244314,0.386601
1,6,44,0.241506,0.337037
1,6,45,0.230273,0.350254
1,6,46,0.320135,0.340341
1,6,47,0.379108,0.389906
1,7,0,0.409998,0.384949
1,7,1,0.407190,0.429557
1,7,2,0.440888,0.432861
1,7,3,0.502669,0.465904
1,7,4,0.606572,0.502251
1,7,5,0.769448,0.545207
1,7,6,0.918283,0.578250
1,7,7,1.013762,0.594771
1,7,8,1.039035,0.632771
1,7,9,1.033419,0.588163
1,7,10,1.098008,0.591467
1,7,11,1.010953,0.591467
1,7,12,0.951981,0.660857
1,7,13,0.923899,0.697204
1,7,14,0.921091,0.715378
1,7,15,0.946365,0.735204
1,7,16,0.937940,0.703813
1,7,17,0.946365,0.786420
1,7,18,0.937940,0.959895
1,7,19,0.951981,1.088762
1,7,20,0.935132,1.244064
1,7,21,1.010953,1.242411
1,7,22,0.999721,1.295280
1,7,23,1.019378,1.298584
1,7,24,1.027803,1.432408
1,7,25,1.128898,1.495189
1,7,26,1.182254,1.595970
1,7,27,1.423759,1.736402
1,7,28,1.828141,1.858661
1,7,29,1.830949,1.871878
1,7,30,1.690539,1.866921
1,7,31,1.522047,1.599274
1,7,32,1.547320,1.518319
1,7,33,1.558553,1.490233
1,7,34,1.572594,1.321714
1,7,35,1.609101,1.217629
1,7,36,1.617526,1.141631
1,7,37,1.665265,1.275454
1,7,38,1.850606,1.442321
1,7,39,1.940469,1.450581
1,7,40,1.951702,1.392756
1,7,41,1.971359,1.326671
1,7,42,1.962935,1.212673
1,7,43,2.052797,1.181282
1,7,44,2.162317,1.177978
1,7,45,2.181975,1.298584
1,7,46,2.246563,1.354757
1,7,47,2.358891,1.315106
1,8,0,2.386973,1.303541
1,8,1,2.302727,1.285367
1,8,2,2.356083,1.376235
1,8,3,2.333618,1.415886
1,8,4,2.325193,1.310149
1,8,5,2.339234,1.536493
1,8,6,2.277453,1.519971
1,8,7,2.328001,1.607535
1,8,8,2.386973,1.716576
1,8,9,2.342042,1.785966
1,8,10,2.426288,1.989180
1,8,11,2.401014,2.037092
1,8,12,2.367316,2.164307
1,8,13,2.254988,2.093265
1,8,14,2.274645,2.075091
1,8,15,2.283070,2.053614
1,8,16,2.302727,2.365869
1,8,17,2.364508,2.365869
1,8,18,2.401014,2.418737
1,8,19,2.434713,2.342739
1,8,20,2.513343,2.370825
1,8,21,2.451562,2.474910
1,8,22,2.406631,2.507953
1,8,23,2.409439,2.511257
1,8,24,2.389782,2.493084
1,8,25,2.378549,2.489779
1,8,26,2.406631,2.549256
1,8,27,2.516151,2.544300
1,8,28,2.650945,2.464997
1,8,29,2.639712,2.476562
1,8,30,2.636904,2.426998
1,8,31,2.454370,2.402216
1,8,32,2.412247,2.265088
1,8,33,2.423480,2.134569
1,8,34,2.451562,2.104830
1,8,35,2.465603,2.045353
1,8,36,2.530192,2.005701
1,8,37,2.589164,1.904921
1,8,38,2.670602,1.933007
1,8,39,2.606013,1.952833
1,8,40,2.566698,1.957789
1,8,41,2.606013,1.984224
1,8,42,2.628479,1.918138
1,8,43,2.631287,2.038744
1,8,44,2.684643,2.017266
1,8,45,2.693068,2.042049
1,8,46,2.704300,2.043701
1,8,47,2.704300,2.010658
1,9,0,2.709917,2.174220
1,9,1,2.723958,2.197350
1,9,2,2.709917,2.199002
1,9,3,2.704300,2.134569
1,9,4,2.690259,2.144481
1,9,5,2.701492,2.146134
1,9,6,2.704300,2.156046
1,9,7,2.693068,2.075091
1,9,8,2.670602,2.010658
1,9,9,2.639712,1.909877
1,9,10,2.620054,1.936311
1,9,11,2.577931,1.891704
1,9,12,2.490877,1.797531
1,9,13,2.235330,1.549710
1,9,14,2.235330,1.491885
1,9,15,2.212865,1.455538
1,9,16,2.162317,1.371279
1,9,17,2.196016,1.467103
1,9,18,2.252180,1.524928
1,9,19,2.218481,1.524928
1,9,20,2.094920,1.523276
1,9,21,1.892729,1.523276
1,9,22,1.757936,1.490233
1,9,23,1.673690,1.381191
1,9,24,1.659649,1.308497
1,9,25,1.611909,1.275454
1,9,26,1.538896,1.239107
1,9,27,1.384445,1.164761
1,9,28,1.319856,1.174674
1,9,29,1.308623,1.262237
1,9,30,1.364787,1.144935
1,9,31,1.207528,0.935113
1,9,32,1.218761,0.864071
1,9,33,1.221569,0.978069
1,9,34,1.207528,0.860766
1,9,35,1.182254,0.791376
1,9,36,1.156980,0.865723
1,9,37,1.148555,0.817811
1,9,38,0.996912,0.829376
1,9,39,0.870543,1.006155
1,9,40,0.817187,1.068936
1,9,41,0.755407,0.986329
1,9,42,0.710476,1.016068
1,9,43,0.761023,1.209369
1,9,44,0.766640,1.219281
1,9,45,0.780681,1.290324
1,9,46,0.915475,1.381191
1,9,47,1.246843,1.415886
1,10,0,1.558553,1.586057
1,10,1,1.780401,1.685186
1,10,2,1.774785,1.804140
1,10,3,1.752319,2.000745
1,10,4,1.738278,2.076744
1,10,5,1.710196,2.152742
1,10,6,1.609101,2.068483
1,10,7,1.586635,2.048657
1,10,8,1.530471,1.919790
1,10,9,1.499581,1.850400
1,10,10,1.477115,1.743011
1,10,11,1.443417,1.696751
1,10,12,1.406910,1.569536
1,10,13,1.272116,1.642230
1,10,14,1.272116,1.624056
1,10,15,1.311431,1.278759
1,10,16,1.288966,1.067284
1,10,17,1.263692,1.032589
1,10,18,1.227185,1.080501
1,10,19,1.280541,1.017720
1,10,20,1.120473,0.931809
1,10,21,0.999721,0.796333
1,10,22,1.089583,0.728595
1,10,23,1.159788,0.801289
1,10,24,1.241226,0.756681
1,10,25,1.224377,0.750073
1,10,26,1.187870,0.740160
1,10,27,1.258075,0.779811
1,10,28,1.300198,0.731899
1,10,29,1.314239,0.670770
1,10,30,1.376020,0.923548
1,10,31,1.210336,1.083806
1,10,32,1.308623,1.108588
1,10,33,1.319856,1.209369
1,10,34,1.277733,1.212673
1,10,35,1.294582,1.204412
1,10,36,1.381636,1.189543
1,10,37,1.420951,1.341540
1,10,38,1.120473,1.287019
1,10,39,0.789105,1.306845
1,10,40,0.584106,1.235803
1,10,41,0.477395,1.187891
1,10,42,0.466162,1.044154
1,10,43,0.471778,0.951634
1,10,44,0.463354,0.864071
1,10,45,0.483011,0.859114
1,10,46,0.426847,0.793029
1,10,47,0.393149,0.768246
1,11,0,0.393149,0.769899
1,11,1,0.376299,0.662509
1,11,2,0.311711,0.545207
1,11,3,0.283629,0.489034
1,11,4,0.289245,0.414688
1,11,5,0.247122,0.404775
1,11,6,0.216232,0.409731
1,11,7,0.213424,0.386601
1,11,8,0.193766,0.363471
1,11,9,0.207807,0.332081
1,11,10,0.283629,0.307299
1,11,11,0.345409,0.317211
1,11,12,0.379108,0.315559
1,11,13,0.384724,0.310603
1,11,14,0.449313,0.282516
1,11,15,0.463354,0.256082
1,11,16,0.438080,0.206518
1,11,17,0.457737,0.196605
1,11,18,0.452121,0.189996
1,11,19,0.466162,0.153649
1,11,20,0.351025,0.145389
1,11,21,0.424039,0.130519
1,11,22,0.483011,0.112346
1,11,23,0.491436,0.097476
1,11,24,0.525134,0.104085
1,11,25,0.547600,0.122259
1,11,26,0.561641,0.122259
1,11,27,0.550408,0.138780
1,11,28,0.620613,0.132171
1,11,29,0.598147,0.140432
1,11,30,0.595339,0.120606
1,11,31,0.609380,0.123911
1,11,32,0.612188,0.135476
1,11,33,0.620613,0.156954
1,11,34,0.643079,0.227996
1,11,35,0.600956,0.259386
1,11,36,0.600956,0.422949
1,11,37,0.584106,0.389906
1,11,38,0.505477,0.409731
1,11,39,0.266779,0.495643
1,11,40,0.179725,0.533642
1,11,41,0.154451,0.475817
1,11,42,0.140410,0.507208
1,11,43,0.123561,0.631119
1,11,44,0.123561,0.588163
1,11,45,0.129177,0.413036
1,11,46,0.174109,0.340341
1,11,47,0.202191,0.325472
1,12,0,0.204999,0.325472
1,12,1,0.182533,0.289125
1,12,2,0.179725,0.264343
1,12,3,0.204999,0.232952
1,12,4,0.216232,0.287473
1,12,5,0.196574,0.325472
1,12,6,0.204999,0.282516
1,12,7,0.227465,0.284169
1,12,8,0.235889,0.290777
1,12,9,0.221848,0.267647
1,12,10,0.249930,0.259386
1,12,11,0.244314,0.274256
1,12,12,0.272396,0.284169
1,12,13,0.278012,0.307299
1,12,14,0.308902,0.335385
1,12,15,0.351025,0.345298
1,12,16,0.370683,0.353559
1,12,17,0.370683,0.371732
1,12,18,0.362258,0.340341
1,12,19,0.359450,0.318864
1,12,20,0.351025,0.261039
1,12,21,0.362258,0.261039
1,12,22,0.336984,0.247821
1,12,23,0.367875,0.242865
1,12,24,0.379108,0.242865
1,12,25,0.359450,0.227996
1,12,26,0.398765,0.201561
1,12,27,0.443696,0.185040
1,12,28,0.584106,0.165214
1,12,29,0.586915,0.160258
1,12,30,0.516710,0.185040
1,12,31,0.516710,0.188344
1,12,32,0.525134,0.175127
1,12,33,0.600956,0.171823
1,12,34,0.648695,0.189996
1,12,35,0.710476,0.183388
1,12,36,0.763831,0.168519
1,12,37,0.814379,0.171823
1,12,38,0.881776,0.183388
1,12,39,0.878968,0.249474
1,12,40,0.794722,0.237909
1,12,41,0.775064,0.185040
1,12,42,0.763831,0.147041
1,12,43,0.730133,0.148693
1,12,44,0.702051,0.150345
1,12,45,0.710476,0.128867
1,12,46,0.817187,0.112346
1,12,47,0.873351,0.135476
1,13,0,0.794722,0.145389
1,13,1,0.654312,0.138780
1,13,2,0.600956,0.153649
1,13,3,0.606572,0.181736
1,13,4,0.516710,0.206518
1,13,5,0.449313,0.211474
1,13,6,0.424039,0.234604
1,13,7,0.393149,0.237909
1,13,8,0.353834,0.242865
1,13,9,0.317327,0.236256
1,13,10,0.292053,0.239561
1,13,11,0.278012,0.280864
1,13,12,0.263971,0.289125
1,13,13,0.278012,0.307299
1,13,14,0.275204,0.337037
1,13,15,0.272396,0.318864
1,13,16,0.286437,0.312255
1,13,17,0.306094,0.318864
1,13,18,0.297670,0.328776
1,13,19,0.311711,0.327124
1,13,20,0.278012,0.368428
1,13,21,0.174109,0.403123
1,13,22,0.148835,0.611293
1,13,23,0.148835,0.801289
1,13,24,0.193766,0.910331
1,13,25,0.303286,1.088762
1,13,26,0.381916,1.168065
1,13,27,0.381916,1.253976
1,13,28,0.379108,1.543101
1,13,29,0.379108,1.766141
1,13,30,0.393149,1.683534
1,13,31,0.395957,1.440669
1,13,32,0.429655,1.419191
1,13,33,0.432463,1.572840
1,13,34,0.477395,1.771097
1,13,35,0.499860,1.878486
1,13,36,0.564449,1.855356
1,13,37,0.603764,1.815705
1,13,38,0.598147,1.858661
1,13,39,0.578490,1.941268
1,13,40,0.539175,2.035440
1,13,41,0.539175,2.058570
1,13,42,0.536367,1.985876
1,13,43,0.525134,2.005701
1,13,44,0.572874,1.959441
1,13,45,0.620613,1.918138
1,13,46,0.839653,1.880139
1,13,47,0.963214,1.724837
1,14,0,1.103624,1.668664
1,14,1,1.162596,1.548058
1,14,2,1.086775,1.341540
1,14,3,1.016570,1.194499
1,14,4,0.884584,1.059024
1,14,5,0.789105,0.900418
1,14,6,0.772256,0.839289
1,14,7,0.822804,0.793029
1,14,8,0.831228,0.594771
1,14,9,0.834037,0.584859
1,14,10,0.769448,0.667466
1,14,11,0.780681,0.650944
1,14,12,0.732941,0.599728
1,14,13,0.777873,0.887201
1,14,14,0.775064,1.156500
1,14,15,0.741366,1.599274
1,14,16,0.738558,1.695099
1,14,17,0.738558,2.063526
1,14,18,0.850886,2.099874
1,14,19,0.848078,2.174220
1,14,20,0.828420,2.329521
1,14,21,1.044652,2.549256
1,14,22,1.171021,2.597169
1,14,23,1.244034,2.636820
1,14,24,1.328280,2.638472
1,14,25,1.361979,2.721079
1,14,26,1.434992,2.694645
1,14,27,1.547320,2.565778
1,14,28,1.844990,2.527779
1,14,29,2.044373,2.425346
1,14,30,2.024715,2.293174
1,14,31,1.895538,2.060222
1,14,32,2.030331,1.898312
1,14,33,2.198824,1.671969
1,14,34,2.229714,1.475364
1,14,35,2.283070,1.374583
1,14,36,2.302727,1.318410
1,14,37,2.350467,1.290324
1,14,38,2.437521,1.141631
1,14,39,2.434713,1.016068
1,14,40,2.401014,1.032589
1,14,41,2.353275,1.103631
1,14,42,2.339234,1.344844
1,14,43,2.235330,1.407626
1,14,44,2.196016,1.526580
1,14,45,2.094920,1.909877
1,14,46,2.002249,2.129612
1,14,47,2.196016,2.314652
1,15,0,2.339234,2.425346
1,15,1,2.375741,2.263436
1,15,2,2.311152,2.303087
1,15,3,2.367316,2.276653
1,15,4,2.370124,2.162655
1,15,5,2.339234,2.094917
1,15,6,2.257796,1.971006
1,15,7,2.288686,1.729794
1,15,8,2.283070,1.531536
1,15,9,2.283070,1.257281
1,15,10,2.297111,1.257281
1,15,11,2.254988,1.168065
1,15,12,2.086496,1.111892
1,15,13,1.833757,1.136674
1,15,14,1.842182,1.197804
1,15,15,1.800059,1.153196
1,15,16,1.842182,1.237455
1,15,17,1.909579,1.057371
1,15,18,1.892729,1.021024
1,15,19,1.909579,0.946678
1,15,20,2.078071,1.389452
1,15,21,2.027523,1.435712
1,15,22,1.985400,1.404321
1,15,23,2.072455,1.571188
1,15,24,2.131427,1.731446
1,15,25,2.159509,2.055266
1,15,26,2.184783,2.248566
1,15,27,2.246563,2.279957
1,15,28,2.235330,2.410476
1,15,29,1.976976,2.504649
1,15,30,1.786018,2.514561
1,15,31,1.659649,2.587256
1,15,32,1.763552,2.484823
1,15,33,1.954510,2.498040
1,15,34,1.965743,2.460041
1,15,35,2.080879,2.372477
1,15,36,2.120194,2.426998
1,15,37,2.184783,2.426998
1,15,38,2.316768,2.413781
1,15,39,2.459987,2.423694
1,15,40,2.440329,2.524474
1,15,41,2.358891,2.721079
1,15,42,2.294303,2.749166
1,15,43,2.260604,2.836729
1,15,44,2.246563,2.830121
1,15,45,2.283070,2.787165
1,15,46,2.339234,2.747514
1,15,47,2.381357,2.688036
1,16,0,2.420672,2.711166
1,16,1,2.381357,2.628559
1,16,2,2.364508,2.575691
1,16,3,2.190399,2.531083
1,16,4,2.097728,2.438563
1,16,5,2.021907,2.379086
1,16,6,1.932044,2.496388
1,16,7,1.847798,2.390651
1,16,8,1.755127,2.294826
1,16,9,1.583827,2.283261
1,16,10,1.482732,2.271696
1,16,11,1.381636,2.175872
1,16,12,1.244034,2.164307
1,16,13,1.086775,2.159351
1,16,14,1.024994,1.997441
1,16,15,0.988488,2.131264
1,16,16,0.921091,2.013962
1,16,17,0.951981,1.858661
1,16,18,0.977255,1.855356
1,16,19,1.010953,1.754576
1,16,20,0.974447,1.845444
1,16,21,1.036227,1.847096
1,16,22,1.013762,1.880139
1,16,23,1.055885,2.017266
1,16,24,1.013762,1.994136
1,16,25,0.991296,1.815705
1,16,26,0.867735,1.800836
1,16,27,0.724517,1.911529
1,16,28,0.494244,1.757880
1,16,29,0.452121,1.609187
1,16,30,0.606572,1.316758
1,16,31,0.744174,1.097023
1,16,32,0.586915,0.968156
1,16,33,0.426847,0.644336
1,16,34,0.379108,0.427905
1,16,35,0.365067,0.454339
1,16,36,0.334176,0.619554
1,16,37,0.348217,0.778159
1,16,38,0.210615,0.997894
1,16,39,0.146027,1.131718
1,16,40,0.101095,1.255629
1,16,41,0.103904,1.230846
1,16,42,0.101095,1.283715
1,16,43,0.089863,1.305193
1,16,44,0.095479,1.556319
1,16,45,0.089863,1.683534
1,16,46,0.115136,1.799184
1,16,47,0.247122,2.035440
1,17,0,0.401573,2.028831
1,17,1,0.488627,2.027179
1,17,2,0.564449,2.316304
1,17,3,0.634654,2.413781
1,17,4,0.769448,2.491431
1,17,5,0.884584,2.554213
1,17,6,0.954789,2.605429
1,17,7,0.966022,2.658298
1,17,8,1.047460,2.559169
1,17,9,1.260884,2.549256
1,17,10,1.457458,2.536039
1,17,11,1.482732,2.600473
1,17,12,1.668073,2.643429
1,17,13,1.668073,2.648385
1,17,14,1.665265,2.636820
1,17,15,1.780401,2.673167
1,17,16,1.836565,2.706210
1,17,17,1.968551,2.787165
1,17,18,2.007866,2.816904
1,17,19,2.005058,2.868120
1,17,20,2.120194,2.901163
1,17,21,2.193207,2.914380
1,17,22,2.075263,2.849946
1,17,23,2.044373,2.803686
1,17,24,2.002249,2.869772
1,17,25,1.923620,2.876381
1,17,26,1.895538,2.856555
1,17,27,1.842182,2.871424
1,17,28,1.814100,2.846642
1,17,29,1.836565,2.825164
1,17,30,1.864647,2.826816
1,17,31,1.774785,2.831773
1,17,32,1.738278,2.882989
1,17,33,1.760744,2.881337
1,17,34,1.757936,2.780556
1,17,35,1.783210,2.664906
1,17,36,1.828141,2.640124
1,17,37,1.808483,2.540996
1,17,38,1.873072,2.484823
1,17,39,1.954510,2.405520
1,17,40,1.853415,2.342739
1,17,41,1.704580,2.336130
1,17,42,1.679306,2.313000
1,17,43,1.631567,2.388999
1,17,44,1.578211,2.240306
1,17,45,1.583827,2.194046
1,17,46,1.566978,2.144481
1,17,47,1.606293,2.058570
1,18,0,1.707388,2.096569
1,18,1,1.606293,1.949529
1,18,2,1.569786,1.949529
1,18,3,1.471499,2.076744
1,18,4,1.406910,1.992484
1,18,5,1.361979,1.936311
1,18,6,1.280541,1.979267
1,18,7,1.168213,1.929703
1,18,8,1.137323,1.774401
1,18,9,1.078350,1.733098
1,18,10,0.966022,1.705011
1,18,11,0.901433,1.795879
1,18,12,0.794722,1.625709
1,18,13,0.690818,1.602579
1,18,14,0.645887,1.508406
1,18,15,0.575682,1.455538
1,18,16,0.553216,1.361366
1,18,17,0.533559,1.356409
1,18,18,0.530751,1.227542
1,18,19,0.564449,1.130066
1,18,20,0.454929,1.039198
1,18,21,0.370683,0.961547
1,18,22,0.339793,0.893809
1,18,23,0.314519,0.885549
1,18,24,0.320135,0.940069
1,18,25,0.334176,0.986329
1,18,26,0.331368,0.949982
1,18,27,0.359450,0.971460
1,18,28,0.395957,0.969808
1,18,29,0.359450,0.923548
1,18,30,0.362258,0.888853
1,18,31,0.286437,0.910331
1,18,32,0.269588,0.898766
1,18,33,0.286437,0.835984
1,18,34,0.292053,0.832680
1,18,35,0.283629,0.753377
1,18,36,0.289245,0.631119
1,18,37,0.286437,0.540251
1,18,38,0.235889,0.441122
1,18,39,0.216232,0.366776
1,18,40,0.190958,0.330429
1,18,41,0.193766,0.290777
1,18,42,0.176917,0.254430
1,18,43,0.162876,0.272604
1,18,44,0.162876,0.302342
1,18,45,0.162876,0.280864
1,18,46,0.292053,0.297386
1,18,47,0.564449,0.305646
1,19,0,0.578490,0.337037
1,19,1,0.665544,0.394862
1,19,2,0.791914,0.441122
1,19,3,0.878968,0.485730
1,19,4,0.921091,0.566685
1,19,5,1.013762,0.569989
1,19,6,1.022186,0.563381
1,19,7,1.067118,0.614597
1,19,8,1.027803,0.672422
1,19,9,1.013762,0.693900
1,19,10,1.008145,0.741812
1,19,11,1.210336,0.771551
1,19,12,1.272116,0.832680
1,19,13,1.182254,0.882244
1,19,14,1.182254,0.893809
1,19,15,1.308623,0.913635
1,19,16,1.398486,0.867375
1,19,17,1.552937,0.809550
1,19,18,1.718621,0.771551
1,19,19,1.797251,0.725291
1,19,20,1.906771,0.710421
1,19,21,1.859031,0.692248
1,19,22,1.696155,0.693900
1,19,23,1.679306,0.662509
1,19,24,1.676498,0.617901
1,19,25,1.662457,0.596424
1,19,26,1.639991,0.627814
1,19,27,1.682114,0.636075
1,19,28,1.583827,0.603032
1,19,29,1.426568,0.556772
1,19,30,1.322664,0.571641
1,19,31,1.300198,0.617901
1,19,32,1.283349,0.665814
1,19,33,1.232802,0.743464
1,19,34,1.162596,0.817811
1,19,35,1.182254,0.961547
1,19,36,1.232802,0.966504
1,19,37,1.350746,0.949982
1,19,38,1.538896,0.949982
1,19,39,1.687731,1.002851
1,19,40,1.656840,1.054067
1,19,41,1.611909,1.088762
1,19,42,1.558553,1.113544
1,19,43,1.550129,1.141631
1,19,44,1.513622,1.202760
1,19,45,1.482732,1.174674
1,19,46,1.434992,1.227542
1,19,47,1.185062,1.212673
1,20,0,0.881776,1.110240
1,20,1,0.766640,1.068936
1,20,2,0.791914,1.044154
1,20,3,0.758215,0.981373
1,20,4,0.654312,0.888853
1,20,5,0.600956,0.829376
1,20,6,0.424039,0.751725
1,20,7,0.356642,0.748421
1,20,8,0.387532,0.811202
1,20,9,0.440888,0.702161
1,20,10,0.463354,0.634423
1,20,11,0.460545,0.609641
1,20,12,0.516710,0.657553
1,20,13,0.513901,0.634423
1,20,14,0.463354,0.543555
1,20,15,0.466162,0.490686
1,20,16,0.463354,0.454339
1,20,17,0.485819,0.452687
1,20,18,0.516710,0.393210
1,20,19,0.522326,0.302342
1,20,20,0.424039,0.279212
1,20,21,0.398765,0.277560
1,20,22,0.446504,0.328776
1,20,23,0.454929,0.383297
1,20,24,0.485819,0.328776
1,20,25,0.522326,0.275908
1,20,26,0.575682,0.231300
1,20,27,0.738558,0.170171
1,20,28,0.898625,0.156954
1,20,29,0.937940,0.145389
1,20,30,0.907050,0.140432
1,20,31,0.850886,0.127215
1,20,32,0.853694,0.107389
1,20,33,0.836845,0.097476
1,20,34,0.831228,0.079303
1,20,35,0.775064,0.082607
1,20,36,0.789105,0.089216
1,20,37,0.800338,0.087564
1,20,38,0.648695,0.072694
1,20,39,0.311711,0.074346
1,20,40,0.168492,0.075999
1,20,41,0.179725,0.080955
1,20,42,0.176917,0.090868
1,20,43,0.176917,0.102433
1,20,44,0.216232,0.107389
1,20,45,0.227465,0.105737
1,20,46,0.356642,0.128867
1,20,47,0.494244,0.123911
1,21,0,0.659928,0.132171
1,21,1,0.716092,0.140432
1,21,2,0.702051,0.135476
1,21,3,0.718900,0.128867
1,21,4,0.763831,0.122259
1,21,5,0.758215,0.127215
1,21,6,0.732941,0.140432
1,21,7,0.690818,0.120606
1,21,8,0.629038,0.135476
1,21,9,0.519518,0.128867
1,21,10,0.401573,0.128867
1,21,11,0.328560,0.110694
1,21,12,0.342601,0.100781
1,21,13,0.401573,0.110694
1,21,14,0.395957,0.130519
1,21,15,0.359450,0.145389
1,21,16,0.328560,0.140432
1,21,17,0.308902,0.132171
1,21,18,0.297670,0.118954
1,21,19,0.280820,0.110694
1,21,20,0.151643,0.104085
1,21,21,0.123561,0.112346
1,21,22,0.117945,0.117302
1,21,23,0.095479,0.127215
1,21,24,0.089863,0.155301
1,21,25,0.089863,0.151997
1,21,26,0.087054,0.145389
1,21,27,0.028082,0.155301
1,21,28,0.022466,0.133824
1,21,29,0.028082,0.127215
1,21,30,0.075822,0.137128
1,21,31,0.092671,0.148693
1,21,32,0.109520,0.160258
1,21,33,0.137602,0.209822
1,21,34,0.171300,0.208170
1,21,35,0.193766,0.214779
1,21,36,0.261163,0.219735
1,21,37,0.356642,0.251126
1,21,38,0.460545,0.320516
1,21,39,0.494244,0.328776
1,21,40,0.516710,0.330429
1,21,41,0.516710,0.341994
1,21,42,0.502669,0.308951
1,21,43,0.539175,0.302342
1,21,44,0.564449,0.297386
1,21,45,0.606572,0.242865
1,21,46,0.744174,0.261039
1,21,47,0.780681,0.267647
1,22,0,0.761023,0.231300
1,22,1,0.735749,0.224691
1,22,2,0.699243,0.219735
1,22,3,0.606572,0.275908
1,22,4,0.572874,0.325472
1,22,5,0.541983,0.363471
1,22,6,0.471778,0.328776
1,22,7,0.508285,0.287473
1,22,8,0.477395,0.277560
1,22,9,0.525134,0.262691
1,22,10,0.550408,0.275908
1,22,11,0.522326,0.261039
1,22,12,0.533559,0.251126
1,22,13,0.586915,0.252778
1,22,14,0.598147,0.231300
1,22,15,0.614997,0.224691
1,22,16,0.640271,0.242865
1,22,17,0.685202,0.216431
1,22,18,0.696435,0.191649
1,22,19,0.699243,0.156954
1,22,20,0.598147,0.117302
1,22,21,0.589723,0.084259
1,22,22,0.575682,0.109041
1,22,23,0.556024,0.104085
1,22,24,0.536367,0.100781
1,22,25,0.497052,0.107389
1,22,26,0.471778,0.104085
1,22,27,0.494244,0.115650
1,22,28,0.558833,0.138780
1,22,29,0.527942,0.203214
1,22,30,0.468970,0.241213
1,22,31,0.387532,0.236256
1,22,32,0.421231,0.221387
1,22,33,0.424039,0.237909
1,22,34,0.454929,0.223039
1,22,35,0.485819,0.223039
1,22,36,0.502669,0.213126
1,22,37,0.527942,0.216431
1,22,38,0.600956,0.208170
1,22,39,0.553216,0.199909
1,22,40,0.440888,0.203214
1,22,41,0.336984,0.213126
1,22,42,0.317327,0.211474
1,22,43,0.275204,0.224691
1,22,44,0.286437,0.219735
1,22,45,0.306094,0.224691
1,22,46,0.435272,0.204866
1,22,47,0.654312,0.194953
1,23,0,0.716092,0.201561
1,23,1,0.761023,0.194953
1,23,2,0.668353,0.193301
1,23,3,0.643079,0.224691
1,23,4,0.598147,0.203214
1,23,5,0.556024,0.171823
1,23,6,0.494244,0.188344
1,23,7,0.381916,0.204866
1,23,8,0.278012,0.206518
1,23,9,0.185341,0.218083
1,23,10,0.162876,0.249474
1,23,11,0.165684,0.246169
1,23,12,0.160068,0.282516
1,23,13,0.157259,0.346950
1,23,14,0.160068,0.414688
1,23,15,0.143218,0.422949
1,23,16,0.131986,0.417992
1,23,17,0.112328,0.371732
1,23,18,0.084246,0.328776
1,23,19,0.064589,0.335385
1,23,20,0.036507,0.340341
1,23,21,0.028082,0.366776
1,23,22,0.022466,0.474165
1,23,23,0.028082,0.482426
1,23,24,0.028082,0.606336
1,23,25,0.025274,0.621206
1,23,26,0.030890,0.565033
1,23,27,0.033698,0.565033
1,23,28,0.022466,0.639379
1,23,29,0.025274,0.588163
1,23,30,0.033698,0.525381
1,23,31,0.039315,0.551816
1,23,32,0.044931,0.495643
1,23,33,0.058972,0.474165
1,23,34,0.058972,0.588163
1,23,35,0.087054,0.527034
1,23,36,0.103904,0.563381
1,23,37,0.103904,0.654249
1,23,38,0.109520,0.645988
1,23,39,0.143218,0.645988
1,23,40,0.146027,0.680683
1,23,41,0.146027,0.948330
1,23,42,0.171300,1.082154
1,23,43,0.185341,1.196151
1,23,44,0.193766,1.344844
1,23,45,0.176917,1.435712
1,23,46,0.168492,1.569536
1,23,47,0.157259,1.577796
1,24,0,0.182533,1.516667
1,24,1,0.233081,1.622404
1,24,2,0.272396,1.764489
1,24,3,0.311711,1.731446
1,24,4,0.325752,1.688490
1,24,5,0.359450,1.781010
1,24,6,0.398765,1.878486
1,24,7,0.401573,1.992484
1,24,8,0.370683,1.989180
1,24,9,0.345409,1.916486
1,24,10,0.322943,1.845444
1,24,11,0.306094,1.967702
1,24,12,0.342601,1.891704
1,24,13,0.415614,1.858661
1,24,14,0.477395,1.908225
1,24,15,0.533559,1.911529
1,24,16,0.527942,1.928051
1,24,17,0.533559,1.904921
1,24,18,0.547600,1.964398
1,24,19,0.530751,2.005701
1,24,20,0.483011,2.065179
1,24,21,0.575682,2.132916
1,24,22,0.598147,2.114743
1,24,23,0.600956,2.313000
1,24,24,0.598147,2.347695
1,24,25,0.629038,2.248566
1,24,26,0.651503,2.190741
1,24,27,0.797530,2.132916
1,24,28,0.957598,2.027179
1,24,29,1.005337,1.886747
1,24,30,1.002529,1.886747
1,24,31,0.878968,1.901616
1,24,32,0.893009,1.731446
1,24,33,0.915475,1.746315
1,24,34,0.937940,1.774401
1,24,35,0.946365,1.708316
1,24,36,0.949173,1.671969
1,24,37,0.980063,1.643882
1,24,38,1.117665,1.678577
1,24,39,1.171021,1.668664
1,24,40,1.089583,1.686838
1,24,41,1.072734,1.726489
1,24,42,1.078350,1.756228
1,24,43,1.069926,1.615796
1,24,44,1.053076,1.495189
1,24,45,1.044652,1.450581
1,24,46,0.940748,1.379539
1,24,47,0.822804,1.434060
1,25,0,0.718900,1.344844
1,25,1,0.654312,1.217629
1,25,2,0.679585,1.177978
1,25,3,0.702051,1.106936
1,25,4,0.679585,1.078849
1,25,5,0.645887,1.019372
1,25,6,0.676777,0.878940
1,25,7,0.808763,0.788072
1,25,8,0.876160,0.705465
1,25,9,0.901433,0.639379
1,25,10,0.957598,0.489034
1,25,11,1.024994,0.393210
1,25,12,0.954789,0.332081
1,25,13,0.834037,0.297386
1,25,14,0.862119,0.277560
1,25,15,0.884584,0.274256
1,25,16,0.884584,0.295734
1,25,17,0.856502,0.259386
1,25,18,0.848078,0.226344
1,25,19,0.884584,0.171823
1,25,20,0.940748,0.143736
1,25,21,0.937940,0.143736
1,25,22,0.828420,0.171823
1,25,23,0.825612,0.130519
1,25,24,0.822804,0.092520
1,25,25,0.876160,0.089216
1,25,26,0.862119,0.097476
1,25,27,0.870543,0.087564
1,25,28,0.864927,0.094172
1,25,29,0.915475,0.107389
1,25,30,0.951981,0.087564
1,25,31,0.926707,0.082607
1,25,32,0.909858,0.095824
1,25,33,0.895817,0.133824
1,25,34,0.963214,0.163562
1,25,35,1.019378,0.153649
1,25,36,1.083967,0.143736
1,25,37,1.159788,0.170171
1,25,38,1.294582,0.218083
1,25,39,1.297390,0.226344
1,25,40,1.142939,0.284169
1,25,41,1.058693,0.355211
1,25,42,0.957598,0.350254
1,25,43,0.937940,0.361819
1,25,44,0.929516,0.401471
1,25,45,0.811571,0.446079
1,25,46,0.839653,0.505556
1,25,47,0.718900,0.517121
1,26,0,0.671161,0.527034
1,26,1,0.791914,0.531990
1,26,2,0.741366,0.543555
1,26,3,0.707667,0.492339
1,26,4,0.643079,0.522077
1,26,5,0.654312,0.523729
1,26,6,0.575682,0.533642
1,26,7,0.558833,0.507208
1,26,8,0.629038,0.560076
1,26,9,0.679585,0.568337
1,26,10,0.673969,0.607989
1,26,11,0.713284,0.626162
1,26,12,0.702051,0.619554
1,26,13,0.797530,0.632771
1,26,14,0.890201,0.677379
1,26,15,0.856502,0.728595
1,26,16,0.845269,0.707117
1,26,17,0.834037,0.665814
1,26,18,0.828420,0.677379
1,26,19,0.884584,0.675726
1,26,20,0.963214,0.659205
1,26,21,0.966022,0.627814
1,26,22,0.848078,0.641031
1,26,23,0.862119,0.712074
1,26,24,0.884584,0.660857
1,26,25,0.893009,0.650944
1,26,26,0.915475,0.627814
1,26,27,1.044652,0.589815
1,26,28,1.272116,0.563381
1,26,29,1.297390,0.485730
1,26,30,1.232802,0.447731
1,26,31,1.053076,0.437818
1,26,32,0.988488,0.396514
1,26,33,0.977255,0.350254
1,26,34,1.022186,0.366776
1,26,35,1.086775,0.432861
1,26,36,1.173829,0.399819
1,26,37,1.159788,0.381645
1,26,38,1.159788,0.383297
1,26,39,1.081159,0.389906
1,26,40,0.949173,0.322168
1,26,41,0.898625,0.312255
1,26,42,0.859310,0.330429
1,26,43,0.876160,0.389906
1,26,44,0.845269,0.376689
1,26,45,0.819996,0.399819
1,26,46,0.794722,0.394862
1,26,47,0.786297,0.340341
1,27,0,0.794722,0.295734
1,27,1,0.789105,0.259386
1,27,2,0.822804,0.262691
1,27,3,0.834037,0.325472
1,27,4,0.814379,0.416340
1,27,5,0.772256,0.492339
1,27,6,0.775064,0.540251
1,27,7,0.727325,0.543555
1,27,8,0.710476,0.442774
1,27,9,0.791914,0.421296
1,27,10,0.848078,0.332081
1,27,11,0.963214,0.289125
1,27,12,1.010953,0.252778
1,27,13,0.951981,0.173475
1,27,14,0.901433,0.188344
1,27,15,0.915475,0.193301
1,27,16,0.954789,0.188344
1,27,17,0.980063,0.199909
1,27,18,1.013762,0.199909
1,27,19,1.039035,0.138780
1,27,20,1.137323,0.110694
1,27,21,1.185062,0.069390
1,27,22,1.078350,0.059477
1,27,23,1.067118,0.069390
1,27,24,1.075542,0.057825
1,27,25,1.081159,0.044608
1,27,26,1.075542,0.046260
1,27,27,1.185062,0.051216
1,27,28,1.207528,0.085911
1,27,29,1.235610,0.102433
1,27,30,1.224377,0.117302
1,27,31,1.156980,0.118954
1,27,32,1.165405,0.120606
1,27,33,1.196295,0.132171
1,27,34,1.221569,0.151997
1,27,35,1.218761,0.153649
1,27,36,1.204720,0.183388
1,27,37,1.176637,0.234604
1,27,38,1.103624,0.282516
1,27,39,0.909858,0.322168
1,27,40,0.741366,0.356863
1,27,41,0.614997,0.343646
1,27,42,0.570065,0.378341
1,27,43,0.584106,0.408079
1,27,44,0.567257,0.497295
1,27,45,0.603764,0.607989
1,27,46,0.761023,0.607989
1,27,47,0.912666,0.664161
1,28,0,0.907050,0.720334
1,28,1,0.898625,0.726943
1,28,2,0.797530,0.644336
1,28,3,0.657120,0.612945
1,28,4,0.547600,0.603032
1,28,5,0.480203,0.588163
1,28,6,0.508285,0.611293
1,28,7,0.547600,0.556772
1,28,8,0.640271,0.436166
1,28,9,0.710476,0.426253
1,28,10,0.752599,0.434514
1,28,11,0.800338,0.467556
1,28,12,0.845269,0.513816
1,28,13,0.808763,0.550164
1,28,14,0.834037,0.611293
1,28,15,0.853694,0.619554
1,28,16,0.836845,0.502251
1,28,17,0.842461,0.470861
1,28,18,0.842461,0.413036
1,28,19,0.836845,0.404775
1,28,20,0.800338,0.436166
1,28,21,0.752599,0.300690
1,28,22,0.617805,0.422949
1,28,23,0.586915,0.479121
1,28,24,0.575682,0.502251
1,28,25,0.570065,0.788072
1,28,26,0.584106,0.859114
1,28,27,0.541983,0.913635
1,28,28,0.502669,1.214325
1,28,29,0.460545,1.283715
1,28,30,0.457737,1.655447
1,28,31,0.418422,1.936311
1,28,32,0.502669,1.861965
1,28,33,0.539175,1.807444
1,28,34,0.572874,1.754576
1,28,35,0.643079,1.576144
1,28,36,0.682394,1.767793
1,28,37,0.710476,1.693446
1,28,38,0.721708,1.870226
1,28,39,0.727325,1.797531
1,28,40,0.629038,1.757880
1,28,41,0.527942,1.857009
1,28,42,0.483011,1.904921
1,28,43,0.522326,1.852052
1,28,44,0.564449,1.738054
1,28,45,0.553216,1.769445
1,28,46,0.612188,1.724837
1,28,47,0.609380,1.663708
1,29,0,0.581298,1.407626
1,29,1,0.547600,1.323366
1,29,2,0.491436,1.202760
1,29,3,0.519518,1.151544
1,29,4,0.497052,1.047459
1,29,5,0.454929,1.090414
1,29,6,0.317327,1.184586
1,29,7,0.227465,1.326671
1,29,8,0.182533,1.531536
1,29,9,0.179725,1.534841
1,29,10,0.137602,1.599274
1,29,11,0.143218,1.769445
1,29,12,0.151643,1.761184
1,29,13,0.120753,2.002397
1,29,14,0.106712,1.881791
1,29,15,0.106712,1.827270
1,29,16,0.120753,1.980919
1,29,17,0.146027,2.043701
1,29,18,0.148835,1.895008
1,29,19,0.162876,1.776054
1,29,20,0.176917,1.909877
1,29,21,0.213424,2.228741
1,29,22,0.216232,2.415433
1,29,23,0.328560,2.393955
1,29,24,0.365067,2.359260
1,29,25,0.401573,2.397259
1,29,26,0.471778,2.212219
1,29,27,0.671161,2.056918
1,29,28,0.783489,2.042049
1,29,29,0.923899,2.015614
1,29,30,0.943557,2.283261
1,29,31,1.092391,2.491431
1,29,32,1.263692,2.464997
1,29,33,1.280541,2.379086
1,29,34,1.390061,2.258479
1,29,35,1.522047,2.501344
1,29,36,1.651224,2.502996
1,29,37,1.701772,2.555865
1,29,38,1.721429,2.547604
1,29,39,1.743895,2.524474
1,29,40,1.727045,2.397259
1,29,41,1.679306,2.385694
1,29,42,1.611909,2.334478
1,29,43,1.642799,2.265088
1,29,44,1.566978,2.445171
1,29,45,1.564170,2.341086
1,29,46,1.595060,2.311348
1,29,47,1.581019,2.374129
1,30,0,1.566978,2.453432
1,30,1,1.558553,2.517866
1,30,2,1.547320,2.590560
1,30,3,1.513622,2.413781
1,30,4,1.479924,2.347695
1,30,5,1.513622,2.246914
1,30,6,1.544512,2.304739
1,30,7,1.564170,2.313000
1,30,8,1.617526,2.184133
1,30,9,1.623142,2.175872
1,30,10,1.600676,2.387346
1,30,11,1.637183,2.374129
1,30,12,1.606293,2.357608
1,30,13,1.631567,2.293174
1,30,14,1.581019,2.374129
1,30,15,1.555745,2.431954
1,30,16,1.541704,2.425346
1,30,17,1.544512,2.445171
1,30,18,1.552937,2.516214
1,30,19,1.611909,2.517866
1,30,20,1.524855,2.425346
1,30,21,1.488348,2.572386
1,30,22,1.463074,2.597169
1,30,23,1.471499,2.689689
1,30,24,1.502389,2.755774
1,30,25,1.530471,2.816904
1,30,26,1.499581,2.858207
1,30,27,1.724237,2.821860
1,30,28,1.808483,2.947423
1,30,29,1.757936,2.944119
1,30,30,1.665265,2.962292
1,30,31,1.432184,2.907771
1,30,32,1.370404,2.896206
1,30,33,1.390061,2.886294
1,30,34,1.485540,2.886294
1,30,35,1.519238,2.805339
1,30,36,1.544512,2.821860
1,30,37,1.600676,2.873076
1,30,38,1.519238,2.846642
1,30,39,1.505197,2.797078
1,30,40,1.443417,2.886294
1,30,41,1.423759,2.907771
1,30,42,1.384445,2.886294
1,30,43,1.395677,2.917684
1,30,44,1.314239,2.901163
1,30,45,1.328280,2.876381
1,30,46,1.311431,2.922641
1,30,47,1.274925,2.945771
1,31,0,1.297390,2.894554
1,31,1,1.308623,2.897859
1,31,2,1.277733,2.897859
1,31,3,1.263692,2.874729
1,31,4,1.201911,2.907771
1,31,5,1.241226,2.896206
1,31,6,1.162596,2.922641
1,31,7,1.176637,2.871424
1,31,8,1.190678,2.851599
1,31,9,1.187870,2.844990
1,31,10,1.156980,2.826816
1,31,11,1.193487,2.859859
1,31,12,1.199103,2.932554
1,31,13,1.196295,2.962292
1,31,14,1.151364,2.909424
1,31,15,1.126090,2.871424
1,31,16,1.075542,2.902815
1,31,17,1.131706,2.871424
1,31,18,1.171021,2.826816
1,31,19,1.165405,2.897859
1,31,20,1.117665,2.882989
1,31,21,1.126090,2.818556
1,31,22,1.075542,2.800382
1,31,23,1.055885,2.846642
1,31,24,1.044652,2.904467
1,31,25,1.061501,2.844990
1,31,26,1.036227,2.906119
1,31,27,1.013762,2.859859
1,31,28,1.137323,2.879685
1,31,29,1.095200,2.859859
1,31,30,1.053076,2.925945
1,31,31,0.943557,2.856555
1,31,32,0.940748,2.818556
1,31,33,0.921091,2.821860
1,31,34,0.915475,2.782209
1,31,35,0.915475,2.805339
1,31,36,0.898625,2.709514
1,31,37,0.929516,2.661602
1,31,38,0.884584,2.757426
1,31,39,0.901433,2.744209
1,31,40,0.878968,2.724384
1,31,41,0.887392,2.631864
1,31,42,0.870543,2.574039
1,31,43,0.915475,2.549256
1,31,44,0.887392,2.512909
1,31,45,0.918283,2.455084
1,31,46,0.918283,2.552561
1,31,47,0.898625,2.578995
2,1,0,0.921091,2.578995
2,1,1,0.923899,2.532735
2,1,2,0.893009,2.486475
2,1,3,0.873351,2.453432
2,1,4,0.893009,2.317956
2,1,5,0.859310,2.364216
2,1,6,0.859310,2.360912
2,1,7,0.859310,2.289870
2,1,8,0.864927,2.152742
2,1,9,0.842461,2.162655
2,1,10,0.842461,2.162655
2,1,11,0.814379,2.113091
2,1,12,0.746982,2.009006
2,1,13,0.640271,1.952833
2,1,14,0.640271,2.065179
2,1,15,0.671161,2.063526
2,1,16,0.679585,2.048657
2,1,17,0.704859,2.113091
2,1,18,0.679585,2.147786
2,1,19,0.676777,2.268392
2,1,20,0.586915,2.223784
2,1,21,0.544792,2.172568
2,1,22,0.508285,2.099874
2,1,23,0.530751,2.124656
2,1,24,0.556024,2.040396
2,1,25,0.553216,2.009006
2,1,26,0.626229,1.899964
2,1,27,0.581298,1.777706
2,1,28,0.578490,1.762836
2,1,29,0.567257,1.761184
2,1,30,0.544792,1.676925
2,1,31,0.541983,1.667012
2,1,32,0.516710,1.531536
2,1,33,0.494244,1.410930
2,1,34,0.497052,1.325019
2,1,35,0.485819,1.171369
2,1,36,0.424039,1.197804
2,1,37,0.395957,1.135022
2,1,38,0.334176,1.077197
2,1,39,0.283629,1.143283
2,1,40,0.252738,1.085458
2,1,41,0.292053,0.978069
2,1,42,0.269588,0.887201
2,1,43,0.224656,0.905374
2,1,44,0.188150,0.807898
2,1,45,0.182533,0.707117
2,1,46,0.179725,0.596424
2,1,47,0.171300,0.518773
2,2,0,0.140410,0.462600
2,2,1,0.117945,0.469209
2,2,2,0.103904,0.383297
2,2,3,0.084246,0.406427
2,2,4,0.064589,0.338689
2,2,5,0.050548,0.300690
2,2,6,0.044931,0.290777
2,2,7,0.047739,0.267647
2,2,8,0.044931,0.223039
2,2,9,0.042123,0.204866
2,2,10,0.042123,0.208170
2,2,11,0.033698,0.176779
2,2,12,0.039315,0.158606
2,2,13,0.056164,0.166866
2,2,14,0.089863,0.199909
2,2,15,0.131986,0.213126
2,2,16,0.151643,0.181736
2,2,17,0.137602,0.148693
2,2,18,0.143218,0.145389
2,2,19,0.148835,0.109041
2,2,20,0.081438,0.080955
2,2,21,0.109520,0.094172
2,2,22,0.101095,0.085911
2,2,23,0.115136,0.095824
2,2,24,0.134794,0.087564
2,2,25,0.137602,0.084259
2,2,26,0.162876,0.082607
2,2,27,0.154451,0.092520
2,2,28,0.123561,0.095824
2,2,29,0.117945,0.090868
2,2,30,0.146027,0.090868
2,2,31,0.165684,0.107389
2,2,32,0.162876,0.092520
2,2,33,0.143218,0.079303
2,2,34,0.129177,0.079303
2,2,35,0.129177,0.069390
2,2,36,0.126369,0.077651
2,2,37,0.131986,0.066086
2,2,38,0.058972,0.051216
2,2,39,0.053356,0.064434
2,2,40,0.064589,0.072694
2,2,41,0.070205,0.064434
2,2,42,0.064589,0.056173
2,2,43,0.053356,0.059477
2,2,44,0.047739,0.075999
2,2,45,0.067397,0.080955
2,2,46,0.216232,0.089216
2,2,47,0.393149,0.092520
2,3,0,0.435272,0.122259
2,3,1,0.550408,0.165214
2,3,2,0.617805,0.183388
2,3,3,0.651503,0.206518
2,3,4,0.645887,0.272604
2,3,5,0.584106,0.318864
2,3,6,0.581298,0.361819
2,3,7,0.567257,0.361819
2,3,8,0.634654,0.246169
2,3,9,0.614997,0.226344
2,3,10,0.558833,0.231300
2,3,11,0.572874,0.297386
2,3,12,0.581298,0.335385
2,3,13,0.575682,0.419644
2,3,14,0.564449,0.457644
2,3,15,0.575682,0.447731
2,3,16,0.612188,0.422949
2,3,17,0.645887,0.383297
2,3,18,0.690818,0.398166
2,3,19,0.662736,0.419644
2,3,20,0.589723,0.441122
2,3,21,0.603764,0.441122
2,3,22,0.645887,0.447731
2,3,23,0.648695,0.487382
2,3,24,0.685202,0.574946
2,3,25,0.668353,0.670770
2,3,26,0.724517,0.715378
2,3,27,0.676777,0.788072
2,3,28,0.586915,0.961547
2,3,29,0.640271,1.087110
2,3,30,0.822804,1.219281
2,3,31,0.935132,1.298584
2,3,32,0.999721,1.346496
2,3,33,1.126090,1.306845
2,3,34,1.263692,1.341540
2,3,35,1.364787,1.318410
2,3,36,1.451841,1.138326
2,3,37,1.603484,1.126761
2,3,38,1.836565,1.164761
2,3,39,1.999441,1.128414
2,3,40,2.061222,1.077197
2,3,41,2.041564,1.029285
2,3,42,2.027523,0.963199
2,3,43,2.044373,0.893809
2,3,44,2.010674,1.237455
2,3,45,2.041564,1.415886
2,3,46,1.999441,1.496841
2,3,47,2.033140,1.599274
2,4,0,2.120194,1.695099
2,4,1,2.165125,1.790923
2,4,2,2.148276,1.911529
2,4,3,2.016290,1.994136
2,4,4,1.920812,2.078396
2,4,5,1.982592,2.162655
2,4,6,2.041564,2.235349
2,4,7,2.089304,2.349347
2,4,8,2.117386,2.352651
2,4,9,2.058414,2.278305
2,4,10,2.089304,2.388999
2,4,11,1.996633,2.526126
2,4,12,1.934853,2.517866
2,4,13,1.752319,2.461693
2,4,14,1.783210,2.643429
2,4,15,1.920812,2.719427
2,4,16,2.024715,2.765687
2,4,17,2.083687,2.765687
2,4,18,2.044373,2.745861
2,4,19,2.027523,2.783861
2,4,20,2.089304,2.797078
2,4,21,2.134235,2.739253
2,4,22,2.064030,2.858207
2,4,23,1.974167,2.909424
2,4,24,2.002249,3.003596
2,4,25,2.002249,2.996987
2,4,26,2.016290,3.001944
2,4,27,2.184783,2.990379
2,4,28,2.246563,2.963944
2,4,29,2.232522,2.909424
2,4,30,2.226906,2.920989
2,4,31,2.035948,2.914380
2,4,32,1.962935,2.904467
2,4,33,1.976976,2.907771
2,4,34,2.019099,2.919336
2,4,35,2.016290,2.901163
2,4,36,2.086496,2.873076
2,4,37,2.159509,2.844990
2,4,38,2.325193,2.840034
2,4,39,2.308344,2.917684
2,4,40,2.215673,2.896206
2,4,41,2.148276,2.939162
2,4,42,2.038756,2.955684
2,4,43,1.802867,2.977161
2,4,44,1.474307,2.917684
2,4,45,1.249651,2.868120
2,4,46,1.106432,2.864816
2,4,47,1.019378,2.881337
2,5,0,0.966022,2.864816
2,5,1,0.937940,2.841686
2,5,2,1.010953,2.840034
2,5,3,1.083967,2.808643
2,5,4,1.123282,2.800382
2,5,5,1.168213,2.768991
2,5,6,1.190678,2.755774
2,5,7,1.224377,2.752470
2,5,8,1.193487,2.765687
2,5,9,1.165405,2.717775
2,5,10,1.199103,2.653341
2,5,11,1.089583,2.656646
2,5,12,0.982871,2.688036
2,5,13,0.954789,2.721079
2,5,14,0.926707,2.704558
2,5,15,0.966022,2.730992
2,5,16,0.940748,2.806991
2,5,17,0.949173,2.813599
2,5,18,0.963214,2.811947
2,5,19,0.946365,2.788817
2,5,20,0.853694,2.778904
2,5,21,0.794722,2.816904
2,5,22,0.797530,2.757426
2,5,23,0.783489,2.810295
2,5,24,0.805955,2.802034
2,5,25,0.769448,2.727688
2,5,26,0.777873,2.772296
2,5,27,0.817187,2.780556
2,5,28,0.834037,2.806991
2,5,29,0.864927,2.795426
2,5,30,0.940748,2.787165
2,5,31,0.935132,2.768991
2,5,32,0.904242,2.709514
2,5,33,0.951981,2.726036
2,5,34,1.030611,2.691341
2,5,35,1.117665,2.722731
2,5,36,1.266500,2.752470
2,5,37,1.376020,2.727688
2,5,38,1.392869,2.740905
2,5,39,1.390061,2.777252
2,5,40,1.328280,2.745861
2,5,41,1.294582,2.792121
2,5,42,1.300198,2.864816
2,5,43,1.269308,2.889598
2,5,44,1.252459,2.823512
2,5,45,1.213144,2.724384
2,5,46,1.179446,2.744209
2,5,47,1.221569,2.772296
2,6,0,1.246843,2.805339
2,6,1,1.235610,2.773948
2,6,2,1.303007,2.820208
2,6,3,1.454650,2.797078
2,6,4,1.460266,2.787165
2,6,5,1.269308,2.773948
2,6,6,1.322664,2.724384
2,6,7,1.581019,2.767339
2,6,8,1.920812,2.795426
2,6,9,2.367316,2.823512
2,6,10,2.544233,2.803686
2,6,11,2.569507,2.828469
2,6,12,2.429096,2.808643
2,6,13,2.190399,2.826816
2,6,14,2.184783,2.813599
2,6,15,2.215673,2.800382
2,6,16,2.181975,2.808643
2,6,17,2.204440,2.806991
2,6,18,2.271837,2.825164
2,6,19,2.257796,2.813599
2,6,20,2.347659,2.864816
2,6,21,2.330809,2.868120
2,6,22,2.224098,2.889598
2,6,23,2.210057,2.892902
2,6,24,2.218481,2.916032
2,6,25,2.238139,2.891250
2,6,26,2.204440,2.869772
2,6,27,2.333618,2.881337
2,6,28,2.409439,2.920989
2,6,29,2.409439,2.904467
2,6,30,2.372932,2.851599
2,6,31,2.153892,2.838381
2,6,32,2.134235,2.802034
2,6,33,2.066838,2.840034
2,6,34,2.094920,2.777252
2,6,35,2.086496,2.661602
2,6,36,2.108961,2.696297
2,6,37,2.134235,2.691341
2,6,38,2.238139,2.716123
2,6,39,2.215673,2.668211
2,6,40,2.165125,2.608734
2,6,41,2.080879,2.613690
2,6,42,2.033140,2.668211
2,6,43,1.929236,2.588908
2,6,44,1.895538,2.554213
2,6,45,1.856223,2.514561
2,6,46,1.830949,2.630211
2,6,47,1.878688,2.668211
2,7,0,1.948894,2.676471
2,7,1,1.940469,2.678124
2,7,2,1.850606,2.737601
2,7,3,1.783210,2.730992
2,7,4,1.797251,2.745861
2,7,5,1.794442,2.716123
2,7,6,1.816908,2.742557
2,7,7,1.766360,2.744209
2,7,8,1.825333,2.714471
2,7,9,1.842182,2.658298
2,7,10,1.800059,2.600473
2,7,11,1.715813,2.605429
2,7,12,1.757936,2.608734
2,7,13,1.631567,2.550909
2,7,14,1.620334,2.572386
2,7,15,1.581019,2.577343
2,7,16,1.555745,2.560821
2,7,17,1.552937,2.570734
2,7,18,1.544512,2.583951
2,7,19,1.482732,2.590560
2,7,20,1.499581,2.643429
2,7,21,1.516430,2.654994
2,7,22,1.398486,2.524474
2,7,23,1.373212,2.542648
2,7,24,1.418143,2.526126
2,7,25,1.350746,2.598821
2,7,26,1.460266,2.612038
2,7,27,1.437800,2.740905
2,7,28,1.260884,2.712819
2,7,29,1.100816,2.707862
2,7,30,1.047460,2.716123
2,7,31,0.946365,2.716123
2,7,32,0.859310,2.620299
2,7,33,0.867735,2.498040
2,7,34,0.817187,2.417085
2,7,35,0.797530,2.108134
2,7,36,0.732941,1.926399
2,7,37,0.606572,1.724837
2,7,38,0.463354,1.582753
2,7,39,0.244314,1.427451
2,7,40,0.235889,1.270498
2,7,41,0.227465,1.093719
2,7,42,0.204999,0.969808
2,7,43,0.174109,0.890505
2,7,44,0.168492,0.908679
2,7,45,0.179725,0.933461
2,7,46,0.193766,0.911983
2,7,47,0.188150,0.926852
2,8,0,0.204999,0.870679
2,8,1,0.263971,0.973112
2,8,2,0.331368,0.961547
2,8,3,0.404381,1.055719
2,8,4,0.505477,1.135022
2,8,5,0.527942,1.282063
2,8,6,0.575682,1.427451
2,8,7,0.586915,1.429104
2,8,8,0.671161,1.268846
2,8,9,0.794722,1.212673
2,8,10,0.811571,1.209369
2,8,11,0.825612,1.083806
2,8,12,0.862119,0.981373
2,8,13,0.859310,0.801289
2,8,14,0.923899,0.693900
2,8,15,0.968830,0.637727
2,8,16,0.921091,0.650944
2,8,17,0.951981,0.736856
2,8,18,0.960406,0.741812
2,8,19,0.949173,0.667466
2,8,20,0.893009,0.677379
2,8,21,0.794722,0.649292
2,8,22,0.685202,0.679031
2,8,23,0.584106,0.768246
2,8,24,0.595339,1.047459
2,8,25,0.643079,1.186239
2,8,26,0.696435,1.282063
2,8,27,0.671161,1.242411
2,8,28,0.763831,1.032589
2,8,29,0.864927,0.837636
2,8,30,0.915475,0.713726
2,8,31,0.836845,0.794681
2,8,32,0.789105,0.902070
2,8,33,0.811571,0.971460
2,8,34,0.881776,0.847549
2,8,35,1.030611,0.943374
2,8,36,1.266500,0.984677
2,8,37,1.328280,0.926852
2,8,38,1.361979,0.827724
2,8,39,1.527663,0.837636
2,8,40,1.569786,0.849201
2,8,41,1.662457,0.834332
2,8,42,1.676498,0.869027
2,8,43,1.684922,1.166413
2,8,44,1.684922,1.501798
2,8,45,1.718621,1.510059
2,8,46,1.884305,1.739706
2,8,47,2.038756,1.650491
2,9,0,2.106153,1.629013
2,9,1,2.277453,1.584405
2,9,2,2.210057,1.609187
2,9,3,2.159509,1.635621
2,9,4,2.232522,1.756228
2,9,5,2.288686,1.871878
2,9,6,2.412247,1.933007
2,9,7,2.409439,1.980919
2,9,8,2.344850,2.108134
2,9,9,2.257796,1.957789
2,9,10,2.375741,1.924746
2,9,11,2.269029,2.038744
2,9,12,2.125810,2.152742
2,9,13,1.957318,2.139525
2,9,14,1.920812,2.149438
2,9,15,2.041564,2.227089
2,9,16,2.103345,2.106482
2,9,17,2.187591,1.969354
2,9,18,2.240947,1.969354
2,9,19,2.260604,2.141177
2,9,20,2.339234,2.268392
2,9,21,2.319576,2.445171
2,9,22,2.080879,2.527779
2,9,23,2.125810,2.643429
2,9,24,2.165125,2.716123
2,9,25,2.145468,2.745861
2,9,26,2.207248,2.777252
2,9,27,2.277453,2.869772
2,9,28,2.196016,2.831773
2,9,29,2.047181,2.757426
2,9,30,1.929236,2.686384
2,9,31,1.800059,2.719427
2,9,32,1.662457,2.684732
2,9,33,1.654032,2.707862
2,9,34,1.625950,2.669863
2,9,35,1.617526,2.577343
2,9,36,1.611909,2.481519
2,9,37,1.654032,2.448476
2,9,38,1.569786,2.468301
2,9,39,1.463074,2.529431
2,9,40,1.353554,2.458389
2,9,41,1.373212,2.522822
2,9,42,1.325472,2.342739
2,9,43,1.255267,2.255175
2,9,44,1.277733,2.174220
2,9,45,1.272116,2.187437
2,9,46,1.283349,2.210567
2,9,47,1.505197,2.157699
2,10,0,1.676498,2.223784
2,10,1,1.811292,2.265088
2,10,2,1.830949,2.398911
2,10,3,1.836565,2.372477
2,10,4,1.937661,2.392303
2,10,5,1.884305,2.426998
2,10,6,1.780401,2.372477
2,10,7,1.673690,2.377434
2,10,8,1.513622,2.392303
2,10,9,1.283349,2.286566
2,10,10,1.232802,2.342739
2,10,11,1.142939,2.336130
2,10,12,1.069926,2.350999
2,10,13,1.053076,2.291522
2,10,14,0.985680,2.256827
2,10,15,0.977255,2.279957
2,10,16,1.044652,2.367521
2,10,17,1.123282,2.382390
2,10,18,1.342322,2.560821
2,10,19,1.429376,2.645081
2,10,20,1.401294,2.511257
2,10,21,1.395677,2.631864
2,10,22,1.311431,2.750818
2,10,23,1.356363,2.843338
2,10,24,1.392869,2.838381
2,10,25,1.392869,2.899511
2,10,26,1.449033,2.871424
2,10,27,1.443417,2.840034
2,10,28,1.544512,2.849946
2,10,29,1.449033,2.811947
2,10,30,1.395677,2.800382
2,10,31,1.294582,2.754122
2,10,32,1.333897,2.686384
2,10,33,1.353554,2.747514
2,10,34,1.333897,2.767339
2,10,35,1.387253,2.714471
2,10,36,1.361979,2.577343
2,10,37,1.423759,2.504649
2,10,38,1.404102,2.587256
2,10,39,1.367595,2.635168
2,10,40,1.392869,2.582299
2,10,41,1.449033,2.565778
2,10,42,1.468691,2.539344
2,10,43,1.406910,2.570734
2,10,44,1.378828,2.582299
2,10,45,1.339513,2.631864
2,10,46,1.451841,2.607081
2,10,47,1.586635,2.583951
2,11,0,1.713004,2.483171
2,11,1,1.802867,2.654994
2,11,2,1.682114,2.678124
2,11,3,1.474307,2.674819
2,11,4,1.406910,2.603777
2,11,5,1.347938,2.562474
2,11,6,1.319856,2.565778
2,11,7,1.291774,2.625255
2,11,8,1.283349,2.519518
2,11,9,1.291774,2.572386
2,11,10,1.297390,2.570734
2,11,11,1.286157,2.640124
2,11,12,1.249651,2.577343
2,11,13,1.235610,2.531083
2,11,14,1.249651,2.608734
2,11,15,1.280541,2.668211
2,11,16,1.232802,2.651689
2,11,17,1.232802,2.806991
2,11,18,1.333897,2.874729
2,11,19,1.378828,2.911076
2,11,20,1.274925,2.972205
2,11,21,1.260884,2.993683
2,11,22,1.227185,2.960640
2,11,23,1.176637,2.904467
2,11,24,1.176637,2.963944
2,11,25,1.215952,2.963944
2,11,26,1.274925,2.960640
2,11,27,1.260884,3.006900
2,11,28,1.356363,2.958988
2,11,29,1.359171,2.932554
2,11,30,1.449033,2.891250
2,11,31,1.533279,2.902815
2,11,32,1.564170,2.906119
2,11,33,1.654032,2.906119
2,11,34,1.665265,2.866468
2,11,35,1.693347,2.856555
2,11,36,1.659649,2.813599
2,11,37,1.682114,2.790469
2,11,38,1.575402,2.727688
2,11,39,1.631567,2.689689
2,11,40,1.572594,2.739253
2,11,41,1.581019,2.777252
2,11,42,1.561361,2.721079
2,11,43,1.566978,2.651689
2,11,44,1.620334,2.610386
2,11,45,1.595060,2.580647
2,11,46,1.707388,2.605429
2,11,47,1.960126,2.572386
2,12,0,1.943277,2.499692
2,12,1,1.993825,2.473258
2,12,2,2.072455,2.357608
2,12,3,1.965743,2.215524
2,12,4,1.895538,2.194046
2,12,5,1.962935,2.195698
2,12,6,2.010674,2.159351
2,12,7,2.049989,2.126308
2,12,8,2.117386,2.061874
2,12,9,2.207248,1.992484
2,12,10,2.221289,2.048657
2,12,11,2.212865,2.134569
2,12,12,2.153892,2.075091
2,12,13,1.971359,1.868574
2,12,14,1.940469,1.515015
2,12,15,1.937661,1.275454
2,12,16,1.895538,1.131718
2,12,17,1.903962,0.983025
2,12,18,1.884305,0.878940
2,12,19,1.859031,0.938417
2,12,20,1.864647,0.966504
2,12,21,1.892729,1.131718
2,12,22,1.833757,1.212673
2,12,23,1.811292,1.242411
2,12,24,1.825333,1.285367
2,12,25,1.791634,1.234151
2,12,26,1.847798,1.128414
2,12,27,1.895538,1.002851
2,12,28,1.861839,1.067284
2,12,29,1.867456,1.078849
2,12,30,1.915195,1.065632
2,12,31,1.814100,1.017720
2,12,32,1.760744,0.877288
2,12,33,1.738278,0.776507
2,12,34,1.738278,0.902070
2,12,35,1.743895,1.110240
2,12,36,1.786018,1.158152
2,12,37,1.819716,1.215977
2,12,38,1.951702,1.257281
2,12,39,1.954510,1.329975
2,12,40,1.794442,1.391104
2,12,41,1.769169,1.412582
2,12,42,1.698963,1.425799
2,12,43,1.592252,1.463799
2,12,44,1.328280,1.516667
2,12,45,1.190678,1.490233
2,12,46,1.229993,1.442321
2,12,47,1.232802,1.311801
2,13,0,1.224377,1.293628
2,13,1,1.154172,1.358061
2,13,2,1.162596,1.414234
2,13,3,1.098008,1.334931
2,13,4,1.030611,1.110240
2,13,5,0.929516,0.890505
2,13,6,0.822804,0.756681
2,13,7,0.808763,0.826071
2,13,8,0.901433,1.019372
2,13,9,1.027803,1.353105
2,13,10,1.176637,1.637274
2,13,11,1.319856,1.673621
2,13,12,1.378828,1.966050
2,13,13,1.668073,2.212219
2,13,14,1.844990,2.367521
2,13,15,1.979784,2.547604
2,13,16,2.064030,2.704558
2,13,17,2.131427,2.734296
2,13,18,2.254988,2.854903
2,13,19,2.415055,2.858207
2,13,20,2.479644,2.858207
2,13,21,2.445946,2.878033
2,13,22,2.291494,2.835077
2,13,23,2.196016,2.818556
2,13,24,2.204440,2.787165
2,13,25,2.201632,2.831773
2,13,26,2.249371,2.823512
2,13,27,2.462795,2.790469
2,13,28,2.693068,2.742557
2,13,29,2.648136,2.719427
2,13,30,2.606013,2.726036
2,13,31,2.328001,2.773948
2,13,32,2.328001,2.707862
2,13,33,2.389782,2.717775
2,13,34,2.384165,2.701254
2,13,35,2.409439,2.621951
2,13,36,2.434713,2.643429
2,13,37,2.448754,2.651689
2,13,38,2.415055,2.674819
2,13,39,2.350467,2.714471
2,13,40,2.181975,2.674819
2,13,41,2.167933,2.689689
2,13,42,2.181975,2.716123
2,13,43,2.167933,2.650037
2,13,44,2.167933,2.668211
2,13,45,2.128619,2.689689
2,13,46,2.299919,2.734296
2,13,47,2.476836,2.711166
2,14,0,2.558274,2.773948
2,14,1,2.535808,2.770644
2,14,2,2.547041,2.777252
2,14,3,2.589164,2.688036
2,14,4,2.563890,2.790469
2,14,5,2.575123,2.767339
2,14,6,2.558274,2.739253
2,14,7,2.535808,2.739253
2,14,8,2.577931,2.744209
2,14,9,2.580739,2.719427
2,14,10,2.611630,2.704558
2,14,11,2.603205,2.683080
2,14,12,2.502110,2.616994
2,14,13,2.246563,2.516214
2,14,14,2.103345,2.488127
2,14,15,2.030331,2.484823
2,14,16,2.058414,2.572386
2,14,17,2.019099,2.621951
2,14,18,2.021907,2.659950
2,14,19,2.035948,2.702906
2,14,20,2.002249,2.735949
2,14,21,2.019099,2.740905
2,14,22,1.805675,2.747514
2,14,23,1.729854,2.778904
2,14,24,1.690539,2.775600
2,14,25,1.715813,2.816904
2,14,26,1.729854,2.820208
2,14,27,1.797251,2.811947
2,14,28,1.912387,2.859859
2,14,29,1.889921,2.889598
2,14,30,2.005058,2.911076
2,14,31,1.965743,2.942466
2,14,32,1.929236,2.970553
2,14,33,1.991017,2.949075
2,14,34,2.089304,3.013509
2,14,35,2.145468,3.015161
2,14,36,2.218481,2.939162
2,14,37,2.184783,2.935858
2,14,38,2.297111,2.914380
2,14,39,2.420672,3.033334
2,14,40,2.499302,3.001944
2,14,41,2.474028,2.977161
2,14,42,2.527384,2.996987
2,14,43,2.583548,2.988726
2,14,44,2.591972,2.988726
2,14,45,2.614438,2.957336
2,14,46,2.650945,2.968901
2,14,47,2.704300,2.973857
2,15,0,2.704300,2.972205
2,15,1,2.704300,2.939162
2,15,2,2.701492,2.932554
2,15,3,2.664986,2.932554
2,15,4,2.701492,2.891250
2,15,5,2.701492,2.856555
2,15,6,2.701492,2.841686
2,15,7,2.667794,2.797078
2,15,8,2.639712,2.752470
2,15,9,2.625671,2.692993
2,15,10,2.611630,2.595516
2,15,11,2.572315,2.593864
2,15,12,2.502110,2.526126
2,15,13,2.372932,2.369173
2,15,14,2.333618,2.175872
2,15,15,2.344850,1.949529
2,15,16,2.356083,1.752924
2,15,17,2.350467,1.832226
2,15,18,2.384165,2.022223
2,15,19,2.403823,2.180829
2,15,20,2.524575,2.298131
2,15,21,2.490877,2.344391
2,15,22,2.401014,2.316304
2,15,23,2.325193,2.309696
2,15,24,2.322385,2.341086
2,15,25,2.330809,2.279957
2,15,26,2.299919,2.076744
2,15,27,2.406631,1.952833
2,15,28,2.448754,1.835531
2,15,29,2.445946,1.777706
2,15,30,2.378549,1.766141
2,15,31,2.066838,1.726489
2,15,32,1.819716,1.734750
2,15,33,1.741086,1.691794
2,15,34,1.724237,1.591014
2,15,35,1.617526,1.452234
2,15,36,1.544512,1.257281
2,15,37,1.454650,1.085458
2,15,38,1.272116,0.981373
2,15,39,0.876160,0.926852
2,15,40,0.550408,0.875636
2,15,41,0.424039,0.804594
2,15,42,0.387532,0.761638
2,15,43,0.292053,0.703813
2,15,44,0.238697,0.645988
2,15,45,0.255547,0.578250
2,15,46,0.188150,0.522077
2,15,47,0.185341,0.487382
2,16,0,0.193766,0.464252
2,16,1,0.207807,0.437818
2,16,2,0.219040,0.421296
2,16,3,0.233081,0.436166
2,16,4,0.233081,0.444426
2,16,5,0.283629,0.441122
2,16,6,0.387532,0.457644
2,16,7,0.454929,0.541903
2,16,8,0.460545,0.609641
2,16,9,0.483011,0.654249
2,16,10,0.409998,0.766594
2,16,11,0.415614,0.804594
2,16,12,0.466162,0.753377
2,16,13,0.522326,0.725291
2,16,14,0.525134,0.748421
2,16,15,0.592531,0.764942
2,16,16,0.654312,0.809550
2,16,17,0.704859,0.799637
2,16,18,0.721708,0.816159
2,16,19,0.761023,0.769899
2,16,20,0.651503,0.697204
2,16,21,0.570065,0.733551
2,16,22,0.471778,1.044154
2,16,23,0.460545,1.201108
2,16,24,0.432463,1.384496
2,16,25,0.415614,1.638926
2,16,26,0.438080,1.840487
2,16,27,0.584106,1.658751
2,16,28,0.704859,1.589361
2,16,29,0.724517,1.453886
2,16,30,0.707667,1.410930
2,16,31,0.693626,1.353105
2,16,32,0.718900,1.291976
2,16,33,0.707667,1.283715
2,16,34,0.693626,1.300236
2,16,35,0.685202,1.247368
2,16,36,0.704859,1.176326
2,16,37,0.679585,1.128414
2,16,38,0.572874,1.092066
2,16,39,0.541983,0.961547
2,16,40,0.491436,0.913635
2,16,41,0.491436,0.921896
2,16,42,0.468970,0.895461
2,16,43,0.460545,0.903722
2,16,44,0.457737,0.915287
2,16,45,0.457737,1.011111
2,16,46,0.541983,1.062328
2,16,47,0.530751,1.182934
2,17,0,0.502669,1.219281
2,17,1,0.432463,1.311801
2,17,2,0.497052,1.270498
2,17,3,0.525134,1.249020
2,17,4,0.572874,1.141631
2,17,5,0.724517,0.945026
2,17,6,0.685202,0.915287
2,17,7,0.592531,0.875636
2,17,8,0.483011,0.877288
2,17,9,0.541983,0.873984
2,17,10,0.595339,0.860766
2,17,11,0.600956,0.839289
2,17,12,0.609380,0.764942
2,17,13,0.648695,0.682335
2,17,14,0.662736,0.584859
2,17,15,0.659928,0.489034
2,17,16,0.673969,0.432861
2,17,17,0.685202,0.383297
2,17,18,0.735749,0.375036
2,17,19,0.878968,0.297386
2,17,20,0.935132,0.332081
2,17,21,0.912666,0.365124
2,17,22,0.912666,0.409731
2,17,23,0.960406,0.447731
2,17,24,0.977255,0.565033
2,17,25,1.030611,0.599728
2,17,26,1.008145,0.650944
2,17,27,1.041844,1.331627
2,17,28,1.055885,1.741359
2,17,29,0.994104,2.083352
2,17,30,0.954789,2.238654
2,17,31,0.839653,2.405520
2,17,32,0.805955,2.610386
2,17,33,0.862119,2.873076
2,17,34,0.937940,2.887946
2,17,35,1.033419,2.849946
2,17,36,1.061501,2.863164
2,17,37,1.185062,2.924293
2,17,38,1.092391,2.906119
2,17,39,1.053076,2.869772
2,17,40,1.036227,2.797078
2,17,41,1.019378,2.754122
2,17,42,0.946365,2.904467
2,17,43,0.921091,2.919336
2,17,44,0.912666,2.940814
2,17,45,0.915475,2.922641
2,17,46,1.098008,2.884641
2,17,47,1.395677,2.871424
2,18,0,1.322664,2.854903
2,18,1,1.187870,2.844990
2,18,2,1.137323,2.851599
2,18,3,1.067118,2.785513
2,18,4,1.053076,2.856555
2,18,5,1.098008,2.838381
2,18,6,1.154172,2.836729
2,18,7,1.244034,2.797078
2,18,8,1.260884,2.790469
2,18,9,1.249651,2.770644
2,18,10,1.187870,2.783861
2,18,11,1.128898,2.772296
2,18,12,0.988488,2.773948
2,18,13,0.957598,2.732644
2,18,14,0.994104,2.712819
2,18,15,0.980063,2.697949
2,18,16,0.991296,2.714471
2,18,17,1.128898,2.689689
2,18,18,1.255267,2.669863
2,18,19,1.370404,2.688036
2,18,20,1.538896,2.702906
2,18,21,1.564170,2.673167
2,18,22,1.423759,2.600473
2,18,23,1.300198,2.683080
2,18,24,1.314239,2.654994
2,18,25,1.367595,2.529431
2,18,26,1.353554,2.507953
2,18,27,1.232802,2.569082
2,18,28,1.095200,2.562474
2,18,29,0.949173,2.445171
2,18,30,0.963214,2.488127
2,18,31,0.966022,2.303087
2,18,32,0.949173,2.251871
2,18,33,0.918283,2.220480
2,18,34,1.022186,2.159351
2,18,35,1.024994,1.941268
2,18,36,1.050268,1.964398
2,18,37,1.232802,2.013962
2,18,38,1.398486,1.937964
2,18,39,1.491156,1.994136
2,18,40,1.597868,2.085004
2,18,41,1.617526,2.114743
2,18,42,1.614717,2.053614
2,18,43,1.617526,2.047005
2,18,44,1.648416,1.914834
2,18,45,1.631567,2.156046
2,18,46,1.724237,1.999093
2,18,47,1.906771,1.977615
2,19,0,1.873072,1.990832
2,19,1,1.884305,2.002397
2,19,2,1.690539,1.895008
2,19,3,1.412527,2.038744
2,19,4,1.156980,1.929703
2,19,5,1.053076,2.065179
2,19,6,0.946365,2.080048
2,19,7,0.864927,2.123004
2,19,8,0.836845,2.136221
2,19,9,0.876160,1.926399
2,19,10,0.853694,1.941268
2,19,11,0.853694,1.800836
2,19,12,0.856502,1.810749
2,19,13,0.907050,1.767793
2,19,14,0.951981,1.794227
2,19,15,0.932324,1.785966
2,19,16,0.966022,1.787619
2,19,17,1.039035,1.533189
2,19,18,1.089583,1.579449
2,19,19,1.151364,1.703359
2,19,20,1.058693,1.548058
2,19,21,1.140131,1.571188
2,19,22,1.190678,1.574492
2,19,23,1.137323,1.627361
2,19,24,1.171021,1.655447
2,19,25,1.092391,1.700055
2,19,26,1.123282,1.890051
2,19,27,0.982871,2.055266
2,19,28,0.977255,2.126308
2,19,29,0.974447,2.180829
2,19,30,0.977255,2.200654
2,19,31,0.853694,2.136221
2,19,32,0.893009,2.040396
2,19,33,0.848078,1.899964
2,19,34,0.909858,1.676925
2,19,35,0.878968,1.693446
2,19,36,0.814379,1.637274
2,19,37,0.966022,1.709968
2,19,38,0.828420,1.746315
2,19,39,0.775064,1.714924
2,19,40,0.783489,1.660404
2,19,41,0.803146,1.966050
2,19,42,0.819996,1.828922
2,19,43,0.825612,1.703359
2,19,44,0.794722,1.855356
2,19,45,0.761023,1.832226
2,19,46,0.811571,1.767793
2,19,47,0.786297,1.789271
2,20,0,0.688010,1.792575
2,20,1,0.586915,1.655447
2,20,2,0.499860,1.880139
2,20,3,0.421231,1.794227
2,20,4,0.440888,1.845444
2,20,5,0.505477,1.716576
2,20,6,0.561641,1.723185
2,20,7,0.508285,1.642230
2,20,8,0.432463,1.701707
2,20,9,0.381916,1.865269
2,20,10,0.387532,1.723185
2,20,11,0.373491,1.688490
2,20,12,0.322943,1.711620
2,20,13,0.336984,1.495189
2,20,14,0.331368,1.491885
2,20,15,0.322943,1.389452
2,20,16,0.280820,1.498494
2,20,17,0.278012,1.405974
2,20,18,0.269588,1.531536
2,20,19,0.258355,1.553014
2,20,20,0.171300,1.439016
2,20,21,0.154451,1.376235
2,20,22,0.202191,1.333279
2,20,23,0.230273,1.369626
2,20,24,0.252738,1.331627
2,20,25,0.269588,1.376235
2,20,26,0.255547,1.199456
2,20,27,0.381916,1.136674
2,20,28,0.539175,1.186239
2,20,29,0.761023,1.161456
2,20,30,0.836845,1.249020
2,20,31,0.845269,1.207716
2,20,32,0.805955,1.191195
2,20,33,0.794722,1.363018
2,20,34,0.803146,1.402669
2,20,35,0.836845,1.379539
2,20,36,0.898625,1.363018
2,20,37,0.887392,1.412582
2,20,38,0.831228,1.401017
2,20,39,0.702051,1.351453
2,20,40,0.665544,1.306845
2,20,41,0.648695,1.242411
2,20,42,0.645887,1.255629
2,20,43,0.645887,1.301889
2,20,44,0.612188,1.239107
2,20,45,0.598147,1.250672
2,20,46,0.629038,1.237455
2,20,47,0.693626,1.344844
2,21,0,0.668353,1.402669
2,21,1,0.637462,1.381191
2,21,2,0.600956,1.389452
2,21,3,0.581298,1.290324
2,21,4,0.699243,1.225890
2,21,5,0.693626,1.255629
2,21,6,0.825612,1.306845
2,21,7,0.904242,1.396061
2,21,8,0.898625,1.376235
2,21,9,0.926707,1.293628
2,21,10,0.929516,1.184586
2,21,11,0.912666,1.138326
2,21,12,0.811571,1.034241
2,21,13,0.732941,0.956591
2,21,14,0.673969,0.882244
2,21,15,0.665544,0.908679
2,21,16,0.645887,0.829376
2,21,17,0.648695,0.730247
2,21,18,0.699243,0.645988
2,21,19,0.688010,0.657553
2,21,20,0.570065,0.692248
2,21,21,0.522326,0.875636
2,21,22,0.606572,0.974764
2,21,23,0.634654,1.024329
2,21,24,0.578490,1.135022
2,21,25,0.595339,1.166413
2,21,26,0.598147,1.065632
2,21,27,0.744174,0.989634
2,21,28,0.803146,1.068936
2,21,29,0.848078,1.211021
2,21,30,0.870543,1.275454
2,21,31,0.867735,1.363018
2,21,32,0.797530,1.396061
2,21,33,0.836845,1.353105
2,21,34,0.819996,1.194499
2,21,35,0.834037,1.181282
2,21,36,0.890201,1.011111
2,21,37,0.881776,0.890505
2,21,38,0.789105,0.842593
2,21,39,0.800338,1.016068
2,21,40,0.752599,0.892157
2,21,41,0.614997,1.118501
2,21,42,0.530751,1.062328
2,21,43,0.499860,1.101979
2,21,44,0.435272,1.181282
2,21,45,0.404381,1.103631
2,21,46,0.570065,1.215977
2,21,47,0.763831,1.321714
2,22,0,0.890201,1.343192
2,22,1,0.907050,1.513363
2,22,2,0.834037,1.473711
2,22,3,0.755407,1.372931
2,22,4,0.620613,1.346496
2,22,5,0.457737,1.382844
2,22,6,0.297670,1.379539
2,22,7,0.227465,1.257281
2,22,8,0.199382,1.354757
2,22,9,0.244314,1.212673
2,22,10,0.308902,1.101979
2,22,11,0.381916,0.864071
2,22,12,0.446504,0.769899
2,22,13,0.452121,0.697204
2,22,14,0.454929,0.680683
2,22,15,0.466162,0.632771
2,22,16,0.463354,0.522077
2,22,17,0.443696,0.639379
2,22,18,0.443696,0.705465
2,22,19,0.446504,0.807898
2,22,20,0.336984,0.837636
2,22,21,0.443696,0.822767
2,22,22,0.468970,0.703813
2,22,23,0.502669,0.713726
2,22,24,0.547600,0.883896
2,22,25,0.564449,1.116849
2,22,26,0.592531,0.974764
2,22,27,0.718900,1.083806
2,22,28,0.710476,1.285367
2,22,29,0.634654,1.457190
2,22,30,0.673969,1.381191
2,22,31,0.609380,1.584405
2,22,32,0.575682,1.524928
2,22,33,0.556024,1.455538
2,22,34,0.530751,1.367974
2,22,35,0.519518,1.386148
2,22,36,0.488627,1.417539
2,22,37,0.505477,1.391104
2,22,38,0.367875,1.409278
2,22,39,0.193766,1.546406
2,22,40,0.188150,1.541449
2,22,41,0.193766,1.486929
2,22,42,0.204999,1.582753
2,22,43,0.238697,1.643882
2,22,44,0.269588,1.576144
2,22,45,0.261163,1.553014
2,22,46,0.280820,1.539797
2,22,47,0.331368,1.686838
2,23,0,0.306094,1.711620
2,23,1,0.275204,1.696751
2,23,2,0.280820,1.629013
2,23,3,0.266779,1.602579
2,23,4,0.266779,1.559623
2,23,5,0.401573,1.445625
2,23,6,0.497052,1.397713
2,23,7,0.516710,1.351453
2,23,8,0.570065,1.131718
2,23,9,0.600956,1.111892
2,23,10,0.606572,1.166413
2,23,11,0.491436,1.151544
2,23,12,0.359450,1.088762
2,23,13,0.278012,1.075545
2,23,14,0.233081,1.287019
2,23,15,0.230273,1.275454
2,23,16,0.216232,1.242411
2,23,17,0.252738,1.272150
2,23,18,0.314519,1.364670
2,23,19,0.359450,1.321714
2,23,20,0.311711,1.427451
2,23,21,0.314519,1.533189
2,23,22,0.370683,1.445625
2,23,23,0.370683,1.333279
2,23,24,0.367875,1.544754
2,23,25,0.466162,1.576144
2,23,26,0.567257,1.270498
2,23,27,0.673969,1.267194
2,23,28,0.828420,1.617448
2,23,29,0.772256,1.420843
2,23,30,0.761023,1.458842
2,23,31,0.721708,1.412582
2,23,32,0.805955,1.092066
2,23,33,0.769448,1.207716
2,23,34,0.794722,1.245716
2,23,35,0.817187,1.206064
2,23,36,0.839653,1.277106
2,23,37,0.884584,1.270498
2,23,38,0.780681,1.078849
2,23,39,0.620613,1.024329
2,23,40,0.640271,0.855810
2,23,41,0.556024,0.888853
2,23,42,0.519518,0.768246
2,23,43,0.561641,0.679031
2,23,44,0.536367,0.586511
2,23,45,0.536367,0.679031
2,23,46,0.556024,0.568337
2,23,47,0.575682,0.493991
2,24,0,0.541983,0.498947
2,24,1,0.513901,0.546859
2,24,2,0.471778,0.475817
2,24,3,0.449313,0.500599
2,24,4,0.460545,0.484078
2,24,5,0.463354,0.472513
2,24,6,0.429655,0.487382
2,24,7,0.404381,0.546859
2,24,8,0.407190,0.492339
2,24,9,0.370683,0.470861
2,24,10,0.393149,0.472513
2,24,11,0.379108,0.459296
2,24,12,0.370683,0.462600
2,24,13,0.488627,0.444426
2,24,14,0.516710,0.396514
2,24,15,0.592531,0.404775
2,24,16,0.648695,0.355211
2,24,17,0.741366,0.353559
2,24,18,0.811571,0.332081
2,24,19,0.951981,0.330429
2,24,20,1.171021,0.358515
2,24,21,1.238418,0.375036
2,24,22,1.258075,0.434514
2,24,23,1.325472,0.522077
2,24,24,1.364787,0.584859
2,24,25,1.387253,0.733551
2,24,26,1.443417,0.778159
2,24,27,1.648416,0.869027
2,24,28,1.780401,0.938417
2,24,29,1.749511,1.016068
2,24,30,1.676498,1.101979
2,24,31,1.595060,1.181282
2,24,32,1.668073,1.287019
2,24,33,1.701772,1.402669
2,24,34,1.735470,1.439016
2,24,35,1.819716,1.632317
2,24,36,1.909579,1.804140
2,24,37,1.951702,1.901616
2,24,38,2.038756,1.895008
2,24,39,2.019099,1.933007
2,24,40,1.979784,1.904921
2,24,41,1.948894,1.903269
2,24,42,1.920812,1.828922
2,24,43,1.898346,1.888399
2,24,44,1.898346,1.997441
2,24,45,1.749511,2.081700
2,24,46,1.597868,2.015614
2,24,47,1.491156,2.101526
2,25,0,1.530471,2.182481
2,25,1,1.634375,2.085004
2,25,2,1.659649,2.088309
2,25,3,1.698963,2.248566
2,25,4,1.634375,2.308044
2,25,5,1.600676,2.276653
2,25,6,1.536088,2.337782
2,25,7,1.541704,2.309696
2,25,8,1.522047,2.385694
2,25,9,1.426568,2.430302
2,25,10,1.325472,2.443519
2,25,11,1.249651,2.483171
2,25,12,1.131706,2.496388
2,25,13,1.013762,2.522822
2,25,14,0.937940,2.521170
2,25,15,0.915475,2.524474
2,25,16,0.951981,2.405520
2,25,17,0.935132,2.380738
2,25,18,0.971639,2.393955
2,25,19,1.092391,2.331174
2,25,20,1.083967,2.303087
2,25,21,1.154172,2.355956
2,25,22,1.162596,2.344391
2,25,23,1.258075,2.296479
2,25,24,1.328280,2.332826
2,25,25,1.406910,2.275001
2,25,26,1.446225,2.113091
2,25,27,1.572594,1.979267
2,25,28,1.828141,1.947876
2,25,29,1.940469,1.989180
2,25,30,1.895538,1.990832
2,25,31,1.743895,1.941268
2,25,32,1.749511,1.635621
2,25,33,1.766360,1.442321
2,25,34,1.727045,1.399365
2,25,35,1.718621,1.463799
2,25,36,1.769169,1.511711
2,25,37,1.873072,1.574492
2,25,38,1.954510,1.371279
2,25,39,2.030331,1.326671
2,25,40,2.052797,1.389452
2,25,41,1.999441,1.460494
2,25,42,1.892729,1.576144
2,25,43,1.982592,1.663708
2,25,44,2.002249,1.743011
2,25,45,1.948894,1.615796
2,25,46,1.948894,1.731446
2,25,47,1.968551,1.719881
2,26,0,2.024715,1.847096
2,26,1,2.083687,2.023875
2,26,2,1.993825,2.156046
2,26,3,1.870264,2.139525
2,26,4,1.920812,2.357608
2,26,5,1.901154,2.504649
2,26,6,1.887113,2.446824
2,26,7,1.901154,2.435259
2,26,8,1.901154,2.526126
2,26,9,1.937661,2.732644
2,26,10,2.007866,2.678124
2,26,11,2.030331,2.565778
2,26,12,1.985400,2.676471
2,26,13,1.881497,2.552561
2,26,14,1.946085,2.512909
2,26,15,2.010674,2.479866
2,26,16,2.030331,2.344391
2,26,17,2.123002,2.565778
2,26,18,2.218481,2.707862
2,26,19,2.322385,2.762383
2,26,20,2.415055,2.840034
2,26,21,2.527384,2.911076
2,26,22,2.465603,2.927597
2,26,23,2.471220,2.934206
2,26,24,2.462795,2.935858
2,26,25,2.440329,2.954031
2,26,26,2.488069,2.947423
2,26,27,2.611630,2.954031
2,26,28,2.679027,2.975509
2,26,29,2.673410,2.957336
2,26,30,2.606013,2.954031
2,26,31,2.386973,2.960640
2,26,32,2.364508,2.968901
2,26,33,2.401014,3.001944
2,26,34,2.429096,2.990379
2,26,35,2.459987,2.968901
2,26,36,2.488069,2.987074
2,26,37,2.510534,2.996987
2,26,38,2.575123,3.000291
2,26,39,2.611630,3.000291
2,26,40,2.468411,3.006900
2,26,41,2.443137,3.006900
2,26,42,2.406631,3.003596
2,26,43,2.398206,2.992031
2,26,44,2.423480,2.992031
2,26,45,2.437521,2.963944
2,26,46,2.459987,2.968901
2,26,47,2.468411,2.962292
2,27,0,2.488069,2.919336
2,27,1,2.395398,2.854903
2,27,2,2.342042,2.831773
2,27,3,2.198824,2.840034
2,27,4,2.044373,2.797078
2,27,5,1.982592,2.737601
2,27,6,1.833757,2.765687
2,27,7,1.715813,2.719427
2,27,8,1.682114,2.729340
2,27,9,1.654032,2.729340
2,27,10,1.687731,2.810295
2,27,11,1.659649,2.726036
2,27,12,1.684922,2.759079
2,27,13,1.642799,2.742557
2,27,14,1.620334,2.737601
2,27,15,1.609101,2.717775
2,27,16,1.628758,2.635168
2,27,17,1.654032,2.643429
2,27,18,1.575402,2.643429
2,27,19,1.631567,2.575691
2,27,20,1.508006,2.531083
2,27,21,1.443417,2.417085
2,27,22,1.319856,2.321261
2,27,23,1.286157,2.225436
2,27,24,1.319856,2.187437
2,27,25,1.249651,2.159351
2,27,26,1.210336,2.132916
2,27,27,1.336705,2.129612
2,27,28,1.513622,2.141177
2,27,29,1.398486,2.159351
2,27,30,1.227185,2.023875
2,27,31,1.019378,1.957789
2,27,32,0.999721,1.909877
2,27,33,1.010953,1.857009
2,27,34,1.044652,1.761184
2,27,35,1.081159,1.620752
2,27,36,1.086775,1.671969
2,27,37,1.061501,1.503450
2,27,38,0.954789,1.523276
2,27,39,0.848078,1.536493
2,27,40,0.741366,1.440669
2,27,41,0.685202,1.543101
2,27,42,0.668353,1.548058
2,27,43,0.648695,1.599274
2,27,44,0.556024,1.572840
2,27,45,0.561641,1.472059
2,27,46,0.527942,1.379539
2,27,47,0.511093,1.173021
2,28,0,0.533559,1.118501
2,28,1,0.572874,1.118501
2,28,2,0.665544,1.082154
2,28,3,0.620613,1.098675
2,28,4,0.617805,1.092066
2,28,5,0.671161,1.111892
2,28,6,0.744174,1.146587
2,28,7,0.783489,1.141631
2,28,8,0.783489,1.156500
2,28,9,0.845269,1.174674
2,28,10,0.915475,1.278759
2,28,11,0.999721,1.315106
2,28,12,1.098008,1.275454
2,28,13,1.151364,1.120153
2,28,14,1.274925,0.968156
2,28,15,1.412527,0.900418
2,28,16,1.415335,0.799637
2,28,17,1.505197,0.718682
2,28,18,1.555745,0.718682
2,28,19,1.597868,0.834332
2,28,20,1.713004,1.021024
2,28,21,1.713004,1.128414
2,28,22,1.623142,1.191195
2,28,23,1.656840,1.156500
2,28,24,1.682114,1.144935
2,28,25,1.715813,1.125109
2,28,26,1.724237,1.163109
2,28,27,1.830949,1.224238
2,28,28,1.985400,1.277106
2,28,29,2.005058,1.320062
2,28,30,1.940469,1.308497
2,28,31,1.788826,1.363018
2,28,32,1.741086,1.334931
2,28,33,1.760744,1.242411
2,28,34,1.825333,1.184586
2,28,35,1.833757,1.158152
2,28,36,1.923620,1.290324
2,28,37,1.962935,1.490233
2,28,38,2.024715,1.576144
2,28,39,2.075263,1.640578
2,28,40,2.078071,1.764489
2,28,41,2.108961,1.835531
2,28,42,2.097728,1.795879
2,28,43,2.117386,1.847096
2,28,44,2.117386,1.942920
2,28,45,2.117386,2.009006
2,28,46,2.128619,1.989180
2,28,47,2.179166,2.118047
3,1,0,2.106153,2.321261
3,1,1,1.940469,2.400564
3,1,2,1.704580,2.446824
3,1,3,1.642799,2.524474
3,1,4,1.794442,2.375781
3,1,5,1.881497,2.319609
3,1,6,1.684922,2.261784
3,1,7,1.550129,2.190741
3,1,8,1.491156,2.162655
3,1,9,1.305815,2.141177
3,1,10,1.221569,1.781010
3,1,11,1.224377,1.624056
3,1,12,1.112049,1.529884
3,1,13,1.123282,1.409278
3,1,14,1.151364,1.316758
3,1,15,1.263692,1.267194
3,1,16,1.390061,1.316758
3,1,17,1.575402,1.354757
3,1,18,1.752319,1.341540
3,1,19,1.873072,1.349801
3,1,20,2.019099,1.354757
3,1,21,2.106153,1.333279
3,1,22,1.878688,1.356409
3,1,23,1.814100,1.429104
3,1,24,1.724237,1.417539
3,1,25,1.679306,1.445625
3,1,26,1.679306,1.396061
3,1,27,1.727045,1.351453
3,1,28,1.816908,1.379539
3,1,29,1.550129,1.316758
3,1,30,1.367595,1.128414
3,1,31,1.083967,0.941721
3,1,32,0.974447,0.860766
3,1,33,0.960406,0.857462
3,1,34,0.943557,0.740160
3,1,35,0.918283,0.660857
3,1,36,0.912666,0.621206
3,1,37,0.909858,0.558424
3,1,38,0.777873,0.533642
3,1,39,0.480203,0.535294
3,1,40,0.359450,0.574946
3,1,41,0.356642,0.566685
3,1,42,0.353834,0.551816
3,1,43,0.421231,0.502251
3,1,44,0.460545,0.484078
3,1,45,0.513901,0.464252
3,1,46,0.631846,0.479121
3,1,47,0.898625,0.641031
3,2,0,0.909858,0.677379
3,2,1,1.013762,0.641031
3,2,2,0.974447,0.682335
3,2,3,0.940748,0.794681
3,2,4,0.873351,0.867375
3,2,5,0.819996,0.999546
3,2,6,0.864927,1.125109
3,2,7,0.935132,1.182934
3,2,8,0.935132,1.249020
3,2,9,0.909858,1.434060
3,2,10,0.887392,1.548058
3,2,11,1.078350,1.647186
3,2,12,1.187870,1.857009
3,2,13,1.232802,2.081700
3,2,14,1.286157,2.009006
3,2,15,1.451841,1.921442
3,2,16,1.769169,1.906573
3,2,17,1.864647,1.936311
3,2,18,2.027523,1.954485
3,2,19,2.224098,2.089961
3,2,20,2.372932,2.131264
3,2,21,2.384165,2.174220
3,2,22,2.336426,2.268392
3,2,23,2.344850,2.265088
3,2,24,2.347659,2.220480
3,2,25,2.356083,2.311348
3,2,26,2.358891,2.293174
3,2,27,2.490877,2.327869
3,2,28,2.608822,2.304739
3,2,29,2.628479,2.286566
3,2,30,2.622863,2.308044
3,2,31,2.490877,2.299783
3,2,32,2.443137,2.263436
3,2,33,2.448754,2.203959
3,2,34,2.451562,2.101526
3,2,35,2.499302,2.060222
3,2,36,2.524575,2.045353
3,2,37,2.563890,1.969354
3,2,38,2.634095,1.858661
3,2,39,2.659369,1.809096
3,2,40,2.620054,1.863617
3,2,41,2.591972,1.924746
3,2,42,2.547041,1.967702
3,2,43,2.482452,2.030484
3,2,44,2.423480,1.984224
3,2,45,2.288686,1.946224
3,2,46,2.229714,1.939616
3,2,47,2.218481,1.946224
3,3,0,2.212865,1.837183
3,3,1,2.049989,1.752924
3,3,2,2.016290,1.703359
3,3,3,2.052797,1.642230
3,3,4,2.128619,1.564579
3,3,5,2.069646,1.564579
3,3,6,1.948894,1.586057
3,3,7,1.797251,1.571188
3,3,8,1.811292,1.490233
3,3,9,1.763552,1.391104
3,3,10,1.668073,1.296932
3,3,11,1.670881,1.278759
3,3,12,1.597868,1.326671
3,3,13,1.617526,1.260585
3,3,14,1.519238,1.174674
3,3,15,1.550129,1.156500
3,3,16,1.457458,1.182934
3,3,17,1.449033,1.258933
3,3,18,1.479924,1.313454
3,3,19,1.533279,1.359714
3,3,20,1.398486,1.329975
3,3,21,1.373212,1.343192
3,3,22,1.395677,1.404321
3,3,23,1.465882,1.472059
3,3,24,1.440609,1.505102
3,3,25,1.460266,1.591014
3,3,26,1.485540,1.584405
3,3,27,1.423759,1.534841
3,3,28,1.328280,1.538145
3,3,29,1.252459,1.633969
3,3,30,1.288966,1.690142
3,3,31,1.252459,1.739706
3,3,32,1.227185,1.880139
3,3,33,1.232802,1.985876
3,3,34,1.255267,1.964398
3,3,35,1.277733,1.868574
3,3,36,1.258075,1.739706
3,3,37,1.218761,1.539797
3,3,38,1.041844,1.463799
3,3,39,0.946365,1.379539
3,3,40,0.951981,1.217629
3,3,41,0.943557,1.163109
3,3,42,0.909858,1.082154
3,3,43,0.870543,0.936765
3,3,44,0.836845,0.941721
3,3,45,0.786297,0.931809
3,3,46,0.842461,0.961547
3,3,47,0.893009,0.948330
3,4,0,0.831228,0.918591
3,4,1,0.761023,0.935113
3,4,2,0.735749,0.953286
3,4,3,0.755407,1.007807
3,4,4,0.763831,0.959895
3,4,5,0.909858,0.875636
3,4,6,0.974447,0.850854
3,4,7,1.154172,0.811202
3,4,8,1.241226,0.695552
3,4,9,1.249651,0.700509
3,4,10,1.117665,0.622858
3,4,11,0.949173,0.505556
3,4,12,0.862119,0.391558
3,4,13,0.763831,0.332081
3,4,14,0.749790,0.295734
3,4,15,0.716092,0.294081
3,4,16,0.845269,0.305646
3,4,17,0.859310,0.254430
3,4,18,0.963214,0.213126
3,4,19,1.201911,0.151997
3,4,20,1.207528,0.095824
3,4,21,1.131706,0.072694
3,4,22,1.027803,0.056173
3,4,23,0.988488,0.072694
3,4,24,0.940748,0.092520
3,4,25,0.890201,0.089216
3,4,26,0.870543,0.099129
3,4,27,0.777873,0.122259
3,4,28,0.598147,0.138780
3,4,29,0.488627,0.151997
3,4,30,0.477395,0.171823
3,4,31,0.353834,0.198257
3,4,32,0.261163,0.218083
3,4,33,0.244314,0.289125
3,4,34,0.233081,0.401471
3,4,35,0.235889,0.447731
3,4,36,0.241506,0.510512
3,4,37,0.235889,0.560076
3,4,38,0.120753,0.607989
3,4,39,0.109520,0.598076
3,4,40,0.112328,0.659205
3,4,41,0.151643,0.806246
3,4,42,0.179725,0.981373
3,4,43,0.165684,0.991286
3,4,44,0.219040,0.931809
3,4,45,0.252738,0.961547
3,4,46,0.252738,1.063980
3,4,47,0.300478,1.189543
3,5,0,0.320135,1.260585
3,5,1,0.370683,1.301889
3,5,2,0.429655,1.372931
3,5,3,0.457737,1.371279
3,5,4,0.457737,1.262237
3,5,5,0.541983,1.291976
3,5,6,0.623421,1.277106
3,5,7,0.710476,1.452234
3,5,8,0.845269,1.524928
3,5,9,1.027803,1.524928
3,5,10,1.190678,1.561275
3,5,11,1.159788,1.673621
3,5,12,1.173829,1.790923
3,5,13,1.249651,1.911529
3,5,14,1.406910,1.967702
3,5,15,1.552937,1.967702
3,5,16,1.656840,1.951181
3,5,17,1.707388,1.949529
3,5,18,1.738278,1.942920
3,5,19,1.814100,1.964398
3,5,20,1.701772,1.995789
3,5,21,1.566978,1.972659
3,5,22,1.437800,1.919790
3,5,23,1.370404,1.904921
3,5,24,1.381636,1.857009
3,5,25,1.359171,1.825618
3,5,26,1.370404,1.790923
3,5,27,1.311431,1.771097
3,5,28,1.317048,1.723185
3,5,29,1.347938,1.670316
3,5,30,1.359171,1.673621
3,5,31,1.274925,1.671969
3,5,32,1.246843,1.714924
3,5,33,1.263692,1.700055
3,5,34,1.249651,1.728141
3,5,35,1.246843,1.658751
3,5,36,1.255267,1.610839
3,5,37,1.288966,1.582753
3,5,38,1.311431,1.566231
3,5,39,1.342322,1.472059
3,5,40,1.305815,1.382844
3,5,41,1.229993,1.207716
3,5,42,1.190678,1.088762
3,5,43,1.123282,1.144935
3,5,44,1.095200,1.149891
3,5,45,1.120473,1.179630
3,5,46,1.179446,1.169717
3,5,47,1.140131,1.204412
3,6,0,1.109241,1.235803
3,6,1,1.016570,1.280411
3,6,2,0.921091,1.310149
3,6,3,0.850886,1.364670
3,6,4,0.761023,1.399365
3,6,5,0.744174,1.429104
3,6,6,0.724517,1.427451
3,6,7,0.673969,1.410930
3,6,8,0.600956,1.397713
3,6,9,0.513901,1.361366
3,6,10,0.511093,1.321714
3,6,11,0.533559,1.244064
3,6,12,0.505477,1.164761
3,6,13,0.449313,1.108588
3,6,14,0.370683,1.158152
3,6,15,0.334176,1.201108
3,6,16,0.308902,1.050763
3,6,17,0.325752,0.992938
3,6,18,0.322943,0.987981
3,6,19,0.286437,0.940069
3,6,20,0.157259,0.923548
3,6,21,0.106712,0.907026
3,6,22,0.098287,0.913635
3,6,23,0.087054,0.984677
3,6,24,0.095479,0.923548
3,6,25,0.140410,0.870679
3,6,26,0.129177,0.834332
3,6,27,0.283629,0.817811
3,6,28,0.443696,0.764942
3,6,29,0.435272,0.708769
3,6,30,0.471778,0.687291
3,6,31,0.527942,0.688944
3,6,32,0.592531,0.712074
3,6,33,0.682394,0.703813
3,6,34,0.704859,0.718682
3,6,35,0.721708,0.788072
3,6,36,0.749790,0.718682
3,6,37,0.789105,0.854158
3,6,38,0.707667,0.979721
3,6,39,0.640271,1.065632
3,6,40,0.693626,1.247368
3,6,41,0.721708,1.133370
3,6,42,0.730133,1.164761
3,6,43,0.808763,1.359714
3,6,44,0.808763,1.440669
3,6,45,0.794722,1.567884
3,6,46,0.805955,1.696751
3,6,47,0.811571,1.754576
3,7,0,0.912666,1.683534
3,7,1,0.893009,1.591014
3,7,2,0.769448,1.728141
3,7,3,0.763831,1.838835
3,7,4,0.881776,1.985876
3,7,5,0.791914,1.895008
3,7,6,0.794722,1.731446
3,7,7,0.749790,1.759532
3,7,8,0.744174,1.658751
3,7,9,0.707667,1.605883
3,7,10,0.766640,1.643882
3,7,11,0.937940,1.696751
3,7,12,1.134514,1.724837
3,7,13,1.263692,1.790923
3,7,14,1.269308,2.033788
3,7,15,1.359171,2.060222
3,7,16,1.291774,2.241958
3,7,17,1.325472,2.255175
3,7,18,1.314239,2.426998
3,7,19,1.331089,2.583951
3,7,20,1.255267,2.549256
3,7,21,1.218761,2.557517
3,7,22,1.168213,2.469954
3,7,23,1.137323,2.587256
3,7,24,1.171021,2.476562
3,7,25,1.196295,2.453432
3,7,26,1.199103,2.610386
3,7,27,1.055885,2.539344
3,7,28,1.030611,2.595516
3,7,29,1.075542,2.588908
3,7,30,1.112049,2.590560
3,7,31,1.137323,2.552561
3,7,32,1.134514,2.476562
3,7,33,1.126090,2.324565
3,7,34,1.100816,2.227089
3,7,35,1.106432,2.149438
3,7,36,1.095200,2.124656
3,7,37,1.072734,2.009006
3,7,38,0.932324,2.002397
3,7,39,0.825612,2.055266
3,7,40,0.822804,1.964398
3,7,41,0.808763,1.875182
3,7,42,0.789105,1.723185
3,7,43,0.724517,1.657099
3,7,44,0.657120,1.630665
3,7,45,0.654312,1.493537
3,7,46,0.648695,1.521624
3,7,47,0.651503,1.429104
3,8,0,0.570065,1.267194
3,8,1,0.505477,1.244064
3,8,2,0.432463,1.196151
3,8,3,0.336984,1.040850
3,8,4,0.238697,0.930156
3,8,5,0.190958,0.801289
3,8,6,0.154451,0.766594
3,8,7,0.151643,0.700509
3,8,8,0.210615,0.664161
3,8,9,0.204999,0.581554
3,8,10,0.278012,0.581554
3,8,11,0.424039,0.416340
3,8,12,0.522326,0.318864
3,8,13,0.570065,0.383297
3,8,14,0.519518,0.388254
3,8,15,0.511093,0.330429
3,8,16,0.488627,0.348602
3,8,17,0.483011,0.345298
3,8,18,0.519518,0.431209
3,8,19,0.522326,0.502251
3,8,20,0.351025,0.644336
3,8,21,0.387532,0.692248
3,8,22,0.474586,0.725291
3,8,23,0.561641,0.637727
3,8,24,0.609380,0.593119
3,8,25,0.671161,0.578250
3,8,26,0.654312,0.604684
3,8,27,0.572874,0.588163
3,8,28,0.598147,0.555120
3,8,29,0.586915,0.459296
3,8,30,0.581298,0.375036
3,8,31,0.541983,0.340341
3,8,32,0.457737,0.332081
3,8,33,0.432463,0.270951
3,8,34,0.404381,0.236256
3,8,35,0.390340,0.213126
3,8,36,0.384724,0.198257
3,8,37,0.379108,0.183388
3,8,38,0.233081,0.160258
3,8,39,0.084246,0.158606
3,8,40,0.084246,0.140432
3,8,41,0.081438,0.130519
3,8,42,0.084246,0.112346
3,8,43,0.075822,0.102433
3,8,44,0.064589,0.104085
3,8,45,0.058972,0.107389
3,8,46,0.044931,0.128867
3,8,47,0.033698,0.153649
3,9,0,0.050548,0.155301
3,9,1,0.044931,0.173475
3,9,2,0.075822,0.160258
3,9,3,0.202191,0.120606
3,9,4,0.376299,0.107389
3,9,5,0.477395,0.079303
3,9,6,0.483011,0.052869
3,9,7,0.567257,0.054521
3,9,8,0.620613,0.057825
3,9,9,0.575682,0.066086
3,9,10,0.586915,0.069390
3,9,11,0.589723,0.087564
3,9,12,0.780681,0.090868
3,9,13,0.662736,0.095824
3,9,14,0.589723,0.109041
3,9,15,0.623421,0.104085
3,9,16,0.570065,0.087564
3,9,17,0.640271,0.079303
3,9,18,0.682394,0.082607
3,9,19,0.718900,0.090868
3,9,20,0.578490,0.105737
3,9,21,0.640271,0.112346
3,9,22,0.679585,0.143736
3,9,23,0.685202,0.203214
3,9,24,0.690818,0.318864
3,9,25,0.735749,0.446079
3,9,26,0.769448,0.533642
3,9,27,0.814379,0.688944
3,9,28,0.859310,0.789724
3,9,29,0.755407,0.900418
3,9,30,0.620613,0.936765
3,9,31,0.553216,0.908679
3,9,32,0.519518,0.892157
3,9,33,0.564449,0.892157
3,9,34,0.544792,0.926852
3,9,35,0.513901,0.900418
3,9,36,0.488627,0.885549
3,9,37,0.513901,0.936765
3,9,38,0.446504,1.004503
3,9,39,0.412806,1.034241
3,9,40,0.426847,1.166413
3,9,41,0.415614,0.865723
3,9,42,0.409998,1.100327
3,9,43,0.446504,0.978069
3,9,44,0.446504,0.956591
3,9,45,0.432463,1.078849
3,9,46,0.463354,1.141631
3,9,47,0.499860,1.156500
3,10,0,0.508285,1.139979
3,10,1,0.485819,1.106936
3,10,2,0.438080,1.030937
3,10,3,0.401573,1.045806
3,10,4,0.289245,0.911983
3,10,5,0.179725,0.827724
3,10,6,0.160068,0.829376
3,10,7,0.117945,0.857462
3,10,8,0.131986,0.837636
3,10,9,0.151643,0.743464
3,10,10,0.171300,0.679031
3,10,11,0.202191,0.578250
3,10,12,0.216232,0.479121
3,10,13,0.188150,0.422949
3,10,14,0.160068,0.386601
3,10,15,0.165684,0.341994
3,10,16,0.162876,0.282516
3,10,17,0.148835,0.229648
3,10,18,0.140410,0.156954
3,10,19,0.140410,0.127215
3,10,20,0.078630,0.120606
3,10,21,0.151643,0.104085
3,10,22,0.190958,0.092520
3,10,23,0.227465,0.107389
3,10,24,0.247122,0.128867
3,10,25,0.269588,0.160258
3,10,26,0.308902,0.186692
3,10,27,0.494244,0.163562
3,10,28,0.794722,0.158606
3,10,29,1.064309,0.120606
3,10,30,1.204720,0.085911
3,10,31,1.131706,0.075999
3,10,32,1.159788,0.094172
3,10,33,1.173829,0.080955
3,10,34,1.218761,0.077651
3,10,35,1.255267,0.062781
3,10,36,1.308623,0.057825
3,10,37,1.272116,0.066086
3,10,38,1.286157,0.097476
3,10,39,1.305815,0.138780
3,10,40,1.311431,0.186692
3,10,41,1.319856,0.246169
3,10,42,1.356363,0.264343
3,10,43,1.370404,0.312255
3,10,44,1.359171,0.350254
3,10,45,1.364787,0.442774
3,10,46,1.390061,0.586511
3,10,47,1.395677,0.735204
3,11,0,1.426568,0.710421
3,11,1,1.404102,0.660857
3,11,2,1.395677,0.690596
3,11,3,1.420951,0.708769
3,11,4,1.418143,0.753377
3,11,5,1.440609,0.740160
3,11,6,1.471499,0.745116
3,11,7,1.496773,0.802941
3,11,8,1.581019,0.827724
3,11,9,1.637183,0.840941
3,11,10,1.625950,0.814506
3,11,11,1.606293,0.826071
3,11,12,1.564170,0.844245
3,11,13,1.426568,0.819463
3,11,14,1.418143,0.783116
3,11,15,1.418143,0.705465
3,11,16,1.460266,0.603032
3,11,17,1.485540,0.513816
3,11,18,1.463074,0.485730
3,11,19,1.536088,0.469209
3,11,20,1.592252,0.449383
3,11,21,1.583827,0.490686
3,11,22,1.415335,0.528686
3,11,23,1.398486,0.596424
3,11,24,1.392869,0.645988
3,11,25,1.412527,0.768246
3,11,26,1.409718,0.849201
3,11,27,1.471499,0.852506
3,11,28,1.592252,0.907026
3,11,29,1.637183,0.936765
3,11,30,1.544512,0.978069
3,11,31,1.406910,1.025981
3,11,32,1.443417,1.025981
3,11,33,1.457458,1.035894
3,11,34,1.412527,1.040850
3,11,35,1.420951,1.034241
3,11,36,1.434992,1.063980
3,11,37,1.457458,0.930156
3,11,38,1.550129,0.847549
3,11,39,1.566978,0.829376
3,11,40,1.516430,0.796333
3,11,41,1.502389,0.746769
3,11,42,1.499581,0.708769
3,11,43,1.460266,0.687291
3,11,44,1.311431,0.644336
3,11,45,1.064309,0.589815
3,11,46,0.960406,0.571641
3,11,47,0.895817,0.631119
3,12,0,0.797530,0.629466
3,12,1,0.777873,0.578250
3,12,2,0.679585,0.631119
3,12,3,0.592531,0.636075
3,12,4,0.491436,0.632771
3,12,5,0.407190,0.639379
3,12,6,0.367875,0.664161
3,12,7,0.339793,0.677379
3,12,8,0.322943,0.617901
3,12,9,0.303286,0.614597
3,12,10,0.280820,0.603032
3,12,11,0.328560,0.579902
3,12,12,0.317327,0.561729
3,12,13,0.283629,0.546859
3,12,14,0.238697,0.436166
3,12,15,0.230273,0.335385
3,12,16,0.210615,0.275908
3,12,17,0.179725,0.208170
3,12,18,0.168492,0.147041
3,12,19,0.157259,0.123911
3,12,20,0.134794,0.110694
3,12,21,0.160068,0.107389
3,12,22,0.143218,0.109041
3,12,23,0.143218,0.104085
3,12,24,0.146027,0.113998
3,12,25,0.168492,0.132171
3,12,26,0.160068,0.140432
3,12,27,0.193766,0.176779
3,12,28,0.283629,0.221387
3,12,29,0.272396,0.214779
3,12,30,0.210615,0.221387
3,12,31,0.182533,0.252778
3,12,32,0.216232,0.275908
3,12,33,0.266779,0.343646
3,12,34,0.359450,0.421296
3,12,35,0.508285,0.565033
3,12,36,0.651503,0.685639
3,12,37,0.867735,0.723639
3,12,38,1.134514,0.893809
3,12,39,1.390061,0.918591
3,12,40,1.527663,0.981373
3,12,41,1.552937,1.065632
3,12,42,1.611909,0.898766
3,12,43,1.682114,0.763290
3,12,44,1.704580,0.740160
3,12,45,1.724237,0.839289
3,12,46,1.881497,0.923548
3,12,47,2.108961,0.978069
3,13,0,2.097728,1.067284
3,13,1,2.064030,1.047459
3,13,2,2.083687,1.101979
3,13,3,2.061222,1.133370
3,13,4,2.047181,1.143283
3,13,5,2.013482,1.191195
3,13,6,2.047181,1.812401
3,13,7,2.103345,1.898312
3,13,8,2.114578,1.873530
3,13,9,2.145468,1.759532
3,13,10,2.165125,1.617448
3,13,11,2.181975,1.747967
3,13,12,2.120194,1.966050
3,13,13,1.794442,2.040396
3,13,14,1.704580,2.207263
3,13,15,1.794442,2.291522
3,13,16,1.788826,2.471606
3,13,17,1.741086,2.367521
3,13,18,1.642799,2.387346
3,13,19,1.715813,2.494736
3,13,20,1.623142,2.592212
3,13,21,1.361979,2.730992
3,13,22,1.305815,2.828469
3,13,23,1.303007,2.818556
3,13,24,1.308623,2.861511
3,13,25,1.384445,2.897859
3,13,26,1.370404,2.988726
3,13,27,1.547320,2.980466
3,13,28,1.822524,2.930901
3,13,29,1.923620,2.917684
3,13,30,1.929236,2.960640
3,13,31,1.727045,2.958988
3,13,32,1.684922,2.947423
3,13,33,1.850606,2.985422
3,13,34,1.946085,3.005248
3,13,35,2.035948,3.046551
3,13,36,2.159509,3.056464
3,13,37,2.288686,3.064725
3,13,38,2.415055,3.051508
3,13,39,2.448754,3.058116
3,13,40,2.462795,3.072986
3,13,41,2.541425,3.079594
3,13,42,2.583548,3.102724
3,13,43,2.530192,3.148984
3,13,44,2.367316,3.144028
3,13,45,2.064030,3.167158
3,13,46,1.839374,3.153941
3,13,47,1.856223,3.170462
3,14,0,1.864647,3.177071
3,14,1,1.844990,3.178723
3,14,2,1.909579,3.125854
3,14,3,1.993825,3.153941
3,14,4,2.114578,3.145680
3,14,5,2.232522,3.137419
3,14,6,2.364508,3.137419
3,14,7,2.474028,3.127506
3,14,8,2.488069,3.110985
3,14,9,2.417864,3.104376
3,14,10,2.381357,3.119246
3,14,11,2.297111,3.125854
3,14,12,2.280262,3.129159
3,14,13,2.221289,3.110985
3,14,14,2.204440,3.076290
3,14,15,2.235330,3.053160
3,14,16,2.249371,3.076290
3,14,17,2.263412,3.058116
3,14,18,2.229714,3.011856
3,14,19,2.238139,2.985422
3,14,20,2.103345,3.006900
3,14,21,1.971359,2.998639
3,14,22,1.875880,2.980466
3,14,23,1.895538,3.044899
3,14,24,1.889921,3.048204
3,14,25,1.929236,3.076290
3,14,26,1.985400,3.071334
3,14,27,2.165125,3.049856
3,14,28,2.372932,3.015161
3,14,29,2.398206,3.001944
3,14,30,2.364508,3.039943
3,14,31,2.156701,3.005248
3,14,32,2.153892,3.021769
3,14,33,2.139851,2.993683
3,14,34,2.167933,2.977161
3,14,35,2.176358,2.967249
3,14,36,2.137043,2.942466
3,14,37,2.106153,2.892902
3,14,38,1.974167,2.871424
3,14,39,2.058414,2.904467
3,14,40,2.007866,3.041595
3,14,41,2.058414,3.031682
3,14,42,2.016290,3.000291
3,14,43,2.002249,2.968901
3,14,44,2.021907,2.930901
3,14,45,1.974167,2.836729
3,14,46,2.078071,2.658298
3,14,47,2.128619,2.625255
3,15,0,2.139851,2.577343
3,15,1,2.139851,2.666559
3,15,2,2.196016,2.694645
3,15,3,2.243755,2.666559
3,15,4,2.302727,2.633516
3,15,5,2.221289,2.544300
3,15,6,2.137043,2.517866
3,15,7,2.066838,2.431954
3,15,8,1.985400,2.463345
3,15,9,1.906771,2.493084
3,15,10,1.825333,2.463345
3,15,11,1.830949,2.400564
3,15,12,1.864647,2.296479
3,15,13,1.774785,2.232045
3,15,14,1.701772,2.070135
3,15,15,1.578211,2.071787
3,15,16,1.519238,1.928051
3,15,17,1.538896,1.840487
3,15,18,1.516430,1.858661
3,15,19,1.513622,1.840487
3,15,20,1.395677,1.795879
3,15,21,1.199103,1.642230
3,15,22,1.120473,1.586057
3,15,23,1.067118,1.496841
3,15,24,1.075542,1.384496
3,15,25,1.022186,1.301889
3,15,26,1.010953,1.296932
3,15,27,0.890201,1.376235
3,15,28,0.775064,1.338236
3,15,29,0.676777,1.341540
3,15,30,0.657120,1.263889
3,15,31,0.668353,1.100327
3,15,32,0.685202,1.068936
3,15,33,0.730133,0.997894
3,15,34,0.783489,0.898766
3,15,35,0.786297,0.728595
3,15,36,0.836845,0.665814
3,15,37,0.825612,0.566685
3,15,38,0.769448,0.535294
3,15,39,0.738558,0.518773
3,15,40,0.673969,0.457644
3,15,41,0.606572,0.350254
3,15,42,0.589723,0.289125
3,15,43,0.556024,0.249474
3,15,44,0.502669,0.246169
3,15,45,0.438080,0.257734
3,15,46,0.376299,0.216431
3,15,47,0.308902,0.241213
3,16,0,0.230273,0.244517
3,16,1,0.165684,0.328776
3,16,2,0.078630,0.353559
3,16,3,0.070205,0.323820
3,16,4,0.070205,0.363471
3,16,5,0.070205,0.401471
3,16,6,0.078630,0.414688
3,16,7,0.061780,0.398166
3,16,8,0.047739,0.469209
3,16,9,0.092671,0.561729
3,16,10,0.148835,0.606336
3,16,11,0.258355,0.710421
3,16,12,0.395957,0.797985
3,16,13,0.449313,0.895461
3,16,14,0.460545,0.987981
3,16,15,0.511093,1.120153
3,16,16,0.547600,1.239107
3,16,17,0.558833,1.154848
3,16,18,0.561641,1.138326
3,16,19,0.575682,1.189543
3,16,20,0.454929,1.361366
3,16,21,0.438080,1.470407
3,16,22,0.474586,1.430756
3,16,23,0.432463,1.452234
3,16,24,0.438080,1.534841
3,16,25,0.477395,1.658751
3,16,26,0.502669,1.685186
3,16,27,0.466162,1.713272
3,16,28,0.491436,1.774401
3,16,29,0.505477,1.890051
3,16,30,0.533559,1.974311
3,16,31,0.530751,2.085004
3,16,32,0.547600,2.177524
3,16,33,0.567257,2.261784
3,16,34,0.643079,2.199002
3,16,35,0.763831,2.085004
3,16,36,0.918283,2.055266
3,16,37,1.019378,2.080048
3,16,38,1.089583,2.101526
3,16,39,1.151364,2.099874
3,16,40,1.199103,2.071787
3,16,41,1.218761,2.078396
3,16,42,1.232802,2.038744
3,16,43,1.303007,1.962746
3,16,44,1.305815,1.888399
3,16,45,1.305815,1.759532
3,16,46,1.451841,1.673621
3,16,47,1.603484,1.655447
3,17,0,1.606293,1.602579
3,17,1,1.645608,1.529884
3,17,2,1.611909,1.488581
3,17,3,1.609101,1.529884
3,17,4,1.600676,1.597622
3,17,5,1.603484,1.648839
3,17,6,1.609101,1.749619
3,17,7,1.581019,1.723185
3,17,8,1.581019,1.751271
3,17,9,1.569786,1.809096
3,17,10,1.566978,1.949529
3,17,11,1.533279,2.028831
3,17,12,1.522047,2.048657
3,17,13,1.359171,1.995789
3,17,14,1.317048,1.847096
3,17,15,1.367595,1.711620
3,17,16,1.378828,1.551362
3,17,17,1.395677,1.377887
3,17,18,1.395677,1.207716
3,17,19,1.387253,1.133370
3,17,20,1.390061,1.148239
3,17,21,1.418143,1.120153
3,17,22,1.342322,1.098675
3,17,23,1.317048,1.133370
3,17,24,1.353554,1.092066
3,17,25,1.429376,1.022676
3,17,26,1.446225,0.968156
3,17,27,1.530471,0.718682
3,17,28,1.544512,0.578250
3,17,29,1.637183,0.718682
3,17,30,1.710196,0.869027
3,17,31,1.564170,1.229194
3,17,32,1.581019,1.538145
3,17,33,1.609101,1.931355
3,17,34,1.544512,2.149438
3,17,35,1.493965,2.428650
3,17,36,1.496773,2.456736
3,17,37,1.566978,2.463345
3,17,38,1.654032,2.504649
3,17,39,1.457458,2.458389
3,17,40,1.238418,2.304739
3,17,41,1.095200,2.066831
3,17,42,0.943557,2.022223
3,17,43,0.819996,1.890051
3,17,44,0.752599,1.835531
3,17,45,0.724517,1.485276
3,17,46,0.713284,1.377887
3,17,47,0.662736,1.521624
3,18,0,0.544792,1.377887
3,18,1,0.429655,1.098675
3,18,2,0.379108,1.073893
3,18,3,0.297670,0.989634
3,18,4,0.255547,0.946678
3,18,5,0.204999,0.852506
3,18,6,0.151643,0.822767
3,18,7,0.137602,0.779811
3,18,8,0.123561,0.793029
3,18,9,0.123561,0.791376
3,18,10,0.129177,0.726943
3,18,11,0.109520,0.751725
3,18,12,0.092671,0.723639
3,18,13,0.081438,0.687291
3,18,14,0.047739,0.647640
3,18,15,0.044931,0.637727
3,18,16,0.039315,0.652596
3,18,17,0.042123,0.758334
3,18,18,0.042123,0.840941
3,18,19,0.036507,0.920244
3,18,20,0.019657,0.911983
3,18,21,0.022466,0.852506
3,18,22,0.019657,0.969808
3,18,23,0.016849,0.983025
3,18,24,0.019657,0.940069
3,18,25,0.022466,0.849201
3,18,26,0.036507,0.854158
3,18,27,0.047739,0.822767
3,18,28,0.058972,0.748421
3,18,29,0.044931,0.546859
3,18,30,0.044931,0.447731
3,18,31,0.042123,0.338689
3,18,32,0.036507,0.290777
3,18,33,0.030890,0.251126
3,18,34,0.030890,0.201561
3,18,35,0.028082,0.161910
3,18,36,0.025274,0.133824
3,18,37,0.025274,0.130519
3,18,38,0.025274,0.117302
3,18,39,0.025274,0.145389
3,18,40,0.030890,0.168519
3,18,41,0.042123,0.175127
3,18,42,0.036507,0.194953
3,18,43,0.033698,0.216431
3,18,44,0.036507,0.239561
3,18,45,0.033698,0.275908
3,18,46,0.036507,0.272604
3,18,47,0.042123,0.295734
3,19,0,0.053356,0.310603
3,19,1,0.053356,0.333733
3,19,2,0.064589,0.386601
3,19,3,0.070205,0.401471
3,19,4,0.084246,0.384949
3,19,5,0.087054,0.406427
3,19,6,0.073013,0.449383
3,19,7,0.064589,0.527034
3,19,8,0.075822,0.589815
3,19,9,0.064589,0.531990
3,19,10,0.064589,0.510512
3,19,11,0.047739,0.535294
3,19,12,0.089863,0.512164
3,19,13,0.092671,0.436166
3,19,14,0.078630,0.396514
3,19,15,0.095479,0.294081
3,19,16,0.092671,0.209822
3,19,17,0.089863,0.194953
3,19,18,0.084246,0.194953
3,19,19,0.084246,0.191649
3,19,20,0.053356,0.171823
3,19,21,0.081438,0.176779
3,19,22,0.143218,0.206518
3,19,23,0.176917,0.232952
3,19,24,0.207807,0.242865
3,19,25,0.202191,0.251126
3,19,26,0.224656,0.340341
3,19,27,0.207807,0.710421
3,19,28,0.230273,0.966504
3,19,29,0.233081,1.211021
3,19,30,0.342601,1.353105
3,19,31,0.452121,1.473711
3,19,32,0.376299,1.643882
3,19,33,0.370683,1.762836
3,19,34,0.398765,1.852052
3,19,35,0.426847,1.990832
3,19,36,0.418422,2.042049
3,19,37,0.426847,1.987528
3,19,38,0.359450,2.035440
3,19,39,0.314519,2.197350
3,19,40,0.303286,2.268392
3,19,41,0.381916,2.347695
3,19,42,0.384724,2.420389
3,19,43,0.446504,2.346043
3,19,44,0.485819,2.397259
3,19,45,0.530751,2.428650
3,19,46,0.570065,2.654994
3,19,47,0.673969,2.550909
3,20,0,0.777873,2.499692
3,20,1,0.811571,2.562474
3,20,2,0.716092,2.574039
3,20,3,0.713284,2.407172
3,20,4,0.696435,2.306391
3,20,5,0.668353,2.299783
3,20,6,0.704859,2.263436
3,20,7,0.721708,2.322913
3,20,8,0.730133,2.331174
3,20,9,0.735749,2.337782
3,20,10,0.744174,2.355956
3,20,11,0.682394,2.294826
3,20,12,0.752599,2.261784
3,20,13,0.741366,2.081700
3,20,14,0.752599,2.088309
3,20,15,0.724517,1.974311
3,20,16,0.716092,1.898312
3,20,17,0.727325,1.858661
3,20,18,0.749790,1.906573
3,20,19,0.752599,1.890051
3,20,20,0.766640,1.934659
3,20,21,0.996912,1.843791
3,20,22,1.131706,1.800836
3,20,23,1.086775,1.738054
3,20,24,1.086775,1.718229
3,20,25,1.123282,1.658751
3,20,26,1.151364,1.602579
3,20,27,1.364787,1.600926
3,20,28,1.437800,1.685186
3,20,29,1.516430,1.756228
3,20,30,1.552937,1.665360
3,20,31,1.491156,1.548058
3,20,32,1.485540,1.491885
3,20,33,1.415335,1.316758
3,20,34,1.401294,1.353105
3,20,35,1.404102,1.249020
3,20,36,1.471499,0.974764
3,20,37,1.538896,1.001199
3,20,38,1.614717,0.964851
3,20,39,1.659649,0.834332
3,20,40,1.654032,0.738508
3,20,41,1.628758,0.708769
3,20,42,1.659649,0.822767
3,20,43,1.665265,0.735204
3,20,44,1.668073,0.674074
3,20,45,1.698963,0.718682
3,20,46,1.757936,0.717030
3,20,47,1.873072,0.796333
3,21,0,1.847798,0.862419
3,21,1,1.850606,0.923548
3,21,2,1.856223,0.933461
3,21,3,1.875880,1.030937
3,21,4,1.870264,1.088762
3,21,5,1.861839,1.306845
3,21,6,1.836565,1.263889
3,21,7,1.833757,1.153196
3,21,8,1.802867,1.295280
3,21,9,1.833757,1.341540
3,21,10,1.816908,1.310149
3,21,11,1.844990,1.369626
3,21,12,1.741086,1.429104
3,21,13,1.592252,1.435712
3,21,14,1.617526,1.462146
3,21,15,1.648416,1.604231
3,21,16,1.766360,1.718229
3,21,17,1.867456,1.804140
3,21,18,1.988208,1.830574
3,21,19,2.007866,2.056918
3,21,20,2.038756,2.199002
3,21,21,2.035948,2.397259
3,21,22,1.976976,2.431954
3,21,23,1.960126,2.460041
3,21,24,1.915195,2.595516
3,21,25,1.816908,2.764035
3,21,26,1.794442,2.815251
3,21,27,1.875880,2.902815
3,21,28,1.991017,2.930901
3,21,29,1.704580,2.968901
3,21,30,1.499581,2.978814
3,21,31,1.353554,2.904467
3,21,32,1.297390,2.876381
3,21,33,1.277733,2.721079
3,21,34,1.297390,2.577343
3,21,35,1.322664,2.484823
3,21,36,1.356363,2.405520
3,21,37,1.376020,2.332826
3,21,38,1.589443,2.212219
3,21,39,1.769169,2.121351
3,21,40,1.892729,2.061874
3,21,41,1.937661,1.992484
3,21,42,1.892729,1.969354
3,21,43,1.842182,2.070135
3,21,44,1.794442,2.238654
3,21,45,1.786018,2.220480
3,21,46,1.802867,2.205611
3,21,47,1.828141,2.121351
3,22,0,1.791634,2.149438
3,22,1,1.729854,2.149438
3,22,2,1.783210,2.126308
3,22,3,1.769169,2.208915
3,22,4,1.718621,2.286566
3,22,5,1.679306,2.187437
3,22,6,1.673690,2.070135
3,22,7,1.491156,2.030484
3,22,8,1.272116,2.055266
3,22,9,1.182254,2.151090
3,22,10,1.036227,2.279957
3,22,11,0.887392,2.478214
3,22,12,0.943557,2.635168
3,22,13,0.985680,2.848294
3,22,14,1.016570,2.957336
3,22,15,1.039035,2.886294
3,22,16,1.168213,2.982118
3,22,17,1.260884,2.955684
3,22,18,1.353554,2.896206
3,22,19,1.350746,2.960640
3,22,20,1.361979,2.963944
3,22,21,1.345130,2.846642
3,22,22,1.538896,2.788817
3,22,23,1.673690,2.600473
3,22,24,1.600676,2.392303
3,22,25,1.665265,2.275001
3,22,26,1.682114,2.175872
3,22,27,1.814100,2.020571
3,22,28,2.100537,1.952833
3,22,29,2.285878,1.766141
3,22,30,2.266221,1.685186
3,22,31,2.064030,1.733098
3,22,32,2.005058,1.586057
3,22,33,2.016290,1.723185
3,22,34,2.058414,1.835531
3,22,35,2.148276,1.974311
3,22,36,2.210057,2.022223
3,22,37,2.283070,1.999093
3,22,38,2.378549,1.962746
3,22,39,2.426288,1.898312
3,22,40,2.440329,1.762836
3,22,41,2.426288,1.668664
3,22,42,2.471220,1.627361
3,22,43,2.468411,1.678577
3,22,44,2.493685,1.833879
3,22,45,2.513343,2.152742
3,22,46,2.530192,2.319609
3,22,47,2.474028,2.408824
3,23,0,2.538616,2.420389
3,23,1,2.502110,2.336130
3,23,2,2.530192,2.380738
3,23,3,2.608822,2.445171
3,23,4,2.636904,2.248566
3,23,5,2.620054,2.098221
3,23,6,2.625671,1.994136
3,23,7,2.586356,1.893356
3,23,8,2.549849,1.819009
3,23,9,2.474028,1.711620
3,23,10,2.423480,1.640578
3,23,11,2.386973,1.673621
3,23,12,2.381357,1.657099
3,23,13,2.232522,1.667012
3,23,14,2.117386,1.557971
3,23,15,2.128619,1.501798
3,23,16,2.240947,1.612491
3,23,17,2.190399,1.600926
3,23,18,2.170742,1.526580
3,23,19,2.204440,1.572840
3,23,20,2.243755,1.751271
3,23,21,2.148276,1.683534
3,23,22,1.976976,1.604231
3,23,23,1.929236,1.574492
3,23,24,1.864647,1.554666
3,23,25,1.825333,1.513363
3,23,26,1.811292,1.612491
3,23,27,1.875880,1.572840
3,23,28,1.797251,1.589361
3,23,29,1.654032,1.508406
3,23,30,1.527663,1.410930
3,23,31,1.286157,1.191195
3,23,32,1.187870,1.019372
3,23,33,1.162596,0.877288
3,23,34,1.053076,0.758334
3,23,35,0.977255,0.736856
3,23,36,0.949173,0.723639
3,23,37,0.937940,0.664161
3,23,38,0.791914,0.604684
3,23,39,0.483011,0.503904
3,23,40,0.376299,0.455991
3,23,41,0.303286,0.404775
3,23,42,0.219040,0.373384
3,23,43,0.168492,0.358515
3,23,44,0.176917,0.368428
3,23,45,0.146027,0.419644
3,23,46,0.244314,0.383297
3,23,47,0.376299,0.323820
3,24,0,0.454929,0.261039
3,24,1,0.570065,0.239561
3,24,2,0.671161,0.251126
3,24,3,0.735749,0.277560
3,24,4,0.791914,0.323820
3,24,5,0.772256,0.388254
3,24,6,0.735749,0.417992
3,24,7,0.761023,0.411384
3,24,8,0.845269,0.417992
3,24,9,0.777873,0.388254
3,24,10,0.786297,0.350254
3,24,11,0.853694,0.343646
3,24,12,0.887392,0.401471
3,24,13,0.856502,0.441122
3,24,14,0.918283,0.452687
3,24,15,0.994104,0.464252
3,24,16,1.095200,0.444426
3,24,17,1.193487,0.373384
3,24,18,1.218761,0.375036
3,24,19,1.300198,0.391558
3,24,20,1.451841,0.406427
3,24,21,1.522047,0.427905
3,24,22,1.502389,0.485730
3,24,23,1.564170,0.535294
3,24,24,1.648416,0.634423
3,24,25,1.746703,0.667466
3,24,26,1.766360,0.662509
3,24,27,1.892729,0.685639
3,24,28,2.007866,0.730247
3,24,29,2.010674,0.720334
3,24,30,2.016290,0.679031
3,24,31,1.884305,0.634423
3,24,32,1.861839,0.652596
3,24,33,1.940469,0.636075
3,24,34,1.937661,0.644336
3,24,35,1.929236,0.731899
3,24,36,1.971359,0.721986
3,24,37,2.016290,0.776507
3,24,38,1.918003,0.814506
3,24,39,1.808483,0.821115
3,24,40,1.757936,0.883896
3,24,41,1.743895,0.918591
3,24,42,1.715813,0.880592
3,24,43,1.583827,1.133370
3,24,44,1.510814,1.189543
3,24,45,1.491156,1.212673
3,24,46,1.595060,1.197804
3,24,47,1.620334,1.257281
3,25,0,1.665265,1.338236
3,25,1,1.696155,1.427451
3,25,2,1.755127,1.320062
3,25,3,1.763552,1.328323
3,25,4,1.519238,1.293628
3,25,5,1.350746,1.270498
3,25,6,1.241226,1.245716
3,25,7,1.128898,1.156500
3,25,8,0.963214,1.123457
3,25,9,0.786297,1.082154
3,25,10,0.617805,1.123457
3,25,11,0.477395,1.039198
3,25,12,0.474586,0.959895
3,25,13,0.491436,0.905374
3,25,14,0.432463,0.938417
3,25,15,0.409998,0.920244
3,25,16,0.339793,0.850854
3,25,17,0.325752,0.829376
3,25,18,0.317327,0.875636
3,25,19,0.308902,0.908679
3,25,20,0.160068,0.872331
3,25,21,0.129177,0.873984
3,25,22,0.157259,0.804594
3,25,23,0.162876,0.788072
3,25,24,0.168492,0.812854
3,25,25,0.182533,0.870679
3,25,26,0.176917,0.933461
3,25,27,0.123561,0.935113
3,25,28,0.126369,0.920244
3,25,29,0.073013,0.959895
3,25,30,0.039315,1.019372
3,25,31,0.016849,1.025981
3,25,32,0.008425,0.961547
3,25,33,0.011233,0.978069
3,25,34,0.019657,0.918591
3,25,35,0.033698,0.852506
3,25,36,0.039315,0.816159
3,25,37,0.089863,0.819463
3,25,38,0.112328,0.788072
3,25,39,0.207807,0.819463
3,25,40,0.376299,0.771551
3,25,41,0.466162,0.875636
3,25,42,0.471778,0.984677
3,25,43,0.440888,1.030937
3,25,44,0.421231,1.039198
3,25,45,0.424039,1.062328
3,25,46,0.592531,1.098675
3,25,47,0.842461,1.229194
3,26,0,1.055885,1.443973
3,26,1,1.159788,1.553014
3,26,2,1.359171,1.610839
3,26,3,1.390061,1.564579
3,26,4,1.423759,1.465451
3,26,5,1.437800,1.467103
3,26,6,1.499581,1.551362
3,26,7,1.522047,1.873530
3,26,8,1.437800,2.025527
3,26,9,1.451841,2.174220
3,26,10,1.420951,2.346043
3,26,11,1.356363,2.512909
3,26,12,1.303007,2.735949
3,26,13,1.342322,2.760731
3,26,14,1.519238,2.745861
3,26,15,1.670881,3.000291
3,26,16,1.850606,2.945771
3,26,17,2.066838,2.977161
3,26,18,2.125810,3.076290
3,26,19,2.252180,3.089507
3,26,20,2.403823,3.059769
3,26,21,2.409439,3.059769
3,26,22,2.325193,3.011856
3,26,23,2.358891,3.008552
3,26,24,2.311152,2.987074
3,26,25,2.243755,2.990379
3,26,26,2.176358,2.919336
3,26,27,2.271837,2.876381
3,26,28,2.187591,2.777252
3,26,29,1.870264,2.790469
3,26,30,1.676498,2.689689
3,26,31,1.311431,2.607081
3,26,32,1.069926,2.512909
3,26,33,0.982871,2.251871
3,26,34,0.901433,2.103178
3,26,35,0.878968,1.949529
3,26,36,0.822804,1.848748
3,26,37,0.730133,1.711620
3,26,38,0.688010,1.503450
3,26,39,0.609380,1.363018
3,26,40,0.530751,1.247368
3,26,41,0.454929,1.144935
3,26,42,0.353834,1.059024
3,26,43,0.255547,0.873984
3,26,44,0.179725,0.660857
3,26,45,0.179725,0.533642
3,26,46,0.241506,0.379993
3,26,47,0.275204,0.275908
3,27,0,0.221848,0.208170
3,27,1,0.137602,0.204866
3,27,2,0.103904,0.237909
3,27,3,0.126369,0.254430
3,27,4,0.101095,0.247821
3,27,5,0.087054,0.256082
3,27,6,0.081438,0.376689
3,27,7,0.101095,0.490686
3,27,8,0.165684,0.553468
3,27,9,0.325752,0.596424
3,27,10,0.435272,0.745116
3,27,11,0.530751,0.864071
3,27,12,0.730133,1.040850
3,27,13,0.898625,1.073893
3,27,14,0.926707,1.087110
3,27,15,0.937940,1.225890
3,27,16,1.005337,1.338236
3,27,17,1.137323,1.465451
3,27,18,1.336705,1.460494
3,27,19,1.491156,1.543101
3,27,20,1.471499,1.490233
3,27,21,1.415335,1.534841
3,27,22,1.488348,1.450581
3,27,23,1.550129,1.534841
3,27,24,1.569786,1.584405
3,27,25,1.569786,1.396061
3,27,26,1.547320,1.282063
3,27,27,1.727045,1.192847
3,27,28,1.743895,1.240759
3,27,29,1.710196,1.166413
3,27,30,1.715813,1.250672
3,27,31,1.690539,1.237455
3,27,32,1.662457,1.265541
3,27,33,1.676498,1.197804
3,27,34,1.682114,1.222586
3,27,35,1.724237,1.412582
3,27,36,1.814100,1.422495
3,27,37,1.861839,1.303541
3,27,38,1.979784,1.290324
3,27,39,2.024715,1.224238
3,27,40,1.892729,1.144935
3,27,41,1.836565,1.047459
3,27,42,1.816908,1.027633
3,27,43,1.766360,0.870679
3,27,44,1.727045,0.852506
3,27,45,1.693347,0.915287
3,27,46,1.533279,0.913635
3,27,47,1.300198,0.900418
3,28,0,1.213144,0.831028
3,28,1,0.991296,0.781464
3,28,2,0.923899,0.778159
3,28,3,0.909858,0.735204
3,28,4,0.954789,0.769899
3,28,5,0.994104,0.637727
3,28,6,1.112049,0.647640
3,28,7,1.075542,0.644336
3,28,8,1.050268,0.540251
3,28,9,1.036227,0.454339
3,28,10,1.005337,0.497295
3,28,11,0.971639,0.525381
3,28,12,0.980063,0.409731
3,28,13,0.895817,0.315559
3,28,14,0.887392,0.270951
3,28,15,0.898625,0.221387
3,28,16,0.878968,0.171823
3,28,17,0.890201,0.188344
3,28,18,0.898625,0.631119
3,28,19,0.971639,0.869027
3,28,20,1.041844,0.759986
3,28,21,1.058693,0.576598
3,28,22,1.086775,0.888853
3,28,23,1.114857,1.021024
3,28,24,1.100816,0.959895
3,28,25,1.069926,1.204412
3,28,26,1.064309,1.326671
3,28,27,1.030611,1.506754
3,28,28,0.968830,1.511711
3,28,29,0.963214,1.619100
3,28,30,1.081159,1.825618
3,28,31,1.095200,1.795879
3,28,32,1.100816,1.693446
3,28,33,1.114857,1.833879
3,28,34,1.098008,2.136221
3,28,35,1.095200,2.405520
3,28,36,1.165405,2.407172
3,28,37,1.145747,2.346043
3,28,38,1.123282,2.436911
3,28,39,1.050268,2.592212
3,28,40,1.092391,2.620299
3,28,41,1.061501,2.739253
3,28,42,1.120473,2.762383
3,28,43,1.241226,2.818556
3,28,44,1.229993,2.835077
3,28,45,1.221569,2.896206
3,28,46,1.269308,2.934206
3,28,47,1.356363,3.086203
3,29,0,1.479924,3.130811
3,29,1,1.519238,3.135767
3,29,2,1.648416,3.066377
3,29,3,1.597868,2.985422
3,29,4,1.566978,3.018465
3,29,5,1.575402,2.965596
3,29,6,1.533279,2.940814
3,29,7,1.426568,2.833425
3,29,8,1.418143,2.659950
3,29,9,1.401294,2.483171
3,29,10,1.390061,2.405520
3,29,11,1.404102,2.317956
3,29,12,1.356363,2.169264
3,29,13,1.283349,2.002397
3,29,14,1.266500,1.928051
3,29,15,1.277733,1.951181
3,29,16,1.297390,1.898312
3,29,17,1.333897,1.847096
3,29,18,1.361979,1.875182
3,29,19,1.356363,2.045353
3,29,20,1.381636,2.080048
3,29,21,1.384445,2.070135
3,29,22,1.364787,2.088309
3,29,23,1.454650,1.923094
3,29,24,1.488348,2.025527
3,29,25,1.426568,1.956137
3,29,26,1.373212,1.825618
3,29,27,1.488348,1.800836
3,29,28,1.735470,1.657099
3,29,29,1.409718,1.529884
3,29,30,1.190678,1.491885
3,29,31,1.016570,1.389452
3,29,32,1.053076,1.181282
3,29,33,1.308623,0.966504
3,29,34,1.395677,0.683987
3,29,35,1.434992,0.436166
3,29,36,1.387253,0.242865
3,29,37,1.319856,0.115650
3,29,38,1.244034,0.062781
3,29,39,1.137323,0.039651
3,29,40,1.075542,0.037999
3,29,41,1.033419,0.056173
3,29,42,0.898625,0.082607
3,29,43,0.817187,0.138780
3,29,44,0.676777,0.168519
3,29,45,0.454929,0.232952
3,29,46,0.449313,0.289125
3,29,47,0.494244,0.393210
3,30,0,0.564449,0.489034
3,30,1,0.527942,0.522077
3,30,2,0.693626,0.546859
3,30,3,0.775064,0.568337
3,30,4,0.940748,0.603032
3,30,5,0.966022,0.688944
3,30,6,1.126090,0.779811
3,30,7,1.406910,0.776507
3,30,8,1.530471,0.882244
3,30,9,1.656840,1.055719
3,30,10,1.766360,1.143283
3,30,11,1.741086,1.295280
3,30,12,1.707388,1.526580
3,30,13,1.538896,1.493537
3,30,14,1.392869,1.404321
3,30,15,1.465882,1.549710
3,30,16,1.468691,1.495189
3,30,17,1.586635,1.290324
3,30,18,1.850606,1.556319
3,30,19,1.906771,1.762836
3,30,20,1.951702,2.002397
3,30,21,1.898346,2.131264
3,30,22,1.505197,2.245262
3,30,23,1.418143,2.293174
3,30,24,1.595060,2.539344
3,30,25,1.620334,2.522822
3,30,26,1.623142,2.420389
3,30,27,1.732662,2.341086
3,30,28,1.564170,2.408824
3,30,29,1.294582,2.127960
3,30,30,1.356363,2.369173
3,30,31,1.319856,2.192394
3,30,32,1.536088,2.296479
3,30,33,1.797251,2.397259
3,30,34,1.783210,2.184133
3,30,35,1.887113,2.018919
3,30,36,1.715813,2.180829
3,30,37,1.752319,2.161003
3,30,38,1.707388,2.268392
3,30,39,1.592252,2.248566
3,30,40,1.550129,2.164307
3,30,41,1.370404,2.123004
3,30,42,1.137323,2.005701
3,30,43,0.932324,2.144481
3,30,44,0.943557,2.187437
3,30,45,0.929516,2.360912
3,30,46,1.221569,2.306391
3,30,47,1.347938,2.286566
3,31,0,1.499581,2.286566
3,31,1,1.229993,2.190741
3,31,2,1.294582,2.263436
3,31,3,1.401294,2.075091
3,31,4,1.572594,2.127960
3,31,5,1.592252,2.085004
3,31,6,1.648416,2.098221
3,31,7,1.516430,1.855356
3,31,8,1.611909,1.733098
3,31,9,1.718621,1.612491
3,31,10,1.875880,1.465451
3,31,11,1.684922,1.215977
3,31,12,1.491156,1.077197
3,31,13,1.451841,0.958243
3,31,14,1.322664,0.720334
3,31,15,1.269308,0.778159
3,31,16,1.398486,0.692248
3,31,17,1.485540,0.657553
3,31,18,1.491156,0.702161
3,31,19,1.555745,0.799637
3,31,20,1.536088,0.740160
3,31,21,1.620334,0.740160
3,31,22,1.541704,0.617901
3,31,23,1.572594,0.606336
3,31,24,1.583827,0.617901
3,31,25,1.606293,0.690596
3,31,26,1.572594,0.738508
3,31,27,1.783210,0.824419
3,31,28,1.895538,0.832680
3,31,29,1.867456,0.768246
3,31,30,1.800059,0.660857
3,31,31,1.586635,0.568337
3,31,32,1.597868,0.464252
3,31,33,1.505197,0.351906
3,31,34,1.578211,0.252778
3,31,35,1.496773,0.188344
3,31,36,1.406910,0.163562
3,31,37,1.409718,0.151997
3,31,38,1.359171,0.120606
3,31,39,1.235610,0.130519
3,31,40,1.173829,0.105737
3,31,41,1.047460,0.094172
3,31,42,0.873351,0.115650
3,31,43,0.671161,0.133824
3,31,44,0.718900,0.161910
3,31,45,0.755407,0.148693
3,31,46,0.783489,0.147041
3,31,47,0.766640,0.188344
4,1,0,0.718900,0.236256
4,1,1,0.589723,0.290777
4,1,2,0.553216,0.340341
4,1,3,0.651503,0.375036
4,1,4,0.724517,0.401471
4,1,5,0.727325,0.441122
4,1,6,0.845269,0.427905
4,1,7,0.822804,0.480774
4,1,8,0.842461,0.522077
4,1,9,0.929516,0.573294
4,1,10,1.005337,0.604684
4,1,11,1.092391,0.634423
4,1,12,1.010953,0.632771
4,1,13,1.055885,0.591467
4,1,14,1.179446,0.553468
4,1,15,1.384445,0.484078
4,1,16,1.451841,0.477469
4,1,17,1.516430,0.498947
4,1,18,1.533279,0.553468
4,1,19,1.572594,0.616249
4,1,20,1.547320,0.733551
4,1,21,1.406910,0.763290
4,1,22,1.305815,0.799637
4,1,23,1.319856,0.832680
4,1,24,1.361979,0.860766
4,1,25,1.395677,0.816159
4,1,26,1.342322,0.839289
4,1,27,1.550129,0.829376
4,1,28,1.769169,0.857462
4,1,29,1.760744,0.905374
4,1,30,1.757936,0.958243
4,1,31,1.544512,0.953286
4,1,32,1.690539,0.928504
4,1,33,1.693347,0.966504
4,1,34,1.611909,1.024329
4,1,35,1.684922,1.148239
4,1,36,1.833757,1.229194
4,1,37,1.926428,1.255629
4,1,38,2.111769,1.225890
4,1,39,2.224098,1.268846
4,1,40,2.193207,1.201108
4,1,41,2.128619,1.148239
4,1,42,2.117386,1.177978
4,1,43,2.072455,1.306845
4,1,44,2.066838,1.344844
4,1,45,2.080879,1.382844
4,1,46,2.089304,1.318410
4,1,47,2.100537,1.301889
4,2,0,2.078071,1.364670
4,2,1,1.864647,1.443973
4,2,2,1.783210,1.493537
4,2,3,1.727045,1.437364
4,2,4,1.614717,1.425799
4,2,5,1.614717,1.473711
4,2,6,1.611909,1.640578
4,2,7,1.642799,1.668664
4,2,8,1.595060,1.738054
4,2,9,1.572594,1.797531
4,2,10,1.513622,1.853704
4,2,11,1.516430,1.979267
4,2,12,1.463074,1.987528
4,2,13,1.308623,1.977615
4,2,14,1.235610,1.944572
4,2,15,1.210336,1.966050
4,2,16,1.235610,2.050309
4,2,17,1.232802,2.132916
4,2,18,1.274925,2.131264
4,2,19,1.331089,2.099874
4,2,20,1.238418,2.060222
4,2,21,1.151364,2.066831
4,2,22,1.128898,2.096569
4,2,23,1.089583,2.126308
4,2,24,1.083967,2.091613
4,2,25,1.081159,2.113091
4,2,26,1.109241,2.106482
4,2,27,1.120473,2.123004
4,2,28,1.154172,2.075091
4,2,29,1.098008,2.086656
4,2,30,1.126090,1.906573
4,2,31,1.123282,1.754576
4,2,32,1.100816,1.762836
4,2,33,1.095200,1.840487
4,2,34,1.047460,1.891704
4,2,35,1.019378,1.942920
4,2,36,1.010953,1.861965
4,2,37,0.968830,1.807444
4,2,38,0.780681,1.802488
4,2,39,0.617805,1.850400
4,2,40,0.589723,1.845444
4,2,41,0.556024,1.861965
4,2,42,0.536367,1.792575
4,2,43,0.519518,1.675273
4,2,44,0.505477,1.645534
4,2,45,0.483011,1.610839
4,2,46,0.474586,1.602579
4,2,47,0.471778,1.531536
4,3,0,0.466162,1.544754
4,3,1,0.485819,1.526580
4,3,2,0.553216,1.409278
4,3,3,0.592531,1.291976
4,3,4,0.584106,1.184586
4,3,5,0.637462,1.131718
4,3,6,0.637462,1.080501
4,3,7,0.690818,1.037546
4,3,8,0.699243,1.044154
4,3,9,0.732941,1.073893
4,3,10,0.713284,1.042502
4,3,11,0.699243,1.050763
4,3,12,0.766640,0.996242
4,3,13,0.777873,0.996242
4,3,14,0.752599,0.954939
4,3,15,0.752599,0.920244
4,3,16,0.710476,0.807898
4,3,17,0.704859,0.735204
4,3,18,0.702051,0.670770
4,3,19,0.718900,0.555120
4,3,20,0.732941,0.457644
4,3,21,0.761023,0.442774
4,3,22,0.761023,0.413036
4,3,23,0.716092,0.355211
4,3,24,0.702051,0.351906
4,3,25,0.665544,0.356863
4,3,26,0.631846,0.384949
4,3,27,0.491436,0.393210
4,3,28,0.516710,0.434514
4,3,29,0.623421,0.465904
4,3,30,0.662736,0.541903
4,3,31,0.662736,0.497295
4,3,32,0.609380,0.487382
4,3,33,0.614997,0.479121
4,3,34,0.651503,0.515469
4,3,35,0.685202,0.513816
4,3,36,0.690818,0.555120
4,3,37,0.654312,0.523729
4,3,38,0.525134,0.479121
4,3,39,0.485819,0.439470
4,3,40,0.485819,0.421296
4,3,41,0.466162,0.379993
4,3,42,0.483011,0.322168
4,3,43,0.499860,0.269299
4,3,44,0.488627,0.280864
4,3,45,0.466162,0.330429
4,3,46,0.578490,0.330429
4,3,47,0.648695,0.327124
4,4,0,0.662736,0.394862
4,4,1,0.595339,0.414688
4,4,2,0.620613,0.449383
4,4,3,0.637462,0.479121
4,4,4,0.732941,0.612945
4,4,5,0.803146,0.801289
4,4,6,0.845269,0.984677
4,4,7,0.856502,1.273802
4,4,8,0.789105,1.349801
4,4,9,0.732941,1.341540
4,4,10,0.727325,1.531536
4,4,11,0.693626,1.543101
4,4,12,0.688010,1.574492
4,4,13,0.623421,1.655447
4,4,14,0.525134,1.701707
4,4,15,0.491436,1.683534
4,4,16,0.511093,1.738054
4,4,17,0.575682,1.713272
4,4,18,0.643079,1.706664
4,4,19,0.772256,1.566231
4,4,20,0.862119,1.680229
4,4,21,0.890201,1.673621
4,4,22,0.867735,1.703359
4,4,23,0.856502,1.693446
4,4,24,0.904242,1.743011
4,4,25,0.999721,1.751271
4,4,26,1.033419,1.886747
4,4,27,1.086775,1.888399
4,4,28,1.128898,1.962746
4,4,29,1.016570,1.992484
4,4,30,0.904242,2.126308
4,4,31,0.808763,2.113091
4,4,32,0.786297,2.134569
4,4,33,0.755407,2.038744
4,4,34,0.721708,1.985876
4,4,35,0.730133,1.937964
4,4,36,0.746982,1.878486
4,4,37,0.763831,1.843791
4,4,38,0.710476,1.736402
4,4,39,0.693626,1.543101
4,4,40,0.651503,1.505102
4,4,41,0.629038,1.467103
4,4,42,0.626229,1.435712
4,4,43,0.645887,1.389452
4,4,44,0.690818,1.301889
4,4,45,0.688010,1.206064
4,4,46,0.825612,1.227542
4,4,47,1.098008,1.262237
4,5,0,1.142939,1.240759
4,5,1,1.123282,1.287019
4,5,2,0.988488,1.387800
4,5,3,0.831228,1.447277
4,5,4,0.786297,1.458842
4,5,5,0.977255,1.402669
4,5,6,1.061501,1.227542
4,5,7,0.977255,1.179630
4,5,8,0.937940,1.173021
4,5,9,1.047460,1.067284
4,5,10,1.165405,1.040850
4,5,11,1.283349,0.948330
4,5,12,1.370404,0.916939
4,5,13,1.235610,0.839289
4,5,14,1.179446,0.821115
4,5,15,1.204720,0.721986
4,5,16,1.207528,0.764942
4,5,17,1.201911,0.743464
4,5,18,1.241226,0.746769
4,5,19,1.255267,0.759986
4,5,20,1.423759,0.751725
4,5,21,1.465882,0.632771
4,5,22,1.347938,0.555120
4,5,23,1.328280,0.541903
4,5,24,1.314239,0.522077
4,5,25,1.339513,0.571641
4,5,26,1.319856,0.583206
4,5,27,1.437800,0.541903
4,5,28,1.651224,0.545207
4,5,29,1.662457,0.536946
4,5,30,1.606293,0.546859
4,5,31,1.468691,0.530338
4,5,32,1.451841,0.467556
4,5,33,1.493965,0.386601
4,5,34,1.530471,0.315559
4,5,35,1.581019,0.312255
4,5,36,1.555745,0.297386
4,5,37,1.493965,0.232952
4,5,38,1.561361,0.203214
4,5,39,1.474307,0.155301
4,5,40,1.317048,0.155301
4,5,41,1.036227,0.175127
4,5,42,0.839653,0.199909
4,5,43,0.704859,0.237909
4,5,44,0.682394,0.328776
4,5,45,0.713284,0.350254
4,5,46,0.738558,0.360167
4,5,47,0.752599,0.384949
4,6,0,0.789105,0.378341
4,6,1,0.912666,0.419644
4,6,2,1.041844,0.490686
4,6,3,1.081159,0.586511
4,6,4,1.103624,0.652596
4,6,5,1.199103,0.685639
4,6,6,1.176637,0.743464
4,6,7,1.098008,0.788072
4,6,8,0.996912,0.784768
4,6,9,1.041844,0.768246
4,6,10,1.137323,0.791376
4,6,11,1.187870,0.857462
4,6,12,1.215952,0.963199
4,6,13,1.083967,1.075545
4,6,14,1.016570,1.024329
4,6,15,1.053076,0.953286
4,6,16,1.092391,0.827724
4,6,17,1.162596,0.703813
4,6,18,1.201911,0.713726
4,6,19,1.249651,0.647640
4,6,20,1.120473,0.586511
4,6,21,0.943557,0.568337
4,6,22,0.881776,0.802941
4,6,23,0.853694,0.930156
4,6,24,0.850886,0.698856
4,6,25,0.870543,0.522077
4,6,26,0.864927,0.388254
4,6,27,0.873351,0.383297
4,6,28,0.926707,0.538599
4,6,29,0.895817,0.607989
4,6,30,0.943557,0.512164
4,6,31,0.951981,0.368428
4,6,32,0.921091,0.396514
4,6,33,0.999721,0.394862
4,6,34,1.089583,0.432861
4,6,35,1.145747,0.421296
4,6,36,1.288966,0.361819
4,6,37,1.381636,0.406427
4,6,38,1.409718,0.386601
4,6,39,1.384445,0.444426
4,6,40,1.314239,0.411384
4,6,41,1.260884,0.452687
4,6,42,1.232802,0.449383
4,6,43,1.176637,0.429557
4,6,44,1.069926,0.454339
4,6,45,1.027803,0.467556
4,6,46,0.982871,0.490686
4,6,47,0.996912,0.583206
4,7,0,1.050268,0.612945
4,7,1,1.072734,0.731899
4,7,2,0.943557,0.864071
4,7,3,0.699243,0.842593
4,7,4,0.530751,0.773203
4,7,5,0.429655,0.784768
4,7,6,0.353834,0.814506
4,7,7,0.325752,0.771551
4,7,8,0.351025,0.713726
4,7,9,0.426847,0.680683
4,7,10,0.331368,0.629466
4,7,11,0.370683,0.660857
4,7,12,0.421231,0.725291
4,7,13,0.300478,0.693900
4,7,14,0.244314,0.545207
4,7,15,0.227465,0.475817
4,7,16,0.255547,0.447731
4,7,17,0.269588,0.500599
4,7,18,0.308902,0.703813
4,7,19,0.300478,0.885549
4,7,20,0.182533,1.004503
4,7,21,0.213424,1.275454
4,7,22,0.219040,1.334931
4,7,23,0.171300,1.481972
4,7,24,0.204999,1.688490
4,7,25,0.247122,1.681881
4,7,26,0.269588,1.738054
4,7,27,0.207807,1.807444
4,7,28,0.224656,1.795879
4,7,29,0.210615,1.723185
4,7,30,0.275204,1.937964
4,7,31,0.272396,2.025527
4,7,32,0.328560,2.076744
4,7,33,0.370683,2.089961
4,7,34,0.373491,2.232045
4,7,35,0.376299,2.319609
4,7,36,0.370683,2.232045
4,7,37,0.362258,2.180829
4,7,38,0.269588,2.237001
4,7,39,0.238697,2.232045
4,7,40,0.266779,2.291522
4,7,41,0.283629,2.281609
4,7,42,0.283629,2.388999
4,7,43,0.322943,2.552561
4,7,44,0.412806,2.341086
4,7,45,0.452121,2.324565
4,7,46,0.488627,2.296479
4,7,47,0.533559,2.154394
4,8,0,0.516710,1.952833
4,8,1,0.578490,2.035440
4,8,2,0.629038,2.071787
4,8,3,0.634654,1.951181
4,8,4,0.603764,1.904921
4,8,5,0.527942,1.790923
4,8,6,0.522326,1.782662
4,8,7,0.553216,1.835531
4,8,8,0.570065,1.738054
4,8,9,0.575682,1.647186
4,8,10,0.617805,1.503450
4,8,11,0.561641,1.404321
4,8,12,0.488627,1.290324
4,8,13,0.488627,1.214325
4,8,14,0.452121,1.111892
4,8,15,0.460545,1.070589
4,8,16,0.530751,0.951634
4,8,17,0.640271,0.816159
4,8,18,0.718900,0.745116
4,8,19,0.718900,0.731899
4,8,20,0.623421,0.721986
4,8,21,0.575682,0.617901
4,8,22,0.595339,0.546859
4,8,23,0.541983,0.497295
4,8,24,0.530751,0.459296
4,8,25,0.497052,0.398166
4,8,26,0.508285,0.350254
4,8,27,0.390340,0.272604
4,8,28,0.303286,0.214779
4,8,29,0.230273,0.201561
4,8,30,0.238697,0.194953
4,8,31,0.241506,0.234604
4,8,32,0.244314,0.198257
4,8,33,0.261163,0.262691
4,8,34,0.294861,0.325472
4,8,35,0.278012,0.351906
4,8,36,0.263971,0.434514
4,8,37,0.266779,0.485730
4,8,38,0.179725,0.543555
4,8,39,0.182533,0.647640
4,8,40,0.182533,0.631119
4,8,41,0.174109,0.616249
4,8,42,0.179725,0.700509
4,8,43,0.185341,0.751725
4,8,44,0.160068,0.726943
4,8,45,0.129177,0.688944
4,8,46,0.162876,0.672422
4,8,47,0.162876,0.538599
4,9,0,0.162876,0.480774
4,9,1,0.176917,0.467556
4,9,2,0.157259,0.489034
4,9,3,0.168492,0.505556
4,9,4,0.196574,0.470861
4,9,5,0.196574,0.411384
4,9,6,0.162876,0.472513
4,9,7,0.146027,0.431209
4,9,8,0.123561,0.384949
4,9,9,0.137602,0.417992
4,9,10,0.129177,0.462600
4,9,11,0.101095,0.507208
4,9,12,0.106712,0.546859
4,9,13,0.089863,0.479121
4,9,14,0.103904,0.520425
4,9,15,0.095479,0.469209
4,9,16,0.109520,0.441122
4,9,17,0.120753,0.411384
4,9,18,0.129177,0.394862
4,9,19,0.148835,0.447731
4,9,20,0.120753,0.480774
4,9,21,0.176917,0.574946
4,9,22,0.238697,0.807898
4,9,23,0.303286,0.997894
4,9,24,0.376299,1.311801
4,9,25,0.424039,1.686838
4,9,26,0.454929,1.843791
4,9,27,0.536367,1.870226
4,9,28,0.567257,1.858661
4,9,29,0.603764,1.713272
4,9,30,0.567257,1.823966
4,9,31,0.511093,1.686838
4,9,32,0.491436,1.562927
4,9,33,0.435272,1.577796
4,9,34,0.407190,1.673621
4,9,35,0.407190,1.472059
4,9,36,0.457737,1.414234
4,9,37,0.536367,1.313454
4,9,38,0.525134,1.272150
4,9,39,0.609380,1.229194
4,9,40,0.603764,1.182934
4,9,41,0.612188,1.092066
4,9,42,0.662736,0.945026
4,9,43,0.699243,0.788072
4,9,44,0.741366,0.650944
4,9,45,0.803146,0.604684
4,9,46,0.991296,0.586511
4,9,47,1.199103,0.507208
4,10,0,1.291774,0.507208
4,10,1,1.460266,0.548511
4,10,2,1.541704,0.523729
4,10,3,1.547320,0.578250
4,10,4,1.561361,0.604684
4,10,5,1.572594,0.522077
4,10,6,1.558553,0.517121
4,10,7,1.524855,0.517121
4,10,8,1.522047,0.489034
4,10,9,1.488348,0.518773
4,10,10,1.485540,0.515469
4,10,11,1.513622,0.460948
4,10,12,1.460266,0.417992
4,10,13,1.317048,0.421296
4,10,14,1.336705,0.396514
4,10,15,1.333897,0.356863
4,10,16,1.322664,0.261039
4,10,17,1.345130,0.282516
4,10,18,1.384445,0.277560
4,10,19,1.387253,0.297386
4,10,20,1.420951,0.224691
4,10,21,1.392869,0.231300
4,10,22,1.272116,0.213126
4,10,23,1.196295,0.165214
4,10,24,1.140131,0.107389
4,10,25,1.103624,0.080955
4,10,26,1.098008,0.092520
4,10,27,1.064309,0.105737
4,10,28,1.112049,0.110694
4,10,29,1.286157,0.170171
4,10,30,1.258075,0.203214
4,10,31,1.182254,0.163562
4,10,32,1.179446,0.170171
4,10,33,1.187870,0.229648
4,10,34,1.182254,0.209822
4,10,35,1.109241,0.196605
4,10,36,1.126090,0.219735
4,10,37,1.114857,0.272604
4,10,38,1.204720,0.297386
4,10,39,1.305815,0.252778
4,10,40,1.353554,0.204866
4,10,41,1.359171,0.194953
4,10,42,1.342322,0.189996
4,10,43,1.356363,0.249474
4,10,44,1.325472,0.302342
4,10,45,1.227185,0.269299
4,10,46,1.185062,0.221387
4,10,47,1.089583,0.170171
4,11,0,1.027803,0.151997
4,11,1,0.935132,0.133824
4,11,2,0.817187,0.147041
4,11,3,0.758215,0.168519
4,11,4,0.761023,0.176779
4,11,5,0.791914,0.181736
4,11,6,0.873351,0.209822
4,11,7,0.819996,0.246169
4,11,8,0.730133,0.223039
4,11,9,0.671161,0.166866
4,11,10,0.702051,0.188344
4,11,11,0.584106,0.196605
4,11,12,0.525134,0.161910
4,11,13,0.485819,0.198257
4,11,14,0.398765,0.194953
4,11,15,0.393149,0.178431
4,11,16,0.393149,0.166866
4,11,17,0.351025,0.132171
4,11,18,0.325752,0.112346
4,11,19,0.280820,0.110694
4,11,20,0.095479,0.109041
4,11,21,0.042123,0.104085
4,11,22,0.050548,0.110694
4,11,23,0.033698,0.110694
4,11,24,0.030890,0.181736
4,11,25,0.044931,0.234604
4,11,26,0.064589,0.254430
4,11,27,0.064589,0.224691
4,11,28,0.061780,0.180084
4,11,29,0.050548,0.140432
4,11,30,0.039315,0.155301
4,11,31,0.028082,0.133824
4,11,32,0.025274,0.094172
4,11,33,0.022466,0.090868
4,11,34,0.014041,0.072694
4,11,35,0.016849,0.062781
4,11,36,0.033698,0.079303
4,11,37,0.053356,0.082607
4,11,38,0.081438,0.087564
4,11,39,0.089863,0.092520
4,11,40,0.095479,0.075999
4,11,41,0.103904,0.085911
4,11,42,0.112328,0.092520
4,11,43,0.089863,0.095824
4,11,44,0.075822,0.097476
4,11,45,0.067397,0.097476
4,11,46,0.081438,0.148693
4,11,47,0.103904,0.196605
4,12,0,0.106712,0.208170
4,12,1,0.103904,0.237909
4,12,2,0.103904,0.242865
4,12,3,0.123561,0.254430
4,12,4,0.165684,0.254430
4,12,5,0.263971,0.267647
4,12,6,0.353834,0.284169
4,12,7,0.348217,0.300690
4,12,8,0.322943,0.282516
4,12,9,0.306094,0.241213
4,12,10,0.351025,0.226344
4,12,11,0.297670,0.249474
4,12,12,0.311711,0.249474
4,12,13,0.356642,0.239561
4,12,14,0.390340,0.236256
4,12,15,0.412806,0.191649
4,12,16,0.424039,0.155301
4,12,17,0.460545,0.143736
4,12,18,0.454929,0.137128
4,12,19,0.460545,0.100781
4,12,20,0.314519,0.079303
4,12,21,0.224656,0.069390
4,12,22,0.216232,0.079303
4,12,23,0.199382,0.117302
4,12,24,0.244314,0.180084
4,12,25,0.241506,0.209822
4,12,26,0.252738,0.246169
4,12,27,0.370683,0.261039
4,12,28,0.452121,0.247821
4,12,29,0.438080,0.221387
4,12,30,0.485819,0.211474
4,12,31,0.502669,0.175127
4,12,32,0.519518,0.176779
4,12,33,0.541983,0.189996
4,12,34,0.603764,0.160258
4,12,35,0.631846,0.143736
4,12,36,0.572874,0.150345
4,12,37,0.527942,0.138780
4,12,38,0.623421,0.117302
4,12,39,0.805955,0.194953
4,12,40,0.499860,0.256082
4,12,41,0.334176,0.289125
4,12,42,0.359450,0.270951
4,12,43,0.365067,0.308951
4,12,44,0.336984,0.371732
4,12,45,0.381916,0.490686
4,12,46,0.564449,0.581554
4,12,47,0.912666,0.607989
4,13,0,1.260884,0.721986
4,13,1,1.345130,0.793029
4,13,2,1.404102,0.743464
4,13,3,1.420951,0.730247
4,13,4,1.569786,0.731899
4,13,5,1.735470,0.827724
4,13,6,1.648416,0.900418
4,13,7,1.634375,0.978069
4,13,8,1.721429,1.092066
4,13,9,1.707388,1.244064
4,13,10,1.892729,1.353105
4,13,11,1.946085,1.488581
4,13,12,1.864647,1.599274
4,13,13,1.791634,1.787619
4,13,14,1.822524,1.891704
4,13,15,1.853415,1.977615
4,13,16,1.870264,2.038744
4,13,17,1.887113,2.098221
4,13,18,1.895538,2.081700
4,13,19,2.007866,2.030484
4,13,20,1.957318,2.058570
4,13,21,1.729854,2.227089
4,13,22,1.566978,2.326217
4,13,23,1.524855,2.430302
4,13,24,1.522047,2.494736
4,13,25,1.516430,2.608734
4,13,26,1.527663,2.669863
4,13,27,1.541704,2.630211
4,13,28,1.575402,2.701254
4,13,29,1.625950,2.704558
4,13,30,1.729854,2.732644
4,13,31,1.693347,2.734296
4,13,32,1.611909,2.773948
4,13,33,1.581019,2.798730
4,13,34,1.566978,2.805339
4,13,35,1.572594,2.859859
4,13,36,1.687731,2.833425
4,13,37,1.867456,2.768991
4,13,38,1.915195,2.712819
4,13,39,2.052797,2.688036
4,13,40,2.049989,2.697949
4,13,41,2.100537,2.648385
4,13,42,2.047181,2.559169
4,13,43,2.019099,2.435259
4,13,44,2.044373,2.245262
4,13,45,2.103345,1.972659
4,13,46,2.221289,1.567884
4,13,47,2.403823,1.472059
4,14,0,2.412247,1.453886
4,14,1,2.398206,1.245716
4,14,2,2.330809,1.277106
4,14,3,2.162317,1.278759
4,14,4,1.920812,1.265541
4,14,5,1.783210,1.211021
4,14,6,1.783210,1.209369
4,14,7,1.696155,1.176326
4,14,8,1.701772,1.262237
4,14,9,1.836565,1.323366
4,14,10,1.783210,1.442321
4,14,11,1.583827,1.511711
4,14,12,1.625950,1.591014
4,14,13,1.600676,1.652143
4,14,14,1.474307,1.640578
4,14,15,1.471499,1.637274
4,14,16,1.597868,1.586057
4,14,17,1.589443,1.574492
4,14,18,1.654032,1.595970
4,14,19,1.693347,1.589361
4,14,20,1.552937,1.724837
4,14,21,1.446225,1.992484
4,14,22,1.440609,2.056918
4,14,23,1.463074,1.896660
4,14,24,1.488348,1.460494
4,14,25,1.513622,1.173021
4,14,26,1.482732,0.870679
4,14,27,1.541704,0.566685
4,14,28,1.387253,0.489034
4,14,29,1.308623,0.505556
4,14,30,1.328280,0.527034
4,14,31,1.142939,0.475817
4,14,32,1.013762,0.479121
4,14,33,0.901433,0.541903
4,14,34,0.777873,0.672422
4,14,35,0.819996,0.794681
4,14,36,0.817187,0.953286
4,14,37,0.831228,1.116849
4,14,38,0.864927,1.257281
4,14,39,0.887392,1.211021
4,14,40,0.696435,1.161456
4,14,41,0.645887,1.049111
4,14,42,0.676777,1.001199
4,14,43,0.634654,0.997894
4,14,44,0.631846,0.948330
4,14,45,0.592531,0.857462
4,14,46,0.707667,0.692248
4,14,47,0.943557,0.548511
4,15,0,1.156980,0.543555
4,15,1,1.283349,0.675726
4,15,2,1.274925,0.574946
4,15,3,1.204720,0.599728
4,15,4,1.106432,0.553468
4,15,5,1.055885,0.389906
4,15,6,0.822804,0.279212
4,15,7,0.600956,0.206518
4,15,8,0.463354,0.256082
4,15,9,0.258355,0.299038
4,15,10,0.157259,0.299038
4,15,11,0.081438,0.265995
4,15,12,0.056164,0.232952
4,15,13,0.073013,0.305646
4,15,14,0.047739,0.315559
4,15,15,0.098287,0.242865
4,15,16,0.123561,0.219735
4,15,17,0.117945,0.191649
4,15,18,0.115136,0.229648
4,15,19,0.106712,0.173475
4,15,20,0.044931,0.180084
4,15,21,0.030890,0.223039
4,15,22,0.042123,0.282516
4,15,23,0.081438,0.284169
4,15,24,0.101095,0.373384
4,15,25,0.081438,0.373384
4,15,26,0.067397,0.330429
4,15,27,0.157259,0.280864
4,15,28,0.160068,0.315559
4,15,29,0.115136,0.416340
4,15,30,0.112328,0.480774
4,15,31,0.098287,0.485730
4,15,32,0.103904,0.489034
4,15,33,0.098287,0.493991
4,15,34,0.092671,0.553468
4,15,35,0.092671,0.536946
4,15,36,0.089863,0.550164
4,15,37,0.092671,0.522077
4,15,38,0.039315,0.535294
4,15,39,0.058972,0.454339
4,15,40,0.087054,0.480774
4,15,41,0.095479,0.484078
4,15,42,0.103904,0.599728
4,15,43,0.174109,0.789724
4,15,44,0.286437,1.080501
4,15,45,0.376299,1.490233
4,15,46,0.505477,1.956137
4,15,47,0.688010,2.235349
4,16,0,0.909858,2.580647
4,16,1,1.036227,2.818556
4,16,2,1.142939,2.975509
4,16,3,1.244034,3.142376
4,16,4,1.263692,3.144028
4,16,5,1.277733,3.094464
4,16,6,1.356363,3.082899
4,16,7,1.513622,3.152289
4,16,8,1.606293,3.147332
4,16,9,1.623142,3.153941
4,16,10,1.651224,3.211766
4,16,11,1.628758,3.193592
4,16,12,1.698963,3.160549
4,16,13,1.662457,3.145680
4,16,14,1.617526,3.135767
4,16,15,1.617526,3.068029
4,16,16,1.628758,3.120898
4,16,17,1.668073,3.089507
4,16,18,1.687731,3.076290
4,16,19,1.715813,3.150636
4,16,20,1.926428,3.130811
4,16,21,2.204440,3.135767
4,16,22,2.302727,3.163854
4,16,23,2.291494,3.175419
4,16,24,2.294303,3.177071
4,16,25,2.308344,3.145680
4,16,26,2.297111,3.125854
4,16,27,2.479644,3.110985
4,16,28,2.659369,3.127506
4,16,29,2.656561,3.112637
4,16,30,2.653753,3.160549
4,16,31,2.465603,3.193592
4,16,32,2.378549,3.178723
4,16,33,2.364508,3.216722
4,16,34,2.370124,3.224983
4,16,35,2.412247,3.186984
4,16,36,2.409439,3.157245
4,16,37,2.462795,3.061421
4,16,38,2.527384,3.145680
4,16,39,2.575123,3.170462
4,16,40,2.547041,3.148984
4,16,41,2.535808,3.101072
4,16,42,2.518959,3.072986
4,16,43,2.502110,3.066377
4,16,44,2.490877,3.122550
4,16,45,2.468411,3.117594
4,16,46,2.429096,3.091159
4,16,47,2.415055,3.087855
4,17,0,2.350467,3.091159
4,17,1,2.280262,3.026726
4,17,2,2.311152,2.998639
4,17,3,2.311152,2.968901
4,17,4,2.308344,2.901163
4,17,5,2.302727,2.759079
4,17,6,2.246563,2.613690
4,17,7,2.181975,2.377434
4,17,8,2.033140,2.126308
4,17,9,1.766360,1.850400
4,17,10,1.648416,1.739706
4,17,11,1.443417,1.592666
4,17,12,1.204720,1.496841
4,17,13,1.117665,1.387800
4,17,14,1.109241,1.475364
4,17,15,1.204720,1.310149
4,17,16,1.260884,1.318410
4,17,17,1.283349,1.384496
4,17,18,1.328280,1.376235
4,17,19,1.376020,1.331627
4,17,20,1.199103,1.490233
4,17,21,0.988488,1.705011
4,17,22,0.850886,1.693446
4,17,23,0.780681,1.738054
4,17,24,0.735749,1.729794
4,17,25,0.676777,1.739706
4,17,26,0.665544,1.721533
4,17,27,0.595339,1.784314
4,17,28,0.584106,1.845444
4,17,29,0.567257,1.820661
4,17,30,0.578490,1.744663
4,17,31,0.494244,1.728141
4,17,32,0.407190,1.658751
4,17,33,0.407190,1.506754
4,17,34,0.398765,1.391104
4,17,35,0.409998,1.242411
4,17,36,0.421231,1.295280
4,17,37,0.443696,1.288671
4,17,38,0.409998,1.313454
4,17,39,0.339793,1.139979
4,17,40,0.261163,1.014416
4,17,41,0.140410,0.875636
4,17,42,0.106712,0.809550
4,17,43,0.078630,0.736856
4,17,44,0.064589,0.614597
4,17,45,0.056164,0.523729
4,17,46,0.064589,0.500599
4,17,47,0.061780,0.502251
4,18,0,0.073013,0.472513
4,18,1,0.061780,0.452687
4,18,2,0.058972,0.447731
4,18,3,0.050548,0.502251
4,18,4,0.050548,0.576598
4,18,5,0.073013,0.601380
4,18,6,0.101095,0.614597
4,18,7,0.117945,0.581554
4,18,8,0.137602,0.513816
4,18,9,0.171300,0.556772
4,18,10,0.216232,0.515469
4,18,11,0.306094,0.548511
4,18,12,0.328560,0.598076
4,18,13,0.365067,0.662509
4,18,14,0.393149,0.715378
4,18,15,0.398765,0.806246
4,18,16,0.415614,0.778159
4,18,17,0.443696,0.822767
4,18,18,0.432463,0.865723
4,18,19,0.494244,0.826071
4,18,20,0.483011,0.885549
4,18,21,0.474586,0.855810
4,18,22,0.519518,0.913635
4,18,23,0.575682,0.900418
4,18,24,0.631846,1.092066
4,18,25,0.727325,1.194499
4,18,26,0.758215,0.849201
4,18,27,0.805955,0.931809
4,18,28,0.974447,0.873984
4,18,29,1.013762,0.956591
4,18,30,1.142939,0.989634
4,18,31,1.176637,0.907026
4,18,32,1.246843,0.887201
4,18,33,1.280541,0.987981
4,18,34,1.277733,1.080501
4,18,35,1.376020,1.070589
4,18,36,1.541704,1.042502
4,18,37,1.786018,1.095371
4,18,38,1.993825,1.095371
4,18,39,2.184783,1.176326
4,18,40,2.198824,1.257281
4,18,41,2.145468,1.212673
4,18,42,2.038756,1.455538
4,18,43,1.971359,1.754576
4,18,44,1.842182,1.817357
4,18,45,1.718621,1.688490
4,18,46,1.701772,2.175872
4,18,47,1.673690,2.147786
4,19,0,1.625950,1.785966
4,19,1,1.597868,1.700055
4,19,2,1.446225,1.706664
4,19,3,1.384445,1.630665
4,19,4,1.401294,1.671969
4,19,5,1.536088,1.716576
4,19,6,1.628758,1.667012
4,19,7,1.659649,1.759532
4,19,8,1.566978,1.690142
4,19,9,1.634375,1.592666
4,19,10,1.637183,1.485276
4,19,11,1.530471,1.386148
4,19,12,1.314239,1.293628
4,19,13,1.112049,1.278759
4,19,14,0.929516,1.376235
4,19,15,0.937940,1.316758
4,19,16,0.946365,1.387800
4,19,17,0.904242,1.396061
4,19,18,0.980063,1.225890
4,19,19,1.145747,1.212673
4,19,20,1.100816,1.191195
4,19,21,1.128898,1.209369
4,19,22,1.179446,1.158152
4,19,23,1.095200,1.115196
4,19,24,1.008145,1.011111
4,19,25,0.912666,0.890505
4,19,26,0.834037,0.835984
4,19,27,0.752599,0.786420
4,19,28,0.769448,0.708769
4,19,29,0.814379,0.611293
4,19,30,0.845269,0.503904
4,19,31,0.657120,0.383297
4,19,32,0.603764,0.229648
4,19,33,0.690818,0.208170
4,19,34,0.676777,0.186692
4,19,35,0.676777,0.199909
4,19,36,0.679585,0.206518
4,19,37,0.665544,0.208170
4,19,38,0.578490,0.234604
4,19,39,0.480203,0.279212
4,19,40,0.398765,0.386601
4,19,41,0.283629,0.579902
4,19,42,0.258355,0.783116
4,19,43,0.415614,0.852506
4,19,44,0.362258,0.908679
4,19,45,0.513901,0.862419
4,19,46,0.629038,0.819463
4,19,47,0.789105,0.898766
4,20,0,1.027803,1.022676
4,20,1,0.996912,1.077197
4,20,2,1.106432,1.075545
4,20,3,1.126090,0.897114
4,20,4,1.154172,0.778159
4,20,5,1.263692,0.763290
4,20,6,1.415335,0.854158
4,20,7,1.617526,0.954939
4,20,8,1.460266,1.027633
4,20,9,1.581019,1.045806
4,20,10,1.311431,1.073893
4,20,11,1.196295,0.976416
4,20,12,1.269308,1.050763
4,20,13,1.171021,0.948330
4,20,14,1.140131,1.121805
4,20,15,1.083967,1.247368
4,20,16,1.109241,1.278759
4,20,17,1.123282,1.250672
4,20,18,1.173829,1.477016
4,20,19,1.221569,1.868574
4,20,20,1.156980,2.007354
4,20,21,1.193487,1.931355
4,20,22,1.140131,1.972659
4,20,23,1.075542,1.956137
4,20,24,1.050268,1.799184
4,20,25,1.050268,1.787619
4,20,26,1.044652,1.891704
4,20,27,0.909858,1.858661
4,20,28,0.951981,1.967702
4,20,29,0.988488,1.774401
4,20,30,0.982871,1.633969
4,20,31,1.022186,1.511711
4,20,32,1.002529,1.554666
4,20,33,1.016570,1.543101
4,20,34,0.977255,1.429104
4,20,35,0.893009,1.358061
4,20,36,0.811571,1.201108
4,20,37,0.817187,1.184586
4,20,38,0.786297,1.222586
4,20,39,0.763831,1.105284
4,20,40,0.775064,1.025981
4,20,41,0.805955,1.088762
4,20,42,0.853694,1.065632
4,20,43,0.822804,1.095371
4,20,44,0.755407,1.164761
4,20,45,0.791914,1.215977
4,20,46,0.887392,1.240759
4,20,47,1.151364,1.219281
4,21,0,1.347938,1.247368
4,21,1,1.376020,1.313454
4,21,2,1.460266,1.389452
4,21,3,1.252459,1.437364
4,21,4,1.041844,1.467103
4,21,5,1.067118,1.405974
4,21,6,1.058693,1.321714
4,21,7,0.926707,1.382844
4,21,8,0.772256,1.316758
4,21,9,0.643079,1.197804
4,21,10,0.651503,1.110240
4,21,11,0.620613,1.146587
4,21,12,0.598147,1.108588
4,21,13,0.629038,1.130066
4,21,14,0.589723,1.169717
4,21,15,0.584106,1.196151
4,21,16,0.603764,1.420843
4,21,17,0.620613,1.382844
4,21,18,0.679585,1.201108
4,21,19,0.777873,1.189543
4,21,20,0.800338,1.156500
4,21,21,0.786297,1.196151
4,21,22,0.853694,1.422495
4,21,23,0.884584,1.524928
4,21,24,0.909858,1.576144
4,21,25,0.921091,1.576144
4,21,26,0.940748,1.604231
4,21,27,1.095200,1.647186
4,21,28,1.260884,1.630665
4,21,29,1.221569,1.637274
4,21,30,1.140131,1.640578
4,21,31,0.963214,1.629013
4,21,32,1.033419,1.437364
4,21,33,1.069926,1.470407
4,21,34,1.131706,1.447277
4,21,35,1.120473,1.399365
4,21,36,1.114857,1.253976
4,21,37,1.072734,1.151544
4,21,38,0.960406,1.105284
4,21,39,0.696435,1.100327
4,21,40,0.637462,1.017720
4,21,41,0.600956,0.857462
4,21,42,0.600956,0.826071
4,21,43,0.617805,0.840941
4,21,44,0.575682,0.859114
4,21,45,0.572874,0.799637
4,21,46,0.659928,0.728595
4,21,47,0.864927,0.688944
4,22,0,0.761023,0.718682
4,22,1,0.659928,0.721986
4,22,2,0.654312,0.707117
4,22,3,0.544792,0.655901
4,22,4,0.370683,0.508860
4,22,5,0.322943,0.345298
4,22,6,0.390340,0.318864
4,22,7,0.367875,0.351906
4,22,8,0.303286,0.310603
4,22,9,0.199382,0.252778
4,22,10,0.120753,0.227996
4,22,11,0.160068,0.186692
4,22,12,0.249930,0.127215
4,22,13,0.278012,0.110694
4,22,14,0.320135,0.085911
4,22,15,0.322943,0.057825
4,22,16,0.303286,0.061129
4,22,17,0.300478,0.072694
4,22,18,0.308902,0.079303
4,22,19,0.311711,0.097476
4,22,20,0.157259,0.137128
4,22,21,0.109520,0.155301
4,22,22,0.115136,0.185040
4,22,23,0.112328,0.224691
4,22,24,0.134794,0.270951
4,22,25,0.160068,0.305646
4,22,26,0.235889,0.328776
4,22,27,0.275204,0.343646
4,22,28,0.454929,0.379993
4,22,29,0.480203,0.386601
4,22,30,0.626229,0.426253
4,22,31,0.758215,0.503904
4,22,32,0.881776,0.502251
4,22,33,0.951981,0.568337
4,22,34,0.974447,0.588163
4,22,35,1.010953,0.617901
4,22,36,1.055885,0.626162
4,22,37,1.033419,0.835984
4,22,38,0.836845,0.895461
4,22,39,0.862119,0.842593
4,22,40,0.943557,0.771551
4,22,41,0.898625,0.796333
4,22,42,0.828420,0.771551
4,22,43,0.834037,0.837636
4,22,44,0.817187,0.959895
4,22,45,0.808763,0.918591
4,22,46,0.921091,0.926852
4,22,47,0.963214,0.989634
4,23,0,0.974447,0.916939
4,23,1,0.884584,0.835984
4,23,2,0.834037,0.773203
4,23,3,0.850886,0.723639
4,23,4,0.907050,0.733551
4,23,5,0.898625,0.740160
4,23,6,0.842461,0.784768
4,23,7,0.789105,0.703813
4,23,8,0.738558,0.621206
4,23,9,0.746982,0.551816
4,23,10,0.772256,0.477469
4,23,11,0.716092,0.434514
4,23,12,0.567257,0.427905
4,23,13,0.499860,0.484078
4,23,14,0.454929,0.518773
4,23,15,0.446504,0.637727
4,23,16,0.393149,0.647640
4,23,17,0.365067,0.487382
4,23,18,0.351025,0.355211
4,23,19,0.362258,0.340341
4,23,20,0.314519,0.308951
4,23,21,0.247122,0.284169
4,23,22,0.219040,0.252778
4,23,23,0.224656,0.204866
4,23,24,0.207807,0.178431
4,23,25,0.176917,0.168519
4,23,26,0.168492,0.160258
4,23,27,0.137602,0.148693
4,23,28,0.101095,0.150345
4,23,29,0.101095,0.145389
4,23,30,0.148835,0.153649
4,23,31,0.123561,0.160258
4,23,32,0.112328,0.153649
4,23,33,0.109520,0.158606
4,23,34,0.123561,0.160258
4,23,35,0.148835,0.153649
4,23,36,0.252738,0.160258
4,23,37,0.342601,0.178431
4,23,38,0.289245,0.183388
4,23,39,0.292053,0.224691
4,23,40,0.328560,0.272604
4,23,41,0.325752,0.294081
4,23,42,0.300478,0.312255
4,23,43,0.339793,0.341994
4,23,44,0.351025,0.353559
4,23,45,0.421231,0.439470
4,23,46,0.578490,0.467556
4,23,47,0.859310,0.594771
4,24,0,1.114857,0.631119
4,24,1,1.249651,0.669118
4,24,2,1.249651,0.735204
4,24,3,1.300198,0.774855
4,24,4,1.499581,0.829376
4,24,5,1.550129,0.878940
4,24,6,1.659649,1.029285
4,24,7,1.729854,1.063980
4,24,8,1.701772,1.025981
4,24,9,1.673690,1.006155
4,24,10,1.693347,0.948330
4,24,11,1.595060,0.903722
4,24,12,1.493965,0.882244
4,24,13,1.339513,0.791376
4,24,14,1.333897,0.769899
4,24,15,1.333897,0.725291
4,24,16,1.415335,0.665814
4,24,17,1.510814,0.675726
4,24,18,1.561361,0.665814
4,24,19,1.541704,0.632771
4,24,20,1.609101,0.692248
4,24,21,1.617526,0.776507
4,24,22,1.552937,0.835984
4,24,23,1.454650,0.814506
4,24,24,1.415335,0.776507
4,24,25,1.387253,0.707117
4,24,26,1.406910,0.723639
4,24,27,1.524855,0.609641
4,24,28,1.575402,0.500599
4,24,29,1.566978,0.530338
4,24,30,1.536088,0.551816
4,24,31,1.406910,0.540251
4,24,32,1.429376,0.507208
4,24,33,1.457458,0.603032
4,24,34,1.449033,0.655901
4,24,35,1.451841,0.598076
4,24,36,1.471499,0.528686
4,24,37,1.454650,0.513816
4,24,38,1.552937,0.533642
4,24,39,1.623142,0.512164
4,24,40,1.662457,0.467556
4,24,41,1.710196,0.439470
4,24,42,1.729854,0.457644
4,24,43,1.687731,0.416340
4,24,44,1.659649,0.426253
4,24,45,1.603484,0.396514
4,24,46,1.620334,0.462600
4,24,47,1.715813,0.472513
4,25,0,1.749511,0.467556
4,25,1,1.656840,0.457644
4,25,2,1.614717,0.383297
4,25,3,1.530471,0.346950
4,25,4,1.460266,0.394862
4,25,5,1.308623,0.394862
4,25,6,1.140131,0.348602
4,25,7,1.002529,0.307299
4,25,8,0.926707,0.229648
4,25,9,0.912666,0.198257
4,25,10,0.884584,0.170171
4,25,11,0.853694,0.188344
4,25,12,0.766640,0.239561
4,25,13,0.766640,0.236256
4,25,14,0.721708,0.183388
4,25,15,0.682394,0.211474
4,25,16,0.662736,0.290777
4,25,17,0.671161,0.386601
4,25,18,0.704859,0.603032
4,25,19,0.707667,0.835984
4,25,20,0.533559,1.040850
4,25,21,0.530751,1.106936
4,25,22,0.581298,1.166413
4,25,23,0.637462,1.227542
4,25,24,0.746982,1.473711
4,25,25,0.831228,1.843791
4,25,26,0.898625,2.154394
4,25,27,1.134514,2.184133
4,25,28,1.524855,2.354304
4,25,29,1.715813,2.441867
4,25,30,1.724237,2.504649
4,25,31,1.698963,2.483171
4,25,32,1.743895,2.286566
4,25,33,1.771977,2.040396
4,25,34,1.780401,1.962746
4,25,35,1.800059,1.817357
4,25,36,1.859031,1.833879
4,25,37,1.853415,1.789271
4,25,38,1.909579,1.673621
4,25,39,1.859031,1.622404
4,25,40,1.895538,1.516667
4,25,41,1.861839,1.306845
4,25,42,1.786018,1.258933
4,25,43,1.648416,1.250672
4,25,44,1.597868,1.217629
4,25,45,1.496773,1.359714
4,25,46,1.401294,1.463799
4,25,47,1.477115,1.505102
4,26,0,1.651224,1.462146
4,26,1,1.727045,1.452234
4,26,2,1.752319,1.417539
4,26,3,1.710196,1.392756
4,26,4,1.656840,1.445625
4,26,5,1.631567,1.505102
4,26,6,1.670881,1.605883
4,26,7,1.668073,1.837183
4,26,8,1.569786,1.974311
4,26,9,1.541704,1.939616
4,26,10,1.485540,1.868574
4,26,11,1.370404,1.789271
4,26,12,1.392869,1.845444
4,26,13,1.347938,1.941268
4,26,14,1.325472,1.901616
4,26,15,1.294582,1.886747
4,26,16,1.499581,2.066831
4,26,17,1.648416,2.061874
4,26,18,1.755127,2.200654
4,26,19,1.811292,2.261784
4,26,20,1.960126,2.268392
4,26,21,1.982592,2.388999
4,26,22,1.901154,2.476562
4,26,23,1.951702,2.592212
4,26,24,1.898346,2.666559
4,26,25,1.918003,2.674819
4,26,26,1.974167,2.694645
4,26,27,1.960126,2.764035
4,26,28,2.123002,2.760731
4,26,29,2.238139,2.605429
4,26,30,2.215673,2.526126
4,26,31,2.016290,2.630211
4,26,32,1.873072,2.317956
4,26,33,1.847798,2.185785
4,26,34,1.895538,2.291522
4,26,35,1.864647,2.450128
4,26,36,1.791634,2.481519
4,26,37,1.794442,2.286566
4,26,38,1.920812,2.256827
4,26,39,1.988208,2.147786
4,26,40,1.920812,2.159351
4,26,41,1.738278,2.144481
4,26,42,1.718621,2.326217
4,26,43,1.693347,2.489779
4,26,44,1.597868,2.476562
4,26,45,1.479924,2.466649
4,26,46,1.443417,2.430302
4,26,47,1.423759,2.577343
4,27,0,1.395677,2.726036
4,27,1,1.353554,2.760731
4,27,2,1.353554,2.797078
4,27,3,1.328280,2.871424
4,27,4,1.274925,2.759079
4,27,5,1.210336,2.856555
4,27,6,1.098008,2.952379
4,27,7,1.123282,3.003596
4,27,8,1.252459,3.000291
4,27,9,1.325472,3.008552
4,27,10,1.255267,2.987074
4,27,11,1.154172,2.930901
4,27,12,1.092391,2.945771
4,27,13,1.022186,2.688036
4,27,14,0.982871,2.577343
4,27,15,0.954789,2.174220
4,27,16,1.044652,2.344391
4,27,17,1.053076,2.268392
4,27,18,1.083967,2.127960
4,27,19,1.117665,2.355956
4,27,20,1.151364,2.433606
4,27,21,1.182254,2.382390
4,27,22,1.297390,2.369173
4,27,23,1.303007,2.367521
4,27,24,1.171021,2.321261
4,27,25,1.131706,2.349347
4,27,26,1.022186,2.309696
4,27,27,0.898625,2.339434
4,27,28,0.951981,2.250219
4,27,29,0.943557,2.066831
4,27,30,0.864927,1.880139
4,27,31,0.657120,1.663708
4,27,32,0.457737,1.339888
4,27,33,0.398765,1.410930
4,27,34,0.356642,1.445625
4,27,35,0.351025,1.638926
4,27,36,0.348217,1.516667
4,27,37,0.328560,1.361366
4,27,38,0.190958,1.442321
4,27,39,0.154451,1.488581
4,27,40,0.151643,1.387800
4,27,41,0.134794,1.242411
4,27,42,0.143218,1.148239
4,27,43,0.157259,1.047459
4,27,44,0.176917,0.964851
4,27,45,0.196574,0.832680
4,27,46,0.297670,0.827724
4,27,47,0.320135,0.822767
4,28,0,0.283629,0.804594
4,28,1,0.322943,0.741812
4,28,2,0.328560,0.641031
4,28,3,0.351025,0.617901
4,28,4,0.314519,0.523729
4,28,5,0.306094,0.493991
4,28,6,0.289245,0.429557
4,28,7,0.266779,0.373384
4,28,8,0.249930,0.295734
4,28,9,0.235889,0.280864
4,28,10,0.289245,0.330429
4,28,11,0.311711,0.327124
4,28,12,0.322943,0.353559
4,28,13,0.356642,0.427905
4,28,14,0.443696,0.436166
4,28,15,0.457737,0.465904
4,28,16,0.443696,0.460948
4,28,17,0.519518,0.477469
4,28,18,0.595339,0.512164
4,28,19,0.609380,0.576598
4,28,20,0.586915,0.627814
4,28,21,0.614997,0.664161
4,28,22,0.631846,0.670770
4,28,23,0.688010,0.687291
4,28,24,0.702051,0.746769
4,28,25,0.696435,0.786420
4,28,26,0.775064,0.829376
4,28,27,0.864927,0.845897
4,28,28,0.996912,0.779811
4,28,29,1.064309,0.768246
4,28,30,1.131706,0.769899
4,28,31,1.112049,0.773203
4,28,32,1.140131,0.797985
4,28,33,1.159788,0.707117
4,28,34,1.244034,0.710421
4,28,35,1.356363,0.700509
4,28,36,1.477115,0.690596
4,28,37,1.617526,0.654249
4,28,38,1.727045,0.621206
4,28,39,1.746703,0.619554
4,28,40,1.735470,0.687291
4,28,41,1.724237,0.652596
4,28,42,1.698963,0.614597
4,28,43,1.724237,0.682335
4,28,44,1.698963,0.718682
4,28,45,1.693347,0.715378
4,28,46,1.847798,0.708769
4,28,47,1.957318,0.688944
4,29,0,1.948894,0.591467
4,29,1,2.176358,0.538599
4,29,2,2.308344,0.517121
4,29,3,2.235330,0.510512
4,29,4,2.204440,0.533642
4,29,5,2.224098,0.576598
4,29,6,2.165125,0.574946
4,29,7,2.086496,0.464252
4,29,8,2.030331,0.518773
4,29,9,1.948894,0.717030
4,29,10,1.822524,0.794681
4,29,11,1.668073,0.802941
4,29,12,1.628758,0.984677
4,29,13,1.499581,1.080501
4,29,14,1.471499,1.054067
4,29,15,1.440609,1.232499
4,29,16,1.412527,1.518319
4,29,17,1.347938,1.443973
4,29,18,1.294582,1.419191
4,29,19,1.252459,1.691794
4,29,20,1.305815,1.620752
4,29,21,1.322664,1.415886
4,29,22,1.204720,1.353105
4,29,23,1.168213,1.488581
4,29,24,1.165405,1.630665
4,29,25,1.168213,1.939616
4,29,26,1.176637,1.936311
4,29,27,1.244034,1.942920
4,29,28,1.246843,2.022223
4,29,29,1.244034,1.871878
4,29,30,1.255267,1.820661
4,29,31,1.145747,1.703359
4,29,32,1.179446,1.566231
4,29,33,1.238418,1.458842
4,29,34,1.258075,1.523276
4,29,35,1.260884,1.789271
4,29,36,1.252459,1.989180
4,29,37,1.244034,2.098221
4,29,38,1.325472,2.175872
4,29,39,1.294582,2.227089
4,29,40,1.263692,2.207263
4,29,41,1.235610,2.136221
4,29,42,1.224377,2.175872
4,29,43,1.201911,2.203959
4,29,44,1.199103,2.289870
4,29,45,1.199103,2.329521
4,29,46,1.196295,2.349347
4,29,47,1.199103,2.303087
4,30,0,1.193487,2.321261
4,30,1,1.213144,2.317956
4,30,2,1.210336,2.283261
4,30,3,1.196295,2.322913
4,30,4,1.213144,2.365869
4,30,5,1.252459,2.327869
4,30,6,1.241226,2.355956
4,30,7,1.123282,2.400564
4,30,8,1.067118,2.466649
4,30,9,1.041844,2.640124
4,30,10,0.966022,2.666559
4,30,11,0.856502,2.635168
4,30,12,0.822804,2.578995
4,30,13,0.805955,2.491431
4,30,14,0.800338,2.365869
4,30,15,0.845269,2.240306
4,30,16,0.912666,2.177524
4,30,17,1.019378,2.096569
4,30,18,1.165405,1.979267
4,30,19,1.266500,2.015614
4,30,20,1.210336,1.999093
4,30,21,1.095200,2.040396
4,30,22,1.013762,2.085004
4,30,23,1.024994,2.032136
4,30,24,1.027803,1.971006
4,30,25,1.016570,1.873530
4,30,26,1.036227,1.819009
4,30,27,1.078350,1.845444
4,30,28,1.159788,1.764489
4,30,29,1.055885,1.665360
4,30,30,0.940748,1.595970
4,30,31,0.862119,1.529884
4,30,32,0.856502,1.453886
4,30,33,0.864927,1.455538
4,30,34,0.822804,1.455538
4,30,35,0.791914,1.361366
4,30,36,0.744174,1.204412
4,30,37,0.688010,1.138326
4,30,38,0.558833,1.055719
4,30,39,0.483011,0.979721
4,30,40,0.415614,0.910331
4,30,41,0.365067,0.873984
4,30,42,0.297670,0.769899
4,30,43,0.199382,0.715378
4,30,44,0.129177,0.669118
4,30,45,0.123561,0.619554
4,30,46,0.123561,0.551816
4,30,47,0.123561,0.472513
5,1,0,0.106712,0.408079
5,1,1,0.084246,0.358515
5,1,2,0.087054,0.345298
5,1,3,0.064589,0.315559
5,1,4,0.030890,0.279212
5,1,5,0.019657,0.229648
5,1,6,0.011233,0.221387
5,1,7,0.008425,0.206518
5,1,8,0.008425,0.206518
5,1,9,0.005616,0.241213
5,1,10,0.011233,0.313907
5,1,11,0.028082,0.368428
5,1,12,0.115136,0.315559
5,1,13,0.123561,0.262691
5,1,14,0.179725,0.236256
5,1,15,0.224656,0.204866
5,1,16,0.210615,0.224691
5,1,17,0.182533,0.229648
5,1,18,0.204999,0.232952
5,1,19,0.230273,0.244517
5,1,20,0.154451,0.257734
5,1,21,0.233081,0.317211
5,1,22,0.233081,0.343646
5,1,23,0.238697,0.330429
5,1,24,0.286437,0.363471
5,1,25,0.328560,0.422949
5,1,26,0.384724,0.480774
5,1,27,0.483011,0.512164
5,1,28,0.640271,0.541903
5,1,29,0.671161,0.566685
5,1,30,0.637462,0.619554
5,1,31,0.693626,0.639379
5,1,32,0.789105,0.670770
5,1,33,0.881776,0.725291
5,1,34,0.926707,0.733551
5,1,35,0.988488,0.811202
5,1,36,1.072734,0.958243
5,1,37,1.156980,1.073893
5,1,38,1.229993,1.217629
5,1,39,1.272116,1.387800
5,1,40,1.305815,1.544754
5,1,41,1.294582,1.577796
5,1,42,1.286157,1.714924
5,1,43,1.373212,1.713272
5,1,44,1.418143,1.711620
5,1,45,1.457458,1.673621
5,1,46,1.457458,1.671969
5,1,47,1.446225,1.741359
5,2,0,1.412527,1.875182
5,2,1,1.398486,1.883443
5,2,2,1.401294,1.762836
5,2,3,1.367595,1.719881
5,2,4,1.370404,1.746315
5,2,5,1.384445,1.756228
5,2,6,1.404102,1.713272
5,2,7,1.451841,1.701707
5,2,8,1.443417,1.645534
5,2,9,1.418143,1.693446
5,2,10,1.392869,1.724837
5,2,11,1.429376,1.751271
5,2,12,1.569786,1.709968
5,2,13,1.510814,1.625709
5,2,14,1.446225,1.612491
5,2,15,1.429376,1.731446
5,2,16,1.477115,1.709968
5,2,17,1.572594,1.769445
5,2,18,1.682114,1.941268
5,2,19,1.701772,2.028831
5,2,20,1.555745,2.089961
5,2,21,1.536088,2.136221
5,2,22,1.460266,2.200654
5,2,23,1.392869,2.126308
5,2,24,1.395677,2.205611
5,2,25,1.432184,2.230393
5,2,26,1.457458,2.237001
5,2,27,1.569786,2.251871
5,2,28,1.645608,2.180829
5,2,29,1.684922,2.022223
5,2,30,1.609101,2.005701
5,2,31,1.446225,1.898312
5,2,32,1.387253,1.767793
5,2,33,1.367595,1.686838
5,2,34,1.291774,1.719881
5,2,35,1.235610,1.600926
5,2,36,1.283349,1.536493
5,2,37,1.370404,1.586057
5,2,38,1.415335,1.586057
5,2,39,1.426568,1.523276
5,2,40,1.398486,1.645534
5,2,41,1.347938,1.633969
5,2,42,1.434992,1.518319
5,2,43,1.516430,1.533189
5,2,44,1.451841,1.600926
5,2,45,1.418143,1.503450
5,2,46,1.550129,1.376235
5,2,47,1.628758,1.315106
5,3,0,1.757936,1.419191
5,3,1,1.822524,1.452234
5,3,2,1.741086,1.320062
5,3,3,1.721429,1.263889
5,3,4,1.735470,1.351453
5,3,5,1.811292,1.298584
5,3,6,1.861839,1.295280
5,3,7,1.906771,1.275454
5,3,8,1.999441,1.244064
5,3,9,1.946085,1.293628
5,3,10,1.926428,1.676925
5,3,11,1.918003,1.680229
5,3,12,1.937661,1.591014
5,3,13,1.786018,1.515015
5,3,14,1.727045,1.316758
5,3,15,1.648416,1.301889
5,3,16,1.578211,1.262237
5,3,17,1.485540,1.121805
5,3,18,1.454650,1.054067
5,3,19,1.575402,1.057371
5,3,20,1.718621,0.974764
5,3,21,1.791634,0.958243
5,3,22,1.583827,1.027633
5,3,23,1.597868,1.103631
5,3,24,1.581019,1.244064
5,3,25,1.586635,1.201108
5,3,26,1.499581,1.128414
5,3,27,1.538896,1.101979
5,3,28,1.592252,1.123457
5,3,29,1.634375,1.106936
5,3,30,1.679306,1.055719
5,3,31,1.533279,0.920244
5,3,32,1.451841,0.654249
5,3,33,1.392869,0.548511
5,3,34,1.342322,0.561729
5,3,35,1.328280,0.515469
5,3,36,1.260884,0.381645
5,3,37,1.255267,0.330429
5,3,38,1.376020,0.279212
5,3,39,1.463074,0.232952
5,3,40,1.482732,0.227996
5,3,41,1.404102,0.194953
5,3,42,1.361979,0.199909
5,3,43,1.392869,0.231300
5,3,44,1.364787,0.201561
5,3,45,1.325472,0.189996
5,3,46,1.384445,0.252778
5,3,47,1.488348,0.327124
5,4,0,1.516430,0.378341
5,4,1,1.465882,0.361819
5,4,2,1.342322,0.365124
5,4,3,1.300198,0.414688
5,4,4,1.308623,0.434514
5,4,5,1.241226,0.427905
5,4,6,1.229993,0.388254
5,4,7,1.238418,0.411384
5,4,8,1.246843,0.449383
5,4,9,1.179446,0.527034
5,4,10,1.179446,0.589815
5,4,11,1.168213,0.641031
5,4,12,1.168213,0.654249
5,4,13,1.041844,0.728595
5,4,14,1.053076,0.903722
5,4,15,1.075542,1.014416
5,4,16,1.106432,1.196151
5,4,17,1.109241,1.399365
5,4,18,1.112049,1.556319
5,4,19,1.131706,1.800836
5,4,20,1.173829,1.904921
5,4,21,1.171021,2.025527
5,4,22,1.064309,1.994136
5,4,23,0.982871,1.928051
5,4,24,0.977255,1.971006
5,4,25,1.010953,1.703359
5,4,26,1.022186,1.700055
5,4,27,0.985680,1.688490
5,4,28,0.954789,1.693446
5,4,29,0.850886,1.591014
5,4,30,0.963214,1.434060
5,4,31,0.876160,1.412582
5,4,32,0.758215,1.407626
5,4,33,0.721708,1.435712
5,4,34,0.727325,1.326671
5,4,35,0.741366,1.182934
5,4,36,0.777873,1.148239
5,4,37,0.786297,1.174674
5,4,38,0.862119,1.265541
5,4,39,0.822804,1.508406
5,4,40,0.800338,1.734750
5,4,41,0.811571,1.749619
5,4,42,0.839653,1.815705
5,4,43,0.848078,1.875182
5,4,44,0.718900,1.989180
5,4,45,0.679585,2.009006
5,4,46,0.645887,2.151090
5,4,47,0.648695,2.175872
5,5,0,0.654312,2.237001
5,5,1,0.732941,2.136221
5,5,2,0.839653,2.131264
5,5,3,0.772256,2.222132
5,5,4,0.758215,2.334478
5,5,5,0.685202,2.339434
5,5,6,0.679585,2.498040
5,5,7,0.713284,2.486475
5,5,8,0.651503,2.435259
5,5,9,0.612188,2.608734
5,5,10,0.561641,2.612038
5,5,11,0.539175,2.536039
5,5,12,0.474586,2.382390
5,5,13,0.505477,2.313000
5,5,14,0.527942,2.554213
5,5,15,0.525134,2.061874
5,5,16,0.572874,2.218828
5,5,17,0.564449,1.931355
5,5,18,0.556024,1.804140
5,5,19,0.570065,1.956137
5,5,20,0.525134,1.929703
5,5,21,0.558833,1.848748
5,5,22,0.634654,1.734750
5,5,23,0.682394,1.832226
5,5,24,0.735749,1.792575
5,5,25,0.808763,1.567884
5,5,26,0.921091,1.622404
5,5,27,1.044652,1.468755
5,5,28,1.252459,1.351453
5,5,29,1.224377,1.296932
5,5,30,1.300198,1.181282
5,5,31,1.171021,1.199456
5,5,32,1.162596,1.201108
5,5,33,1.176637,1.057371
5,5,34,1.154172,0.870679
5,5,35,1.185062,0.759986
5,5,36,1.286157,0.705465
5,5,37,1.398486,0.710421
5,5,38,1.513622,0.619554
5,5,39,1.471499,0.538599
5,5,40,1.432184,0.465904
5,5,41,1.322664,0.355211
5,5,42,1.190678,0.287473
5,5,43,1.117665,0.277560
5,5,44,1.050268,0.267647
5,5,45,0.980063,0.254430
5,5,46,0.940748,0.229648
5,5,47,1.050268,0.219735
5,6,0,1.089583,0.211474
5,6,1,1.109241,0.203214
5,6,2,1.117665,0.213126
5,6,3,1.140131,0.145389
5,6,4,1.081159,0.158606
5,6,5,1.095200,0.199909
5,6,6,1.126090,0.224691
5,6,7,1.128898,0.252778
5,6,8,1.165405,0.186692
5,6,9,1.151364,0.168519
5,6,10,1.154172,0.150345
5,6,11,1.182254,0.143736
5,6,12,1.137323,0.140432
5,6,13,0.971639,0.127215
5,6,14,0.946365,0.110694
5,6,15,0.982871,0.113998
5,6,16,0.932324,0.128867
5,6,17,0.898625,0.122259
5,6,18,0.923899,0.105737
5,6,19,0.954789,0.099129
5,6,20,0.968830,0.117302
5,6,21,0.853694,0.115650
5,6,22,0.943557,0.132171
5,6,23,1.010953,0.123911
5,6,24,1.027803,0.123911
5,6,25,0.994104,0.130519
5,6,26,0.932324,0.125563
5,6,27,0.996912,0.113998
5,6,28,0.982871,0.135476
5,6,29,0.935132,0.170171
5,6,30,0.909858,0.232952
5,6,31,0.803146,0.277560
5,6,32,0.718900,0.323820
5,6,33,0.746982,0.375036
5,6,34,0.738558,0.424601
5,6,35,0.718900,0.451035
5,6,36,0.690818,0.498947
5,6,37,0.665544,0.495643
5,6,38,0.550408,0.518773
5,6,39,0.334176,0.586511
5,6,40,0.213424,0.662509
5,6,41,0.216232,0.758334
5,6,42,0.227465,0.844245
5,6,43,0.266779,0.806246
5,6,44,0.286437,0.794681
5,6,45,0.308902,0.882244
5,6,46,0.303286,0.873984
5,6,47,0.263971,0.872331
5,7,0,0.235889,0.887201
5,7,1,0.219040,0.721986
5,7,2,0.233081,0.589815
5,7,3,0.227465,0.484078
5,7,4,0.207807,0.437818
5,7,5,0.185341,0.429557
5,7,6,0.168492,0.429557
5,7,7,0.140410,0.464252
5,7,8,0.115136,0.507208
5,7,9,0.106712,0.528686
5,7,10,0.196574,0.527034
5,7,11,0.219040,0.584859
5,7,12,0.219040,0.574946
5,7,13,0.219040,0.553468
5,7,14,0.213424,0.492339
5,7,15,0.224656,0.492339
5,7,16,0.247122,0.474165
5,7,17,0.238697,0.396514
5,7,18,0.258355,0.406427
5,7,19,0.289245,0.419644
5,7,20,0.221848,0.482426
5,7,21,0.311711,0.462600
5,7,22,0.398765,0.467556
5,7,23,0.491436,0.599728
5,7,24,0.505477,0.591467
5,7,25,0.519518,0.703813
5,7,26,0.547600,0.768246
5,7,27,0.586915,0.877288
5,7,28,0.645887,1.029285
5,7,29,0.659928,1.201108
5,7,30,0.707667,1.263889
5,7,31,0.668353,1.250672
5,7,32,0.586915,1.111892
5,7,33,0.586915,1.042502
5,7,34,0.561641,1.128414
5,7,35,0.614997,1.148239
5,7,36,0.651503,1.118501
5,7,37,0.603764,1.090414
5,7,38,0.536367,0.973112
5,7,39,0.508285,0.905374
5,7,40,0.491436,0.946678
5,7,41,0.480203,0.984677
5,7,42,0.471778,0.996242
5,7,43,0.454929,0.969808
5,7,44,0.424039,0.981373
5,7,45,0.415614,0.983025
5,7,46,0.446504,0.981373
5,7,47,0.460545,1.002851
5,8,0,0.404381,1.057371
5,8,1,0.381916,1.070589
5,8,2,0.379108,1.055719
5,8,3,0.353834,1.006155
5,8,4,0.300478,0.999546
5,8,5,0.221848,0.969808
5,8,6,0.171300,0.961547
5,8,7,0.154451,0.930156
5,8,8,0.213424,0.900418
5,8,9,0.336984,0.826071
5,8,10,0.463354,0.776507
5,8,11,0.572874,0.751725
5,8,12,0.612188,0.693900
5,8,13,0.631846,0.589815
5,8,14,0.704859,0.545207
5,8,15,0.811571,0.546859
5,8,16,0.884584,0.627814
5,8,17,0.937940,0.654249
5,8,18,0.963214,0.617901
5,8,19,0.994104,0.616249
5,8,20,1.190678,0.672422
5,8,21,1.249651,0.735204
5,8,22,1.156980,0.802941
5,8,23,1.145747,0.840941
5,8,24,1.173829,0.844245
5,8,25,1.199103,0.847549
5,8,26,1.201911,0.824419
5,8,27,1.356363,0.806246
5,8,28,1.471499,0.698856
5,8,29,1.550129,0.688944
5,8,30,1.519238,0.636075
5,8,31,1.367595,0.596424
5,8,32,1.376020,0.470861
5,8,33,1.353554,0.548511
5,8,34,1.398486,0.556772
5,8,35,1.465882,0.543555
5,8,36,1.429376,0.518773
5,8,37,1.336705,0.482426
5,8,38,1.193487,0.528686
5,8,39,1.224377,0.538599
5,8,40,1.145747,0.470861
5,8,41,1.078350,0.351906
5,8,42,1.092391,0.294081
5,8,43,1.078350,0.341994
5,8,44,1.095200,0.307299
5,8,45,1.016570,0.272604
5,8,46,0.918283,0.310603
5,8,47,0.881776,0.417992
5,9,0,0.912666,0.512164
5,9,1,0.791914,0.578250
5,9,2,0.730133,0.555120
5,9,3,0.730133,0.512164
5,9,4,0.752599,0.505556
5,9,5,0.780681,0.538599
5,9,6,0.761023,0.566685
5,9,7,0.654312,0.553468
5,9,8,0.657120,0.560076
5,9,9,0.584106,0.579902
5,9,10,0.468970,0.538599
5,9,11,0.502669,0.490686
5,9,12,0.595339,0.413036
5,9,13,0.457737,0.333733
5,9,14,0.342601,0.265995
5,9,15,0.418422,0.218083
5,9,16,0.600956,0.203214
5,9,17,0.665544,0.165214
5,9,18,0.713284,0.125563
5,9,19,0.716092,0.107389
5,9,20,0.730133,0.089216
5,9,21,0.777873,0.085911
5,9,22,0.761023,0.100781
5,9,23,0.716092,0.100781
5,9,24,0.668353,0.092520
5,9,25,0.629038,0.104085
5,9,26,0.629038,0.115650
5,9,27,0.556024,0.133824
5,9,28,0.474586,0.168519
5,9,29,0.373491,0.186692
5,9,30,0.356642,0.206518
5,9,31,0.269588,0.224691
5,9,32,0.213424,0.203214
5,9,33,0.219040,0.189996
5,9,34,0.263971,0.213126
5,9,35,0.334176,0.226344
5,9,36,0.429655,0.270951
5,9,37,0.480203,0.343646
5,9,38,0.519518,0.366776
5,9,39,0.533559,0.411384
5,9,40,0.483011,0.490686
5,9,41,0.457737,0.629466
5,9,42,0.438080,0.730247
5,9,43,0.488627,0.849201
5,9,44,0.511093,0.867375
5,9,45,0.497052,0.880592
5,9,46,0.648695,0.943374
5,9,47,0.766640,0.978069
5,10,0,0.988488,0.996242
5,10,1,1.171021,0.999546
5,10,2,1.221569,1.055719
5,10,3,1.263692,1.055719
5,10,4,1.255267,1.049111
5,10,5,1.179446,0.999546
5,10,6,1.114857,0.946678
5,10,7,1.044652,1.040850
5,10,8,1.067118,1.187891
5,10,9,1.145747,1.199456
5,10,10,1.210336,1.224238
5,10,11,1.100816,1.252324
5,10,12,1.055885,1.257281
5,10,13,0.994104,1.270498
5,10,14,1.002529,1.242411
5,10,15,1.002529,1.224238
5,10,16,1.008145,1.272150
5,10,17,0.974447,1.336584
5,10,18,1.016570,1.354757
5,10,19,1.055885,1.318410
5,10,20,0.971639,1.262237
5,10,21,0.977255,1.287019
5,10,22,0.988488,1.249020
5,10,23,0.921091,1.186239
5,10,24,0.893009,1.045806
5,10,25,0.862119,0.916939
5,10,26,0.831228,0.887201
5,10,27,0.797530,0.893809
5,10,28,0.831228,0.831028
5,10,29,0.800338,0.710421
5,10,30,0.864927,0.609641
5,10,31,0.769448,0.543555
5,10,32,0.696435,0.560076
5,10,33,0.828420,0.829376
5,10,34,0.817187,0.911983
5,10,35,0.831228,0.730247
5,10,36,0.870543,1.077197
5,10,37,0.893009,1.004503
5,10,38,0.808763,0.806246
5,10,39,0.814379,0.940069
5,10,40,0.819996,1.054067
5,10,41,0.819996,1.523276
5,10,42,0.746982,1.787619
5,10,43,0.789105,1.964398
5,10,44,0.817187,2.132916
5,10,45,0.909858,2.332826
5,10,46,1.022186,2.319609
5,10,47,1.050268,2.412129
5,11,0,1.106432,2.483171
5,11,1,1.067118,2.540996
5,11,2,1.103624,2.494736
5,11,3,0.966022,2.428650
5,11,4,0.999721,2.398911
5,11,5,0.923899,2.293174
5,11,6,0.907050,2.232045
5,11,7,0.862119,2.190741
5,11,8,0.651503,2.020571
5,11,9,0.561641,1.908225
5,11,10,0.505477,1.971006
5,11,11,0.457737,2.015614
5,11,12,0.362258,2.013962
5,11,13,0.244314,1.931355
5,11,14,0.160068,1.966050
5,11,15,0.210615,2.094917
5,11,16,0.199382,2.165959
5,11,17,0.221848,2.237001
5,11,18,0.311711,2.344391
5,11,19,0.418422,2.288218
5,11,20,0.452121,2.349347
5,11,21,0.513901,2.314652
5,11,22,0.564449,2.362564
5,11,23,0.595339,2.402216
5,11,24,0.620613,2.337782
5,11,25,0.629038,2.278305
5,11,26,0.696435,2.355956
5,11,27,0.735749,2.339434
5,11,28,0.775064,2.405520
5,11,29,0.791914,2.431954
5,11,30,0.724517,2.316304
5,11,31,0.724517,2.311348
5,11,32,0.710476,2.210567
5,11,33,0.707667,2.203959
5,11,34,0.716092,2.200654
5,11,35,0.730133,2.063526
5,11,36,0.752599,1.837183
5,11,37,0.800338,1.719881
5,11,38,0.718900,1.660404
5,11,39,0.786297,1.458842
5,11,40,0.755407,1.305193
5,11,41,0.702051,1.092066
5,11,42,0.671161,0.945026
5,11,43,0.612188,0.916939
5,11,44,0.609380,0.870679
5,11,45,0.623421,0.872331
5,11,46,0.741366,0.873984
5,11,47,0.853694,0.850854
5,12,0,0.811571,0.804594
5,12,1,0.783489,0.834332
5,12,2,0.786297,0.791376
5,12,3,0.772256,0.814506
5,12,4,0.859310,0.756681
5,12,5,1.134514,0.718682
5,12,6,1.232802,0.721986
5,12,7,1.269308,0.685639
5,12,8,1.308623,0.571641
5,12,9,1.319856,0.515469
5,12,10,1.291774,0.477469
5,12,11,1.258075,0.434514
5,12,12,1.199103,0.379993
5,12,13,1.024994,0.287473
5,12,14,1.041844,0.213126
5,12,15,1.095200,0.214779
5,12,16,1.145747,0.209822
5,12,17,1.182254,0.178431
5,12,18,1.221569,0.165214
5,12,19,1.232802,0.153649
5,12,20,1.294582,0.155301
5,12,21,1.314239,0.166866
5,12,22,1.258075,0.193301
5,12,23,1.260884,0.229648
5,12,24,1.305815,0.287473
5,12,25,1.317048,0.318864
5,12,26,1.370404,0.302342
5,12,27,1.446225,0.270951
5,12,28,1.468691,0.259386
5,12,29,1.474307,0.345298
5,12,30,1.432184,0.413036
5,12,31,1.356363,0.444426
5,12,32,1.356363,0.500599
5,12,33,1.395677,0.449383
5,12,34,1.395677,0.446079
5,12,35,1.381636,0.442774
5,12,36,1.440609,0.427905
5,12,37,1.522047,0.416340
5,12,38,1.693347,0.444426
5,12,39,1.766360,0.475817
5,12,40,1.808483,0.442774
5,12,41,1.780401,0.437818
5,12,42,1.735470,0.437818
5,12,43,1.704580,0.497295
5,12,44,1.704580,0.586511
5,12,45,1.665265,0.736856
5,12,46,1.595060,0.784768
5,12,47,1.513622,0.816159
5,13,0,1.479924,0.842593
5,13,1,1.426568,0.816159
5,13,2,1.359171,0.758334
5,13,3,1.331089,0.688944
5,13,4,1.319856,0.703813
5,13,5,1.274925,0.735204
5,13,6,1.156980,0.793029
5,13,7,1.055885,0.859114
5,13,8,1.005337,0.883896
5,13,9,0.971639,0.821115
5,13,10,1.016570,0.801289
5,13,11,0.991296,0.801289
5,13,12,0.954789,0.786420
5,13,13,0.966022,0.756681
5,13,14,1.033419,0.802941
5,13,15,1.069926,0.735204
5,13,16,1.168213,0.645988
5,13,17,1.244034,0.642684
5,13,18,1.266500,0.573294
5,13,19,1.291774,0.593119
5,13,20,1.370404,0.619554
5,13,21,1.426568,0.614597
5,13,22,1.277733,0.588163
5,13,23,1.252459,0.614597
5,13,24,1.263692,0.677379
5,13,25,1.258075,0.715378
5,13,26,1.213144,0.693900
5,13,27,1.350746,0.649292
5,13,28,1.420951,0.604684
5,13,29,1.291774,0.607989
5,13,30,1.081159,0.631119
5,13,31,0.884584,0.662509
5,13,32,0.921091,0.670770
5,13,33,0.940748,0.672422
5,13,34,0.937940,0.677379
5,13,35,0.901433,0.667466
5,13,36,0.862119,0.606336
5,13,37,0.839653,0.560076
5,13,38,0.679585,0.424601
5,13,39,0.351025,0.341994
5,13,40,0.207807,0.300690
5,13,41,0.095479,0.282516
5,13,42,0.098287,0.272604
5,13,43,0.092671,0.246169
5,13,44,0.084246,0.267647
5,13,45,0.098287,0.270951
5,13,46,0.129177,0.302342
5,13,47,0.126369,0.332081
5,14,0,0.126369,0.332081
5,14,1,0.129177,0.343646
5,14,2,0.115136,0.350254
5,14,3,0.115136,0.335385
5,14,4,0.168492,0.327124
5,14,5,0.255547,0.384949
5,14,6,0.275204,0.413036
5,14,7,0.210615,0.437818
5,14,8,0.272396,0.439470
5,14,9,0.320135,0.442774
5,14,10,0.384724,0.396514
5,14,11,0.365067,0.330429
5,14,12,0.393149,0.295734
5,14,13,0.348217,0.211474
5,14,14,0.359450,0.165214
5,14,15,0.395957,0.117302
5,14,16,0.404381,0.071042
5,14,17,0.362258,0.039651
5,14,18,0.342601,0.036347
5,14,19,0.365067,0.036347
5,14,20,0.345409,0.036347
5,14,21,0.390340,0.042956
5,14,22,0.314519,0.051216
5,14,23,0.297670,0.067738
5,14,24,0.289245,0.075999
5,14,25,0.283629,0.097476
5,14,26,0.306094,0.100781
5,14,27,0.230273,0.137128
5,14,28,0.263971,0.123911
5,14,29,0.249930,0.112346
5,14,30,0.241506,0.107389
5,14,31,0.320135,0.084259
5,14,32,0.342601,0.075999
5,14,33,0.409998,0.069390
5,14,34,0.381916,0.059477
5,14,35,0.407190,0.047912
5,14,36,0.421231,0.057825
5,14,37,0.426847,0.075999
5,14,38,0.401573,0.107389
5,14,39,0.373491,0.132171
5,14,40,0.438080,0.151997
5,14,41,0.440888,0.137128
5,14,42,0.429655,0.165214
5,14,43,0.424039,0.138780
5,14,44,0.409998,0.118954
5,14,45,0.401573,0.117302
5,14,46,0.471778,0.175127
5,14,47,0.547600,0.221387
5,15,0,0.710476,0.237909
5,15,1,0.929516,0.254430
5,15,2,1.114857,0.224691
5,15,3,1.277733,0.183388
5,15,4,1.373212,0.168519
5,15,5,1.443417,0.201561
5,15,6,1.333897,0.261039
5,15,7,1.418143,0.317211
5,15,8,1.485540,0.383297
5,15,9,1.575402,0.469209
5,15,10,1.589443,0.467556
5,15,11,1.569786,0.361819
5,15,12,1.522047,0.343646
5,15,13,1.345130,0.361819
5,15,14,1.305815,0.282516
5,15,15,1.317048,0.267647
5,15,16,1.367595,0.249474
5,15,17,1.412527,0.185040
5,15,18,1.449033,0.163562
5,15,19,1.493965,0.161910
5,15,20,1.611909,0.166866
5,15,21,1.575402,0.181736
5,15,22,1.465882,0.186692
5,15,23,1.395677,0.196605
5,15,24,1.418143,0.257734
5,15,25,1.420951,0.302342
5,15,26,1.440609,0.294081
5,15,27,1.575402,0.320516
5,15,28,1.690539,0.479121
5,15,29,1.682114,0.489034
5,15,30,1.578211,0.272604
5,15,31,1.353554,0.279212
5,15,32,1.269308,0.287473
5,15,33,1.291774,0.247821
5,15,34,1.339513,0.272604
5,15,35,1.412527,0.279212
5,15,36,1.432184,0.332081
5,15,37,1.463074,0.322168
5,15,38,1.347938,0.305646
5,15,39,1.171021,0.348602
5,15,40,1.269308,0.340341
5,15,41,1.137323,0.368428
5,15,42,1.078350,0.360167
5,15,43,1.064309,0.305646
5,15,44,1.058693,0.310603
5,15,45,1.140131,0.299038
5,15,46,1.246843,0.312255
5,15,47,1.513622,0.396514
5,16,0,1.665265,0.460948
5,16,1,1.836565,0.451035
5,16,2,1.844990,0.449383
5,16,3,1.808483,0.484078
5,16,4,1.791634,0.505556
5,16,5,1.791634,0.467556
5,16,6,1.698963,0.457644
5,16,7,1.609101,0.449383
5,16,8,1.516430,0.472513
5,16,9,1.493965,0.490686
5,16,10,1.530471,0.474165
5,16,11,1.536088,0.399819
5,16,12,1.522047,0.413036
5,16,13,1.339513,0.386601
5,16,14,1.274925,0.360167
5,16,15,1.286157,0.320516
5,16,16,1.319856,0.318864
5,16,17,1.350746,0.325472
5,16,18,1.345130,0.289125
5,16,19,1.361979,0.345298
5,16,20,1.429376,0.432861
5,16,21,1.420951,0.384949
5,16,22,1.319856,0.408079
5,16,23,1.263692,0.424601
5,16,24,1.255267,0.383297
5,16,25,1.249651,0.482426
5,16,26,1.218761,0.495643
5,16,27,1.361979,0.477469
5,16,28,1.465882,0.181736
5,16,29,1.477115,0.175127
5,16,30,1.434992,0.135476
5,16,31,1.288966,0.110694
5,16,32,1.255267,0.118954
5,16,33,1.286157,0.156954
5,16,34,1.297390,0.148693
5,16,35,1.325472,0.117302
5,16,36,1.331089,0.077651
5,16,37,1.361979,0.090868
5,16,38,1.482732,0.125563
5,16,39,1.541704,0.153649
5,16,40,1.522047,0.145389
5,16,41,1.454650,0.153649
5,16,42,1.460266,0.150345
5,16,43,1.499581,0.150345
5,16,44,1.530471,0.166866
5,16,45,1.569786,0.227996
5,16,46,1.623142,0.285821
5,16,47,1.609101,0.320516
5,17,0,1.665265,0.355211
5,17,1,1.713004,0.312255
5,17,2,1.713004,0.299038
5,17,3,1.763552,0.305646
5,17,4,1.729854,0.279212
5,17,5,1.707388,0.277560
5,17,6,1.668073,0.275908
5,17,7,1.645608,0.289125
5,17,8,1.460266,0.213126
5,17,9,1.263692,0.226344
5,17,10,1.255267,0.236256
5,17,11,1.098008,0.285821
5,17,12,0.957598,0.285821
5,17,13,0.783489,0.322168
5,17,14,0.755407,0.358515
5,17,15,0.732941,0.358515
5,17,16,0.758215,0.361819
5,17,17,0.921091,0.333733
5,17,18,1.033419,0.383297
5,17,19,1.069926,0.586511
5,17,20,1.005337,0.698856
5,17,21,0.980063,0.873984
5,17,22,1.039035,0.974764
5,17,23,1.083967,1.002851
5,17,24,1.067118,0.925200
5,17,25,1.047460,0.892157
5,17,26,1.078350,0.925200
5,17,27,1.022186,1.070589
5,17,28,0.878968,1.054067
5,17,29,0.856502,0.987981
5,17,30,0.808763,0.959895
5,17,31,0.752599,1.073893
5,17,32,0.794722,0.994590
5,17,33,0.845269,0.898766
5,17,34,0.825612,0.864071
5,17,35,0.870543,0.809550
5,17,36,0.946365,0.855810
5,17,37,0.949173,0.786420
5,17,38,0.859310,0.740160
5,17,39,0.777873,0.826071
5,17,40,0.735749,0.974764
5,17,41,0.755407,1.164761
5,17,42,0.659928,1.500146
5,17,43,0.513901,1.574492
5,17,44,0.370683,1.579449
5,17,45,0.306094,1.709968
5,17,46,0.334176,1.752924
5,17,47,0.359450,1.799184
5,18,0,0.429655,1.823966
5,18,1,0.432463,1.853704
5,18,2,0.365067,1.776054
5,18,3,0.306094,1.701707
5,18,4,0.280820,1.630665
5,18,5,0.233081,1.574492
5,18,6,0.306094,1.533189
5,18,7,0.387532,1.495189
5,18,8,0.471778,1.409278
5,18,9,0.763831,1.329975
5,18,10,1.044652,1.339888
5,18,11,0.918283,1.392756
5,18,12,0.881776,1.325019
5,18,13,0.783489,1.154848
5,18,14,0.732941,1.128414
5,18,15,0.783489,1.097023
5,18,16,0.839653,1.237455
5,18,17,0.929516,1.136674
5,18,18,1.024994,1.088762
5,18,19,1.131706,1.225890
5,18,20,1.342322,1.199456
5,18,21,1.482732,1.349801
5,18,22,1.364787,1.508406
5,18,23,1.401294,1.605883
5,18,24,1.423759,1.576144
5,18,25,1.446225,1.579449
5,18,26,1.437800,1.645534
5,18,27,1.662457,1.724837
5,18,28,1.696155,1.726489
5,18,29,1.693347,1.678577
5,18,30,1.651224,1.759532
5,18,31,1.581019,1.475364
5,18,32,1.639991,1.374583
5,18,33,1.637183,1.415886
5,18,34,1.670881,1.257281
5,18,35,1.684922,1.144935
5,18,36,1.721429,1.075545
5,18,37,1.766360,1.019372
5,18,38,1.842182,1.012764
5,18,39,1.875880,0.991286
5,18,40,1.873072,0.974764
5,18,41,1.864647,1.014416
5,18,42,1.906771,0.984677
5,18,43,1.870264,0.959895
5,18,44,1.777593,1.060676
5,18,45,1.637183,1.042502
5,18,46,1.516430,0.987981
5,18,47,1.513622,0.835984
5,19,0,1.474307,0.743464
5,19,1,1.423759,0.649292
5,19,2,1.401294,0.533642
5,19,3,1.387253,0.465904
5,19,4,1.370404,0.452687
5,19,5,1.342322,0.482426
5,19,6,1.350746,0.460948
5,19,7,1.266500,0.495643
5,19,8,1.061501,0.484078
5,19,9,1.027803,0.477469
5,19,10,1.041844,0.459296
5,19,11,0.901433,0.404775
5,19,12,0.761023,0.353559
5,19,13,0.808763,0.295734
5,19,14,0.946365,0.224691
5,19,15,1.058693,0.176779
5,19,16,1.067118,0.170171
5,19,17,1.142939,0.160258
5,19,18,1.151364,0.127215
5,19,19,1.126090,0.120606
5,19,20,1.193487,0.102433
5,19,21,1.232802,0.107389
5,19,22,1.185062,0.110694
5,19,23,1.199103,0.173475
5,19,24,1.201911,0.208170
5,19,25,1.199103,0.234604
5,19,26,1.227185,0.251126
5,19,27,1.339513,0.221387
5,19,28,1.381636,0.224691
5,19,29,1.370404,0.189996
5,19,30,1.291774,0.165214
5,19,31,1.100816,0.142084
5,19,32,1.072734,0.170171
5,19,33,1.092391,0.165214
5,19,34,1.140131,0.204866
5,19,35,1.131706,0.218083
5,19,36,1.044652,0.208170
5,19,37,1.033419,0.181736
5,19,38,1.151364,0.206518
5,19,39,1.303007,0.267647
5,19,40,1.367595,0.284169
5,19,41,1.423759,0.384949
5,19,42,1.443417,0.487382
5,19,43,1.449033,0.538599
5,19,44,1.364787,0.449383
5,19,45,1.373212,0.558424
5,19,46,1.533279,0.692248
5,19,47,1.581019,0.702161
5,20,0,1.611909,0.576598
5,20,1,1.631567,0.675726
5,20,2,1.665265,0.797985
5,20,3,1.735470,0.916939
5,20,4,1.895538,1.025981
5,20,5,2.114578,1.024329
5,20,6,2.114578,0.880592
5,20,7,2.024715,0.807898
5,20,8,1.909579,0.842593
5,20,9,1.833757,0.897114
5,20,10,1.889921,0.887201
5,20,11,1.704580,0.802941
5,20,12,1.516430,0.756681
5,20,13,1.364787,0.764942
5,20,14,1.263692,0.921896
5,20,15,1.359171,1.087110
5,20,16,1.423759,1.144935
5,20,17,1.378828,1.472059
5,20,18,1.451841,1.686838
5,20,19,1.426568,1.914834
5,20,20,1.229993,1.992484
5,20,21,1.033419,1.999093
5,20,22,0.884584,2.027179
5,20,23,0.825612,2.066831
5,20,24,0.794722,2.004049
5,20,25,0.783489,1.840487
5,20,26,0.848078,1.696751
5,20,27,1.055885,1.681881
5,20,28,1.443417,1.612491
5,20,29,1.687731,1.534841
5,20,30,1.752319,1.405974
5,20,31,1.586635,1.310149
5,20,32,1.592252,1.249020
5,20,33,1.662457,1.146587
5,20,34,1.749511,1.075545
5,20,35,1.802867,0.916939
5,20,36,1.800059,0.793029
5,20,37,1.780401,0.741812
5,20,38,1.746703,0.717030
5,20,39,1.536088,0.569989
5,20,40,1.373212,0.556772
5,20,41,1.311431,0.525381
5,20,42,1.168213,0.497295
5,20,43,0.951981,0.391558
5,20,44,0.825612,0.320516
5,20,45,0.761023,0.262691
5,20,46,0.685202,0.214779
5,20,47,0.634654,0.216431
5,21,0,0.533559,0.180084
5,21,1,0.412806,0.150345
5,21,2,0.440888,0.150345
5,21,3,0.390340,0.189996
5,21,4,0.303286,0.216431
5,21,5,0.179725,0.303994
5,21,6,0.120753,0.368428
5,21,7,0.101095,0.436166
5,21,8,0.117945,0.447731
5,21,9,0.106712,0.389906
5,21,10,0.134794,0.384949
5,21,11,0.196574,0.558424
5,21,12,0.244314,0.705465
5,21,13,0.269588,0.536946
5,21,14,0.351025,0.634423
5,21,15,0.429655,0.525381
5,21,16,0.497052,0.523729
5,21,17,0.614997,0.650944
5,21,18,0.643079,0.751725
5,21,19,0.643079,0.745116
5,21,20,0.480203,0.679031
5,21,21,0.351025,0.614597
5,21,22,0.300478,0.550164
5,21,23,0.280820,0.603032
5,21,24,0.292053,0.636075
5,21,25,0.297670,0.579902
5,21,26,0.328560,0.475817
5,21,27,0.398765,0.439470
5,21,28,0.536367,0.378341
5,21,29,0.466162,0.363471
5,21,30,0.471778,0.328776
5,21,31,0.393149,0.363471
5,21,32,0.334176,0.426253
5,21,33,0.317327,0.368428
5,21,34,0.286437,0.332081
5,21,35,0.275204,0.302342
5,21,36,0.266779,0.313907
5,21,37,0.252738,0.290777
5,21,38,0.126369,0.246169
5,21,39,0.016849,0.247821
5,21,40,0.011233,0.223039
5,21,41,0.008425,0.241213
5,21,42,0.014041,0.236256
5,21,43,0.030890,0.241213
5,21,44,0.022466,0.236256
5,21,45,0.016849,0.223039
5,21,46,0.014041,0.234604
5,21,47,0.014041,0.229648
5,22,0,0.008425,0.156954
5,22,1,0.019657,0.122259
5,22,2,0.022466,0.118954
5,22,3,0.019657,0.122259
5,22,4,0.022466,0.112346
5,22,5,0.028082,0.112346
5,22,6,0.025274,0.102433
5,22,7,0.016849,0.100781
5,22,8,0.025274,0.067738
5,22,9,0.028082,0.110694
5,22,10,0.030890,0.123911
5,22,11,0.030890,0.133824
5,22,12,0.047739,0.148693
5,22,13,0.039315,0.160258
5,22,14,0.025274,0.145389
5,22,15,0.033698,0.176779
5,22,16,0.042123,0.180084
5,22,17,0.050548,0.176779
5,22,18,0.092671,0.206518
5,22,19,0.196574,0.297386
5,22,20,0.207807,0.317211
5,22,21,0.280820,0.300690
5,22,22,0.331368,0.313907
5,22,23,0.353834,0.313907
5,22,24,0.379108,0.294081
5,22,25,0.398765,0.337037
5,22,26,0.384724,0.495643
5,22,27,0.398765,0.741812
5,22,28,0.516710,0.872331
5,22,29,0.530751,0.925200
5,22,30,0.589723,0.880592
5,22,31,0.645887,0.845897
5,22,32,0.648695,0.796333
5,22,33,0.673969,0.741812
5,22,34,0.662736,0.736856
5,22,35,0.735749,0.778159
5,22,36,0.727325,0.768246
5,22,37,0.746982,0.756681
5,22,38,0.637462,0.741812
5,22,39,0.603764,0.781464
5,22,40,0.598147,0.740160
5,22,41,0.556024,0.682335
5,22,42,0.550408,0.631119
5,22,43,0.516710,0.622858
5,22,44,0.463354,0.720334
5,22,45,0.449313,0.703813
5,22,46,0.452121,0.644336
5,22,47,0.466162,0.576598
5,23,0,0.511093,0.574946
5,23,1,0.499860,0.555120
5,23,2,0.468970,0.591467
5,23,3,0.480203,0.581554
5,23,4,0.466162,0.632771
5,23,5,0.438080,0.649292
5,23,6,0.438080,0.596424
5,23,7,0.426847,0.589815
5,23,8,0.393149,0.533642
5,23,9,0.311711,0.459296
5,23,10,0.306094,0.414688
5,23,11,0.280820,0.361819
5,23,12,0.244314,0.322168
5,23,13,0.176917,0.279212
5,23,14,0.146027,0.227996
5,23,15,0.182533,0.198257
5,23,16,0.188150,0.183388
5,23,17,0.207807,0.196605
5,23,18,0.219040,0.213126
5,23,19,0.258355,0.237909
5,23,20,0.266779,0.189996
5,23,21,0.311711,0.168519
5,23,22,0.311711,0.158606
5,23,23,0.336984,0.191649
5,23,24,0.345409,0.218083
5,23,25,0.356642,0.251126
5,23,26,0.362258,0.254430
5,23,27,0.381916,0.256082
5,23,28,0.516710,0.251126
5,23,29,0.511093,0.295734
5,23,30,0.480203,0.299038
5,23,31,0.334176,0.308951
5,23,32,0.244314,0.330429
5,23,33,0.252738,0.312255
5,23,34,0.255547,0.267647
5,23,35,0.235889,0.242865
5,23,36,0.219040,0.239561
5,23,37,0.216232,0.201561
5,23,38,0.143218,0.143736
5,23,39,0.103904,0.137128
5,23,40,0.084246,0.156954
5,23,41,0.070205,0.135476
5,23,42,0.044931,0.115650
5,23,43,0.033698,0.122259
5,23,44,0.022466,0.125563
5,23,45,0.014041,0.118954
5,23,46,0.022466,0.104085
5,23,47,0.014041,0.080955
5,24,0,0.019657,0.074346
5,24,1,0.022466,0.095824
5,24,2,0.028082,0.123911
5,24,3,0.039315,0.142084
5,24,4,0.058972,0.193301
5,24,5,0.081438,0.256082
5,24,6,0.137602,0.297386
5,24,7,0.148835,0.303994
5,24,8,0.174109,0.327124
5,24,9,0.210615,0.320516
5,24,10,0.255547,0.360167
5,24,11,0.261163,0.343646
5,24,12,0.261163,0.305646
5,24,13,0.238697,0.294081
5,24,14,0.266779,0.302342
5,24,15,0.207807,0.335385
5,24,16,0.193766,0.378341
5,24,17,0.219040,0.432861
5,24,18,0.247122,0.502251
5,24,19,0.269588,0.561729
5,24,20,0.278012,0.588163
5,24,21,0.297670,0.548511
5,24,22,0.325752,0.556772
5,24,23,0.339793,0.558424
5,24,24,0.351025,0.546859
5,24,25,0.424039,0.553468
5,24,26,0.519518,0.637727
5,24,27,0.575682,0.667466
5,24,28,0.668353,0.707117
5,24,29,0.693626,0.712074
5,24,30,0.727325,0.831028
5,24,31,0.710476,0.898766
5,24,32,0.693626,0.921896
5,24,33,0.679585,0.945026
5,24,34,0.716092,0.989634
5,24,35,0.775064,0.976416
5,24,36,0.856502,0.907026
5,24,37,0.968830,0.915287
5,24,38,0.999721,0.948330
5,24,39,1.039035,1.045806
5,24,40,1.041844,1.125109
5,24,41,1.053076,1.181282
5,24,42,1.047460,1.250672
5,24,43,1.044652,1.320062
5,24,44,1.022186,1.336584
5,24,45,0.991296,1.334931
5,24,46,1.013762,1.283715
5,24,47,1.058693,1.318410
5,25,0,1.092391,1.422495
5,25,1,1.140131,1.592666
5,25,2,1.145747,1.726489
5,25,3,1.100816,1.714924
5,25,4,1.058693,1.690142
5,25,5,1.050268,1.693446
5,25,6,1.098008,1.642230
5,25,7,1.134514,1.584405
5,25,8,1.156980,1.526580
5,25,9,1.173829,1.548058
5,25,10,1.134514,1.470407
5,25,11,1.022186,1.526580
5,25,12,1.033419,1.605883
5,25,13,1.033419,1.678577
5,25,14,0.996912,1.731446
5,25,15,0.991296,1.895008
5,25,16,1.002529,1.977615
5,25,17,1.008145,1.985876
5,25,18,1.008145,1.906573
5,25,19,0.929516,1.757880
5,25,20,0.887392,1.676925
5,25,21,0.951981,1.612491
5,25,22,0.982871,1.557971
5,25,23,0.862119,1.300236
5,25,24,0.859310,1.301889
5,25,25,0.803146,1.415886
5,25,26,0.758215,1.391104
5,25,27,0.631846,1.435712
5,25,28,0.595339,1.447277
5,25,29,0.791914,1.351453
5,25,30,0.985680,1.338236
5,25,31,1.039035,1.285367
5,25,32,1.055885,1.483624
5,25,33,1.123282,1.457190
5,25,34,1.142939,1.533189
5,25,35,1.159788,1.607535
5,25,36,1.154172,1.622404
5,25,37,1.159788,1.736402
5,25,38,1.252459,1.832226
5,25,39,1.252459,1.863617
5,25,40,1.244034,1.845444
5,25,41,1.241226,1.857009
5,25,42,1.221569,1.962746
5,25,43,1.204720,2.086656
5,25,44,1.112049,2.055266
5,25,45,0.935132,1.975963
5,25,46,0.794722,1.969354
5,25,47,0.834037,2.121351
5,26,0,0.935132,2.131264
5,26,1,1.064309,2.042049
5,26,2,1.154172,2.085004
5,26,3,1.235610,2.033788
5,26,4,1.333897,2.005701
5,26,5,1.359171,2.137873
5,26,6,1.364787,2.227089
5,26,7,1.269308,2.294826
5,26,8,1.311431,2.296479
5,26,9,1.384445,2.397259
5,26,10,1.381636,2.418737
5,26,11,1.317048,2.281609
5,26,12,1.269308,2.265088
5,26,13,1.227185,2.308044
5,26,14,1.210336,2.223784
5,26,15,1.258075,2.075091
5,26,16,1.314239,2.238654
5,26,17,1.390061,2.096569
5,26,18,1.449033,1.883443
5,26,19,1.536088,2.027179
5,26,20,1.392869,1.982571
5,26,21,1.187870,1.871878
5,26,22,1.010953,1.794227
5,26,23,0.957598,1.713272
5,26,24,0.909858,1.620752
5,26,25,0.859310,1.518319
5,26,26,0.839653,1.435712
5,26,27,0.786297,1.363018
5,26,28,0.797530,1.338236
5,26,29,0.721708,1.333279
5,26,30,0.659928,1.341540
5,26,31,0.575682,1.253976
5,26,32,0.483011,1.141631
5,26,33,0.432463,1.093719
5,26,34,0.418422,0.941721
5,26,35,0.401573,0.862419
5,26,36,0.395957,0.746769
5,26,37,0.421231,0.659205
5,26,38,0.438080,0.594771
5,26,39,0.446504,0.553468
5,26,40,0.466162,0.546859
5,26,41,0.468970,0.500599
5,26,42,0.483011,0.505556
5,26,43,0.511093,0.522077
5,26,44,0.536367,0.513816
5,26,45,0.564449,0.469209
5,26,46,0.679585,0.437818
5,26,47,0.909858,0.391558
5,27,0,1.148555,0.327124
5,27,1,1.196295,0.280864
5,27,2,1.373212,0.275908
5,27,3,1.434992,0.267647
5,27,4,1.451841,0.242865
5,27,5,1.420951,0.194953
5,27,6,1.426568,0.165214
5,27,7,1.384445,0.156954
5,27,8,1.364787,0.170171
5,27,9,1.412527,0.171823
5,27,10,1.412527,0.168519
5,27,11,1.392869,0.127215
5,27,12,1.347938,0.097476
5,27,13,1.213144,0.079303
5,27,14,1.199103,0.049564
5,27,15,1.221569,0.047912
5,27,16,1.193487,0.039651
5,27,17,1.207528,0.029739
5,27,18,1.201911,0.031391
5,27,19,1.185062,0.031391
5,27,20,1.156980,0.046260
5,27,21,1.156980,0.067738
5,27,22,1.114857,0.089216
5,27,23,1.109241,0.100781
5,27,24,1.106432,0.109041
5,27,25,1.128898,0.104085
5,27,26,1.128898,0.118954
5,27,27,1.235610,0.142084
5,27,28,1.215952,0.166866
5,27,29,1.168213,0.171823
5,27,30,1.145747,0.168519
5,27,31,1.067118,0.175127
5,27,32,1.027803,0.170171
5,27,33,1.047460,0.170171
5,27,34,1.050268,0.145389
5,27,35,1.081159,0.147041
5,27,36,1.078350,0.147041
5,27,37,1.075542,0.145389
5,27,38,1.128898,0.145389
5,27,39,1.227185,0.158606
5,27,40,1.277733,0.163562
5,27,41,1.274925,0.153649
5,27,42,1.277733,0.155301
5,27,43,1.286157,0.156954
5,27,44,1.272116,0.142084
5,27,45,1.266500,0.165214
5,27,46,1.325472,0.178431
5,27,47,1.418143,0.201561
5,28,0,1.437800,0.216431
5,28,1,1.378828,0.208170
5,28,2,1.277733,0.186692
5,28,3,1.286157,0.206518
5,28,4,1.303007,0.204866
5,28,5,1.294582,0.189996
5,28,6,1.291774,0.186692
5,28,7,1.319856,0.176779
5,28,8,1.336705,0.151997
5,28,9,1.339513,0.118954
5,28,10,1.345130,0.125563
5,28,11,1.311431,0.112346
5,28,12,1.291774,0.084259
5,28,13,1.114857,0.056173
5,28,14,1.117665,0.029739
5,28,15,1.131706,0.021478
5,28,16,1.075542,0.018174
5,28,17,1.075542,0.009913
5,28,18,1.058693,0.008261
5,28,19,1.039035,0.008261
5,28,20,1.008145,0.013217
5,28,21,1.005337,0.016521
5,28,22,0.935132,0.046260
5,28,23,0.929516,0.074346
5,28,24,0.946365,0.089216
5,28,25,0.960406,0.113998
5,28,26,0.966022,0.181736
5,28,27,1.033419,0.227996
5,28,28,1.039035,0.305646
5,28,29,1.016570,0.398166
5,28,30,0.985680,0.457644
5,28,31,0.893009,0.485730
5,28,32,0.836845,0.515469
5,28,33,0.828420,0.512164
5,28,34,0.831228,0.533642
5,28,35,0.850886,0.503904
5,28,36,0.873351,0.422949
5,28,37,0.923899,0.353559
5,28,38,1.022186,0.249474
5,28,39,1.022186,0.183388
5,28,40,0.974447,0.117302
5,28,41,0.943557,0.125563
5,28,42,0.949173,0.120606
5,28,43,0.954789,0.122259
5,28,44,0.985680,0.087564
5,28,45,0.985680,0.084259
5,28,46,1.072734,0.087564
5,28,47,1.128898,0.069390
5,29,0,1.156980,0.069390
5,29,1,1.162596,0.071042
5,29,2,1.159788,0.075999
5,29,3,1.106432,0.075999
5,29,4,1.114857,0.080955
5,29,5,1.126090,0.094172
5,29,6,1.137323,0.105737
5,29,7,1.187870,0.112346
5,29,8,1.207528,0.127215
5,29,9,1.199103,0.147041
5,29,10,1.204720,0.165214
5,29,11,1.196295,0.181736
5,29,12,1.145747,0.176779
5,29,13,0.968830,0.166866
5,29,14,1.008145,0.161910
5,29,15,1.033419,0.142084
5,29,16,0.996912,0.137128
5,29,17,1.022186,0.155301
5,29,18,1.022186,0.165214
5,29,19,1.010953,0.201561
5,29,20,1.008145,0.223039
5,29,21,1.039035,0.226344
5,29,22,1.022186,0.246169
5,29,23,1.041844,0.290777
5,29,24,1.055885,0.335385
5,29,25,1.067118,0.360167
5,29,26,1.069926,0.386601
5,29,27,1.128898,0.378341
5,29,28,1.176637,0.416340
5,29,29,1.173829,0.474165
5,29,30,1.134514,0.517121
5,29,31,1.053076,0.497295
5,29,32,1.027803,0.528686
5,29,33,1.036227,0.512164
5,29,34,1.050268,0.533642
5,29,35,1.064309,0.560076
5,29,36,1.039035,0.555120
5,29,37,1.036227,0.446079
5,29,38,1.140131,0.426253
5,29,39,1.190678,0.441122
5,29,40,1.193487,0.441122
5,29,41,1.148555,0.384949
5,29,42,1.106432,0.294081
5,29,43,1.123282,0.267647
5,29,44,1.100816,0.257734
5,29,45,1.050268,0.237909
5,29,46,1.078350,0.211474
5,29,47,1.075542,0.194953
5,30,0,1.061501,0.209822
5,30,1,1.058693,0.198257
5,30,2,1.041844,0.193301
5,30,3,1.064309,0.204866
5,30,4,1.041844,0.231300
5,30,5,1.002529,0.221387
5,30,6,0.971639,0.183388
5,30,7,0.946365,0.178431
5,30,8,0.805955,0.227996
5,30,9,0.699243,0.246169
5,30,10,0.699243,0.251126
5,30,11,0.494244,0.227996
5,30,12,0.351025,0.199909
5,30,13,0.174109,0.173475
5,30,14,0.137602,0.153649
5,30,15,0.148835,0.115650
5,30,16,0.140410,0.087564
5,30,17,0.151643,0.074346
5,30,18,0.207807,0.072694
5,30,19,0.224656,0.057825
5,30,20,0.129177,0.064434
5,30,21,0.126369,0.075999
5,30,22,0.143218,0.089216
5,30,23,0.168492,0.079303
5,30,24,0.190958,0.074346
5,30,25,0.202191,0.087564
5,30,26,0.233081,0.099129
5,30,27,0.395957,0.107389
5,30,28,0.657120,0.115650
5,30,29,0.766640,0.125563
5,30,30,0.789105,0.156954
5,30,31,0.805955,0.181736
5,30,32,0.864927,0.194953
5,30,33,0.904242,0.208170
5,30,34,0.943557,0.223039
5,30,35,0.982871,0.242865
5,30,36,1.022186,0.264343
5,30,37,1.033419,0.300690
5,30,38,1.128898,0.307299
5,30,39,1.173829,0.356863
5,30,40,1.162596,0.426253
5,30,41,1.187870,0.396514
5,30,42,1.224377,0.413036
5,30,43,1.221569,0.436166
5,30,44,1.232802,0.449383
5,30,45,1.269308,0.497295
5,30,46,1.272116,0.513816
5,30,47,1.322664,0.553468
5,31,0,1.429376,0.647640
5,31,1,1.474307,0.700509
5,31,2,1.541704,0.721986
5,31,3,1.555745,0.718682
5,31,4,1.547320,0.791376
5,31,5,1.485540,0.860766
5,31,6,1.434992,0.854158
5,31,7,1.454650,0.869027
5,31,8,1.454650,1.009459
5,31,9,1.457458,1.125109
5,31,10,1.457458,1.215977
5,31,11,1.496773,1.244064
5,31,12,1.491156,1.315106
5,31,13,1.376020,1.386148
5,31,14,1.381636,1.442321
5,31,15,1.392869,1.557971
5,31,16,1.378828,1.582753
5,31,17,1.361979,1.630665
5,31,18,1.356363,1.916486
5,31,19,1.342322,1.990832
5,31,20,1.392869,2.009006
5,31,21,1.429376,2.033788
5,31,22,1.364787,2.020571
5,31,23,1.322664,1.926399
5,31,24,1.339513,1.852052
5,31,25,1.359171,2.013962
5,31,26,1.387253,1.989180
5,31,27,1.533279,2.033788
5,31,28,1.589443,2.070135
5,31,29,1.508006,2.108134
5,31,30,1.460266,2.172568
5,31,31,1.361979,2.076744
5,31,32,1.328280,2.020571
5,31,33,1.353554,2.037092
5,31,34,1.401294,2.000745
5,31,35,1.440609,1.959441
5,31,36,1.463074,2.033788
5,31,37,1.485540,2.032136
5,31,38,1.530471,2.017266
5,31,39,1.538896,2.000745
5,31,40,1.510814,2.002397
5,31,41,1.538896,1.989180
5,31,42,1.592252,2.075091
5,31,43,1.597868,2.152742
5,31,44,1.558553,2.043701
5,31,45,1.502389,1.951181
5,31,46,1.465882,1.868574
5,31,47,1.429376,1.734750
6,1,0,1.423759,1.741359
6,1,1,1.460266,1.832226
6,1,2,1.277733,1.819009
6,1,3,1.314239,1.701707
6,1,4,1.314239,1.660404
6,1,5,1.322664,1.610839
6,1,6,1.213144,1.521624
6,1,7,1.016570,1.348149
6,1,8,1.013762,1.257281
6,1,9,0.994104,1.146587
6,1,10,0.971639,1.021024
6,1,11,0.957598,0.913635
6,1,12,0.940748,0.692248
6,1,13,0.848078,0.566685
6,1,14,0.876160,0.579902
6,1,15,0.935132,0.693900
6,1,16,0.940748,0.660857
6,1,17,0.946365,0.535294
6,1,18,0.929516,0.426253
6,1,19,0.966022,0.365124
6,1,20,1.053076,0.318864
6,1,21,1.044652,0.277560
6,1,22,0.895817,0.254430
6,1,23,0.895817,0.297386
6,1,24,0.926707,0.264343
6,1,25,0.960406,0.269299
6,1,26,1.008145,0.414688
6,1,27,1.142939,0.454339
6,1,28,1.277733,0.517121
6,1,29,1.280541,0.622858
6,1,30,1.272116,0.669118
6,1,31,1.190678,0.682335
6,1,32,1.187870,0.614597
6,1,33,1.207528,0.591467
6,1,34,1.241226,0.569989
6,1,35,1.210336,0.614597
6,1,36,1.210336,0.634423
6,1,37,1.272116,0.718682
6,1,38,1.420951,0.814506
6,1,39,1.432184,0.875636
6,1,40,1.367595,0.902070
6,1,41,1.373212,0.921896
6,1,42,1.336705,1.011111
6,1,43,1.204720,1.164761
6,1,44,1.067118,1.263889
6,1,45,0.985680,1.308497
6,1,46,1.095200,1.402669
6,1,47,1.089583,1.419191
6,2,0,0.940748,1.445625
6,2,1,0.842461,1.506754
6,2,2,0.814379,1.609187
6,2,3,0.525134,1.610839
6,2,4,0.466162,1.602579
6,2,5,0.457737,1.620752
6,2,6,0.334176,1.627361
6,2,7,0.334176,1.521624
6,2,8,0.308902,1.412582
6,2,9,0.294861,1.387800
6,2,10,0.294861,1.323366
6,2,11,0.249930,1.287019
6,2,12,0.238697,1.230846
6,2,13,0.219040,1.249020
6,2,14,0.221848,1.214325
6,2,15,0.278012,1.017720
6,2,16,0.247122,1.187891
6,2,17,0.280820,1.179630
6,2,18,0.314519,1.044154
6,2,19,0.322943,1.095371
6,2,20,0.328560,1.042502
6,2,21,0.432463,1.037546
6,2,22,0.429655,1.001199
6,2,23,0.418422,0.959895
6,2,24,0.421231,0.916939
6,2,25,0.412806,0.802941
6,2,26,0.398765,0.639379
6,2,27,0.303286,0.650944
6,2,28,0.328560,0.601380
6,2,29,0.328560,0.657553
6,2,30,0.241506,0.680683
6,2,31,0.233081,0.652596
6,2,32,0.247122,0.565033
6,2,33,0.263971,0.584859
6,2,34,0.272396,0.571641
6,2,35,0.233081,0.515469
6,2,36,0.213424,0.470861
6,2,37,0.210615,0.422949
6,2,38,0.190958,0.361819
6,2,39,0.087054,0.305646
6,2,40,0.028082,0.229648
6,2,41,0.025274,0.155301
6,2,42,0.016849,0.104085
6,2,43,0.011233,0.123911
6,2,44,0.005616,0.133824
6,2,45,0.011233,0.133824
6,2,46,0.008425,0.148693
6,2,47,0.008425,0.125563
6,3,0,0.002808,0.127215
6,3,1,0.000000,0.117302
6,3,2,0.005616,0.107389
6,3,3,0.005616,0.102433
6,3,4,0.008425,0.100781
6,3,5,0.008425,0.097476
6,3,6,0.008425,0.104085
6,3,7,0.008425,0.092520
6,3,8,0.011233,0.100781
6,3,9,0.016849,0.117302
6,3,10,0.014041,0.133824
6,3,11,0.008425,0.137128
6,3,12,0.042123,0.173475
6,3,13,0.050548,0.158606
6,3,14,0.050548,0.143736
6,3,15,0.058972,0.122259
6,3,16,0.075822,0.110694
6,3,17,0.095479,0.156954
6,3,18,0.129177,0.198257
6,3,19,0.151643,0.244517
6,3,20,0.221848,0.284169
6,3,21,0.351025,0.308951
6,3,22,0.415614,0.325472
6,3,23,0.477395,0.353559
6,3,24,0.536367,0.393210
6,3,25,0.558833,0.419644
6,3,26,0.570065,0.485730
6,3,27,0.724517,0.462600
6,3,28,0.893009,0.394862
6,3,29,0.918283,0.406427
6,3,30,1.005337,0.455991
6,3,31,1.092391,0.441122
6,3,32,1.182254,0.474165
6,3,33,1.297390,0.517121
6,3,34,1.359171,0.565033
6,3,35,1.437800,0.551816
6,3,36,1.547320,0.553468
6,3,37,1.589443,0.527034
6,3,38,1.760744,0.541903
6,3,39,1.791634,0.505556
6,3,40,1.797251,0.492339
6,3,41,1.794442,0.485730
6,3,42,1.805675,0.527034
6,3,43,1.715813,0.566685
6,3,44,1.704580,0.535294
6,3,45,1.676498,0.527034
6,3,46,1.606293,0.442774
6,3,47,1.533279,0.386601
6,4,0,1.609101,0.351906
6,4,1,1.696155,0.335385
6,4,2,1.780401,0.302342
6,4,3,1.833757,0.292429
6,4,4,1.780401,0.303994
6,4,5,1.777593,0.378341
6,4,6,1.814100,0.528686
6,4,7,1.828141,0.655901
6,4,8,1.839374,0.859114
6,4,9,1.766360,0.981373
6,4,10,1.735470,0.992938
6,4,11,1.656840,1.067284
6,4,12,1.589443,1.029285
6,4,13,1.392869,1.088762
6,4,14,1.356363,1.192847
6,4,15,1.361979,1.291976
6,4,16,1.384445,1.282063
6,4,17,1.482732,1.227542
6,4,18,1.595060,1.346496
6,4,19,1.752319,1.336584
6,4,20,1.656840,1.387800
6,4,21,1.572594,1.374583
6,4,22,1.482732,1.407626
6,4,23,1.434992,1.546406
6,4,24,1.409718,1.663708
6,4,25,1.398486,1.671969
6,4,26,1.398486,1.825618
6,4,27,1.283349,1.878486
6,4,28,1.016570,1.858661
6,4,29,0.766640,1.866921
6,4,30,0.775064,1.995789
6,4,31,0.710476,2.080048
6,4,32,0.685202,2.048657
6,4,33,0.718900,2.015614
6,4,34,0.876160,1.962746
6,4,35,1.098008,1.852052
6,4,36,1.266500,1.776054
6,4,37,1.314239,1.757880
6,4,38,1.432184,1.888399
6,4,39,1.606293,1.944572
6,4,40,1.738278,1.914834
6,4,41,1.760744,2.000745
6,4,42,1.786018,2.020571
6,4,43,1.839374,1.946224
6,4,44,1.887113,1.994136
6,4,45,1.884305,2.124656
6,4,46,1.932044,2.189089
6,4,47,1.996633,2.217176
6,5,0,2.092112,2.273349
6,5,1,2.069646,2.308044
6,5,2,2.069646,2.261784
6,5,3,2.010674,2.289870
6,5,4,1.991017,2.141177
6,5,5,1.957318,1.999093
6,5,6,1.948894,1.982571
6,5,7,1.929236,1.952833
6,5,8,1.892729,1.781010
6,5,9,1.892729,1.577796
6,5,10,1.864647,1.440669
6,5,11,1.746703,1.331627
6,5,12,1.597868,1.209369
6,5,13,1.353554,1.187891
6,5,14,1.429376,1.224238
6,5,15,1.485540,1.163109
6,5,16,1.566978,1.366322
6,5,17,1.690539,1.425799
6,5,18,1.760744,1.419191
6,5,19,1.783210,1.556319
6,5,20,1.639991,1.581101
6,5,21,1.550129,1.670316
6,5,22,1.552937,1.703359
6,5,23,1.597868,1.716576
6,5,24,1.581019,1.954485
6,5,25,1.578211,2.000745
6,5,26,1.558553,2.177524
6,5,27,1.704580,2.147786
6,5,28,1.836565,2.194046
6,5,29,1.763552,2.129612
6,5,30,1.645608,2.047005
6,5,31,1.474307,2.070135
6,5,32,1.325472,1.888399
6,5,33,1.331089,1.923094
6,5,34,1.361979,1.997441
6,5,35,1.308623,1.972659
6,5,36,1.350746,1.804140
6,5,37,1.426568,1.723185
6,5,38,1.595060,1.546406
6,5,39,1.544512,1.440669
6,5,40,1.541704,1.328323
6,5,41,1.505197,1.389452
6,5,42,1.443417,1.260585
6,5,43,1.429376,1.130066
6,5,44,1.409718,1.108588
6,5,45,1.353554,1.204412
6,5,46,1.440609,1.255629
6,5,47,1.468691,1.296932
6,6,0,1.544512,1.341540
6,6,1,1.603484,1.146587
6,6,2,1.586635,0.948330
6,6,3,1.600676,0.862419
6,6,4,1.631567,0.865723
6,6,5,1.642799,0.900418
6,6,6,1.755127,0.900418
6,6,7,1.757936,0.913635
6,6,8,1.780401,0.873984
6,6,9,1.816908,0.852506
6,6,10,1.769169,0.799637
6,6,11,1.786018,0.692248
6,6,12,1.777593,0.603032
6,6,13,1.698963,0.596424
6,6,14,1.724237,0.573294
6,6,15,1.715813,0.555120
6,6,16,1.757936,0.482426
6,6,17,1.769169,0.484078
6,6,18,1.715813,0.513816
6,6,19,1.743895,0.513816
6,6,20,1.771977,0.545207
6,6,21,1.749511,0.611293
6,6,22,1.586635,0.594771
6,6,23,1.547320,0.645988
6,6,24,1.496773,0.665814
6,6,25,1.493965,0.679031
6,6,26,1.522047,0.674074
6,6,27,1.662457,0.710421
6,6,28,1.828141,0.741812
6,6,29,1.892729,0.743464
6,6,30,1.777593,0.758334
6,6,31,1.575402,0.721986
6,6,32,1.544512,0.698856
6,6,33,1.513622,0.655901
6,6,34,1.420951,0.619554
6,6,35,1.420951,0.581554
6,6,36,1.364787,0.513816
6,6,37,1.373212,0.485730
6,6,38,1.491156,0.480774
6,6,39,1.555745,0.541903
6,6,40,1.530471,0.596424
6,6,41,1.491156,0.670770
6,6,42,1.544512,0.655901
6,6,43,1.639991,0.581554
6,6,44,1.581019,0.550164
6,6,45,1.499581,0.589815
6,6,46,1.502389,0.588163
6,6,47,1.572594,0.612945
6,7,0,1.614717,0.616249
6,7,1,1.508006,0.624510
6,7,2,1.454650,0.687291
6,7,3,1.471499,0.718682
6,7,4,1.446225,0.745116
6,7,5,1.572594,0.826071
6,7,6,1.631567,0.832680
6,7,7,1.654032,0.903722
6,7,8,1.727045,0.928504
6,7,9,1.729854,0.883896
6,7,10,1.623142,0.806246
6,7,11,1.412527,0.761638
6,7,12,1.314239,0.725291
6,7,13,1.159788,0.710421
6,7,14,1.232802,0.680683
6,7,15,1.317048,0.759986
6,7,16,1.339513,0.801289
6,7,17,1.392869,0.946678
6,7,18,1.505197,1.113544
6,7,19,1.558553,1.135022
6,7,20,1.628758,1.211021
6,7,21,1.502389,1.282063
6,7,22,1.409718,1.222586
6,7,23,1.418143,1.161456
6,7,24,1.398486,1.123457
6,7,25,1.446225,1.130066
6,7,26,1.378828,1.035894
6,7,27,1.218761,1.022676
6,7,28,1.314239,1.098675
6,7,29,1.398486,1.305193
6,7,30,1.350746,1.429104
6,7,31,1.165405,1.557971
6,7,32,1.055885,1.334931
6,7,33,0.999721,1.245716
6,7,34,1.027803,1.110240
6,7,35,0.946365,0.931809
6,7,36,0.932324,0.811202
6,7,37,0.915475,0.730247
6,7,38,0.805955,0.591467
6,7,39,0.589723,0.457644
6,7,40,0.457737,0.370080
6,7,41,0.390340,0.265995
6,7,42,0.367875,0.259386
6,7,43,0.393149,0.236256
6,7,44,0.401573,0.198257
6,7,45,0.409998,0.193301
6,7,46,0.553216,0.203214
6,7,47,0.629038,0.254430
6,8,0,0.536367,0.262691
6,8,1,0.626229,0.330429
6,8,2,0.634654,0.333733
6,8,3,0.657120,0.322168
6,8,4,0.682394,0.287473
6,8,5,0.651503,0.294081
6,8,6,0.626229,0.318864
6,8,7,0.631846,0.318864
6,8,8,0.629038,0.327124
6,8,9,0.651503,0.330429
6,8,10,0.727325,0.340341
6,8,11,0.814379,0.332081
6,8,12,0.746982,0.312255
6,8,13,0.730133,0.299038
6,8,14,0.727325,0.310603
6,8,15,0.696435,0.320516
6,8,16,0.763831,0.355211
6,8,17,0.817187,0.360167
6,8,18,0.862119,0.441122
6,8,19,0.862119,0.451035
6,8,20,0.957598,0.451035
6,8,21,0.935132,0.421296
6,8,22,0.887392,0.447731
6,8,23,0.870543,0.528686
6,8,24,0.940748,0.573294
6,8,25,0.921091,0.584859
6,8,26,0.907050,0.553468
6,8,27,0.935132,0.503904
6,8,28,1.016570,0.502251
6,8,29,0.873351,0.469209
6,8,30,0.766640,0.480774
6,8,31,0.612188,0.497295
6,8,32,0.558833,0.512164
6,8,33,0.620613,0.505556
6,8,34,0.659928,0.426253
6,8,35,0.721708,0.363471
6,8,36,0.859310,0.328776
6,8,37,0.921091,0.251126
6,8,38,0.848078,0.234604
6,8,39,0.797530,0.241213
6,8,40,0.749790,0.239561
6,8,41,0.634654,0.219735
6,8,42,0.612188,0.186692
6,8,43,0.586915,0.175127
6,8,44,0.561641,0.198257
6,8,45,0.589723,0.229648
6,8,46,0.637462,0.254430
6,8,47,0.581298,0.251126
6,9,0,0.409998,0.239561
6,9,1,0.263971,0.231300
6,9,2,0.294861,0.219735
6,9,3,0.306094,0.193301
6,9,4,0.376299,0.173475
6,9,5,0.494244,0.161910
6,9,6,0.665544,0.155301
6,9,7,0.817187,0.158606
6,9,8,0.814379,0.153649
6,9,9,0.763831,0.158606
6,9,10,0.800338,0.165214
6,9,11,0.974447,0.147041
6,9,12,1.100816,0.135476
6,9,13,1.041844,0.110694
6,9,14,1.092391,0.079303
6,9,15,1.154172,0.049564
6,9,16,1.162596,0.033043
6,9,17,1.171021,0.026434
6,9,18,1.213144,0.021478
6,9,19,1.232802,0.031391
6,9,20,1.280541,0.054521
6,9,21,1.221569,0.087564
6,9,22,1.142939,0.109041
6,9,23,1.201911,0.135476
6,9,24,1.210336,0.185040
6,9,25,1.204720,0.201561
6,9,26,1.199103,0.218083
6,9,27,1.322664,0.219735
6,9,28,1.361979,0.244517
6,9,29,1.390061,0.270951
6,9,30,1.353554,0.257734
6,9,31,1.213144,0.251126
6,9,32,1.154172,0.247821
6,9,33,1.182254,0.241213
6,9,34,1.154172,0.267647
6,9,35,1.162596,0.272604
6,9,36,1.173829,0.300690
6,9,37,1.201911,0.292429
6,9,38,1.280541,0.305646
6,9,39,1.457458,0.328776
6,9,40,1.446225,0.303994
6,9,41,1.482732,0.251126
6,9,42,1.426568,0.269299
6,9,43,1.401294,0.299038
6,9,44,1.390061,0.307299
6,9,45,1.308623,0.317211
6,9,46,1.297390,0.259386
6,9,47,1.199103,0.242865
6,10,0,1.204720,0.229648
6,10,1,1.303007,0.209822
6,10,2,1.305815,0.193301
6,10,3,1.106432,0.185040
6,10,4,0.817187,0.189996
6,10,5,0.724517,0.213126
6,10,6,0.575682,0.231300
6,10,7,0.418422,0.265995
6,10,8,0.306094,0.290777
6,10,9,0.235889,0.252778
6,10,10,0.131986,0.213126
6,10,11,0.089863,0.189996
6,10,12,0.070205,0.148693
6,10,13,0.061780,0.117302
6,10,14,0.044931,0.082607
6,10,15,0.030890,0.071042
6,10,16,0.019657,0.064434
6,10,17,0.016849,0.052869
6,10,18,0.022466,0.047912
6,10,19,0.019657,0.057825
6,10,20,0.016849,0.066086
6,10,21,0.011233,0.087564
6,10,22,0.016849,0.105737
6,10,23,0.028082,0.140432
6,10,24,0.019657,0.183388
6,10,25,0.022466,0.223039
6,10,26,0.033698,0.247821
6,10,27,0.050548,0.241213
6,10,28,0.098287,0.241213
6,10,29,0.204999,0.232952
6,10,30,0.353834,0.236256
6,10,31,0.376299,0.241213
6,10,32,0.384724,0.203214
6,10,33,0.424039,0.229648
6,10,34,0.483011,0.237909
6,10,35,0.598147,0.229648
6,10,36,0.735749,0.199909
6,10,37,0.819996,0.185040
6,10,38,0.761023,0.208170
6,10,39,0.817187,0.234604
6,10,40,0.777873,0.277560
6,10,41,0.814379,0.237909
6,10,42,0.825612,0.237909
6,10,43,0.780681,0.275908
6,10,44,0.727325,0.206518
6,10,45,0.704859,0.199909
6,10,46,0.732941,0.199909
6,10,47,0.803146,0.254430
6,11,0,0.870543,0.292429
6,11,1,0.918283,0.261039
6,11,2,0.921091,0.236256
6,11,3,0.991296,0.246169
6,11,4,1.033419,0.234604
6,11,5,1.067118,0.234604
6,11,6,1.100816,0.211474
6,11,7,1.058693,0.206518
6,11,8,1.137323,0.226344
6,11,9,1.171021,0.254430
6,11,10,1.204720,0.261039
6,11,11,1.086775,0.350254
6,11,12,1.002529,0.338689
6,11,13,0.893009,0.323820
6,11,14,0.763831,0.303994
6,11,15,0.772256,0.299038
6,11,16,0.893009,0.351906
6,11,17,0.929516,0.360167
6,11,18,0.929516,0.413036
6,11,19,0.926707,0.431209
6,11,20,0.873351,0.490686
6,11,21,0.817187,0.484078
6,11,22,0.752599,0.484078
6,11,23,0.789105,0.568337
6,11,24,0.744174,0.768246
6,11,25,0.721708,0.954939
6,11,26,0.819996,1.116849
6,11,27,0.836845,1.126761
6,11,28,0.800338,1.252324
6,11,29,0.769448,1.427451
6,11,30,0.915475,1.442321
6,11,31,0.761023,1.531536
6,11,32,0.873351,1.705011
6,11,33,0.909858,1.777706
6,11,34,0.912666,1.804140
6,11,35,1.024994,1.751271
6,11,36,1.053076,1.587709
6,11,37,1.027803,1.526580
6,11,38,1.053076,1.557971
6,11,39,1.078350,1.792575
6,11,40,1.103624,1.964398
6,11,41,1.106432,1.899964
6,11,42,1.154172,1.809096
6,11,43,1.190678,1.805792
6,11,44,1.199103,1.709968
6,11,45,1.235610,1.764489
6,11,46,1.238418,1.761184
6,11,47,1.392869,1.848748
6,12,0,1.381636,1.878486
6,12,1,1.342322,2.040396
6,12,2,1.460266,2.116395
6,12,3,1.698963,2.098221
6,12,4,1.679306,2.116395
6,12,5,1.502389,2.088309
6,12,6,1.364787,2.061874
6,12,7,1.331089,1.934659
6,12,8,1.263692,1.898312
6,12,9,1.179446,1.830574
6,12,10,1.235610,1.719881
6,12,11,1.095200,1.615796
6,12,12,1.016570,1.586057
6,12,13,0.991296,1.617448
6,12,14,1.047460,1.554666
6,12,15,1.100816,1.457190
6,12,16,1.086775,1.515015
6,12,17,1.033419,1.430756
6,12,18,0.999721,1.346496
6,12,19,1.030611,1.386148
6,12,20,0.915475,1.356409
6,12,21,0.662736,1.321714
6,12,22,0.586915,1.371279
6,12,23,0.581298,1.367974
6,12,24,0.592531,1.303541
6,12,25,0.572874,1.273802
6,12,26,0.553216,1.146587
6,12,27,0.589723,1.156500
6,12,28,0.673969,1.093719
6,12,29,0.634654,1.052415
6,12,30,0.553216,1.075545
6,12,31,0.480203,1.019372
6,12,32,0.356642,0.928504
6,12,33,0.345409,0.864071
6,12,34,0.317327,0.850854
6,12,35,0.289245,0.819463
6,12,36,0.272396,0.797985
6,12,37,0.272396,0.726943
6,12,38,0.272396,0.698856
6,12,39,0.185341,0.674074
6,12,40,0.098287,0.665814
6,12,41,0.064589,0.690596
6,12,42,0.087054,0.629466
6,12,43,0.115136,0.622858
6,12,44,0.129177,0.586511
6,12,45,0.162876,0.540251
6,12,46,0.272396,0.457644
6,12,47,0.525134,0.411384
6,13,0,0.685202,0.408079
6,13,1,0.732941,0.396514
6,13,2,0.853694,0.343646
6,13,3,0.985680,0.345298
6,13,4,0.963214,0.285821
6,13,5,1.016570,0.254430
6,13,6,1.033419,0.196605
6,13,7,1.002529,0.153649
6,13,8,1.081159,0.127215
6,13,9,1.142939,0.110694
6,13,10,1.140131,0.082607
6,13,11,1.140131,0.054521
6,13,12,1.078350,0.046260
6,13,13,0.893009,0.049564
6,13,14,0.915475,0.046260
6,13,15,0.949173,0.042956
6,13,16,0.985680,0.031391
6,13,17,0.977255,0.024782
6,13,18,0.940748,0.024782
6,13,19,0.940748,0.026434
6,13,20,0.937940,0.031391
6,13,21,0.929516,0.034695
6,13,22,0.805955,0.051216
6,13,23,0.805955,0.071042
6,13,24,0.811571,0.105737
6,13,25,0.839653,0.104085
6,13,26,0.850886,0.100781
6,13,27,0.946365,0.100781
6,13,28,0.968830,0.092520
6,13,29,0.921091,0.107389
6,13,30,0.907050,0.113998
6,13,31,0.803146,0.128867
6,13,32,0.819996,0.123911
6,13,33,0.881776,0.133824
6,13,34,0.921091,0.122259
6,13,35,0.909858,0.142084
6,13,36,0.909858,0.147041
6,13,37,0.915475,0.123911
6,13,38,0.996912,0.128867
6,13,39,1.086775,0.137128
6,13,40,1.142939,0.151997
6,13,41,1.145747,0.138780
6,13,42,1.176637,0.130519
6,13,43,1.196295,0.178431
6,13,44,1.213144,0.208170
6,13,45,1.221569,0.223039
6,13,46,1.294582,0.224691
6,13,47,1.378828,0.277560
6,14,0,1.376020,0.360167
6,14,1,1.331089,0.446079
6,14,2,1.319856,0.480774
6,14,3,1.361979,0.489034
6,14,4,1.387253,0.490686
6,14,5,1.359171,0.497295
6,14,6,1.367595,0.487382
6,14,7,1.404102,0.487382
6,14,8,1.432184,0.498947
6,14,9,1.446225,0.500599
6,14,10,1.429376,0.479121
6,14,11,1.432184,0.446079
6,14,12,1.395677,0.396514
6,14,13,1.229993,0.391558
6,14,14,1.210336,0.388254
6,14,15,1.252459,0.381645
6,14,16,1.274925,0.343646
6,14,17,1.274925,0.310603
6,14,18,1.291774,0.295734
6,14,19,1.300198,0.282516
6,14,20,1.328280,0.295734
6,14,21,1.311431,0.360167
6,14,22,1.190678,0.416340
6,14,23,1.154172,0.379993
6,14,24,1.199103,0.383297
6,14,25,1.224377,0.348602
6,14,26,1.218761,0.328776
6,14,27,1.395677,0.373384
6,14,28,1.471499,0.371732
6,14,29,1.429376,0.346950
6,14,30,1.373212,0.270951
6,14,31,1.235610,0.219735
6,14,32,1.201911,0.265995
6,14,33,1.162596,0.358515
6,14,34,1.140131,0.500599
6,14,35,1.086775,0.533642
6,14,36,1.078350,0.581554
6,14,37,1.131706,0.690596
6,14,38,1.241226,0.606336
6,14,39,1.331089,0.614597
6,14,40,1.381636,0.609641
6,14,41,1.398486,0.626162
6,14,42,1.434992,0.614597
6,14,43,1.420951,0.621206
6,14,44,1.412527,0.599728
6,14,45,1.336705,0.535294
6,14,46,1.460266,0.541903
6,14,47,1.519238,0.569989
6,15,0,1.420951,0.533642
6,15,1,1.246843,0.512164
6,15,2,1.199103,0.487382
6,15,3,1.100816,0.464252
6,15,4,1.055885,0.421296
6,15,5,1.089583,0.396514
6,15,6,1.145747,0.381645
6,15,7,1.137323,0.335385
6,15,8,1.112049,0.310603
6,15,9,0.977255,0.310603
6,15,10,0.836845,0.287473
6,15,11,0.775064,0.196605
6,15,12,0.704859,0.123911
6,15,13,0.629038,0.125563
6,15,14,0.578490,0.097476
6,15,15,0.654312,0.061129
6,15,16,0.797530,0.069390
6,15,17,0.831228,0.102433
6,15,18,0.864927,0.105737
6,15,19,0.878968,0.090868
6,15,20,0.935132,0.084259
6,15,21,0.968830,0.105737
6,15,22,0.853694,0.132171
6,15,23,0.884584,0.137128
6,15,24,0.842461,0.097476
6,15,25,0.805955,0.080955
6,15,26,0.786297,0.112346
6,15,27,0.716092,0.130519
6,15,28,0.581298,0.145389
6,15,29,0.460545,0.176779
6,15,30,0.530751,0.214779
6,15,31,0.505477,0.254430
6,15,32,0.527942,0.244517
6,15,33,0.550408,0.232952
6,15,34,0.651503,0.227996
6,15,35,0.693626,0.236256
6,15,36,0.702051,0.234604
6,15,37,0.730133,0.239561
6,15,38,0.862119,0.267647
6,15,39,0.915475,0.284169
6,15,40,0.842461,0.332081
6,15,41,0.758215,0.447731
6,15,42,0.707667,0.432861
6,15,43,0.727325,0.358515
6,15,44,0.758215,0.308951
6,15,45,0.769448,0.275908
6,15,46,0.814379,0.201561
6,15,47,0.724517,0.183388
6,16,0,0.716092,0.249474
6,16,1,0.727325,0.290777
6,16,2,0.791914,0.315559
6,16,3,0.817187,0.308951
6,16,4,0.848078,0.330429
6,16,5,0.839653,0.379993
6,16,6,0.878968,0.346950
6,16,7,0.825612,0.345298
6,16,8,0.775064,0.302342
6,16,9,0.744174,0.287473
6,16,10,0.777873,0.249474
6,16,11,0.814379,0.219735
6,16,12,0.794722,0.168519
6,16,13,0.685202,0.102433
6,16,14,0.651503,0.077651
6,16,15,0.707667,0.069390
6,16,16,0.780681,0.052869
6,16,17,0.786297,0.049564
6,16,18,0.780681,0.051216
6,16,19,0.794722,0.049564
6,16,20,0.856502,0.046260
6,16,21,0.831228,0.056173
6,16,22,0.657120,0.051216
6,16,23,0.614997,0.064434
6,16,24,0.612188,0.054521
6,16,25,0.595339,0.062781
6,16,26,0.561641,0.077651
6,16,27,0.460545,0.113998
6,16,28,0.494244,0.166866
6,16,29,0.311711,0.196605
6,16,30,0.216232,0.209822
6,16,31,0.199382,0.300690
6,16,32,0.148835,0.381645
6,16,33,0.129177,0.408079
6,16,34,0.131986,0.498947
6,16,35,0.143218,0.616249
6,16,36,0.199382,0.723639
6,16,37,0.224656,0.826071
6,16,38,0.202191,0.971460
6,16,39,0.320135,1.078849
6,16,40,0.432463,1.186239
6,16,41,0.463354,1.130066
6,16,42,0.533559,1.072241
6,16,43,0.530751,1.025981
6,16,44,0.519518,1.019372
6,16,45,0.530751,1.004503
6,16,46,0.603764,0.969808
6,16,47,0.679585,1.097023
6,17,0,0.713284,1.177978
6,17,1,0.732941,1.425799
6,17,2,0.688010,1.448929
6,17,3,0.558833,1.617448
6,17,4,0.581298,1.789271
6,17,5,0.685202,1.738054
6,17,6,0.738558,1.857009
6,17,7,0.772256,1.861965
6,17,8,0.772256,1.855356
6,17,9,0.730133,1.688490
6,17,10,0.668353,1.605883
6,17,11,0.592531,1.586057
6,17,12,0.547600,1.594318
6,17,13,0.513901,1.625709
6,17,14,0.488627,1.663708
6,17,15,0.556024,1.523276
6,17,16,0.511093,1.536493
6,17,17,0.466162,1.452234
6,17,18,0.401573,1.389452
6,17,19,0.390340,1.351453
6,17,20,0.320135,1.377887
6,17,21,0.322943,1.376235
6,17,22,0.393149,1.263889
6,17,23,0.370683,1.361366
6,17,24,0.314519,1.334931
6,17,25,0.452121,1.247368
6,17,26,0.505477,1.253976
6,17,27,0.558833,1.214325
6,17,28,0.499860,1.220934
6,17,29,0.421231,1.201108
6,17,30,0.373491,1.212673
6,17,31,0.412806,1.176326
6,17,32,0.424039,1.072241
6,17,33,0.421231,0.949982
6,17,34,0.539175,0.898766
6,17,35,0.676777,0.875636
6,17,36,0.699243,0.850854
6,17,37,0.848078,0.832680
6,17,38,0.996912,0.764942
6,17,39,0.862119,0.660857
6,17,40,0.727325,0.662509
6,17,41,0.693626,0.679031
6,17,42,0.721708,0.546859
6,17,43,0.718900,0.490686
6,17,44,0.893009,0.459296
6,17,45,0.918283,0.477469
6,17,46,1.008145,0.515469
6,17,47,1.069926,0.518773
6,18,0,1.120473,0.535294
6,18,1,1.098008,0.535294
6,18,2,1.210336,0.533642
6,18,3,1.269308,0.543555
6,18,4,1.308623,0.535294
6,18,5,1.342322,0.507208
6,18,6,1.260884,0.510512
6,18,7,1.241226,0.508860
6,18,8,1.210336,0.503904
6,18,9,1.182254,0.503904
6,18,10,1.162596,0.460948
6,18,11,1.126090,0.409731
6,18,12,1.109241,0.492339
6,18,13,0.921091,0.540251
6,18,14,0.884584,0.515469
6,18,15,0.918283,0.536946
6,18,16,0.856502,0.574946
6,18,17,0.822804,0.569989
6,18,18,0.811571,0.565033
6,18,19,0.859310,0.566685
6,18,20,0.951981,0.598076
6,18,21,1.013762,0.594771
6,18,22,0.878968,0.574946
6,18,23,0.822804,0.561729
6,18,24,0.780681,0.569989
6,18,25,0.763831,0.550164
6,18,26,0.789105,0.517121
6,18,27,0.915475,0.469209
6,18,28,0.937940,0.427905
6,18,29,0.909858,0.424601
6,18,30,0.881776,0.411384
6,18,31,0.746982,0.393210
6,18,32,0.738558,0.373384
6,18,33,0.775064,0.312255
6,18,34,0.845269,0.264343
6,18,35,0.836845,0.269299
6,18,36,0.817187,0.236256
6,18,37,0.817187,0.201561
6,18,38,0.789105,0.160258
6,18,39,0.718900,0.151997
6,18,40,0.668353,0.153649
6,18,41,0.671161,0.151997
6,18,42,0.648695,0.161910
6,18,43,0.659928,0.148693
6,18,44,0.659928,0.150345
6,18,45,0.651503,0.158606
6,18,46,0.777873,0.145389
6,18,47,0.834037,0.133824
6,19,0,0.794722,0.148693
6,19,1,0.727325,0.170171
6,19,2,0.682394,0.165214
6,19,3,0.648695,0.186692
6,19,4,0.606572,0.201561
6,19,5,0.558833,0.206518
6,19,6,0.502669,0.175127
6,19,7,0.491436,0.147041
6,19,8,0.480203,0.127215
6,19,9,0.483011,0.117302
6,19,10,0.468970,0.107389
6,19,11,0.485819,0.099129
6,19,12,0.497052,0.085911
6,19,13,0.424039,0.057825
6,19,14,0.435272,0.042956
6,19,15,0.426847,0.024782
6,19,16,0.424039,0.014869
6,19,17,0.457737,0.011565
6,19,18,0.463354,0.021478
6,19,19,0.440888,0.036347
6,19,20,0.317327,0.071042
6,19,21,0.272396,0.100781
6,19,22,0.306094,0.072694
6,19,23,0.334176,0.042956
6,19,24,0.345409,0.051216
6,19,25,0.351025,0.057825
6,19,26,0.348217,0.057825
6,19,27,0.292053,0.071042
6,19,28,0.328560,0.097476
6,19,29,0.334176,0.084259
6,19,30,0.317327,0.079303
6,19,31,0.204999,0.069390
6,19,32,0.140410,0.041304
6,19,33,0.137602,0.039651
6,19,34,0.134794,0.041304
6,19,35,0.123561,0.052869
6,19,36,0.120753,0.057825
6,19,37,0.129177,0.052869
6,19,38,0.042123,0.066086
6,19,39,0.019657,0.075999
6,19,40,0.014041,0.077651
6,19,41,0.011233,0.069390
6,19,42,0.014041,0.085911
6,19,43,0.025274,0.097476
6,19,44,0.044931,0.084259
6,19,45,0.058972,0.090868
6,19,46,0.154451,0.080955
6,19,47,0.188150,0.074346
6,20,0,0.190958,0.071042
6,20,1,0.193766,0.084259
6,20,2,0.196574,0.080955
6,20,3,0.126369,0.067738
6,20,4,0.033698,0.066086
6,20,5,0.056164,0.052869
6,20,6,0.120753,0.047912
6,20,7,0.143218,0.044608
6,20,8,0.151643,0.031391
6,20,9,0.219040,0.033043
6,20,10,0.235889,0.028086
6,20,11,0.204999,0.016521
6,20,12,0.185341,0.014869
6,20,13,0.219040,0.011565
6,20,14,0.196574,0.011565
6,20,15,0.185341,0.013217
6,20,16,0.176917,0.016521
6,20,17,0.182533,0.033043
6,20,18,0.179725,0.037999
6,20,19,0.165684,0.031391
6,20,20,0.131986,0.034695
6,20,21,0.202191,0.039651
6,20,22,0.160068,0.075999
6,20,23,0.146027,0.105737
6,20,24,0.134794,0.113998
6,20,25,0.140410,0.115650
6,20,26,0.146027,0.183388
6,20,27,0.103904,0.166866
6,20,28,0.084246,0.147041
6,20,29,0.103904,0.156954
6,20,30,0.123561,0.140432
6,20,31,0.095479,0.137128
6,20,32,0.084246,0.133824
6,20,33,0.089863,0.125563
6,20,34,0.098287,0.122259
6,20,35,0.106712,0.112346
6,20,36,0.123561,0.104085
6,20,37,0.165684,0.099129
6,20,38,0.202191,0.112346
6,20,39,0.188150,0.113998
6,20,40,0.210615,0.122259
6,20,41,0.202191,0.109041
6,20,42,0.230273,0.137128
6,20,43,0.266779,0.143736
6,20,44,0.269588,0.166866
6,20,45,0.269588,0.201561
6,20,46,0.376299,0.274256
6,20,47,0.525134,0.371732
6,21,0,0.716092,0.393210
6,21,1,0.732941,0.366776
6,21,2,0.716092,0.308951
6,21,3,0.730133,0.320516
6,21,4,0.803146,0.345298
6,21,5,0.839653,0.398166
6,21,6,0.803146,0.422949
6,21,7,0.811571,0.451035
6,21,8,0.862119,0.422949
6,21,9,0.884584,0.449383
6,21,10,1.005337,0.459296
6,21,11,0.982871,0.462600
6,21,12,0.949173,0.472513
6,21,13,0.901433,0.429557
6,21,14,0.901433,0.396514
6,21,15,0.904242,0.383297
6,21,16,0.988488,0.337037
6,21,17,1.123282,0.333733
6,21,18,1.159788,0.365124
6,21,19,1.241226,0.411384
6,21,20,1.142939,0.492339
6,21,21,1.162596,0.528686
6,21,22,1.249651,0.556772
6,21,23,1.252459,0.568337
6,21,24,1.258075,0.636075
6,21,25,1.235610,0.690596
6,21,26,1.241226,0.596424
6,21,27,1.232802,0.556772
6,21,28,1.185062,0.518773
6,21,29,1.317048,0.533642
6,21,30,1.376020,0.470861
6,21,31,1.496773,0.551816
6,21,32,1.642799,0.599728
6,21,33,1.766360,0.437818
6,21,34,1.859031,0.338689
6,21,35,1.901154,0.338689
6,21,36,1.943277,0.274256
6,21,37,1.965743,0.279212
6,21,38,1.996633,0.348602
6,21,39,1.934853,0.414688
6,21,40,1.847798,0.470861
6,21,41,1.901154,0.515469
6,21,42,1.940469,0.556772
6,21,43,1.985400,0.664161
6,21,44,1.996633,0.756681
6,21,45,1.979784,0.812854
6,21,46,1.965743,0.831028
6,21,47,1.906771,0.778159
6,22,0,1.853415,0.857462
6,22,1,1.763552,0.865723
6,22,2,1.741086,0.893809
6,22,3,1.687731,0.925200
6,22,4,1.611909,1.006155
6,22,5,1.583827,1.055719
6,22,6,1.536088,1.126761
6,22,7,1.533279,1.229194
6,22,8,1.449033,1.194499
6,22,9,1.426568,1.191195
6,22,10,1.373212,1.354757
6,22,11,1.280541,1.592666
6,22,12,1.232802,1.835531
6,22,13,1.044652,1.861965
6,22,14,1.053076,1.845444
6,22,15,1.092391,1.493537
6,22,16,1.162596,1.295280
6,22,17,1.218761,1.067284
6,22,18,1.221569,1.044154
6,22,19,1.238418,0.907026
6,22,20,1.361979,0.829376
6,22,21,1.367595,0.710421
6,22,22,1.331089,0.695552
6,22,23,1.378828,0.741812
6,22,24,1.395677,0.849201
6,22,25,1.415335,0.882244
6,22,26,1.339513,0.973112
6,22,27,1.451841,1.002851
6,22,28,1.510814,0.911983
6,22,29,1.485540,0.702161
6,22,30,1.479924,0.677379
6,22,31,1.378828,0.533642
6,22,32,1.297390,0.586511
6,22,33,1.336705,0.779811
6,22,34,1.325472,0.761638
6,22,35,1.314239,0.822767
6,22,36,1.345130,0.806246
6,22,37,1.336705,0.804594
6,22,38,1.420951,0.702161
6,22,39,1.437800,0.718682
6,22,40,1.451841,0.774855
6,22,41,1.401294,0.781464
6,22,42,1.314239,0.736856
6,22,43,1.300198,0.726943
6,22,44,1.356363,0.695552
6,22,45,1.328280,0.641031
6,22,46,1.269308,0.518773
6,22,47,1.274925,0.439470
6,23,0,1.283349,0.408079
6,23,1,1.339513,0.325472
6,23,2,1.350746,0.280864
6,23,3,1.331089,0.257734
6,23,4,1.339513,0.275908
6,23,5,1.263692,0.269299
6,23,6,1.263692,0.236256
6,23,7,1.232802,0.191649
6,23,8,1.145747,0.155301
6,23,9,1.005337,0.147041
6,23,10,1.010953,0.153649
6,23,11,1.072734,0.132171
6,23,12,1.120473,0.109041
6,23,13,0.994104,0.120606
6,23,14,0.977255,0.115650
6,23,15,1.030611,0.097476
6,23,16,1.039035,0.094172
6,23,17,1.002529,0.109041
6,23,18,1.005337,0.137128
6,23,19,1.033419,0.171823
6,23,20,1.010953,0.189996
6,23,21,1.044652,0.206518
6,23,22,0.963214,0.201561
6,23,23,0.996912,0.241213
6,23,24,0.994104,0.299038
6,23,25,0.968830,0.325472
6,23,26,0.954789,0.355211
6,23,27,1.019378,0.332081
6,23,28,0.982871,0.308951
6,23,29,0.935132,0.294081
6,23,30,0.940748,0.219735
6,23,31,0.853694,0.148693
6,23,32,0.811571,0.123911
6,23,33,0.842461,0.117302
6,23,34,0.932324,0.133824
6,23,35,0.921091,0.109041
6,23,36,0.893009,0.110694
6,23,37,0.907050,0.104085
6,23,38,1.010953,0.117302
6,23,39,1.123282,0.140432
6,23,40,1.193487,0.135476
6,23,41,1.179446,0.107389
6,23,42,1.145747,0.110694
6,23,43,1.128898,0.138780
6,23,44,1.131706,0.143736
6,23,45,1.126090,0.161910
6,23,46,1.190678,0.155301
6,23,47,1.196295,0.147041
6,24,0,1.204720,0.142084
6,24,1,1.249651,0.138780
6,24,2,1.294582,0.127215
6,24,3,1.308623,0.128867
6,24,4,1.305815,0.132171
6,24,5,1.333897,0.142084
6,24,6,1.347938,0.155301
6,24,7,1.361979,0.142084
6,24,8,1.356363,0.143736
6,24,9,1.353554,0.151997
6,24,10,1.342322,0.148693
6,24,11,1.311431,0.115650
6,24,12,1.272116,0.120606
6,24,13,1.106432,0.118954
6,24,14,1.089583,0.115650
6,24,15,1.106432,0.087564
6,24,16,1.106432,0.110694
6,24,17,1.027803,0.140432
6,24,18,0.971639,0.160258
6,24,19,0.980063,0.147041
6,24,20,0.968830,0.110694
6,24,21,0.966022,0.125563
6,24,22,0.862119,0.127215
6,24,23,0.850886,0.132171
6,24,24,0.862119,0.209822
6,24,25,0.893009,0.196605
6,24,26,0.921091,0.150345
6,24,27,0.971639,0.158606
6,24,28,1.019378,0.185040
6,24,29,0.994104,0.186692
6,24,30,0.946365,0.178431
6,24,31,0.848078,0.163562
6,24,32,0.825612,0.180084
6,24,33,0.867735,0.165214
6,24,34,0.932324,0.142084
6,24,35,0.915475,0.137128
6,24,36,0.918283,0.135476
6,24,37,0.915475,0.128867
6,24,38,1.024994,0.118954
6,24,39,1.100816,0.102433
6,24,40,1.086775,0.090868
6,24,41,1.086775,0.102433
6,24,42,1.103624,0.127215
6,24,43,1.092391,0.128867
6,24,44,1.083967,0.120606
6,24,45,1.022186,0.127215
6,24,46,1.081159,0.127215
6,24,47,1.114857,0.137128
6,25,0,1.145747,0.143736
6,25,1,1.145747,0.155301
6,25,2,1.154172,0.163562
6,25,3,1.154172,0.185040
6,25,4,1.140131,0.173475
6,25,5,1.123282,0.145389
6,25,6,1.131706,0.123911
6,25,7,1.126090,0.107389
6,25,8,1.114857,0.112346
6,25,9,1.142939,0.118954
6,25,10,1.185062,0.118954
6,25,11,1.185062,0.112346
6,25,12,1.126090,0.112346
6,25,13,0.915475,0.105737
6,25,14,0.921091,0.095824
6,25,15,0.974447,0.069390
6,25,16,0.985680,0.054521
6,25,17,0.968830,0.056173
6,25,18,0.954789,0.069390
6,25,19,0.949173,0.080955
6,25,20,0.940748,0.084259
6,25,21,0.935132,0.095824
6,25,22,0.789105,0.132171
6,25,23,0.783489,0.158606
6,25,24,0.791914,0.170171
6,25,25,0.791914,0.166866
6,25,26,0.780681,0.186692
6,25,27,0.864927,0.206518
6,25,28,0.901433,0.189996
6,25,29,0.876160,0.185040
6,25,30,0.859310,0.186692
6,25,31,0.727325,0.161910
6,25,32,0.696435,0.163562
6,25,33,0.766640,0.138780
6,25,34,0.901433,0.118954
6,25,35,0.918283,0.092520
6,25,36,0.887392,0.100781
6,25,37,0.884584,0.135476
6,25,38,0.929516,0.128867
6,25,39,0.946365,0.127215
6,25,40,0.923899,0.142084
6,25,41,0.954789,0.148693
6,25,42,0.932324,0.176779
6,25,43,0.946365,0.173475
6,25,44,0.991296,0.155301
6,25,45,0.996912,0.145389
6,25,46,1.134514,0.135476
6,25,47,1.142939,0.132171
6,26,0,1.067118,0.166866
6,26,1,1.123282,0.183388
6,26,2,1.199103,0.171823
6,26,3,1.159788,0.180084
6,26,4,1.075542,0.214779
6,26,5,1.072734,0.231300
6,26,6,1.154172,0.272604
6,26,7,1.173829,0.267647
6,26,8,1.156980,0.280864
6,26,9,1.168213,0.287473
6,26,10,1.053076,0.279212
6,26,11,0.884584,0.257734
6,26,12,0.867735,0.236256
6,26,13,0.834037,0.234604
6,26,14,0.794722,0.178431
6,26,15,0.797530,0.143736
6,26,16,0.828420,0.130519
6,26,17,0.791914,0.113998
6,26,18,0.567257,0.105737
6,26,19,0.308902,0.077651
6,26,20,0.261163,0.054521
6,26,21,0.269588,0.051216
6,26,22,0.272396,0.069390
6,26,23,0.261163,0.077651
6,26,24,0.263971,0.118954
6,26,25,0.255547,0.236256
6,26,26,0.247122,0.305646
6,26,27,0.227465,0.201561
6,26,28,0.210615,0.186692
6,26,29,0.280820,0.312255
6,26,30,0.513901,0.477469
6,26,31,0.536367,0.655901
6,26,32,0.567257,0.626162
6,26,33,0.612188,0.779811
6,26,34,0.595339,1.025981
6,26,35,0.637462,1.016068
6,26,36,0.626229,0.850854
6,26,37,0.634654,0.862419
6,26,38,0.592531,0.938417
6,26,39,0.592531,1.034241
6,26,40,0.508285,1.077197
6,26,41,0.468970,1.194499
6,26,42,0.438080,1.217629
6,26,43,0.367875,1.300236
6,26,44,0.328560,1.268846
6,26,45,0.328560,1.310149
6,26,46,0.275204,1.382844
6,26,47,0.289245,1.447277
6,27,0,0.303286,1.571188
6,27,1,0.306094,1.633969
6,27,2,0.252738,1.738054
6,27,3,0.160068,1.848748
6,27,4,0.193766,1.785966
6,27,5,0.249930,1.795879
6,27,6,0.151643,1.863617
6,27,7,0.101095,1.784314
6,27,8,0.106712,1.610839
6,27,9,0.101095,1.544754
6,27,10,0.123561,1.374583
6,27,11,0.120753,1.242411
6,27,12,0.179725,1.156500
6,27,13,0.249930,1.214325
6,27,14,0.213424,1.273802
6,27,15,0.249930,1.417539
6,27,16,0.280820,1.495189
6,27,17,0.308902,1.435712
6,27,18,0.334176,1.396061
6,27,19,0.438080,1.424147
6,27,20,0.407190,1.374583
6,27,21,0.463354,1.359714
6,27,22,0.440888,1.382844
6,27,23,0.421231,1.429104
6,27,24,0.398765,1.473711
6,27,25,0.421231,1.442321
6,27,26,0.457737,1.437364
6,27,27,0.480203,1.543101
6,27,28,0.564449,1.475364
6,27,29,0.570065,1.468755
6,27,30,0.505477,1.503450
6,27,31,0.539175,1.589361
6,27,32,0.536367,1.587709
6,27,33,0.550408,1.526580
6,27,34,0.527942,1.524928
6,27,35,0.480203,1.473711
6,27,36,0.480203,1.442321
6,27,37,0.502669,1.448929
6,27,38,0.443696,1.462146
6,27,39,0.440888,1.439016
6,27,40,0.381916,1.442321
6,27,41,0.379108,1.460494
6,27,42,0.407190,1.463799
6,27,43,0.452121,1.554666
6,27,44,0.362258,1.599274
6,27,45,0.348217,1.581101
6,27,46,0.384724,1.600926
6,27,47,0.404381,1.604231
6,28,0,0.393149,1.553014
6,28,1,0.353834,1.589361
6,28,2,0.339793,1.548058
6,28,3,0.328560,1.516667
6,28,4,0.317327,1.387800
6,28,5,0.334176,1.382844
6,28,6,0.342601,1.285367
6,28,7,0.328560,1.204412
6,28,8,0.342601,1.174674
6,28,9,0.303286,1.161456
6,28,10,0.255547,1.100327
6,28,11,0.224656,1.032589
6,28,12,0.210615,0.888853
6,28,13,0.148835,0.728595
6,28,14,0.126369,0.702161
6,28,15,0.120753,0.596424
6,28,16,0.154451,0.502251
6,28,17,0.176917,0.452687
6,28,18,0.168492,0.404775
6,28,19,0.162876,0.401471
6,28,20,0.131986,0.356863
6,28,21,0.168492,0.370080
6,28,22,0.204999,0.444426
6,28,23,0.235889,0.424601
6,28,24,0.252738,0.464252
6,28,25,0.266779,0.517121
6,28,26,0.255547,0.583206
6,28,27,0.266779,0.573294
6,28,28,0.308902,0.617901
6,28,29,0.325752,0.641031
6,28,30,0.390340,0.609641
6,28,31,0.365067,0.462600
6,28,32,0.322943,0.398166
6,28,33,0.294861,0.637727
6,28,34,0.317327,0.740160
6,28,35,0.314519,0.736856
6,28,36,0.311711,0.667466
6,28,37,0.311711,0.612945
6,28,38,0.204999,0.583206
6,28,39,0.171300,0.520425
6,28,40,0.154451,0.457644
6,28,41,0.115136,0.384949
6,28,42,0.112328,0.356863
6,28,43,0.117945,0.351906
6,28,44,0.137602,0.327124
6,28,45,0.148835,0.337037
6,28,46,0.308902,0.373384
6,28,47,0.539175,0.409731
6,29,0,0.696435,0.424601
6,29,1,0.702051,0.475817
6,29,2,0.741366,0.480774
6,29,3,0.791914,0.467556
6,29,4,0.937940,0.479121
6,29,5,0.999721,0.484078
6,29,6,0.971639,0.485730
6,29,7,0.907050,0.462600
6,29,8,0.996912,0.442774
6,29,9,1.109241,0.393210
6,29,10,1.114857,0.353559
6,29,11,1.114857,0.335385
6,29,12,1.047460,0.282516
6,29,13,0.864927,0.270951
6,29,14,0.876160,0.272604
6,29,15,0.929516,0.292429
6,29,16,0.982871,0.310603
6,29,17,1.019378,0.307299
6,29,18,1.033419,0.305646
6,29,19,1.081159,0.328776
6,29,20,1.182254,0.351906
6,29,21,1.238418,0.375036
6,29,22,1.182254,0.371732
6,29,23,1.168213,0.429557
6,29,24,1.142939,0.436166
6,29,25,1.148555,0.409731
6,29,26,1.142939,0.408079
6,29,27,1.199103,0.449383
6,29,28,1.272116,0.465904
6,29,29,1.303007,0.460948
6,29,30,1.317048,0.432861
6,29,31,1.162596,0.467556
6,29,32,1.106432,0.444426
6,29,33,1.083967,0.391558
6,29,34,1.081159,0.287473
6,29,35,1.086775,0.231300
6,29,36,1.109241,0.199909
6,29,37,1.100816,0.186692
6,29,38,1.190678,0.189996
6,29,39,1.199103,0.186692
6,29,40,1.182254,0.206518
6,29,41,1.179446,0.198257
6,29,42,1.182254,0.183388
6,29,43,1.165405,0.173475
6,29,44,1.171021,0.188344
6,29,45,1.151364,0.188344
6,29,46,1.168213,0.166866
6,29,47,1.162596,0.173475
6,30,0,1.162596,0.171823
6,30,1,1.156980,0.208170
6,30,2,1.168213,0.185040
6,30,3,1.193487,0.181736
6,30,4,1.215952,0.219735
6,30,5,1.171021,0.229648
6,30,6,1.185062,0.252778
6,30,7,1.173829,0.239561
6,30,8,1.162596,0.227996
6,30,9,1.173829,0.188344
6,30,10,1.176637,0.189996
6,30,11,1.207528,0.204866
6,30,12,1.190678,0.201561
6,30,13,1.033419,0.193301
6,30,14,1.033419,0.175127
6,30,15,1.024994,0.165214
6,30,16,0.994104,0.128867
6,30,17,1.027803,0.133824
6,30,18,1.078350,0.143736
6,30,19,1.067118,0.122259
6,30,20,1.069926,0.112346
6,30,21,1.008145,0.127215
6,30,22,0.864927,0.143736
6,30,23,0.859310,0.153649
6,30,24,0.873351,0.151997
6,30,25,0.890201,0.143736
6,30,26,0.926707,0.140432
6,30,27,1.083967,0.145389
6,30,28,1.120473,0.161910
6,30,29,1.114857,0.175127
6,30,30,1.162596,0.206518
6,30,31,1.069926,0.237909
6,30,32,1.058693,0.239561
6,30,33,1.047460,0.216431
6,30,34,1.078350,0.201561
6,30,35,1.095200,0.213126
6,30,36,1.100816,0.204866
6,30,37,1.086775,0.196605
6,30,38,1.162596,0.178431
6,30,39,1.148555,0.180084
6,30,40,1.193487,0.183388
6,30,41,1.187870,0.188344
6,30,42,1.204720,0.208170
6,30,43,1.196295,0.221387
6,30,44,1.154172,0.254430
6,30,45,1.137323,0.275908
6,30,46,1.201911,0.264343
6,30,47,1.199103,0.270951
7,1,0,1.207528,0.256082
7,1,1,1.255267,0.257734
7,1,2,1.272116,0.264343
7,1,3,1.255267,0.265995
7,1,4,1.258075,0.267647
7,1,5,1.258075,0.269299
7,1,6,1.269308,0.277560
7,1,7,1.249651,0.256082
7,1,8,1.235610,0.244517
7,1,9,1.241226,0.224691
7,1,10,1.232802,0.239561
7,1,11,1.238418,0.252778
7,1,12,1.182254,0.256082
7,1,13,0.985680,0.247821
7,1,14,0.907050,0.208170
7,1,15,0.912666,0.223039
7,1,16,0.873351,0.236256
7,1,17,0.862119,0.231300
7,1,18,0.797530,0.249474
7,1,19,0.772256,0.297386
7,1,20,0.612188,0.337037
7,1,21,0.494244,0.447731
7,1,22,0.429655,0.477469
7,1,23,0.348217,0.444426
7,1,24,0.351025,0.432861
7,1,25,0.353834,0.452687
7,1,26,0.365067,0.495643
7,1,27,0.255547,0.480774
7,1,28,0.143218,0.508860
7,1,29,0.103904,0.479121
7,1,30,0.117945,0.399819
7,1,31,0.103904,0.449383
7,1,32,0.103904,0.404775
7,1,33,0.123561,0.327124
7,1,34,0.134794,0.259386
7,1,35,0.160068,0.272604
7,1,36,0.146027,0.295734
7,1,37,0.140410,0.279212
7,1,38,0.148835,0.264343
7,1,39,0.146027,0.267647
7,1,40,0.143218,0.244517
7,1,41,0.137602,0.223039
7,1,42,0.129177,0.211474
7,1,43,0.112328,0.213126
7,1,44,0.126369,0.208170
7,1,45,0.117945,0.224691
7,1,46,0.112328,0.257734
7,1,47,0.129177,0.237909
7,2,0,0.160068,0.218083
7,2,1,0.146027,0.211474
7,2,2,0.162876,0.208170
7,2,3,0.148835,0.170171
7,2,4,0.140410,0.145389
7,2,5,0.174109,0.148693
7,2,6,0.219040,0.145389
7,2,7,0.238697,0.118954
7,2,8,0.227465,0.123911
7,2,9,0.230273,0.118954
7,2,10,0.255547,0.110694
7,2,11,0.269588,0.095824
7,2,12,0.353834,0.087564
7,2,13,0.370683,0.074346
7,2,14,0.367875,0.037999
7,2,15,0.339793,0.028086
7,2,16,0.348217,0.036347
7,2,17,0.353834,0.051216
7,2,18,0.351025,0.090868
7,2,19,0.351025,0.105737
7,2,20,0.235889,0.113998
7,2,21,0.244314,0.117302
7,2,22,0.280820,0.156954
7,2,23,0.303286,0.191649
7,2,24,0.294861,0.188344
7,2,25,0.283629,0.165214
7,2,26,0.278012,0.161910
7,2,27,0.165684,0.198257
7,2,28,0.157259,0.203214
7,2,29,0.157259,0.175127
7,2,30,0.196574,0.170171
7,2,31,0.179725,0.138780
7,2,32,0.193766,0.112346
7,2,33,0.196574,0.072694
7,2,34,0.204999,0.059477
7,2,35,0.227465,0.092520
7,2,36,0.233081,0.138780
7,2,37,0.255547,0.118954
7,2,38,0.292053,0.125563
7,2,39,0.336984,0.117302
7,2,40,0.362258,0.128867
7,2,41,0.356642,0.112346
7,2,42,0.367875,0.105737
7,2,43,0.379108,0.095824
7,2,44,0.395957,0.095824
7,2,45,0.407190,0.102433
7,2,46,0.505477,0.104085
7,2,47,0.567257,0.072694
7,3,0,0.626229,0.075999
7,3,1,0.727325,0.084259
7,3,2,0.803146,0.092520
7,3,3,0.856502,0.097476
7,3,4,0.814379,0.084259
7,3,5,0.935132,0.084259
7,3,6,1.134514,0.074346
7,3,7,1.404102,0.067738
7,3,8,1.432184,0.066086
7,3,9,1.457458,0.071042
7,3,10,1.418143,0.075999
7,3,11,1.359171,0.066086
7,3,12,1.319856,0.069390
7,3,13,1.142939,0.069390
7,3,14,1.120473,0.046260
7,3,15,1.140131,0.028086
7,3,16,1.190678,0.024782
7,3,17,1.210336,0.039651
7,3,18,1.213144,0.044608
7,3,19,1.232802,0.047912
7,3,20,1.173829,0.052869
7,3,21,1.137323,0.089216
7,3,22,1.117665,0.105737
7,3,23,1.140131,0.135476
7,3,24,1.145747,0.175127
7,3,25,1.159788,0.188344
7,3,26,1.140131,0.231300
7,3,27,1.193487,0.247821
7,3,28,1.258075,0.214779
7,3,29,1.339513,0.206518
7,3,30,1.283349,0.239561
7,3,31,1.193487,0.208170
7,3,32,1.196295,0.148693
7,3,33,1.227185,0.127215
7,3,34,1.238418,0.125563
7,3,35,1.286157,0.132171
7,3,36,1.331089,0.128867
7,3,37,1.319856,0.147041
7,3,38,1.404102,0.163562
7,3,39,1.477115,0.181736
7,3,40,1.468691,0.206518
7,3,41,1.457458,0.206518
7,3,42,1.451841,0.211474
7,3,43,1.446225,0.241213
7,3,44,1.465882,0.262691
7,3,45,1.471499,0.256082
7,3,46,1.468691,0.265995
7,3,47,1.513622,0.303994
7,4,0,1.533279,0.318864
7,4,1,1.603484,0.378341
7,4,2,1.569786,0.379993
7,4,3,1.566978,0.363471
7,4,4,1.564170,0.350254
7,4,5,1.578211,0.353559
7,4,6,1.586635,0.340341
7,4,7,1.609101,0.363471
7,4,8,1.592252,0.393210
7,4,9,1.550129,0.361819
7,4,10,1.446225,0.346950
7,4,11,1.370404,0.353559
7,4,12,1.303007,0.353559
7,4,13,1.173829,0.330429
7,4,14,1.190678,0.322168
7,4,15,1.196295,0.327124
7,4,16,1.185062,0.363471
7,4,17,1.171021,0.365124
7,4,18,1.162596,0.361819
7,4,19,1.210336,0.375036
7,4,20,1.266500,0.432861
7,4,21,1.280541,0.490686
7,4,22,1.145747,0.607989
7,4,23,1.126090,0.621206
7,4,24,1.123282,0.614597
7,4,25,1.148555,0.576598
7,4,26,1.162596,0.507208
7,4,27,1.294582,0.441122
7,4,28,1.331089,0.422949
7,4,29,1.303007,0.366776
7,4,30,1.280541,0.356863
7,4,31,1.151364,0.325472
7,4,32,1.140131,0.287473
7,4,33,1.128898,0.289125
7,4,34,1.140131,0.332081
7,4,35,1.140131,0.393210
7,4,36,1.126090,0.432861
7,4,37,1.114857,0.449383
7,4,38,1.140131,0.522077
7,4,39,1.199103,0.553468
7,4,40,1.218761,0.583206
7,4,41,1.215952,0.569989
7,4,42,1.190678,0.591467
7,4,43,1.207528,0.634423
7,4,44,1.218761,0.687291
7,4,45,1.218761,0.797985
7,4,46,1.235610,0.930156
7,4,47,1.232802,1.037546
7,5,0,1.176637,1.194499
7,5,1,0.966022,1.325019
7,5,2,0.766640,1.247368
7,5,3,0.634654,1.211021
7,5,4,0.527942,1.277106
7,5,5,0.603764,1.407626
7,5,6,0.570065,1.658751
7,5,7,0.508285,1.693446
7,5,8,0.606572,1.640578
7,5,9,0.626229,1.488581
7,5,10,0.497052,1.544754
7,5,11,0.384724,1.536493
7,5,12,0.424039,1.427451
7,5,13,0.373491,1.311801
7,5,14,0.384724,1.283715
7,5,15,0.541983,1.267194
7,5,16,0.676777,1.321714
7,5,17,0.696435,1.287019
7,5,18,0.648695,1.277106
7,5,19,0.682394,1.215977
7,5,20,0.502669,1.139979
7,5,21,0.513901,1.168065
7,5,22,0.499860,1.186239
7,5,23,0.457737,1.120153
7,5,24,0.398765,1.032589
7,5,25,0.432463,1.004503
7,5,26,0.497052,1.042502
7,5,27,0.595339,1.116849
7,5,28,0.564449,1.087110
7,5,29,0.351025,1.098675
7,5,30,0.275204,0.966504
7,5,31,0.328560,0.916939
7,5,32,0.359450,0.835984
7,5,33,0.365067,0.855810
7,5,34,0.362258,0.812854
7,5,35,0.359450,0.670770
7,5,36,0.351025,0.599728
7,5,37,0.351025,0.558424
7,5,38,0.185341,0.541903
7,5,39,0.053356,0.465904
7,5,40,0.039315,0.434514
7,5,41,0.047739,0.332081
7,5,42,0.056164,0.269299
7,5,43,0.056164,0.277560
7,5,44,0.087054,0.284169
7,5,45,0.109520,0.284169
7,5,46,0.252738,0.300690
7,5,47,0.505477,0.317211
7,6,0,0.777873,0.297386
7,6,1,0.982871,0.277560
7,6,2,1.019378,0.280864
7,6,3,1.109241,0.317211
7,6,4,1.114857,0.325472
7,6,5,1.100816,0.328776
7,6,6,1.100816,0.299038
7,6,7,1.083967,0.267647
7,6,8,1.103624,0.241213
7,6,9,1.117665,0.232952
7,6,10,1.123282,0.237909
7,6,11,1.140131,0.239561
7,6,12,1.103624,0.244517
7,6,13,0.960406,0.340341
7,6,14,0.971639,0.371732
7,6,15,1.010953,0.406427
7,6,16,1.022186,0.517121
7,6,17,1.050268,0.503904
7,6,18,1.148555,0.571641
7,6,19,1.176637,0.606336
7,6,20,1.263692,0.659205
7,6,21,1.288966,0.677379
7,6,22,1.179446,0.707117
7,6,23,1.207528,0.730247
7,6,24,1.241226,0.682335
7,6,25,1.224377,0.776507
7,6,26,1.201911,0.783116
7,6,27,1.280541,0.768246
7,6,28,1.288966,0.733551
7,6,29,1.325472,0.705465
7,6,30,1.359171,0.612945
7,6,31,1.246843,0.614597
7,6,32,1.227185,0.622858
7,6,33,1.252459,0.525381
7,6,34,1.249651,0.444426
7,6,35,1.224377,0.419644
7,6,36,1.201911,0.340341
7,6,37,1.221569,0.318864
7,6,38,1.317048,0.289125
7,6,39,1.255267,0.252778
7,6,40,1.331089,0.265995
7,6,41,1.319856,0.236256
7,6,42,1.314239,0.274256
7,6,43,1.218761,0.305646
7,6,44,1.215952,0.337037
7,6,45,1.241226,0.318864
7,6,46,1.196295,0.285821
7,6,47,1.210336,0.279212
7,7,0,1.092391,0.305646
7,7,1,1.123282,0.320516
7,7,2,1.201911,0.279212
7,7,3,1.193487,0.270951
7,7,4,1.131706,0.251126
7,7,5,1.075542,0.221387
7,7,6,1.008145,0.226344
7,7,7,1.112049,0.279212
7,7,8,1.134514,0.313907
7,7,9,1.069926,0.294081
7,7,10,0.982871,0.249474
7,7,11,0.901433,0.208170
7,7,12,0.803146,0.236256
7,7,13,0.643079,0.254430
7,7,14,0.483011,0.224691
7,7,15,0.463354,0.203214
7,7,16,0.491436,0.247821
7,7,17,0.477395,0.246169
7,7,18,0.480203,0.272604
7,7,19,0.457737,0.280864
7,7,20,0.314519,0.277560
7,7,21,0.258355,0.289125
7,7,22,0.286437,0.269299
7,7,23,0.314519,0.236256
7,7,24,0.289245,0.229648
7,7,25,0.289245,0.223039
7,7,26,0.289245,0.219735
7,7,27,0.345409,0.206518
7,7,28,0.435272,0.163562
7,7,29,0.466162,0.145389
7,7,30,0.499860,0.113998
7,7,31,0.499860,0.100781
7,7,32,0.519518,0.113998
7,7,33,0.527942,0.117302
7,7,34,0.525134,0.143736
7,7,35,0.519518,0.127215
7,7,36,0.527942,0.095824
7,7,37,0.536367,0.079303
7,7,38,0.539175,0.075999
7,7,39,0.564449,0.092520
7,7,40,0.581298,0.090868
7,7,41,0.578490,0.109041
7,7,42,0.612188,0.092520
7,7,43,0.600956,0.094172
7,7,44,0.595339,0.085911
7,7,45,0.631846,0.089216
7,7,46,0.763831,0.077651
7,7,47,0.971639,0.087564
7,8,0,1.016570,0.099129
7,8,1,0.935132,0.099129
7,8,2,0.690818,0.092520
7,8,3,0.463354,0.097476
7,8,4,0.339793,0.113998
7,8,5,0.294861,0.143736
7,8,6,0.244314,0.155301
7,8,7,0.235889,0.148693
7,8,8,0.238697,0.155301
7,8,9,0.249930,0.153649
7,8,10,0.238697,0.138780
7,8,11,0.176917,0.118954
7,8,12,0.160068,0.102433
7,8,13,0.131986,0.089216
7,8,14,0.109520,0.094172
7,8,15,0.109520,0.069390
7,8,16,0.129177,0.074346
7,8,17,0.143218,0.047912
7,8,18,0.190958,0.037999
7,8,19,0.235889,0.037999
7,8,20,0.266779,0.037999
7,8,21,0.241506,0.034695
7,8,22,0.185341,0.034695
7,8,23,0.174109,0.037999
7,8,24,0.185341,0.049564
7,8,25,0.199382,0.069390
7,8,26,0.204999,0.085911
7,8,27,0.182533,0.109041
7,8,28,0.249930,0.125563
7,8,29,0.230273,0.150345
7,8,30,0.160068,0.180084
7,8,31,0.120753,0.227996
7,8,32,0.134794,0.272604
7,8,33,0.154451,0.280864
7,8,34,0.162876,0.327124
7,8,35,0.171300,0.351906
7,8,36,0.157259,0.320516
7,8,37,0.148835,0.257734
7,8,38,0.140410,0.241213
7,8,39,0.092671,0.198257
7,8,40,0.103904,0.160258
7,8,41,0.089863,0.150345
7,8,42,0.078630,0.133824
7,8,43,0.078630,0.120606
7,8,44,0.064589,0.104085
7,8,45,0.053356,0.089216
7,8,46,0.112328,0.066086
7,8,47,0.247122,0.062781
7,9,0,0.213424,0.059477
7,9,1,0.157259,0.061129
7,9,2,0.176917,0.069390
7,9,3,0.154451,0.071042
7,9,4,0.131986,0.075999
7,9,5,0.171300,0.071042
7,9,6,0.233081,0.066086
7,9,7,0.143218,0.074346
7,9,8,0.160068,0.062781
7,9,9,0.224656,0.061129
7,9,10,0.235889,0.074346
7,9,11,0.238697,0.079303
7,9,12,0.233081,0.077651
7,9,13,0.157259,0.057825
7,9,14,0.103904,0.066086
7,9,15,0.112328,0.069390
7,9,16,0.112328,0.064434
7,9,17,0.109520,0.075999
7,9,18,0.106712,0.069390
7,9,19,0.115136,0.067738
7,9,20,0.087054,0.066086
7,9,21,0.174109,0.082607
7,9,22,0.176917,0.092520
7,9,23,0.171300,0.113998
7,9,24,0.176917,0.133824
7,9,25,0.182533,0.153649
7,9,26,0.188150,0.156954
7,9,27,0.168492,0.170171
7,9,28,0.185341,0.201561
7,9,29,0.216232,0.218083
7,9,30,0.292053,0.223039
7,9,31,0.297670,0.219735
7,9,32,0.289245,0.227996
7,9,33,0.322943,0.208170
7,9,34,0.331368,0.161910
7,9,35,0.373491,0.140432
7,9,36,0.395957,0.135476
7,9,37,0.438080,0.122259
7,9,38,0.409998,0.097476
7,9,39,0.435272,0.089216
7,9,40,0.409998,0.062781
7,9,41,0.435272,0.066086
7,9,42,0.466162,0.087564
7,9,43,0.494244,0.087564
7,9,44,0.508285,0.087564
7,9,45,0.511093,0.110694
7,9,46,0.673969,0.133824
7,9,47,0.909858,0.173475
7,10,0,0.991296,0.183388
7,10,1,1.024994,0.227996
7,10,2,1.072734,0.279212
7,10,3,1.086775,0.302342
7,10,4,0.923899,0.330429
7,10,5,0.758215,0.366776
7,10,6,0.713284,0.375036
7,10,7,0.828420,0.365124
7,10,8,0.834037,0.383297
7,10,9,0.850886,0.417992
7,10,10,0.721708,0.437818
7,10,11,0.716092,0.454339
7,10,12,0.786297,0.489034
7,10,13,0.811571,0.566685
7,10,14,0.780681,0.522077
7,10,15,0.786297,0.571641
7,10,16,0.853694,0.588163
7,10,17,0.904242,0.586511
7,10,18,0.923899,0.599728
7,10,19,0.943557,0.558424
7,10,20,1.016570,0.626162
7,10,21,1.069926,0.662509
7,10,22,0.943557,0.702161
7,10,23,0.951981,0.677379
7,10,24,0.940748,0.664161
7,10,25,0.968830,0.589815
7,10,26,0.954789,0.561729
7,10,27,1.075542,0.543555
7,10,28,1.106432,0.573294
7,10,29,1.114857,0.603032
7,10,30,1.112049,0.634423
7,10,31,1.013762,0.693900
7,10,32,1.036227,0.735204
7,10,33,1.083967,0.791376
7,10,34,1.123282,0.883896
7,10,35,1.165405,0.878940
7,10,36,1.199103,0.908679
7,10,37,1.258075,0.920244
7,10,38,1.241226,0.956591
7,10,39,1.308623,0.974764
7,10,40,1.347938,1.009459
7,10,41,1.288966,1.035894
7,10,42,1.272116,1.088762
7,10,43,1.294582,1.110240
7,10,44,1.269308,1.049111
7,10,45,1.277733,1.035894
7,10,46,1.370404,1.014416
7,10,47,1.314239,0.979721
7,11,0,1.246843,0.987981
7,11,1,1.171021,1.011111
7,11,2,1.095200,0.974764
7,11,3,1.081159,0.954939
7,11,4,1.095200,0.951634
7,11,5,1.030611,0.940069
7,11,6,1.036227,0.938417
7,11,7,1.008145,0.956591
7,11,8,0.960406,0.973112
7,11,9,0.904242,1.012764
7,11,10,0.850886,1.012764
7,11,11,0.870543,1.024329
7,11,12,0.864927,1.034241
7,11,13,0.929516,1.090414
7,11,14,0.980063,1.078849
7,11,15,0.977255,1.035894
7,11,16,0.991296,0.983025
7,11,17,0.994104,0.928504
7,11,18,0.957598,0.900418
7,11,19,0.926707,0.895461
7,11,20,0.783489,0.859114
7,11,21,0.688010,0.817811
7,11,22,0.688010,0.831028
7,11,23,0.634654,0.797985
7,11,24,0.629038,0.804594
7,11,25,0.654312,0.786420
7,11,26,0.657120,0.761638
7,11,27,0.603764,0.796333
7,11,28,0.657120,0.850854
7,11,29,0.629038,0.905374
7,11,30,0.556024,0.930156
7,11,31,0.572874,0.918591
7,11,32,0.609380,0.834332
7,11,33,0.648695,0.850854
7,11,34,0.673969,0.907026
7,11,35,0.713284,0.921896
7,11,36,0.755407,0.938417
7,11,37,0.805955,0.949982
7,11,38,0.831228,0.956591
7,11,39,0.789105,0.968156
7,11,40,0.786297,0.954939
7,11,41,0.811571,0.918591
7,11,42,0.817187,0.864071
7,11,43,0.811571,0.852506
7,11,44,0.791914,0.817811
7,11,45,0.797530,0.788072
7,11,46,0.732941,0.707117
7,11,47,0.665544,0.652596
7,12,0,0.659928,0.611293
7,12,1,0.651503,0.558424
7,12,2,0.612188,0.485730
7,12,3,0.598147,0.452687
7,12,4,0.561641,0.441122
7,12,5,0.570065,0.449383
7,12,6,0.508285,0.462600
7,12,7,0.471778,0.431209
7,12,8,0.522326,0.444426
7,12,9,0.558833,0.414688
7,12,10,0.592531,0.391558
7,12,11,0.584106,0.375036
7,12,12,0.659928,0.345298
7,12,13,0.693626,0.328776
7,12,14,0.803146,0.279212
7,12,15,0.887392,0.256082
7,12,16,0.921091,0.237909
7,12,17,0.929516,0.236256
7,12,18,0.963214,0.247821
7,12,19,0.982871,0.269299
7,12,20,0.932324,0.274256
7,12,21,0.884584,0.261039
7,12,22,0.890201,0.239561
7,12,23,0.845269,0.227996
7,12,24,0.786297,0.237909
7,12,25,0.755407,0.226344
7,12,26,0.744174,0.231300
7,12,27,0.671161,0.264343
7,12,28,0.600956,0.322168
7,12,29,0.553216,0.302342
7,12,30,0.572874,0.292429
7,12,31,0.564449,0.323820
7,12,32,0.547600,0.325472
7,12,33,0.567257,0.289125
7,12,34,0.584106,0.227996
7,12,35,0.609380,0.208170
7,12,36,0.654312,0.183388
7,12,37,0.716092,0.166866
7,12,38,0.794722,0.160258
7,12,39,0.808763,0.161910
7,12,40,0.775064,0.148693
7,12,41,0.752599,0.150345
7,12,42,0.749790,0.135476
7,12,43,0.775064,0.148693
7,12,44,0.780681,0.158606
7,12,45,0.789105,0.170171
7,12,46,0.960406,0.171823
7,12,47,1.246843,0.175127
7,13,0,1.376020,0.213126
7,13,1,1.376020,0.257734
7,13,2,1.328280,0.247821
7,13,3,1.303007,0.234604
7,13,4,1.280541,0.219735
7,13,5,1.294582,0.226344
7,13,6,1.288966,0.221387
7,13,7,1.347938,0.226344
7,13,8,1.322664,0.232952
7,13,9,1.347938,0.247821
7,13,10,1.345130,0.234604
7,13,11,1.325472,0.199909
7,13,12,1.280541,0.155301
7,13,13,1.100816,0.120606
7,13,14,1.103624,0.100781
7,13,15,1.134514,0.075999
7,13,16,1.131706,0.056173
7,13,17,1.140131,0.054521
7,13,18,1.151364,0.061129
7,13,19,1.142939,0.066086
7,13,20,1.218761,0.084259
7,13,21,1.241226,0.097476
7,13,22,1.137323,0.128867
7,13,23,1.112049,0.163562
7,13,24,1.123282,0.138780
7,13,25,1.142939,0.112346
7,13,26,1.165405,0.090868
7,13,27,1.221569,0.077651
7,13,28,1.263692,0.085911
7,13,29,1.258075,0.094172
7,13,30,1.252459,0.079303
7,13,31,1.123282,0.080955
7,13,32,1.114857,0.069390
7,13,33,1.112049,0.054521
7,13,34,1.126090,0.074346
7,13,35,1.154172,0.084259
7,13,36,1.185062,0.084259
7,13,37,1.213144,0.115650
7,13,38,1.286157,0.115650
7,13,39,1.325472,0.117302
7,13,40,1.336705,0.151997
7,13,41,1.303007,0.209822
7,13,42,1.305815,0.221387
7,13,43,1.314239,0.249474
7,13,44,1.311431,0.284169
7,13,45,1.328280,0.332081
7,13,46,1.361979,0.386601
7,13,47,1.378828,0.480774
7,14,0,1.434992,0.561729
7,14,1,1.510814,0.584859
7,14,2,1.533279,0.609641
7,14,3,1.566978,0.721986
7,14,4,1.642799,0.801289
7,14,5,1.595060,0.859114
7,14,6,1.415335,0.908679
7,14,7,1.308623,0.963199
7,14,8,1.193487,0.971460
7,14,9,1.061501,0.949982
7,14,10,0.923899,1.004503
7,14,11,0.845269,0.996242
7,14,12,0.825612,0.948330
7,14,13,0.811571,0.839289
7,14,14,0.831228,0.850854
7,14,15,0.923899,0.840941
7,14,16,1.039035,0.898766
7,14,17,1.064309,0.923548
7,14,18,1.036227,0.926852
7,14,19,1.039035,1.007807
7,14,20,0.929516,1.025981
7,14,21,0.856502,1.143283
7,14,22,0.791914,1.211021
7,14,23,0.800338,1.278759
7,14,24,0.859310,1.262237
7,14,25,0.878968,1.247368
7,14,26,0.887392,1.227542
7,14,27,0.819996,1.154848
7,14,28,0.814379,1.120153
7,14,29,0.811571,1.030937
7,14,30,0.789105,1.024329
7,14,31,0.797530,1.146587
7,14,32,0.783489,1.095371
7,14,33,0.814379,0.936765
7,14,34,0.864927,0.845897
7,14,35,0.966022,0.831028
7,14,36,1.098008,0.718682
7,14,37,1.218761,0.726943
7,14,38,1.288966,0.698856
7,14,39,1.415335,0.717030
7,14,40,1.474307,0.735204
7,14,41,1.457458,0.707117
7,14,42,1.406910,0.660857
7,14,43,1.376020,0.662509
7,14,44,1.378828,0.579902
7,14,45,1.350746,0.593119
7,14,46,1.387253,0.541903
7,14,47,1.544512,0.584859
7,15,0,1.555745,0.665814
7,15,1,1.412527,0.717030
7,15,2,1.269308,0.730247
7,15,3,1.117665,0.753377
7,15,4,1.030611,0.824419
7,15,5,1.156980,0.819463
7,15,6,1.145747,0.764942
7,15,7,1.140131,0.799637
7,15,8,1.120473,0.835984
7,15,9,1.103624,0.789724
7,15,10,1.114857,0.802941
7,15,11,1.151364,0.867375
7,15,12,1.106432,0.839289
7,15,13,0.926707,0.850854
7,15,14,0.932324,0.877288
7,15,15,0.960406,0.920244
7,15,16,1.030611,0.983025
7,15,17,0.996912,0.978069
7,15,18,0.966022,0.930156
7,15,19,1.016570,0.902070
7,15,20,0.968830,0.844245
7,15,21,0.968830,0.822767
7,15,22,0.937940,0.829376
7,15,23,0.926707,0.845897
7,15,24,0.937940,0.778159
7,15,25,0.918283,0.784768
7,15,26,0.890201,0.791376
7,15,27,0.819996,0.773203
7,15,28,0.665544,0.816159
7,15,29,0.657120,0.897114
7,15,30,0.657120,0.885549
7,15,31,0.685202,0.875636
7,15,32,0.775064,0.789724
7,15,33,0.797530,0.840941
7,15,34,0.876160,0.875636
7,15,35,0.949173,0.824419
7,15,36,0.991296,0.862419
7,15,37,1.053076,0.945026
7,15,38,1.140131,1.075545
7,15,39,1.134514,1.063980
7,15,40,1.126090,1.088762
7,15,41,1.145747,1.110240
7,15,42,1.190678,1.135022
7,15,43,1.185062,1.093719
7,15,44,1.232802,1.014416
7,15,45,1.227185,1.108588
7,15,46,1.300198,0.994590
7,15,47,1.359171,0.992938
7,16,0,1.331089,1.019372
7,16,1,1.266500,0.948330
7,16,2,1.199103,0.902070
7,16,3,1.134514,0.721986
7,16,4,1.069926,0.556772
7,16,5,1.055885,0.480774
7,16,6,0.946365,0.507208
7,16,7,0.859310,0.558424
7,16,8,0.817187,0.636075
7,16,9,0.730133,0.606336
7,16,10,0.730133,0.563381
7,16,11,0.685202,0.487382
7,16,12,0.592531,0.558424
7,16,13,0.564449,0.574946
7,16,14,0.536367,0.581554
7,16,15,0.536367,0.644336
7,16,16,0.609380,0.543555
7,16,17,0.631846,0.469209
7,16,18,0.567257,0.404775
7,16,19,0.539175,0.332081
7,16,20,0.381916,0.333733
7,16,21,0.258355,0.328776
7,16,22,0.190958,0.323820
7,16,23,0.193766,0.302342
7,16,24,0.196574,0.294081
7,16,25,0.207807,0.295734
7,16,26,0.230273,0.287473
7,16,27,0.160068,0.287473
7,16,28,0.157259,0.252778
7,16,29,0.171300,0.186692
7,16,30,0.193766,0.166866
7,16,31,0.179725,0.143736
7,16,32,0.188150,0.155301
7,16,33,0.190958,0.160258
7,16,34,0.190958,0.156954
7,16,35,0.342601,0.165214
7,16,36,0.407190,0.196605
7,16,37,0.412806,0.209822
7,16,38,0.328560,0.229648
7,16,39,0.328560,0.300690
7,16,40,0.334176,0.386601
7,16,41,0.317327,0.512164
7,16,42,0.342601,0.563381
7,16,43,0.376299,0.561729
7,16,44,0.404381,0.594771
7,16,45,0.435272,0.629466
7,16,46,0.631846,0.601380
7,16,47,1.008145,0.558424
7,17,0,1.255267,0.637727
7,17,1,1.213144,0.599728
7,17,2,1.126090,0.593119
7,17,3,1.061501,0.586511
7,17,4,1.058693,0.565033
7,17,5,1.086775,0.576598
7,17,6,1.092391,0.591467
7,17,7,1.086775,0.639379
7,17,8,1.055885,0.626162
7,17,9,1.095200,0.617901
7,17,10,1.061501,0.601380
7,17,11,0.951981,0.540251
7,17,12,0.884584,0.475817
7,17,13,0.791914,0.470861
7,17,14,0.738558,0.434514
7,17,15,0.758215,0.399819
7,17,16,0.786297,0.406427
7,17,17,0.805955,0.434514
7,17,18,0.822804,0.406427
7,17,19,0.856502,0.375036
7,17,20,0.828420,0.353559
7,17,21,0.690818,0.303994
7,17,22,0.550408,0.289125
7,17,23,0.516710,0.270951
7,17,24,0.519518,0.297386
7,17,25,0.547600,0.310603
7,17,26,0.558833,0.398166
7,17,27,0.429655,0.396514
7,17,28,0.179725,0.389906
7,17,29,0.179725,0.376689
7,17,30,0.289245,0.322168
7,17,31,0.241506,0.275908
7,17,32,0.174109,0.264343
7,17,33,0.188150,0.252778
7,17,34,0.160068,0.226344
7,17,35,0.185341,0.256082
7,17,36,0.381916,0.211474
7,17,37,0.460545,0.261039
7,17,38,0.393149,0.267647
7,17,39,0.513901,0.203214
7,17,40,0.710476,0.183388
7,17,41,0.758215,0.176779
7,17,42,0.755407,0.161910
7,17,43,0.772256,0.158606
7,17,44,0.761023,0.156954
7,17,45,0.746982,0.161910
7,17,46,0.867735,0.185040
7,17,47,0.985680,0.186692
7,18,0,0.994104,0.219735
7,18,1,1.142939,0.239561
7,18,2,1.182254,0.227996
7,18,3,1.193487,0.236256
7,18,4,1.165405,0.236256
7,18,5,1.187870,0.247821
7,18,6,1.210336,0.218083
7,18,7,1.140131,0.224691
7,18,8,1.213144,0.239561
7,18,9,1.238418,0.234604
7,18,10,1.218761,0.227996
7,18,11,1.193487,0.227996
7,18,12,1.176637,0.242865
7,18,13,1.013762,0.214779
7,18,14,1.027803,0.175127
7,18,15,1.098008,0.176779
7,18,16,1.196295,0.153649
7,18,17,1.241226,0.168519
7,18,18,1.311431,0.165214
7,18,19,1.300198,0.229648
7,18,20,1.272116,0.193301
7,18,21,1.258075,0.223039
7,18,22,1.252459,0.275908
7,18,23,1.249651,0.373384
7,18,24,1.258075,0.391558
7,18,25,1.252459,0.376689
7,18,26,1.339513,0.366776
7,18,27,1.423759,0.370080
7,18,28,1.415335,0.315559
7,18,29,1.415335,0.310603
7,18,30,1.325472,0.338689
7,18,31,1.210336,0.322168
7,18,32,1.137323,0.280864
7,18,33,1.120473,0.292429
7,18,34,1.182254,0.337037
7,18,35,1.204720,0.294081
7,18,36,1.171021,0.246169
7,18,37,1.103624,0.178431
7,18,38,1.086775,0.171823
7,18,39,0.985680,0.175127
7,18,40,0.870543,0.166866
7,18,41,0.834037,0.166866
7,18,42,0.803146,0.204866
7,18,43,0.800338,0.223039
7,18,44,0.814379,0.242865
7,18,45,0.831228,0.234604
7,18,46,0.951981,0.218083
7,18,47,1.154172,0.214779
7,19,0,1.196295,0.221387
7,19,1,1.227185,0.226344
7,19,2,1.159788,0.229648
7,19,3,1.075542,0.241213
7,19,4,1.033419,0.270951
7,19,5,1.019378,0.275908
7,19,6,1.114857,0.285821
7,19,7,1.221569,0.285821
7,19,8,1.356363,0.277560
7,19,9,1.336705,0.259386
7,19,10,1.328280,0.246169
7,19,11,1.356363,0.234604
7,19,12,1.246843,0.203214
7,19,13,1.069926,0.166866
7,19,14,1.041844,0.125563
7,19,15,1.055885,0.090868
7,19,16,1.036227,0.069390
7,19,17,1.008145,0.052869
7,19,18,0.980063,0.051216
7,19,19,1.047460,0.047912
7,19,20,1.238418,0.049564
7,19,21,1.277733,0.052869
7,19,22,1.215952,0.059477
7,19,23,1.235610,0.082607
7,19,24,1.249651,0.112346
7,19,25,1.272116,0.127215
7,19,26,1.305815,0.115650
7,19,27,1.350746,0.133824
7,19,28,1.434992,0.125563
7,19,29,1.449033,0.113998
7,19,30,1.420951,0.132171
7,19,31,1.272116,0.148693
7,19,32,1.224377,0.122259
7,19,33,1.207528,0.118954
7,19,34,1.162596,0.123911
7,19,35,1.126090,0.123911
7,19,36,1.145747,0.110694
7,19,37,1.140131,0.115650
7,19,38,1.235610,0.118954
7,19,39,1.317048,0.118954
7,19,40,1.345130,0.115650
7,19,41,1.378828,0.110694
7,19,42,1.412527,0.107389
7,19,43,1.404102,0.090868
7,19,44,1.370404,0.087564
7,19,45,1.356363,0.090868
7,19,46,1.378828,0.085911
7,19,47,1.409718,0.084259
7,20,0,1.412527,0.092520
7,20,1,1.415335,0.099129
7,20,2,1.409718,0.112346
7,20,3,1.353554,0.128867
7,20,4,1.353554,0.115650
7,20,5,1.359171,0.135476
7,20,6,1.381636,0.180084
7,20,7,1.392869,0.213126
7,20,8,1.429376,0.231300
7,20,9,1.443417,0.244517
7,20,10,1.390061,0.247821
7,20,11,1.367595,0.241213
7,20,12,1.361979,0.211474
7,20,13,1.193487,0.175127
7,20,14,1.162596,0.161910
7,20,15,1.232802,0.125563
7,20,16,1.303007,0.135476
7,20,17,1.269308,0.151997
7,20,18,1.260884,0.163562
7,20,19,1.277733,0.186692
7,20,20,1.401294,0.270951
7,20,21,1.406910,0.366776
7,20,22,1.356363,0.419644
7,20,23,1.381636,0.427905
7,20,24,1.426568,0.469209
7,20,25,1.491156,0.487382
7,20,26,1.496773,0.489034
7,20,27,1.550129,0.480774
7,20,28,1.566978,0.465904
7,20,29,1.555745,0.518773
7,20,30,1.491156,0.518773
7,20,31,1.339513,0.560076
7,20,32,1.272116,0.543555
7,20,33,1.269308,0.493991
7,20,34,1.213144,0.419644
7,20,35,1.218761,0.328776
7,20,36,1.317048,0.239561
7,20,37,1.297390,0.186692
7,20,38,1.390061,0.188344
7,20,39,1.398486,0.173475
7,20,40,1.376020,0.198257
7,20,41,1.319856,0.244517
7,20,42,1.353554,0.265995
7,20,43,1.345130,0.226344
7,20,44,1.322664,0.236256
7,20,45,1.364787,0.256082
7,20,46,1.353554,0.294081
7,20,47,1.345130,0.274256
7,21,0,1.339513,0.246169
7,21,1,1.333897,0.219735
7,21,2,1.336705,0.198257
7,21,3,1.350746,0.189996
7,21,4,1.390061,0.203214
7,21,5,1.370404,0.216431
7,21,6,1.353554,0.251126
7,21,7,1.378828,0.284169
7,21,8,1.367595,0.305646
7,21,9,1.356363,0.333733
7,21,10,1.336705,0.307299
7,21,11,1.364787,0.312255
7,21,12,1.384445,0.303994
7,21,13,1.288966,0.323820
7,21,14,1.297390,0.338689
7,21,15,1.333897,0.345298
7,21,16,1.367595,0.346950
7,21,17,1.398486,0.351906
7,21,18,1.418143,0.426253
7,21,19,1.443417,0.470861
7,21,20,1.530471,0.531990
7,21,21,1.583827,0.629466
7,21,22,1.516430,0.697204
7,21,23,1.499581,0.738508
7,21,24,1.510814,0.758334
7,21,25,1.465882,0.708769
7,21,26,1.505197,0.695552
7,21,27,1.586635,0.695552
7,21,28,1.611909,0.665814
7,21,29,1.625950,0.718682
7,21,30,1.600676,0.707117
7,21,31,1.471499,0.669118
7,21,32,1.406910,0.675726
7,21,33,1.384445,0.677379
7,21,34,1.398486,0.593119
7,21,35,1.412527,0.569989
7,21,36,1.404102,0.561729
7,21,37,1.378828,0.548511
7,21,38,1.474307,0.607989
7,21,39,1.533279,0.614597
7,21,40,1.527663,0.584859
7,21,41,1.519238,0.576598
7,21,42,1.524855,0.568337
7,21,43,1.533279,0.551816
7,21,44,1.541704,0.565033
7,21,45,1.555745,0.556772
7,21,46,1.592252,0.579902
7,21,47,1.611909,0.566685
7,22,0,1.623142,0.566685
7,22,1,1.625950,0.591467
7,22,2,1.583827,0.558424
7,22,3,1.578211,0.553468
7,22,4,1.597868,0.546859
7,22,5,1.595060,0.531990
7,22,6,1.578211,0.569989
7,22,7,1.578211,0.586511
7,22,8,1.541704,0.561729
7,22,9,1.516430,0.540251
7,22,10,1.491156,0.505556
7,22,11,1.446225,0.525381
7,22,12,1.420951,0.518773
7,22,13,1.277733,0.505556
7,22,14,1.249651,0.601380
7,22,15,1.272116,0.650944
7,22,16,1.350746,0.687291
7,22,17,1.378828,0.712074
7,22,18,1.398486,0.730247
7,22,19,1.409718,0.776507
7,22,20,1.502389,0.774855
7,22,21,1.547320,0.764942
7,22,22,1.451841,0.759986
7,22,23,1.437800,0.826071
7,22,24,1.449033,0.887201
7,22,25,1.390061,0.850854
7,22,26,1.361979,0.864071
7,22,27,1.378828,0.946678
7,22,28,1.418143,0.997894
7,22,29,1.463074,0.984677
7,22,30,1.482732,0.943374
7,22,31,1.325472,0.873984
7,22,32,1.317048,0.797985
7,22,33,1.311431,0.710421
7,22,34,1.277733,0.619554
7,22,35,1.297390,0.579902
7,22,36,1.331089,0.589815
7,22,37,1.350746,0.576598
7,22,38,1.449033,0.531990
7,22,39,1.474307,0.472513
7,22,40,1.471499,0.472513
7,22,41,1.496773,0.455991
7,22,42,1.555745,0.469209
7,22,43,1.572594,0.497295
7,22,44,1.564170,0.505556
7,22,45,1.516430,0.489034
7,22,46,1.530471,0.492339
7,22,47,1.524855,0.460948
7,23,0,1.522047,0.436166
7,23,1,1.485540,0.459296
7,23,2,1.406910,0.470861
7,23,3,1.434992,0.484078
7,23,4,1.423759,0.480774
7,23,5,1.404102,0.492339
7,23,6,1.333897,0.497295
7,23,7,1.294582,0.520425
7,23,8,1.283349,0.548511
7,23,9,1.280541,0.517121
7,23,10,1.260884,0.566685
7,23,11,1.260884,0.659205
7,23,12,1.238418,0.688944
7,23,13,1.100816,0.700509
7,23,14,1.128898,0.806246
7,23,15,1.140131,0.895461
7,23,16,1.213144,0.908679
7,23,17,1.235610,0.935113
7,23,18,1.249651,1.009459
7,23,19,1.249651,1.047459
7,23,20,1.339513,1.050763
7,23,21,1.367595,1.082154
7,23,22,1.241226,1.057371
7,23,23,1.199103,0.969808
7,23,24,1.179446,0.902070
7,23,25,1.142939,0.887201
7,23,26,1.154172,0.882244
7,23,27,1.229993,0.819463
7,23,28,1.246843,0.755029
7,23,29,1.252459,0.703813
7,23,30,1.252459,0.657553
7,23,31,1.120473,0.650944
7,23,32,1.030611,0.612945
7,23,33,1.027803,0.565033
7,23,34,1.078350,0.527034
7,23,35,1.131706,0.442774
7,23,36,1.112049,0.413036
7,23,37,1.140131,0.373384
7,23,38,1.229993,0.368428
7,23,39,1.249651,0.378341
7,23,40,1.255267,0.376689
7,23,41,1.263692,0.370080
7,23,42,1.260884,0.358515
7,23,43,1.252459,0.383297
7,23,44,1.266500,0.416340
7,23,45,1.328280,0.394862
7,23,46,1.345130,0.365124
7,23,47,1.325472,0.343646
7,24,0,1.308623,0.318864
7,24,1,1.328280,0.294081
7,24,2,1.314239,0.292429
7,24,3,1.356363,0.294081
7,24,4,1.325472,0.303994
7,24,5,1.274925,0.332081
7,24,6,1.277733,0.323820
7,24,7,1.286157,0.333733
7,24,8,1.291774,0.341994
7,24,9,1.277733,0.361819
7,24,10,1.249651,0.330429
7,24,11,1.272116,0.272604
7,24,12,1.280541,0.264343
7,24,13,1.123282,0.264343
7,24,14,1.081159,0.265995
7,24,15,1.069926,0.275908
7,24,16,1.067118,0.315559
7,24,17,1.072734,0.358515
7,24,18,1.089583,0.394862
7,24,19,1.075542,0.513816
7,24,20,1.148555,0.589815
7,24,21,1.148555,0.565033
7,24,22,1.027803,0.616249
7,24,23,1.022186,0.659205
7,24,24,1.013762,0.642684
7,24,25,1.027803,0.672422
7,24,26,1.061501,0.667466
7,24,27,1.145747,0.631119
7,24,28,1.140131,0.637727
7,24,29,1.098008,0.636075
7,24,30,1.055885,0.576598
7,24,31,0.918283,0.560076
7,24,32,0.867735,0.490686
7,24,33,0.845269,0.510512
7,24,34,0.848078,0.495643
7,24,35,0.836845,0.475817
7,24,36,0.805955,0.421296
7,24,37,0.783489,0.371732
7,24,38,0.679585,0.337037
7,24,39,0.626229,0.341994
7,24,40,0.631846,0.383297
7,24,41,0.617805,0.366776
7,24,42,0.626229,0.318864
7,24,43,0.623421,0.274256
7,24,44,0.612188,0.227996
7,24,45,0.609380,0.203214
7,24,46,0.735749,0.178431
7,24,47,0.859310,0.231300
7,25,0,0.859310,0.261039
7,25,1,0.915475,0.274256
7,25,2,0.926707,0.246169
7,25,3,0.932324,0.254430
7,25,4,0.918283,0.231300
7,25,5,0.856502,0.208170
7,25,6,0.859310,0.191649
7,25,7,0.848078,0.204866
7,25,8,0.864927,0.227996
7,25,9,0.834037,0.232952
7,25,10,0.893009,0.232952
7,25,11,0.884584,0.244517
7,25,12,0.884584,0.242865
7,25,13,0.789105,0.227996
7,25,14,0.786297,0.246169
7,25,15,0.836845,0.297386
7,25,16,0.873351,0.308951
7,25,17,0.876160,0.284169
7,25,18,0.895817,0.269299
7,25,19,0.929516,0.213126
7,25,20,1.039035,0.171823
7,25,21,1.083967,0.188344
7,25,22,0.994104,0.234604
7,25,23,0.968830,0.244517
7,25,24,0.971639,0.270951
7,25,25,0.996912,0.305646
7,25,26,0.988488,0.371732
7,25,27,1.078350,0.457644
7,25,28,1.103624,0.455991
7,25,29,1.112049,0.388254
7,25,30,1.086775,0.323820
7,25,31,1.039035,0.272604
7,25,32,1.055885,0.234604
7,25,33,1.044652,0.204866
7,25,34,1.033419,0.186692
7,25,35,1.027803,0.158606
7,25,36,1.022186,0.161910
7,25,37,1.033419,0.122259
7,25,38,1.106432,0.132171
7,25,39,1.092391,0.113998
7,25,40,1.010953,0.085911
7,25,41,0.985680,0.079303
7,25,42,0.985680,0.077651
7,25,43,0.991296,0.079303
7,25,44,1.013762,0.095824
7,25,45,1.027803,0.097476
7,25,46,1.095200,0.115650
7,25,47,1.095200,0.109041
7,26,0,1.092391,0.148693
7,26,1,1.100816,0.163562
7,26,2,1.086775,0.158606
7,26,3,1.083967,0.142084
7,26,4,1.092391,0.163562
7,26,5,1.089583,0.193301
7,26,6,1.109241,0.188344
7,26,7,1.123282,0.188344
7,26,8,1.145747,0.188344
7,26,9,1.083967,0.194953
7,26,10,0.825612,0.211474
7,26,11,0.693626,0.223039
7,26,12,0.772256,0.236256
7,26,13,0.864927,0.236256
7,26,14,0.870543,0.221387
7,26,15,0.862119,0.199909
7,26,16,0.901433,0.145389
7,26,17,0.980063,0.109041
7,26,18,1.027803,0.097476
7,26,19,1.005337,0.105737
7,26,20,0.912666,0.122259
7,26,21,0.890201,0.118954
7,26,22,0.741366,0.107389
7,26,23,0.676777,0.112346
7,26,24,0.654312,0.097476
7,26,25,0.645887,0.110694
7,26,26,0.643079,0.113998
7,26,27,0.682394,0.122259
7,26,28,0.673969,0.156954
7,26,29,0.606572,0.193301
7,26,30,0.536367,0.198257
7,26,31,0.454929,0.198257
7,26,32,0.412806,0.166866
7,26,33,0.421231,0.156954
7,26,34,0.412806,0.127215
7,26,35,0.370683,0.110694
7,26,36,0.387532,0.090868
7,26,37,0.395957,0.117302
7,26,38,0.311711,0.140432
7,26,39,0.263971,0.133824
7,26,40,0.275204,0.120606
7,26,41,0.249930,0.137128
7,26,42,0.280820,0.161910
7,26,43,0.297670,0.181736
7,26,44,0.292053,0.214779
7,26,45,0.278012,0.223039
7,26,46,0.367875,0.231300
7,26,47,0.345409,0.254430
7,27,0,0.294861,0.275908
7,27,1,0.272396,0.303994
7,27,2,0.261163,0.307299
7,27,3,0.244314,0.310603
7,27,4,0.241506,0.312255
7,27,5,0.241506,0.323820
7,27,6,0.235889,0.341994
7,27,7,0.204999,0.338689
7,27,8,0.190958,0.363471
7,27,9,0.193766,0.429557
7,27,10,0.185341,0.459296
7,27,11,0.174109,0.489034
7,27,12,0.182533,0.505556
7,27,13,0.174109,0.543555
7,27,14,0.151643,0.568337
7,27,15,0.176917,0.621206
7,27,16,0.193766,0.687291
7,27,17,0.188150,0.721986
7,27,18,0.179725,0.822767
7,27,19,0.199382,0.989634
7,27,20,0.190958,1.098675
7,27,21,0.174109,1.283715
7,27,22,0.148835,1.384496
7,27,23,0.174109,1.521624
7,27,24,0.176917,1.510059
7,27,25,0.219040,1.486929
7,27,26,0.289245,1.439016
7,27,27,0.289245,1.440669
7,27,28,0.249930,1.401017
7,27,29,0.233081,1.364670
7,27,30,0.224656,1.278759
7,27,31,0.188150,1.182934
7,27,32,0.199382,1.016068
7,27,33,0.216232,0.918591
7,27,34,0.230273,0.880592
7,27,35,0.219040,0.855810
7,27,36,0.207807,0.857462
7,27,37,0.185341,0.835984
7,27,38,0.151643,0.796333
7,27,39,0.140410,0.779811
7,27,40,0.109520,0.677379
7,27,41,0.103904,0.586511
7,27,42,0.103904,0.556772
7,27,43,0.109520,0.565033
7,27,44,0.123561,0.583206
7,27,45,0.146027,0.555120
7,27,46,0.202191,0.591467
7,27,47,0.216232,0.583206
7,28,0,0.174109,0.561729
7,28,1,0.160068,0.533642
7,28,2,0.151643,0.531990
7,28,3,0.106712,0.517121
7,28,4,0.089863,0.550164
7,28,5,0.081438,0.523729
7,28,6,0.053356,0.530338
7,28,7,0.036507,0.535294
7,28,8,0.056164,0.510512
7,28,9,0.058972,0.485730
7,28,10,0.042123,0.439470
7,28,11,0.042123,0.379993
7,28,12,0.039315,0.341994
7,28,13,0.028082,0.341994
7,28,14,0.030890,0.313907
7,28,15,0.036507,0.303994
7,28,16,0.033698,0.303994
7,28,17,0.036507,0.322168
7,28,18,0.050548,0.355211
7,28,19,0.056164,0.365124
7,28,20,0.061780,0.408079
7,28,21,0.073013,0.442774
7,28,22,0.081438,0.424601
7,28,23,0.095479,0.422949
7,28,24,0.115136,0.424601
7,28,25,0.193766,0.399819
7,28,26,0.244314,0.381645
7,28,27,0.210615,0.381645
7,28,28,0.174109,0.411384
7,28,29,0.157259,0.441122
7,28,30,0.146027,0.470861
7,28,31,0.160068,0.437818
7,28,32,0.188150,0.424601
7,28,33,0.174109,0.416340
7,28,34,0.196574,0.386601
7,28,35,0.207807,0.307299
7,28,36,0.196574,0.227996
7,28,37,0.174109,0.194953
7,28,38,0.148835,0.163562
7,28,39,0.134794,0.153649
7,28,40,0.140410,0.137128
7,28,41,0.120753,0.112346
7,28,42,0.140410,0.097476
7,28,43,0.123561,0.084259
7,28,44,0.095479,0.100781
7,28,45,0.089863,0.123911
7,28,46,0.092671,0.151997
7,28,47,0.084246,0.135476
7,29,0,0.081438,0.110694
7,29,1,0.078630,0.115650
7,29,2,0.089863,0.132171
7,29,3,0.078630,0.143736
7,29,4,0.056164,0.158606
7,29,5,0.033698,0.142084
7,29,6,0.030890,0.145389
7,29,7,0.036507,0.135476
7,29,8,0.030890,0.125563
7,29,9,0.030890,0.125563
7,29,10,0.025274,0.127215
7,29,11,0.056164,0.137128
7,29,12,0.134794,0.104085
7,29,13,0.137602,0.064434
7,29,14,0.154451,0.046260
7,29,15,0.168492,0.039651
7,29,16,0.171300,0.029739
7,29,17,0.199382,0.036347
7,29,18,0.249930,0.039651
7,29,19,0.314519,0.044608
7,29,20,0.317327,0.057825
7,29,21,0.370683,0.085911
7,29,22,0.376299,0.128867
7,29,23,0.370683,0.176779
7,29,24,0.359450,0.237909
7,29,25,0.351025,0.221387
7,29,26,0.367875,0.178431
7,29,27,0.255547,0.161910
7,29,28,0.103904,0.147041
7,29,29,0.160068,0.138780
7,29,30,0.266779,0.138780
7,29,31,0.306094,0.122259
7,29,32,0.331368,0.117302
7,29,33,0.331368,0.123911
7,29,34,0.353834,0.130519
7,29,35,0.376299,0.127215
7,29,36,0.499860,0.148693
7,29,37,0.575682,0.168519
7,29,38,0.631846,0.183388
7,29,39,0.657120,0.206518
7,29,40,0.668353,0.227996
7,29,41,0.704859,0.256082
7,29,42,0.775064,0.249474
7,29,43,0.730133,0.214779
7,29,44,0.772256,0.206518
7,29,45,0.797530,0.201561
7,29,46,0.808763,0.191649
7,29,47,0.735749,0.191649
7,30,0,0.783489,0.198257
7,30,1,0.876160,0.173475
7,30,2,0.808763,0.186692
7,30,3,0.763831,0.224691
7,30,4,0.704859,0.214779
7,30,5,0.688010,0.252778
7,30,6,0.657120,0.280864
7,30,7,0.603764,0.287473
7,30,8,0.600956,0.262691
7,30,9,0.592531,0.237909
7,30,10,0.556024,0.214779
7,30,11,0.556024,0.216431
7,30,12,0.544792,0.165214
7,30,13,0.477395,0.143736
7,30,14,0.438080,0.142084
7,30,15,0.432463,0.153649
7,30,16,0.409998,0.150345
7,30,17,0.418422,0.147041
7,30,18,0.429655,0.148693
7,30,19,0.404381,0.166866
7,30,20,0.278012,0.185040
7,30,21,0.258355,0.208170
7,30,22,0.233081,0.231300
7,30,23,0.233081,0.279212
7,30,24,0.233081,0.348602
7,30,25,0.233081,0.404775
7,30,26,0.241506,0.427905
7,30,27,0.280820,0.426253
7,30,28,0.331368,0.431209
7,30,29,0.339793,0.442774
7,30,30,0.365067,0.432861
7,30,31,0.421231,0.427905
7,30,32,0.499860,0.431209
7,30,33,0.519518,0.447731
7,30,34,0.550408,0.434514
7,30,35,0.584106,0.441122
7,30,36,0.665544,0.416340
7,30,37,0.758215,0.389906
7,30,38,0.789105,0.370080
7,30,39,0.786297,0.419644
7,30,40,0.716092,0.451035
7,30,41,0.620613,0.470861
7,30,42,0.603764,0.490686
7,30,43,0.556024,0.533642
7,30,44,0.480203,0.596424
7,30,45,0.409998,0.664161
7,30,46,0.395957,0.629466
7,30,47,0.415614,0.626162
7,31,0,0.466162,0.632771
7,31,1,0.409998,0.581554
7,31,2,0.359450,0.555120
7,31,3,0.292053,0.520425
7,31,4,0.261163,0.503904
7,31,5,0.331368,0.446079
7,31,6,0.412806,0.489034
7,31,7,0.477395,0.527034
7,31,8,0.547600,0.571641
7,31,9,0.595339,0.525381
7,31,10,0.634654,0.538599
7,31,11,0.600956,0.508860
7,31,12,0.544792,0.432861
7,31,13,0.536367,0.411384
7,31,14,0.505477,0.370080
7,31,15,0.494244,0.330429
7,31,16,0.460545,0.290777
7,31,17,0.457737,0.287473
7,31,18,0.525134,0.320516
7,31,19,0.659928,0.302342
7,31,20,0.654312,0.313907
7,31,21,0.654312,0.313907
7,31,22,0.623421,0.308951
7,31,23,0.592531,0.313907
7,31,24,0.595339,0.348602
7,31,25,0.612188,0.406427
7,31,26,0.626229,0.422949
7,31,27,0.690818,0.434514
7,31,28,0.702051,0.452687
7,31,29,0.710476,0.464252
7,31,30,0.617805,0.502251
7,31,31,0.424039,0.487382
7,31,32,0.373491,0.493991
7,31,33,0.348217,0.507208
7,31,34,0.336984,0.503904
7,31,35,0.345409,0.479121
7,31,36,0.398765,0.480774
7,31,37,0.426847,0.517121
7,31,38,0.384724,0.508860
7,31,39,0.381916,0.546859
7,31,40,0.418422,0.586511
7,31,41,0.424039,0.632771
7,31,42,0.452121,0.693900
7,31,43,0.466162,0.726943
7,31,44,0.477395,0.718682
7,31,45,0.505477,0.708769
7,31,46,0.654312,0.705465
7,31,47,0.929516,0.675726
8,1,0,1.016570,0.768246
8,1,1,0.963214,0.806246
8,1,2,0.890201,0.791376
8,1,3,0.848078,0.794681
8,1,4,0.817187,0.791376
8,1,5,0.789105,0.789724
8,1,6,0.839653,0.723639
8,1,7,0.893009,0.607989
8,1,8,0.864927,0.540251
8,1,9,0.836845,0.495643
8,1,10,0.828420,0.465904
8,1,11,0.811571,0.391558
8,1,12,0.763831,0.393210
8,1,13,0.735749,0.389906
8,1,14,0.791914,0.408079
8,1,15,0.929516,0.431209
8,1,16,0.963214,0.487382
8,1,17,1.010953,0.527034
8,1,18,1.027803,0.454339
8,1,19,1.027803,0.360167
8,1,20,0.864927,0.360167
8,1,21,0.808763,0.419644
8,1,22,0.836845,0.464252
8,1,23,0.808763,0.492339
8,1,24,0.819996,0.538599
8,1,25,0.828420,0.551816
8,1,26,0.780681,0.599728
8,1,27,0.744174,0.591467
8,1,28,0.777873,0.550164
8,1,29,0.724517,0.550164
8,1,30,0.634654,0.588163
8,1,31,0.631846,0.581554
8,1,32,0.623421,0.568337
8,1,33,0.645887,0.546859
8,1,34,0.693626,0.536946
8,1,35,0.727325,0.548511
8,1,36,0.772256,0.566685
8,1,37,0.811571,0.639379
8,1,38,0.775064,0.705465
8,1,39,0.775064,0.721986
8,1,40,0.758215,0.717030
8,1,41,0.727325,0.715378
8,1,42,0.707667,0.669118
8,1,43,0.732941,0.652596
8,1,44,0.730133,0.622858
8,1,45,0.704859,0.662509
8,1,46,0.679585,0.573294
8,1,47,0.651503,0.523729
8,2,0,0.578490,0.540251
8,2,1,0.494244,0.503904
8,2,2,0.457737,0.523729
8,2,3,0.401573,0.551816
8,2,4,0.300478,0.498947
8,2,5,0.359450,0.500599
8,2,6,0.466162,0.487382
8,2,7,0.474586,0.436166
8,2,8,0.429655,0.470861
8,2,9,0.440888,0.437818
8,2,10,0.322943,0.411384
8,2,11,0.292053,0.426253
8,2,12,0.314519,0.363471
8,2,13,0.311711,0.361819
8,2,14,0.280820,0.323820
8,2,15,0.294861,0.275908
8,2,16,0.317327,0.224691
8,2,17,0.325752,0.206518
8,2,18,0.328560,0.203214
8,2,19,0.320135,0.227996
8,2,20,0.190958,0.236256
8,2,21,0.196574,0.256082
8,2,22,0.221848,0.317211
8,2,23,0.235889,0.460948
8,2,24,0.224656,0.609641
8,2,25,0.204999,0.675726
8,2,26,0.204999,0.707117
8,2,27,0.112328,0.745116
8,2,28,0.087054,0.766594
8,2,29,0.098287,0.755029
8,2,30,0.098287,0.774855
8,2,31,0.089863,0.756681
8,2,32,0.073013,0.703813
8,2,33,0.058972,0.626162
8,2,34,0.064589,0.533642
8,2,35,0.078630,0.484078
8,2,36,0.078630,0.413036
8,2,37,0.067397,0.341994
8,2,38,0.047739,0.323820
8,2,39,0.039315,0.267647
8,2,40,0.039315,0.219735
8,2,41,0.025274,0.224691
8,2,42,0.022466,0.219735
8,2,43,0.022466,0.204866
8,2,44,0.008425,0.166866
8,2,45,0.000000,0.161910
8,2,46,0.002808,0.153649
8,2,47,0.005616,0.147041
8,3,0,0.002808,0.132171
8,3,1,0.005616,0.099129
8,3,2,0.005616,0.085911
8,3,3,0.014041,0.090868
8,3,4,0.025274,0.094172
8,3,5,0.042123,0.097476
8,3,6,0.042123,0.090868
8,3,7,0.030890,0.117302
8,3,8,0.025274,0.100781
8,3,9,0.028082,0.082607
8,3,10,0.033698,0.074346
8,3,11,0.030890,0.062781
8,3,12,0.036507,0.044608
8,3,13,0.019657,0.037999
8,3,14,0.019657,0.036347
8,3,15,0.022466,0.037999
8,3,16,0.019657,0.036347
8,3,17,0.014041,0.036347
8,3,18,0.016849,0.033043
8,3,19,0.022466,0.028086
8,3,20,0.022466,0.037999
8,3,21,0.028082,0.052869
8,3,22,0.044931,0.072694
8,3,23,0.056164,0.089216
8,3,24,0.064589,0.100781
8,3,25,0.081438,0.132171
8,3,26,0.098287,0.140432
8,3,27,0.095479,0.158606
8,3,28,0.115136,0.176779
8,3,29,0.146027,0.206518
8,3,30,0.249930,0.252778
8,3,31,0.263971,0.292429
8,3,32,0.241506,0.320516
8,3,33,0.241506,0.318864
8,3,34,0.261163,0.313907
8,3,35,0.252738,0.305646
8,3,36,0.255547,0.242865
8,3,37,0.289245,0.206518
8,3,38,0.320135,0.188344
8,3,39,0.351025,0.181736
8,3,40,0.367875,0.153649
8,3,41,0.322943,0.133824
8,3,42,0.322943,0.100781
8,3,43,0.317327,0.092520
8,3,44,0.336984,0.057825
8,3,45,0.303286,0.054521
8,3,46,0.286437,0.085911
8,3,47,0.275204,0.102433
8,4,0,0.272396,0.099129
8,4,1,0.249930,0.099129
8,4,2,0.241506,0.115650
8,4,3,0.252738,0.109041
8,4,4,0.252738,0.110694
8,4,5,0.311711,0.105737
8,4,6,0.359450,0.110694
8,4,7,0.373491,0.107389
8,4,8,0.404381,0.127215
8,4,9,0.418422,0.150345
8,4,10,0.426847,0.158606
8,4,11,0.373491,0.176779
8,4,12,0.390340,0.156954
8,4,13,0.384724,0.156954
8,4,14,0.373491,0.145389
8,4,15,0.404381,0.161910
8,4,16,0.477395,0.165214
8,4,17,0.460545,0.194953
8,4,18,0.424039,0.183388
8,4,19,0.474586,0.156954
8,4,20,0.581298,0.150345
8,4,21,0.662736,0.165214
8,4,22,0.848078,0.198257
8,4,23,0.856502,0.223039
8,4,24,0.870543,0.211474
8,4,25,0.873351,0.227996
8,4,26,0.825612,0.231300
8,4,27,0.951981,0.267647
8,4,28,1.002529,0.251126
8,4,29,0.954789,0.206518
8,4,30,0.946365,0.163562
8,4,31,0.789105,0.137128
8,4,32,0.853694,0.102433
8,4,33,0.940748,0.074346
8,4,34,1.016570,0.041304
8,4,35,1.022186,0.052869
8,4,36,1.078350,0.054521
8,4,37,1.114857,0.047912
8,4,38,1.061501,0.037999
8,4,39,1.126090,0.054521
8,4,40,1.041844,0.071042
8,4,41,0.943557,0.080955
8,4,42,0.915475,0.102433
8,4,43,0.985680,0.107389
8,4,44,0.954789,0.132171
8,4,45,1.013762,0.168519
8,4,46,1.075542,0.199909
8,4,47,1.215952,0.229648
8,5,0,1.280541,0.232952
8,5,1,1.311431,0.229648
8,5,2,1.255267,0.254430
8,5,3,1.305815,0.282516
8,5,4,1.258075,0.426253
8,5,5,1.095200,0.609641
8,5,6,1.106432,0.636075
8,5,7,1.098008,0.832680
8,5,8,0.923899,0.893809
8,5,9,0.513901,0.986329
8,5,10,0.351025,1.045806
8,5,11,0.297670,0.903722
8,5,12,0.247122,0.781464
8,5,13,0.216232,0.910331
8,5,14,0.204999,0.933461
8,5,15,0.238697,0.776507
8,5,16,0.196574,0.718682
8,5,17,0.196574,0.766594
8,5,18,0.176917,0.865723
8,5,19,0.148835,0.791376
8,5,20,0.056164,0.758334
8,5,21,0.089863,0.771551
8,5,22,0.137602,0.758334
8,5,23,0.143218,0.870679
8,5,24,0.162876,0.895461
8,5,25,0.179725,0.885549
8,5,26,0.182533,0.844245
8,5,27,0.174109,0.797985
8,5,28,0.179725,0.839289
8,5,29,0.204999,0.835984
8,5,30,0.263971,0.802941
8,5,31,0.210615,0.758334
8,5,32,0.174109,0.598076
8,5,33,0.160068,0.581554
8,5,34,0.148835,0.598076
8,5,35,0.143218,0.607989
8,5,36,0.143218,0.626162
8,5,37,0.140410,0.624510
8,5,38,0.106712,0.647640
8,5,39,0.131986,0.632771
8,5,40,0.137602,0.647640
8,5,41,0.084246,0.631119
8,5,42,0.081438,0.591467
8,5,43,0.101095,0.517121
8,5,44,0.140410,0.446079
8,5,45,0.137602,0.406427
8,5,46,0.252738,0.404775
8,5,47,0.497052,0.284169
8,6,0,0.550408,0.272604
8,6,1,0.522326,0.262691
8,6,2,0.460545,0.236256
8,6,3,0.547600,0.272604
8,6,4,0.673969,0.333733
8,6,5,0.839653,0.404775
8,6,6,0.982871,0.477469
8,6,7,0.937940,0.472513
8,6,8,0.890201,0.493991
8,6,9,1.019378,0.475817
8,6,10,1.016570,0.356863
8,6,11,0.909858,0.284169
8,6,12,0.935132,0.218083
8,6,13,0.741366,0.219735
8,6,14,0.721708,0.244517
8,6,15,0.794722,0.249474
8,6,16,0.898625,0.181736
8,6,17,0.954789,0.117302
8,6,18,0.977255,0.118954
8,6,19,1.002529,0.132171
8,6,20,1.098008,0.107389
8,6,21,1.140131,0.137128
8,6,22,1.053076,0.140432
8,6,23,0.994104,0.133824
8,6,24,0.971639,0.128867
8,6,25,0.971639,0.166866
8,6,26,0.949173,0.224691
8,6,27,1.053076,0.257734
8,6,28,1.022186,0.247821
8,6,29,1.013762,0.227996
8,6,30,1.008145,0.257734
8,6,31,0.831228,0.333733
8,6,32,0.867735,0.441122
8,6,33,0.985680,0.475817
8,6,34,1.039035,0.313907
8,6,35,0.971639,0.251126
8,6,36,0.935132,0.335385
8,6,37,0.915475,0.533642
8,6,38,0.744174,0.700509
8,6,39,0.651503,0.560076
8,6,40,0.643079,0.512164
8,6,41,0.654312,0.465904
8,6,42,0.640271,0.510512
8,6,43,0.623421,0.688944
8,6,44,0.629038,0.812854
8,6,45,0.550408,0.852506
8,6,46,0.480203,0.723639
8,6,47,0.412806,0.520425
8,7,0,0.359450,0.550164
8,7,1,0.339793,0.631119
8,7,2,0.331368,0.741812
8,7,3,0.351025,0.816159
8,7,4,0.297670,0.847549
8,7,5,0.278012,0.720334
8,7,6,0.221848,0.641031
8,7,7,0.292053,0.614597
8,7,8,0.376299,0.687291
8,7,9,0.381916,0.814506
8,7,10,0.345409,0.697204
8,7,11,0.345409,0.695552
8,7,12,0.418422,0.852506
8,7,13,0.373491,0.708769
8,7,14,0.381916,0.601380
8,7,15,0.317327,0.776507
8,7,16,0.331368,0.829376
8,7,17,0.308902,0.935113
8,7,18,0.322943,1.097023
8,7,19,0.303286,1.207716
8,7,20,0.148835,1.135022
8,7,21,0.146027,0.964851
8,7,22,0.160068,1.021024
8,7,23,0.171300,1.012764
8,7,24,0.165684,0.849201
8,7,25,0.182533,0.759986
8,7,26,0.204999,0.751725
8,7,27,0.303286,0.824419
8,7,28,0.317327,0.892157
8,7,29,0.300478,0.781464
8,7,30,0.297670,0.655901
8,7,31,0.306094,0.660857
8,7,32,0.235889,0.469209
8,7,33,0.210615,0.490686
8,7,34,0.199382,0.533642
8,7,35,0.196574,0.484078
8,7,36,0.196574,0.500599
8,7,37,0.233081,0.500599
8,7,38,0.140410,0.457644
8,7,39,0.106712,0.475817
8,7,40,0.095479,0.503904
8,7,41,0.064589,0.525381
8,7,42,0.042123,0.593119
8,7,43,0.042123,0.629466
8,7,44,0.025274,0.697204
8,7,45,0.053356,0.710421
8,7,46,0.168492,0.687291
8,7,47,0.286437,0.556772
8,8,0,0.460545,0.437818
8,8,1,0.637462,0.500599
8,8,2,0.682394,0.490686
8,8,3,0.721708,0.432861
8,8,4,0.839653,0.460948
8,8,5,0.842461,0.479121
8,8,6,0.859310,0.421296
8,8,7,0.918283,0.426253
8,8,8,0.974447,0.408079
8,8,9,0.994104,0.391558
8,8,10,1.055885,0.462600
8,8,11,1.069926,0.441122
8,8,12,1.033419,0.469209
8,8,13,0.912666,0.401471
8,8,14,0.887392,0.480774
8,8,15,0.895817,0.462600
8,8,16,0.876160,0.505556
8,8,17,0.895817,0.614597
8,8,18,0.957598,0.553468
8,8,19,0.999721,0.548511
8,8,20,1.086775,0.612945
8,8,21,1.075542,0.733551
8,8,22,0.999721,1.040850
8,8,23,0.937940,0.961547
8,8,24,0.943557,0.900418
8,8,25,0.949173,0.921896
8,8,26,0.966022,0.845897
8,8,27,0.862119,0.731899
8,8,28,0.645887,0.763290
8,8,29,0.412806,0.763290
8,8,30,0.409998,0.875636
8,8,31,0.426847,0.850854
8,8,32,0.438080,0.855810
8,8,33,0.440888,0.707117
8,8,34,0.449313,0.566685
8,8,35,0.432463,0.361819
8,8,36,0.418422,0.408079
8,8,37,0.418422,0.414688
8,8,38,0.384724,0.538599
8,8,39,0.311711,0.393210
8,8,40,0.241506,0.373384
8,8,41,0.213424,0.381645
8,8,42,0.185341,0.409731
8,8,43,0.154451,0.411384
8,8,44,0.148835,0.356863
8,8,45,0.154451,0.333733
8,8,46,0.143218,0.353559
8,8,47,0.123561,0.384949
8,9,0,0.117945,0.346950
8,9,1,0.101095,0.320516
8,9,2,0.098287,0.257734
8,9,3,0.087054,0.279212
8,9,4,0.064589,0.267647
8,9,5,0.058972,0.312255
8,9,6,0.033698,0.335385
8,9,7,0.025274,0.355211
8,9,8,0.025274,0.408079
8,9,9,0.019657,0.379993
8,9,10,0.011233,0.302342
8,9,11,0.008425,0.274256
8,9,12,0.008425,0.254430
8,9,13,0.008425,0.236256
8,9,14,0.000000,0.219735
8,9,15,0.000000,0.170171
8,9,16,0.002808,0.150345
8,9,17,0.002808,0.142084
8,9,18,0.005616,0.148693
8,9,19,0.014041,0.123911
8,9,20,0.016849,0.150345
8,9,21,0.033698,0.130519
8,9,22,0.036507,0.128867
8,9,23,0.050548,0.132171
8,9,24,0.058972,0.155301
8,9,25,0.064589,0.219735
8,9,26,0.056164,0.239561
8,9,27,0.044931,0.295734
8,9,28,0.044931,0.303994
8,9,29,0.047739,0.256082
8,9,30,0.050548,0.239561
8,9,31,0.039315,0.259386
8,9,32,0.030890,0.277560
8,9,33,0.025274,0.232952
8,9,34,0.016849,0.185040
8,9,35,0.011233,0.130519
8,9,36,0.005616,0.100781
8,9,37,0.008425,0.057825
8,9,38,0.000000,0.052869
8,9,39,0.002808,0.047912
8,9,40,0.002808,0.046260
8,9,41,0.005616,0.049564
8,9,42,0.016849,0.069390
8,9,43,0.022466,0.120606
8,9,44,0.036507,0.138780
8,9,45,0.050548,0.130519
8,9,46,0.087054,0.148693
8,9,47,0.146027,0.194953
8,10,0,0.162876,0.188344
8,10,1,0.157259,0.165214
8,10,2,0.179725,0.176779
8,10,3,0.182533,0.163562
8,10,4,0.193766,0.160258
8,10,5,0.207807,0.201561
8,10,6,0.221848,0.237909
8,10,7,0.227465,0.261039
8,10,8,0.244314,0.272604
8,10,9,0.238697,0.282516
8,10,10,0.221848,0.254430
8,10,11,0.227465,0.252778
8,10,12,0.219040,0.203214
8,10,13,0.190958,0.186692
8,10,14,0.176917,0.168519
8,10,15,0.160068,0.155301
8,10,16,0.165684,0.140432
8,10,17,0.188150,0.128867
8,10,18,0.219040,0.110694
8,10,19,0.266779,0.113998
8,10,20,0.230273,0.120606
8,10,21,0.219040,0.125563
8,10,22,0.216232,0.113998
8,10,23,0.241506,0.099129
8,10,24,0.252738,0.080955
8,10,25,0.261163,0.097476
8,10,26,0.278012,0.084259
8,10,27,0.272396,0.115650
8,10,28,0.342601,0.113998
8,10,29,0.328560,0.117302
8,10,30,0.244314,0.105737
8,10,31,0.185341,0.080955
8,10,32,0.190958,0.089216
8,10,33,0.182533,0.097476
8,10,34,0.174109,0.102433
8,10,35,0.160068,0.097476
8,10,36,0.148835,0.120606
8,10,37,0.137602,0.140432
8,10,38,0.081438,0.132171
8,10,39,0.053356,0.112346
8,10,40,0.044931,0.113998
8,10,41,0.033698,0.140432
8,10,42,0.030890,0.155301
8,10,43,0.036507,0.153649
8,10,44,0.053356,0.147041
8,10,45,0.070205,0.156954
8,10,46,0.075822,0.175127
8,10,47,0.061780,0.201561
8,11,0,0.058972,0.216431
8,11,1,0.056164,0.198257
8,11,2,0.047739,0.165214
8,11,3,0.044931,0.176779
8,11,4,0.033698,0.198257
8,11,5,0.044931,0.209822
8,11,6,0.047739,0.259386
8,11,7,0.053356,0.256082
8,11,8,0.047739,0.251126
8,11,9,0.033698,0.315559
8,11,10,0.042123,0.335385
8,11,11,0.028082,0.322168
8,11,12,0.050548,0.282516
8,11,13,0.039315,0.259386
8,11,14,0.036507,0.203214
8,11,15,0.039315,0.191649
8,11,16,0.033698,0.178431
8,11,17,0.033698,0.150345
8,11,18,0.033698,0.122259
8,11,19,0.036507,0.122259
8,11,20,0.011233,0.130519
8,11,21,0.092671,0.143736
8,11,22,0.140410,0.150345
8,11,23,0.140410,0.185040
8,11,24,0.143218,0.226344
8,11,25,0.148835,0.317211
8,11,26,0.162876,0.379993
8,11,27,0.087054,0.373384
8,11,28,0.070205,0.403123
8,11,29,0.137602,0.394862
8,11,30,0.219040,0.337037
8,11,31,0.140410,0.256082
8,11,32,0.089863,0.234604
8,11,33,0.087054,0.173475
8,11,34,0.075822,0.145389
8,11,35,0.075822,0.140432
8,11,36,0.075822,0.137128
8,11,37,0.075822,0.130519
8,11,38,0.016849,0.122259
8,11,39,0.011233,0.113998
8,11,40,0.005616,0.105737
8,11,41,0.002808,0.105737
8,11,42,0.002808,0.092520
8,11,43,0.002808,0.089216
8,11,44,0.002808,0.064434
8,11,45,0.002808,0.064434
8,11,46,0.002808,0.077651
8,11,47,0.002808,0.075999
8,12,0,0.005616,0.071042
8,12,1,0.008425,0.067738
8,12,2,0.008425,0.066086
8,12,3,0.008425,0.089216
8,12,4,0.011233,0.090868
8,12,5,0.008425,0.069390
8,12,6,0.011233,0.067738
8,12,7,0.008425,0.075999
8,12,8,0.008425,0.074346
8,12,9,0.008425,0.072694
8,12,10,0.008425,0.090868
8,12,11,0.008425,0.087564
8,12,12,0.005616,0.069390
8,12,13,0.002808,0.071042
8,12,14,0.002808,0.084259
8,12,15,0.002808,0.059477
8,12,16,0.002808,0.051216
8,12,17,0.000000,0.075999
8,12,18,0.039315,0.105737
8,12,19,0.019657,0.170171
8,12,20,0.014041,0.237909
8,12,21,0.025274,0.272604
8,12,22,0.050548,0.204866
8,12,23,0.081438,0.204866
8,12,24,0.103904,0.198257
8,12,25,0.131986,0.203214
8,12,26,0.143218,0.252778
8,12,27,0.101095,0.318864
8,12,28,0.109520,0.285821
8,12,29,0.129177,0.227996
8,12,30,0.210615,0.206518
8,12,31,0.255547,0.181736
8,12,32,0.280820,0.137128
8,12,33,0.306094,0.128867
8,12,34,0.303286,0.150345
8,12,35,0.263971,0.166866
8,12,36,0.272396,0.216431
8,12,37,0.297670,0.285821
8,12,38,0.185341,0.303994
8,12,39,0.162876,0.294081
8,12,40,0.148835,0.259386
8,12,41,0.106712,0.256082
8,12,42,0.092671,0.259386
8,12,43,0.084246,0.242865
8,12,44,0.061780,0.227996
8,12,45,0.053356,0.229648
8,12,46,0.067397,0.213126
8,12,47,0.089863,0.216431
8,13,0,0.070205,0.224691
8,13,1,0.056164,0.242865
8,13,2,0.047739,0.216431
8,13,3,0.033698,0.186692
8,13,4,0.033698,0.186692
8,13,5,0.028082,0.176779
8,13,6,0.042123,0.165214
8,13,7,0.036507,0.191649
8,13,8,0.033698,0.193301
8,13,9,0.028082,0.198257
8,13,10,0.022466,0.203214
8,13,11,0.019657,0.188344
8,13,12,0.016849,0.151997
8,13,13,0.011233,0.133824
8,13,14,0.011233,0.137128
8,13,15,0.016849,0.132171
8,13,16,0.016849,0.118954
8,13,17,0.019657,0.084259
8,13,18,0.016849,0.074346
8,13,19,0.022466,0.075999
8,13,20,0.025274,0.051216
8,13,21,0.030890,0.057825
8,13,22,0.033698,0.057825
8,13,23,0.042123,0.066086
8,13,24,0.050548,0.061129
8,13,25,0.061780,0.077651
8,13,26,0.067397,0.115650
8,13,27,0.092671,0.150345
8,13,28,0.112328,0.186692
8,13,29,0.112328,0.196605
8,13,30,0.112328,0.218083
8,13,31,0.095479,0.223039
8,13,32,0.078630,0.203214
8,13,33,0.064589,0.186692
8,13,34,0.056164,0.178431
8,13,35,0.050548,0.166866
8,13,36,0.044931,0.158606
8,13,37,0.042123,0.132171
8,13,38,0.028082,0.097476
8,13,39,0.016849,0.092520
8,13,40,0.016849,0.094172
8,13,41,0.014041,0.089216
8,13,42,0.014041,0.097476
8,13,43,0.016849,0.094172
8,13,44,0.022466,0.112346
8,13,45,0.030890,0.132171
8,13,46,0.039315,0.180084
8,13,47,0.056164,0.208170
8,14,0,0.058972,0.262691
8,14,1,0.095479,0.282516
8,14,2,0.112328,0.257734
8,14,3,0.109520,0.236256
8,14,4,0.123561,0.216431
8,14,5,0.143218,0.218083
8,14,6,0.176917,0.191649
8,14,7,0.196574,0.211474
8,14,8,0.278012,0.218083
8,14,9,0.345409,0.206518
8,14,10,0.424039,0.251126
8,14,11,0.395957,0.295734
8,14,12,0.373491,0.313907
8,14,13,0.379108,0.259386
8,14,14,0.379108,0.216431
8,14,15,0.351025,0.193301
8,14,16,0.384724,0.170171
8,14,17,0.373491,0.148693
8,14,18,0.365067,0.127215
8,14,19,0.395957,0.099129
8,14,20,0.345409,0.112346
8,14,21,0.390340,0.151997
8,14,22,0.429655,0.170171
8,14,23,0.446504,0.191649
8,14,24,0.471778,0.191649
8,14,25,0.505477,0.189996
8,14,26,0.522326,0.209822
8,14,27,0.522326,0.224691
8,14,28,0.609380,0.247821
8,14,29,0.556024,0.252778
8,14,30,0.589723,0.272604
8,14,31,0.637462,0.282516
8,14,32,0.617805,0.261039
8,14,33,0.685202,0.261039
8,14,34,0.738558,0.267647
8,14,35,0.808763,0.237909
8,14,36,0.842461,0.242865
8,14,37,0.901433,0.277560
8,14,38,0.870543,0.287473
8,14,39,0.929516,0.302342
8,14,40,0.918283,0.325472
8,14,41,0.932324,0.373384
8,14,42,0.968830,0.421296
8,14,43,0.949173,0.455991
8,14,44,0.974447,0.550164
8,14,45,0.994104,0.603032
8,14,46,1.086775,0.664161
8,14,47,1.168213,0.637727
8,15,0,1.069926,0.869027
8,15,1,1.010953,1.130066
8,15,2,1.083967,1.310149
8,15,3,1.156980,1.295280
8,15,4,1.067118,1.306845
8,15,5,1.041844,1.291976
8,15,6,0.923899,1.263889
8,15,7,0.842461,1.252324
8,15,8,0.856502,1.045806
8,15,9,0.789105,0.933461
8,15,10,0.735749,0.902070
8,15,11,0.735749,0.878940
8,15,12,0.651503,0.801289
8,15,13,0.570065,0.862419
8,15,14,0.530751,0.855810
8,15,15,0.497052,0.812854
8,15,16,0.511093,0.740160
8,15,17,0.567257,0.748421
8,15,18,0.626229,0.720334
8,15,19,0.758215,0.683987
8,15,20,0.834037,0.697204
8,15,21,0.848078,0.717030
8,15,22,0.912666,0.822767
8,15,23,0.825612,0.897114
8,15,24,0.783489,0.892157
8,15,25,0.761023,0.882244
8,15,26,0.758215,0.860766
8,15,27,0.766640,0.796333
8,15,28,0.783489,0.753377
8,15,29,0.825612,0.713726
8,15,30,0.845269,0.748421
8,15,31,0.741366,0.735204
8,15,32,0.671161,0.735204
8,15,33,0.637462,0.733551
8,15,34,0.612188,0.611293
8,15,35,0.609380,0.541903
8,15,36,0.648695,0.484078
8,15,37,0.662736,0.447731
8,15,38,0.755407,0.431209
8,15,39,0.763831,0.308951
8,15,40,0.685202,0.275908
8,15,41,0.586915,0.277560
8,15,42,0.550408,0.267647
8,15,43,0.553216,0.257734
8,15,44,0.570065,0.226344
8,15,45,0.578490,0.208170
8,15,46,0.673969,0.188344
8,15,47,0.803146,0.168519
8,16,0,0.867735,0.143736
8,16,1,1.002529,0.115650
8,16,2,1.039035,0.138780
8,16,3,1.050268,0.153649
8,16,4,1.086775,0.165214
8,16,5,1.142939,0.166866
8,16,6,1.117665,0.175127
8,16,7,1.081159,0.181736
8,16,8,1.095200,0.196605
8,16,9,1.112049,0.191649
8,16,10,1.067118,0.209822
8,16,11,1.019378,0.236256
8,16,12,0.991296,0.209822
8,16,13,0.887392,0.193301
8,16,14,0.870543,0.138780
8,16,15,0.929516,0.100781
8,16,16,0.994104,0.062781
8,16,17,1.050268,0.051216
8,16,18,1.055885,0.042956
8,16,19,1.106432,0.041304
8,16,20,1.210336,0.029739
8,16,21,1.291774,0.029739
8,16,22,1.241226,0.031391
8,16,23,1.258075,0.047912
8,16,24,1.283349,0.071042
8,16,25,1.317048,0.092520
8,16,26,1.305815,0.140432
8,16,27,1.415335,0.199909
8,16,28,1.460266,0.257734
8,16,29,1.443417,0.287473
8,16,30,1.384445,0.335385
8,16,31,1.258075,0.325472
8,16,32,1.246843,0.244517
8,16,33,1.241226,0.183388
8,16,34,1.232802,0.176779
8,16,35,1.263692,0.160258
8,16,36,1.322664,0.163562
8,16,37,1.367595,0.132171
8,16,38,1.401294,0.112346
8,16,39,1.367595,0.095824
8,16,40,1.339513,0.074346
8,16,41,1.333897,0.062781
8,16,42,1.328280,0.069390
8,16,43,1.280541,0.097476
8,16,44,1.215952,0.140432
8,16,45,1.207528,0.150345
8,16,46,1.260884,0.161910
8,16,47,1.258075,0.224691
8,17,0,1.252459,0.285821
8,17,1,1.266500,0.312255
8,17,2,1.297390,0.284169
8,17,3,1.303007,0.277560
8,17,4,1.286157,0.282516
8,17,5,1.241226,0.279212
8,17,6,1.227185,0.341994
8,17,7,1.238418,0.389906
8,17,8,1.283349,0.370080
8,17,9,1.176637,0.393210
8,17,10,1.126090,0.424601
8,17,11,1.061501,0.383297
8,17,12,0.946365,0.379993
8,17,13,0.850886,0.386601
8,17,14,0.836845,0.383297
8,17,15,1.072734,0.356863
8,17,16,1.156980,0.398166
8,17,17,1.252459,0.502251
8,17,18,1.384445,0.607989
8,17,19,1.589443,0.799637
8,17,20,1.707388,1.045806
8,17,21,1.710196,1.202760
8,17,22,1.569786,1.480320
8,17,23,1.628758,1.645534
8,17,24,1.668073,1.843791
8,17,25,1.592252,2.065179
8,17,26,1.510814,2.118047
8,17,27,1.715813,2.215524
8,17,28,1.738278,2.260131
8,17,29,1.437800,2.336130
8,17,30,1.182254,2.218828
8,17,31,0.901433,2.233697
8,17,32,0.769448,1.942920
8,17,33,0.791914,1.838835
8,17,34,0.836845,1.825618
8,17,35,0.881776,1.807444
8,17,36,0.954789,1.734750
8,17,37,0.988488,1.670316
8,17,38,0.828420,1.667012
8,17,39,0.668353,1.629013
8,17,40,0.668353,1.572840
8,17,41,0.631846,1.435712
8,17,42,0.603764,1.391104
8,17,43,0.595339,1.344844
8,17,44,0.558833,1.306845
8,17,45,0.491436,1.138326
8,17,46,0.527942,1.087110
8,17,47,0.511093,0.949982
8,18,0,0.480203,0.855810
8,18,1,0.527942,0.697204
8,18,2,0.586915,0.588163
8,18,3,0.544792,0.551816
8,18,4,0.452121,0.508860
8,18,5,0.426847,0.479121
8,18,6,0.376299,0.426253
8,18,7,0.292053,0.426253
8,18,8,0.244314,0.403123
8,18,9,0.199382,0.330429
8,18,10,0.157259,0.256082
8,18,11,0.109520,0.199909
8,18,12,0.087054,0.135476
8,18,13,0.070205,0.125563
8,18,14,0.064589,0.097476
8,18,15,0.067397,0.102433
8,18,16,0.103904,0.104085
8,18,17,0.146027,0.095824
8,18,18,0.154451,0.074346
8,18,19,0.160068,0.075999
8,18,20,0.131986,0.102433
8,18,21,0.129177,0.145389
8,18,22,0.123561,0.151997
8,18,23,0.123561,0.199909
8,18,24,0.123561,0.227996
8,18,25,0.131986,0.274256
8,18,26,0.143218,0.261039
8,18,27,0.143218,0.282516
8,18,28,0.131986,0.320516
8,18,29,0.126369,0.356863
8,18,30,0.109520,0.345298
8,18,31,0.106712,0.340341
8,18,32,0.101095,0.284169
8,18,33,0.115136,0.242865
8,18,34,0.146027,0.223039
8,18,35,0.165684,0.156954
8,18,36,0.182533,0.090868
8,18,37,0.174109,0.057825
8,18,38,0.103904,0.056173
8,18,39,0.061780,0.042956
8,18,40,0.061780,0.046260
8,18,41,0.064589,0.051216
8,18,42,0.044931,0.084259
8,18,43,0.036507,0.090868
8,18,44,0.039315,0.122259
8,18,45,0.042123,0.163562
8,18,46,0.050548,0.191649
8,18,47,0.056164,0.227996
8,19,0,0.084246,0.275908
8,19,1,0.157259,0.320516
8,19,2,0.188150,0.348602
8,19,3,0.199382,0.353559
8,19,4,0.216232,0.371732
8,19,5,0.238697,0.399819
8,19,6,0.241506,0.399819
8,19,7,0.404381,0.427905
8,19,8,0.485819,0.437818
8,19,9,0.553216,0.429557
8,19,10,0.671161,0.442774
8,19,11,0.901433,0.434514
8,19,12,0.999721,0.467556
8,19,13,0.960406,0.523729
8,19,14,0.963214,0.520425
8,19,15,1.069926,0.525381
8,19,16,1.134514,0.578250
8,19,17,1.210336,0.725291
8,19,18,1.339513,0.978069
8,19,19,1.345130,1.214325
8,19,20,1.137323,1.448929
8,19,21,0.870543,1.586057
8,19,22,0.643079,1.655447
8,19,23,0.744174,1.776054
8,19,24,0.803146,1.901616
8,19,25,0.791914,1.876834
8,19,26,0.769448,1.833879
8,19,27,0.761023,1.781010
8,19,28,0.718900,1.701707
8,19,29,0.612188,1.685186
8,19,30,0.527942,1.724837
8,19,31,0.466162,1.776054
8,19,32,0.533559,1.850400
8,19,33,0.598147,1.784314
8,19,34,0.707667,1.721533
8,19,35,0.890201,1.747967
8,19,36,1.061501,1.842139
8,19,37,1.204720,1.804140
8,19,38,1.401294,1.665360
8,19,39,1.533279,1.617448
8,19,40,1.434992,1.605883
8,19,41,1.283349,1.655447
8,19,42,1.159788,1.658751
8,19,43,1.013762,1.703359
8,19,44,0.814379,1.706664
8,19,45,0.735749,1.683534
8,19,46,0.673969,1.657099
8,19,47,0.741366,1.643882
8,20,0,0.637462,1.586057
8,20,1,0.550408,1.576144
8,20,2,0.497052,1.485276
8,20,3,0.553216,1.490233
8,20,4,0.600956,1.498494
8,20,5,0.617805,1.445625
8,20,6,0.564449,1.493537
8,20,7,0.494244,1.534841
8,20,8,0.421231,1.655447
8,20,9,0.367875,1.668664
8,20,10,0.311711,1.567884
8,20,11,0.272396,1.602579
8,20,12,0.249930,1.599274
8,20,13,0.255547,1.584405
8,20,14,0.266779,1.538145
8,20,15,0.252738,1.422495
8,20,16,0.306094,1.313454
8,20,17,0.320135,1.344844
8,20,18,0.308902,1.412582
8,20,19,0.317327,1.343192
8,20,20,0.241506,1.295280
8,20,21,0.202191,1.283715
8,20,22,0.269588,1.316758
8,20,23,0.303286,1.478668
8,20,24,0.339793,1.442321
8,20,25,0.367875,1.323366
8,20,26,0.387532,1.197804
8,20,27,0.339793,1.224238
8,20,28,0.365067,0.839289
8,20,29,0.367875,0.634423
8,20,30,0.432463,0.596424
8,20,31,0.365067,0.503904
8,20,32,0.283629,0.475817
8,20,33,0.289245,0.606336
8,20,34,0.303286,0.530338
8,20,35,0.258355,0.522077
8,20,36,0.238697,0.650944
8,20,37,0.210615,0.926852
8,20,38,0.120753,0.994590
8,20,39,0.095479,0.949982
8,20,40,0.078630,0.969808
8,20,41,0.078630,1.090414
8,20,42,0.078630,1.149891
8,20,43,0.103904,1.159804
8,20,44,0.112328,1.121805
8,20,45,0.143218,1.285367
8,20,46,0.120753,1.523276
8,20,47,0.160068,1.605883
8,21,0,0.182533,1.665360
8,21,1,0.202191,1.595970
8,21,2,0.235889,1.663708
8,21,3,0.179725,1.647186
8,21,4,0.204999,1.586057
8,21,5,0.176917,1.501798
8,21,6,0.171300,1.364670
8,21,7,0.216232,1.139979
8,21,8,0.199382,1.024329
8,21,9,0.188150,0.956591
8,21,10,0.168492,0.831028
8,21,11,0.131986,0.786420
8,21,12,0.134794,0.776507
8,21,13,0.157259,0.746769
8,21,14,0.179725,0.774855
8,21,15,0.193766,0.812854
8,21,16,0.233081,0.788072
8,21,17,0.280820,0.794681
8,21,18,0.292053,0.793029
8,21,19,0.311711,0.880592
8,21,20,0.334176,0.978069
8,21,21,0.351025,0.973112
8,21,22,0.412806,0.996242
8,21,23,0.485819,1.002851
8,21,24,0.505477,0.981373
8,21,25,0.516710,0.986329
8,21,26,0.485819,0.966504
8,21,27,0.516710,0.964851
8,21,28,0.626229,0.951634
8,21,29,0.533559,0.913635
8,21,30,0.415614,0.860766
8,21,31,0.381916,0.802941
8,21,32,0.365067,0.743464
8,21,33,0.353834,0.650944
8,21,34,0.311711,0.639379
8,21,35,0.308902,0.627814
8,21,36,0.308902,0.565033
8,21,37,0.311711,0.470861
8,21,38,0.283629,0.467556
8,21,39,0.202191,0.441122
8,21,40,0.103904,0.408079
8,21,41,0.067397,0.346950
8,21,42,0.047739,0.327124
8,21,43,0.042123,0.289125
8,21,44,0.047739,0.257734
8,21,45,0.044931,0.256082
8,21,46,0.056164,0.232952
8,21,47,0.044931,0.176779
8,22,0,0.042123,0.140432
8,22,1,0.019657,0.140432
8,22,2,0.011233,0.133824
8,22,3,0.014041,0.133824
8,22,4,0.008425,0.125563
8,22,5,0.005616,0.109041
8,22,6,0.005616,0.110694
8,22,7,0.005616,0.117302
8,22,8,0.005616,0.115650
8,22,9,0.011233,0.138780
8,22,10,0.019657,0.127215
8,22,11,0.028082,0.107389
8,22,12,0.042123,0.094172
8,22,13,0.042123,0.080955
8,22,14,0.036507,0.067738
8,22,15,0.039315,0.052869
8,22,16,0.039315,0.039651
8,22,17,0.036507,0.029739
8,22,18,0.036507,0.021478
8,22,19,0.036507,0.011565
8,22,20,0.030890,0.006609
8,22,21,0.036507,0.006609
8,22,22,0.019657,0.008261
8,22,23,0.025274,0.011565
8,22,24,0.025274,0.021478
8,22,25,0.036507,0.033043
8,22,26,0.042123,0.042956
8,22,27,0.089863,0.037999
8,22,28,0.131986,0.049564
8,22,29,0.148835,0.057825
8,22,30,0.193766,0.074346
8,22,31,0.238697,0.089216
8,22,32,0.269588,0.113998
8,22,33,0.351025,0.128867
8,22,34,0.474586,0.130519
8,22,35,0.600956,0.156954
8,22,36,0.721708,0.175127
8,22,37,0.890201,0.170171
8,22,38,1.030611,0.194953
8,22,39,1.083967,0.223039
8,22,40,1.126090,0.267647
8,22,41,1.176637,0.325472
8,22,42,1.123282,0.363471
8,22,43,1.081159,0.361819
8,22,44,1.033419,0.345298
8,22,45,0.991296,0.338689
8,22,46,1.022186,0.335385
8,22,47,1.010953,0.348602
8,23,0,1.083967,0.394862
8,23,1,1.364787,0.429557
8,23,2,1.474307,0.431209
8,23,3,1.342322,0.432861
8,23,4,1.522047,0.436166
8,23,5,1.856223,0.460948
8,23,6,1.878688,0.484078
8,23,7,1.940469,0.546859
8,23,8,1.976976,0.614597
8,23,9,1.881497,0.690596
8,23,10,1.901154,0.700509
8,23,11,1.861839,0.713726
8,23,12,1.757936,0.743464
8,23,13,1.499581,0.721986
8,23,14,1.370404,0.662509
8,23,15,1.350746,0.627814
8,23,16,1.291774,0.667466
8,23,17,1.255267,0.771551
8,23,18,1.176637,0.979721
8,23,19,1.061501,1.151544
8,23,20,0.881776,1.252324
8,23,21,0.704859,1.348149
8,23,22,0.570065,1.516667
8,23,23,0.547600,1.491885
8,23,24,0.497052,1.470407
8,23,25,0.449313,1.412582
8,23,26,0.365067,1.376235
8,23,27,0.263971,1.354757
8,23,28,0.252738,1.273802
8,23,29,0.263971,1.171369
8,23,30,0.334176,1.052415
8,23,31,0.294861,1.054067
8,23,32,0.258355,1.055719
8,23,33,0.294861,1.077197
8,23,34,0.345409,1.027633
8,23,35,0.314519,0.935113
8,23,36,0.289245,0.940069
8,23,37,0.303286,0.945026
8,23,38,0.306094,0.857462
8,23,39,0.255547,0.717030
8,23,40,0.216232,0.591467
8,23,41,0.216232,0.556772
8,23,42,0.238697,0.495643
8,23,43,0.244314,0.479121
8,23,44,0.255547,0.503904
8,23,45,0.244314,0.513816
8,23,46,0.255547,0.531990
8,23,47,0.235889,0.502251
8,24,0,0.219040,0.399819
8,24,1,0.213424,0.323820
8,24,2,0.210615,0.284169
8,24,3,0.210615,0.279212
8,24,4,0.207807,0.275908
8,24,5,0.199382,0.294081
8,24,6,0.174109,0.308951
8,24,7,0.204999,0.299038
8,24,8,0.216232,0.351906
8,24,9,0.196574,0.381645
8,24,10,0.219040,0.214779
8,24,11,0.252738,0.156954
8,24,12,0.258355,0.115650
8,24,13,0.210615,0.100781
8,24,14,0.190958,0.117302
8,24,15,0.199382,0.130519
8,24,16,0.202191,0.089216
8,24,17,0.204999,0.097476
8,24,18,0.216232,0.118954
8,24,19,0.216232,0.127215
8,24,20,0.101095,0.117302
8,24,21,0.109520,0.123911
8,24,22,0.103904,0.115650
8,24,23,0.106712,0.110694
8,24,24,0.106712,0.097476
8,24,25,0.117945,0.085911
8,24,26,0.106712,0.074346
8,24,27,0.131986,0.095824
8,24,28,0.174109,0.100781
8,24,29,0.143218,0.097476
8,24,30,0.154451,0.071042
8,24,31,0.143218,0.057825
8,24,32,0.117945,0.059477
8,24,33,0.115136,0.056173
8,24,34,0.098287,0.061129
8,24,35,0.095479,0.075999
8,24,36,0.084246,0.075999
8,24,37,0.084246,0.064434
8,24,38,0.061780,0.054521
8,24,39,0.064589,0.054521
8,24,40,0.087054,0.049564
8,24,41,0.075822,0.052869
8,24,42,0.061780,0.057825
8,24,43,0.101095,0.085911
8,24,44,0.084246,0.100781
8,24,45,0.078630,0.125563
8,24,46,0.131986,0.142084
8,24,47,0.151643,0.138780
8,25,0,0.210615,0.150345
8,25,1,0.300478,0.166866
8,25,2,0.306094,0.194953
8,25,3,0.336984,0.193301
8,25,4,0.348217,0.206518
8,25,5,0.426847,0.249474
8,25,6,0.522326,0.246169
8,25,7,0.550408,0.256082
8,25,8,0.519518,0.259386
8,25,9,0.499860,0.234604
8,25,10,0.511093,0.274256
8,25,11,0.513901,0.297386
8,25,12,0.578490,0.251126
8,25,13,0.578490,0.234604
8,25,14,0.547600,0.239561
8,25,15,0.539175,0.196605
8,25,16,0.561641,0.155301
8,25,17,0.727325,0.143736
8,25,18,0.887392,0.140432
8,25,19,1.022186,0.160258
8,25,20,1.151364,0.147041
8,25,21,1.218761,0.135476
8,25,22,1.061501,0.115650
8,25,23,1.036227,0.161910
8,25,24,0.985680,0.181736
8,25,25,0.977255,0.211474
8,25,26,0.985680,0.227996
8,25,27,1.013762,0.239561
8,25,28,1.061501,0.236256
8,25,29,0.932324,0.246169
8,25,30,0.831228,0.254430
8,25,31,0.749790,0.264343
8,25,32,0.741366,0.261039
8,25,33,0.772256,0.282516
8,25,34,0.789105,0.294081
8,25,35,0.850886,0.313907
8,25,36,0.915475,0.323820
8,25,37,0.954789,0.371732
8,25,38,0.909858,0.409731
8,25,39,0.777873,0.427905
8,25,40,0.775064,0.434514
8,25,41,0.831228,0.465904
8,25,42,0.850886,0.500599
8,25,43,0.867735,0.490686
8,25,44,0.864927,0.536946
8,25,45,0.850886,0.555120
8,25,46,0.878968,0.548511
8,25,47,0.907050,0.508860
8,26,0,0.898625,0.517121
8,26,1,0.912666,0.561729
8,26,2,0.966022,0.598076
8,26,3,0.926707,0.606336
8,26,4,0.901433,0.609641
8,26,5,0.867735,0.614597
8,26,6,0.870543,0.581554
8,26,7,0.839653,0.528686
8,26,8,0.876160,0.485730
8,26,9,0.974447,0.432861
8,26,10,0.980063,0.388254
8,26,11,0.943557,0.379993
8,26,12,0.960406,0.356863
8,26,13,0.988488,0.358515
8,26,14,0.994104,0.337037
8,26,15,1.123282,0.337037
8,26,16,1.126090,0.323820
8,26,17,1.156980,0.327124
8,26,18,1.244034,0.337037
8,26,19,1.300198,0.335385
8,26,20,1.269308,0.323820
8,26,21,1.322664,0.449383
8,26,22,1.342322,0.507208
8,26,23,1.387253,0.589815
8,26,24,1.474307,0.518773
8,26,25,1.552937,0.454339
8,26,26,1.485540,0.426253
8,26,27,1.384445,0.472513
8,26,28,1.151364,0.503904
8,26,29,1.024994,0.460948
8,26,30,1.207528,0.393210
8,26,31,1.350746,0.530338
8,26,32,1.426568,0.444426
8,26,33,1.463074,0.358515
8,26,34,1.429376,0.307299
8,26,35,1.566978,0.310603
8,26,36,1.668073,0.337037
8,26,37,1.738278,0.381645
8,26,38,1.606293,0.424601
8,26,39,1.390061,0.462600
8,26,40,1.434992,0.460948
8,26,41,1.454650,0.515469
8,26,42,1.575402,0.565033
8,26,43,1.600676,0.599728
8,26,44,1.578211,0.665814
8,26,45,1.569786,0.968156
8,26,46,1.665265,1.159804
8,26,47,1.704580,1.047459
8,27,0,1.538896,0.959895
8,27,1,1.651224,0.954939
8,27,2,1.606293,0.898766
8,27,3,1.648416,0.966504
8,27,4,1.575402,1.118501
8,27,5,1.530471,1.265541
8,27,6,1.544512,1.315106
8,27,7,1.555745,1.366322
8,27,8,1.631567,1.318410
8,27,9,1.670881,1.196151
8,27,10,1.642799,1.159804
8,27,11,1.684922,1.270498
8,27,12,1.701772,1.070589
8,27,13,1.575402,0.935113
8,27,14,1.614717,1.021024
8,27,15,1.715813,0.978069
8,27,16,1.780401,0.877288
8,27,17,1.749511,0.845897
8,27,18,1.729854,0.870679
8,27,19,1.833757,1.011111
8,27,20,1.962935,1.019372
8,27,21,1.903962,1.004503
8,27,22,1.811292,1.012764
8,27,23,1.844990,1.166413
8,27,24,1.873072,1.376235
8,27,25,1.892729,1.557971
8,27,26,1.943277,1.562927
8,27,27,1.996633,1.571188
8,27,28,2.086496,1.647186
8,27,29,2.080879,1.709968
8,27,30,2.094920,1.681881
8,27,31,1.926428,1.675273
8,27,32,1.828141,1.549710
8,27,33,1.923620,1.496841
8,27,34,1.909579,1.453886
8,27,35,1.884305,1.447277
8,27,36,1.892729,1.500146
8,27,37,1.909579,1.356409
8,27,38,1.971359,1.387800
8,27,39,2.005058,1.369626
8,27,40,1.999441,1.313454
8,27,41,1.985400,1.334931
8,27,42,1.996633,1.214325
8,27,43,1.974167,1.173021
8,27,44,1.842182,1.034241
8,27,45,1.769169,0.961547
8,27,46,1.814100,0.834332
8,27,47,1.816908,0.756681
8,28,0,1.822524,0.713726
8,28,1,1.788826,0.688944
8,28,2,1.743895,0.662509
8,28,3,1.684922,0.632771
8,28,4,1.676498,0.672422
8,28,5,1.583827,0.598076
8,28,6,1.533279,0.493991
8,28,7,1.401294,0.500599
8,28,8,1.384445,0.455991
8,28,9,1.227185,0.411384
8,28,10,1.109241,0.346950
8,28,11,0.918283,0.312255
8,28,12,0.853694,0.213126
8,28,13,0.800338,0.113998
8,28,14,0.755407,0.085911
8,28,15,0.867735,0.071042
8,28,16,0.982871,0.059477
8,28,17,0.960406,0.047912
8,28,18,0.884584,0.041304
8,28,19,0.898625,0.041304
8,28,20,0.752599,0.042956
8,28,21,0.640271,0.044608
8,28,22,0.547600,0.042956
8,28,23,0.505477,0.041304
8,28,24,0.499860,0.039651
8,28,25,0.466162,0.062781
8,28,26,0.426847,0.079303
8,28,27,0.322943,0.056173
8,28,28,0.306094,0.046260
8,28,29,0.261163,0.059477
8,28,30,0.168492,0.080955
8,28,31,0.095479,0.066086
8,28,32,0.061780,0.075999
8,28,33,0.042123,0.084259
8,28,34,0.039315,0.109041
8,28,35,0.036507,0.120606
8,28,36,0.028082,0.145389
8,28,37,0.030890,0.143736
8,28,38,0.019657,0.127215
8,28,39,0.016849,0.105737
8,28,40,0.028082,0.109041
8,28,41,0.036507,0.112346
8,28,42,0.033698,0.127215
8,28,43,0.039315,0.127215
8,28,44,0.050548,0.143736
8,28,45,0.067397,0.160258
8,28,46,0.075822,0.191649
8,28,47,0.084246,0.188344
8,29,0,0.092671,0.214779
8,29,1,0.123561,0.265995
8,29,2,0.148835,0.257734
8,29,3,0.176917,0.234604
8,29,4,0.199382,0.226344
8,29,5,0.176917,0.223039
8,29,6,0.148835,0.180084
8,29,7,0.160068,0.175127
8,29,8,0.174109,0.163562
8,29,9,0.176917,0.156954
8,29,10,0.165684,0.147041
8,29,11,0.160068,0.147041
8,29,12,0.176917,0.132171
8,29,13,0.157259,0.137128
8,29,14,0.154451,0.125563
8,29,15,0.160068,0.100781
8,29,16,0.134794,0.084259
8,29,17,0.131986,0.064434
8,29,18,0.126369,0.051216
8,29,19,0.120753,0.046260
8,29,20,0.033698,0.039651
8,29,21,0.016849,0.044608
8,29,22,0.019657,0.047912
8,29,23,0.028082,0.064434
8,29,24,0.025274,0.064434
8,29,25,0.022466,0.066086
8,29,26,0.033698,0.077651
8,29,27,0.044931,0.089216
8,29,28,0.056164,0.145389
8,29,29,0.064589,0.175127
8,29,30,0.131986,0.224691
8,29,31,0.165684,0.287473
8,29,32,0.213424,0.348602
8,29,33,0.289245,0.406427
8,29,34,0.401573,0.489034
8,29,35,0.491436,0.551816
8,29,36,0.544792,0.659205
8,29,37,0.702051,0.761638
8,29,38,0.769448,0.839289
8,29,39,0.834037,0.895461
8,29,40,0.834037,1.001199
8,29,41,0.859310,1.153196
8,29,42,0.797530,1.194499
8,29,43,0.772256,1.343192
8,29,44,0.786297,1.323366
8,29,45,0.772256,1.470407
8,29,46,0.839653,1.579449
8,29,47,0.884584,1.683534
8,30,0,0.850886,1.614144
8,30,1,0.828420,1.658751
8,30,2,0.761023,1.693446
8,30,3,0.732941,1.718229
8,30,4,0.626229,1.809096
8,30,5,0.592531,1.868574
8,30,6,0.645887,1.820661
8,30,7,0.704859,1.926399
8,30,8,0.744174,1.937964
8,30,9,0.704859,1.886747
8,30,10,0.676777,1.904921
8,30,11,0.659928,1.771097
8,30,12,0.595339,1.734750
8,30,13,0.584106,1.708316
8,30,14,0.480203,1.739706
8,30,15,0.454929,1.619100
8,30,16,0.454929,1.478668
8,30,17,0.412806,1.493537
8,30,18,0.379108,1.488581
8,30,19,0.381916,1.472059
8,30,20,0.204999,1.559623
8,30,21,0.204999,1.658751
8,30,22,0.241506,1.584405
8,30,23,0.269588,1.470407
8,30,24,0.255547,1.371279
8,30,25,0.280820,1.282063
8,30,26,0.278012,1.224238
8,30,27,0.292053,1.250672
8,30,28,0.292053,1.220934
8,30,29,0.278012,1.146587
8,30,30,0.314519,1.136674
8,30,31,0.308902,1.059024
8,30,32,0.278012,0.969808
8,30,33,0.258355,0.882244
8,30,34,0.241506,0.774855
8,30,35,0.202191,0.708769
8,30,36,0.174109,0.629466
8,30,37,0.190958,0.584859
8,30,38,0.140410,0.490686
8,30,39,0.103904,0.432861
8,30,40,0.087054,0.389906
8,30,41,0.067397,0.370080
8,30,42,0.047739,0.330429
8,30,43,0.039315,0.292429
8,30,44,0.028082,0.270951
8,30,45,0.019657,0.224691
8,30,46,0.011233,0.168519
8,30,47,0.005616,0.113998
8,31,0,0.002808,0.100781
8,31,1,0.008425,0.097476
8,31,2,0.005616,0.094172
8,31,3,0.008425,0.071042
8,31,4,0.011233,0.049564
8,31,5,0.014041,0.047912
8,31,6,0.019657,0.051216
8,31,7,0.019657,0.039651
8,31,8,0.022466,0.039651
8,31,9,0.030890,0.047912
8,31,10,0.025274,0.044608
8,31,11,0.030890,0.052869
8,31,12,0.098287,0.059477
8,31,13,0.089863,0.039651
8,31,14,0.075822,0.026434
8,31,15,0.073013,0.011565
8,31,16,0.073013,0.006609
8,31,17,0.098287,0.004956
8,31,18,0.123561,0.003304
8,31,19,0.196574,0.001652
8,31,20,0.258355,0.001652
8,31,21,0.384724,0.001652
8,31,22,0.460545,0.006609
8,31,23,0.480203,0.009913
8,31,24,0.485819,0.019826
8,31,25,0.513901,0.026434
8,31,26,0.544792,0.037999
8,31,27,0.699243,0.062781
8,31,28,0.898625,0.074346
8,31,29,0.887392,0.064434
8,31,30,0.878968,0.064434
8,31,31,0.718900,0.067738
8,31,32,0.690818,0.075999
8,31,33,0.704859,0.092520
8,31,34,0.721708,0.092520
8,31,35,0.727325,0.095824
8,31,36,0.735749,0.097476
8,31,37,0.735749,0.105737
8,31,38,0.581298,0.100781
8,31,39,0.499860,0.092520
8,31,40,0.522326,0.118954
8,31,41,0.550408,0.140432
8,31,42,0.553216,0.145389
8,31,43,0.581298,0.166866
8,31,44,0.614997,0.191649
8,31,45,0.600956,0.213126
8,31,46,0.769448,0.209822
8,31,47,0.915475,0.239561
9,1,0,1.061501,0.280864
9,1,1,1.193487,0.297386
9,1,2,1.137323,0.318864
9,1,3,1.137323,0.332081
9,1,4,1.098008,0.366776
9,1,5,1.151364,0.341994
9,1,6,1.156980,0.310603
9,1,7,1.100816,0.322168
9,1,8,1.022186,0.322168
9,1,9,0.949173,0.322168
9,1,10,0.926707,0.351906
9,1,11,0.789105,0.360167
9,1,12,0.643079,0.340341
9,1,13,0.539175,0.294081
9,1,14,0.497052,0.270951
9,1,15,0.556024,0.246169
9,1,16,0.665544,0.214779
9,1,17,0.831228,0.224691
9,1,18,0.893009,0.223039
9,1,19,0.876160,0.236256
9,1,20,0.732941,0.289125
9,1,21,0.766640,0.414688
9,1,22,0.780681,0.517121
9,1,23,0.817187,0.551816
9,1,24,0.909858,0.558424
9,1,25,1.016570,0.593119
9,1,26,1.055885,0.685639
9,1,27,1.356363,0.763290
9,1,28,1.586635,0.763290
9,1,29,1.713004,0.665814
9,1,30,1.482732,0.657553
9,1,31,1.269308,0.703813
9,1,32,1.367595,0.796333
9,1,33,1.443417,0.936765
9,1,34,1.418143,0.997894
9,1,35,1.544512,1.027633
9,1,36,1.541704,0.992938
9,1,37,1.541704,1.067284
9,1,38,1.502389,1.097023
9,1,39,1.224377,1.032589
9,1,40,0.982871,1.004503
9,1,41,0.862119,1.042502
9,1,42,0.783489,1.115196
9,1,43,0.800338,1.235803
9,1,44,0.786297,1.310149
9,1,45,0.794722,1.369626
9,1,46,0.887392,1.364670
9,1,47,1.092391,1.329975
9,2,0,0.960406,1.351453
9,2,1,0.825612,1.594318
9,2,2,0.679585,1.597622
9,2,3,0.570065,1.367974
9,2,4,0.452121,1.234151
9,2,5,0.438080,1.039198
9,2,6,0.379108,1.025981
9,2,7,0.373491,0.969808
9,2,8,0.342601,0.920244
9,2,9,0.308902,0.978069
9,2,10,0.345409,0.900418
9,2,11,0.387532,0.885549
9,2,12,0.359450,0.867375
9,2,13,0.339793,0.746769
9,2,14,0.328560,0.743464
9,2,15,0.373491,0.657553
9,2,16,0.384724,0.773203
9,2,17,0.393149,0.758334
9,2,18,0.379108,0.807898
9,2,19,0.370683,0.999546
9,2,20,0.308902,1.148239
9,2,21,0.381916,1.130066
9,2,22,0.367875,0.921896
9,2,23,0.331368,0.928504
9,2,24,0.303286,0.688944
9,2,25,0.306094,0.546859
9,2,26,0.297670,0.503904
9,2,27,0.252738,0.607989
9,2,28,0.306094,0.776507
9,2,29,0.356642,0.720334
9,2,30,0.438080,0.695552
9,2,31,0.438080,0.761638
9,2,32,0.409998,0.677379
9,2,33,0.505477,0.677379
9,2,34,0.578490,0.670770
9,2,35,0.673969,0.751725
9,2,36,0.690818,0.898766
9,2,37,0.682394,0.887201
9,2,38,0.724517,0.799637
9,2,39,0.803146,0.915287
9,2,40,0.696435,1.237455
9,2,41,0.730133,1.414234
9,2,42,0.696435,1.592666
9,2,43,0.620613,1.595970
9,2,44,0.536367,1.642230
9,2,45,0.522326,1.609187
9,2,46,0.541983,1.599274
9,2,47,0.592531,1.450581
9,3,0,0.688010,1.344844
9,3,1,0.825612,1.293628
9,3,2,0.901433,1.135022
9,3,3,1.142939,1.179630
9,3,4,0.957598,1.182934
9,3,5,0.839653,1.148239
9,3,6,0.589723,1.032589
9,3,7,0.367875,0.958243
9,3,8,0.390340,0.936765
9,3,9,0.339793,0.913635
9,3,10,0.345409,0.809550
9,3,11,0.390340,0.738508
9,3,12,0.306094,0.797985
9,3,13,0.325752,0.755029
9,3,14,0.334176,0.857462
9,3,15,0.353834,1.034241
9,3,16,0.412806,1.097023
9,3,17,0.460545,1.154848
9,3,18,0.460545,1.253976
9,3,19,0.497052,1.174674
9,3,20,0.449313,1.024329
9,3,21,0.513901,0.913635
9,3,22,0.791914,0.878940
9,3,23,1.005337,0.864071
9,3,24,1.047460,0.817811
9,3,25,1.106432,0.768246
9,3,26,1.081159,0.746769
9,3,27,1.213144,0.726943
9,3,28,1.227185,0.693900
9,3,29,1.193487,0.667466
9,3,30,1.171021,0.626162
9,3,31,0.895817,0.609641
9,3,32,0.744174,0.522077
9,3,33,0.716092,0.436166
9,3,34,0.648695,0.363471
9,3,35,0.659928,0.327124
9,3,36,0.654312,0.295734
9,3,37,0.648695,0.256082
9,3,38,0.511093,0.206518
9,3,39,0.477395,0.206518
9,3,40,0.331368,0.213126
9,3,41,0.258355,0.237909
9,3,42,0.188150,0.185040
9,3,43,0.115136,0.147041
9,3,44,0.106712,0.130519
9,3,45,0.131986,0.128867
9,3,46,0.185341,0.132171
9,3,47,0.202191,0.135476
9,4,0,0.157259,0.109041
9,4,1,0.134794,0.110694
9,4,2,0.131986,0.120606
9,4,3,0.137602,0.110694
9,4,4,0.106712,0.140432
9,4,5,0.112328,0.171823
9,4,6,0.095479,0.196605
9,4,7,0.075822,0.249474
9,4,8,0.033698,0.224691
9,4,9,0.042123,0.236256
9,4,10,0.033698,0.246169
9,4,11,0.036507,0.275908
9,4,12,0.036507,0.275908
9,4,13,0.058972,0.285821
9,4,14,0.058972,0.256082
9,4,15,0.061780,0.211474
9,4,16,0.044931,0.171823
9,4,17,0.039315,0.130519
9,4,18,0.028082,0.130519
9,4,19,0.036507,0.117302
9,4,20,0.014041,0.122259
9,4,21,0.025274,0.135476
9,4,22,0.022466,0.170171
9,4,23,0.019657,0.191649
9,4,24,0.014041,0.153649
9,4,25,0.025274,0.137128
9,4,26,0.022466,0.143736
9,4,27,0.053356,0.168519
9,4,28,0.081438,0.188344
9,4,29,0.126369,0.211474
9,4,30,0.151643,0.251126
9,4,31,0.157259,0.277560
9,4,32,0.176917,0.317211
9,4,33,0.224656,0.340341
9,4,34,0.233081,0.337037
9,4,35,0.286437,0.327124
9,4,36,0.289245,0.338689
9,4,37,0.331368,0.343646
9,4,38,0.348217,0.417992
9,4,39,0.429655,0.512164
9,4,40,0.432463,0.571641
9,4,41,0.454929,0.571641
9,4,42,0.446504,0.512164
9,4,43,0.452121,0.460948
9,4,44,0.398765,0.451035
9,4,45,0.415614,0.403123
9,4,46,0.527942,0.355211
9,4,47,0.645887,0.312255
9,5,0,0.631846,0.300690
9,5,1,0.685202,0.290777
9,5,2,0.735749,0.252778
9,5,3,0.803146,0.227996
9,5,4,0.845269,0.208170
9,5,5,0.912666,0.206518
9,5,6,0.898625,0.171823
9,5,7,0.893009,0.151997
9,5,8,0.878968,0.185040
9,5,9,0.921091,0.290777
9,5,10,0.932324,0.261039
9,5,11,0.943557,0.310603
9,5,12,0.876160,0.330429
9,5,13,0.752599,0.280864
9,5,14,0.606572,0.234604
9,5,15,0.584106,0.208170
9,5,16,0.536367,0.223039
9,5,17,0.541983,0.277560
9,5,18,0.513901,0.332081
9,5,19,0.519518,0.265995
9,5,20,0.381916,0.295734
9,5,21,0.435272,0.325472
9,5,22,0.401573,0.348602
9,5,23,0.393149,0.358515
9,5,24,0.362258,0.346950
9,5,25,0.404381,0.277560
9,5,26,0.415614,0.261039
9,5,27,0.320135,0.299038
9,5,28,0.272396,0.333733
9,5,29,0.255547,0.332081
9,5,30,0.230273,0.404775
9,5,31,0.238697,0.399819
9,5,32,0.176917,0.442774
9,5,33,0.188150,0.389906
9,5,34,0.213424,0.327124
9,5,35,0.238697,0.284169
9,5,36,0.255547,0.332081
9,5,37,0.278012,0.378341
9,5,38,0.266779,0.338689
9,5,39,0.261163,0.292429
9,5,40,0.224656,0.256082
9,5,41,0.230273,0.274256
9,5,42,0.249930,0.297386
9,5,43,0.300478,0.303994
9,5,44,0.292053,0.256082
9,5,45,0.275204,0.257734
9,5,46,0.373491,0.236256
9,5,47,0.556024,0.201561
9,6,0,0.457737,0.227996
9,6,1,0.443696,0.208170
9,6,2,0.429655,0.196605
9,6,3,0.412806,0.290777
9,6,4,0.491436,0.259386
9,6,5,0.544792,0.246169
9,6,6,0.438080,0.232952
9,6,7,0.393149,0.188344
9,6,8,0.544792,0.158606
9,6,9,0.651503,0.151997
9,6,10,0.741366,0.185040
9,6,11,0.763831,0.161910
9,6,12,0.749790,0.130519
9,6,13,0.651503,0.107389
9,6,14,0.558833,0.069390
9,6,15,0.544792,0.054521
9,6,16,0.516710,0.046260
9,6,17,0.494244,0.052869
9,6,18,0.502669,0.064434
9,6,19,0.519518,0.084259
9,6,20,0.401573,0.118954
9,6,21,0.415614,0.153649
9,6,22,0.432463,0.138780
9,6,23,0.435272,0.120606
9,6,24,0.494244,0.153649
9,6,25,0.446504,0.151997
9,6,26,0.440888,0.147041
9,6,27,0.449313,0.137128
9,6,28,0.409998,0.130519
9,6,29,0.241506,0.158606
9,6,30,0.345409,0.143736
9,6,31,0.499860,0.107389
9,6,32,0.449313,0.084259
9,6,33,0.468970,0.066086
9,6,34,0.477395,0.080955
9,6,35,0.508285,0.097476
9,6,36,0.519518,0.127215
9,6,37,0.539175,0.148693
9,6,38,0.502669,0.175127
9,6,39,0.614997,0.170171
9,6,40,0.651503,0.130519
9,6,41,0.530751,0.132171
9,6,42,0.511093,0.161910
9,6,43,0.513901,0.180084
9,6,44,0.511093,0.214779
9,6,45,0.508285,0.261039
9,6,46,0.592531,0.297386
9,6,47,0.730133,0.328776
9,7,0,0.533559,0.371732
9,7,1,0.401573,0.403123
9,7,2,0.387532,0.422949
9,7,3,0.311711,0.434514
9,7,4,0.373491,0.454339
9,7,5,0.443696,0.477469
9,7,6,0.409998,0.479121
9,7,7,0.505477,0.541903
9,7,8,0.570065,0.536946
9,7,9,0.620613,0.556772
9,7,10,0.640271,0.566685
9,7,11,0.600956,0.579902
9,7,12,0.584106,0.594771
9,7,13,0.606572,0.609641
9,7,14,0.600956,0.598076
9,7,15,0.651503,0.669118
9,7,16,0.797530,0.680683
9,7,17,0.915475,0.682335
9,7,18,1.002529,0.763290
9,7,19,1.142939,0.839289
9,7,20,1.033419,0.948330
9,7,21,1.033419,0.844245
9,7,22,1.002529,0.870679
9,7,23,0.915475,0.916939
9,7,24,0.904242,1.077197
9,7,25,0.873351,1.108588
9,7,26,0.814379,1.118501
9,7,27,0.878968,1.136674
9,7,28,1.058693,1.087110
9,7,29,1.168213,1.168065
9,7,30,1.050268,1.325019
9,7,31,1.114857,1.315106
9,7,32,1.134514,1.135022
9,7,33,1.221569,1.063980
9,7,34,1.201911,1.080501
9,7,35,1.078350,0.954939
9,7,36,1.053076,0.926852
9,7,37,1.095200,1.049111
9,7,38,0.954789,0.827724
9,7,39,0.724517,0.731899
9,7,40,0.432463,0.695552
9,7,41,0.289245,0.659205
9,7,42,0.216232,0.659205
9,7,43,0.213424,0.652596
9,7,44,0.179725,0.644336
9,7,45,0.171300,0.632771
9,7,46,0.140410,0.670770
9,7,47,0.157259,0.591467
9,8,0,0.165684,0.472513
9,8,1,0.230273,0.371732
9,8,2,0.230273,0.327124
9,8,3,0.280820,0.241213
9,8,4,0.244314,0.239561
9,8,5,0.241506,0.194953
9,8,6,0.165684,0.176779
9,8,7,0.131986,0.153649
9,8,8,0.073013,0.125563
9,8,9,0.073013,0.135476
9,8,10,0.047739,0.092520
9,8,11,0.039315,0.092520
9,8,12,0.028082,0.072694
9,8,13,0.025274,0.064434
9,8,14,0.019657,0.054521
9,8,15,0.030890,0.057825
9,8,16,0.030890,0.051216
9,8,17,0.146027,0.042956
9,8,18,0.294861,0.054521
9,8,19,0.466162,0.067738
9,8,20,0.617805,0.062781
9,8,21,0.643079,0.069390
9,8,22,0.614997,0.061129
9,8,23,0.645887,0.064434
9,8,24,0.657120,0.074346
9,8,25,0.665544,0.084259
9,8,26,0.690818,0.099129
9,8,27,0.814379,0.099129
9,8,28,0.876160,0.089216
9,8,29,0.909858,0.061129
9,8,30,0.864927,0.039651
9,8,31,0.744174,0.024782
9,8,32,0.668353,0.013217
9,8,33,0.654312,0.011565
9,8,34,0.614997,0.009913
9,8,35,0.606572,0.018174
9,8,36,0.598147,0.018174
9,8,37,0.629038,0.026434
9,8,38,0.527942,0.026434
9,8,39,0.463354,0.029739
9,8,40,0.412806,0.023130
9,8,41,0.424039,0.014869
9,8,42,0.421231,0.018174
9,8,43,0.443696,0.023130
9,8,44,0.443696,0.031391
9,8,45,0.460545,0.034695
9,8,46,0.584106,0.057825
9,8,47,0.870543,0.054521
9,9,0,1.081159,0.049564
9,9,1,1.055885,0.069390
9,9,2,0.999721,0.067738
9,9,3,0.876160,0.062781
9,9,4,0.710476,0.069390
9,9,5,0.558833,0.069390
9,9,6,0.348217,0.080955
9,9,7,0.322943,0.082607
9,9,8,0.289245,0.099129
9,9,9,0.348217,0.107389
9,9,10,0.351025,0.115650
9,9,11,0.443696,0.120606
9,9,12,0.614997,0.135476
9,9,13,0.887392,0.142084
9,9,14,0.887392,0.128867
9,9,15,0.876160,0.118954
9,9,16,0.828420,0.062781
9,9,17,0.828420,0.064434
9,9,18,0.808763,0.057825
9,9,19,0.791914,0.044608
9,9,20,0.676777,0.044608
9,9,21,0.623421,0.054521
9,9,22,0.651503,0.044608
9,9,23,0.741366,0.046260
9,9,24,0.749790,0.059477
9,9,25,0.800338,0.051216
9,9,26,0.794722,0.036347
9,9,27,0.943557,0.018174
9,9,28,1.148555,0.014869
9,9,29,1.286157,0.016521
9,9,30,1.297390,0.033043
9,9,31,1.187870,0.026434
9,9,32,1.114857,0.031391
9,9,33,1.182254,0.036347
9,9,34,1.215952,0.039651
9,9,35,1.238418,0.046260
9,9,36,1.176637,0.037999
9,9,37,1.162596,0.034695
9,9,38,1.033419,0.026434
9,9,39,0.780681,0.014869
9,9,40,0.693626,0.016521
9,9,41,0.704859,0.019826
9,9,42,0.704859,0.046260
9,9,43,0.825612,0.059477
9,9,44,0.834037,0.047912
9,9,45,0.735749,0.051216
9,9,46,0.797530,0.069390
9,9,47,0.940748,0.077651
9,10,0,0.881776,0.140432
9,10,1,0.862119,0.145389
9,10,2,0.895817,0.142084
9,10,3,0.946365,0.148693
9,10,4,0.780681,0.145389
9,10,5,0.623421,0.175127
9,10,6,0.488627,0.145389
9,10,7,0.398765,0.170171
9,10,8,0.261163,0.117302
9,10,9,0.252738,0.104085
9,10,10,0.196574,0.080955
9,10,11,0.227465,0.092520
9,10,12,0.227465,0.080955
9,10,13,0.179725,0.074346
9,10,14,0.162876,0.056173
9,10,15,0.188150,0.049564
9,10,16,0.224656,0.031391
9,10,17,0.353834,0.023130
9,10,18,0.373491,0.029739
9,10,19,0.404381,0.023130
9,10,20,0.339793,0.023130
9,10,21,0.379108,0.036347
9,10,22,0.362258,0.049564
9,10,23,0.314519,0.046260
9,10,24,0.286437,0.042956
9,10,25,0.269588,0.047912
9,10,26,0.244314,0.057825
9,10,27,0.134794,0.082607
9,10,28,0.075822,0.077651
9,10,29,0.078630,0.109041
9,10,30,0.092671,0.153649
9,10,31,0.095479,0.193301
9,10,32,0.084246,0.241213
9,10,33,0.095479,0.317211
9,10,34,0.120753,0.350254
9,10,35,0.219040,0.379993
9,10,36,0.233081,0.431209
9,10,37,0.241506,0.460948
9,10,38,0.204999,0.470861
9,10,39,0.306094,0.536946
9,10,40,0.328560,0.617901
9,10,41,0.342601,0.619554
9,10,42,0.320135,0.632771
9,10,43,0.339793,0.528686
9,10,44,0.334176,0.558424
9,10,45,0.325752,0.515469
9,10,46,0.426847,0.383297
9,10,47,0.477395,0.474165
9,11,0,0.466162,0.416340
9,11,1,0.443696,0.366776
9,11,2,0.376299,0.224691
9,11,3,0.258355,0.203214
9,11,4,0.204999,0.259386
9,11,5,0.224656,0.226344
9,11,6,0.168492,0.180084
9,11,7,0.190958,0.181736
9,11,8,0.182533,0.180084
9,11,9,0.204999,0.171823
9,11,10,0.168492,0.155301
9,11,11,0.249930,0.173475
9,11,12,0.303286,0.183388
9,11,13,0.297670,0.206518
9,11,14,0.261163,0.191649
9,11,15,0.275204,0.138780
9,11,16,0.249930,0.100781
9,11,17,0.294861,0.064434
9,11,18,0.499860,0.054521
9,11,19,0.513901,0.041304
9,11,20,0.339793,0.034695
9,11,21,0.269588,0.028086
9,11,22,0.106712,0.019826
9,11,23,0.078630,0.021478
9,11,24,0.058972,0.026434
9,11,25,0.115136,0.033043
9,11,26,0.157259,0.033043
9,11,27,0.275204,0.037999
9,11,28,0.320135,0.047912
9,11,29,0.283629,0.041304
9,11,30,0.258355,0.034695
9,11,31,0.255547,0.033043
9,11,32,0.213424,0.034695
9,11,33,0.221848,0.042956
9,11,34,0.219040,0.039651
9,11,35,0.221848,0.034695
9,11,36,0.216232,0.034695
9,11,37,0.244314,0.034695
9,11,38,0.154451,0.046260
9,11,39,0.089863,0.067738
9,11,40,0.039315,0.102433
9,11,41,0.039315,0.142084
9,11,42,0.014041,0.175127
9,11,43,0.028082,0.173475
9,11,44,0.025274,0.145389
9,11,45,0.033698,0.120606
9,11,46,0.030890,0.123911
9,11,47,0.036507,0.161910
9,12,0,0.033698,0.180084
9,12,1,0.044931,0.165214
9,12,2,0.033698,0.160258
9,12,3,0.042123,0.168519
9,12,4,0.033698,0.178431
9,12,5,0.061780,0.181736
9,12,6,0.064589,0.226344
9,12,7,0.075822,0.297386
9,12,8,0.089863,0.343646
9,12,9,0.126369,0.386601
9,12,10,0.129177,0.414688
9,12,11,0.151643,0.442774
9,12,12,0.115136,0.427905
9,12,13,0.109520,0.375036
9,12,14,0.084246,0.305646
9,12,15,0.095479,0.232952
9,12,16,0.081438,0.223039
9,12,17,0.106712,0.236256
9,12,18,0.075822,0.241213
9,12,19,0.089863,0.239561
9,12,20,0.064589,0.264343
9,12,21,0.067397,0.277560
9,12,22,0.064589,0.270951
9,12,23,0.078630,0.256082
9,12,24,0.084246,0.264343
9,12,25,0.126369,0.295734
9,12,26,0.137602,0.320516
9,12,27,0.171300,0.376689
9,12,28,0.182533,0.393210
9,12,29,0.213424,0.404775
9,12,30,0.249930,0.454339
9,12,31,0.283629,0.495643
9,12,32,0.272396,0.513816
9,12,33,0.294861,0.513816
9,12,34,0.308902,0.538599
9,12,35,0.359450,0.573294
9,12,36,0.387532,0.568337
9,12,37,0.415614,0.594771
9,12,38,0.457737,0.591467
9,12,39,0.547600,0.627814
9,12,40,0.561641,0.634423
9,12,41,0.541983,0.659205
9,12,42,0.553216,0.679031
9,12,43,0.651503,0.679031
9,12,44,0.589723,0.649292
9,12,45,0.612188,0.670770
9,12,46,0.727325,0.708769
9,12,47,0.946365,0.721986
9,13,0,1.039035,0.736856
9,13,1,1.151364,0.794681
9,13,2,1.140131,0.789724
9,13,3,1.196295,0.779811
9,13,4,1.201911,0.821115
9,13,5,1.305815,0.850854
9,13,6,1.477115,0.852506
9,13,7,1.586635,0.905374
9,13,8,1.611909,0.954939
9,13,9,1.625950,0.910331
9,13,10,1.575402,0.920244
9,13,11,1.536088,0.902070
9,13,12,1.451841,0.984677
9,13,13,1.395677,1.024329
9,13,14,1.331089,1.073893
9,13,15,1.387253,1.063980
9,13,16,1.378828,1.006155
9,13,17,1.558553,1.016068
9,13,18,1.575402,1.070589
9,13,19,1.656840,1.115196
9,13,20,1.474307,1.153196
9,13,21,1.342322,1.187891
9,13,22,1.387253,1.148239
9,13,23,1.361979,1.113544
9,13,24,1.252459,1.192847
9,13,25,1.221569,1.199456
9,13,26,1.137323,1.258933
9,13,27,1.081159,1.366322
9,13,28,0.999721,1.412582
9,13,29,1.106432,1.506754
9,13,30,1.151364,1.683534
9,13,31,1.168213,1.896660
9,13,32,1.168213,1.914834
9,13,33,1.221569,1.893356
9,13,34,1.193487,1.984224
9,13,35,1.168213,2.023875
9,13,36,1.173829,1.982571
9,13,37,1.252459,1.997441
9,13,38,1.224377,1.962746
9,13,39,1.286157,1.913181
9,13,40,1.277733,1.929703
9,13,41,1.249651,1.947876
9,13,42,1.204720,2.004049
9,13,43,1.266500,2.002397
9,13,44,1.280541,1.895008
9,13,45,1.291774,2.096569
9,13,46,1.611909,2.144481
9,13,47,1.870264,2.213871
9,14,0,2.064030,2.395607
9,14,1,2.254988,2.346043
9,14,2,2.271837,2.488127
9,14,3,2.367316,2.702906
9,14,4,2.443137,2.726036
9,14,5,2.459987,2.678124
9,14,6,2.462795,2.578995
9,14,7,2.389782,2.469954
9,14,8,2.412247,2.359260
9,14,9,2.476836,2.342739
9,14,10,2.493685,2.266740
9,14,11,2.555466,2.256827
9,14,12,2.417864,2.089961
9,14,13,2.263412,2.002397
9,14,14,2.151084,1.871878
9,14,15,2.137043,1.800836
9,14,16,1.802867,1.761184
9,14,17,1.850606,1.709968
9,14,18,1.760744,1.719881
9,14,19,1.901154,1.690142
9,14,20,1.682114,1.680229
9,14,21,1.530471,1.751271
9,14,22,1.342322,1.724837
9,14,23,1.269308,1.713272
9,14,24,1.069926,1.643882
9,14,25,1.100816,1.528232
9,14,26,1.069926,1.440669
9,14,27,1.064309,1.320062
9,14,28,1.047460,1.252324
9,14,29,1.010953,1.156500
9,14,30,0.850886,1.029285
9,14,31,0.716092,0.870679
9,14,32,0.556024,0.753377
9,14,33,0.522326,0.705465
9,14,34,0.457737,0.593119
9,14,35,0.432463,0.518773
9,14,36,0.407190,0.460948
9,14,37,0.404381,0.322168
9,14,38,0.224656,0.259386
9,14,39,0.146027,0.193301
9,14,40,0.171300,0.128867
9,14,41,0.204999,0.077651
9,14,42,0.216232,0.052869
9,14,43,0.238697,0.051216
9,14,44,0.266779,0.082607
9,14,45,0.292053,0.110694
9,14,46,0.412806,0.117302
9,14,47,0.688010,0.087564
9,15,0,0.819996,0.067738
9,15,1,0.996912,0.132171
9,15,2,1.047460,0.158606
9,15,3,1.229993,0.135476
9,15,4,1.249651,0.165214
9,15,5,1.241226,0.132171
9,15,6,1.156980,0.125563
9,15,7,1.137323,0.128867
9,15,8,1.199103,0.143736
9,15,9,1.142939,0.168519
9,15,10,1.207528,0.186692
9,15,11,1.235610,0.199909
9,15,12,1.204720,0.226344
9,15,13,1.058693,0.214779
9,15,14,1.047460,0.224691
9,15,15,1.058693,0.163562
9,15,16,1.092391,0.148693
9,15,17,1.137323,0.140432
9,15,18,1.145747,0.123911
9,15,19,1.171021,0.100781
9,15,20,1.294582,0.105737
9,15,21,1.345130,0.117302
9,15,22,1.274925,0.138780
9,15,23,1.364787,0.176779
9,15,24,1.406910,0.188344
9,15,25,1.420951,0.237909
9,15,26,1.406910,0.317211
9,15,27,1.474307,0.302342
9,15,28,1.471499,0.294081
9,15,29,1.533279,0.297386
9,15,30,1.561361,0.297386
9,15,31,1.493965,0.307299
9,15,32,1.510814,0.265995
9,15,33,1.595060,0.231300
9,15,34,1.617526,0.259386
9,15,35,1.645608,0.277560
9,15,36,1.639991,0.307299
9,15,37,1.639991,0.327124
9,15,38,1.715813,0.394862
9,15,39,1.673690,0.426253
9,15,40,1.609101,0.574946
9,15,41,1.623142,0.655901
9,15,42,1.620334,0.607989
9,15,43,1.625950,0.566685
9,15,44,1.603484,0.531990
9,15,45,1.645608,0.538599
9,15,46,1.682114,0.563381
9,15,47,1.707388,0.621206
9,16,0,1.670881,0.677379
9,16,1,1.715813,0.708769
9,16,2,1.684922,0.748421
9,16,3,1.555745,0.759986
9,16,4,1.395677,0.725291
9,16,5,1.440609,0.733551
9,16,6,1.308623,0.847549
9,16,7,1.328280,0.885549
9,16,8,1.353554,0.859114
9,16,9,1.488348,0.794681
9,16,10,1.350746,0.753377
9,16,11,1.297390,0.705465
9,16,12,1.300198,0.650944
9,16,13,1.171021,0.573294
9,16,14,1.142939,0.498947
9,16,15,1.134514,0.429557
9,16,16,1.151364,0.396514
9,16,17,1.190678,0.429557
9,16,18,1.207528,0.457644
9,16,19,1.266500,0.429557
9,16,20,1.305815,0.399819
9,16,21,1.356363,0.376689
9,16,22,1.252459,0.308951
9,16,23,1.297390,0.267647
9,16,24,1.325472,0.290777
9,16,25,1.373212,0.318864
9,16,26,1.370404,0.332081
9,16,27,1.449033,0.322168
9,16,28,1.499581,0.337037
9,16,29,1.561361,0.330429
9,16,30,1.457458,0.318864
9,16,31,1.339513,0.320516
9,16,32,1.333897,0.322168
9,16,33,1.387253,0.262691
9,16,34,1.401294,0.262691
9,16,35,1.390061,0.280864
9,16,36,1.361979,0.262691
9,16,37,1.339513,0.254430
9,16,38,1.401294,0.191649
9,16,39,1.328280,0.234604
9,16,40,1.297390,0.264343
9,16,41,1.347938,0.305646
9,16,42,1.336705,0.327124
9,16,43,1.317048,0.379993
9,16,44,1.283349,0.417992
9,16,45,1.280541,0.480774
9,16,46,1.353554,0.497295
9,16,47,1.446225,0.495643
9,17,0,1.446225,0.563381
9,17,1,1.457458,0.555120
9,17,2,1.488348,0.591467
9,17,3,1.558553,0.642684
9,17,4,1.561361,0.670770
9,17,5,1.547320,0.740160
9,17,6,1.561361,0.880592
9,17,7,1.586635,1.059024
9,17,8,1.370404,1.121805
9,17,9,1.171021,1.268846
9,17,10,0.887392,1.230846
9,17,11,0.688010,1.224238
9,17,12,0.738558,0.974764
9,17,13,0.805955,0.827724
9,17,14,0.716092,0.801289
9,17,15,0.738558,0.867375
9,17,16,0.704859,0.824419
9,17,17,0.811571,0.750073
9,17,18,0.966022,0.715378
9,17,19,1.288966,0.804594
9,17,20,1.449033,1.017720
9,17,21,1.457458,0.946678
9,17,22,1.317048,0.923548
9,17,23,1.345130,0.966504
9,17,24,1.342322,0.925200
9,17,25,1.333897,0.849201
9,17,26,1.263692,0.892157
9,17,27,1.429376,0.973112
9,17,28,1.477115,1.191195
9,17,29,1.471499,1.189543
9,17,30,1.412527,1.097023
9,17,31,1.244034,1.111892
9,17,32,1.151364,1.090414
9,17,33,1.235610,1.068936
9,17,34,1.244034,0.940069
9,17,35,1.322664,0.753377
9,17,36,1.333897,0.644336
9,17,37,1.376020,0.594771
9,17,38,1.229993,0.607989
9,17,39,0.988488,0.553468
9,17,40,0.783489,0.551816
9,17,41,0.688010,0.510512
9,17,42,0.592531,0.394862
9,17,43,0.533559,0.371732
9,17,44,0.449313,0.373384
9,17,45,0.457737,0.403123
9,17,46,0.362258,0.289125
9,17,47,0.353834,0.237909
9,18,0,0.241506,0.227996
9,18,1,0.207807,0.180084
9,18,2,0.185341,0.150345
9,18,3,0.202191,0.173475
9,18,4,0.168492,0.178431
9,18,5,0.204999,0.232952
9,18,6,0.204999,0.290777
9,18,7,0.275204,0.370080
9,18,8,0.308902,0.365124
9,18,9,0.336984,0.277560
9,18,10,0.328560,0.259386
9,18,11,0.395957,0.246169
9,18,12,0.513901,0.261039
9,18,13,0.508285,0.297386
9,18,14,0.530751,0.312255
9,18,15,0.570065,0.335385
9,18,16,0.620613,0.292429
9,18,17,0.685202,0.239561
9,18,18,0.758215,0.257734
9,18,19,0.862119,0.254430
9,18,20,0.960406,0.166866
9,18,21,1.100816,0.176779
9,18,22,1.168213,0.194953
9,18,23,1.255267,0.275908
9,18,24,1.274925,0.444426
9,18,25,1.269308,0.806246
9,18,26,1.288966,1.108588
9,18,27,1.530471,1.273802
9,18,28,1.611909,1.318410
9,18,29,1.631567,1.237455
9,18,30,1.479924,1.249020
9,18,31,1.361979,1.278759
9,18,32,1.182254,1.234151
9,18,33,1.196295,1.154848
9,18,34,1.137323,1.106936
9,18,35,1.156980,0.994590
9,18,36,1.165405,0.918591
9,18,37,1.207528,0.811202
9,18,38,1.022186,0.664161
9,18,39,1.030611,0.579902
9,18,40,1.064309,0.484078
9,18,41,1.067118,0.421296
9,18,42,1.008145,0.409731
9,18,43,1.030611,0.376689
9,18,44,0.954789,0.330429
9,18,45,0.957598,0.302342
9,18,46,1.008145,0.254430
9,18,47,1.176637,0.257734
9,19,0,1.266500,0.265995
9,19,1,0.977255,0.242865
9,19,2,0.679585,0.242865
9,19,3,0.606572,0.229648
9,19,4,0.474586,0.252778
9,19,5,0.460545,0.219735
9,19,6,0.409998,0.201561
9,19,7,0.418422,0.196605
9,19,8,0.401573,0.176779
9,19,9,0.308902,0.163562
9,19,10,0.202191,0.171823
9,19,11,0.182533,0.194953
9,19,12,0.154451,0.191649
9,19,13,0.143218,0.166866
9,19,14,0.129177,0.127215
9,19,15,0.131986,0.075999
9,19,16,0.137602,0.064434
9,19,17,0.160068,0.041304
9,19,18,0.233081,0.031391
9,19,19,0.303286,0.021478
9,19,20,0.269588,0.016521
9,19,21,0.438080,0.014869
9,19,22,0.446504,0.021478
9,19,23,0.502669,0.036347
9,19,24,0.505477,0.044608
9,19,25,0.539175,0.059477
9,19,26,0.547600,0.062781
9,19,27,0.513901,0.072694
9,19,28,0.558833,0.084259
9,19,29,0.592531,0.094172
9,19,30,0.541983,0.094172
9,19,31,0.435272,0.092520
9,19,32,0.345409,0.104085
9,19,33,0.359450,0.112346
9,19,34,0.325752,0.143736
9,19,35,0.348217,0.153649
9,19,36,0.331368,0.135476
9,19,37,0.359450,0.147041
9,19,38,0.247122,0.185040
9,19,39,0.120753,0.279212
9,19,40,0.053356,0.320516
9,19,41,0.042123,0.348602
9,19,42,0.044931,0.416340
9,19,43,0.056164,0.543555
9,19,44,0.061780,0.616249
9,19,45,0.075822,0.645988
9,19,46,0.078630,0.634423
9,19,47,0.103904,0.626162
9,20,0,0.109520,0.639379
9,20,1,0.165684,0.703813
9,20,2,0.188150,0.740160
9,20,3,0.238697,0.703813
9,20,4,0.252738,0.710421
9,20,5,0.322943,0.665814
9,20,6,0.351025,0.688944
9,20,7,0.390340,0.733551
9,20,8,0.424039,0.751725
9,20,9,0.483011,0.802941
9,20,10,0.578490,0.771551
9,20,11,0.659928,0.756681
9,20,12,0.758215,0.789724
9,20,13,0.780681,0.788072
9,20,14,0.724517,0.791376
9,20,15,0.702051,0.756681
9,20,16,0.654312,0.690596
9,20,17,0.654312,0.645988
9,20,18,0.673969,0.622858
9,20,19,0.716092,0.674074
9,20,20,0.519518,0.857462
9,20,21,0.471778,0.971460
9,20,22,0.454929,0.875636
9,20,23,0.513901,0.936765
9,20,24,0.536367,0.930156
9,20,25,0.575682,0.895461
9,20,26,0.598147,0.953286
9,20,27,0.657120,1.063980
9,20,28,0.710476,1.181282
9,20,29,0.732941,1.387800
9,20,30,0.800338,1.556319
9,20,31,0.836845,1.584405
9,20,32,0.822804,1.676925
9,20,33,0.791914,1.624056
9,20,34,0.789105,1.784314
9,20,35,0.814379,2.010658
9,20,36,0.845269,2.060222
9,20,37,0.907050,2.099874
9,20,38,0.912666,2.217176
9,20,39,1.010953,2.172568
9,20,40,0.996912,2.113091
9,20,41,0.949173,2.349347
9,20,42,0.918283,2.341086
9,20,43,0.940748,2.255175
9,20,44,1.036227,2.364216
9,20,45,1.190678,1.975963
9,20,46,1.190678,1.769445
9,20,47,1.311431,1.908225
9,21,0,1.345130,1.828922
9,21,1,1.426568,1.761184
9,21,2,1.390061,1.622404
9,21,3,1.266500,1.511711
9,21,4,1.173829,1.605883
9,21,5,1.429376,1.802488
9,21,6,1.760744,2.175872
9,21,7,1.853415,2.486475
9,21,8,1.934853,2.519518
9,21,9,2.083687,2.555865
9,21,10,1.985400,2.494736
9,21,11,2.080879,2.483171
9,21,12,1.901154,2.357608
9,21,13,1.741086,2.253523
9,21,14,1.727045,2.299783
9,21,15,1.825333,2.276653
9,21,16,1.929236,2.486475
9,21,17,2.041564,2.484823
9,21,18,2.089304,2.375781
9,21,19,2.167933,2.296479
9,21,20,2.128619,2.417085
9,21,21,2.319576,2.316304
9,21,22,2.103345,2.253523
9,21,23,1.912387,2.199002
9,21,24,1.889921,2.202306
9,21,25,1.988208,2.149438
9,21,26,1.833757,2.258479
9,21,27,1.934853,2.379086
9,21,28,2.125810,2.308044
9,21,29,2.016290,2.184133
9,21,30,1.932044,2.126308
9,21,31,1.755127,2.055266
9,21,32,1.471499,1.787619
9,21,33,1.373212,1.747967
9,21,34,1.249651,1.629013
9,21,35,1.246843,1.539797
9,21,36,1.215952,1.430756
9,21,37,1.190678,1.387800
9,21,38,1.027803,1.328323
9,21,39,0.732941,1.131718
9,21,40,0.468970,0.903722
9,21,41,0.426847,0.831028
9,21,42,0.325752,0.683987
9,21,43,0.255547,0.558424
9,21,44,0.143218,0.530338
9,21,45,0.115136,0.451035
9,21,46,0.112328,0.376689
9,21,47,0.089863,0.353559
9,22,0,0.064589,0.341994
9,22,1,0.084246,0.358515
9,22,2,0.095479,0.333733
9,22,3,0.087054,0.289125
9,22,4,0.067397,0.302342
9,22,5,0.087054,0.297386
9,22,6,0.084246,0.280864
9,22,7,0.098287,0.262691
9,22,8,0.101095,0.229648
9,22,9,0.112328,0.193301
9,22,10,0.115136,0.203214
9,22,11,0.146027,0.221387
9,22,12,0.171300,0.201561
9,22,13,0.185341,0.170171
9,22,14,0.146027,0.122259
9,22,15,0.154451,0.062781
9,22,16,0.123561,0.037999
9,22,17,0.126369,0.037999
9,22,18,0.109520,0.031391
9,22,19,0.131986,0.024782
9,22,20,0.129177,0.018174
9,22,21,0.289245,0.014869
9,22,22,0.362258,0.016521
9,22,23,0.418422,0.029739
9,22,24,0.418422,0.046260
9,22,25,0.483011,0.072694
9,22,26,0.491436,0.095824
9,22,27,0.449313,0.138780
9,22,28,0.536367,0.133824
9,22,29,0.657120,0.158606
9,22,30,0.707667,0.180084
9,22,31,0.749790,0.186692
9,22,32,0.645887,0.191649
9,22,33,0.651503,0.166866
9,22,34,0.600956,0.112346
9,22,35,0.598147,0.075999
9,22,36,0.572874,0.064434
9,22,37,0.564449,0.062781
9,22,38,0.426847,0.079303
9,22,39,0.263971,0.089216
9,22,40,0.129177,0.104085
9,22,41,0.106712,0.158606
9,22,42,0.095479,0.247821
9,22,43,0.112328,0.318864
9,22,44,0.078630,0.396514
9,22,45,0.084246,0.436166
9,22,46,0.109520,0.375036
9,22,47,0.123561,0.310603
9,23,0,0.067397,0.274256
9,23,1,0.075822,0.287473
9,23,2,0.061780,0.323820
9,23,3,0.064589,0.337037
9,23,4,0.042123,0.308951
9,23,5,0.050548,0.295734
9,23,6,0.056164,0.297386
9,23,7,0.123561,0.310603
9,23,8,0.176917,0.299038
9,23,9,0.249930,0.337037
9,23,10,0.303286,0.394862
9,23,11,0.359450,0.393210
9,23,12,0.387532,0.370080
9,23,13,0.429655,0.325472
9,23,14,0.395957,0.285821
9,23,15,0.415614,0.239561
9,23,16,0.370683,0.170171
9,23,17,0.381916,0.145389
9,23,18,0.376299,0.143736
9,23,19,0.393149,0.120606
9,23,20,0.381916,0.104085
9,23,21,0.426847,0.105737
9,23,22,0.412806,0.113998
9,23,23,0.401573,0.115650
9,23,24,0.404381,0.100781
9,23,25,0.440888,0.104085
9,23,26,0.429655,0.099129
9,23,27,0.322943,0.115650
9,23,28,0.148835,0.156954
9,23,29,0.134794,0.158606
9,23,30,0.157259,0.189996
9,23,31,0.131986,0.236256
9,23,32,0.064589,0.262691
9,23,33,0.073013,0.264343
9,23,34,0.058972,0.303994
9,23,35,0.073013,0.350254
9,23,36,0.078630,0.379993
9,23,37,0.120753,0.363471
9,23,38,0.075822,0.360167
9,23,39,0.101095,0.401471
9,23,40,0.129177,0.508860
9,23,41,0.151643,0.565033
9,23,42,0.154451,0.616249
9,23,43,0.179725,0.589815
9,23,44,0.190958,0.551816
9,23,45,0.207807,0.533642
9,23,46,0.280820,0.474165
9,23,47,0.387532,0.434514
9,24,0,0.426847,0.408079
9,24,1,0.480203,0.441122
9,24,2,0.477395,0.538599
9,24,3,0.530751,0.566685
9,24,4,0.446504,0.584859
9,24,5,0.457737,0.662509
9,24,6,0.395957,0.657553
9,24,7,0.440888,0.601380
9,24,8,0.494244,0.551816
9,24,9,0.558833,0.535294
9,24,10,0.643079,0.614597
9,24,11,0.606572,0.644336
9,24,12,0.603764,0.588163
9,24,13,0.626229,0.561729
9,24,14,0.578490,0.474165
9,24,15,0.578490,0.404775
9,24,16,0.527942,0.485730
9,24,17,0.553216,0.520425
9,24,18,0.536367,0.541903
9,24,19,0.617805,0.563381
9,24,20,0.592531,0.551816
9,24,21,0.772256,0.565033
9,24,22,0.808763,0.583206
9,24,23,0.915475,0.581554
9,24,24,0.912666,0.591467
9,24,25,0.951981,0.655901
9,24,26,0.904242,0.688944
9,24,27,0.803146,0.665814
9,24,28,0.665544,0.674074
9,24,29,0.772256,0.652596
9,24,30,0.741366,0.626162
9,24,31,0.755407,0.586511
9,24,32,0.696435,0.639379
9,24,33,0.727325,0.667466
9,24,34,0.679585,0.690596
9,24,35,0.668353,0.766594
9,24,36,0.696435,0.766594
9,24,37,0.780681,0.806246
9,24,38,0.808763,0.829376
9,24,39,0.856502,0.928504
9,24,40,0.915475,0.991286
9,24,41,0.994104,0.997894
9,24,42,1.013762,1.045806
9,24,43,1.061501,1.052415
9,24,44,1.005337,1.060676
9,24,45,0.991296,1.007807
9,24,46,1.095200,1.049111
9,24,47,1.401294,1.101979
9,25,0,1.527663,1.080501
9,25,1,1.628758,1.083806
9,25,2,1.558553,1.090414
9,25,3,1.634375,1.149891
9,25,4,1.735470,1.138326
9,25,5,1.957318,1.092066
9,25,6,2.007866,1.098675
9,25,7,1.915195,1.126761
9,25,8,1.847798,1.174674
9,25,9,1.926428,1.212673
9,25,10,1.794442,1.268846
9,25,11,1.724237,1.334931
9,25,12,1.637183,1.325019
9,25,13,1.617526,1.419191
9,25,14,1.614717,1.419191
9,25,15,1.693347,1.571188
9,25,16,1.718621,1.567884
9,25,17,1.746703,1.610839
9,25,18,1.923620,1.678577
9,25,19,1.991017,1.637274
9,25,20,2.013482,1.500146
9,25,21,1.985400,1.490233
9,25,22,1.721429,1.521624
9,25,23,1.659649,1.519971
9,25,24,1.566978,1.498494
9,25,25,1.541704,1.415886
9,25,26,1.485540,1.640578
9,25,27,1.457458,1.705011
9,25,28,1.193487,1.705011
9,25,29,1.044652,1.579449
9,25,30,1.131706,1.680229
9,25,31,1.297390,1.660404
9,25,32,1.491156,1.673621
9,25,33,1.555745,1.771097
9,25,34,1.544512,1.690142
9,25,35,1.530471,1.465451
9,25,36,1.547320,1.263889
9,25,37,1.547320,1.177978
9,25,38,1.654032,1.153196
9,25,39,1.805675,1.135022
9,25,40,1.746703,1.110240
9,25,41,1.656840,1.067284
9,25,42,1.491156,1.059024
9,25,43,1.505197,1.009459
9,25,44,1.482732,1.002851
9,25,45,1.555745,1.016068
9,25,46,1.611909,1.019372
9,25,47,1.583827,0.964851
9,26,0,1.530471,0.898766
9,26,1,1.522047,0.869027
9,26,2,1.538896,0.908679
9,26,3,1.485540,0.897114
9,26,4,1.376020,0.893809
9,26,5,1.367595,0.870679
9,26,6,1.392869,0.880592
9,26,7,1.420951,0.872331
9,26,8,1.210336,0.847549
9,26,9,1.041844,0.766594
9,26,10,0.923899,0.713726
9,26,11,0.940748,0.670770
9,26,12,0.963214,0.574946
9,26,13,1.050268,0.503904
9,26,14,1.120473,0.522077
9,26,15,1.218761,0.578250
9,26,16,1.345130,0.596424
9,26,17,1.451841,0.631119
9,26,18,1.440609,0.680683
9,26,19,1.625950,0.768246
9,26,20,1.631567,0.788072
9,26,21,1.617526,0.812854
9,26,22,1.516430,0.908679
9,26,23,1.513622,1.011111
9,26,24,1.488348,1.120153
9,26,25,1.533279,1.247368
9,26,26,1.547320,1.372931
9,26,27,1.566978,1.389452
9,26,28,1.471499,1.391104
9,26,29,1.342322,1.425799
9,26,30,1.204720,1.328323
9,26,31,1.154172,1.320062
9,26,32,0.971639,1.311801
9,26,33,0.971639,1.341540
9,26,34,0.957598,1.397713
9,26,35,0.929516,1.367974
9,26,36,0.918283,1.409278
9,26,37,0.937940,1.429104
9,26,38,0.819996,1.481972
9,26,39,0.721708,1.387800
9,26,40,0.631846,1.343192
9,26,41,0.620613,1.222586
9,26,42,0.511093,1.204412
9,26,43,0.494244,1.258933
9,26,44,0.454929,1.415886
9,26,45,0.421231,1.617448
9,26,46,0.452121,1.528232
9,26,47,0.595339,1.412582
9,27,0,0.598147,1.285367
9,27,1,0.614997,1.295280
9,27,2,0.640271,1.366322
9,27,3,0.578490,1.344844
9,27,4,0.466162,1.315106
9,27,5,0.387532,1.215977
9,27,6,0.393149,1.158152
9,27,7,0.438080,1.077197
9,27,8,0.412806,1.148239
9,27,9,0.449313,1.092066
9,27,10,0.426847,0.969808
9,27,11,0.395957,0.910331
9,27,12,0.351025,0.819463
9,27,13,0.398765,0.702161
9,27,14,0.421231,0.596424
9,27,15,0.541983,0.553468
9,27,16,0.685202,0.566685
9,27,17,0.994104,0.626162
9,27,18,1.100816,0.599728
9,27,19,1.227185,0.692248
9,27,20,1.347938,0.675726
9,27,21,1.443417,0.717030
9,27,22,1.277733,0.693900
9,27,23,1.350746,0.667466
9,27,24,1.381636,0.690596
9,27,25,1.440609,0.700509
9,27,26,1.434992,0.637727
9,27,27,1.642799,0.728595
9,27,28,1.805675,0.741812
9,27,29,1.842182,0.763290
9,27,30,1.777593,0.703813
9,27,31,1.634375,0.650944
9,27,32,1.583827,0.669118
9,27,33,1.617526,0.692248
9,27,34,1.625950,0.720334
9,27,35,1.676498,0.690596
9,27,36,1.631567,0.764942
9,27,37,1.662457,0.728595
9,27,38,1.707388,0.710421
9,27,39,1.687731,0.702161
9,27,40,1.578211,0.647640
9,27,41,1.513622,0.636075
9,27,42,1.415335,0.677379
9,27,43,1.392869,0.644336
9,27,44,1.381636,0.679031
9,27,45,1.387253,0.644336
9,27,46,1.390061,0.642684
9,27,47,1.390061,0.662509
9,28,0,1.333897,0.622858
9,28,1,1.345130,0.510512
9,28,2,1.274925,0.469209
9,28,3,1.291774,0.421296
9,28,4,1.201911,0.384949
9,28,5,1.221569,0.404775
9,28,6,1.185062,0.429557
9,28,7,1.255267,0.403123
9,28,8,1.277733,0.368428
9,28,9,1.345130,0.320516
9,28,10,1.333897,0.360167
9,28,11,1.319856,0.454339
9,28,12,1.249651,0.366776
9,28,13,1.137323,0.323820
9,28,14,1.145747,0.332081
9,28,15,1.187870,0.307299
9,28,16,1.199103,0.247821
9,28,17,1.288966,0.208170
9,28,18,1.266500,0.189996
9,28,19,1.322664,0.204866
9,28,20,1.378828,0.244517
9,28,21,1.373212,0.279212
9,28,22,1.297390,0.290777
9,28,23,1.347938,0.282516
9,28,24,1.353554,0.284169
9,28,25,1.390061,0.317211
9,28,26,1.373212,0.320516
9,28,27,1.401294,0.285821
9,28,28,1.384445,0.284169
9,28,29,1.404102,0.254430
9,28,30,1.364787,0.206518
9,28,31,1.288966,0.180084
9,28,32,1.272116,0.189996
9,28,33,1.286157,0.180084
9,28,34,1.263692,0.171823
9,28,35,1.266500,0.180084
9,28,36,1.232802,0.191649
9,28,37,1.274925,0.191649
9,28,38,1.291774,0.196605
9,28,39,1.325472,0.213126
9,28,40,1.322664,0.232952
9,28,41,1.317048,0.256082
9,28,42,1.311431,0.264343
9,28,43,1.333897,0.289125
9,28,44,1.274925,0.454339
9,28,45,1.314239,0.510512
9,28,46,1.288966,0.472513
9,28,47,1.274925,0.527034
9,29,0,1.227185,0.512164
9,29,1,1.213144,0.507208
9,29,2,1.224377,0.522077
9,29,3,1.156980,0.439470
9,29,4,1.092391,0.384949
9,29,5,1.033419,0.396514
9,29,6,0.819996,0.391558
9,29,7,0.732941,0.457644
9,29,8,0.651503,0.498947
9,29,9,0.598147,0.358515
9,29,10,0.522326,0.467556
9,29,11,0.609380,0.555120
9,29,12,0.570065,0.672422
9,29,13,0.362258,0.746769
9,29,14,0.221848,0.844245
9,29,15,0.219040,0.883896
9,29,16,0.207807,0.733551
9,29,17,0.190958,0.697204
9,29,18,0.174109,0.520425
9,29,19,0.193766,0.413036
9,29,20,0.140410,0.404775
9,29,21,0.241506,0.318864
9,29,22,0.216232,0.398166
9,29,23,0.185341,0.460948
9,29,24,0.174109,0.495643
9,29,25,0.216232,0.479121
9,29,26,0.207807,0.545207
9,29,27,0.148835,0.773203
9,29,28,0.143218,0.756681
9,29,29,0.196574,0.702161
9,29,30,0.294861,0.654249
9,29,31,0.415614,0.642684
9,29,32,0.415614,0.589815
9,29,33,0.452121,0.583206
9,29,34,0.454929,0.607989
9,29,35,0.452121,0.657553
9,29,36,0.432463,0.607989
9,29,37,0.463354,0.566685
9,29,38,0.390340,0.518773
9,29,39,0.342601,0.441122
9,29,40,0.306094,0.389906
9,29,41,0.258355,0.383297
9,29,42,0.190958,0.378341
9,29,43,0.190958,0.368428
9,29,44,0.151643,0.365124
9,29,45,0.140410,0.379993
9,29,46,0.179725,0.348602
9,29,47,0.280820,0.312255
9,30,0,0.306094,0.300690
9,30,1,0.261163,0.318864
9,30,2,0.210615,0.302342
9,30,3,0.162876,0.300690
9,30,4,0.117945,0.300690
9,30,5,0.087054,0.299038
9,30,6,0.050548,0.282516
9,30,7,0.050548,0.287473
9,30,8,0.039315,0.264343
9,30,9,0.039315,0.236256
9,30,10,0.028082,0.219735
9,30,11,0.044931,0.246169
9,30,12,0.033698,0.231300
9,30,13,0.070205,0.206518
9,30,14,0.075822,0.171823
9,30,15,0.078630,0.120606
9,30,16,0.058972,0.059477
9,30,17,0.056164,0.028086
9,30,18,0.047739,0.016521
9,30,19,0.044931,0.013217
9,30,20,0.011233,0.009913
9,30,21,0.019657,0.006609
9,30,22,0.016849,0.008261
9,30,23,0.036507,0.013217
9,30,24,0.025274,0.029739
9,30,25,0.033698,0.031391
9,30,26,0.030890,0.046260
9,30,27,0.028082,0.064434
9,30,28,0.016849,0.062781
9,30,29,0.033698,0.066086
9,30,30,0.053356,0.072694
9,30,31,0.056164,0.095824
9,30,32,0.028082,0.130519
9,30,33,0.039315,0.109041
9,30,34,0.081438,0.107389
9,30,35,0.112328,0.115650
9,30,36,0.154451,0.123911
9,30,37,0.182533,0.140432
9,30,38,0.188150,0.155301
9,30,39,0.233081,0.180084
9,30,40,0.286437,0.201561
9,30,41,0.325752,0.287473
9,30,42,0.342601,0.330429
9,30,43,0.381916,0.371732
9,30,44,0.390340,0.454339
9,30,45,0.435272,0.459296
9,30,46,0.541983,0.489034
9,30,47,0.766640,0.502251
10,1,0,0.893009,0.533642
10,1,1,0.951981,0.527034
10,1,2,1.055885,0.591467
10,1,3,1.229993,0.645988
10,1,4,1.317048,0.674074
10,1,5,1.412527,0.649292
10,1,6,1.418143,0.639379
10,1,7,1.339513,0.584859
10,1,8,1.308623,0.579902
10,1,9,1.347938,0.578250
10,1,10,1.347938,0.553468
10,1,11,1.319856,0.490686
10,1,12,1.171021,0.442774
10,1,13,1.030611,0.497295
10,1,14,0.971639,0.467556
10,1,15,0.994104,0.482426
10,1,16,0.994104,0.375036
10,1,17,1.016570,0.396514
10,1,18,1.002529,0.462600
10,1,19,1.064309,0.437818
10,1,20,1.019378,0.328776
10,1,21,0.929516,0.310603
10,1,22,0.878968,0.295734
10,1,23,0.898625,0.231300
10,1,24,0.876160,0.223039
10,1,25,0.912666,0.224691
10,1,26,0.991296,0.196605
10,1,27,0.963214,0.168519
10,1,28,0.937940,0.171823
10,1,29,0.884584,0.178431
10,1,30,0.794722,0.155301
10,1,31,0.679585,0.171823
10,1,32,0.556024,0.161910
10,1,33,0.617805,0.189996
10,1,34,0.637462,0.204866
10,1,35,0.651503,0.234604
10,1,36,0.721708,0.193301
10,1,37,0.811571,0.122259
10,1,38,0.794722,0.113998
10,1,39,0.749790,0.112346
10,1,40,0.724517,0.100781
10,1,41,0.702051,0.105737
10,1,42,0.702051,0.107389
10,1,43,0.724517,0.105737
10,1,44,0.679585,0.097476
10,1,45,0.648695,0.079303
10,1,46,0.679585,0.080955
10,1,47,0.803146,0.095824
10,2,0,0.673969,0.110694
10,2,1,0.572874,0.123911
10,2,2,0.477395,0.178431
10,2,3,0.393149,0.176779
10,2,4,0.263971,0.213126
10,2,5,0.308902,0.224691
10,2,6,0.289245,0.198257
10,2,7,0.320135,0.204866
10,2,8,0.348217,0.221387
10,2,9,0.381916,0.227996
10,2,10,0.373491,0.252778
10,2,11,0.387532,0.244517
10,2,12,0.345409,0.201561
10,2,13,0.258355,0.163562
10,2,14,0.185341,0.150345
10,2,15,0.196574,0.143736
10,2,16,0.151643,0.161910
10,2,17,0.157259,0.178431
10,2,18,0.168492,0.231300
10,2,19,0.261163,0.280864
10,2,20,0.224656,0.337037
10,2,21,0.339793,0.351906
10,2,22,0.373491,0.379993
10,2,23,0.370683,0.403123
10,2,24,0.384724,0.388254
10,2,25,0.412806,0.429557
10,2,26,0.390340,0.518773
10,2,27,0.317327,0.607989
10,2,28,0.238697,0.650944
10,2,29,0.196574,0.513816
10,2,30,0.221848,0.527034
10,2,31,0.272396,0.508860
10,2,32,0.266779,0.636075
10,2,33,0.283629,0.571641
10,2,34,0.283629,0.543555
10,2,35,0.269588,0.416340
10,2,36,0.230273,0.426253
10,2,37,0.261163,0.513816
10,2,38,0.146027,0.518773
10,2,39,0.157259,0.457644
10,2,40,0.129177,0.446079
10,2,41,0.123561,0.503904
10,2,42,0.075822,0.555120
10,2,43,0.095479,0.510512
10,2,44,0.061780,0.470861
10,2,45,0.078630,0.500599
10,2,46,0.081438,0.493991
10,2,47,0.098287,0.500599
10,3,0,0.067397,0.470861
10,3,1,0.078630,0.523729
10,3,2,0.095479,0.551816
10,3,3,0.162876,0.568337
10,3,4,0.216232,0.527034
10,3,5,0.311711,0.464252
10,3,6,0.345409,0.414688
10,3,7,0.314519,0.404775
10,3,8,0.342601,0.373384
10,3,9,0.356642,0.340341
10,3,10,0.488627,0.284169
10,3,11,0.668353,0.262691
10,3,12,0.777873,0.229648
10,3,13,0.859310,0.208170
10,3,14,0.893009,0.171823
10,3,15,0.982871,0.145389
10,3,16,1.010953,0.115650
10,3,17,1.064309,0.128867
10,3,18,1.114857,0.171823
10,3,19,1.187870,0.211474
10,3,20,1.277733,0.239561
10,3,21,1.339513,0.227996
10,3,22,1.229993,0.234604
10,3,23,1.260884,0.244517
10,3,24,1.263692,0.269299
10,3,25,1.325472,0.305646
10,3,26,1.294582,0.325472
10,3,27,1.229993,0.302342
10,3,28,1.081159,0.292429
10,3,29,0.895817,0.270951
10,3,30,0.696435,0.262691
10,3,31,0.553216,0.234604
10,3,32,0.466162,0.204866
10,3,33,0.471778,0.201561
10,3,34,0.443696,0.173475
10,3,35,0.373491,0.142084
10,3,36,0.342601,0.133824
10,3,37,0.342601,0.156954
10,3,38,0.199382,0.135476
10,3,39,0.140410,0.142084
10,3,40,0.134794,0.161910
10,3,41,0.207807,0.170171
10,3,42,0.199382,0.171823
10,3,43,0.213424,0.194953
10,3,44,0.216232,0.236256
10,3,45,0.233081,0.290777
10,3,46,0.359450,0.348602
10,3,47,0.505477,0.348602
10,4,0,0.457737,0.355211
10,4,1,0.446504,0.373384
10,4,2,0.407190,0.375036
10,4,3,0.379108,0.396514
10,4,4,0.384724,0.426253
10,4,5,0.466162,0.479121
10,4,6,0.499860,0.520425
10,4,7,0.589723,0.563381
10,4,8,0.688010,0.598076
10,4,9,0.724517,0.598076
10,4,10,0.679585,0.594771
10,4,11,0.749790,0.629466
10,4,12,0.890201,0.621206
10,4,13,0.923899,0.649292
10,4,14,0.968830,0.669118
10,4,15,1.067118,0.594771
10,4,16,1.154172,0.569989
10,4,17,1.263692,0.525381
10,4,18,1.370404,0.548511
10,4,19,1.533279,0.637727
10,4,20,1.648416,0.672422
10,4,21,1.673690,0.715378
10,4,22,1.527663,0.788072
10,4,23,1.586635,0.771551
10,4,24,1.583827,0.743464
10,4,25,1.611909,0.766594
10,4,26,1.606293,0.768246
10,4,27,1.752319,0.746769
10,4,28,1.895538,0.715378
10,4,29,1.974167,0.718682
10,4,30,1.892729,0.721986
10,4,31,1.687731,0.685639
10,4,32,1.496773,0.695552
10,4,33,1.541704,0.745116
10,4,34,1.572594,0.730247
10,4,35,1.564170,0.685639
10,4,36,1.572594,0.728595
10,4,37,1.592252,0.728595
10,4,38,1.592252,0.743464
10,4,39,1.707388,0.769899
10,4,40,1.628758,0.793029
10,4,41,1.659649,0.842593
10,4,42,1.628758,0.797985
10,4,43,1.589443,0.731899
10,4,44,1.493965,0.674074
10,4,45,1.460266,0.629466
10,4,46,1.581019,0.538599
10,4,47,1.676498,0.475817
10,5,0,1.620334,0.517121
10,5,1,1.564170,0.527034
10,5,2,1.505197,0.507208
10,5,3,1.440609,0.464252
10,5,4,1.359171,0.487382
10,5,5,1.373212,0.459296
10,5,6,1.347938,0.431209
10,5,7,1.457458,0.375036
10,5,8,1.432184,0.371732
10,5,9,1.373212,0.355211
10,5,10,1.305815,0.333733
10,5,11,1.280541,0.323820
10,5,12,1.266500,0.290777
10,5,13,1.092391,0.270951
10,5,14,1.044652,0.262691
10,5,15,1.053076,0.231300
10,5,16,1.083967,0.201561
10,5,17,1.109241,0.181736
10,5,18,1.092391,0.173475
10,5,19,1.092391,0.155301
10,5,20,1.148555,0.140432
10,5,21,1.182254,0.100781
10,5,22,0.943557,0.085911
10,5,23,0.864927,0.082607
10,5,24,0.819996,0.090868
10,5,25,0.825612,0.087564
10,5,26,0.794722,0.094172
10,5,27,0.662736,0.071042
10,5,28,0.499860,0.067738
10,5,29,0.564449,0.069390
10,5,30,0.634654,0.051216
10,5,31,0.626229,0.067738
10,5,32,0.592531,0.061129
10,5,33,0.612188,0.059477
10,5,34,0.612188,0.052869
10,5,35,0.777873,0.059477
10,5,36,0.923899,0.066086
10,5,37,1.047460,0.062781
10,5,38,1.117665,0.107389
10,5,39,1.039035,0.133824
10,5,40,0.884584,0.140432
10,5,41,0.713284,0.145389
10,5,42,0.609380,0.191649
10,5,43,0.567257,0.224691
10,5,44,0.553216,0.337037
10,5,45,0.581298,0.459296
10,5,46,0.738558,0.607989
10,5,47,0.904242,0.728595
10,6,0,1.002529,0.898766
10,6,1,1.039035,0.819463
10,6,2,1.010953,1.159804
10,6,3,0.909858,1.235803
10,6,4,0.960406,0.976416
10,6,5,0.985680,0.956591
10,6,6,0.923899,0.811202
10,6,7,0.971639,0.612945
10,6,8,0.895817,0.571641
10,6,9,1.022186,0.523729
10,6,10,1.013762,0.622858
10,6,11,0.937940,0.731899
10,6,12,0.864927,0.698856
10,6,13,0.710476,0.710421
10,6,14,0.696435,0.662509
10,6,15,0.702051,0.609641
10,6,16,0.710476,0.665814
10,6,17,0.828420,0.591467
10,6,18,0.912666,0.566685
10,6,19,1.061501,0.548511
10,6,20,0.980063,0.540251
10,6,21,0.971639,0.522077
10,6,22,1.024994,0.550164
10,6,23,1.024994,0.452687
10,6,24,0.971639,0.355211
10,6,25,1.039035,0.365124
10,6,26,1.036227,0.375036
10,6,27,1.078350,0.409731
10,6,28,1.142939,0.477469
10,6,29,1.083967,0.489034
10,6,30,0.926707,0.510512
10,6,31,0.803146,0.439470
10,6,32,0.707667,0.424601
10,6,33,0.710476,0.341994
10,6,34,0.682394,0.302342
10,6,35,0.702051,0.332081
10,6,36,0.654312,0.366776
10,6,37,0.676777,0.394862
10,6,38,0.564449,0.434514
10,6,39,0.460545,0.495643
10,6,40,0.370683,0.503904
10,6,41,0.322943,0.487382
10,6,42,0.213424,0.467556
10,6,43,0.140410,0.472513
10,6,44,0.087054,0.485730
10,6,45,0.089863,0.485730
10,6,46,0.070205,0.530338
10,6,47,0.095479,0.581554
10,7,0,0.095479,0.569989
10,7,1,0.101095,0.581554
10,7,2,0.098287,0.596424
10,7,3,0.112328,0.621206
10,7,4,0.078630,0.667466
10,7,5,0.084246,0.740160
10,7,6,0.064589,0.773203
10,7,7,0.101095,0.771551
10,7,8,0.126369,0.788072
10,7,9,0.171300,0.730247
10,7,10,0.188150,0.736856
10,7,11,0.210615,0.731899
10,7,12,0.311711,0.773203
10,7,13,0.370683,0.707117
10,7,14,0.345409,0.692248
10,7,15,0.370683,0.641031
10,7,16,0.342601,0.586511
10,7,17,0.325752,0.629466
10,7,18,0.336984,0.700509
10,7,19,0.384724,0.788072
10,7,20,0.339793,0.840941
10,7,21,0.409998,0.902070
10,7,22,0.421231,0.878940
10,7,23,0.460545,0.956591
10,7,24,0.491436,1.093719
10,7,25,0.541983,1.123457
10,7,26,0.561641,1.217629
10,7,27,0.556024,1.169717
10,7,28,0.511093,1.194499
10,7,29,0.477395,1.229194
10,7,30,0.393149,1.177978
10,7,31,0.367875,1.121805
10,7,32,0.351025,1.093719
10,7,33,0.404381,1.016068
10,7,34,0.440888,0.991286
10,7,35,0.547600,0.923548
10,7,36,0.671161,0.885549
10,7,37,0.791914,0.941721
10,7,38,0.814379,1.019372
10,7,39,0.853694,0.994590
10,7,40,0.859310,0.921896
10,7,41,0.887392,0.915287
10,7,42,0.876160,0.883896
10,7,43,0.836845,0.911983
10,7,44,0.789105,0.873984
10,7,45,0.730133,0.892157
10,7,46,0.657120,0.852506
10,7,47,0.693626,0.804594
10,8,0,0.842461,0.698856
10,8,1,1.095200,0.698856
10,8,2,1.075542,0.622858
10,8,3,1.036227,0.596424
10,8,4,0.870543,0.569989
10,8,5,0.867735,0.553468
10,8,6,0.673969,0.530338
10,8,7,0.786297,0.523729
10,8,8,0.994104,0.522077
10,8,9,1.142939,0.507208
10,8,10,1.443417,0.490686
10,8,11,1.392869,0.503904
10,8,12,1.322664,0.479121
10,8,13,1.272116,0.457644
10,8,14,1.418143,0.444426
10,8,15,1.541704,0.457644
10,8,16,1.614717,0.376689
10,8,17,1.668073,0.419644
10,8,18,1.746703,0.403123
10,8,19,1.786018,0.447731
10,8,20,1.881497,0.431209
10,8,21,1.937661,0.525381
10,8,22,1.786018,0.650944
10,8,23,1.895538,0.735204
10,8,24,1.974167,0.796333
10,8,25,2.030331,0.923548
10,8,26,2.049989,1.116849
10,8,27,2.277453,1.209369
10,8,28,2.395398,1.252324
10,8,29,2.457178,1.257281
10,8,30,2.389782,1.348149
10,8,31,2.224098,1.366322
10,8,32,2.257796,1.518319
10,8,33,2.322385,1.657099
10,8,34,2.277453,1.713272
10,8,35,2.313960,1.688490
10,8,36,2.370124,1.799184
10,8,37,2.426288,1.886747
10,8,38,2.488069,1.876834
10,8,39,2.518959,1.878486
10,8,40,2.454370,1.918138
10,8,41,2.474028,1.797531
10,8,42,2.395398,1.700055
10,8,43,2.305535,1.784314
10,8,44,2.092112,1.820661
10,8,45,2.005058,1.695099
10,8,46,1.943277,1.614144
10,8,47,1.800059,1.468755
10,9,0,1.508006,1.253976
10,9,1,1.418143,1.088762
10,9,2,1.283349,0.923548
10,9,3,1.311431,0.774855
10,9,4,1.244034,0.609641
10,9,5,1.173829,0.472513
10,9,6,1.117665,0.406427
10,9,7,1.089583,0.421296
10,9,8,0.940748,0.373384
10,9,9,0.876160,0.318864
10,9,10,0.786297,0.302342
10,9,11,0.679585,0.303994
10,9,12,0.556024,0.346950
10,9,13,0.497052,0.368428
10,9,14,0.438080,0.351906
10,9,15,0.449313,0.312255
10,9,16,0.401573,0.272604
10,9,17,0.409998,0.232952
10,9,18,0.390340,0.251126
10,9,19,0.373491,0.270951
10,9,20,0.227465,0.297386
10,9,21,0.179725,0.297386
10,9,22,0.123561,0.299038
10,9,23,0.115136,0.292429
10,9,24,0.103904,0.294081
10,9,25,0.131986,0.299038
10,9,26,0.115136,0.345298
10,9,27,0.151643,0.398166
10,9,28,0.123561,0.404775
10,9,29,0.134794,0.399819
10,9,30,0.162876,0.389906
10,9,31,0.148835,0.375036
10,9,32,0.115136,0.328776
10,9,33,0.129177,0.280864
10,9,34,0.109520,0.292429
10,9,35,0.112328,0.290777
10,9,36,0.098287,0.287473
10,9,37,0.098287,0.308951
10,9,38,0.081438,0.327124
10,9,39,0.081438,0.341994
10,9,40,0.056164,0.323820
10,9,41,0.056164,0.279212
10,9,42,0.042123,0.229648
10,9,43,0.058972,0.201561
10,9,44,0.064589,0.142084
10,9,45,0.064589,0.143736
10,9,46,0.171300,0.145389
10,9,47,0.376299,0.127215
10,10,0,0.328560,0.125563
10,10,1,0.334176,0.118954
10,10,2,0.213424,0.135476
10,10,3,0.190958,0.140432
10,10,4,0.165684,0.137128
10,10,5,0.216232,0.110694
10,10,6,0.317327,0.110694
10,10,7,0.497052,0.128867
10,10,8,0.637462,0.132171
10,10,9,0.758215,0.117302
10,10,10,0.791914,0.099129
10,10,11,0.842461,0.105737
10,10,12,0.831228,0.110694
10,10,13,0.772256,0.120606
10,10,14,0.713284,0.100781
10,10,15,0.738558,0.071042
10,10,16,0.794722,0.037999
10,10,17,0.853694,0.044608
10,10,18,0.915475,0.036347
10,10,19,1.027803,0.041304
10,10,20,0.867735,0.046260
10,10,21,0.842461,0.069390
10,10,22,1.022186,0.097476
10,10,23,1.092391,0.110694
10,10,24,1.067118,0.125563
10,10,25,1.131706,0.186692
10,10,26,1.162596,0.201561
10,10,27,1.378828,0.176779
10,10,28,1.555745,0.216431
10,10,29,1.811292,0.236256
10,10,30,1.825333,0.244517
10,10,31,1.673690,0.257734
10,10,32,1.477115,0.294081
10,10,33,1.440609,0.313907
10,10,34,1.381636,0.308951
10,10,35,1.378828,0.341994
10,10,36,1.387253,0.355211
10,10,37,1.463074,0.376689
10,10,38,1.241226,0.401471
10,10,39,0.946365,0.327124
10,10,40,0.718900,0.279212
10,10,41,0.699243,0.275908
10,10,42,0.783489,0.275908
10,10,43,0.817187,0.323820
10,10,44,0.789105,0.328776
10,10,45,0.744174,0.322168
10,10,46,0.732941,0.297386
10,10,47,0.749790,0.275908
10,11,0,0.673969,0.261039
10,11,1,0.676777,0.254430
10,11,2,0.772256,0.262691
10,11,3,0.971639,0.323820
10,11,4,0.991296,0.302342
10,11,5,0.971639,0.323820
10,11,6,0.834037,0.322168
10,11,7,0.727325,0.351906
10,11,8,0.556024,0.345298
10,11,9,0.525134,0.356863
10,11,10,0.494244,0.376689
10,11,11,0.502669,0.337037
10,11,12,0.556024,0.305646
10,11,13,0.651503,0.341994
10,11,14,0.673969,0.350254
10,11,15,0.718900,0.378341
10,11,16,0.699243,0.312255
10,11,17,0.710476,0.285821
10,11,18,0.704859,0.274256
10,11,19,0.718900,0.272604
10,11,20,0.533559,0.356863
10,11,21,0.454929,0.414688
10,11,22,0.547600,0.431209
10,11,23,0.558833,0.422949
10,11,24,0.544792,0.399819
10,11,25,0.556024,0.391558
10,11,26,0.516710,0.404775
10,11,27,0.370683,0.462600
10,11,28,0.126369,0.500599
10,11,29,0.109520,0.578250
10,11,30,0.157259,0.589815
10,11,31,0.182533,0.556772
10,11,32,0.202191,0.692248
10,11,33,0.283629,0.900418
10,11,34,0.331368,1.073893
10,11,35,0.373491,1.192847
10,11,36,0.432463,1.285367
10,11,37,0.499860,1.290324
10,11,38,0.412806,1.346496
10,11,39,0.429655,1.278759
10,11,40,0.505477,1.222586
10,11,41,0.626229,1.215977
10,11,42,0.657120,1.229194
10,11,43,0.690818,1.196151
10,11,44,0.713284,1.209369
10,11,45,0.761023,1.166413
10,11,46,0.907050,1.207716
10,11,47,1.036227,1.325019
10,12,0,1.047460,1.311801
10,12,1,1.081159,1.338236
10,12,2,1.064309,1.148239
10,12,3,1.033419,1.060676
10,12,4,1.095200,1.060676
10,12,5,1.072734,1.060676
10,12,6,0.960406,1.039198
10,12,7,0.890201,0.945026
10,12,8,0.805955,0.983025
10,12,9,0.783489,0.920244
10,12,10,0.735749,0.832680
10,12,11,0.696435,0.865723
10,12,12,0.710476,0.888853
10,12,13,0.735749,0.816159
10,12,14,0.685202,0.784768
10,12,15,0.758215,0.750073
10,12,16,0.730133,0.596424
10,12,17,0.690818,0.528686
10,12,18,0.676777,0.619554
10,12,19,0.688010,0.531990
10,12,20,0.600956,0.510512
10,12,21,0.783489,0.431209
10,12,22,0.912666,0.401471
10,12,23,0.957598,0.447731
10,12,24,0.999721,0.469209
10,12,25,1.008145,0.475817
10,12,26,0.966022,0.459296
10,12,27,1.126090,0.419644
10,12,28,1.342322,0.408079
10,12,29,1.336705,0.330429
10,12,30,1.190678,0.366776
10,12,31,0.946365,0.265995
10,12,32,0.898625,0.265995
10,12,33,0.893009,0.244517
10,12,34,0.901433,0.196605
10,12,35,0.895817,0.178431
10,12,36,0.907050,0.165214
10,12,37,0.943557,0.120606
10,12,38,0.963214,0.102433
10,12,39,0.951981,0.097476
10,12,40,0.822804,0.090868
10,12,41,0.746982,0.148693
10,12,42,0.600956,0.198257
10,12,43,0.511093,0.186692
10,12,44,0.432463,0.176779
10,12,45,0.525134,0.196605
10,12,46,0.648695,0.234604
10,12,47,0.659928,0.265995
10,13,0,0.682394,0.251126
10,13,1,0.673969,0.246169
10,13,2,0.612188,0.261039
10,13,3,0.617805,0.307299
10,13,4,0.668353,0.351906
10,13,5,0.682394,0.365124
10,13,6,0.842461,0.348602
10,13,7,1.112049,0.388254
10,13,8,1.173829,0.323820
10,13,9,1.221569,0.292429
10,13,10,1.280541,0.305646
10,13,11,1.232802,0.322168
10,13,12,1.109241,0.328776
10,13,13,1.016570,0.275908
10,13,14,1.002529,0.249474
10,13,15,1.117665,0.227996
10,13,16,1.165405,0.199909
10,13,17,1.204720,0.244517
10,13,18,1.176637,0.236256
10,13,19,1.168213,0.252778
10,13,20,1.089583,0.256082
10,13,21,1.103624,0.274256
10,13,22,1.089583,0.297386
10,13,23,1.103624,0.267647
10,13,24,1.078350,0.280864
10,13,25,1.069926,0.318864
10,13,26,1.053076,0.328776
10,13,27,1.010953,0.378341
10,13,28,0.985680,0.361819
10,13,29,0.907050,0.371732
10,13,30,0.769448,0.356863
10,13,31,0.609380,0.330429
10,13,32,0.533559,0.340341
10,13,33,0.598147,0.409731
10,13,34,0.603764,0.550164
10,13,35,0.631846,0.546859
10,13,36,0.640271,0.611293
10,13,37,0.665544,0.664161
10,13,38,0.539175,0.660857
10,13,39,0.550408,0.659205
10,13,40,0.519518,0.652596
10,13,41,0.511093,0.736856
10,13,42,0.446504,0.746769
10,13,43,0.359450,0.675726
10,13,44,0.241506,0.660857
10,13,45,0.174109,0.697204
10,13,46,0.162876,0.657553
10,13,47,0.174109,0.659205
10,14,0,0.171300,0.609641
10,14,1,0.176917,0.558424
10,14,2,0.151643,0.490686
10,14,3,0.148835,0.528686
10,14,4,0.123561,0.530338
10,14,5,0.106712,0.563381
10,14,6,0.098287,0.538599
10,14,7,0.103904,0.558424
10,14,8,0.087054,0.520425
10,14,9,0.160068,0.546859
10,14,10,0.179725,0.561729
10,14,11,0.162876,0.533642
10,14,12,0.176917,0.480774
10,14,13,0.131986,0.442774
10,14,14,0.123561,0.413036
10,14,15,0.143218,0.384949
10,14,16,0.120753,0.356863
10,14,17,0.129177,0.421296
10,14,18,0.106712,0.398166
10,14,19,0.109520,0.341994
10,14,20,0.047739,0.285821
10,14,21,0.044931,0.277560
10,14,22,0.039315,0.275908
10,14,23,0.061780,0.292429
10,14,24,0.042123,0.292429
10,14,25,0.056164,0.290777
10,14,26,0.061780,0.287473
10,14,27,0.190958,0.259386
10,14,28,0.303286,0.237909
10,14,29,0.367875,0.261039
10,14,30,0.398765,0.259386
10,14,31,0.356642,0.262691
10,14,32,0.367875,0.231300
10,14,33,0.491436,0.244517
10,14,34,0.516710,0.269299
10,14,35,0.589723,0.231300
10,14,36,0.614997,0.282516
10,14,37,0.688010,0.262691
10,14,38,0.834037,0.274256
10,14,39,0.808763,0.315559
10,14,40,0.688010,0.300690
10,14,41,0.612188,0.287473
10,14,42,0.485819,0.272604
10,14,43,0.387532,0.259386
10,14,44,0.308902,0.256082
10,14,45,0.311711,0.213126
10,14,46,0.530751,0.199909
10,14,47,0.800338,0.201561
10,15,0,1.022186,0.186692
10,15,1,0.839653,0.180084
10,15,2,0.637462,0.181736
10,15,3,0.547600,0.185040
10,15,4,0.513901,0.199909
10,15,5,0.570065,0.234604
10,15,6,0.665544,0.219735
10,15,7,0.805955,0.252778
10,15,8,0.878968,0.287473
10,15,9,1.112049,0.274256
10,15,10,1.100816,0.284169
10,15,11,1.053076,0.303994
10,15,12,0.853694,0.294081
10,15,13,0.744174,0.265995
10,15,14,0.659928,0.254430
10,15,15,0.645887,0.234604
10,15,16,0.645887,0.188344
10,15,17,0.707667,0.171823
10,15,18,0.716092,0.153649
10,15,19,0.786297,0.180084
10,15,20,0.673969,0.171823
10,15,21,0.637462,0.196605
10,15,22,0.679585,0.204866
10,15,23,0.822804,0.232952
10,15,24,0.836845,0.265995
10,15,25,0.909858,0.398166
10,15,26,0.901433,0.546859
10,15,27,0.954789,0.611293
10,15,28,0.828420,0.568337
10,15,29,0.648695,0.571641
10,15,30,0.435272,0.556772
10,15,31,0.275204,0.551816
10,15,32,0.179725,0.495643
10,15,33,0.202191,0.447731
10,15,34,0.182533,0.401471
10,15,35,0.168492,0.389906
10,15,36,0.160068,0.346950
10,15,37,0.168492,0.280864
10,15,38,0.109520,0.181736
10,15,39,0.092671,0.247821
10,15,40,0.075822,0.300690
10,15,41,0.095479,0.346950
10,15,42,0.081438,0.351906
10,15,43,0.084246,0.348602
10,15,44,0.075822,0.332081
10,15,45,0.115136,0.318864
10,15,46,0.294861,0.287473
10,15,47,0.584106,0.274256
10,16,0,0.637462,0.401471
10,16,1,0.657120,0.579902
10,16,2,0.637462,0.730247
10,16,3,0.696435,0.821115
10,16,4,0.704859,0.801289
10,16,5,0.752599,0.735204
10,16,6,0.718900,0.756681
10,16,7,0.704859,0.827724
10,16,8,0.738558,0.907026
10,16,9,0.789105,0.945026
10,16,10,0.805955,0.999546
10,16,11,0.848078,1.042502
10,16,12,0.912666,1.144935
10,16,13,0.999721,1.149891
10,16,14,1.078350,1.153196
10,16,15,1.100816,1.012764
10,16,16,1.168213,0.948330
10,16,17,1.224377,0.817811
10,16,18,1.218761,0.902070
10,16,19,1.196295,0.885549
10,16,20,1.055885,0.931809
10,16,21,1.058693,0.976416
10,16,22,0.999721,0.941721
10,16,23,1.075542,0.911983
10,16,24,1.030611,0.926852
10,16,25,1.005337,0.945026
10,16,26,0.915475,0.938417
10,16,27,0.873351,0.918591
10,16,28,0.819996,0.984677
10,16,29,0.643079,0.854158
10,16,30,0.595339,0.865723
10,16,31,0.623421,0.911983
10,16,32,0.626229,0.948330
10,16,33,0.645887,0.903722
10,16,34,0.620613,0.802941
10,16,35,0.617805,0.693900
10,16,36,0.612188,0.606336
10,16,37,0.606572,0.497295
10,16,38,0.390340,0.406427
10,16,39,0.219040,0.363471
10,16,40,0.190958,0.356863
10,16,41,0.207807,0.360167
10,16,42,0.185341,0.378341
10,16,43,0.162876,0.432861
10,16,44,0.117945,0.455991
10,16,45,0.123561,0.457644
10,16,46,0.084246,0.482426
10,16,47,0.089863,0.477469
10,17,0,0.106712,0.399819
10,17,1,0.185341,0.427905
10,17,2,0.224656,0.446079
10,17,3,0.266779,0.495643
10,17,4,0.219040,0.482426
10,17,5,0.174109,0.444426
10,17,6,0.176917,0.454339
10,17,7,0.182533,0.419644
10,17,8,0.165684,0.426253
10,17,9,0.196574,0.404775
10,17,10,0.179725,0.351906
10,17,11,0.176917,0.371732
10,17,12,0.112328,0.320516
10,17,13,0.131986,0.332081
10,17,14,0.154451,0.257734
10,17,15,0.185341,0.158606
10,17,16,0.148835,0.102433
10,17,17,0.204999,0.077651
10,17,18,0.216232,0.066086
10,17,19,0.247122,0.067738
10,17,20,0.199382,0.082607
10,17,21,0.230273,0.221387
10,17,22,0.210615,0.294081
10,17,23,0.207807,0.290777
10,17,24,0.188150,0.242865
10,17,25,0.230273,0.183388
10,17,26,0.216232,0.110694
10,17,27,0.300478,0.127215
10,17,28,0.308902,0.100781
10,17,29,0.292053,0.117302
10,17,30,0.280820,0.113998
10,17,31,0.294861,0.118954
10,17,32,0.272396,0.102433
10,17,33,0.283629,0.143736
10,17,34,0.258355,0.199909
10,17,35,0.238697,0.272604
10,17,36,0.241506,0.208170
10,17,37,0.272396,0.153649
10,17,38,0.123561,0.122259
10,17,39,0.056164,0.120606
10,17,40,0.033698,0.115650
10,17,41,0.019657,0.132171
10,17,42,0.008425,0.186692
10,17,43,0.011233,0.224691
10,17,44,0.019657,0.242865
10,17,45,0.053356,0.246169
10,17,46,0.056164,0.265995
10,17,47,0.058972,0.297386
10,18,0,0.123561,0.318864
10,18,1,0.140410,0.436166
10,18,2,0.126369,0.464252
10,18,3,0.165684,0.429557
10,18,4,0.148835,0.457644
10,18,5,0.131986,0.527034
10,18,6,0.126369,0.520425
10,18,7,0.174109,0.538599
10,18,8,0.190958,0.566685
10,18,9,0.258355,0.493991
10,18,10,0.404381,0.561729
10,18,11,0.502669,0.631119
10,18,12,0.558833,0.688944
10,18,13,0.592531,0.586511
10,18,14,0.659928,0.645988
10,18,15,0.713284,0.662509
10,18,16,0.716092,0.735204
10,18,17,0.730133,0.690596
10,18,18,0.721708,0.627814
10,18,19,0.789105,0.619554
10,18,20,0.842461,0.650944
10,18,21,0.794722,0.583206
10,18,22,0.800338,0.606336
10,18,23,0.808763,0.652596
10,18,24,0.746982,0.617901
10,18,25,0.738558,0.601380
10,18,26,0.676777,0.677379
10,18,27,0.570065,0.740160
10,18,28,0.415614,0.609641
10,18,29,0.381916,0.748421
10,18,30,0.440888,0.769899
10,18,31,0.536367,0.809550
10,18,32,0.609380,0.837636
10,18,33,0.693626,0.834332
10,18,34,0.718900,0.864071
10,18,35,0.831228,0.865723
10,18,36,0.994104,0.978069
10,18,37,1.210336,1.338236
10,18,38,1.347938,1.728141
10,18,39,1.581019,1.835531
10,18,40,1.550129,1.698403
10,18,41,1.614717,1.746315
10,18,42,1.625950,1.857009
10,18,43,1.550129,2.136221
10,18,44,1.446225,2.294826
10,18,45,1.449033,2.364216
10,18,46,1.628758,2.428650
10,18,47,1.701772,2.547604
10,19,0,1.870264,2.641776
10,19,1,1.918003,2.628559
10,19,2,1.825333,2.547604
10,19,3,1.741086,2.502996
10,19,4,1.687731,2.413781
10,19,5,1.698963,2.438563
10,19,6,1.668073,2.400564
10,19,7,1.696155,2.390651
10,19,8,1.575402,2.304739
10,19,9,1.609101,2.222132
10,19,10,1.513622,2.195698
10,19,11,1.488348,2.159351
10,19,12,1.392869,2.020571
10,19,13,1.303007,1.802488
10,19,14,1.238418,1.678577
10,19,15,1.215952,1.562927
10,19,16,1.173829,1.452234
10,19,17,1.272116,1.396061
10,19,18,1.322664,1.401017
10,19,19,1.412527,1.376235
10,19,20,1.491156,1.211021
10,19,21,1.401294,1.166413
10,19,22,1.303007,1.136674
10,19,23,1.361979,1.049111
10,19,24,1.311431,0.974764
10,19,25,1.378828,0.847549
10,19,26,1.288966,0.750073
10,19,27,1.491156,0.745116
10,19,28,1.609101,0.717030
10,19,29,1.623142,0.556772
10,19,30,1.412527,0.492339
10,19,31,1.204720,0.561729
10,19,32,1.050268,0.520425
10,19,33,1.064309,0.484078
10,19,34,1.047460,0.411384
10,19,35,1.005337,0.317211
10,19,36,0.921091,0.257734
10,19,37,0.876160,0.201561
10,19,38,0.676777,0.186692
10,19,39,0.474586,0.147041
10,19,40,0.440888,0.125563
10,19,41,0.387532,0.135476
10,19,42,0.438080,0.168519
10,19,43,0.367875,0.188344
10,19,44,0.356642,0.203214
10,19,45,0.292053,0.254430
10,19,46,0.379108,0.285821
10,19,47,0.480203,0.292429
10,20,0,0.516710,0.345298
10,20,1,0.483011,0.295734
10,20,2,0.311711,0.239561
10,20,3,0.452121,0.252778
10,20,4,0.623421,0.247821
10,20,5,0.789105,0.227996
10,20,6,1.053076,0.208170
10,20,7,1.451841,0.209822
10,20,8,1.788826,0.246169
10,20,9,2.069646,0.280864
10,20,10,2.097728,0.431209
10,20,11,1.836565,0.541903
10,20,12,1.648416,0.652596
10,20,13,1.670881,0.690596
10,20,14,1.738278,0.926852
10,20,15,1.735470,1.057371
10,20,16,1.839374,1.027633
10,20,17,1.901154,1.007807
10,20,18,1.889921,1.158152
10,20,19,1.870264,1.215977
10,20,20,1.752319,1.262237
10,20,21,1.639991,1.113544
10,20,22,1.682114,1.090414
10,20,23,1.645608,1.143283
10,20,24,1.662457,1.174674
10,20,25,1.743895,1.240759
10,20,26,1.623142,1.166413
10,20,27,1.861839,1.166413
10,20,28,2.021907,1.204412
10,20,29,1.805675,1.176326
10,20,30,1.701772,1.135022
10,20,31,1.606293,1.087110
10,20,32,1.463074,1.131718
10,20,33,1.544512,1.068936
10,20,34,1.516430,1.052415
10,20,35,1.493965,0.986329
10,20,36,1.477115,0.963199
10,20,37,1.628758,0.878940
10,20,38,1.519238,0.918591
10,20,39,1.173829,0.897114
10,20,40,1.024994,0.938417
10,20,41,1.083967,0.845897
10,20,42,1.019378,0.789724
10,20,43,1.036227,0.669118
10,20,44,1.145747,0.569989
10,20,45,0.977255,0.596424
10,20,46,1.067118,0.621206
10,20,47,1.148555,0.667466
10,21,0,1.131706,0.670770
10,21,1,1.100816,0.569989
10,21,2,1.047460,0.416340
10,21,3,0.932324,0.368428
10,21,4,0.724517,0.335385
10,21,5,0.738558,0.323820
10,21,6,0.828420,0.285821
10,21,7,1.019378,0.310603
10,21,8,0.921091,0.320516
10,21,9,0.895817,0.338689
10,21,10,0.791914,0.323820
10,21,11,0.825612,0.292429
10,21,12,0.814379,0.275908
10,21,13,0.769448,0.264343
10,21,14,0.842461,0.279212
10,21,15,0.800338,0.216431
10,21,16,0.862119,0.204866
10,21,17,0.937940,0.185040
10,21,18,1.053076,0.201561
10,21,19,1.039035,0.193301
10,21,20,0.859310,0.224691
10,21,21,0.805955,0.232952
10,21,22,0.887392,0.279212
10,21,23,0.980063,0.388254
10,21,24,0.966022,0.517121
10,21,25,1.041844,0.454339
10,21,26,1.019378,0.616249
10,21,27,1.058693,0.497295
10,21,28,0.991296,0.469209
10,21,29,1.005337,0.441122
10,21,30,0.923899,0.399819
10,21,31,0.915475,0.426253
10,21,32,0.848078,0.493991
10,21,33,0.878968,0.474165
10,21,34,0.884584,0.429557
10,21,35,0.923899,0.348602
10,21,36,0.870543,0.366776
10,21,37,0.907050,0.327124
10,21,38,0.713284,0.297386
10,21,39,0.508285,0.261039
10,21,40,0.449313,0.299038
10,21,41,0.527942,0.236256
10,21,42,0.275204,0.224691
10,21,43,0.328560,0.196605
10,21,44,0.339793,0.216431
10,21,45,0.367875,0.249474
10,21,46,0.463354,0.236256
10,21,47,0.429655,0.216431
10,22,0,0.409998,0.206518
10,22,1,0.426847,0.249474
10,22,2,0.412806,0.275908
10,22,3,0.353834,0.259386
10,22,4,0.339793,0.244517
10,22,5,0.421231,0.289125
10,22,6,0.421231,0.269299
10,22,7,0.505477,0.244517
10,22,8,0.497052,0.232952
10,22,9,0.547600,0.280864
10,22,10,0.466162,0.295734
10,22,11,0.426847,0.277560
10,22,12,0.457737,0.300690
10,22,13,0.477395,0.232952
10,22,14,0.449313,0.256082
10,22,15,0.480203,0.241213
10,22,16,0.480203,0.176779
10,22,17,0.556024,0.161910
10,22,18,0.592531,0.113998
10,22,19,0.659928,0.084259
10,22,20,0.612188,0.094172
10,22,21,0.553216,0.084259
10,22,22,0.488627,0.094172
10,22,23,0.533559,0.100781
10,22,24,0.541983,0.118954
10,22,25,0.575682,0.122259
10,22,26,0.536367,0.138780
10,22,27,0.527942,0.135476
10,22,28,0.533559,0.148693
10,22,29,0.578490,0.166866
10,22,30,0.438080,0.165214
10,22,31,0.418422,0.155301
10,22,32,0.424039,0.142084
10,22,33,0.435272,0.153649
10,22,34,0.390340,0.163562
10,22,35,0.412806,0.223039
10,22,36,0.440888,0.211474
10,22,37,0.499860,0.188344
10,22,38,0.438080,0.176779
10,22,39,0.409998,0.178431
10,22,40,0.367875,0.158606
10,22,41,0.342601,0.165214
10,22,42,0.294861,0.166866
10,22,43,0.210615,0.170171
10,22,44,0.148835,0.196605
10,22,45,0.179725,0.185040
10,22,46,0.233081,0.188344
10,22,47,0.311711,0.209822
10,23,0,0.280820,0.211474
10,23,1,0.255547,0.221387
10,23,2,0.185341,0.242865
10,23,3,0.129177,0.254430
10,23,4,0.081438,0.251126
10,23,5,0.129177,0.256082
10,23,6,0.129177,0.252778
10,23,7,0.179725,0.259386
10,23,8,0.165684,0.289125
10,23,9,0.179725,0.289125
10,23,10,0.117945,0.290777
10,23,11,0.073013,0.332081
10,23,12,0.042123,0.310603
10,23,13,0.053356,0.274256
10,23,14,0.061780,0.226344
10,23,15,0.070205,0.168519
10,23,16,0.081438,0.130519
10,23,17,0.117945,0.102433
10,23,18,0.179725,0.077651
10,23,19,0.174109,0.062781
10,23,20,0.244314,0.036347
10,23,21,0.278012,0.026434
10,23,22,0.134794,0.026434
10,23,23,0.117945,0.023130
10,23,24,0.103904,0.024782
10,23,25,0.126369,0.037999
10,23,26,0.174109,0.042956
10,23,27,0.272396,0.056173
10,23,28,0.322943,0.062781
10,23,29,0.345409,0.046260
10,23,30,0.322943,0.046260
10,23,31,0.404381,0.049564
10,23,32,0.415614,0.041304
10,23,33,0.457737,0.056173
10,23,34,0.497052,0.064434
10,23,35,0.581298,0.062781
10,23,36,0.598147,0.077651
10,23,37,0.671161,0.112346
10,23,38,0.508285,0.110694
10,23,39,0.541983,0.090868
10,23,40,0.547600,0.102433
10,23,41,0.592531,0.117302
10,23,42,0.600956,0.142084
10,23,43,0.553216,0.128867
10,23,44,0.494244,0.137128
10,23,45,0.454929,0.155301
10,23,46,0.387532,0.171823
10,23,47,0.348217,0.194953
10,24,0,0.247122,0.175127
10,24,1,0.207807,0.158606
10,24,2,0.219040,0.191649
10,24,3,0.244314,0.166866
10,24,4,0.224656,0.196605
10,24,5,0.311711,0.214779
10,24,6,0.328560,0.208170
10,24,7,0.356642,0.239561
10,24,8,0.499860,0.279212
10,24,9,0.429655,0.312255
10,24,10,0.255547,0.341994
10,24,11,0.165684,0.351906
10,24,12,0.143218,0.333733
10,24,13,0.148835,0.317211
10,24,14,0.137602,0.303994
10,24,15,0.143218,0.270951
10,24,16,0.143218,0.261039
10,24,17,0.165684,0.239561
10,24,18,0.126369,0.229648
10,24,19,0.109520,0.188344
10,24,20,0.112328,0.145389
10,24,21,0.126369,0.117302
10,24,22,0.143218,0.099129
10,24,23,0.146027,0.089216
10,24,24,0.123561,0.110694
10,24,25,0.148835,0.143736
10,24,26,0.106712,0.155301
10,24,27,0.123561,0.171823
10,24,28,0.101095,0.193301
10,24,29,0.115136,0.186692
10,24,30,0.109520,0.161910
10,24,31,0.103904,0.178431
10,24,32,0.087054,0.178431
10,24,33,0.092671,0.204866
10,24,34,0.106712,0.193301
10,24,35,0.137602,0.173475
10,24,36,0.157259,0.148693
10,24,37,0.151643,0.148693
10,24,38,0.106712,0.153649
10,24,39,0.087054,0.158606
10,24,40,0.070205,0.135476
10,24,41,0.073013,0.147041
10,24,42,0.058972,0.191649
10,24,43,0.058972,0.221387
10,24,44,0.067397,0.257734
10,24,45,0.103904,0.241213
10,24,46,0.089863,0.219735
10,24,47,0.137602,0.219735
10,25,0,0.140410,0.270951
10,25,1,0.162876,0.269299
10,25,2,0.174109,0.277560
10,25,3,0.188150,0.287473
10,25,4,0.160068,0.299038
10,25,5,0.224656,0.307299
10,25,6,0.308902,0.343646
10,25,7,0.351025,0.353559
10,25,8,0.286437,0.401471
10,25,9,0.376299,0.455991
10,25,10,0.421231,0.472513
10,25,11,0.440888,0.485730
10,25,12,0.390340,0.469209
10,25,13,0.412806,0.408079
10,25,14,0.488627,0.409731
10,25,15,0.556024,0.403123
10,25,16,0.550408,0.343646
10,25,17,0.513901,0.267647
10,25,18,0.527942,0.219735
10,25,19,0.533559,0.191649
10,25,20,0.314519,0.181736
10,25,21,0.244314,0.173475
10,25,22,0.339793,0.158606
10,25,23,0.457737,0.122259
10,25,24,0.415614,0.112346
10,25,25,0.424039,0.104085
10,25,26,0.426847,0.130519
10,25,27,0.561641,0.161910
10,25,28,0.775064,0.170171
10,25,29,0.718900,0.155301
10,25,30,0.746982,0.160258
10,25,31,0.864927,0.201561
10,25,32,0.873351,0.246169
10,25,33,0.960406,0.312255
10,25,34,1.092391,0.356863
10,25,35,1.229993,0.386601
10,25,36,1.260884,0.388254
10,25,37,1.269308,0.442774
10,25,38,1.058693,0.487382
10,25,39,0.951981,0.451035
10,25,40,0.721708,0.495643
10,25,41,0.626229,0.512164
10,25,42,0.586915,0.467556
10,25,43,0.564449,0.484078
10,25,44,0.457737,0.442774
10,25,45,0.418422,0.426253
10,25,46,0.421231,0.434514
10,25,47,0.488627,0.469209
10,26,0,0.539175,0.475817
10,26,1,0.491436,0.460948
10,26,2,0.516710,0.477469
10,26,3,0.533559,0.470861
10,26,4,0.544792,0.426253
10,26,5,0.572874,0.464252
10,26,6,0.586915,0.553468
10,26,7,0.648695,0.515469
10,26,8,0.645887,0.541903
10,26,9,0.741366,0.596424
10,26,10,0.769448,0.639379
10,26,11,0.741366,0.674074
10,26,12,0.763831,0.718682
10,26,13,0.878968,0.685639
10,26,14,0.912666,0.674074
10,26,15,0.960406,0.589815
10,26,16,0.946365,0.599728
10,26,17,0.966022,0.581554
10,26,18,0.921091,0.629466
10,26,19,0.935132,0.725291
10,26,20,0.803146,0.819463
10,26,21,0.690818,0.797985
10,26,22,0.671161,0.750073
10,26,23,0.682394,0.680683
10,26,24,0.648695,0.586511
10,26,25,0.612188,0.541903
10,26,26,0.558833,0.477469
10,26,27,0.592531,0.394862
10,26,28,0.688010,0.378341
10,26,29,0.707667,0.446079
10,26,30,0.662736,0.449383
10,26,31,0.690818,0.442774
10,26,32,0.685202,0.447731
10,26,33,0.814379,0.398166
10,26,34,0.971639,0.414688
10,26,35,1.103624,0.388254
10,26,36,1.238418,0.280864
10,26,37,1.263692,0.180084
10,26,38,1.328280,0.143736
10,26,39,1.392869,0.171823
10,26,40,1.390061,0.226344
10,26,41,1.244034,0.335385
10,26,42,1.086775,0.426253
10,26,43,1.010953,0.555120
10,26,44,0.963214,0.799637
10,26,45,0.915475,0.943374
10,26,46,1.005337,0.978069
10,26,47,1.165405,1.067284
10,27,0,1.210336,1.272150
10,27,1,1.249651,1.574492
10,27,2,1.300198,1.721533
10,27,3,1.347938,1.895008
10,27,4,1.364787,2.420389
10,27,5,1.508006,2.531083
10,27,6,1.437800,2.668211
10,27,7,1.260884,2.782209
10,27,8,0.982871,2.775600
10,27,9,1.053076,2.706210
10,27,10,1.100816,2.772296
10,27,11,1.050268,2.732644
10,27,12,1.083967,2.651689
10,27,13,1.128898,2.438563
10,27,14,1.215952,2.469954
10,27,15,1.255267,2.625255
10,27,16,1.196295,2.537691
10,27,17,1.199103,2.418737
10,27,18,1.204720,2.393955
10,27,19,1.297390,2.352651
10,27,20,1.182254,2.357608
10,27,21,1.387253,2.321261
10,27,22,1.552937,2.395607
10,27,23,1.670881,2.395607
10,27,24,1.701772,2.289870
10,27,25,1.757936,2.605429
10,27,26,1.842182,2.658298
10,27,27,1.948894,2.795426
10,27,28,2.226906,2.730992
10,27,29,2.313960,2.768991
10,27,30,2.283070,2.754122
10,27,31,2.044373,2.836729
10,27,32,2.024715,3.041595
10,27,33,2.176358,3.030030
10,27,34,2.165125,3.016813
10,27,35,2.221289,3.039943
10,27,36,2.305535,3.071334
10,27,37,2.386973,3.130811
10,27,38,2.426288,3.195244
10,27,39,2.502110,3.221679
10,27,40,2.518959,3.180375
10,27,41,2.561082,3.132463
10,27,42,2.401014,3.115941
10,27,43,2.395398,3.099420
10,27,44,2.353275,3.066377
10,27,45,2.384165,2.765687
10,27,46,2.378549,2.597169
10,27,47,2.353275,2.511257
10,28,0,2.226906,2.760731
10,28,1,2.294303,2.820208
10,28,2,2.344850,2.922641
10,28,3,2.347659,2.914380
10,28,4,2.316768,2.868120
10,28,5,2.420672,2.878033
10,28,6,2.347659,2.868120
10,28,7,2.353275,2.729340
10,28,8,2.350467,2.759079
10,28,9,2.364508,2.823512
10,28,10,2.358891,2.578995
10,28,11,2.181975,2.593864
10,28,12,2.089304,2.674819
10,28,13,1.884305,2.357608
10,28,14,1.903962,2.623603
10,28,15,1.954510,2.676471
10,28,16,1.991017,2.602125
10,28,17,2.005058,2.590560
10,28,18,2.089304,2.598821
10,28,19,2.094920,2.800382
10,28,20,2.181975,2.904467
10,28,21,2.249371,2.806991
10,28,22,2.190399,2.902815
10,28,23,2.204440,2.811947
10,28,24,2.207248,2.775600
10,28,25,2.252180,2.846642
10,28,26,2.190399,2.787165
10,28,27,2.344850,2.783861
10,28,28,2.448754,2.800382
10,28,29,2.454370,2.813599
10,28,30,2.420672,2.706210
10,28,31,2.288686,2.869772
10,28,32,2.221289,2.902815
10,28,33,2.221289,2.856555
10,28,34,2.201632,2.851599
10,28,35,2.266221,2.995335
10,28,36,2.291494,2.942466
10,28,37,2.356083,2.998639
10,28,38,2.462795,2.917684
10,28,39,2.420672,2.851599
10,28,40,2.232522,2.992031
10,28,41,2.198824,3.054812
10,28,42,2.047181,2.939162
10,28,43,1.923620,3.025074
10,28,44,1.774785,2.970553
10,28,45,1.786018,2.996987
10,28,46,1.800059,2.920989
10,28,47,1.889921,2.942466
10,29,0,2.016290,2.650037
10,29,1,1.909579,2.767339
10,29,2,1.884305,2.676471
10,29,3,1.724237,2.502996
10,29,4,1.510814,2.608734
10,29,5,1.631567,2.303087
10,29,6,1.713004,2.256827
10,29,7,1.715813,2.134569
10,29,8,1.623142,1.876834
10,29,9,1.668073,1.835531
10,29,10,1.575402,1.886747
10,29,11,1.536088,1.802488
10,29,12,1.415335,1.843791
10,29,13,1.272116,1.564579
10,29,14,1.218761,1.470407
10,29,15,1.168213,1.429104
10,29,16,1.263692,1.399365
10,29,17,1.260884,1.452234
10,29,18,1.190678,1.536493
10,29,19,1.283349,1.559623
10,29,20,1.078350,1.599274
10,29,21,1.053076,1.630665
10,29,22,1.140131,1.746315
10,29,23,1.179446,1.624056
10,29,24,1.109241,1.500146
10,29,25,1.013762,1.511711
10,29,26,1.112049,1.396061
10,29,27,0.994104,1.199456
10,29,28,0.884584,1.101979
10,29,29,0.971639,0.989634
10,29,30,0.780681,0.893809
10,29,31,0.553216,0.797985
10,29,32,0.421231,0.735204
10,29,33,0.424039,0.682335
10,29,34,0.415614,0.650944
10,29,35,0.401573,0.523729
10,29,36,0.393149,0.431209
10,29,37,0.381916,0.361819
10,29,38,0.365067,0.351906
10,29,39,0.348217,0.299038
10,29,40,0.317327,0.244517
10,29,41,0.238697,0.244517
10,29,42,0.126369,0.231300
10,29,43,0.103904,0.227996
10,29,44,0.087054,0.203214
10,29,45,0.117945,0.227996
10,29,46,0.160068,0.227996
10,29,47,0.289245,0.252778
10,30,0,0.317327,0.279212
10,30,1,0.522326,0.307299
10,30,2,0.651503,0.305646
10,30,3,0.783489,0.310603
10,30,4,0.763831,0.312255
10,30,5,0.803146,0.361819
10,30,6,0.859310,0.399819
10,30,7,0.926707,0.434514
10,30,8,0.954789,0.417992
10,30,9,1.171021,0.434514
10,30,10,1.303007,0.485730
10,30,11,1.339513,0.528686
10,30,12,1.221569,0.515469
10,30,13,1.109241,0.492339
10,30,14,1.075542,0.474165
10,30,15,1.047460,0.424601
10,30,16,1.137323,0.341994
10,30,17,1.199103,0.289125
10,30,18,1.140131,0.226344
10,30,19,1.185062,0.196605
10,30,20,1.190678,0.218083
10,30,21,1.142939,0.251126
10,30,22,1.128898,0.269299
10,30,23,1.176637,0.261039
10,30,24,1.168213,0.254430
10,30,25,1.235610,0.237909
10,30,26,1.286157,0.231300
10,30,27,1.387253,0.196605
10,30,28,1.460266,0.138780
10,30,29,1.527663,0.115650
10,30,30,1.477115,0.077651
10,30,31,1.468691,0.069390
10,30,32,1.440609,0.080955
10,30,33,1.499581,0.113998
10,30,34,1.510814,0.156954
10,30,35,1.682114,0.201561
10,30,36,1.707388,0.261039
10,30,37,1.713004,0.295734
10,30,38,1.710196,0.384949
10,30,39,1.752319,0.480774
10,30,40,1.859031,0.550164
10,30,41,1.878688,0.566685
10,30,42,1.833757,0.589815
10,30,43,1.842182,0.619554
10,30,44,1.732662,0.627814
10,30,45,1.690539,0.598076
10,30,46,1.575402,0.578250
10,30,47,1.426568,0.578250
10,31,0,1.381636,0.614597
10,31,1,1.294582,0.599728
10,31,2,1.210336,0.611293
10,31,3,1.221569,0.593119
10,31,4,1.106432,0.583206
10,31,5,1.089583,0.578250
10,31,6,0.940748,0.548511
10,31,7,0.789105,0.536946
10,31,8,0.598147,0.536946
10,31,9,0.516710,0.490686
10,31,10,0.415614,0.487382
10,31,11,0.395957,0.489034
10,31,12,0.306094,0.485730
10,31,13,0.331368,0.475817
10,31,14,0.306094,0.545207
10,31,15,0.297670,0.583206
10,31,16,0.283629,0.517121
10,31,17,0.289245,0.441122
10,31,18,0.258355,0.383297
10,31,19,0.261163,0.333733
10,31,20,0.126369,0.351906
10,31,21,0.140410,0.310603
10,31,22,0.137602,0.264343
10,31,23,0.151643,0.234604
10,31,24,0.126369,0.216431
10,31,25,0.134794,0.178431
10,31,26,0.134794,0.189996
10,31,27,0.064589,0.158606
10,31,28,0.044931,0.173475
10,31,29,0.053356,0.183388
10,31,30,0.033698,0.216431
10,31,31,0.067397,0.236256
10,31,32,0.092671,0.262691
10,31,33,0.140410,0.310603
10,31,34,0.151643,0.333733
10,31,35,0.168492,0.398166
10,31,36,0.185341,0.431209
10,31,37,0.207807,0.454339
10,31,38,0.168492,0.434514
10,31,39,0.179725,0.406427
10,31,40,0.193766,0.421296
10,31,41,0.272396,0.373384
10,31,42,0.297670,0.340341
10,31,43,0.308902,0.325472
10,31,44,0.336984,0.441122
10,31,45,0.373491,0.588163
10,31,46,0.505477,0.670770
10,31,47,0.629038,0.850854
11,1,0,0.629038,0.963199
11,1,1,0.676777,1.059024
11,1,2,0.702051,1.139979
11,1,3,0.668353,1.219281
11,1,4,0.603764,1.389452
11,1,5,0.780681,1.576144
11,1,6,0.966022,1.868574
11,1,7,1.055885,2.225436
11,1,8,1.235610,2.425346
11,1,9,1.370404,2.466649
11,1,10,1.440609,2.654994
11,1,11,1.544512,2.767339
11,1,12,1.572594,2.734296
11,1,13,1.409718,2.732644
11,1,14,1.460266,2.783861
11,1,15,1.541704,2.729340
11,1,16,1.592252,2.815251
11,1,17,1.673690,2.722731
11,1,18,1.743895,2.712819
11,1,19,1.901154,2.696297
11,1,20,1.979784,2.732644
11,1,21,1.864647,2.721079
11,1,22,1.738278,2.785513
11,1,23,1.715813,2.876381
11,1,24,1.800059,3.023421
11,1,25,1.940469,2.927597
11,1,26,1.847798,2.754122
11,1,27,2.061222,2.664906
11,1,28,2.319576,2.631864
11,1,29,2.443137,2.431954
11,1,30,2.386973,2.314652
11,1,31,2.176358,2.230393
11,1,32,2.061222,2.230393
11,1,33,2.075263,2.129612
11,1,34,2.072455,1.855356
11,1,35,2.027523,1.638926
11,1,36,1.929236,1.442321
11,1,37,1.929236,1.263889
11,1,38,1.859031,1.164761
11,1,39,1.774785,0.999546
11,1,40,1.586635,0.948330
11,1,41,1.440609,0.907026
11,1,42,1.294582,0.902070
11,1,43,1.117665,0.902070
11,1,44,0.923899,0.971460
11,1,45,0.864927,1.111892
11,1,46,0.690818,1.268846
11,1,47,0.578490,1.475364
11,2,0,0.530751,1.896660
11,2,1,0.550408,2.025527
11,2,2,0.589723,2.294826
11,2,3,0.606572,2.417085
11,2,4,0.567257,2.540996
11,2,5,0.673969,2.544300
11,2,6,0.752599,2.555865
11,2,7,0.850886,2.613690
11,2,8,0.918283,2.694645
11,2,9,1.106432,2.727688
11,2,10,1.224377,2.750818
11,2,11,1.347938,2.712819
11,2,12,1.387253,2.716123
11,2,13,1.235610,2.630211
11,2,14,1.263692,2.531083
11,2,15,1.356363,2.435259
11,2,16,1.449033,2.294826
11,2,17,1.409718,2.164307
11,2,18,1.440609,2.010658
11,2,19,1.451841,1.800836
11,2,20,1.364787,1.544754
11,2,21,1.325472,1.334931
11,2,22,1.269308,1.186239
11,2,23,1.244034,1.075545
11,2,24,1.196295,0.948330
11,2,25,1.218761,0.864071
11,2,26,1.218761,0.743464
11,2,27,1.016570,0.490686
11,2,28,0.814379,0.409731
11,2,29,0.702051,0.401471
11,2,30,0.631846,0.432861
11,2,31,0.589723,0.489034
11,2,32,0.477395,0.634423
11,2,33,0.483011,0.807898
11,2,34,0.497052,0.968156
11,2,35,0.533559,1.027633
11,2,36,0.530751,1.123457
11,2,37,0.558833,1.391104
11,2,38,0.491436,1.278759
11,2,39,0.454929,1.338236
11,2,40,0.362258,1.130066
11,2,41,0.286437,1.068936
11,2,42,0.221848,0.911983
11,2,43,0.238697,0.920244
11,2,44,0.193766,1.073893
11,2,45,0.199382,1.011111
11,2,46,0.294861,0.831028
11,2,47,0.336984,0.717030
11,3,0,0.320135,0.586511
11,3,1,0.336984,0.553468
11,3,2,0.336984,0.583206
11,3,3,0.297670,0.596424
11,3,4,0.272396,0.715378
11,3,5,0.317327,0.745116
11,3,6,0.308902,0.900418
11,3,7,0.376299,0.806246
11,3,8,0.429655,0.771551
11,3,9,0.556024,0.907026
11,3,10,0.572874,0.918591
11,3,11,0.612188,0.973112
11,3,12,0.592531,0.954939
11,3,13,0.513901,0.804594
11,3,14,0.412806,0.723639
11,3,15,0.429655,0.586511
11,3,16,0.365067,0.555120
11,3,17,0.393149,0.546859
11,3,18,0.432463,0.470861
11,3,19,0.438080,0.467556
11,3,20,0.311711,0.409731
11,3,21,0.390340,0.487382
11,3,22,0.440888,0.617901
11,3,23,0.530751,0.650944
11,3,24,0.471778,0.745116
11,3,25,0.530751,0.968156
11,3,26,0.494244,1.118501
11,3,27,0.508285,1.148239
11,3,28,0.581298,1.169717
11,3,29,0.578490,1.080501
11,3,30,0.494244,1.067284
11,3,31,0.443696,1.121805
11,3,32,0.325752,1.143283
11,3,33,0.356642,1.054067
11,3,34,0.367875,0.983025
11,3,35,0.336984,1.017720
11,3,36,0.303286,0.893809
11,3,37,0.325752,0.806246
11,3,38,0.258355,0.698856
11,3,39,0.216232,0.611293
11,3,40,0.129177,0.563381
11,3,41,0.112328,0.475817
11,3,42,0.109520,0.376689
11,3,43,0.117945,0.328776
11,3,44,0.120753,0.308951
11,3,45,0.126369,0.305646
11,3,46,0.255547,0.328776
11,3,47,0.460545,0.246169
11,4,0,0.525134,0.224691
11,4,1,0.558833,0.223039
11,4,2,0.688010,0.229648
11,4,3,0.777873,0.214779
11,4,4,0.831228,0.244517
11,4,5,1.010953,0.259386
11,4,6,1.053076,0.256082
11,4,7,1.053076,0.256082
11,4,8,1.050268,0.261039
11,4,9,1.092391,0.308951
11,4,10,1.114857,0.323820
11,4,11,1.182254,0.318864
11,4,12,1.134514,0.370080
11,4,13,0.966022,0.371732
11,4,14,0.994104,0.365124
11,4,15,1.075542,0.327124
11,4,16,1.078350,0.270951
11,4,17,1.120473,0.153649
11,4,18,1.134514,0.105737
11,4,19,1.207528,0.094172
11,4,20,1.229993,0.097476
11,4,21,1.305815,0.104085
11,4,22,1.272116,0.104085
11,4,23,1.283349,0.112346
11,4,24,1.274925,0.150345
11,4,25,1.266500,0.163562
11,4,26,1.255267,0.145389
11,4,27,1.395677,0.145389
11,4,28,1.420951,0.138780
11,4,29,1.491156,0.128867
11,4,30,1.477115,0.109041
11,4,31,1.373212,0.097476
11,4,32,1.401294,0.094172
11,4,33,1.437800,0.104085
11,4,34,1.437800,0.137128
11,4,35,1.485540,0.185040
11,4,36,1.432184,0.185040
11,4,37,1.420951,0.181736
11,4,38,1.463074,0.198257
11,4,39,1.465882,0.279212
11,4,40,1.460266,0.358515
11,4,41,1.465882,0.404775
11,4,42,1.451841,0.444426
11,4,43,1.423759,0.508860
11,4,44,1.415335,0.566685
11,4,45,1.479924,0.594771
11,4,46,1.502389,0.642684
11,4,47,1.620334,0.624510
11,5,0,1.654032,0.631119
11,5,1,1.676498,0.649292
11,5,2,1.583827,0.674074
11,5,3,1.659649,0.717030
11,5,4,1.687731,0.700509
11,5,5,1.710196,0.721986
11,5,6,1.670881,0.672422
11,5,7,1.682114,0.622858
11,5,8,1.508006,0.609641
11,5,9,1.266500,0.614597
11,5,10,1.047460,0.617901
11,5,11,1.002529,0.624510
11,5,12,0.951981,0.598076
11,5,13,0.836845,0.541903
11,5,14,0.685202,0.513816
11,5,15,0.648695,0.426253
11,5,16,0.620613,0.356863
11,5,17,0.665544,0.287473
11,5,18,0.659928,0.242865
11,5,19,0.659928,0.214779
11,5,20,0.491436,0.196605
11,5,21,0.463354,0.191649
11,5,22,0.471778,0.226344
11,5,23,0.533559,0.261039
11,5,24,0.525134,0.294081
11,5,25,0.519518,0.270951
11,5,26,0.505477,0.232952
11,5,27,0.449313,0.251126
11,5,28,0.468970,0.211474
11,5,29,0.468970,0.166866
11,5,30,0.449313,0.132171
11,5,31,0.435272,0.158606
11,5,32,0.407190,0.122259
11,5,33,0.424039,0.100781
11,5,34,0.412806,0.097476
11,5,35,0.449313,0.095824
11,5,36,0.398765,0.092520
11,5,37,0.387532,0.089216
11,5,38,0.241506,0.079303
11,5,39,0.109520,0.100781
11,5,40,0.036507,0.104085
11,5,41,0.025274,0.110694
11,5,42,0.016849,0.123911
11,5,43,0.014041,0.151997
11,5,44,0.005616,0.145389
11,5,45,0.011233,0.125563
11,5,46,0.008425,0.113998
11,5,47,0.016849,0.120606
11,6,0,0.011233,0.113998
11,6,1,0.016849,0.143736
11,6,2,0.014041,0.150345
11,6,3,0.025274,0.158606
11,6,4,0.022466,0.158606
11,6,5,0.025274,0.145389
11,6,6,0.019657,0.168519
11,6,7,0.028082,0.206518
11,6,8,0.019657,0.259386
11,6,9,0.028082,0.280864
11,6,10,0.022466,0.244517
11,6,11,0.036507,0.247821
11,6,12,0.044931,0.237909
11,6,13,0.067397,0.158606
11,6,14,0.087054,0.123911
11,6,15,0.123561,0.110694
11,6,16,0.126369,0.095824
11,6,17,0.131986,0.057825
11,6,18,0.095479,0.039651
11,6,19,0.095479,0.028086
11,6,20,0.053356,0.018174
11,6,21,0.047739,0.013217
11,6,22,0.039315,0.011565
11,6,23,0.044931,0.011565
11,6,24,0.044931,0.016521
11,6,25,0.056164,0.034695
11,6,26,0.047739,0.051216
11,6,27,0.075822,0.137128
11,6,28,0.067397,0.204866
11,6,29,0.075822,0.262691
11,6,30,0.101095,0.323820
11,6,31,0.129177,0.586511
11,6,32,0.207807,0.890505
11,6,33,0.289245,1.158152
11,6,34,0.409998,1.153196
11,6,35,0.606572,1.260585
11,6,36,0.651503,1.239107
11,6,37,0.791914,1.204412
11,6,38,0.870543,1.192847
11,6,39,0.968830,1.151544
11,6,40,1.078350,1.087110
11,6,41,1.067118,1.141631
11,6,42,1.103624,1.394409
11,6,43,1.305815,1.685186
11,6,44,1.449033,1.990832
11,6,45,1.437800,2.162655
11,6,46,1.682114,2.190741
11,6,47,2.038756,2.220480
11,7,0,2.145468,2.458389
11,7,1,2.401014,2.519518
11,7,2,2.544233,2.512909
11,7,3,2.577931,2.526126
11,7,4,2.510534,2.491431
11,7,5,2.566698,2.440215
11,7,6,2.589164,2.569082
11,7,7,2.625671,2.608734
11,7,8,2.538616,2.582299
11,7,9,2.558274,2.582299
11,7,10,2.504918,2.588908
11,7,11,2.544233,2.499692
11,7,12,2.527384,2.379086
11,7,13,2.417864,2.317956
11,7,14,2.370124,2.415433
11,7,15,2.342042,2.580647
11,7,16,2.297111,2.612038
11,7,17,2.372932,2.615342
11,7,18,2.409439,2.729340
11,7,19,2.462795,2.823512
11,7,20,2.510534,2.904467
11,7,21,2.575123,2.942466
11,7,22,2.409439,2.980466
11,7,23,2.395398,2.960640
11,7,24,2.336426,2.970553
11,7,25,2.370124,2.934206
11,7,26,2.417864,2.935858
11,7,27,2.524575,2.882989
11,7,28,2.521767,2.911076
11,7,29,2.465603,2.889598
11,7,30,2.378549,2.889598
11,7,31,2.249371,2.881337
11,7,32,2.106153,2.993683
11,7,33,2.131427,3.000291
11,7,34,2.170742,3.028378
11,7,35,2.134235,2.993683
11,7,36,2.145468,2.925945
11,7,37,2.089304,2.866468
11,7,38,2.167933,2.727688
11,7,39,2.159509,2.436911
11,7,40,2.041564,2.496388
11,7,41,2.058414,2.352651
11,7,42,2.021907,2.336130
11,7,43,1.906771,2.263436
11,7,44,1.825333,2.109786
11,7,45,1.822524,1.890051
11,7,46,1.797251,1.769445
11,7,47,1.656840,1.658751
11,8,0,1.642799,1.619100
11,8,1,1.575402,1.731446
11,8,2,1.367595,1.586057
11,8,3,1.114857,1.529884
11,8,4,1.064309,1.450581
11,8,5,1.044652,1.194499
11,8,6,1.008145,0.997894
11,8,7,1.036227,0.986329
11,8,8,0.957598,0.816159
11,8,9,0.977255,0.707117
11,8,10,0.890201,0.847549
11,8,11,0.887392,0.683987
11,8,12,0.794722,0.593119
11,8,13,0.727325,0.556772
11,8,14,0.693626,0.545207
11,8,15,0.679585,0.427905
11,8,16,0.595339,0.345298
11,8,17,0.623421,0.328776
11,8,18,0.561641,0.332081
11,8,19,0.578490,0.242865
11,8,20,0.404381,0.183388
11,8,21,0.370683,0.180084
11,8,22,0.345409,0.147041
11,8,23,0.328560,0.107389
11,8,24,0.322943,0.054521
11,8,25,0.320135,0.039651
11,8,26,0.297670,0.036347
11,8,27,0.213424,0.033043
11,8,28,0.151643,0.047912
11,8,29,0.137602,0.051216
11,8,30,0.207807,0.034695
11,8,31,0.213424,0.024782
11,8,32,0.157259,0.023130
11,8,33,0.176917,0.029739
11,8,34,0.196574,0.047912
11,8,35,0.227465,0.046260
11,8,36,0.241506,0.047912
11,8,37,0.269588,0.127215
11,8,38,0.278012,0.211474
11,8,39,0.320135,0.219735
11,8,40,0.322943,0.287473
11,8,41,0.356642,0.337037
11,8,42,0.322943,0.358515
11,8,43,0.322943,0.375036
11,8,44,0.306094,0.384949
11,8,45,0.353834,0.393210
11,8,46,0.491436,0.414688
11,8,47,0.761023,0.505556
11,9,0,0.864927,0.553468
11,9,1,0.991296,0.645988
11,9,2,1.213144,0.632771
11,9,3,1.423759,0.632771
11,9,4,1.493965,0.617901
11,9,5,1.592252,0.546859
11,9,6,1.595060,0.560076
11,9,7,1.541704,0.581554
11,9,8,1.603484,0.619554
11,9,9,1.634375,0.636075
11,9,10,1.600676,0.644336
11,9,11,1.600676,0.660857
11,9,12,1.510814,0.748421
11,9,13,1.311431,0.769899
11,9,14,1.336705,0.730247
11,9,15,1.378828,0.750073
11,9,16,1.488348,0.710421
11,9,17,1.536088,0.730247
11,9,18,1.527663,0.665814
11,9,19,1.589443,0.690596
11,9,20,1.617526,0.708769
11,9,21,1.597868,0.665814
11,9,22,1.443417,0.647640
11,9,23,1.446225,0.707117
11,9,24,1.463074,0.693900
11,9,25,1.468691,0.665814
11,9,26,1.468691,0.715378
11,9,27,1.620334,0.725291
11,9,28,1.628758,0.786420
11,9,29,1.541704,0.862419
11,9,30,1.558553,0.926852
11,9,31,1.474307,0.923548
11,9,32,1.420951,0.945026
11,9,33,1.454650,1.004503
11,9,34,1.446225,1.030937
11,9,35,1.524855,1.085458
11,9,36,1.496773,1.068936
11,9,37,1.516430,1.083806
11,9,38,1.260884,1.179630
11,9,39,0.994104,1.123457
11,9,40,0.797530,1.105284
11,9,41,0.673969,1.498494
11,9,42,0.713284,2.080048
11,9,43,0.811571,2.169264
11,9,44,0.783489,2.256827
11,9,45,0.783489,2.352651
11,9,46,0.968830,2.393955
11,9,47,1.072734,2.379086
11,10,0,1.053076,2.263436
11,10,1,0.980063,2.223784
11,10,2,0.808763,2.091613
11,10,3,0.738558,1.924746
11,10,4,0.659928,1.838835
11,10,5,0.620613,1.828922
11,10,6,0.541983,1.675273
11,10,7,0.488627,1.351453
11,10,8,0.519518,1.614144
11,10,9,0.345409,1.776054
11,10,10,0.280820,1.584405
11,10,11,0.387532,1.663708
11,10,12,0.426847,1.685186
11,10,13,0.575682,1.496841
11,10,14,0.662736,1.524928
11,10,15,0.876160,1.513363
11,10,16,1.008145,1.746315
11,10,17,1.039035,1.886747
11,10,18,1.291774,1.987528
11,10,19,1.432184,2.455084
11,10,20,1.631567,2.410476
11,10,21,1.830949,2.519518
11,10,22,1.788826,2.689689
11,10,23,1.979784,2.737601
11,10,24,1.898346,2.709514
11,10,25,1.901154,2.825164
11,10,26,1.912387,2.863164
11,10,27,2.111769,2.884641
11,10,28,2.412247,2.818556
11,10,29,2.210057,2.838381
11,10,30,2.131427,2.882989
11,10,31,1.901154,2.869772
11,10,32,1.774785,2.907771
11,10,33,1.788826,2.925945
11,10,34,1.873072,2.813599
11,10,35,1.811292,2.790469
11,10,36,1.901154,2.854903
11,10,37,1.968551,2.752470
11,10,38,2.232522,2.574039
11,10,39,2.375741,2.621951
11,10,40,2.344850,2.673167
11,10,41,2.406631,2.792121
11,10,42,2.434713,2.764035
11,10,43,2.420672,2.727688
11,10,44,2.434713,2.843338
11,10,45,2.364508,2.798730
11,10,46,2.471220,2.730992
11,10,47,2.462795,2.899511
11,11,0,2.530192,2.892902
11,11,1,2.521767,2.858207
11,11,2,2.504918,2.802034
11,11,3,2.547041,2.859859
11,11,4,2.555466,2.917684
11,11,5,2.493685,2.929249
11,11,6,2.412247,2.950727
11,11,7,2.384165,2.873076
11,11,8,2.347659,2.919336
11,11,9,2.319576,2.818556
11,11,10,2.302727,2.950727
11,11,11,2.389782,3.008552
11,11,12,2.333618,2.995335
11,11,13,2.114578,2.828469
11,11,14,2.049989,2.767339
11,11,15,2.094920,2.767339
11,11,16,2.016290,2.750818
11,11,17,2.072455,2.813599
11,11,18,2.058414,2.843338
11,11,19,2.120194,2.815251
11,11,20,2.055605,2.792121
11,11,21,2.080879,2.768991
11,11,22,1.962935,2.749166
11,11,23,1.915195,2.709514
11,11,24,1.825333,2.792121
11,11,25,1.816908,2.803686
11,11,26,1.769169,2.787165
11,11,27,1.763552,2.724384
11,11,28,1.749511,2.692993
11,11,29,1.780401,2.658298
11,11,30,1.670881,2.717775
11,11,31,1.614717,2.762383
11,11,32,1.623142,2.798730
11,11,33,1.617526,2.740905
11,11,34,1.614717,2.894554
11,11,35,1.600676,2.886294
11,11,36,1.696155,2.780556
11,11,37,1.732662,2.747514
11,11,38,1.581019,2.778904
11,11,39,1.578211,2.737601
11,11,40,1.564170,2.787165
11,11,41,1.552937,2.707862
11,11,42,1.505197,2.597169
11,11,43,1.496773,2.585604
11,11,44,1.482732,2.706210
11,11,45,1.550129,2.739253
11,11,46,1.564170,2.674819
11,11,47,1.547320,2.674819
11,12,0,1.628758,2.658298
11,12,1,1.544512,2.605429
11,12,2,1.569786,2.517866
11,12,3,1.780401,2.486475
11,12,4,1.713004,2.504649
11,12,5,1.811292,2.347695
11,12,6,1.842182,2.380738
11,12,7,1.850606,2.418737
11,12,8,1.903962,2.167611
11,12,9,1.976976,2.129612
11,12,10,1.889921,2.139525
11,12,11,1.934853,2.017266
11,12,12,1.934853,1.903269
11,12,13,1.741086,1.673621
11,12,14,1.592252,1.493537
11,12,15,1.558553,1.442321
11,12,16,1.510814,1.278759
11,12,17,1.499581,1.166413
11,12,18,1.524855,1.032589
11,12,19,1.586635,0.968156
11,12,20,1.620334,0.857462
11,12,21,1.676498,0.804594
11,12,22,1.547320,0.776507
11,12,23,1.572594,0.746769
11,12,24,1.600676,0.740160
11,12,25,1.600676,0.748421
11,12,26,1.569786,0.763290
11,12,27,1.704580,0.717030
11,12,28,1.842182,0.677379
11,12,29,1.721429,0.642684
11,12,30,1.566978,0.578250
11,12,31,1.468691,0.555120
11,12,32,1.465882,0.553468
11,12,33,1.552937,0.546859
11,12,34,1.499581,0.571641
11,12,35,1.561361,0.601380
11,12,36,1.558553,0.593119
11,12,37,1.583827,0.563381
11,12,38,1.651224,0.594771
11,12,39,1.625950,0.581554
11,12,40,1.645608,0.599728
11,12,41,1.611909,0.579902
11,12,42,1.614717,0.599728
11,12,43,1.575402,0.662509
11,12,44,1.474307,0.687291
11,12,45,1.446225,0.713726
11,12,46,1.508006,0.712074
11,12,47,1.550129,0.708769
11,13,0,1.603484,0.641031
11,13,1,1.617526,0.616249
11,13,2,1.704580,0.644336
11,13,3,1.786018,0.751725
11,13,4,1.783210,0.750073
11,13,5,1.892729,0.832680
11,13,6,1.859031,0.905374
11,13,7,1.802867,0.943374
11,13,8,1.895538,0.926852
11,13,9,1.971359,0.954939
11,13,10,1.934853,1.007807
11,13,11,1.786018,1.085458
11,13,12,1.639991,1.138326
11,13,13,1.642799,1.087110
11,13,14,1.642799,1.110240
11,13,15,1.645608,1.062328
11,13,16,1.670881,1.047459
11,13,17,1.724237,1.126761
11,13,18,1.648416,1.169717
11,13,19,1.651224,1.161456
11,13,20,1.479924,1.252324
11,13,21,1.336705,1.402669
11,13,22,1.325472,1.460494
11,13,23,1.356363,1.529884
11,13,24,1.387253,1.698403
11,13,25,1.373212,2.070135
11,13,26,1.530471,2.078396
11,13,27,1.741086,2.025527
11,13,28,2.027523,2.093265
11,13,29,2.285878,2.174220
11,13,30,2.294303,2.238654
11,13,31,2.249371,2.408824
11,13,32,2.308344,2.362564
11,13,33,2.311152,2.275001
11,13,34,2.313960,2.251871
11,13,35,2.325193,2.241958
11,13,36,2.353275,2.230393
11,13,37,2.417864,2.235349
11,13,38,2.342042,2.334478
11,13,39,2.187591,2.491431
11,13,40,2.212865,2.701254
11,13,41,2.271837,2.798730
11,13,42,2.173550,2.808643
11,13,43,2.285878,2.734296
11,13,44,2.336426,2.626907
11,13,45,2.319576,2.483171
11,13,46,2.330809,2.377434
11,13,47,2.476836,2.326217
11,14,0,2.454370,2.279957
11,14,1,2.493685,2.218828
11,14,2,2.361700,2.210567
11,14,3,2.606013,2.179176
11,14,4,2.364508,2.177524
11,14,5,2.201632,2.154394
11,14,6,2.370124,2.164307
11,14,7,2.625671,2.151090
11,14,8,2.625671,2.080048
11,14,9,2.586356,1.941268
11,14,10,2.443137,1.868574
11,14,11,2.558274,1.853704
11,14,12,2.471220,1.847096
11,14,13,2.240947,1.777706
11,14,14,2.078071,1.752924
11,14,15,2.047181,1.711620
11,14,16,2.064030,1.771097
11,14,17,2.066838,1.779358
11,14,18,2.089304,1.853704
11,14,19,2.179166,1.848748
11,14,20,2.123002,1.812401
11,14,21,2.083687,1.797531
11,14,22,1.741086,1.772749
11,14,23,1.583827,1.776054
11,14,24,1.533279,1.734750
11,14,25,1.468691,1.696751
11,14,26,1.465882,1.640578
11,14,27,1.387253,1.617448
11,14,28,1.165405,1.576144
11,14,29,1.095200,1.541449
11,14,30,1.098008,1.554666
11,14,31,1.156980,1.541449
11,14,32,1.142939,1.609187
11,14,33,1.086775,1.549710
11,14,34,1.016570,1.445625
11,14,35,1.013762,1.364670
11,14,36,1.013762,1.334931
11,14,37,1.047460,1.275454
11,14,38,0.884584,1.298584
11,14,39,0.769448,1.258933
11,14,40,0.746982,1.105284
11,14,41,0.746982,1.017720
11,14,42,0.730133,0.870679
11,14,43,0.645887,0.793029
11,14,44,0.598147,0.726943
11,14,45,0.575682,0.606336
11,14,46,0.612188,0.560076
11,14,47,0.567257,0.479121
11,15,0,0.398765,0.451035
11,15,1,0.367875,0.393210
11,15,2,0.373491,0.332081
11,15,3,0.449313,0.313907
11,15,4,0.395957,0.280864
11,15,5,0.395957,0.252778
11,15,6,0.494244,0.244517
11,15,7,0.553216,0.256082
11,15,8,0.550408,0.256082
11,15,9,0.598147,0.231300
11,15,10,0.541983,0.226344
11,15,11,0.468970,0.213126
11,15,12,0.432463,0.201561
11,15,13,0.474586,0.188344
11,15,14,0.471778,0.176779
11,15,15,0.539175,0.175127
11,15,16,0.592531,0.171823
11,15,17,0.688010,0.186692
11,15,18,0.671161,0.237909
11,15,19,0.893009,0.280864
11,15,20,1.100816,0.384949
11,15,21,1.086775,0.555120
11,15,22,1.134514,0.725291
11,15,23,1.207528,0.755029
11,15,24,1.215952,0.763290
11,15,25,1.322664,0.840941
11,15,26,1.272116,0.930156
11,15,27,1.415335,1.105284
11,15,28,1.684922,1.113544
11,15,29,1.777593,1.007807
11,15,30,1.682114,1.049111
11,15,31,1.434992,1.113544
11,15,32,1.277733,1.229194
11,15,33,1.263692,1.255629
11,15,34,1.252459,1.250672
11,15,35,1.246843,1.192847
11,15,36,1.255267,1.090414
11,15,37,1.314239,1.014416
11,15,38,1.134514,0.969808
11,15,39,0.864927,0.958243
11,15,40,0.704859,0.930156
11,15,41,0.707667,0.925200
11,15,42,0.612188,0.877288
11,15,43,0.617805,0.844245
11,15,44,0.603764,0.842593
11,15,45,0.614997,0.837636
11,15,46,0.558833,0.854158
11,15,47,0.547600,0.781464
11,16,0,0.454929,0.756681
11,16,1,0.412806,0.771551
11,16,2,0.387532,0.728595
11,16,3,0.387532,0.683987
11,16,4,0.334176,0.619554
11,16,5,0.292053,0.545207
11,16,6,0.238697,0.485730
11,16,7,0.188150,0.449383
11,16,8,0.151643,0.421296
11,16,9,0.120753,0.360167
11,16,10,0.084246,0.323820
11,16,11,0.087054,0.328776
11,16,12,0.188150,0.312255
11,16,13,0.210615,0.279212
11,16,14,0.213424,0.261039
11,16,15,0.219040,0.231300
11,16,16,0.196574,0.188344
11,16,17,0.202191,0.143736
11,16,18,0.199382,0.113998
11,16,19,0.233081,0.075999
11,16,20,0.137602,0.069390
11,16,21,0.235889,0.066086
11,16,22,0.365067,0.057825
11,16,23,0.463354,0.057825
11,16,24,0.505477,0.051216
11,16,25,0.550408,0.054521
11,16,26,0.589723,0.052869
11,16,27,0.783489,0.054521
11,16,28,1.047460,0.044608
11,16,29,1.036227,0.033043
11,16,30,1.086775,0.031391
11,16,31,0.994104,0.039651
11,16,32,1.058693,0.071042
11,16,33,1.179446,0.128867
11,16,34,1.322664,0.214779
11,16,35,1.434992,0.295734
11,16,36,1.530471,0.398166
11,16,37,1.679306,0.522077
11,16,38,1.808483,0.655901
11,16,39,1.943277,0.764942
11,16,40,1.991017,0.903722
11,16,41,2.033140,1.016068
11,16,42,2.055605,1.113544
11,16,43,2.125810,1.196151
11,16,44,2.108961,1.272150
11,16,45,2.117386,1.445625
11,16,46,2.198824,1.455538
11,16,47,2.260604,1.435712
11,17,0,2.254988,1.539797
11,17,1,2.271837,1.577796
11,17,2,2.313960,1.652143
11,17,3,2.350467,1.653795
11,17,4,2.381357,1.754576
11,17,5,2.319576,1.718229
11,17,6,2.226906,1.706664
11,17,7,2.240947,1.782662
11,17,8,2.193207,1.863617
11,17,9,2.280262,1.853704
11,17,10,2.176358,1.977615
11,17,11,2.274645,2.048657
11,17,12,2.103345,2.037092
11,17,13,1.988208,2.080048
11,17,14,2.165125,2.194046
11,17,15,2.299919,2.390651
11,17,16,2.302727,2.488127
11,17,17,2.386973,2.569082
11,17,18,2.412247,2.636820
11,17,19,2.437521,2.592212
11,17,20,2.580739,2.668211
11,17,21,2.625671,2.630211
11,17,22,2.504918,2.580647
11,17,23,2.471220,2.542648
11,17,24,2.474028,2.499692
11,17,25,2.482452,2.506301
11,17,26,2.426288,2.636820
11,17,27,2.552657,2.633516
11,17,28,2.650945,2.612038
11,17,29,2.698684,2.661602
11,17,30,2.634095,2.640124
11,17,31,2.535808,2.645081
11,17,32,2.395398,2.982118
11,17,33,2.412247,3.071334
11,17,34,2.358891,3.135767
11,17,35,2.398206,3.033334
11,17,36,2.415055,3.107681
11,17,37,2.465603,3.160549
11,17,38,2.507726,3.185331
11,17,39,2.563890,3.215070
11,17,40,2.600397,3.201853
11,17,41,2.606013,3.220026
11,17,42,2.544233,3.170462
11,17,43,2.527384,3.150636
11,17,44,2.518959,3.163854
11,17,45,2.569507,3.139071
11,17,46,2.513343,3.173766
11,17,47,2.524575,3.170462
11,18,0,2.499302,3.094464
11,18,1,2.499302,3.026726
11,18,2,2.431905,3.041595
11,18,3,2.415055,2.957336
11,18,4,2.285878,2.866468
11,18,5,2.277453,2.968901
11,18,6,2.308344,2.856555
11,18,7,2.333618,2.681428
11,18,8,2.254988,2.630211
11,18,9,2.142660,2.892902
11,18,10,2.094920,2.775600
11,18,11,2.137043,2.826816
11,18,12,2.038756,2.777252
11,18,13,1.892729,2.777252
11,18,14,1.668073,2.750818
11,18,15,1.684922,2.840034
11,18,16,1.741086,2.782209
11,18,17,1.735470,2.745861
11,18,18,1.718621,2.757426
11,18,19,1.808483,2.735949
11,18,20,1.701772,2.778904
11,18,21,1.673690,2.902815
11,18,22,1.679306,2.904467
11,18,23,1.693347,2.945771
11,18,24,1.690539,3.023421
11,18,25,1.715813,2.916032
11,18,26,1.732662,2.866468
11,18,27,1.909579,2.881337
11,18,28,2.123002,2.873076
11,18,29,2.142660,2.826816
11,18,30,2.075263,2.608734
11,18,31,1.979784,2.610386
11,18,32,1.864647,2.506301
11,18,33,1.881497,2.463345
11,18,34,1.836565,2.313000
11,18,35,1.816908,2.360912
11,18,36,1.791634,2.425346
11,18,37,1.861839,2.355956
11,18,38,1.727045,2.281609
11,18,39,1.654032,2.258479
11,18,40,1.541704,2.395607
11,18,41,1.460266,2.303087
11,18,42,1.345130,2.365869
11,18,43,1.336705,2.156046
11,18,44,1.314239,2.194046
11,18,45,1.221569,2.164307
11,18,46,1.137323,1.959441
11,18,47,1.199103,1.754576
11,19,0,1.106432,1.662056
11,19,1,1.151364,1.719881
11,19,2,1.145747,1.706664
11,19,3,1.221569,1.698403
11,19,4,1.213144,1.576144
11,19,5,1.370404,1.531536
11,19,6,1.474307,1.718229
11,19,7,1.611909,1.714924
11,19,8,1.595060,1.789271
11,19,9,1.654032,1.895008
11,19,10,1.620334,1.876834
11,19,11,1.544512,1.911529
11,19,12,1.415335,1.857009
11,19,13,1.342322,1.893356
11,19,14,1.317048,1.822314
11,19,15,1.356363,1.774401
11,19,16,1.406910,1.908225
11,19,17,1.544512,1.992484
11,19,18,1.651224,1.979267
11,19,19,1.648416,1.944572
11,19,20,1.595060,1.870226
11,19,21,1.684922,1.784314
11,19,22,1.724237,2.013962
11,19,23,1.752319,2.012310
11,19,24,1.727045,1.984224
11,19,25,1.707388,2.123004
11,19,26,1.679306,2.028831
11,19,27,1.859031,1.898312
11,19,28,1.962935,1.944572
11,19,29,1.901154,2.061874
11,19,30,1.617526,2.073439
11,19,31,1.446225,1.837183
11,19,32,1.361979,1.838835
11,19,33,1.463074,1.506754
11,19,34,1.463074,1.508406
11,19,35,1.423759,1.427451
11,19,36,1.437800,1.334931
11,19,37,1.522047,1.253976
11,19,38,1.564170,1.126761
11,19,39,1.502389,1.128414
11,19,40,1.474307,1.169717
11,19,41,1.398486,1.158152
11,19,42,1.429376,1.237455
11,19,43,1.406910,1.196151
11,19,44,1.449033,1.204412
11,19,45,1.477115,1.097023
11,19,46,1.468691,1.121805
11,19,47,1.482732,1.240759
11,20,0,1.443417,1.282063
11,20,1,1.493965,1.144935
11,20,2,1.460266,1.260585
11,20,3,1.527663,1.234151
11,20,4,1.558553,1.113544
11,20,5,1.583827,0.996242
11,20,6,1.555745,0.930156
11,20,7,1.558553,0.865723
11,20,8,1.493965,0.779811
11,20,9,1.502389,0.669118
11,20,10,1.477115,0.555120
11,20,11,1.499581,0.543555
11,20,12,1.482732,0.551816
11,20,13,1.370404,0.490686
11,20,14,1.381636,0.472513
11,20,15,1.418143,0.508860
11,20,16,1.395677,0.479121
11,20,17,1.432184,0.409731
11,20,18,1.429376,0.401471
11,20,19,1.491156,0.358515
11,20,20,1.491156,0.338689
11,20,21,1.449033,0.348602
11,20,22,1.288966,0.383297
11,20,23,1.333897,0.417992
11,20,24,1.322664,0.432861
11,20,25,1.283349,0.416340
11,20,26,1.255267,0.474165
11,20,27,1.429376,0.510512
11,20,28,1.477115,0.487382
11,20,29,1.468691,0.492339
11,20,30,1.373212,0.454339
11,20,31,1.249651,0.531990
11,20,32,1.274925,0.617901
11,20,33,1.392869,0.735204
11,20,34,1.423759,0.804594
11,20,35,1.482732,0.885549
11,20,36,1.513622,1.011111
11,20,37,1.639991,1.177978
11,20,38,1.749511,1.331627
11,20,39,1.802867,1.510059
11,20,40,1.755127,1.581101
11,20,41,1.757936,1.736402
11,20,42,1.642799,1.832226
11,20,43,1.721429,1.857009
11,20,44,1.530471,1.885095
11,20,45,1.446225,1.744663
11,20,46,1.263692,1.638926
11,20,47,1.187870,1.838835
11,21,0,1.185062,2.126308
11,21,1,1.030611,2.164307
11,21,2,0.966022,2.159351
11,21,3,1.024994,2.094917
11,21,4,0.915475,2.212219
11,21,5,1.092391,2.241958
11,21,6,1.384445,2.096569
11,21,7,1.721429,1.845444
11,21,8,1.850606,1.852052
11,21,9,1.828141,1.908225
11,21,10,1.710196,1.658751
11,21,11,1.783210,1.670316
11,21,12,1.760744,2.030484
11,21,13,1.774785,2.109786
11,21,14,1.850606,2.055266
11,21,15,2.078071,1.972659
11,21,16,2.139851,1.967702
11,21,17,2.170742,1.838835
11,21,18,2.181975,1.967702
11,21,19,2.319576,2.119699
11,21,20,2.370124,2.184133
11,21,21,2.269029,2.367521
11,21,22,2.156701,2.468301
11,21,23,2.153892,2.410476
11,21,24,2.100537,2.645081
11,21,25,2.108961,2.648385
11,21,26,2.058414,2.734296
11,21,27,2.111769,2.811947
11,21,28,2.235330,2.777252
11,21,29,2.454370,2.810295
11,21,30,2.521767,2.846642
11,21,31,2.325193,2.962292
11,21,32,2.221289,2.949075
11,21,33,2.263412,2.960640
11,21,34,2.350467,2.886294
11,21,35,2.398206,2.762383
11,21,36,2.356083,2.605429
11,21,37,2.381357,2.577343
11,21,38,2.471220,2.549256
11,21,39,2.471220,2.336130
11,21,40,2.451562,2.197350
11,21,41,2.561082,2.005701
11,21,42,2.488069,2.134569
11,21,43,2.459987,2.293174
11,21,44,2.445946,2.223784
11,21,45,2.476836,2.339434
11,21,46,2.502110,2.474910
11,21,47,2.490877,2.476562
11,22,0,2.493685,2.562474
11,22,1,2.451562,2.689689
11,22,2,2.527384,2.684732
11,22,3,2.561082,2.696297
11,22,4,2.603205,2.580647
11,22,5,2.614438,2.519518
11,22,6,2.561082,2.583951
11,22,7,2.606013,2.557517
11,22,8,2.575123,2.481519
11,22,9,2.611630,2.549256
11,22,10,2.552657,2.463345
11,22,11,2.521767,2.400564
11,22,12,2.417864,2.246914
11,22,13,2.072455,2.248566
11,22,14,1.937661,2.251871
11,22,15,1.979784,2.253523
11,22,16,1.985400,2.032136
11,22,17,2.100537,2.075091
11,22,18,2.173550,2.085004
11,22,19,2.240947,1.977615
11,22,20,2.305535,1.969354
11,22,21,2.313960,2.159351
11,22,22,2.224098,2.190741
11,22,23,2.176358,2.316304
11,22,24,2.153892,2.431954
11,22,25,2.128619,2.418737
11,22,26,2.134235,2.445171
11,22,27,2.316768,2.388999
11,22,28,2.342042,2.441867
11,22,29,2.339234,2.347695
11,22,30,2.224098,2.275001
11,22,31,2.005058,2.298131
11,22,32,1.940469,2.332826
11,22,33,1.974167,2.189089
11,22,34,1.957318,2.108134
11,22,35,1.965743,2.040396
11,22,36,1.957318,1.929703
11,22,37,1.985400,1.848748
11,22,38,2.072455,1.744663
11,22,39,2.044373,1.624056
11,22,40,1.920812,1.543101
11,22,41,1.881497,1.402669
11,22,42,1.867456,1.280411
11,22,43,1.878688,1.060676
11,22,44,1.853415,0.986329
11,22,45,1.892729,0.928504
11,22,46,1.923620,0.761638
11,22,47,1.946085,0.748421
11,23,0,1.906771,0.773203
11,23,1,1.847798,0.693900
11,23,2,1.777593,0.695552
11,23,3,1.743895,0.703813
11,23,4,1.687731,0.730247
11,23,5,1.682114,0.824419
11,23,6,1.654032,0.869027
11,23,7,1.530471,0.872331
11,23,8,1.339513,0.956591
11,23,9,1.092391,0.895461
11,23,10,0.786297,0.862419
11,23,11,0.853694,0.817811
11,23,12,0.887392,0.859114
11,23,13,0.937940,0.915287
11,23,14,0.988488,0.816159
11,23,15,1.067118,0.842593
11,23,16,1.162596,0.895461
11,23,17,1.232802,0.935113
11,23,18,1.280541,0.931809
11,23,19,1.378828,0.885549
11,23,20,1.502389,0.854158
11,23,21,1.606293,0.850854
11,23,22,1.440609,0.685639
11,23,23,1.418143,0.604684
11,23,24,1.378828,0.591467
11,23,25,1.412527,0.603032
11,23,26,1.361979,0.612945
11,23,27,1.505197,0.604684
11,23,28,1.550129,0.599728
11,23,29,1.499581,0.558424
11,23,30,1.345130,0.513816
11,23,31,1.190678,0.528686
11,23,32,1.210336,0.584859
11,23,33,1.185062,0.642684
11,23,34,1.131706,0.603032
11,23,35,1.201911,0.593119
11,23,36,1.196295,0.603032
11,23,37,1.303007,0.645988
11,23,38,1.420951,0.695552
11,23,39,1.522047,0.746769
11,23,40,1.566978,0.797985
11,23,41,1.516430,0.814506
11,23,42,1.406910,0.822767
11,23,43,1.463074,0.900418
11,23,44,1.381636,0.816159
11,23,45,1.440609,0.713726
11,23,46,1.451841,0.731899
11,23,47,1.569786,0.687291
11,24,0,1.457458,0.702161
11,24,1,1.432184,0.609641
11,24,2,1.300198,0.619554
11,24,3,1.123282,0.558424
11,24,4,1.033419,0.517121
11,24,5,1.148555,0.560076
11,24,6,1.221569,0.586511
11,24,7,1.376020,0.650944
11,24,8,1.272116,0.622858
11,24,9,1.274925,0.464252
11,24,10,1.196295,0.421296
11,24,11,1.137323,0.470861
11,24,12,1.058693,0.495643
11,24,13,0.974447,0.503904
11,24,14,0.954789,0.467556
11,24,15,0.996912,0.454339
11,24,16,1.010953,0.452687
11,24,17,0.988488,0.376689
11,24,18,0.977255,0.366776
11,24,19,0.999721,0.370080
11,24,20,1.086775,0.332081
11,24,21,1.078350,0.308951
11,24,22,0.918283,0.333733
11,24,23,0.895817,0.408079
11,24,24,0.904242,0.409731
11,24,25,0.893009,0.333733
11,24,26,0.870543,0.313907
11,24,27,0.769448,0.305646
11,24,28,0.612188,0.219735
11,24,29,0.516710,0.181736
11,24,30,0.452121,0.274256
11,24,31,0.376299,0.196605
11,24,32,0.345409,0.193301
11,24,33,0.348217,0.153649
11,24,34,0.353834,0.151997
11,24,35,0.370683,0.302342
11,24,36,0.336984,0.378341
11,24,37,0.325752,0.299038
11,24,38,0.238697,0.216431
11,24,39,0.202191,0.203214
11,24,40,0.120753,0.199909
11,24,41,0.092671,0.226344
11,24,42,0.073013,0.208170
11,24,43,0.075822,0.211474
11,24,44,0.061780,0.198257
11,24,45,0.061780,0.239561
11,24,46,0.028082,0.249474
11,24,47,0.025274,0.297386
11,25,0,0.022466,0.284169
11,25,1,0.030890,0.252778
11,25,2,0.016849,0.297386
11,25,3,0.019657,0.290777
11,25,4,0.016849,0.322168
11,25,5,0.028082,0.371732
11,25,6,0.056164,0.351906
11,25,7,0.106712,0.338689
11,25,8,0.129177,0.333733
11,25,9,0.162876,0.323820
11,25,10,0.160068,0.320516
11,25,11,0.171300,0.302342
11,25,12,0.182533,0.289125
11,25,13,0.162876,0.312255
11,25,14,0.171300,0.282516
11,25,15,0.219040,0.219735
11,25,16,0.249930,0.189996
11,25,17,0.278012,0.176779
11,25,18,0.249930,0.148693
11,25,19,0.258355,0.127215
11,25,20,0.131986,0.089216
11,25,21,0.140410,0.071042
11,25,22,0.126369,0.064434
11,25,23,0.087054,0.049564
11,25,24,0.070205,0.036347
11,25,25,0.078630,0.036347
11,25,26,0.084246,0.044608
11,25,27,0.176917,0.056173
11,25,28,0.210615,0.080955
11,25,29,0.249930,0.127215
11,25,30,0.308902,0.170171
11,25,31,0.395957,0.127215
11,25,32,0.409998,0.117302
11,25,33,0.477395,0.160258
11,25,34,0.491436,0.211474
11,25,35,0.494244,0.254430
11,25,36,0.499860,0.300690
11,25,37,0.536367,0.332081
11,25,38,0.367875,0.290777
11,25,39,0.179725,0.214779
11,25,40,0.179725,0.241213
11,25,41,0.199382,0.218083
11,25,42,0.168492,0.199909
11,25,43,0.182533,0.239561
11,25,44,0.160068,0.307299
11,25,45,0.174109,0.409731
11,25,46,0.252738,0.469209
11,25,47,0.348217,0.493991
11,26,0,0.342601,0.517121
11,26,1,0.381916,0.561729
11,26,2,0.415614,0.579902
11,26,3,0.421231,0.660857
11,26,4,0.404381,0.629466
11,26,5,0.443696,0.611293
11,26,6,0.483011,0.649292
11,26,7,0.581298,0.703813
11,26,8,0.702051,0.730247
11,26,9,0.822804,0.799637
11,26,10,0.805955,0.860766
11,26,11,0.755407,0.890505
11,26,12,0.609380,0.824419
11,26,13,0.488627,0.703813
11,26,14,0.432463,0.644336
11,26,15,0.440888,0.639379
11,26,16,0.424039,0.622858
11,26,17,0.449313,0.607989
11,26,18,0.466162,0.553468
11,26,19,0.468970,0.517121
11,26,20,0.334176,0.417992
11,26,21,0.407190,0.384949
11,26,22,0.429655,0.313907
11,26,23,0.468970,0.317211
11,26,24,0.454929,0.303994
11,26,25,0.466162,0.300690
11,26,26,0.429655,0.267647
11,26,27,0.409998,0.242865
11,26,28,0.533559,0.223039
11,26,29,0.595339,0.242865
11,26,30,0.643079,0.251126
11,26,31,0.659928,0.216431
11,26,32,0.634654,0.173475
11,26,33,0.648695,0.150345
11,26,34,0.606572,0.237909
11,26,35,0.620613,0.370080
11,26,36,0.603764,0.444426
11,26,37,0.629038,0.441122
11,26,38,0.497052,0.429557
11,26,39,0.446504,0.441122
11,26,40,0.370683,0.401471
11,26,41,0.292053,0.421296
11,26,42,0.174109,0.439470
11,26,43,0.078630,0.455991
11,26,44,0.028082,0.393210
11,26,45,0.036507,0.308951
11,26,46,0.061780,0.275908
11,26,47,0.075822,0.270951
11,27,0,0.081438,0.262691
11,27,1,0.101095,0.213126
11,27,2,0.106712,0.178431
11,27,3,0.126369,0.166866
11,27,4,0.101095,0.185040
11,27,5,0.053356,0.193301
11,27,6,0.092671,0.213126
11,27,7,0.165684,0.223039
11,27,8,0.210615,0.300690
11,27,9,0.199382,0.370080
11,27,10,0.143218,0.427905
11,27,11,0.193766,0.452687
11,27,12,0.249930,0.465904
11,27,13,0.353834,0.436166
11,27,14,0.393149,0.411384
11,27,15,0.502669,0.424601
11,27,16,0.617805,0.350254
11,27,17,0.603764,0.303994
11,27,18,0.570065,0.341994
11,27,19,0.575682,0.282516
11,27,20,0.381916,0.224691
11,27,21,0.263971,0.237909
11,27,22,0.238697,0.285821
11,27,23,0.235889,0.297386
11,27,24,0.261163,0.338689
11,27,25,0.286437,0.373384
11,27,26,0.275204,0.431209
11,27,27,0.325752,0.467556
11,27,28,0.424039,0.489034
11,27,29,0.449313,0.545207
11,27,30,0.513901,0.647640
11,27,31,0.718900,0.829376
11,27,32,0.870543,0.984677
11,27,33,1.148555,1.219281
11,27,34,1.288966,1.419191
11,27,35,1.381636,1.524928
11,27,36,1.434992,1.627361
11,27,37,1.578211,1.660404
11,27,38,1.715813,1.695099
11,27,39,1.974167,1.733098
11,27,40,1.859031,1.873530
11,27,41,1.943277,2.043701
11,27,42,1.985400,2.035440
11,27,43,1.991017,1.990832
11,27,44,1.926428,1.997441
11,27,45,1.929236,2.004049
11,27,46,1.923620,1.928051
11,27,47,2.030331,1.752924
11,28,0,1.991017,1.698403
11,28,1,2.173550,1.830574
11,28,2,2.052797,1.823966
11,28,3,2.114578,1.792575
11,28,4,1.934853,1.708316
11,28,5,1.794442,1.794227
11,28,6,1.648416,2.005701
11,28,7,1.783210,1.909877
11,28,8,1.766360,1.875182
11,28,9,1.659649,1.630665
11,28,10,1.359171,1.498494
11,28,11,1.241226,1.392756
11,28,12,1.148555,1.546406
11,28,13,1.039035,2.032136
11,28,14,1.114857,1.946224
11,28,15,1.241226,1.957789
11,28,16,1.311431,1.992484
11,28,17,1.479924,2.070135
11,28,18,1.499581,2.641776
11,28,19,1.592252,2.509605
11,28,20,1.805675,2.587256
11,28,21,1.892729,2.658298
11,28,22,1.797251,2.663254
11,28,23,1.906771,2.767339
11,28,24,1.940469,2.899511
11,28,25,1.982592,2.935858
11,28,26,2.002249,2.973857
11,28,27,2.198824,2.988726
11,28,28,2.294303,3.041595
11,28,29,2.389782,3.104376
11,28,30,2.451562,3.079594
11,28,31,2.283070,3.134115
11,28,32,2.252180,3.239852
11,28,33,2.398206,3.210114
11,28,34,2.406631,3.234896
11,28,35,2.479644,3.284460
11,28,36,2.476836,3.294373
11,28,37,2.549849,3.282808
11,28,38,2.606013,3.314199
11,28,39,2.659369,3.334024
11,28,40,2.636904,3.307590
11,28,41,2.631287,3.335676
11,28,42,2.628479,3.330720
11,28,43,2.639712,3.329068
11,28,44,2.628479,3.292721
11,28,45,2.659369,3.266286
11,28,46,2.642520,3.254721
11,28,47,2.650945,3.236548
11,29,0,2.617246,3.145680
11,29,1,2.653753,3.129159
11,29,2,2.628479,3.110985
11,29,3,2.636904,3.082899
11,29,4,2.625671,3.003596
11,29,5,2.681835,3.010204
11,29,6,2.670602,2.977161
11,29,7,2.690259,2.960640
11,29,8,2.676218,2.887946
11,29,9,2.712725,2.866468
11,29,10,2.684643,2.909424
11,29,11,2.735191,2.840034
11,29,12,2.698684,2.694645
11,29,13,2.530192,2.721079
11,29,14,2.451562,2.580647
11,29,15,2.406631,2.536039
11,29,16,2.344850,2.509605
11,29,17,2.417864,2.542648
11,29,18,2.409439,2.536039
11,29,19,2.445946,2.342739
11,29,20,2.485261,2.123004
11,29,21,2.521767,2.012310
11,29,22,2.389782,2.018919
11,29,23,2.344850,1.901616
11,29,24,2.311152,1.842139
11,29,25,2.263412,1.761184
11,29,26,2.198824,1.640578
11,29,27,2.305535,1.551362
11,29,28,2.274645,1.485276
11,29,29,2.142660,1.305193
11,29,30,1.951702,1.092066
11,29,31,1.586635,0.968156
11,29,32,1.423759,0.872331
11,29,33,1.336705,0.784768
11,29,34,1.260884,0.723639
11,29,35,1.272116,0.703813
11,29,36,1.288966,0.715378
11,29,37,1.339513,0.710421
11,29,38,1.274925,0.659205
11,29,39,1.182254,0.667466
11,29,40,1.002529,0.639379
11,29,41,0.819996,0.617901
11,29,42,0.716092,0.626162
11,29,43,0.716092,0.644336
11,29,44,0.685202,0.693900
11,29,45,0.718900,0.662509
11,29,46,0.721708,0.683987
11,29,47,0.783489,0.690596
11,30,0,0.819996,0.702161
11,30,1,0.876160,0.774855
11,30,2,0.775064,0.870679
11,30,3,0.752599,0.964851
11,30,4,0.718900,1.077197
11,30,5,0.769448,1.164761
11,30,6,0.904242,1.130066
11,30,7,1.109241,1.169717
11,30,8,1.331089,1.293628
11,30,9,1.578211,1.372931
11,30,10,1.800059,1.491885
11,30,11,1.881497,1.660404
11,30,12,1.738278,1.719881
11,30,13,1.522047,1.747967
11,30,14,1.530471,1.695099
11,30,15,1.558553,1.412582
11,30,16,1.611909,1.126761
11,30,17,1.757936,0.997894
11,30,18,1.774785,1.059024
11,30,19,1.878688,1.045806
11,30,20,1.856223,0.893809
11,30,21,1.836565,0.859114
11,30,22,1.673690,0.855810
11,30,23,1.645608,0.867375
11,30,24,1.715813,0.925200
11,30,25,1.766360,0.827724
11,30,26,1.693347,0.840941
11,30,27,1.774785,0.852506
11,30,28,1.864647,0.850854
11,30,29,1.822524,0.738508
11,30,30,1.662457,0.707117
11,30,31,1.482732,0.660857
11,30,32,1.350746,0.551816
11,30,33,1.418143,0.482426
11,30,34,1.420951,0.434514
11,30,35,1.440609,0.437818
11,30,36,1.429376,0.464252
11,30,37,1.406910,0.462600
11,30,38,1.274925,0.459296
11,30,39,1.269308,0.523729
11,30,40,1.185062,0.609641
11,30,41,1.224377,0.693900
11,30,42,1.069926,0.690596
11,30,43,0.862119,0.721986
11,30,44,0.780681,0.705465
11,30,45,0.794722,0.731899
11,30,46,0.702051,0.761638
11,30,47,0.690818,0.793029
12,1,0,0.629038,0.811202
12,1,1,0.598147,0.854158
12,1,2,0.558833,0.921896
12,1,3,0.457737,0.989634
12,1,4,0.412806,0.938417
12,1,5,0.499860,1.025981
12,1,6,0.508285,1.121805
12,1,7,0.581298,1.039198
12,1,8,0.598147,1.141631
12,1,9,0.651503,1.247368
12,1,10,0.749790,1.481972
12,1,11,0.968830,1.579449
12,1,12,1.193487,1.637274
12,1,13,1.434992,1.800836
12,1,14,1.482732,1.804140
12,1,15,1.741086,1.830574
12,1,16,1.934853,2.108134
12,1,17,2.097728,2.147786
12,1,18,2.038756,2.066831
12,1,19,2.064030,2.147786
12,1,20,2.193207,2.294826
12,1,21,2.137043,2.099874
12,1,22,2.010674,2.288218
12,1,23,2.061222,2.423694
12,1,24,1.971359,2.303087
12,1,25,1.915195,2.380738
12,1,26,1.982592,2.534387
12,1,27,2.308344,2.486475
12,1,28,2.370124,2.402216
12,1,29,2.471220,2.283261
12,1,30,2.555466,2.089961
12,1,31,2.479644,1.975963
12,1,32,2.440329,1.792575
12,1,33,2.459987,1.670316
12,1,34,2.398206,1.536493
12,1,35,2.409439,1.391104
12,1,36,2.370124,1.270498
12,1,37,2.356083,1.154848
12,1,38,2.457178,1.169717
12,1,39,2.454370,1.110240
12,1,40,2.325193,1.057371
12,1,41,2.283070,1.027633
12,1,42,2.142660,1.007807
12,1,43,2.159509,1.014416
12,1,44,2.179166,0.930156
12,1,45,2.142660,0.840941
12,1,46,2.103345,0.675726
12,1,47,2.089304,0.550164
12,2,0,2.047181,0.394862
12,2,1,2.010674,0.337037
12,2,2,1.968551,0.346950
12,2,3,1.903962,0.341994
12,2,4,1.774785,0.351906
12,2,5,1.645608,0.361819
12,2,6,1.471499,0.289125
12,2,7,1.387253,0.249474
12,2,8,1.308623,0.272604
12,2,9,1.244034,0.284169
12,2,10,1.190678,0.247821
12,2,11,1.187870,0.175127
12,2,12,1.100816,0.181736
12,2,13,0.923899,0.180084
12,2,14,0.831228,0.209822
12,2,15,0.836845,0.247821
12,2,16,0.901433,0.249474
12,2,17,0.878968,0.218083
12,2,18,0.848078,0.181736
12,2,19,0.884584,0.216431
12,2,20,1.005337,0.264343
12,2,21,1.008145,0.325472
12,2,22,0.929516,0.413036
12,2,23,0.876160,0.515469
12,2,24,0.954789,0.566685
12,2,25,1.123282,0.603032
12,2,26,1.120473,0.667466
12,2,27,1.069926,0.735204
12,2,28,1.072734,0.827724
12,2,29,0.915475,0.872331
12,2,30,0.612188,0.923548
12,2,31,0.449313,1.139979
12,2,32,0.325752,1.546406
12,2,33,0.367875,1.632317
12,2,34,0.409998,1.807444
12,2,35,0.497052,1.845444
12,2,36,0.527942,1.716576
12,2,37,0.581298,1.863617
12,2,38,0.696435,1.853704
12,2,39,0.884584,1.989180
12,2,40,0.999721,2.152742
12,2,41,1.067118,2.164307
12,2,42,1.123282,2.199002
12,2,43,1.151364,2.035440
12,2,44,1.199103,2.139525
12,2,45,1.258075,2.042049
12,2,46,1.232802,1.989180
12,2,47,1.493965,1.804140
12,3,0,1.825333,1.586057
12,3,1,2.044373,1.288671
12,3,2,2.066838,1.070589
12,3,3,2.094920,0.986329
12,3,4,2.058414,1.126761
12,3,5,1.996633,1.186239
12,3,6,1.996633,1.336584
12,3,7,1.937661,1.615796
12,3,8,1.884305,1.657099
12,3,9,1.912387,1.538145
12,3,10,1.889921,1.303541
12,3,11,1.687731,1.014416
12,3,12,1.446225,0.821115
12,3,13,1.471499,0.624510
12,3,14,1.499581,0.426253
12,3,15,1.418143,0.270951
12,3,16,1.331089,0.189996
12,3,17,1.418143,0.123911
12,3,18,1.387253,0.115650
12,3,19,1.437800,0.142084
12,3,20,1.336705,0.153649
12,3,21,1.291774,0.168519
12,3,22,1.246843,0.208170
12,3,23,1.274925,0.259386
12,3,24,1.165405,0.252778
12,3,25,1.134514,0.320516
12,3,26,1.173829,0.356863
12,3,27,1.409718,0.313907
12,3,28,1.488348,0.360167
12,3,29,1.370404,0.446079
12,3,30,1.303007,0.561729
12,3,31,1.272116,0.783116
12,3,32,1.364787,1.149891
12,3,33,1.552937,1.458842
12,3,34,1.609101,1.853704
12,3,35,1.828141,1.850400
12,3,36,1.808483,2.165959
12,3,37,1.850606,2.276653
12,3,38,1.850606,2.504649
12,3,39,1.839374,2.574039
12,3,40,1.749511,2.640124
12,3,41,1.701772,2.650037
12,3,42,1.665265,2.813599
12,3,43,1.578211,2.770644
12,3,44,1.429376,2.681428
12,3,45,1.468691,2.820208
12,3,46,1.406910,2.858207
12,3,47,1.364787,2.838381
12,4,0,1.412527,2.942466
12,4,1,1.522047,3.011856
12,4,2,1.440609,3.025074
12,4,3,1.277733,3.013509
12,4,4,1.305815,3.051508
12,4,5,1.364787,2.886294
12,4,6,1.552937,2.851599
12,4,7,1.819716,2.899511
12,4,8,1.915195,2.628559
12,4,9,2.080879,2.749166
12,4,10,2.153892,2.806991
12,4,11,2.187591,2.909424
12,4,12,2.128619,3.044899
12,4,13,2.061222,3.079594
12,4,14,2.078071,3.071334
12,4,15,2.151084,3.096116
12,4,16,2.196016,3.097768
12,4,17,2.252180,3.025074
12,4,18,2.240947,2.975509
12,4,19,2.280262,2.884641
12,4,20,2.302727,2.848294
12,4,21,2.395398,2.876381
12,4,22,2.212865,2.897859
12,4,23,2.224098,2.917684
12,4,24,2.224098,3.006900
12,4,25,2.297111,2.982118
12,4,26,2.313960,2.960640
12,4,27,2.510534,2.912728
12,4,28,2.628479,2.922641
12,4,29,2.538616,2.935858
12,4,30,2.524575,2.935858
12,4,31,2.389782,2.945771
12,4,32,2.347659,3.005248
12,4,33,2.375741,2.962292
12,4,34,2.370124,2.993683
12,4,35,2.378549,2.886294
12,4,36,2.434713,2.950727
12,4,37,2.459987,2.891250
12,4,38,2.504918,2.826816
12,4,39,2.493685,2.859859
12,4,40,2.513343,2.892902
12,4,41,2.496493,2.881337
12,4,42,2.457178,2.816904
12,4,43,2.482452,2.691341
12,4,44,2.434713,2.709514
12,4,45,2.485261,2.686384
12,4,46,2.437521,2.562474
12,4,47,2.471220,2.574039
12,5,0,2.389782,2.552561
12,5,1,2.434713,2.544300
12,5,2,2.445946,2.593864
12,5,3,2.490877,2.572386
12,5,4,2.440329,2.600473
12,5,5,2.502110,2.638472
12,5,6,2.476836,2.645081
12,5,7,2.474028,2.683080
12,5,8,2.431905,2.626907
12,5,9,2.468411,2.570734
12,5,10,2.406631,2.501344
12,5,11,2.381357,2.455084
12,5,12,2.246563,2.441867
12,5,13,2.016290,2.567430
12,5,14,2.016290,2.527779
12,5,15,2.094920,2.512909
12,5,16,2.198824,2.423694
12,5,17,2.204440,2.413781
12,5,18,2.204440,2.273349
12,5,19,2.288686,2.118047
12,5,20,2.313960,2.118047
12,5,21,2.403823,2.146134
12,5,22,2.212865,2.177524
12,5,23,2.196016,2.170916
12,5,24,2.170742,2.233697
12,5,25,2.187591,2.420389
12,5,26,2.181975,2.460041
12,5,27,2.358891,2.423694
12,5,28,2.437521,2.473258
12,5,29,2.490877,2.474910
12,5,30,2.448754,2.483171
12,5,31,2.370124,2.484823
12,5,32,2.336426,2.387346
12,5,33,2.378549,2.550909
12,5,34,2.347659,2.603777
12,5,35,2.392590,2.740905
12,5,36,2.409439,2.773948
12,5,37,2.437521,2.793774
12,5,38,2.507726,2.825164
12,5,39,2.490877,2.881337
12,5,40,2.516151,2.965596
12,5,41,2.558274,3.044899
12,5,42,2.535808,3.089507
12,5,43,2.603205,3.110985
12,5,44,2.535808,3.117594
12,5,45,2.589164,3.106029
12,5,46,2.583548,3.086203
12,5,47,2.634095,3.112637
12,6,0,2.628479,3.099420
12,6,1,2.634095,3.069681
12,6,2,2.591972,3.025074
12,6,3,2.620054,2.983770
12,6,4,2.572315,2.896206
12,6,5,2.586356,2.906119
12,6,6,2.555466,2.828469
12,6,7,2.530192,2.694645
12,6,8,2.516151,2.489779
12,6,9,2.524575,2.301435
12,6,10,2.465603,2.354304
12,6,11,2.426288,2.248566
12,6,12,2.249371,2.156046
12,6,13,2.052797,2.032136
12,6,14,1.932044,1.980919
12,6,15,1.934853,1.934659
12,6,16,1.937661,1.713272
12,6,17,1.965743,1.614144
12,6,18,1.926428,1.591014
12,6,19,1.962935,1.435712
12,6,20,1.943277,1.153196
12,6,21,1.825333,0.954939
12,6,22,1.625950,0.845897
12,6,23,1.552937,0.758334
12,6,24,1.493965,0.726943
12,6,25,1.488348,0.779811
12,6,26,1.412527,0.555120
12,6,27,1.485540,0.508860
12,6,28,1.502389,0.555120
12,6,29,1.491156,0.599728
12,6,30,1.395677,0.634423
12,6,31,1.232802,0.621206
12,6,32,1.179446,0.741812
12,6,33,1.204720,0.900418
12,6,34,1.246843,1.090414
12,6,35,1.286157,1.123457
12,6,36,1.274925,1.139979
12,6,37,1.300198,1.257281
12,6,38,1.384445,1.313454
12,6,39,1.463074,1.318410
12,6,40,1.508006,1.277106
12,6,41,1.564170,1.415886
12,6,42,1.488348,1.493537
12,6,43,1.426568,1.412582
12,6,44,1.333897,1.277106
12,6,45,1.406910,1.296932
12,6,46,1.361979,1.277106
12,6,47,1.187870,1.211021
12,7,0,0.940748,1.080501
12,7,1,0.735749,1.113544
12,7,2,0.634654,1.181282
12,7,3,0.797530,1.225890
12,7,4,0.654312,1.164761
12,7,5,0.744174,1.045806
12,7,6,0.755407,1.039198
12,7,7,0.707667,1.050763
12,7,8,0.491436,1.004503
12,7,9,0.547600,0.971460
12,7,10,0.401573,0.898766
12,7,11,0.409998,0.926852
12,7,12,0.471778,1.057371
12,7,13,0.480203,0.954939
12,7,14,0.426847,0.916939
12,7,15,0.505477,0.855810
12,7,16,0.575682,0.845897
12,7,17,0.578490,0.839289
12,7,18,0.558833,0.759986
12,7,19,0.530751,0.717030
12,7,20,0.376299,0.631119
12,7,21,0.466162,0.690596
12,7,22,0.600956,0.690596
12,7,23,0.724517,0.609641
12,7,24,0.741366,0.682335
12,7,25,0.746982,0.685639
12,7,26,0.842461,0.793029
12,7,27,1.002529,0.893809
12,7,28,1.022186,0.776507
12,7,29,0.878968,0.804594
12,7,30,0.839653,0.774855
12,7,31,0.775064,0.908679
12,7,32,0.693626,1.277106
12,7,33,0.724517,1.007807
12,7,34,0.761023,1.068936
12,7,35,0.766640,1.065632
12,7,36,0.721708,1.049111
12,7,37,0.850886,1.280411
12,7,38,0.777873,1.437364
12,7,39,0.744174,1.743011
12,7,40,0.696435,1.633969
12,7,41,0.699243,1.787619
12,7,42,0.676777,1.863617
12,7,43,0.752599,1.961094
12,7,44,0.724517,1.749619
12,7,45,0.811571,1.523276
12,7,46,0.918283,1.429104
12,7,47,1.098008,1.361366
12,8,0,1.241226,1.381191
12,8,1,1.406910,1.255629
12,8,2,1.308623,1.090414
12,8,3,1.210336,0.996242
12,8,4,1.176637,0.900418
12,8,5,1.215952,0.812854
12,8,6,1.039035,0.675726
12,8,7,0.800338,0.571641
12,8,8,0.637462,0.574946
12,8,9,0.505477,0.612945
12,8,10,0.353834,0.647640
12,8,11,0.258355,0.715378
12,8,12,0.188150,0.913635
12,8,13,0.171300,1.100327
12,8,14,0.171300,1.181282
12,8,15,0.199382,1.068936
12,8,16,0.174109,1.169717
12,8,17,0.174109,1.196151
12,8,18,0.146027,1.235803
12,8,19,0.168492,1.394409
12,8,20,0.131986,1.607535
12,8,21,0.185341,1.911529
12,8,22,0.154451,2.179176
12,8,23,0.190958,2.440215
12,8,24,0.342601,2.509605
12,8,25,0.339793,2.483171
12,8,26,0.505477,2.658298
12,8,27,0.623421,2.874729
12,8,28,0.721708,2.927597
12,8,29,0.752599,2.858207
12,8,30,0.904242,2.818556
12,8,31,1.069926,2.820208
12,8,32,1.126090,2.818556
12,8,33,1.314239,2.797078
12,8,34,1.437800,2.631864
12,8,35,1.620334,2.600473
12,8,36,1.710196,2.717775
12,8,37,1.864647,2.773948
12,8,38,1.884305,2.448476
12,8,39,2.123002,2.620299
12,8,40,2.108961,2.562474
12,8,41,1.932044,2.398911
12,8,42,1.993825,2.253523
12,8,43,2.047181,2.337782
12,8,44,2.019099,2.403868
12,8,45,1.915195,2.245262
12,8,46,1.811292,2.081700
12,8,47,1.881497,1.875182
12,9,0,1.808483,1.857009
12,9,1,1.704580,1.832226
12,9,2,1.853415,1.923094
12,9,3,2.179166,2.060222
12,9,4,2.111769,2.124656
12,9,5,2.176358,2.203959
12,9,6,2.176358,2.136221
12,9,7,2.134235,2.194046
12,9,8,2.181975,2.230393
12,9,9,2.266221,2.136221
12,9,10,2.350467,2.089961
12,9,11,2.325193,2.213871
12,9,12,2.159509,2.154394
12,9,13,1.979784,2.075091
12,9,14,1.985400,2.248566
12,9,15,2.069646,2.192394
12,9,16,2.035948,2.165959
12,9,17,2.117386,2.088309
12,9,18,2.044373,1.989180
12,9,19,2.041564,1.999093
12,9,20,2.013482,2.007354
12,9,21,1.873072,2.000745
12,9,22,1.698963,2.098221
12,9,23,1.668073,2.175872
12,9,24,1.648416,2.035440
12,9,25,1.659649,2.040396
12,9,26,1.592252,2.111439
12,9,27,1.510814,2.108134
12,9,28,1.384445,2.159351
12,9,29,1.260884,2.114743
12,9,30,1.263692,2.075091
12,9,31,1.154172,2.132916
12,9,32,1.078350,2.260131
12,9,33,1.123282,2.123004
12,9,34,1.092391,2.050309
12,9,35,1.123282,1.942920
12,9,36,1.235610,1.947876
12,9,37,1.297390,1.693446
12,9,38,1.328280,1.612491
12,9,39,1.477115,1.637274
12,9,40,1.505197,1.515015
12,9,41,1.479924,1.252324
12,9,42,1.547320,1.220934
12,9,43,1.592252,1.404321
12,9,44,1.623142,1.534841
12,9,45,1.696155,1.410930
12,9,46,1.822524,1.358061
12,9,47,2.159509,1.524928
12,10,0,2.232522,1.683534
12,10,1,2.372932,1.734750
12,10,2,2.190399,1.643882
12,10,3,2.131427,1.776054
12,10,4,2.131427,1.738054
12,10,5,1.965743,1.767793
12,10,6,1.999441,1.594318
12,10,7,2.165125,1.515015
12,10,8,2.083687,1.458842
12,10,9,2.049989,1.361366
12,10,10,1.988208,1.392756
12,10,11,1.926428,1.549710
12,10,12,1.805675,1.526580
12,10,13,1.623142,1.508406
12,10,14,1.572594,1.468755
12,10,15,1.603484,1.384496
12,10,16,1.704580,1.386148
12,10,17,1.794442,1.391104
12,10,18,1.814100,1.313454
12,10,19,1.853415,1.313454
12,10,20,1.979784,1.270498
12,10,21,2.092112,1.280411
12,10,22,1.895538,1.303541
12,10,23,1.870264,1.348149
12,10,24,1.878688,1.344844
12,10,25,1.898346,1.329975
12,10,26,1.805675,1.328323
12,10,27,1.946085,1.313454
12,10,28,1.968551,1.191195
12,10,29,1.878688,1.002851
12,10,30,1.738278,0.882244
12,10,31,1.566978,0.723639
12,10,32,1.530471,0.617901
12,10,33,1.625950,0.531990
12,10,34,1.676498,0.457644
12,10,35,1.780401,0.437818
12,10,36,1.802867,0.446079
12,10,37,1.926428,0.543555
12,10,38,2.033140,0.629466
12,10,39,2.005058,0.654249
12,10,40,1.889921,0.750073
12,10,41,1.856223,0.827724
12,10,42,1.825333,0.869027
12,10,43,1.887113,0.900418
12,10,44,1.898346,0.938417
12,10,45,1.844990,0.898766
12,10,46,1.800059,0.880592
12,10,47,1.833757,0.888853
12,11,0,1.825333,0.948330
12,11,1,1.687731,0.976416
12,11,2,1.345130,0.989634
12,11,3,1.075542,1.019372
12,11,4,0.977255,1.116849
12,11,5,1.008145,1.242411
12,11,6,0.932324,1.364670
12,11,7,0.954789,1.480320
12,11,8,0.867735,1.533189
12,11,9,0.769448,1.602579
12,11,10,0.673969,1.653795
12,11,11,0.561641,1.561275
12,11,12,0.536367,1.503450
12,11,13,0.595339,1.490233
12,11,14,0.704859,1.463799
12,11,15,0.786297,1.592666
12,11,16,0.808763,1.643882
12,11,17,0.825612,1.574492
12,11,18,0.873351,1.632317
12,11,19,1.078350,1.477016
12,11,20,0.963214,1.513363
12,11,21,0.881776,1.648839
12,11,22,0.957598,1.886747
12,11,23,1.036227,2.149438
12,11,24,1.053076,2.005701
12,11,25,1.120473,1.975963
12,11,26,1.069926,1.941268
12,11,27,0.893009,2.085004
12,11,28,0.966022,2.127960
12,11,29,1.005337,2.047005
12,11,30,1.142939,2.061874
12,11,31,1.103624,1.866921
12,11,32,1.064309,1.931355
12,11,33,1.041844,1.931355
12,11,34,1.053076,2.080048
12,11,35,1.109241,2.033788
12,11,36,1.162596,1.847096
12,11,37,1.311431,1.817357
12,11,38,1.221569,1.814053
12,11,39,1.179446,2.009006
12,11,40,1.221569,2.162655
12,11,41,1.280541,2.255175
12,11,42,1.333897,2.431954
12,11,43,1.364787,2.522822
12,11,44,1.401294,2.621951
12,11,45,1.404102,2.735949
12,11,46,1.561361,2.762383
12,11,47,1.676498,2.663254
12,12,0,1.676498,2.750818
12,12,1,1.755127,2.803686
12,12,2,1.777593,2.745861
12,12,3,1.901154,2.749166
12,12,4,1.934853,2.740905
12,12,5,2.041564,2.848294
12,12,6,1.993825,2.838381
12,12,7,2.094920,2.773948
12,12,8,2.151084,2.721079
12,12,9,2.302727,2.694645
12,12,10,2.243755,2.684732
12,12,11,2.235330,2.719427
12,12,12,2.210057,2.730992
12,12,13,2.013482,2.635168
12,12,14,1.909579,2.559169
12,12,15,1.985400,2.565778
12,12,16,2.030331,2.484823
12,12,17,2.038756,2.398911
12,12,18,2.047181,2.547604
12,12,19,1.976976,2.625255
12,12,20,1.853415,2.631864
12,12,21,1.923620,2.679776
12,12,22,1.951702,2.745861
12,12,23,1.889921,2.803686
12,12,24,1.898346,2.858207
12,12,25,1.943277,2.864816
12,12,26,1.926428,2.798730
12,12,27,2.086496,2.808643
12,12,28,2.285878,2.816904
12,12,29,2.333618,2.840034
12,12,30,2.347659,2.797078
12,12,31,2.210057,2.854903
12,12,32,2.134235,2.772296
12,12,33,2.128619,2.752470
12,12,34,2.100537,2.735949
12,12,35,2.165125,2.679776
12,12,36,2.257796,2.702906
12,12,37,2.302727,2.709514
12,12,38,2.361700,2.773948
12,12,39,2.336426,2.792121
12,12,40,2.224098,2.864816
12,12,41,2.184783,2.775600
12,12,42,2.153892,2.701254
12,12,43,2.137043,2.590560
12,12,44,2.151084,2.516214
12,12,45,2.137043,2.438563
12,12,46,2.249371,2.555865
12,12,47,2.297111,2.498040
12,13,0,2.316768,2.417085
12,13,1,2.381357,2.397259
12,13,2,2.358891,2.364216
12,13,3,2.308344,2.390651
12,13,4,2.294303,2.352651
12,13,5,2.288686,2.266740
12,13,6,2.212865,2.375781
12,13,7,2.159509,2.423694
12,13,8,2.021907,2.365869
12,13,9,2.108961,2.370825
12,13,10,2.145468,2.324565
12,13,11,2.106153,2.237001
12,13,12,2.033140,2.170916
12,13,13,1.918003,2.085004
12,13,14,1.847798,2.032136
12,13,15,1.847798,2.042049
12,13,16,1.859031,1.941268
12,13,17,1.912387,1.822314
12,13,18,1.895538,1.586057
12,13,19,1.912387,1.412582
12,13,20,1.822524,1.300236
12,13,21,1.743895,1.321714
12,13,22,1.771977,1.353105
12,13,23,1.833757,1.371279
12,13,24,1.788826,1.293628
12,13,25,1.819716,1.108588
12,13,26,1.774785,0.930156
12,13,27,1.976976,0.903722
12,13,28,2.106153,0.938417
12,13,29,2.083687,0.852506
12,13,30,1.909579,0.712074
12,13,31,1.550129,0.612945
12,13,32,1.390061,0.565033
12,13,33,1.311431,0.487382
12,13,34,1.207528,0.446079
12,13,35,1.154172,0.406427
12,13,36,1.120473,0.376689
12,13,37,1.103624,0.365124
12,13,38,0.946365,0.361819
12,13,39,0.631846,0.361819
12,13,40,0.328560,0.399819
12,13,41,0.255547,0.429557
12,13,42,0.196574,0.502251
12,13,43,0.179725,0.596424
12,13,44,0.143218,0.654249
12,13,45,0.134794,0.669118
12,13,46,0.131986,0.667466
12,13,47,0.129177,0.647640
12,14,0,0.078630,0.622858
12,14,1,0.075822,0.710421
12,14,2,0.089863,0.773203
12,14,3,0.106712,0.816159
12,14,4,0.089863,0.870679
12,14,5,0.103904,0.854158
12,14,6,0.120753,0.883896
12,14,7,0.185341,0.949982
12,14,8,0.252738,0.883896
12,14,9,0.365067,0.897114
12,14,10,0.454929,1.098675
12,14,11,0.598147,1.247368
12,14,12,0.657120,1.356409
12,14,13,0.707667,1.442321
12,14,14,0.741366,1.529884
12,14,15,0.811571,1.627361
12,14,16,0.848078,1.648839
12,14,17,0.940748,1.648839
12,14,18,0.968830,1.701707
12,14,19,0.968830,1.840487
12,14,20,0.935132,1.967702
12,14,21,0.943557,2.042049
12,14,22,0.912666,2.037092
12,14,23,0.932324,2.033788
12,14,24,0.893009,2.051961
12,14,25,0.898625,2.047005
12,14,26,0.848078,1.975963
12,14,27,0.915475,1.942920
12,14,28,0.991296,1.891704
12,14,29,1.058693,1.941268
12,14,30,1.061501,1.837183
12,14,31,1.162596,1.738054
12,14,32,1.142939,1.827270
12,14,33,1.156980,1.838835
12,14,34,1.142939,1.901616
12,14,35,1.215952,2.038744
12,14,36,1.258075,2.066831
12,14,37,1.359171,1.971006
12,14,38,1.398486,1.975963
12,14,39,1.499581,1.989180
12,14,40,1.544512,1.911529
12,14,41,1.558553,1.782662
12,14,42,1.449033,1.721533
12,14,43,1.446225,1.771097
12,14,44,1.415335,1.724837
12,14,45,1.401294,1.833879
12,14,46,1.488348,1.772749
12,14,47,1.508006,1.693446
12,15,0,1.479924,1.721533
12,15,1,1.496773,1.660404
12,15,2,1.547320,1.553014
12,15,3,1.687731,1.757880
12,15,4,1.878688,1.956137
12,15,5,2.055605,2.113091
12,15,6,2.187591,2.317956
12,15,7,2.274645,2.385694
12,15,8,2.403823,2.463345
12,15,9,2.496493,2.491431
12,15,10,2.474028,2.565778
12,15,11,2.468411,2.681428
12,15,12,2.347659,2.711166
12,15,13,2.145468,2.712819
12,15,14,2.134235,2.734296
12,15,15,2.249371,2.754122
12,15,16,2.291494,2.795426
12,15,17,2.319576,2.878033
12,15,18,2.288686,2.906119
12,15,19,2.384165,2.914380
12,15,20,2.426288,2.930901
12,15,21,2.406631,2.904467
12,15,22,2.288686,2.882989
12,15,23,2.316768,2.828469
12,15,24,2.322385,2.869772
12,15,25,2.336426,2.929249
12,15,26,2.297111,2.954031
12,15,27,2.440329,2.896206
12,15,28,2.535808,2.899511
12,15,29,2.561082,2.925945
12,15,30,2.516151,2.896206
12,15,31,2.378549,2.831773
12,15,32,2.305535,2.849946
12,15,33,2.333618,2.858207
12,15,34,2.353275,2.844990
12,15,35,2.367316,2.849946
12,15,36,2.336426,2.787165
12,15,37,2.325193,2.787165
12,15,38,2.406631,2.768991
12,15,39,2.465603,2.689689
12,15,40,2.403823,2.600473
12,15,41,2.375741,2.557517
12,15,42,2.409439,2.488127
12,15,43,2.434713,2.395607
12,15,44,2.403823,2.265088
12,15,45,2.333618,2.156046
12,15,46,2.263412,2.113091
12,15,47,2.367316,2.068483
12,16,0,2.339234,2.015614
12,16,1,2.386973,2.020571
12,16,2,2.401014,2.037092
12,16,3,2.386973,2.121351
12,16,4,2.347659,2.203959
12,16,5,2.336426,2.243610
12,16,6,2.308344,2.319609
12,16,7,2.339234,2.428650
12,16,8,2.342042,2.369173
12,16,9,2.392590,2.390651
12,16,10,2.342042,2.347695
12,16,11,2.288686,2.324565
12,16,12,2.153892,2.093265
12,16,13,1.929236,1.997441
12,16,14,1.909579,1.870226
12,16,15,1.951702,1.810749
12,16,16,1.968551,1.787619
12,16,17,2.114578,1.681881
12,16,18,2.139851,1.554666
12,16,19,2.176358,1.515015
12,16,20,2.229714,1.526580
12,16,21,2.277453,1.557971
12,16,22,2.162317,1.787619
12,16,23,2.167933,1.787619
12,16,24,2.151084,2.073439
12,16,25,2.193207,1.933007
12,16,26,2.201632,1.954485
12,16,27,2.364508,2.015614
12,16,28,2.420672,2.131264
12,16,29,2.457178,2.241958
12,16,30,2.406631,2.286566
12,16,31,2.308344,2.326217
12,16,32,2.274645,2.306391
12,16,33,2.319576,2.301435
12,16,34,2.330809,2.367521
12,16,35,2.339234,2.438563
12,16,36,2.358891,2.347695
12,16,37,2.395398,2.354304
12,16,38,2.476836,2.436911
12,16,39,2.530192,2.296479
12,16,40,2.468411,2.344391
12,16,41,2.485261,2.392303
12,16,42,2.434713,2.342739
12,16,43,2.409439,2.464997
12,16,44,2.403823,2.453432
12,16,45,2.443137,2.420389
12,16,46,2.434713,2.494736
12,16,47,2.474028,2.643429
12,17,0,2.392590,2.577343
12,17,1,2.431905,2.600473
12,17,2,2.440329,2.575691
12,17,3,2.468411,2.463345
12,17,4,2.445946,2.468301
12,17,5,2.482452,2.440215
12,17,6,2.448754,2.390651
12,17,7,2.443137,2.453432
12,17,8,2.401014,2.308044
12,17,9,2.417864,2.182481
12,17,10,2.386973,1.939616
12,17,11,2.342042,1.754576
12,17,12,2.240947,1.686838
12,17,13,2.016290,1.625709
12,17,14,1.934853,1.561275
12,17,15,2.005058,1.458842
12,17,16,2.013482,1.432408
12,17,17,2.027523,1.387800
12,17,18,1.996633,1.344844
12,17,19,2.024715,1.209369
12,17,20,2.069646,1.168065
12,17,21,2.041564,1.098675
12,17,22,1.912387,1.009459
12,17,23,1.923620,1.001199
12,17,24,1.878688,0.976416
12,17,25,1.864647,0.936765
12,17,26,1.839374,0.862419
12,17,27,1.999441,0.783116
12,17,28,2.086496,0.717030
12,17,29,2.128619,0.679031
12,17,30,2.013482,0.713726
12,17,31,1.887113,0.708769
12,17,32,1.878688,0.700509
12,17,33,1.985400,0.607989
12,17,34,2.047181,0.586511
12,17,35,2.061222,0.551816
12,17,36,2.069646,0.586511
12,17,37,2.123002,0.645988
12,17,38,2.162317,0.677379
12,17,39,2.260604,0.731899
12,17,40,2.215673,0.756681
12,17,41,2.184783,0.895461
12,17,42,2.089304,1.002851
12,17,43,2.080879,1.111892
12,17,44,2.055605,1.346496
12,17,45,1.932044,1.447277
12,17,46,1.979784,1.759532
12,17,47,2.092112,2.018919
12,18,0,2.120194,2.275001
12,18,1,2.111769,2.339434
12,18,2,2.207248,2.466649
12,18,3,2.313960,2.605429
12,18,4,2.325193,2.712819
12,18,5,2.375741,2.844990
12,18,6,2.297111,2.882989
12,18,7,2.271837,2.868120
12,18,8,2.151084,2.831773
12,18,9,1.996633,2.876381
12,18,10,1.985400,2.848294
12,18,11,2.086496,2.853251
12,18,12,2.016290,2.623603
12,18,13,1.735470,2.676471
12,18,14,1.687731,2.550909
12,18,15,1.724237,2.481519
12,18,16,1.774785,2.379086
12,18,17,1.802867,2.237001
12,18,18,1.760744,2.261784
12,18,19,1.839374,2.235349
12,18,20,1.870264,2.436911
12,18,21,1.856223,2.428650
12,18,22,1.620334,2.412129
12,18,23,1.606293,2.385694
12,18,24,1.586635,2.344391
12,18,25,1.561361,2.393955
12,18,26,1.524855,2.433606
12,18,27,1.670881,2.527779
12,18,28,1.746703,2.431954
12,18,29,1.752319,2.319609
12,18,30,1.648416,2.255175
12,18,31,1.550129,2.195698
12,18,32,1.510814,2.106482
12,18,33,1.519238,2.010658
12,18,34,1.429376,1.949529
12,18,35,1.491156,1.909877
12,18,36,1.516430,1.838835
12,18,37,1.611909,1.895008
12,18,38,1.797251,1.883443
12,18,39,1.856223,1.785966
12,18,40,1.760744,1.779358
12,18,41,1.645608,1.739706
12,18,42,1.566978,1.728141
12,18,43,1.564170,1.744663
12,18,44,1.499581,1.736402
12,18,45,1.426568,1.762836
12,18,46,1.280541,1.781010
12,18,47,1.145747,1.723185
12,19,0,1.027803,1.685186
12,19,1,0.859310,1.671969
12,19,2,0.783489,1.511711
12,19,3,0.848078,1.323366
12,19,4,0.873351,1.113544
12,19,5,0.907050,1.060676
12,19,6,0.901433,1.016068
12,19,7,0.988488,0.829376
12,19,8,0.943557,0.692248
12,19,9,0.873351,0.617901
12,19,10,0.724517,0.530338
12,19,11,0.699243,0.480774
12,19,12,0.718900,0.414688
12,19,13,0.567257,0.361819
12,19,14,0.412806,0.300690
12,19,15,0.373491,0.287473
12,19,16,0.322943,0.317211
12,19,17,0.320135,0.340341
12,19,18,0.303286,0.351906
12,19,19,0.303286,0.356863
12,19,20,0.160068,0.348602
12,19,21,0.115136,0.370080
12,19,22,0.129177,0.383297
12,19,23,0.160068,0.396514
12,19,24,0.154451,0.401471
12,19,25,0.213424,0.427905
12,19,26,0.230273,0.523729
12,19,27,0.283629,0.550164
12,19,28,0.379108,0.596424
12,19,29,0.485819,0.657553
12,19,30,0.541983,0.705465
12,19,31,0.614997,0.685639
12,19,32,0.659928,0.788072
12,19,33,0.752599,0.895461
12,19,34,0.825612,0.976416
12,19,35,0.974447,0.997894
12,19,36,1.148555,1.065632
12,19,37,1.294582,1.095371
12,19,38,1.272116,1.209369
12,19,39,1.263692,1.283715
12,19,40,1.229993,1.273802
12,19,41,1.249651,1.311801
12,19,42,1.196295,1.288671
12,19,43,1.215952,1.273802
12,19,44,1.171021,1.285367
12,19,45,1.199103,1.315106
12,19,46,1.272116,1.371279
12,19,47,1.376020,1.422495
12,20,0,1.342322,1.493537
12,20,1,1.432184,1.519971
12,20,2,1.701772,1.539797
12,20,3,1.864647,1.597622
12,20,4,2.002249,1.698403
12,20,5,2.114578,1.827270
12,20,6,2.097728,1.913181
12,20,7,2.131427,1.941268
12,20,8,2.142660,1.845444
12,20,9,2.103345,1.781010
12,20,10,1.968551,1.690142
12,20,11,1.696155,1.691794
12,20,12,1.586635,1.761184
12,20,13,1.370404,1.705011
12,20,14,1.370404,1.581101
12,20,15,1.373212,1.562927
12,20,16,1.249651,1.485276
12,20,17,1.179446,1.391104
12,20,18,1.075542,1.278759
12,20,19,1.050268,1.237455
12,20,20,1.103624,1.329975
12,20,21,1.140131,1.432408
12,20,22,1.061501,1.397713
12,20,23,1.131706,1.377887
12,20,24,1.227185,1.417539
12,20,25,1.356363,1.445625
12,20,26,1.356363,1.396061
12,20,27,1.533279,1.316758
12,20,28,1.634375,1.298584
12,20,29,1.682114,1.179630
12,20,30,1.648416,1.239107
12,20,31,1.550129,1.214325
12,20,32,1.508006,1.290324
12,20,33,1.589443,1.285367
12,20,34,1.592252,1.169717
12,20,35,1.645608,1.024329
12,20,36,1.519238,0.961547
12,20,37,1.544512,0.943374
12,20,38,1.508006,1.044154
12,20,39,1.229993,1.206064
12,20,40,0.949173,1.359714
12,20,41,0.859310,1.404321
12,20,42,0.929516,1.396061
12,20,43,0.907050,1.427451
12,20,44,0.895817,1.429104
12,20,45,0.895817,1.407626
12,20,46,0.957598,1.424147
12,20,47,0.982871,1.427451
12,21,0,0.932324,1.343192
12,21,1,0.991296,1.367974
12,21,2,0.864927,1.414234
12,21,3,0.690818,1.439016
12,21,4,0.539175,1.404321
12,21,5,0.564449,1.371279
12,21,6,0.648695,1.392756
12,21,7,0.699243,1.473711
12,21,8,0.718900,1.505102
12,21,9,0.744174,1.594318
12,21,10,0.864927,1.728141
12,21,11,0.884584,1.703359
12,21,12,0.741366,1.622404
12,21,13,0.620613,1.521624
12,21,14,0.550408,1.612491
12,21,15,0.502669,1.700055
12,21,16,0.457737,1.695099
12,21,17,0.480203,1.696751
12,21,18,0.502669,1.574492
12,21,19,0.480203,1.493537
12,21,20,0.457737,1.467103
12,21,21,0.516710,1.569536
12,21,22,0.648695,1.713272
12,21,23,0.755407,1.919790
12,21,24,0.769448,2.187437
12,21,25,0.803146,2.443519
12,21,26,0.769448,2.258479
12,21,27,0.704859,2.032136
12,21,28,0.811571,1.734750
12,21,29,0.960406,1.825618
12,21,30,1.022186,1.857009
12,21,31,0.999721,1.896660
12,21,32,0.918283,1.749619
12,21,33,0.985680,1.800836
12,21,34,1.058693,1.933007
12,21,35,1.151364,2.056918
12,21,36,1.156980,2.101526
12,21,37,1.151364,2.182481
12,21,38,1.095200,2.241958
12,21,39,1.179446,2.251871
12,21,40,1.249651,2.308044
12,21,41,1.252459,2.301435
12,21,42,1.207528,2.141177
12,21,43,1.277733,2.065179
12,21,44,1.300198,2.053614
12,21,45,1.376020,2.086656
12,21,46,1.477115,2.395607
12,21,47,1.463074,2.446824
12,22,0,1.479924,2.511257
12,22,1,1.569786,2.582299
12,22,2,1.625950,2.509605
12,22,3,1.637183,2.529431
12,22,4,1.575402,2.435259
12,22,5,1.479924,2.456736
12,22,6,1.291774,2.402216
12,22,7,1.218761,2.372477
12,22,8,1.190678,2.489779
12,22,9,1.123282,2.706210
12,22,10,1.140131,2.676471
12,22,11,1.162596,2.899511
12,22,12,0.960406,2.821860
12,22,13,0.949173,2.666559
12,22,14,0.856502,2.635168
12,22,15,0.817187,2.567430
12,22,16,0.786297,2.512909
12,22,17,0.842461,2.398911
12,22,18,0.839653,2.240306
12,22,19,0.853694,2.123004
12,22,20,0.724517,1.987528
12,22,21,0.822804,1.802488
12,22,22,0.777873,1.665360
12,22,23,0.775064,1.556319
12,22,24,0.786297,1.358061
12,22,25,0.769448,1.227542
12,22,26,0.732941,1.133370
12,22,27,0.643079,0.971460
12,22,28,0.648695,0.864071
12,22,29,0.614997,0.814506
12,22,30,0.530751,0.703813
12,22,31,0.440888,0.588163
12,22,32,0.421231,0.503904
12,22,33,0.454929,0.432861
12,22,34,0.485819,0.348602
12,22,35,0.567257,0.353559
12,22,36,0.609380,0.341994
12,22,37,0.629038,0.337037
12,22,38,0.547600,0.290777
12,22,39,0.539175,0.249474
12,22,40,0.468970,0.211474
12,22,41,0.435272,0.175127
12,22,42,0.365067,0.168519
12,22,43,0.286437,0.178431
12,22,44,0.160068,0.178431
12,22,45,0.171300,0.198257
12,22,46,0.160068,0.193301
12,22,47,0.168492,0.163562
12,23,0,0.146027,0.196605
12,23,1,0.117945,0.219735
12,23,2,0.112328,0.199909
12,23,3,0.126369,0.180084
12,23,4,0.092671,0.186692
12,23,5,0.146027,0.171823
12,23,6,0.140410,0.168519
12,23,7,0.230273,0.158606
12,23,8,0.266779,0.168519
12,23,9,0.342601,0.170171
12,23,10,0.351025,0.153649
12,23,11,0.393149,0.147041
12,23,12,0.393149,0.143736
12,23,13,0.381916,0.156954
12,23,14,0.398765,0.166866
12,23,15,0.438080,0.194953
12,23,16,0.502669,0.257734
12,23,17,0.575682,0.254430
12,23,18,0.570065,0.193301
12,23,19,0.567257,0.170171
12,23,20,0.395957,0.140432
12,23,21,0.348217,0.148693
12,23,22,0.289245,0.109041
12,23,23,0.272396,0.127215
12,23,24,0.255547,0.127215
12,23,25,0.272396,0.094172
12,23,26,0.261163,0.072694
12,23,27,0.255547,0.082607
12,23,28,0.263971,0.110694
12,23,29,0.252738,0.153649
12,23,30,0.381916,0.201561
12,23,31,0.612188,0.294081
12,23,32,0.797530,0.330429
12,23,33,0.960406,0.370080
12,23,34,1.109241,0.497295
12,23,35,1.260884,0.687291
12,23,36,1.286157,0.834332
12,23,37,1.449033,0.794681
12,23,38,1.533279,0.779811
12,23,39,1.662457,0.750073
12,23,40,1.670881,0.809550
12,23,41,1.654032,1.017720
12,23,42,1.603484,1.143283
12,23,43,1.586635,1.083806
12,23,44,1.566978,1.192847
12,23,45,1.555745,1.139979
12,23,46,1.623142,1.186239
12,23,47,1.743895,1.179630
12,24,0,1.887113,1.143283
12,24,1,1.828141,1.092066
12,24,2,1.710196,1.040850
12,24,3,1.707388,0.996242
12,24,4,1.687731,0.956591
12,24,5,1.637183,1.055719
12,24,6,1.713004,0.926852
12,24,7,1.718621,1.040850
12,24,8,1.786018,0.978069
12,24,9,1.805675,1.065632
12,24,10,1.825333,1.168065
12,24,11,1.881497,1.166413
12,24,12,1.749511,1.298584
12,24,13,1.566978,1.247368
12,24,14,1.502389,1.258933
12,24,15,1.519238,1.171369
12,24,16,1.530471,1.017720
12,24,17,1.550129,0.981373
12,24,18,1.572594,0.945026
12,24,19,1.654032,0.895461
12,24,20,1.547320,0.902070
12,24,21,1.314239,0.849201
12,24,22,0.988488,0.837636
12,24,23,0.761023,0.864071
12,24,24,0.685202,0.802941
12,24,25,0.662736,0.761638
12,24,26,0.623421,0.741812
12,24,27,0.508285,0.725291
12,24,28,0.407190,0.687291
12,24,29,0.345409,0.622858
12,24,30,0.280820,0.568337
12,24,31,0.193766,0.536946
12,24,32,0.165684,0.477469
12,24,33,0.190958,0.520425
12,24,34,0.179725,0.495643
12,24,35,0.168492,0.441122
12,24,36,0.126369,0.317211
12,24,37,0.148835,0.237909
12,24,38,0.109520,0.211474
12,24,39,0.087054,0.176779
12,24,40,0.064589,0.173475
12,24,41,0.073013,0.196605
12,24,42,0.070205,0.203214
12,24,43,0.098287,0.216431
12,24,44,0.101095,0.275908
12,24,45,0.106712,0.320516
12,24,46,0.089863,0.337037
12,24,47,0.126369,0.434514
12,25,0,0.140410,0.540251
12,25,1,0.168492,0.652596
12,25,2,0.193766,0.683987
12,25,3,0.241506,0.720334
12,25,4,0.252738,0.688944
12,25,5,0.314519,0.665814
12,25,6,0.336984,0.631119
12,25,7,0.353834,0.596424
12,25,8,0.365067,0.702161
12,25,9,0.342601,0.781464
12,25,10,0.345409,0.864071
12,25,11,0.314519,0.915287
12,25,12,0.269588,0.875636
12,25,13,0.263971,0.844245
12,25,14,0.227465,0.831028
12,25,15,0.255547,0.763290
12,25,16,0.235889,0.865723
12,25,17,0.249930,1.050763
12,25,18,0.238697,1.161456
12,25,19,0.278012,1.159804
12,25,20,0.202191,1.171369
12,25,21,0.261163,1.163109
12,25,22,0.241506,1.212673
12,25,23,0.345409,1.293628
12,25,24,0.351025,1.277106
12,25,25,0.438080,1.136674
12,25,26,0.426847,0.928504
12,25,27,0.457737,0.664161
12,25,28,0.533559,0.480774
12,25,29,0.699243,0.381645
12,25,30,0.864927,0.346950
12,25,31,0.867735,0.318864
12,25,32,0.800338,0.310603
12,25,33,0.859310,0.285821
12,25,34,0.901433,0.265995
12,25,35,0.915475,0.254430
12,25,36,0.937940,0.295734
12,25,37,1.013762,0.277560
12,25,38,0.954789,0.330429
12,25,39,0.980063,0.388254
12,25,40,0.977255,0.361819
12,25,41,1.033419,0.384949
12,25,42,1.002529,0.414688
12,25,43,1.098008,0.437818
12,25,44,1.053076,0.351906
12,25,45,1.061501,0.302342
12,25,46,1.112049,0.351906
12,25,47,1.404102,0.413036
12,26,0,1.609101,0.414688
12,26,1,1.668073,0.411384
12,26,2,1.651224,0.408079
12,26,3,1.510814,0.487382
12,26,4,1.294582,0.645988
12,26,5,1.437800,0.910331
12,26,6,1.482732,1.057371
12,26,7,1.597868,1.225890
12,26,8,1.755127,1.435712
12,26,9,1.830949,1.562927
12,26,10,1.920812,1.761184
12,26,11,1.732662,1.941268
12,26,12,1.631567,1.979267
12,26,13,1.533279,2.137873
12,26,14,1.558553,2.370825
12,26,15,1.547320,2.549256
12,26,16,1.454650,2.688036
12,26,17,1.367595,2.658298
12,26,18,1.376020,2.592212
12,26,19,1.437800,2.664906
12,26,20,1.280541,2.588908
12,26,21,1.227185,2.739253
12,26,22,1.235610,2.891250
12,26,23,1.328280,2.940814
12,26,24,1.409718,2.983770
12,26,25,1.443417,2.980466
12,26,26,1.460266,2.836729
12,26,27,1.735470,2.574039
12,26,28,2.111769,2.744209
12,26,29,2.165125,2.927597
12,26,30,2.075263,2.930901
12,26,31,1.993825,2.967249
12,26,32,1.923620,2.993683
12,26,33,1.979784,2.944119
12,26,34,2.024715,2.919336
12,26,35,2.010674,3.053160
12,26,36,2.019099,3.089507
12,26,37,2.092112,3.109333
12,26,38,1.920812,3.191940
12,26,39,1.873072,3.200201
12,26,40,1.771977,3.119246
12,26,41,1.727045,3.110985
12,26,42,1.662457,3.084551
12,26,43,1.698963,3.091159
12,26,44,1.690539,3.049856
12,26,45,1.687731,3.054812
12,26,46,1.769169,3.089507
12,26,47,1.828141,3.069681
12,27,0,1.769169,3.079594
12,27,1,1.802867,3.094464
12,27,2,1.794442,3.036639
12,27,3,1.929236,3.048204
12,27,4,2.114578,3.001944
12,27,5,2.364508,2.949075
12,27,6,2.530192,2.929249
12,27,7,2.614438,2.873076
12,27,8,2.563890,2.803686
12,27,9,2.533000,2.759079
12,27,10,2.496493,2.696297
12,27,11,2.459987,2.643429
12,27,12,2.434713,2.631864
12,27,13,2.142660,2.577343
12,27,14,2.033140,2.550909
12,27,15,1.991017,2.615342
12,27,16,2.049989,2.587256
12,27,17,2.114578,2.506301
12,27,18,2.151084,2.483171
12,27,19,2.263412,2.478214
12,27,20,2.285878,2.453432
12,27,21,2.263412,2.638472
12,27,22,2.013482,2.684732
12,27,23,2.052797,2.701254
12,27,24,2.066838,2.648385
12,27,25,2.058414,2.678124
12,27,26,2.092112,2.659950
12,27,27,2.190399,2.633516
12,27,28,2.240947,2.493084
12,27,29,2.269029,2.415433
12,27,30,2.173550,2.385694
12,27,31,2.038756,2.316304
12,27,32,1.962935,2.230393
12,27,33,2.033140,2.152742
12,27,34,2.035948,2.131264
12,27,35,2.106153,2.023875
12,27,36,2.108961,1.964398
12,27,37,2.142660,1.857009
12,27,38,2.299919,1.842139
12,27,39,2.395398,1.860313
12,27,40,2.328001,1.916486
12,27,41,2.358891,1.997441
12,27,42,2.316768,2.040396
12,27,43,2.269029,2.109786
12,27,44,2.196016,2.185785
12,27,45,2.179166,2.230393
12,27,46,2.181975,2.240306
12,27,47,2.207248,2.260131
12,28,0,2.218481,2.316304
12,28,1,2.196016,2.331174
12,28,2,2.125810,2.377434
12,28,3,2.187591,2.420389
12,28,4,2.196016,2.484823
12,28,5,2.288686,2.610386
12,28,6,2.311152,2.668211
12,28,7,2.364508,2.648385
12,28,8,2.370124,2.529431
12,28,9,2.386973,2.499692
12,28,10,2.288686,2.256827
12,28,11,2.243755,2.464997
12,28,12,2.162317,2.291522
12,28,13,1.954510,2.319609
12,28,14,1.996633,2.344391
12,28,15,2.120194,2.331174
12,28,16,2.170742,2.451780
12,28,17,2.294303,2.483171
12,28,18,2.322385,2.536039
12,28,19,2.381357,2.537691
12,28,20,2.437521,2.460041
12,28,21,2.454370,2.493084
12,28,22,2.266221,2.509605
12,28,23,2.238139,2.402216
12,28,24,2.134235,2.372477
12,28,25,2.108961,2.428650
12,28,26,2.024715,2.271696
12,28,27,2.041564,2.152742
12,28,28,2.075263,2.025527
12,28,29,2.078071,1.908225
12,28,30,1.873072,1.861965
12,28,31,1.656840,1.784314
12,28,32,1.620334,1.630665
12,28,33,1.670881,1.488581
12,28,34,1.693347,1.270498
12,28,35,1.690539,1.052415
12,28,36,1.741086,0.897114
12,28,37,1.786018,0.759986
12,28,38,1.884305,0.677379
12,28,39,1.870264,0.664161
12,28,40,1.710196,0.596424
12,28,41,1.617526,0.502251
12,28,42,1.572594,0.500599
12,28,43,1.555745,0.490686
12,28,44,1.496773,0.467556
12,28,45,1.401294,0.470861
12,28,46,1.314239,0.545207
12,28,47,1.395677,0.662509
12,29,0,1.446225,0.740160
12,29,1,1.488348,0.804594
12,29,2,1.493965,0.867375
12,29,3,1.524855,0.926852
12,29,4,1.547320,1.098675
12,29,5,1.617526,1.128414
12,29,6,1.541704,1.424147
12,29,7,1.505197,1.404321
12,29,8,1.401294,1.470407
12,29,9,1.339513,1.363018
12,29,10,1.505197,1.366322
12,29,11,1.814100,1.483624
12,29,12,1.800059,1.475364
12,29,13,1.679306,1.506754
12,29,14,1.738278,1.604231
12,29,15,1.791634,1.640578
12,29,16,1.791634,1.564579
12,29,17,1.825333,1.412582
12,29,18,1.766360,1.341540
12,29,19,1.777593,1.290324
12,29,20,1.527663,1.419191
12,29,21,1.350746,1.439016
12,29,22,1.370404,1.268846
12,29,23,1.395677,1.253976
12,29,24,1.319856,1.268846
12,29,25,1.345130,1.224238
12,29,26,1.286157,1.291976
12,29,27,1.353554,1.275454
12,29,28,1.238418,1.179630
12,29,29,1.218761,1.239107
12,29,30,1.179446,1.197804
12,29,31,1.162596,1.253976
12,29,32,1.134514,1.277106
12,29,33,1.193487,1.328323
12,29,34,1.196295,1.067284
12,29,35,1.303007,0.945026
12,29,36,1.364787,1.108588
12,29,37,1.423759,1.301889
12,29,38,1.370404,1.366322
12,29,39,1.376020,1.177978
12,29,40,1.258075,1.146587
12,29,41,1.044652,1.273802
12,29,42,0.890201,1.265541
12,29,43,0.766640,1.235803
12,29,44,0.556024,1.338236
12,29,45,0.348217,1.282063
12,29,46,0.280820,1.197804
12,29,47,0.238697,1.164761
12,30,0,0.129177,1.002851
12,30,1,0.089863,1.007807
12,30,2,0.078630,1.095371
12,30,3,0.073013,1.077197
12,30,4,0.033698,1.042502
12,30,5,0.050548,1.025981
12,30,6,0.044931,1.021024
12,30,7,0.025274,0.907026
12,30,8,0.022466,0.883896
12,30,9,0.030890,0.873984
12,30,10,0.036507,0.807898
12,30,11,0.047739,0.794681
12,30,12,0.039315,0.918591
12,30,13,0.042123,0.907026
12,30,14,0.036507,0.776507
12,30,15,0.050548,0.746769
12,30,16,0.039315,0.819463
12,30,17,0.058972,0.778159
12,30,18,0.050548,1.055719
12,30,19,0.073013,1.481972
12,30,20,0.081438,1.688490
12,30,21,0.176917,1.857009
12,30,22,0.182533,1.989180
12,30,23,0.235889,2.460041
12,30,24,0.306094,2.597169
12,30,25,0.339793,2.393955
12,30,26,0.452121,2.436911
12,30,27,0.505477,2.463345
12,30,28,0.592531,2.688036
12,30,29,0.710476,2.636820
12,30,30,0.878968,2.534387
12,30,31,1.024994,2.564126
12,30,32,1.072734,2.762383
12,30,33,1.185062,2.580647
12,30,34,1.224377,2.466649
12,30,35,1.317048,2.464997
12,30,36,1.291774,2.610386
12,30,37,1.415335,2.550909
12,30,38,1.420951,2.654994
12,30,39,1.443417,2.550909
12,30,40,1.620334,2.610386
12,30,41,1.642799,2.412129
12,30,42,1.581019,2.422041
12,30,43,1.673690,2.374129
12,30,44,1.670881,2.182481
12,30,45,1.637183,2.108134
12,30,46,1.679306,1.944572
12,30,47,1.859031,1.840487
12,31,0,1.867456,1.933007
12,31,1,1.915195,1.934659
12,31,2,2.151084,2.020571
12,31,3,2.224098,2.051961
12,31,4,2.156701,2.159351
12,31,5,2.075263,2.251871
12,31,6,2.229714,2.165959
12,31,7,2.431905,2.185785
12,31,8,2.468411,2.258479
12,31,9,2.457178,2.289870
12,31,10,2.468411,2.271696
12,31,11,2.406631,2.349347
12,31,12,2.285878,2.271696
12,31,13,2.148276,2.382390
12,31,14,2.061222,2.177524
12,31,15,2.117386,2.199002
12,31,16,2.114578,2.243610
12,31,17,2.142660,2.218828
12,31,18,2.176358,2.098221
12,31,19,2.246563,2.007354
12,31,20,2.277453,1.847096
12,31,21,2.240947,1.830574
12,31,22,2.021907,1.698403
12,31,23,2.005058,1.518319
12,31,24,1.993825,1.496841
12,31,25,2.019099,1.546406
12,31,26,1.968551,1.633969
12,31,27,2.137043,1.789271
12,31,28,2.263412,1.665360
12,31,29,2.232522,1.652143
12,31,30,2.120194,1.850400
12,31,31,2.041564,2.043701
12,31,32,2.021907,2.108134
12,31,33,2.041564,2.104830
12,31,34,2.086496,2.156046
12,31,35,2.162317,2.237001
12,31,36,2.181975,2.359260
12,31,37,2.305535,2.519518
12,31,38,2.409439,2.564126
12,31,39,2.448754,2.603777
12,31,40,2.356083,2.651689
12,31,41,2.364508,2.592212
12,31,42,2.339234,2.593864
12,31,43,2.330809,2.636820
12,31,44,2.271837,2.626907
12,31,45,2.277453,2.689689
12,31,46,2.280262,2.709514
12,31,47,2.288686,2.636820
